{"level":"info","msg":"{\"ev\":\"setup-done\",\"t\":1791351575662}","source":"console","time":"2026-10-07T05:39:35Z"}
{"level":"info","msg":"{\"ev\":\"req\",\"route\":\"problem_list\",\"status\":200,\"t\":1791351575669,\"ms\":4.7}","source":"console","time":"2026-10-07T05:39:35Z"}
{"level":"info","msg":"{\"ev\":\"req\",\"route\":\"submit\",\"status\":200,\"t\":1791351575678,\"ms\":13.5}","source":"console","time":"2026-10-07T05:39:35Z"}
{"level":"info","msg":"{\"ev\":\"accepted\",\"id\":\"7f419b17-fc78-49f2-9250-aa3779a1b093\",\"t\":1791351575678}","source":"console","time":"2026-10-07T05:39:35Z"}
{"level":"info","msg":"{\"ev\":\"req\",\"route\":\"problem_detail\",\"status\":200,\"t\":1791351575769,\"ms\":3.7}","source":"console","time":"2026-10-07T05:39:35Z"}
{"level":"info","msg":"{\"ev\":\"req\",\"route\":\"history\",\"status\":200,\"t\":1791351575868,\"ms\":3.5}","source":"console","time":"2026-10-07T05:39:35Z"}
{"level":"info","msg":"{\"ev\":\"req\",\"route\":\"problem_list\",\"status\":200,\"t\":1791351575970,\"ms\":5}","source":"console","time":"2026-10-07T05:39:35Z"}
{"level":"info","msg":"{\"ev\":\"req\",\"route\":\"problem_detail\",\"status\":200,\"t\":1791351576071,\"ms\":5.7}","source":"console","time":"2026-10-07T05:39:36Z"}
{"level":"info","msg":"{\"ev\":\"req\",\"route\":\"history\",\"status\":200,\"t\":1791351576168,\"ms\":3.3}","source":"console","time":"2026-10-07T05:39:36Z"}
{"level":"info","msg":"{\"ev\":\"req\",\"route\":\"problem_list\",\"status\":200,\"t\":1791351576268,\"ms\":3.5}","source":"console","time":"2026-10-07T05:39:36Z"}
{"level":"info","msg":"{\"ev\":\"req\",\"route\":\"problem_detail\",\"status\":200,\"t\":1791351576374,\"ms\":8.3}","source":"console","time":"2026-10-07T05:39:36Z"}
{"level":"info","msg":"{\"ev\":\"req\",\"route\":\"history\",\"status\":200,\"t\":1791351576468,\"ms\":3.1}","source":"console","time":"2026-10-07T05:39:36Z"}
{"level":"info","msg":"{\"ev\":\"req\",\"route\":\"problem_list\",\"status\":200,\"t\":1791351576569,\"ms\":4.4}","source":"console","time":"2026-10-07T05:39:36Z"}
{"level":"info","msg":"{\"ev\":\"req\",\"route\":\"problem_detail\",\"status\":200,\"t\":1791351576675,\"ms\":8.8}","source":"console","time":"2026-10-07T05:39:36Z"}
{"level":"info","msg":"{\"ev\":\"req\",\"route\":\"history\",\"status\":200,\"t\":1791351576775,\"ms\":8.2}","source":"console","time":"2026-10-07T05:39:36Z"}
{"level":"info","msg":"{\"ev\":\"req\",\"route\":\"problem_list\",\"status\":200,\"t\":1791351576875,\"ms\":8.4}","source":"console","time":"2026-10-07T05:39:36Z"}
{"level":"info","msg":"{\"ev\":\"req\",\"route\":\"problem_detail\",\"status\":200,\"t\":1791351576975,\"ms\":9}","source":"console","time":"2026-10-07T05:39:36Z"}
{"level":"info","msg":"{\"ev\":\"req\",\"route\":\"history\",\"status\":200,\"t\":1791351577074,\"ms\":8.2}","source":"console","time":"2026-10-07T05:39:37Z"}
{"level":"info","msg":"{\"ev\":\"req\",\"route\":\"problem_list\",\"status\":200,\"t\":1791351577175,\"ms\":8.8}","source":"console","time":"2026-10-07T05:39:37Z"}
{"level":"info","msg":"{\"ev\":\"req\",\"route\":\"problem_detail\",\"status\":200,\"t\":1791351577274,\"ms\":8.1}","source":"console","time":"2026-10-07T05:39:37Z"}
{"level":"info","msg":"{\"ev\":\"req\",\"route\":\"submit\",\"status\":200,\"t\":1791351577353,\"ms\":20.1}","source":"console","time":"2026-10-07T05:39:37Z"}
{"level":"info","msg":"{\"ev\":\"accepted\",\"id\":\"49544cb7-074c-455f-a6a3-2dd913eba5f0\",\"t\":1791351577353}","source":"console","time":"2026-10-07T05:39:37Z"}
{"level":"info","msg":"{\"ev\":\"req\",\"route\":\"history\",\"status\":200,\"t\":1791351577369,\"ms\":4.1}","source":"console","time":"2026-10-07T05:39:37Z"}
{"level":"info","msg":"{\"ev\":\"req\",\"route\":\"problem_list\",\"status\":200,\"t\":1791351577471,\"ms\":5.1}","source":"console","time":"2026-10-07T05:39:37Z"}
{"level":"info","msg":"{\"ev\":\"req\",\"route\":\"problem_detail\",\"status\":200,\"t\":1791351577569,\"ms\":3.9}","source":"console","time":"2026-10-07T05:39:37Z"}
{"level":"info","msg":"{\"ev\":\"req\",\"route\":\"history\",\"status\":200,\"t\":1791351577668,\"ms\":4.3}","source":"console","time":"2026-10-07T05:39:37Z"}
{"level":"info","msg":"{\"ev\":\"req\",\"route\":\"problem_list\",\"status\":200,\"t\":1791351577769,\"ms\":4.5}","source":"console","time":"2026-10-07T05:39:37Z"}
{"level":"info","msg":"{\"ev\":\"req\",\"route\":\"problem_detail\",\"status\":200,\"t\":1791351577868,\"ms\":4.5}","source":"console","time":"2026-10-07T05:39:37Z"}
{"level":"info","msg":"{\"ev\":\"req\",\"route\":\"history\",\"status\":200,\"t\":1791351577968,\"ms\":4.2}","source":"console","time":"2026-10-07T05:39:37Z"}
{"level":"info","msg":"{\"ev\":\"req\",\"route\":\"problem_list\",\"status\":200,\"t\":1791351578068,\"ms\":4.2}","source":"console","time":"2026-10-07T05:39:38Z"}
{"level":"info","msg":"{\"ev\":\"req\",\"route\":\"problem_detail\",\"status\":200,\"t\":1791351578167,\"ms\":3.3}","source":"console","time":"2026-10-07T05:39:38Z"}
{"level":"info","msg":"{\"ev\":\"req\",\"route\":\"history\",\"status\":200,\"t\":1791351578268,\"ms\":3.7}","source":"console","time":"2026-10-07T05:39:38Z"}
{"level":"info","msg":"{\"ev\":\"req\",\"route\":\"problem_list\",\"status\":200,\"t\":1791351578368,\"ms\":4.2}","source":"console","time":"2026-10-07T05:39:38Z"}
{"level":"info","msg":"{\"ev\":\"req\",\"route\":\"problem_detail\",\"status\":200,\"t\":1791351578467,\"ms\":3.2}","source":"console","time":"2026-10-07T05:39:38Z"}
{"level":"info","msg":"{\"ev\":\"req\",\"route\":\"history\",\"status\":200,\"t\":1791351578572,\"ms\":7.4}","source":"console","time":"2026-10-07T05:39:38Z"}
{"level":"info","msg":"{\"ev\":\"req\",\"route\":\"problem_list\",\"status\":200,\"t\":1791351578673,\"ms\":9}","source":"console","time":"2026-10-07T05:39:38Z"}
{"level":"info","msg":"{\"ev\":\"req\",\"route\":\"problem_detail\",\"status\":200,\"t\":1791351578767,\"ms\":3.3}","source":"console","time":"2026-10-07T05:39:38Z"}
{"level":"info","msg":"{\"ev\":\"req\",\"route\":\"history\",\"status\":200,\"t\":1791351578873,\"ms\":8.6}","source":"console","time":"2026-10-07T05:39:38Z"}
{"level":"info","msg":"{\"ev\":\"req\",\"route\":\"problem_list\",\"status\":200,\"t\":1791351578973,\"ms\":9.4}","source":"console","time":"2026-10-07T05:39:38Z"}
{"level":"info","msg":"{\"ev\":\"req\",\"route\":\"submit\",\"status\":200,\"t\":1791351579022,\"ms\":22.1}","source":"console","time":"2026-10-07T05:39:39Z"}
{"level":"info","msg":"{\"ev\":\"accepted\",\"id\":\"f30f36ae-5cbc-4489-81eb-85f0192447bb\",\"t\":1791351579022}","source":"console","time":"2026-10-07T05:39:39Z"}
{"level":"info","msg":"{\"ev\":\"req\",\"route\":\"problem_detail\",\"status\":200,\"t\":1791351579068,\"ms\":3.5}","source":"console","time":"2026-10-07T05:39:39Z"}
{"level":"info","msg":"{\"ev\":\"req\",\"route\":\"history\",\"status\":200,\"t\":1791351579167,\"ms\":3.5}","source":"console","time":"2026-10-07T05:39:39Z"}
{"level":"info","msg":"{\"ev\":\"req\",\"route\":\"problem_list\",\"status\":200,\"t\":1791351579268,\"ms\":4.4}","source":"console","time":"2026-10-07T05:39:39Z"}
{"level":"info","msg":"{\"ev\":\"req\",\"route\":\"problem_detail\",\"status\":200,\"t\":1791351579368,\"ms\":3.8}","source":"console","time":"2026-10-07T05:39:39Z"}
{"level":"info","msg":"{\"ev\":\"req\",\"route\":\"history\",\"status\":200,\"t\":1791351579467,\"ms\":3.9}","source":"console","time":"2026-10-07T05:39:39Z"}
{"level":"info","msg":"{\"ev\":\"req\",\"route\":\"problem_list\",\"status\":200,\"t\":1791351579568,\"ms\":4}","source":"console","time":"2026-10-07T05:39:39Z"}
{"level":"info","msg":"{\"ev\":\"req\",\"route\":\"problem_detail\",\"status\":200,\"t\":1791351579668,\"ms\":3.8}","source":"console","time":"2026-10-07T05:39:39Z"}
{"level":"info","msg":"{\"ev\":\"req\",\"route\":\"history\",\"status\":200,\"t\":1791351579777,\"ms\":13.8}","source":"console","time":"2026-10-07T05:39:39Z"}
{"level":"info","msg":"{\"ev\":\"req\",\"route\":\"problem_list\",\"status\":200,\"t\":1791351579873,\"ms\":8.5}","source":"console","time":"2026-10-07T05:39:39Z"}
{"level":"info","msg":"{\"ev\":\"req\",\"route\":\"problem_detail\",\"status\":200,\"t\":1791351579972,\"ms\":8.3}","source":"console","time":"2026-10-07T05:39:39Z"}
{"level":"info","msg":"{\"ev\":\"req\",\"route\":\"history\",\"status\":200,\"t\":1791351580073,\"ms\":9.3}","source":"console","time":"2026-10-07T05:39:40Z"}
{"level":"info","msg":"{\"ev\":\"req\",\"route\":\"problem_list\",\"status\":200,\"t\":1791351580173,\"ms\":8.6}","source":"console","time":"2026-10-07T05:39:40Z"}
{"level":"info","msg":"{\"ev\":\"req\",\"route\":\"problem_detail\",\"status\":200,\"t\":1791351580273,\"ms\":8.7}","source":"console","time":"2026-10-07T05:39:40Z"}
{"level":"info","msg":"{\"ev\":\"req\",\"route\":\"history\",\"status\":200,\"t\":1791351580373,\"ms\":8.9}","source":"console","time":"2026-10-07T05:39:40Z"}
{"level":"info","msg":"{\"ev\":\"req\",\"route\":\"problem_list\",\"status\":200,\"t\":1791351580475,\"ms\":11.9}","source":"console","time":"2026-10-07T05:39:40Z"}
{"level":"info","msg":"{\"ev\":\"req\",\"route\":\"problem_detail\",\"status\":200,\"t\":1791351580567,\"ms\":3.4}","source":"console","time":"2026-10-07T05:39:40Z"}
{"level":"info","msg":"{\"ev\":\"req\",\"route\":\"history\",\"status\":200,\"t\":1791351580672,\"ms\":7.8}","source":"console","time":"2026-10-07T05:39:40Z"}
{"level":"info","msg":"{\"ev\":\"req\",\"route\":\"submit\",\"status\":200,\"t\":1791351580686,\"ms\":20}","source":"console","time":"2026-10-07T05:39:40Z"}
{"level":"info","msg":"{\"ev\":\"accepted\",\"id\":\"d2b54950-7295-4bc2-98f6-a193e56d2497\",\"t\":1791351580686}","source":"console","time":"2026-10-07T05:39:40Z"}
{"level":"info","msg":"{\"ev\":\"req\",\"route\":\"problem_list\",\"status\":200,\"t\":1791351580768,\"ms\":4.9}","source":"console","time":"2026-10-07T05:39:40Z"}
{"level":"info","msg":"{\"ev\":\"req\",\"route\":\"problem_detail\",\"status\":200,\"t\":1791351580868,\"ms\":4.5}","source":"console","time":"2026-10-07T05:39:40Z"}
{"level":"info","msg":"{\"ev\":\"req\",\"route\":\"history\",\"status\":200,\"t\":1791351580970,\"ms\":6.1}","source":"console","time":"2026-10-07T05:39:40Z"}
{"level":"info","msg":"{\"ev\":\"req\",\"route\":\"problem_list\",\"status\":200,\"t\":1791351581067,\"ms\":3.9}","source":"console","time":"2026-10-07T05:39:41Z"}
{"level":"info","msg":"{\"ev\":\"req\",\"route\":\"problem_detail\",\"status\":200,\"t\":1791351581167,\"ms\":3.2}","source":"console","time":"2026-10-07T05:39:41Z"}
{"level":"info","msg":"{\"ev\":\"req\",\"route\":\"history\",\"status\":200,\"t\":1791351581267,\"ms\":3.5}","source":"console","time":"2026-10-07T05:39:41Z"}
{"level":"info","msg":"{\"ev\":\"req\",\"route\":\"problem_list\",\"status\":200,\"t\":1791351581372,\"ms\":7.7}","source":"console","time":"2026-10-07T05:39:41Z"}
{"level":"info","msg":"{\"ev\":\"req\",\"route\":\"problem_detail\",\"status\":200,\"t\":1791351581467,\"ms\":3.3}","source":"console","time":"2026-10-07T05:39:41Z"}
{"level":"info","msg":"{\"ev\":\"req\",\"route\":\"history\",\"status\":200,\"t\":1791351581573,\"ms\":8.3}","source":"console","time":"2026-10-07T05:39:41Z"}
{"level":"info","msg":"{\"ev\":\"req\",\"route\":\"problem_list\",\"status\":200,\"t\":1791351581672,\"ms\":7.7}","source":"console","time":"2026-10-07T05:39:41Z"}
{"level":"info","msg":"{\"ev\":\"req\",\"route\":\"problem_detail\",\"status\":200,\"t\":1791351581773,\"ms\":8.7}","source":"console","time":"2026-10-07T05:39:41Z"}
{"level":"info","msg":"{\"ev\":\"req\",\"route\":\"history\",\"status\":200,\"t\":1791351581872,\"ms\":8.3}","source":"console","time":"2026-10-07T05:39:41Z"}
{"level":"info","msg":"{\"ev\":\"req\",\"route\":\"problem_list\",\"status\":200,\"t\":1791351581972,\"ms\":8.7}","source":"console","time":"2026-10-07T05:39:41Z"}
{"level":"info","msg":"{\"ev\":\"req\",\"route\":\"problem_detail\",\"status\":200,\"t\":1791351582072,\"ms\":8.2}","source":"console","time":"2026-10-07T05:39:42Z"}
{"level":"info","msg":"{\"ev\":\"req\",\"route\":\"history\",\"status\":200,\"t\":1791351582173,\"ms\":9}","source":"console","time":"2026-10-07T05:39:42Z"}
{"level":"info","msg":"{\"ev\":\"req\",\"route\":\"problem_list\",\"status\":200,\"t\":1791351582272,\"ms\":8.4}","source":"console","time":"2026-10-07T05:39:42Z"}
{"level":"info","msg":"{\"ev\":\"req\",\"route\":\"submit\",\"status\":200,\"t\":1791351582350,\"ms\":17.2}","source":"console","time":"2026-10-07T05:39:42Z"}
{"level":"info","msg":"{\"ev\":\"accepted\",\"id\":\"25a328ff-0bce-4daf-988e-02ab443da7af\",\"t\":1791351582350}","source":"console","time":"2026-10-07T05:39:42Z"}
{"level":"info","msg":"{\"ev\":\"req\",\"route\":\"problem_detail\",\"status\":200,\"t\":1791351582367,\"ms\":3.9}","source":"console","time":"2026-10-07T05:39:42Z"}
{"level":"info","msg":"{\"ev\":\"req\",\"route\":\"history\",\"status\":200,\"t\":1791351582468,\"ms\":3.8}","source":"console","time":"2026-10-07T05:39:42Z"}
{"level":"info","msg":"{\"ev\":\"req\",\"route\":\"problem_list\",\"status\":200,\"t\":1791351582567,\"ms\":3.4}","source":"console","time":"2026-10-07T05:39:42Z"}
{"level":"info","msg":"{\"ev\":\"req\",\"route\":\"problem_detail\",\"status\":200,\"t\":1791351582667,\"ms\":3.3}","source":"console","time":"2026-10-07T05:39:42Z"}
{"level":"info","msg":"{\"ev\":\"req\",\"route\":\"history\",\"status\":200,\"t\":1791351582768,\"ms\":3.9}","source":"console","time":"2026-10-07T05:39:42Z"}
{"level":"info","msg":"{\"ev\":\"req\",\"route\":\"problem_list\",\"status\":200,\"t\":1791351582867,\"ms\":3.7}","source":"console","time":"2026-10-07T05:39:42Z"}
{"level":"info","msg":"{\"ev\":\"req\",\"route\":\"problem_detail\",\"status\":200,\"t\":1791351582968,\"ms\":3.9}","source":"console","time":"2026-10-07T05:39:42Z"}
{"level":"info","msg":"{\"ev\":\"req\",\"route\":\"history\",\"status\":200,\"t\":1791351583072,\"ms\":8}","source":"console","time":"2026-10-07T05:39:43Z"}
{"level":"info","msg":"{\"ev\":\"req\",\"route\":\"problem_list\",\"status\":200,\"t\":1791351583168,\"ms\":4.4}","source":"console","time":"2026-10-07T05:39:43Z"}
{"level":"info","msg":"{\"ev\":\"req\",\"route\":\"problem_detail\",\"status\":200,\"t\":1791351583273,\"ms\":8.6}","source":"console","time":"2026-10-07T05:39:43Z"}
{"level":"info","msg":"{\"ev\":\"req\",\"route\":\"history\",\"status\":200,\"t\":1791351583374,\"ms\":9.6}","source":"console","time":"2026-10-07T05:39:43Z"}
{"level":"info","msg":"{\"ev\":\"req\",\"route\":\"problem_list\",\"status\":200,\"t\":1791351583472,\"ms\":8.2}","source":"console","time":"2026-10-07T05:39:43Z"}
{"level":"info","msg":"{\"ev\":\"req\",\"route\":\"problem_detail\",\"status\":200,\"t\":1791351583571,\"ms\":7.6}","source":"console","time":"2026-10-07T05:39:43Z"}
{"level":"info","msg":"{\"ev\":\"req\",\"route\":\"history\",\"status\":200,\"t\":1791351583675,\"ms\":10.2}","source":"console","time":"2026-10-07T05:39:43Z"}
{"level":"info","msg":"{\"ev\":\"req\",\"route\":\"problem_list\",\"status\":200,\"t\":1791351583769,\"ms\":5.3}","source":"console","time":"2026-10-07T05:39:43Z"}
{"level":"info","msg":"{\"ev\":\"req\",\"route\":\"problem_detail\",\"status\":200,\"t\":1791351583873,\"ms\":8.3}","source":"console","time":"2026-10-07T05:39:43Z"}
{"level":"info","msg":"{\"ev\":\"req\",\"route\":\"history\",\"status\":200,\"t\":1791351583973,\"ms\":8.5}","source":"console","time":"2026-10-07T05:39:43Z"}
{"level":"info","msg":"{\"ev\":\"req\",\"route\":\"submit\",\"status\":200,\"t\":1791351584023,\"ms\":23.7}","source":"console","time":"2026-10-07T05:39:44Z"}
{"level":"info","msg":"{\"ev\":\"accepted\",\"id\":\"e87b337c-216d-446f-86e0-e9c33edc83c3\",\"t\":1791351584023}","source":"console","time":"2026-10-07T05:39:44Z"}
{"level":"info","msg":"{\"ev\":\"req\",\"route\":\"problem_list\",\"status\":200,\"t\":1791351584068,\"ms\":5.1}","source":"console","time":"2026-10-07T05:39:44Z"}
{"level":"info","msg":"{\"ev\":\"req\",\"route\":\"problem_detail\",\"status\":200,\"t\":1791351584169,\"ms\":4.9}","source":"console","time":"2026-10-07T05:39:44Z"}
{"level":"info","msg":"{\"ev\":\"req\",\"route\":\"history\",\"status\":200,\"t\":1791351584268,\"ms\":4.8}","source":"console","time":"2026-10-07T05:39:44Z"}
{"level":"info","msg":"{\"ev\":\"req\",\"route\":\"problem_list\",\"status\":200,\"t\":1791351584368,\"ms\":4.7}","source":"console","time":"2026-10-07T05:39:44Z"}
{"level":"info","msg":"{\"ev\":\"req\",\"route\":\"problem_detail\",\"status\":200,\"t\":1791351584467,\"ms\":3}","source":"console","time":"2026-10-07T05:39:44Z"}
{"level":"info","msg":"{\"ev\":\"req\",\"route\":\"history\",\"status\":200,\"t\":1791351584566,\"ms\":2.8}","source":"console","time":"2026-10-07T05:39:44Z"}
{"level":"info","msg":"{\"ev\":\"req\",\"route\":\"problem_list\",\"status\":200,\"t\":1791351584667,\"ms\":3.3}","source":"console","time":"2026-10-07T05:39:44Z"}
{"level":"info","msg":"{\"ev\":\"req\",\"route\":\"problem_detail\",\"status\":200,\"t\":1791351584772,\"ms\":8.2}","source":"console","time":"2026-10-07T05:39:44Z"}
{"level":"info","msg":"{\"ev\":\"req\",\"route\":\"history\",\"status\":200,\"t\":1791351584872,\"ms\":8}","source":"console","time":"2026-10-07T05:39:44Z"}
{"level":"info","msg":"{\"ev\":\"req\",\"route\":\"problem_list\",\"status\":200,\"t\":1791351584973,\"ms\":8.9}","source":"console","time":"2026-10-07T05:39:44Z"}
{"level":"info","msg":"{\"ev\":\"req\",\"route\":\"problem_detail\",\"status\":200,\"t\":1791351585071,\"ms\":7.7}","source":"console","time":"2026-10-07T05:39:45Z"}
{"level":"info","msg":"{\"ev\":\"req\",\"route\":\"history\",\"status\":200,\"t\":1791351585172,\"ms\":7.9}","source":"console","time":"2026-10-07T05:39:45Z"}
{"level":"info","msg":"{\"ev\":\"req\",\"route\":\"problem_list\",\"status\":200,\"t\":1791351585272,\"ms\":7.7}","source":"console","time":"2026-10-07T05:39:45Z"}
{"level":"info","msg":"{\"ev\":\"req\",\"route\":\"problem_detail\",\"status\":200,\"t\":1791351585372,\"ms\":8.4}","source":"console","time":"2026-10-07T05:39:45Z"}
{"level":"info","msg":"{\"ev\":\"req\",\"route\":\"history\",\"status\":200,\"t\":1791351585473,\"ms\":8.5}","source":"console","time":"2026-10-07T05:39:45Z"}
{"level":"info","msg":"{\"ev\":\"req\",\"route\":\"problem_list\",\"status\":200,\"t\":1791351585567,\"ms\":3.3}","source":"console","time":"2026-10-07T05:39:45Z"}
{"level":"info","msg":"{\"ev\":\"req\",\"route\":\"problem_detail\",\"status\":200,\"t\":1791351585672,\"ms\":7.5}","source":"console","time":"2026-10-07T05:39:45Z"}
{"level":"info","msg":"{\"ev\":\"req\",\"route\":\"submit\",\"status\":200,\"t\":1791351585686,\"ms\":19.3}","source":"console","time":"2026-10-07T05:39:45Z"}
{"level":"info","msg":"{\"ev\":\"accepted\",\"id\":\"5b947664-7b6b-4ab5-9668-fcbc91df4f8b\",\"t\":1791351585686}","source":"console","time":"2026-10-07T05:39:45Z"}
{"level":"info","msg":"{\"ev\":\"req\",\"route\":\"history\",\"status\":200,\"t\":1791351585768,\"ms\":4.4}","source":"console","time":"2026-10-07T05:39:45Z"}
{"level":"info","msg":"{\"ev\":\"req\",\"route\":\"problem_list\",\"status\":200,\"t\":1791351585868,\"ms\":4.1}","source":"console","time":"2026-10-07T05:39:45Z"}
{"level":"info","msg":"{\"ev\":\"req\",\"route\":\"problem_detail\",\"status\":200,\"t\":1791351585969,\"ms\":5.2}","source":"console","time":"2026-10-07T05:39:45Z"}
{"level":"info","msg":"{\"ev\":\"req\",\"route\":\"history\",\"status\":200,\"t\":1791351586068,\"ms\":3.5}","source":"console","time":"2026-10-07T05:39:46Z"}
{"level":"info","msg":"{\"ev\":\"req\",\"route\":\"problem_list\",\"status\":200,\"t\":1791351586167,\"ms\":3.5}","source":"console","time":"2026-10-07T05:39:46Z"}
{"level":"info","msg":"{\"ev\":\"req\",\"route\":\"problem_detail\",\"status\":200,\"t\":1791351586267,\"ms\":3.1}","source":"console","time":"2026-10-07T05:39:46Z"}
{"level":"info","msg":"{\"ev\":\"req\",\"route\":\"history\",\"status\":200,\"t\":1791351586369,\"ms\":4.7}","source":"console","time":"2026-10-07T05:39:46Z"}
{"level":"info","msg":"{\"ev\":\"req\",\"route\":\"problem_list\",\"status\":200,\"t\":1791351586468,\"ms\":3.7}","source":"console","time":"2026-10-07T05:39:46Z"}
{"level":"info","msg":"{\"ev\":\"req\",\"route\":\"problem_detail\",\"status\":200,\"t\":1791351586572,\"ms\":7.8}","source":"console","time":"2026-10-07T05:39:46Z"}
{"level":"info","msg":"{\"ev\":\"req\",\"route\":\"history\",\"status\":200,\"t\":1791351586667,\"ms\":3.4}","source":"console","time":"2026-10-07T05:39:46Z"}
{"level":"info","msg":"{\"ev\":\"req\",\"route\":\"problem_list\",\"status\":200,\"t\":1791351586772,\"ms\":7.8}","source":"console","time":"2026-10-07T05:39:46Z"}
{"level":"info","msg":"{\"ev\":\"req\",\"route\":\"problem_detail\",\"status\":200,\"t\":1791351586872,\"ms\":8.1}","source":"console","time":"2026-10-07T05:39:46Z"}
{"level":"info","msg":"{\"ev\":\"req\",\"route\":\"history\",\"status\":200,\"t\":1791351586973,\"ms\":8.7}","source":"console","time":"2026-10-07T05:39:46Z"}
{"level":"info","msg":"{\"ev\":\"req\",\"route\":\"problem_list\",\"status\":200,\"t\":1791351587073,\"ms\":8.9}","source":"console","time":"2026-10-07T05:39:47Z"}
{"level":"info","msg":"{\"ev\":\"req\",\"route\":\"problem_detail\",\"status\":200,\"t\":1791351587173,\"ms\":8.6}","source":"console","time":"2026-10-07T05:39:47Z"}
{"level":"info","msg":"{\"ev\":\"req\",\"route\":\"history\",\"status\":200,\"t\":1791351587273,\"ms\":8.9}","source":"console","time":"2026-10-07T05:39:47Z"}
{"level":"info","msg":"{\"ev\":\"req\",\"route\":\"submit\",\"status\":200,\"t\":1791351587353,\"ms\":19.6}","source":"console","time":"2026-10-07T05:39:47Z"}
{"level":"info","msg":"{\"ev\":\"accepted\",\"id\":\"db9b0382-d62e-4d5b-a78e-81b5a485a3fb\",\"t\":1791351587353}","source":"console","time":"2026-10-07T05:39:47Z"}
{"level":"info","msg":"{\"ev\":\"req\",\"route\":\"problem_list\",\"status\":200,\"t\":1791351587367,\"ms\":3.3}","source":"console","time":"2026-10-07T05:39:47Z"}
{"level":"info","msg":"{\"ev\":\"req\",\"route\":\"problem_detail\",\"status\":200,\"t\":1791351587470,\"ms\":4.8}","source":"console","time":"2026-10-07T05:39:47Z"}
{"level":"info","msg":"{\"ev\":\"req\",\"route\":\"history\",\"status\":200,\"t\":1791351587572,\"ms\":8.2}","source":"console","time":"2026-10-07T05:39:47Z"}
{"level":"info","msg":"{\"ev\":\"req\",\"route\":\"problem_list\",\"status\":200,\"t\":1791351587667,\"ms\":3.9}","source":"console","time":"2026-10-07T05:39:47Z"}
{"level":"info","msg":"{\"ev\":\"req\",\"route\":\"problem_detail\",\"status\":200,\"t\":1791351587768,\"ms\":3.7}","source":"console","time":"2026-10-07T05:39:47Z"}
{"level":"info","msg":"{\"ev\":\"req\",\"route\":\"history\",\"status\":200,\"t\":1791351587867,\"ms\":3.8}","source":"console","time":"2026-10-07T05:39:47Z"}
{"level":"info","msg":"{\"ev\":\"req\",\"route\":\"problem_list\",\"status\":200,\"t\":1791351587967,\"ms\":3.2}","source":"console","time":"2026-10-07T05:39:47Z"}
{"level":"info","msg":"{\"ev\":\"req\",\"route\":\"problem_detail\",\"status\":200,\"t\":1791351588071,\"ms\":7.6}","source":"console","time":"2026-10-07T05:39:48Z"}
{"level":"info","msg":"{\"ev\":\"req\",\"route\":\"history\",\"status\":200,\"t\":1791351588171,\"ms\":7.9}","source":"console","time":"2026-10-07T05:39:48Z"}
{"level":"info","msg":"{\"ev\":\"req\",\"route\":\"problem_list\",\"status\":200,\"t\":1791351588271,\"ms\":7.8}","source":"console","time":"2026-10-07T05:39:48Z"}
{"level":"info","msg":"{\"ev\":\"req\",\"route\":\"problem_detail\",\"status\":200,\"t\":1791351588371,\"ms\":7.8}","source":"console","time":"2026-10-07T05:39:48Z"}
{"level":"info","msg":"{\"ev\":\"req\",\"route\":\"history\",\"status\":200,\"t\":1791351588471,\"ms\":8}","source":"console","time":"2026-10-07T05:39:48Z"}
{"level":"info","msg":"{\"ev\":\"req\",\"route\":\"problem_list\",\"status\":200,\"t\":1791351588573,\"ms\":8.8}","source":"console","time":"2026-10-07T05:39:48Z"}
{"level":"info","msg":"{\"ev\":\"req\",\"route\":\"problem_detail\",\"status\":200,\"t\":1791351588672,\"ms\":7.6}","source":"console","time":"2026-10-07T05:39:48Z"}
{"level":"info","msg":"{\"ev\":\"req\",\"route\":\"history\",\"status\":200,\"t\":1791351588767,\"ms\":3.4}","source":"console","time":"2026-10-07T05:39:48Z"}
{"level":"info","msg":"{\"ev\":\"req\",\"route\":\"problem_list\",\"status\":200,\"t\":1791351588867,\"ms\":3.6}","source":"console","time":"2026-10-07T05:39:48Z"}
{"level":"info","msg":"{\"ev\":\"req\",\"route\":\"problem_detail\",\"status\":200,\"t\":1791351588967,\"ms\":3.9}","source":"console","time":"2026-10-07T05:39:48Z"}
{"level":"info","msg":"{\"ev\":\"req\",\"route\":\"submit\",\"status\":200,\"t\":1791351589014,\"ms\":15.8}","source":"console","time":"2026-10-07T05:39:49Z"}
{"level":"info","msg":"{\"ev\":\"accepted\",\"id\":\"13d0a104-aeb6-414f-95e9-f16af8e60c46\",\"t\":1791351589014}","source":"console","time":"2026-10-07T05:39:49Z"}
{"level":"info","msg":"{\"ev\":\"req\",\"route\":\"history\",\"status\":200,\"t\":1791351589068,\"ms\":4}","source":"console","time":"2026-10-07T05:39:49Z"}
{"level":"info","msg":"{\"ev\":\"req\",\"route\":\"problem_list\",\"status\":200,\"t\":1791351589168,\"ms\":4.1}","source":"console","time":"2026-10-07T05:39:49Z"}
{"level":"info","msg":"{\"ev\":\"req\",\"route\":\"problem_detail\",\"status\":200,\"t\":1791351589268,\"ms\":4.4}","source":"console","time":"2026-10-07T05:39:49Z"}
{"level":"info","msg":"{\"ev\":\"req\",\"route\":\"history\",\"status\":200,\"t\":1791351589368,\"ms\":4.2}","source":"console","time":"2026-10-07T05:39:49Z"}
{"level":"info","msg":"{\"ev\":\"req\",\"route\":\"problem_list\",\"status\":200,\"t\":1791351589467,\"ms\":3.4}","source":"console","time":"2026-10-07T05:39:49Z"}
{"level":"info","msg":"{\"ev\":\"req\",\"route\":\"problem_detail\",\"status\":200,\"t\":1791351589567,\"ms\":4.1}","source":"console","time":"2026-10-07T05:39:49Z"}
{"level":"info","msg":"{\"ev\":\"req\",\"route\":\"history\",\"status\":200,\"t\":1791351589667,\"ms\":3.9}","source":"console","time":"2026-10-07T05:39:49Z"}
{"level":"info","msg":"{\"ev\":\"req\",\"route\":\"problem_list\",\"status\":200,\"t\":1791351589770,\"ms\":6.5}","source":"console","time":"2026-10-07T05:39:49Z"}
{"level":"info","msg":"{\"ev\":\"req\",\"route\":\"problem_detail\",\"status\":200,\"t\":1791351589872,\"ms\":7.8}","source":"console","time":"2026-10-07T05:39:49Z"}
{"level":"info","msg":"{\"ev\":\"req\",\"route\":\"history\",\"status\":200,\"t\":1791351589973,\"ms\":8.4}","source":"console","time":"2026-10-07T05:39:49Z"}
{"level":"info","msg":"{\"ev\":\"req\",\"route\":\"problem_list\",\"status\":200,\"t\":1791351590072,\"ms\":8.1}","source":"console","time":"2026-10-07T05:39:50Z"}
{"level":"info","msg":"{\"ev\":\"req\",\"route\":\"problem_detail\",\"status\":200,\"t\":1791351590171,\"ms\":7.9}","source":"console","time":"2026-10-07T05:39:50Z"}
{"level":"info","msg":"{\"ev\":\"req\",\"route\":\"history\",\"status\":200,\"t\":1791351590268,\"ms\":3.8}","source":"console","time":"2026-10-07T05:39:50Z"}
{"level":"info","msg":"{\"ev\":\"req\",\"route\":\"problem_list\",\"status\":200,\"t\":1791351590373,\"ms\":8.6}","source":"console","time":"2026-10-07T05:39:50Z"}
{"level":"info","msg":"{\"ev\":\"req\",\"route\":\"problem_detail\",\"status\":200,\"t\":1791351590472,\"ms\":7.7}","source":"console","time":"2026-10-07T05:39:50Z"}
{"level":"info","msg":"{\"ev\":\"req\",\"route\":\"history\",\"status\":200,\"t\":1791351590567,\"ms\":3.4}","source":"console","time":"2026-10-07T05:39:50Z"}
{"level":"info","msg":"{\"ev\":\"req\",\"route\":\"problem_list\",\"status\":200,\"t\":1791351590668,\"ms\":4.6}","source":"console","time":"2026-10-07T05:39:50Z"}
{"level":"info","msg":"{\"ev\":\"req\",\"route\":\"submit\",\"status\":200,\"t\":1791351590679,\"ms\":14.5}","source":"console","time":"2026-10-07T05:39:50Z"}
{"level":"info","msg":"{\"ev\":\"accepted\",\"id\":\"915e0796-ca1d-4abd-a2c8-1da3d4c00457\",\"t\":1791351590679}","source":"console","time":"2026-10-07T05:39:50Z"}
{"level":"info","msg":"{\"ev\":\"req\",\"route\":\"problem_detail\",\"status\":200,\"t\":1791351590768,\"ms\":4.4}","source":"console","time":"2026-10-07T05:39:50Z"}
{"level":"info","msg":"{\"ev\":\"req\",\"route\":\"history\",\"status\":200,\"t\":1791351590867,\"ms\":3.4}","source":"console","time":"2026-10-07T05:39:50Z"}
{"level":"info","msg":"{\"ev\":\"req\",\"route\":\"problem_list\",\"status\":200,\"t\":1791351590969,\"ms\":4.7}","source":"console","time":"2026-10-07T05:39:50Z"}
{"level":"info","msg":"{\"ev\":\"req\",\"route\":\"problem_detail\",\"status\":200,\"t\":1791351591067,\"ms\":3.5}","source":"console","time":"2026-10-07T05:39:51Z"}
{"level":"info","msg":"{\"ev\":\"req\",\"route\":\"history\",\"status\":200,\"t\":1791351591167,\"ms\":3.3}","source":"console","time":"2026-10-07T05:39:51Z"}
{"level":"info","msg":"{\"ev\":\"req\",\"route\":\"problem_list\",\"status\":200,\"t\":1791351591272,\"ms\":7.7}","source":"console","time":"2026-10-07T05:39:51Z"}
{"level":"info","msg":"{\"ev\":\"req\",\"route\":\"problem_detail\",\"status\":200,\"t\":1791351591367,\"ms\":3.4}","source":"console","time":"2026-10-07T05:39:51Z"}
{"level":"info","msg":"{\"ev\":\"req\",\"route\":\"history\",\"status\":200,\"t\":1791351591473,\"ms\":9.2}","source":"console","time":"2026-10-07T05:39:51Z"}
{"level":"info","msg":"{\"ev\":\"req\",\"route\":\"problem_list\",\"status\":200,\"t\":1791351591575,\"ms\":10.7}","source":"console","time":"2026-10-07T05:39:51Z"}
{"level":"info","msg":"{\"ev\":\"req\",\"route\":\"problem_detail\",\"status\":200,\"t\":1791351591667,\"ms\":3.2}","source":"console","time":"2026-10-07T05:39:51Z"}
{"level":"info","msg":"{\"ev\":\"req\",\"route\":\"history\",\"status\":200,\"t\":1791351591774,\"ms\":9.3}","source":"console","time":"2026-10-07T05:39:51Z"}
{"level":"info","msg":"{\"ev\":\"req\",\"route\":\"problem_list\",\"status\":200,\"t\":1791351591872,\"ms\":8.3}","source":"console","time":"2026-10-07T05:39:51Z"}
{"level":"info","msg":"{\"ev\":\"req\",\"route\":\"problem_detail\",\"status\":200,\"t\":1791351591972,\"ms\":7.6}","source":"console","time":"2026-10-07T05:39:51Z"}
{"level":"info","msg":"{\"ev\":\"req\",\"route\":\"history\",\"status\":200,\"t\":1791351592073,\"ms\":8.8}","source":"console","time":"2026-10-07T05:39:52Z"}
{"level":"info","msg":"{\"ev\":\"req\",\"route\":\"problem_list\",\"status\":200,\"t\":1791351592172,\"ms\":8.2}","source":"console","time":"2026-10-07T05:39:52Z"}
{"level":"info","msg":"{\"ev\":\"req\",\"route\":\"problem_detail\",\"status\":200,\"t\":1791351592269,\"ms\":4.5}","source":"console","time":"2026-10-07T05:39:52Z"}
{"level":"info","msg":"{\"ev\":\"req\",\"route\":\"submit\",\"status\":200,\"t\":1791351592351,\"ms\":20.4}","source":"console","time":"2026-10-07T05:39:52Z"}
{"level":"info","msg":"{\"ev\":\"accepted\",\"id\":\"b50b6ce8-56b8-4d57-806b-47d51fd97fd1\",\"t\":1791351592352}","source":"console","time":"2026-10-07T05:39:52Z"}
{"level":"info","msg":"{\"ev\":\"req\",\"route\":\"history\",\"status\":200,\"t\":1791351592367,\"ms\":3.4}","source":"console","time":"2026-10-07T05:39:52Z"}
{"level":"info","msg":"{\"ev\":\"req\",\"route\":\"problem_list\",\"status\":200,\"t\":1791351592468,\"ms\":3.8}","source":"console","time":"2026-10-07T05:39:52Z"}
{"level":"info","msg":"{\"ev\":\"req\",\"route\":\"problem_detail\",\"status\":200,\"t\":1791351592567,\"ms\":3.3}","source":"console","time":"2026-10-07T05:39:52Z"}
{"level":"info","msg":"{\"ev\":\"req\",\"route\":\"history\",\"status\":200,\"t\":1791351592667,\"ms\":3.4}","source":"console","time":"2026-10-07T05:39:52Z"}
{"level":"info","msg":"{\"ev\":\"req\",\"route\":\"problem_list\",\"status\":200,\"t\":1791351592768,\"ms\":4.2}","source":"console","time":"2026-10-07T05:39:52Z"}
{"level":"info","msg":"{\"ev\":\"req\",\"route\":\"problem_detail\",\"status\":200,\"t\":1791351592869,\"ms\":5.1}","source":"console","time":"2026-10-07T05:39:52Z"}
{"level":"info","msg":"{\"ev\":\"req\",\"route\":\"history\",\"status\":200,\"t\":1791351592967,\"ms\":3.6}","source":"console","time":"2026-10-07T05:39:52Z"}
{"level":"info","msg":"{\"ev\":\"req\",\"route\":\"problem_list\",\"status\":200,\"t\":1791351593073,\"ms\":9.1}","source":"console","time":"2026-10-07T05:39:53Z"}
{"level":"info","msg":"{\"ev\":\"req\",\"route\":\"problem_detail\",\"status\":200,\"t\":1791351593170,\"ms\":6.1}","source":"console","time":"2026-10-07T05:39:53Z"}
{"level":"info","msg":"{\"ev\":\"req\",\"route\":\"history\",\"status\":200,\"t\":1791351593267,\"ms\":3.6}","source":"console","time":"2026-10-07T05:39:53Z"}
{"level":"info","msg":"{\"ev\":\"req\",\"route\":\"problem_list\",\"status\":200,\"t\":1791351593373,\"ms\":9}","source":"console","time":"2026-10-07T05:39:53Z"}
{"level":"info","msg":"{\"ev\":\"req\",\"route\":\"problem_detail\",\"status\":200,\"t\":1791351593472,\"ms\":8.2}","source":"console","time":"2026-10-07T05:39:53Z"}
{"level":"info","msg":"{\"ev\":\"req\",\"route\":\"history\",\"status\":200,\"t\":1791351593578,\"ms\":14.2}","source":"console","time":"2026-10-07T05:39:53Z"}
{"level":"info","msg":"{\"ev\":\"req\",\"route\":\"problem_list\",\"status\":200,\"t\":1791351593668,\"ms\":4.3}","source":"console","time":"2026-10-07T05:39:53Z"}
{"level":"info","msg":"{\"ev\":\"req\",\"route\":\"problem_detail\",\"status\":200,\"t\":1791351593772,\"ms\":7.8}","source":"console","time":"2026-10-07T05:39:53Z"}
{"level":"info","msg":"{\"ev\":\"req\",\"route\":\"history\",\"status\":200,\"t\":1791351593871,\"ms\":7}","source":"console","time":"2026-10-07T05:39:53Z"}
{"level":"info","msg":"{\"ev\":\"req\",\"route\":\"problem_list\",\"status\":200,\"t\":1791351593972,\"ms\":8.5}","source":"console","time":"2026-10-07T05:39:53Z"}
{"level":"info","msg":"{\"ev\":\"req\",\"route\":\"submit\",\"status\":200,\"t\":1791351594022,\"ms\":24.1}","source":"console","time":"2026-10-07T05:39:54Z"}
{"level":"info","msg":"{\"ev\":\"accepted\",\"id\":\"7184cdda-7173-4d40-97f8-7018b799cbf6\",\"t\":1791351594022}","source":"console","time":"2026-10-07T05:39:54Z"}
{"level":"info","msg":"{\"ev\":\"req\",\"route\":\"problem_detail\",\"status\":200,\"t\":1791351594074,\"ms\":10.6}","source":"console","time":"2026-10-07T05:39:54Z"}
{"level":"info","msg":"{\"ev\":\"req\",\"route\":\"history\",\"status\":200,\"t\":1791351594170,\"ms\":5.5}","source":"console","time":"2026-10-07T05:39:54Z"}
{"level":"info","msg":"{\"ev\":\"req\",\"route\":\"problem_list\",\"status\":200,\"t\":1791351594271,\"ms\":7.3}","source":"console","time":"2026-10-07T05:39:54Z"}
{"level":"info","msg":"{\"ev\":\"req\",\"route\":\"problem_detail\",\"status\":200,\"t\":1791351594368,\"ms\":4.3}","source":"console","time":"2026-10-07T05:39:54Z"}
{"level":"info","msg":"{\"ev\":\"req\",\"route\":\"history\",\"status\":200,\"t\":1791351594467,\"ms\":3.4}","source":"console","time":"2026-10-07T05:39:54Z"}
{"level":"info","msg":"{\"ev\":\"req\",\"route\":\"problem_list\",\"status\":200,\"t\":1791351594572,\"ms\":7.9}","source":"console","time":"2026-10-07T05:39:54Z"}
{"level":"info","msg":"{\"ev\":\"req\",\"route\":\"problem_detail\",\"status\":200,\"t\":1791351594671,\"ms\":7.4}","source":"console","time":"2026-10-07T05:39:54Z"}
{"level":"info","msg":"{\"ev\":\"req\",\"route\":\"history\",\"status\":200,\"t\":1791351594771,\"ms\":6.6}","source":"console","time":"2026-10-07T05:39:54Z"}
{"level":"info","msg":"{\"ev\":\"req\",\"route\":\"problem_list\",\"status\":200,\"t\":1791351594868,\"ms\":4.1}","source":"console","time":"2026-10-07T05:39:54Z"}
{"level":"info","msg":"{\"ev\":\"req\",\"route\":\"problem_detail\",\"status\":200,\"t\":1791351594972,\"ms\":8.4}","source":"console","time":"2026-10-07T05:39:54Z"}
{"level":"info","msg":"{\"ev\":\"req\",\"route\":\"history\",\"status\":200,\"t\":1791351595072,\"ms\":8.2}","source":"console","time":"2026-10-07T05:39:55Z"}
{"level":"info","msg":"{\"ev\":\"req\",\"route\":\"problem_list\",\"status\":200,\"t\":1791351595173,\"ms\":9.5}","source":"console","time":"2026-10-07T05:39:55Z"}
{"level":"info","msg":"{\"ev\":\"req\",\"route\":\"problem_detail\",\"status\":200,\"t\":1791351595273,\"ms\":8.4}","source":"console","time":"2026-10-07T05:39:55Z"}
{"level":"info","msg":"{\"ev\":\"req\",\"route\":\"history\",\"status\":200,\"t\":1791351595373,\"ms\":8.6}","source":"console","time":"2026-10-07T05:39:55Z"}
{"level":"info","msg":"{\"ev\":\"req\",\"route\":\"problem_list\",\"status\":200,\"t\":1791351595473,\"ms\":8.7}","source":"console","time":"2026-10-07T05:39:55Z"}
{"level":"info","msg":"{\"ev\":\"req\",\"route\":\"problem_detail\",\"status\":200,\"t\":1791351595572,\"ms\":8.4}","source":"console","time":"2026-10-07T05:39:55Z"}
{"level":"info","msg":"{\"ev\":\"req\",\"route\":\"history\",\"status\":200,\"t\":1791351595674,\"ms\":10.2}","source":"console","time":"2026-10-07T05:39:55Z"}
{"level":"info","msg":"{\"ev\":\"req\",\"route\":\"submit\",\"status\":200,\"t\":1791351595688,\"ms\":24.2}","source":"console","time":"2026-10-07T05:39:55Z"}
{"level":"info","msg":"{\"ev\":\"accepted\",\"id\":\"01f3b738-e8ef-4806-b09b-beb8d66ba225\",\"t\":1791351595689}","source":"console","time":"2026-10-07T05:39:55Z"}
{"level":"info","msg":"{\"ev\":\"req\",\"route\":\"problem_list\",\"status\":200,\"t\":1791351595768,\"ms\":4.3}","source":"console","time":"2026-10-07T05:39:55Z"}
{"level":"info","msg":"{\"ev\":\"req\",\"route\":\"problem_detail\",\"status\":200,\"t\":1791351595867,\"ms\":3.5}","source":"console","time":"2026-10-07T05:39:55Z"}
{"level":"info","msg":"{\"ev\":\"req\",\"route\":\"history\",\"status\":200,\"t\":1791351595967,\"ms\":3.6}","source":"console","time":"2026-10-07T05:39:55Z"}
{"level":"info","msg":"{\"ev\":\"req\",\"route\":\"problem_list\",\"status\":200,\"t\":1791351596067,\"ms\":3.8}","source":"console","time":"2026-10-07T05:39:56Z"}
{"level":"info","msg":"{\"ev\":\"req\",\"route\":\"problem_detail\",\"status\":200,\"t\":1791351596167,\"ms\":3.3}","source":"console","time":"2026-10-07T05:39:56Z"}
{"level":"info","msg":"{\"ev\":\"req\",\"route\":\"history\",\"status\":200,\"t\":1791351596267,\"ms\":3.4}","source":"console","time":"2026-10-07T05:39:56Z"}
{"level":"info","msg":"{\"ev\":\"req\",\"route\":\"problem_list\",\"status\":200,\"t\":1791351596372,\"ms\":8.4}","source":"console","time":"2026-10-07T05:39:56Z"}
{"level":"info","msg":"{\"ev\":\"req\",\"route\":\"problem_detail\",\"status\":200,\"t\":1791351596472,\"ms\":8.5}","source":"console","time":"2026-10-07T05:39:56Z"}
{"level":"info","msg":"{\"ev\":\"req\",\"route\":\"history\",\"status\":200,\"t\":1791351596567,\"ms\":3.3}","source":"console","time":"2026-10-07T05:39:56Z"}
{"level":"info","msg":"{\"ev\":\"req\",\"route\":\"problem_list\",\"status\":200,\"t\":1791351596672,\"ms\":8.7}","source":"console","time":"2026-10-07T05:39:56Z"}
{"level":"info","msg":"{\"ev\":\"req\",\"route\":\"problem_detail\",\"status\":200,\"t\":1791351596767,\"ms\":3}","source":"console","time":"2026-10-07T05:39:56Z"}
{"level":"info","msg":"{\"ev\":\"req\",\"route\":\"history\",\"status\":200,\"t\":1791351596872,\"ms\":7.6}","source":"console","time":"2026-10-07T05:39:56Z"}
{"level":"info","msg":"{\"ev\":\"req\",\"route\":\"problem_list\",\"status\":200,\"t\":1791351596973,\"ms\":8.4}","source":"console","time":"2026-10-07T05:39:56Z"}
{"level":"info","msg":"{\"ev\":\"req\",\"route\":\"problem_detail\",\"status\":200,\"t\":1791351597073,\"ms\":8.3}","source":"console","time":"2026-10-07T05:39:57Z"}
{"level":"info","msg":"{\"ev\":\"req\",\"route\":\"history\",\"status\":200,\"t\":1791351597172,\"ms\":8.6}","source":"console","time":"2026-10-07T05:39:57Z"}
{"level":"info","msg":"{\"ev\":\"req\",\"route\":\"problem_list\",\"status\":200,\"t\":1791351597272,\"ms\":8.9}","source":"console","time":"2026-10-07T05:39:57Z"}
{"level":"info","msg":"{\"ev\":\"req\",\"route\":\"submit\",\"status\":200,\"t\":1791351597352,\"ms\":21.4}","source":"console","time":"2026-10-07T05:39:57Z"}
{"level":"info","msg":"{\"ev\":\"accepted\",\"id\":\"05da91b2-372a-4809-9578-4f99e4839de5\",\"t\":1791351597352}","source":"console","time":"2026-10-07T05:39:57Z"}
{"level":"info","msg":"{\"ev\":\"req\",\"route\":\"problem_detail\",\"status\":200,\"t\":1791351597367,\"ms\":3.9}","source":"console","time":"2026-10-07T05:39:57Z"}
{"level":"info","msg":"{\"ev\":\"req\",\"route\":\"history\",\"status\":200,\"t\":1791351597469,\"ms\":4.9}","source":"console","time":"2026-10-07T05:39:57Z"}
{"level":"info","msg":"{\"ev\":\"req\",\"route\":\"problem_list\",\"status\":200,\"t\":1791351597569,\"ms\":5.1}","source":"console","time":"2026-10-07T05:39:57Z"}
{"level":"info","msg":"{\"ev\":\"req\",\"route\":\"problem_detail\",\"status\":200,\"t\":1791351597667,\"ms\":3.7}","source":"console","time":"2026-10-07T05:39:57Z"}
{"level":"info","msg":"{\"ev\":\"req\",\"route\":\"history\",\"status\":200,\"t\":1791351597769,\"ms\":5.6}","source":"console","time":"2026-10-07T05:39:57Z"}
{"level":"info","msg":"{\"ev\":\"req\",\"route\":\"problem_list\",\"status\":200,\"t\":1791351597872,\"ms\":8.4}","source":"console","time":"2026-10-07T05:39:57Z"}
{"level":"info","msg":"{\"ev\":\"req\",\"route\":\"problem_detail\",\"status\":200,\"t\":1791351597972,\"ms\":7.7}","source":"console","time":"2026-10-07T05:39:57Z"}
{"level":"info","msg":"{\"ev\":\"req\",\"route\":\"history\",\"status\":200,\"t\":1791351598073,\"ms\":8.3}","source":"console","time":"2026-10-07T05:39:58Z"}
{"level":"info","msg":"{\"ev\":\"req\",\"route\":\"problem_list\",\"status\":200,\"t\":1791351598173,\"ms\":9.3}","source":"console","time":"2026-10-07T05:39:58Z"}
{"level":"info","msg":"{\"ev\":\"req\",\"route\":\"problem_detail\",\"status\":200,\"t\":1791351598267,\"ms\":3.1}","source":"console","time":"2026-10-07T05:39:58Z"}
{"level":"info","msg":"{\"ev\":\"req\",\"route\":\"history\",\"status\":200,\"t\":1791351598373,\"ms\":9.3}","source":"console","time":"2026-10-07T05:39:58Z"}
{"level":"info","msg":"{\"ev\":\"req\",\"route\":\"problem_list\",\"status\":200,\"t\":1791351598473,\"ms\":9.1}","source":"console","time":"2026-10-07T05:39:58Z"}
{"level":"info","msg":"{\"ev\":\"req\",\"route\":\"problem_detail\",\"status\":200,\"t\":1791351598572,\"ms\":8}","source":"console","time":"2026-10-07T05:39:58Z"}
{"level":"info","msg":"{\"ev\":\"req\",\"route\":\"history\",\"status\":200,\"t\":1791351598673,\"ms\":8.4}","source":"console","time":"2026-10-07T05:39:58Z"}
{"level":"info","msg":"{\"ev\":\"req\",\"route\":\"problem_list\",\"status\":200,\"t\":1791351598772,\"ms\":8.3}","source":"console","time":"2026-10-07T05:39:58Z"}
{"level":"info","msg":"{\"ev\":\"req\",\"route\":\"problem_detail\",\"status\":200,\"t\":1791351598869,\"ms\":5.1}","source":"console","time":"2026-10-07T05:39:58Z"}
{"level":"info","msg":"{\"ev\":\"req\",\"route\":\"history\",\"status\":200,\"t\":1791351598973,\"ms\":8.2}","source":"console","time":"2026-10-07T05:39:58Z"}
{"level":"info","msg":"{\"ev\":\"req\",\"route\":\"submit\",\"status\":200,\"t\":1791351599020,\"ms\":21.8}","source":"console","time":"2026-10-07T05:39:59Z"}
{"level":"info","msg":"{\"ev\":\"accepted\",\"id\":\"fbe86dd4-5c9a-4b27-b79d-db167982024b\",\"t\":1791351599020}","source":"console","time":"2026-10-07T05:39:59Z"}
{"level":"info","msg":"{\"ev\":\"req\",\"route\":\"problem_list\",\"status\":200,\"t\":1791351599069,\"ms\":4.4}","source":"console","time":"2026-10-07T05:39:59Z"}
{"level":"info","msg":"{\"ev\":\"req\",\"route\":\"problem_detail\",\"status\":200,\"t\":1791351599168,\"ms\":3.4}","source":"console","time":"2026-10-07T05:39:59Z"}
{"level":"info","msg":"{\"ev\":\"req\",\"route\":\"history\",\"status\":200,\"t\":1791351599267,\"ms\":3.2}","source":"console","time":"2026-10-07T05:39:59Z"}
{"level":"info","msg":"{\"ev\":\"req\",\"route\":\"problem_list\",\"status\":200,\"t\":1791351599368,\"ms\":4.2}","source":"console","time":"2026-10-07T05:39:59Z"}
{"level":"info","msg":"{\"ev\":\"req\",\"route\":\"problem_detail\",\"status\":200,\"t\":1791351599467,\"ms\":3.3}","source":"console","time":"2026-10-07T05:39:59Z"}
{"level":"info","msg":"{\"ev\":\"req\",\"route\":\"history\",\"status\":200,\"t\":1791351599567,\"ms\":3.5}","source":"console","time":"2026-10-07T05:39:59Z"}
{"level":"info","msg":"{\"ev\":\"req\",\"route\":\"problem_list\",\"status\":200,\"t\":1791351599668,\"ms\":3.6}","source":"console","time":"2026-10-07T05:39:59Z"}
{"level":"info","msg":"{\"ev\":\"req\",\"route\":\"problem_detail\",\"status\":200,\"t\":1791351599773,\"ms\":9.1}","source":"console","time":"2026-10-07T05:39:59Z"}
{"level":"info","msg":"{\"ev\":\"req\",\"route\":\"history\",\"status\":200,\"t\":1791351599867,\"ms\":3.9}","source":"console","time":"2026-10-07T05:39:59Z"}
{"level":"info","msg":"{\"ev\":\"req\",\"route\":\"problem_list\",\"status\":200,\"t\":1791351599969,\"ms\":4.6}","source":"console","time":"2026-10-07T05:39:59Z"}
{"level":"info","msg":"{\"ev\":\"req\",\"route\":\"problem_detail\",\"status\":200,\"t\":1791351600067,\"ms\":4}","source":"console","time":"2026-10-07T05:40:00Z"}
{"level":"info","msg":"{\"ev\":\"req\",\"route\":\"history\",\"status\":200,\"t\":1791351600169,\"ms\":5}","source":"console","time":"2026-10-07T05:40:00Z"}
{"level":"info","msg":"{\"ev\":\"req\",\"route\":\"problem_list\",\"status\":200,\"t\":1791351600268,\"ms\":3.9}","source":"console","time":"2026-10-07T05:40:00Z"}
{"level":"info","msg":"{\"ev\":\"req\",\"route\":\"problem_detail\",\"status\":200,\"t\":1791351600367,\"ms\":3.4}","source":"console","time":"2026-10-07T05:40:00Z"}
{"level":"info","msg":"{\"ev\":\"req\",\"route\":\"history\",\"status\":200,\"t\":1791351600468,\"ms\":3.4}","source":"console","time":"2026-10-07T05:40:00Z"}
{"level":"info","msg":"{\"ev\":\"req\",\"route\":\"problem_list\",\"status\":200,\"t\":1791351600572,\"ms\":8.6}","source":"console","time":"2026-10-07T05:40:00Z"}
{"level":"info","msg":"{\"ev\":\"req\",\"route\":\"problem_detail\",\"status\":200,\"t\":1791351600673,\"ms\":8.5}","source":"console","time":"2026-10-07T05:40:00Z"}
{"level":"info","msg":"{\"ev\":\"req\",\"route\":\"submit\",\"status\":200,\"t\":1791351600685,\"ms\":21.2}","source":"console","time":"2026-10-07T05:40:00Z"}
{"level":"info","msg":"{\"ev\":\"accepted\",\"id\":\"c62d5241-26b7-4cb8-8ecf-f2ea6a89b675\",\"t\":1791351600686}","source":"console","time":"2026-10-07T05:40:00Z"}
{"level":"info","msg":"{\"ev\":\"req\",\"route\":\"history\",\"status\":200,\"t\":1791351600769,\"ms\":4.6}","source":"console","time":"2026-10-07T05:40:00Z"}
{"level":"info","msg":"{\"ev\":\"req\",\"route\":\"problem_list\",\"status\":200,\"t\":1791351600873,\"ms\":6.5}","source":"console","time":"2026-10-07T05:40:00Z"}
{"level":"info","msg":"{\"ev\":\"req\",\"route\":\"problem_detail\",\"status\":200,\"t\":1791351600968,\"ms\":4.2}","source":"console","time":"2026-10-07T05:40:00Z"}
{"level":"info","msg":"{\"ev\":\"req\",\"route\":\"history\",\"status\":200,\"t\":1791351601068,\"ms\":4}","source":"console","time":"2026-10-07T05:40:01Z"}
{"level":"info","msg":"{\"ev\":\"req\",\"route\":\"problem_list\",\"status\":200,\"t\":1791351601168,\"ms\":4.9}","source":"console","time":"2026-10-07T05:40:01Z"}
{"level":"info","msg":"{\"ev\":\"req\",\"route\":\"problem_detail\",\"status\":200,\"t\":1791351601278,\"ms\":13.5}","source":"console","time":"2026-10-07T05:40:01Z"}
{"level":"info","msg":"{\"ev\":\"req\",\"route\":\"history\",\"status\":200,\"t\":1791351601372,\"ms\":7.9}","source":"console","time":"2026-10-07T05:40:01Z"}
{"level":"info","msg":"{\"ev\":\"req\",\"route\":\"problem_list\",\"status\":200,\"t\":1791351601473,\"ms\":9.1}","source":"console","time":"2026-10-07T05:40:01Z"}
{"level":"info","msg":"{\"ev\":\"req\",\"route\":\"problem_detail\",\"status\":200,\"t\":1791351601571,\"ms\":7.8}","source":"console","time":"2026-10-07T05:40:01Z"}
{"level":"info","msg":"{\"ev\":\"req\",\"route\":\"history\",\"status\":200,\"t\":1791351601671,\"ms\":7.5}","source":"console","time":"2026-10-07T05:40:01Z"}
{"level":"info","msg":"{\"ev\":\"req\",\"route\":\"problem_list\",\"status\":200,\"t\":1791351601767,\"ms\":3.9}","source":"console","time":"2026-10-07T05:40:01Z"}
{"level":"info","msg":"{\"ev\":\"req\",\"route\":\"problem_detail\",\"status\":200,\"t\":1791351601868,\"ms\":3.8}","source":"console","time":"2026-10-07T05:40:01Z"}
{"level":"info","msg":"{\"ev\":\"req\",\"route\":\"history\",\"status\":200,\"t\":1791351601972,\"ms\":7.9}","source":"console","time":"2026-10-07T05:40:01Z"}
{"level":"info","msg":"{\"ev\":\"req\",\"route\":\"problem_list\",\"status\":200,\"t\":1791351602073,\"ms\":8.7}","source":"console","time":"2026-10-07T05:40:02Z"}
{"level":"info","msg":"{\"ev\":\"req\",\"route\":\"problem_detail\",\"status\":200,\"t\":1791351602173,\"ms\":8.8}","source":"console","time":"2026-10-07T05:40:02Z"}
{"level":"info","msg":"{\"ev\":\"req\",\"route\":\"history\",\"status\":200,\"t\":1791351602272,\"ms\":8.3}","source":"console","time":"2026-10-07T05:40:02Z"}
{"level":"info","msg":"{\"ev\":\"req\",\"route\":\"submit\",\"status\":200,\"t\":1791351602352,\"ms\":22.1}","source":"console","time":"2026-10-07T05:40:02Z"}
{"level":"info","msg":"{\"ev\":\"accepted\",\"id\":\"48ea9391-c8df-4903-86ae-87c1d4de0335\",\"t\":1791351602353}","source":"console","time":"2026-10-07T05:40:02Z"}
{"level":"info","msg":"{\"ev\":\"req\",\"route\":\"problem_list\",\"status\":200,\"t\":1791351602368,\"ms\":4.2}","source":"console","time":"2026-10-07T05:40:02Z"}
{"level":"info","msg":"{\"ev\":\"req\",\"route\":\"problem_detail\",\"status\":200,\"t\":1791351602467,\"ms\":3.6}","source":"console","time":"2026-10-07T05:40:02Z"}
{"level":"info","msg":"{\"ev\":\"req\",\"route\":\"history\",\"status\":200,\"t\":1791351602568,\"ms\":3.4}","source":"console","time":"2026-10-07T05:40:02Z"}
{"level":"info","msg":"{\"ev\":\"req\",\"route\":\"problem_list\",\"status\":200,\"t\":1791351602667,\"ms\":3.9}","source":"console","time":"2026-10-07T05:40:02Z"}
{"level":"info","msg":"{\"ev\":\"req\",\"route\":\"problem_detail\",\"status\":200,\"t\":1791351602768,\"ms\":4.1}","source":"console","time":"2026-10-07T05:40:02Z"}
{"level":"info","msg":"{\"ev\":\"req\",\"route\":\"history\",\"status\":200,\"t\":1791351602870,\"ms\":6}","source":"console","time":"2026-10-07T05:40:02Z"}
{"level":"info","msg":"{\"ev\":\"req\",\"route\":\"problem_list\",\"status\":200,\"t\":1791351602967,\"ms\":3.9}","source":"console","time":"2026-10-07T05:40:02Z"}
{"level":"info","msg":"{\"ev\":\"req\",\"route\":\"problem_detail\",\"status\":200,\"t\":1791351603071,\"ms\":7}","source":"console","time":"2026-10-07T05:40:03Z"}
{"level":"info","msg":"{\"ev\":\"req\",\"route\":\"history\",\"status\":200,\"t\":1791351603171,\"ms\":6.7}","source":"console","time":"2026-10-07T05:40:03Z"}
{"level":"info","msg":"{\"ev\":\"req\",\"route\":\"problem_list\",\"status\":200,\"t\":1791351603272,\"ms\":8.4}","source":"console","time":"2026-10-07T05:40:03Z"}
{"level":"info","msg":"{\"ev\":\"req\",\"route\":\"problem_detail\",\"status\":200,\"t\":1791351603371,\"ms\":7.1}","source":"console","time":"2026-10-07T05:40:03Z"}
{"level":"info","msg":"{\"ev\":\"req\",\"route\":\"history\",\"status\":200,\"t\":1791351603473,\"ms\":8.7}","source":"console","time":"2026-10-07T05:40:03Z"}
{"level":"info","msg":"{\"ev\":\"req\",\"route\":\"problem_list\",\"status\":200,\"t\":1791351603573,\"ms\":9.1}","source":"console","time":"2026-10-07T05:40:03Z"}
{"level":"info","msg":"{\"ev\":\"req\",\"route\":\"problem_detail\",\"status\":200,\"t\":1791351603673,\"ms\":8.9}","source":"console","time":"2026-10-07T05:40:03Z"}
{"level":"info","msg":"{\"ev\":\"req\",\"route\":\"history\",\"status\":200,\"t\":1791351603775,\"ms\":10.2}","source":"console","time":"2026-10-07T05:40:03Z"}
{"level":"info","msg":"{\"ev\":\"req\",\"route\":\"problem_list\",\"status\":200,\"t\":1791351603873,\"ms\":9.5}","source":"console","time":"2026-10-07T05:40:03Z"}
{"level":"info","msg":"{\"ev\":\"req\",\"route\":\"problem_detail\",\"status\":200,\"t\":1791351603972,\"ms\":7.5}","source":"console","time":"2026-10-07T05:40:03Z"}
{"level":"info","msg":"{\"ev\":\"req\",\"route\":\"submit\",\"status\":200,\"t\":1791351604021,\"ms\":23.7}","source":"console","time":"2026-10-07T05:40:04Z"}
{"level":"info","msg":"{\"ev\":\"accepted\",\"id\":\"f5f71d45-4455-402a-b0d8-24b483a51941\",\"t\":1791351604021}","source":"console","time":"2026-10-07T05:40:04Z"}
{"level":"info","msg":"{\"ev\":\"req\",\"route\":\"history\",\"status\":200,\"t\":1791351604095,\"ms\":31.7}","source":"console","time":"2026-10-07T05:40:04Z"}
{"level":"info","msg":"{\"ev\":\"req\",\"route\":\"problem_list\",\"status\":200,\"t\":1791351604168,\"ms\":3.9}","source":"console","time":"2026-10-07T05:40:04Z"}
{"level":"info","msg":"{\"ev\":\"req\",\"route\":\"problem_detail\",\"status\":200,\"t\":1791351604267,\"ms\":3.6}","source":"console","time":"2026-10-07T05:40:04Z"}
{"level":"info","msg":"{\"ev\":\"req\",\"route\":\"history\",\"status\":200,\"t\":1791351604369,\"ms\":4.9}","source":"console","time":"2026-10-07T05:40:04Z"}
{"level":"info","msg":"{\"ev\":\"req\",\"route\":\"problem_list\",\"status\":200,\"t\":1791351604468,\"ms\":4.3}","source":"console","time":"2026-10-07T05:40:04Z"}
{"level":"info","msg":"{\"ev\":\"req\",\"route\":\"problem_detail\",\"status\":200,\"t\":1791351604566,\"ms\":3.3}","source":"console","time":"2026-10-07T05:40:04Z"}
{"level":"info","msg":"{\"ev\":\"req\",\"route\":\"history\",\"status\":200,\"t\":1791351604671,\"ms\":7.7}","source":"console","time":"2026-10-07T05:40:04Z"}
{"level":"info","msg":"{\"ev\":\"req\",\"route\":\"problem_list\",\"status\":200,\"t\":1791351604774,\"ms\":9.6}","source":"console","time":"2026-10-07T05:40:04Z"}
{"level":"info","msg":"{\"ev\":\"req\",\"route\":\"problem_detail\",\"status\":200,\"t\":1791351604868,\"ms\":4.6}","source":"console","time":"2026-10-07T05:40:04Z"}
{"level":"info","msg":"{\"ev\":\"req\",\"route\":\"history\",\"status\":200,\"t\":1791351604971,\"ms\":7.7}","source":"console","time":"2026-10-07T05:40:04Z"}
{"level":"info","msg":"{\"ev\":\"req\",\"route\":\"problem_list\",\"status\":200,\"t\":1791351605072,\"ms\":8.7}","source":"console","time":"2026-10-07T05:40:05Z"}
{"level":"info","msg":"{\"ev\":\"req\",\"route\":\"problem_detail\",\"status\":200,\"t\":1791351605171,\"ms\":7.5}","source":"console","time":"2026-10-07T05:40:05Z"}
{"level":"info","msg":"{\"ev\":\"req\",\"route\":\"history\",\"status\":200,\"t\":1791351605271,\"ms\":7.7}","source":"console","time":"2026-10-07T05:40:05Z"}
{"level":"info","msg":"{\"ev\":\"req\",\"route\":\"problem_list\",\"status\":200,\"t\":1791351605373,\"ms\":8.9}","source":"console","time":"2026-10-07T05:40:05Z"}
{"level":"info","msg":"{\"ev\":\"req\",\"route\":\"problem_detail\",\"status\":200,\"t\":1791351605472,\"ms\":8.2}","source":"console","time":"2026-10-07T05:40:05Z"}
{"level":"info","msg":"{\"ev\":\"req\",\"route\":\"history\",\"status\":200,\"t\":1791351605572,\"ms\":8.5}","source":"console","time":"2026-10-07T05:40:05Z"}
{"level":"info","msg":"{\"ev\":\"req\",\"route\":\"problem_list\",\"status\":200,\"t\":1791351605673,\"ms\":9.2}","source":"console","time":"2026-10-07T05:40:05Z"}
{"level":"info","msg":"{\"ev\":\"req\",\"route\":\"submit\",\"status\":200,\"t\":1791351605688,\"ms\":23.9}","source":"console","time":"2026-10-07T05:40:05Z"}
{"level":"info","msg":"{\"ev\":\"accepted\",\"id\":\"45f78597-f0da-4325-a3da-ec800d0b086f\",\"t\":1791351605688}","source":"console","time":"2026-10-07T05:40:05Z"}
{"level":"info","msg":"{\"ev\":\"req\",\"route\":\"problem_detail\",\"status\":200,\"t\":1791351605767,\"ms\":3.3}","source":"console","time":"2026-10-07T05:40:05Z"}
{"level":"info","msg":"{\"ev\":\"req\",\"route\":\"history\",\"status\":200,\"t\":1791351605868,\"ms\":4.1}","source":"console","time":"2026-10-07T05:40:05Z"}
{"level":"info","msg":"{\"ev\":\"req\",\"route\":\"problem_list\",\"status\":200,\"t\":1791351605967,\"ms\":3.6}","source":"console","time":"2026-10-07T05:40:05Z"}
{"level":"info","msg":"{\"ev\":\"req\",\"route\":\"problem_detail\",\"status\":200,\"t\":1791351606067,\"ms\":3.4}","source":"console","time":"2026-10-07T05:40:06Z"}
{"level":"info","msg":"{\"ev\":\"req\",\"route\":\"history\",\"status\":200,\"t\":1791351606167,\"ms\":3.7}","source":"console","time":"2026-10-07T05:40:06Z"}
{"level":"info","msg":"{\"ev\":\"req\",\"route\":\"problem_list\",\"status\":200,\"t\":1791351606267,\"ms\":3.7}","source":"console","time":"2026-10-07T05:40:06Z"}
{"level":"info","msg":"{\"ev\":\"req\",\"route\":\"problem_detail\",\"status\":200,\"t\":1791351606368,\"ms\":4.1}","source":"console","time":"2026-10-07T05:40:06Z"}
{"level":"info","msg":"{\"ev\":\"req\",\"route\":\"history\",\"status\":200,\"t\":1791351606472,\"ms\":8}","source":"console","time":"2026-10-07T05:40:06Z"}
{"level":"info","msg":"{\"ev\":\"req\",\"route\":\"problem_list\",\"status\":200,\"t\":1791351606573,\"ms\":8.3}","source":"console","time":"2026-10-07T05:40:06Z"}
{"level":"info","msg":"{\"ev\":\"req\",\"route\":\"problem_detail\",\"status\":200,\"t\":1791351606672,\"ms\":7.8}","source":"console","time":"2026-10-07T05:40:06Z"}
{"level":"info","msg":"{\"ev\":\"req\",\"route\":\"history\",\"status\":200,\"t\":1791351606773,\"ms\":8.3}","source":"console","time":"2026-10-07T05:40:06Z"}
{"level":"info","msg":"{\"ev\":\"req\",\"route\":\"problem_list\",\"status\":200,\"t\":1791351606872,\"ms\":8.5}","source":"console","time":"2026-10-07T05:40:06Z"}
{"level":"info","msg":"{\"ev\":\"req\",\"route\":\"problem_detail\",\"status\":200,\"t\":1791351606966,\"ms\":3.1}","source":"console","time":"2026-10-07T05:40:06Z"}
{"level":"info","msg":"{\"ev\":\"req\",\"route\":\"history\",\"status\":200,\"t\":1791351607071,\"ms\":7.2}","source":"console","time":"2026-10-07T05:40:07Z"}
{"level":"info","msg":"{\"ev\":\"req\",\"route\":\"problem_list\",\"status\":200,\"t\":1791351607173,\"ms\":8.8}","source":"console","time":"2026-10-07T05:40:07Z"}
{"level":"info","msg":"{\"ev\":\"req\",\"route\":\"problem_detail\",\"status\":200,\"t\":1791351607273,\"ms\":8.7}","source":"console","time":"2026-10-07T05:40:07Z"}
{"level":"info","msg":"{\"ev\":\"req\",\"route\":\"submit\",\"status\":200,\"t\":1791351607352,\"ms\":21}","source":"console","time":"2026-10-07T05:40:07Z"}
{"level":"info","msg":"{\"ev\":\"accepted\",\"id\":\"3fed5a0f-0c18-4d37-8503-32220176e3dd\",\"t\":1791351607353}","source":"console","time":"2026-10-07T05:40:07Z"}
{"level":"info","msg":"{\"ev\":\"req\",\"route\":\"history\",\"status\":200,\"t\":1791351607367,\"ms\":3.4}","source":"console","time":"2026-10-07T05:40:07Z"}
{"level":"info","msg":"{\"ev\":\"req\",\"route\":\"problem_list\",\"status\":200,\"t\":1791351607469,\"ms\":5.5}","source":"console","time":"2026-10-07T05:40:07Z"}
{"level":"info","msg":"{\"ev\":\"req\",\"route\":\"problem_detail\",\"status\":200,\"t\":1791351607570,\"ms\":5.9}","source":"console","time":"2026-10-07T05:40:07Z"}
{"level":"info","msg":"{\"ev\":\"req\",\"route\":\"history\",\"status\":200,\"t\":1791351607670,\"ms\":5.8}","source":"console","time":"2026-10-07T05:40:07Z"}
{"level":"info","msg":"{\"ev\":\"req\",\"route\":\"problem_list\",\"status\":200,\"t\":1791351607768,\"ms\":4}","source":"console","time":"2026-10-07T05:40:07Z"}
{"level":"info","msg":"{\"ev\":\"req\",\"route\":\"problem_detail\",\"status\":200,\"t\":1791351607871,\"ms\":7.7}","source":"console","time":"2026-10-07T05:40:07Z"}
{"level":"info","msg":"{\"ev\":\"req\",\"route\":\"history\",\"status\":200,\"t\":1791351607972,\"ms\":7.9}","source":"console","time":"2026-10-07T05:40:07Z"}
{"level":"info","msg":"{\"ev\":\"req\",\"route\":\"problem_list\",\"status\":200,\"t\":1791351608074,\"ms\":9.4}","source":"console","time":"2026-10-07T05:40:08Z"}
{"level":"info","msg":"{\"ev\":\"req\",\"route\":\"problem_detail\",\"status\":200,\"t\":1791351608176,\"ms\":11.5}","source":"console","time":"2026-10-07T05:40:08Z"}
{"level":"info","msg":"{\"ev\":\"req\",\"route\":\"history\",\"status\":200,\"t\":1791351608273,\"ms\":9.3}","source":"console","time":"2026-10-07T05:40:08Z"}
{"level":"info","msg":"{\"ev\":\"req\",\"route\":\"problem_list\",\"status\":200,\"t\":1791351608368,\"ms\":3.6}","source":"console","time":"2026-10-07T05:40:08Z"}
{"level":"info","msg":"{\"ev\":\"req\",\"route\":\"problem_detail\",\"status\":200,\"t\":1791351608471,\"ms\":7.9}","source":"console","time":"2026-10-07T05:40:08Z"}
{"level":"info","msg":"{\"ev\":\"req\",\"route\":\"history\",\"status\":200,\"t\":1791351608571,\"ms\":8}","source":"console","time":"2026-10-07T05:40:08Z"}
{"level":"info","msg":"{\"ev\":\"req\",\"route\":\"problem_list\",\"status\":200,\"t\":1791351608672,\"ms\":8.5}","source":"console","time":"2026-10-07T05:40:08Z"}
{"level":"info","msg":"{\"ev\":\"req\",\"route\":\"problem_detail\",\"status\":200,\"t\":1791351608772,\"ms\":8.7}","source":"console","time":"2026-10-07T05:40:08Z"}
{"level":"info","msg":"{\"ev\":\"req\",\"route\":\"history\",\"status\":200,\"t\":1791351608873,\"ms\":9.2}","source":"console","time":"2026-10-07T05:40:08Z"}
{"level":"info","msg":"{\"ev\":\"req\",\"route\":\"problem_list\",\"status\":200,\"t\":1791351608967,\"ms\":3.5}","source":"console","time":"2026-10-07T05:40:08Z"}
{"level":"info","msg":"{\"ev\":\"req\",\"route\":\"submit\",\"status\":200,\"t\":1791351609011,\"ms\":14.2}","source":"console","time":"2026-10-07T05:40:09Z"}
{"level":"info","msg":"{\"ev\":\"accepted\",\"id\":\"bb48daa4-613e-4b59-8488-7cee5a394207\",\"t\":1791351609011}","source":"console","time":"2026-10-07T05:40:09Z"}
{"level":"info","msg":"{\"ev\":\"req\",\"route\":\"problem_detail\",\"status\":200,\"t\":1791351609067,\"ms\":3.3}","source":"console","time":"2026-10-07T05:40:09Z"}
{"level":"info","msg":"{\"ev\":\"req\",\"route\":\"history\",\"status\":200,\"t\":1791351609168,\"ms\":3.6}","source":"console","time":"2026-10-07T05:40:09Z"}
{"level":"info","msg":"{\"ev\":\"req\",\"route\":\"problem_list\",\"status\":200,\"t\":1791351609268,\"ms\":4.5}","source":"console","time":"2026-10-07T05:40:09Z"}
{"level":"info","msg":"{\"ev\":\"req\",\"route\":\"problem_detail\",\"status\":200,\"t\":1791351609367,\"ms\":3.6}","source":"console","time":"2026-10-07T05:40:09Z"}
{"level":"info","msg":"{\"ev\":\"req\",\"route\":\"history\",\"status\":200,\"t\":1791351609468,\"ms\":3.7}","source":"console","time":"2026-10-07T05:40:09Z"}
{"level":"info","msg":"{\"ev\":\"req\",\"route\":\"problem_list\",\"status\":200,\"t\":1791351609568,\"ms\":4.2}","source":"console","time":"2026-10-07T05:40:09Z"}
{"level":"info","msg":"{\"ev\":\"req\",\"route\":\"problem_detail\",\"status\":200,\"t\":1791351609669,\"ms\":5.1}","source":"console","time":"2026-10-07T05:40:09Z"}
{"level":"info","msg":"{\"ev\":\"req\",\"route\":\"history\",\"status\":200,\"t\":1791351609772,\"ms\":8.2}","source":"console","time":"2026-10-07T05:40:09Z"}
{"level":"info","msg":"{\"ev\":\"req\",\"route\":\"problem_list\",\"status\":200,\"t\":1791351609873,\"ms\":9}","source":"console","time":"2026-10-07T05:40:09Z"}
{"level":"info","msg":"{\"ev\":\"req\",\"route\":\"problem_detail\",\"status\":200,\"t\":1791351609972,\"ms\":8.5}","source":"console","time":"2026-10-07T05:40:09Z"}
{"level":"info","msg":"{\"ev\":\"req\",\"route\":\"history\",\"status\":200,\"t\":1791351610072,\"ms\":7.5}","source":"console","time":"2026-10-07T05:40:10Z"}
{"level":"info","msg":"{\"ev\":\"req\",\"route\":\"problem_list\",\"status\":200,\"t\":1791351610173,\"ms\":8.9}","source":"console","time":"2026-10-07T05:40:10Z"}
{"level":"info","msg":"{\"ev\":\"req\",\"route\":\"problem_detail\",\"status\":200,\"t\":1791351610272,\"ms\":8}","source":"console","time":"2026-10-07T05:40:10Z"}
{"level":"info","msg":"{\"ev\":\"req\",\"route\":\"history\",\"status\":200,\"t\":1791351610372,\"ms\":8.1}","source":"console","time":"2026-10-07T05:40:10Z"}
{"level":"info","msg":"{\"ev\":\"req\",\"route\":\"problem_list\",\"status\":200,\"t\":1791351610473,\"ms\":8.5}","source":"console","time":"2026-10-07T05:40:10Z"}
{"level":"info","msg":"{\"ev\":\"req\",\"route\":\"problem_detail\",\"status\":200,\"t\":1791351610573,\"ms\":8.4}","source":"console","time":"2026-10-07T05:40:10Z"}
{"level":"info","msg":"{\"ev\":\"req\",\"route\":\"history\",\"status\":200,\"t\":1791351610668,\"ms\":3.7}","source":"console","time":"2026-10-07T05:40:10Z"}
{"level":"info","msg":"{\"ev\":\"req\",\"route\":\"submit\",\"status\":200,\"t\":1791351610680,\"ms\":15.6}","source":"console","time":"2026-10-07T05:40:10Z"}
{"level":"info","msg":"{\"ev\":\"accepted\",\"id\":\"1b366677-401b-47d2-9c1a-d66175f85843\",\"t\":1791351610680}","source":"console","time":"2026-10-07T05:40:10Z"}
{"level":"info","msg":"{\"ev\":\"req\",\"route\":\"problem_list\",\"status\":200,\"t\":1791351610769,\"ms\":4.9}","source":"console","time":"2026-10-07T05:40:10Z"}
{"level":"info","msg":"{\"ev\":\"req\",\"route\":\"problem_detail\",\"status\":200,\"t\":1791351610869,\"ms\":5.5}","source":"console","time":"2026-10-07T05:40:10Z"}
{"level":"info","msg":"{\"ev\":\"req\",\"route\":\"history\",\"status\":200,\"t\":1791351610971,\"ms\":7}","source":"console","time":"2026-10-07T05:40:10Z"}
{"level":"info","msg":"{\"ev\":\"req\",\"route\":\"problem_list\",\"status\":200,\"t\":1791351611071,\"ms\":7.1}","source":"console","time":"2026-10-07T05:40:11Z"}
{"level":"info","msg":"{\"ev\":\"req\",\"route\":\"problem_detail\",\"status\":200,\"t\":1791351611170,\"ms\":5.5}","source":"console","time":"2026-10-07T05:40:11Z"}
{"level":"info","msg":"{\"ev\":\"req\",\"route\":\"history\",\"status\":200,\"t\":1791351611267,\"ms\":3.9}","source":"console","time":"2026-10-07T05:40:11Z"}
{"level":"info","msg":"{\"ev\":\"req\",\"route\":\"problem_list\",\"status\":200,\"t\":1791351611368,\"ms\":4.1}","source":"console","time":"2026-10-07T05:40:11Z"}
{"level":"info","msg":"{\"ev\":\"req\",\"route\":\"problem_detail\",\"status\":200,\"t\":1791351611468,\"ms\":4.3}","source":"console","time":"2026-10-07T05:40:11Z"}
{"level":"info","msg":"{\"ev\":\"req\",\"route\":\"history\",\"status\":200,\"t\":1791351611568,\"ms\":3.9}","source":"console","time":"2026-10-07T05:40:11Z"}
{"level":"info","msg":"{\"ev\":\"req\",\"route\":\"problem_list\",\"status\":200,\"t\":1791351611667,\"ms\":3.5}","source":"console","time":"2026-10-07T05:40:11Z"}
{"level":"info","msg":"{\"ev\":\"req\",\"route\":\"problem_detail\",\"status\":200,\"t\":1791351611771,\"ms\":6.7}","source":"console","time":"2026-10-07T05:40:11Z"}
{"level":"info","msg":"{\"ev\":\"req\",\"route\":\"history\",\"status\":200,\"t\":1791351611873,\"ms\":9.1}","source":"console","time":"2026-10-07T05:40:11Z"}
{"level":"info","msg":"{\"ev\":\"req\",\"route\":\"problem_list\",\"status\":200,\"t\":1791351611969,\"ms\":5.1}","source":"console","time":"2026-10-07T05:40:11Z"}
{"level":"info","msg":"{\"ev\":\"req\",\"route\":\"problem_detail\",\"status\":200,\"t\":1791351612072,\"ms\":7.9}","source":"console","time":"2026-10-07T05:40:12Z"}
{"level":"info","msg":"{\"ev\":\"req\",\"route\":\"history\",\"status\":200,\"t\":1791351612173,\"ms\":8.9}","source":"console","time":"2026-10-07T05:40:12Z"}
{"level":"info","msg":"{\"ev\":\"req\",\"route\":\"problem_list\",\"status\":200,\"t\":1791351612272,\"ms\":8.6}","source":"console","time":"2026-10-07T05:40:12Z"}
{"level":"info","msg":"{\"ev\":\"req\",\"route\":\"submit\",\"status\":200,\"t\":1791351612353,\"ms\":21.8}","source":"console","time":"2026-10-07T05:40:12Z"}
{"level":"info","msg":"{\"ev\":\"accepted\",\"id\":\"3c10e248-97b4-4ad4-909c-16f388ca5d04\",\"t\":1791351612353}","source":"console","time":"2026-10-07T05:40:12Z"}
{"level":"info","msg":"{\"ev\":\"req\",\"route\":\"problem_detail\",\"status\":200,\"t\":1791351612368,\"ms\":3.6}","source":"console","time":"2026-10-07T05:40:12Z"}
{"level":"info","msg":"{\"ev\":\"req\",\"route\":\"history\",\"status\":200,\"t\":1791351612467,\"ms\":3.5}","source":"console","time":"2026-10-07T05:40:12Z"}
{"level":"info","msg":"{\"ev\":\"req\",\"route\":\"problem_list\",\"status\":200,\"t\":1791351612567,\"ms\":4.1}","source":"console","time":"2026-10-07T05:40:12Z"}
{"level":"info","msg":"{\"ev\":\"req\",\"route\":\"problem_detail\",\"status\":200,\"t\":1791351612668,\"ms\":3.8}","source":"console","time":"2026-10-07T05:40:12Z"}
{"level":"info","msg":"{\"ev\":\"req\",\"route\":\"history\",\"status\":200,\"t\":1791351612768,\"ms\":3.6}","source":"console","time":"2026-10-07T05:40:12Z"}
{"level":"info","msg":"{\"ev\":\"req\",\"route\":\"problem_list\",\"status\":200,\"t\":1791351612867,\"ms\":3.7}","source":"console","time":"2026-10-07T05:40:12Z"}
{"level":"info","msg":"{\"ev\":\"req\",\"route\":\"problem_detail\",\"status\":200,\"t\":1791351612969,\"ms\":4.7}","source":"console","time":"2026-10-07T05:40:12Z"}
{"level":"info","msg":"{\"ev\":\"req\",\"route\":\"history\",\"status\":200,\"t\":1791351613067,\"ms\":3.8}","source":"console","time":"2026-10-07T05:40:13Z"}
{"level":"info","msg":"{\"ev\":\"req\",\"route\":\"problem_list\",\"status\":200,\"t\":1791351613172,\"ms\":8.8}","source":"console","time":"2026-10-07T05:40:13Z"}
{"level":"info","msg":"{\"ev\":\"req\",\"route\":\"problem_detail\",\"status\":200,\"t\":1791351613272,\"ms\":8.5}","source":"console","time":"2026-10-07T05:40:13Z"}
{"level":"info","msg":"{\"ev\":\"req\",\"route\":\"history\",\"status\":200,\"t\":1791351613374,\"ms\":9.9}","source":"console","time":"2026-10-07T05:40:13Z"}
{"level":"info","msg":"{\"ev\":\"req\",\"route\":\"problem_list\",\"status\":200,\"t\":1791351613473,\"ms\":8.4}","source":"console","time":"2026-10-07T05:40:13Z"}
{"level":"info","msg":"{\"ev\":\"req\",\"route\":\"problem_detail\",\"status\":200,\"t\":1791351613572,\"ms\":8.2}","source":"console","time":"2026-10-07T05:40:13Z"}
{"level":"info","msg":"{\"ev\":\"req\",\"route\":\"history\",\"status\":200,\"t\":1791351613674,\"ms\":9.3}","source":"console","time":"2026-10-07T05:40:13Z"}
{"level":"info","msg":"{\"ev\":\"req\",\"route\":\"problem_list\",\"status\":200,\"t\":1791351613772,\"ms\":8.5}","source":"console","time":"2026-10-07T05:40:13Z"}
{"level":"info","msg":"{\"ev\":\"req\",\"route\":\"problem_detail\",\"status\":200,\"t\":1791351613872,\"ms\":8.6}","source":"console","time":"2026-10-07T05:40:13Z"}
{"level":"info","msg":"{\"ev\":\"req\",\"route\":\"history\",\"status\":200,\"t\":1791351613967,\"ms\":3.2}","source":"console","time":"2026-10-07T05:40:13Z"}
{"level":"info","msg":"{\"ev\":\"req\",\"route\":\"submit\",\"status\":200,\"t\":1791351614018,\"ms\":20.5}","source":"console","time":"2026-10-07T05:40:14Z"}
{"level":"info","msg":"{\"ev\":\"accepted\",\"id\":\"91ff0be7-e27b-46c7-832a-bc09461ef2e4\",\"t\":1791351614018}","source":"console","time":"2026-10-07T05:40:14Z"}
{"level":"info","msg":"{\"ev\":\"req\",\"route\":\"problem_list\",\"status\":200,\"t\":1791351614069,\"ms\":4.2}","source":"console","time":"2026-10-07T05:40:14Z"}
{"level":"info","msg":"{\"ev\":\"req\",\"route\":\"problem_detail\",\"status\":200,\"t\":1791351614170,\"ms\":5.6}","source":"console","time":"2026-10-07T05:40:14Z"}
{"level":"info","msg":"{\"ev\":\"req\",\"route\":\"history\",\"status\":200,\"t\":1791351614269,\"ms\":5}","source":"console","time":"2026-10-07T05:40:14Z"}
{"level":"info","msg":"{\"ev\":\"req\",\"route\":\"problem_list\",\"status\":200,\"t\":1791351614368,\"ms\":4.3}","source":"console","time":"2026-10-07T05:40:14Z"}
{"level":"info","msg":"{\"ev\":\"req\",\"route\":\"problem_detail\",\"status\":200,\"t\":1791351614467,\"ms\":3.1}","source":"console","time":"2026-10-07T05:40:14Z"}
{"level":"info","msg":"{\"ev\":\"req\",\"route\":\"history\",\"status\":200,\"t\":1791351614567,\"ms\":3.5}","source":"console","time":"2026-10-07T05:40:14Z"}
{"level":"info","msg":"{\"ev\":\"req\",\"route\":\"problem_list\",\"status\":200,\"t\":1791351614672,\"ms\":8}","source":"console","time":"2026-10-07T05:40:14Z"}
{"level":"info","msg":"{\"ev\":\"req\",\"route\":\"problem_detail\",\"status\":200,\"t\":1791351614772,\"ms\":7.8}","source":"console","time":"2026-10-07T05:40:14Z"}
{"level":"info","msg":"{\"ev\":\"req\",\"route\":\"history\",\"status\":200,\"t\":1791351614872,\"ms\":7.3}","source":"console","time":"2026-10-07T05:40:14Z"}
{"level":"info","msg":"{\"ev\":\"req\",\"route\":\"problem_list\",\"status\":200,\"t\":1791351614967,\"ms\":3.3}","source":"console","time":"2026-10-07T05:40:14Z"}
{"level":"info","msg":"{\"ev\":\"req\",\"route\":\"problem_detail\",\"status\":200,\"t\":1791351615067,\"ms\":3.7}","source":"console","time":"2026-10-07T05:40:15Z"}
{"level":"info","msg":"{\"ev\":\"req\",\"route\":\"history\",\"status\":200,\"t\":1791351615173,\"ms\":8.1}","source":"console","time":"2026-10-07T05:40:15Z"}
{"level":"info","msg":"{\"ev\":\"req\",\"route\":\"problem_list\",\"status\":200,\"t\":1791351615274,\"ms\":9.4}","source":"console","time":"2026-10-07T05:40:15Z"}
{"level":"info","msg":"{\"ev\":\"req\",\"route\":\"problem_detail\",\"status\":200,\"t\":1791351615372,\"ms\":8.1}","source":"console","time":"2026-10-07T05:40:15Z"}
{"level":"info","msg":"{\"ev\":\"req\",\"route\":\"history\",\"status\":200,\"t\":1791351615473,\"ms\":8.3}","source":"console","time":"2026-10-07T05:40:15Z"}
{"level":"info","msg":"{\"ev\":\"req\",\"route\":\"problem_list\",\"status\":200,\"t\":1791351615574,\"ms\":9.1}","source":"console","time":"2026-10-07T05:40:15Z"}
{"level":"info","msg":"{\"ev\":\"req\",\"route\":\"problem_detail\",\"status\":200,\"t\":1791351615673,\"ms\":8.4}","source":"console","time":"2026-10-07T05:40:15Z"}
{"level":"info","msg":"{\"ev\":\"req\",\"route\":\"submit\",\"status\":200,\"t\":1791351615685,\"ms\":21.1}","source":"console","time":"2026-10-07T05:40:15Z"}
{"level":"info","msg":"{\"ev\":\"accepted\",\"id\":\"d5599035-ea74-4b9e-bcfe-2e91263a049a\",\"t\":1791351615685}","source":"console","time":"2026-10-07T05:40:15Z"}
{"level":"info","msg":"{\"ev\":\"req\",\"route\":\"history\",\"status\":200,\"t\":1791351615768,\"ms\":4.1}","source":"console","time":"2026-10-07T05:40:15Z"}
{"level":"info","msg":"{\"ev\":\"req\",\"route\":\"problem_list\",\"status\":200,\"t\":1791351615867,\"ms\":3.6}","source":"console","time":"2026-10-07T05:40:15Z"}
{"level":"info","msg":"{\"ev\":\"req\",\"route\":\"problem_detail\",\"status\":200,\"t\":1791351615967,\"ms\":3.1}","source":"console","time":"2026-10-07T05:40:15Z"}
{"level":"info","msg":"{\"ev\":\"req\",\"route\":\"history\",\"status\":200,\"t\":1791351616068,\"ms\":4.5}","source":"console","time":"2026-10-07T05:40:16Z"}
{"level":"info","msg":"{\"ev\":\"req\",\"route\":\"problem_list\",\"status\":200,\"t\":1791351616168,\"ms\":3.8}","source":"console","time":"2026-10-07T05:40:16Z"}
{"level":"info","msg":"{\"ev\":\"req\",\"route\":\"problem_detail\",\"status\":200,\"t\":1791351616267,\"ms\":3.2}","source":"console","time":"2026-10-07T05:40:16Z"}
{"level":"info","msg":"{\"ev\":\"req\",\"route\":\"history\",\"status\":200,\"t\":1791351616367,\"ms\":3.4}","source":"console","time":"2026-10-07T05:40:16Z"}
{"level":"info","msg":"{\"ev\":\"req\",\"route\":\"problem_list\",\"status\":200,\"t\":1791351616470,\"ms\":6.5}","source":"console","time":"2026-10-07T05:40:16Z"}
{"level":"info","msg":"{\"ev\":\"req\",\"route\":\"problem_detail\",\"status\":200,\"t\":1791351616567,\"ms\":3.2}","source":"console","time":"2026-10-07T05:40:16Z"}
{"level":"info","msg":"{\"ev\":\"req\",\"route\":\"history\",\"status\":200,\"t\":1791351616670,\"ms\":6.1}","source":"console","time":"2026-10-07T05:40:16Z"}
{"level":"info","msg":"{\"ev\":\"req\",\"route\":\"problem_list\",\"status\":200,\"t\":1791351616773,\"ms\":8.2}","source":"console","time":"2026-10-07T05:40:16Z"}
{"level":"info","msg":"{\"ev\":\"req\",\"route\":\"problem_detail\",\"status\":200,\"t\":1791351616867,\"ms\":3.1}","source":"console","time":"2026-10-07T05:40:16Z"}
{"level":"info","msg":"{\"ev\":\"req\",\"route\":\"history\",\"status\":200,\"t\":1791351616971,\"ms\":8}","source":"console","time":"2026-10-07T05:40:16Z"}
{"level":"info","msg":"{\"ev\":\"req\",\"route\":\"problem_list\",\"status\":200,\"t\":1791351617068,\"ms\":3.6}","source":"console","time":"2026-10-07T05:40:17Z"}
{"level":"info","msg":"{\"ev\":\"req\",\"route\":\"problem_detail\",\"status\":200,\"t\":1791351617171,\"ms\":7.4}","source":"console","time":"2026-10-07T05:40:17Z"}
{"level":"info","msg":"{\"ev\":\"req\",\"route\":\"history\",\"status\":200,\"t\":1791351617271,\"ms\":7}","source":"console","time":"2026-10-07T05:40:17Z"}
{"level":"info","msg":"{\"ev\":\"req\",\"route\":\"submit\",\"status\":200,\"t\":1791351617350,\"ms\":19.8}","source":"console","time":"2026-10-07T05:40:17Z"}
{"level":"info","msg":"{\"ev\":\"accepted\",\"id\":\"ee135abf-6c51-4342-82fb-00cb1af65c90\",\"t\":1791351617351}","source":"console","time":"2026-10-07T05:40:17Z"}
{"level":"info","msg":"{\"ev\":\"req\",\"route\":\"problem_list\",\"status\":200,\"t\":1791351617375,\"ms\":11.3}","source":"console","time":"2026-10-07T05:40:17Z"}
{"level":"info","msg":"{\"ev\":\"req\",\"route\":\"problem_detail\",\"status\":200,\"t\":1791351617468,\"ms\":4.3}","source":"console","time":"2026-10-07T05:40:17Z"}
{"level":"info","msg":"{\"ev\":\"req\",\"route\":\"history\",\"status\":200,\"t\":1791351617568,\"ms\":4.5}","source":"console","time":"2026-10-07T05:40:17Z"}
{"level":"info","msg":"{\"ev\":\"req\",\"route\":\"problem_list\",\"status\":200,\"t\":1791351617669,\"ms\":4.7}","source":"console","time":"2026-10-07T05:40:17Z"}
{"level":"info","msg":"{\"ev\":\"req\",\"route\":\"problem_detail\",\"status\":200,\"t\":1791351617767,\"ms\":3.3}","source":"console","time":"2026-10-07T05:40:17Z"}
{"level":"info","msg":"{\"ev\":\"req\",\"route\":\"history\",\"status\":200,\"t\":1791351617867,\"ms\":3.7}","source":"console","time":"2026-10-07T05:40:17Z"}
{"level":"info","msg":"{\"ev\":\"req\",\"route\":\"problem_list\",\"status\":200,\"t\":1791351617972,\"ms\":7.8}","source":"console","time":"2026-10-07T05:40:17Z"}
{"level":"info","msg":"{\"ev\":\"req\",\"route\":\"problem_detail\",\"status\":200,\"t\":1791351618072,\"ms\":8.2}","source":"console","time":"2026-10-07T05:40:18Z"}
{"level":"info","msg":"{\"ev\":\"req\",\"route\":\"history\",\"status\":200,\"t\":1791351618171,\"ms\":7.7}","source":"console","time":"2026-10-07T05:40:18Z"}
{"level":"info","msg":"{\"ev\":\"req\",\"route\":\"problem_list\",\"status\":200,\"t\":1791351618273,\"ms\":9.4}","source":"console","time":"2026-10-07T05:40:18Z"}
{"level":"info","msg":"{\"ev\":\"req\",\"route\":\"problem_detail\",\"status\":200,\"t\":1791351618372,\"ms\":8.2}","source":"console","time":"2026-10-07T05:40:18Z"}
{"level":"info","msg":"{\"ev\":\"req\",\"route\":\"history\",\"status\":200,\"t\":1791351618467,\"ms\":3}","source":"console","time":"2026-10-07T05:40:18Z"}
{"level":"info","msg":"{\"ev\":\"req\",\"route\":\"problem_list\",\"status\":200,\"t\":1791351618572,\"ms\":8.2}","source":"console","time":"2026-10-07T05:40:18Z"}
{"level":"info","msg":"{\"ev\":\"req\",\"route\":\"problem_detail\",\"status\":200,\"t\":1791351618672,\"ms\":8}","source":"console","time":"2026-10-07T05:40:18Z"}
{"level":"info","msg":"{\"ev\":\"req\",\"route\":\"history\",\"status\":200,\"t\":1791351618771,\"ms\":7.9}","source":"console","time":"2026-10-07T05:40:18Z"}
{"level":"info","msg":"{\"ev\":\"req\",\"route\":\"problem_list\",\"status\":200,\"t\":1791351618872,\"ms\":8.7}","source":"console","time":"2026-10-07T05:40:18Z"}
{"level":"info","msg":"{\"ev\":\"req\",\"route\":\"problem_detail\",\"status\":200,\"t\":1791351618972,\"ms\":7.8}","source":"console","time":"2026-10-07T05:40:18Z"}
{"level":"info","msg":"{\"ev\":\"req\",\"route\":\"submit\",\"status\":200,\"t\":1791351619005,\"ms\":8.6}","source":"console","time":"2026-10-07T05:40:19Z"}
{"level":"info","msg":"{\"ev\":\"accepted\",\"id\":\"8a3284fb-6238-4b61-bd95-de784effd8f0\",\"t\":1791351619006}","source":"console","time":"2026-10-07T05:40:19Z"}
{"level":"info","msg":"{\"ev\":\"req\",\"route\":\"history\",\"status\":200,\"t\":1791351619068,\"ms\":3.7}","source":"console","time":"2026-10-07T05:40:19Z"}
{"level":"info","msg":"{\"ev\":\"req\",\"route\":\"problem_list\",\"status\":200,\"t\":1791351619167,\"ms\":3.6}","source":"console","time":"2026-10-07T05:40:19Z"}
{"level":"info","msg":"{\"ev\":\"req\",\"route\":\"problem_detail\",\"status\":200,\"t\":1791351619267,\"ms\":3.2}","source":"console","time":"2026-10-07T05:40:19Z"}
{"level":"info","msg":"{\"ev\":\"req\",\"route\":\"history\",\"status\":200,\"t\":1791351619367,\"ms\":3.7}","source":"console","time":"2026-10-07T05:40:19Z"}
{"level":"info","msg":"{\"ev\":\"req\",\"route\":\"problem_list\",\"status\":200,\"t\":1791351619467,\"ms\":3.6}","source":"console","time":"2026-10-07T05:40:19Z"}
{"level":"info","msg":"{\"ev\":\"req\",\"route\":\"problem_detail\",\"status\":200,\"t\":1791351619567,\"ms\":3.2}","source":"console","time":"2026-10-07T05:40:19Z"}
{"level":"info","msg":"{\"ev\":\"req\",\"route\":\"history\",\"status\":200,\"t\":1791351619667,\"ms\":3.4}","source":"console","time":"2026-10-07T05:40:19Z"}
{"level":"info","msg":"{\"ev\":\"req\",\"route\":\"problem_list\",\"status\":200,\"t\":1791351619770,\"ms\":5.8}","source":"console","time":"2026-10-07T05:40:19Z"}
{"level":"info","msg":"{\"ev\":\"req\",\"route\":\"problem_detail\",\"status\":200,\"t\":1791351619871,\"ms\":7.4}","source":"console","time":"2026-10-07T05:40:19Z"}
{"level":"info","msg":"{\"ev\":\"req\",\"route\":\"history\",\"status\":200,\"t\":1791351619973,\"ms\":8.5}","source":"console","time":"2026-10-07T05:40:19Z"}
{"level":"info","msg":"{\"ev\":\"req\",\"route\":\"problem_list\",\"status\":200,\"t\":1791351620072,\"ms\":8.3}","source":"console","time":"2026-10-07T05:40:20Z"}
{"level":"info","msg":"{\"ev\":\"req\",\"route\":\"problem_detail\",\"status\":200,\"t\":1791351620172,\"ms\":8.4}","source":"console","time":"2026-10-07T05:40:20Z"}
{"level":"info","msg":"{\"ev\":\"req\",\"route\":\"history\",\"status\":200,\"t\":1791351620272,\"ms\":8.2}","source":"console","time":"2026-10-07T05:40:20Z"}
{"level":"info","msg":"{\"ev\":\"req\",\"route\":\"problem_list\",\"status\":200,\"t\":1791351620373,\"ms\":9.5}","source":"console","time":"2026-10-07T05:40:20Z"}
{"level":"info","msg":"{\"ev\":\"req\",\"route\":\"problem_detail\",\"status\":200,\"t\":1791351620472,\"ms\":8.1}","source":"console","time":"2026-10-07T05:40:20Z"}
{"level":"info","msg":"{\"ev\":\"req\",\"route\":\"history\",\"status\":200,\"t\":1791351620571,\"ms\":7.7}","source":"console","time":"2026-10-07T05:40:20Z"}
{"level":"info","msg":"{\"ev\":\"req\",\"route\":\"problem_list\",\"status\":200,\"t\":1791351620669,\"ms\":5.2}","source":"console","time":"2026-10-07T05:40:20Z"}
{"level":"info","msg":"{\"ev\":\"req\",\"route\":\"submit\",\"status\":200,\"t\":1791351620681,\"ms\":16.7}","source":"console","time":"2026-10-07T05:40:20Z"}
{"level":"info","msg":"{\"ev\":\"accepted\",\"id\":\"c6586a19-c90d-4adc-8f9f-e4c80dc0cc8d\",\"t\":1791351620681}","source":"console","time":"2026-10-07T05:40:20Z"}
{"level":"info","msg":"{\"ev\":\"req\",\"route\":\"problem_detail\",\"status\":200,\"t\":1791351620768,\"ms\":4}","source":"console","time":"2026-10-07T05:40:20Z"}
{"level":"info","msg":"{\"ev\":\"req\",\"route\":\"history\",\"status\":200,\"t\":1791351620868,\"ms\":4.7}","source":"console","time":"2026-10-07T05:40:20Z"}
{"level":"info","msg":"{\"ev\":\"req\",\"route\":\"problem_list\",\"status\":200,\"t\":1791351620969,\"ms\":4.6}","source":"console","time":"2026-10-07T05:40:20Z"}
{"level":"info","msg":"{\"ev\":\"req\",\"route\":\"problem_detail\",\"status\":200,\"t\":1791351621068,\"ms\":4.3}","source":"console","time":"2026-10-07T05:40:21Z"}
{"level":"info","msg":"{\"ev\":\"req\",\"route\":\"history\",\"status\":200,\"t\":1791351621167,\"ms\":3.8}","source":"console","time":"2026-10-07T05:40:21Z"}
{"level":"info","msg":"{\"ev\":\"req\",\"route\":\"problem_list\",\"status\":200,\"t\":1791351621272,\"ms\":7.7}","source":"console","time":"2026-10-07T05:40:21Z"}
{"level":"info","msg":"{\"ev\":\"req\",\"route\":\"problem_detail\",\"status\":200,\"t\":1791351621372,\"ms\":7.9}","source":"console","time":"2026-10-07T05:40:21Z"}
{"level":"info","msg":"{\"ev\":\"req\",\"route\":\"history\",\"status\":200,\"t\":1791351621473,\"ms\":9}","source":"console","time":"2026-10-07T05:40:21Z"}
{"level":"info","msg":"{\"ev\":\"req\",\"route\":\"problem_list\",\"status\":200,\"t\":1791351621572,\"ms\":8.7}","source":"console","time":"2026-10-07T05:40:21Z"}
{"level":"info","msg":"{\"ev\":\"req\",\"route\":\"problem_detail\",\"status\":200,\"t\":1791351621671,\"ms\":7.2}","source":"console","time":"2026-10-07T05:40:21Z"}
{"level":"info","msg":"{\"ev\":\"req\",\"route\":\"history\",\"status\":200,\"t\":1791351621767,\"ms\":3.5}","source":"console","time":"2026-10-07T05:40:21Z"}
{"level":"info","msg":"{\"ev\":\"req\",\"route\":\"problem_list\",\"status\":200,\"t\":1791351621873,\"ms\":8.5}","source":"console","time":"2026-10-07T05:40:21Z"}
{"level":"info","msg":"{\"ev\":\"req\",\"route\":\"problem_detail\",\"status\":200,\"t\":1791351621972,\"ms\":7.8}","source":"console","time":"2026-10-07T05:40:21Z"}
{"level":"info","msg":"{\"ev\":\"req\",\"route\":\"history\",\"status\":200,\"t\":1791351622068,\"ms\":5.1}","source":"console","time":"2026-10-07T05:40:22Z"}
{"level":"info","msg":"{\"ev\":\"req\",\"route\":\"problem_list\",\"status\":200,\"t\":1791351622168,\"ms\":3.8}","source":"console","time":"2026-10-07T05:40:22Z"}
{"level":"info","msg":"{\"ev\":\"req\",\"route\":\"problem_detail\",\"status\":200,\"t\":1791351622268,\"ms\":3.9}","source":"console","time":"2026-10-07T05:40:22Z"}
{"level":"info","msg":"{\"ev\":\"req\",\"route\":\"submit\",\"status\":200,\"t\":1791351622342,\"ms\":11.5}","source":"console","time":"2026-10-07T05:40:22Z"}
{"level":"info","msg":"{\"ev\":\"accepted\",\"id\":\"1a16aefa-3d9d-4ea4-8b2f-26e28a265539\",\"t\":1791351622342}","source":"console","time":"2026-10-07T05:40:22Z"}
{"level":"info","msg":"{\"ev\":\"req\",\"route\":\"history\",\"status\":200,\"t\":1791351622369,\"ms\":5.1}","source":"console","time":"2026-10-07T05:40:22Z"}
{"level":"info","msg":"{\"ev\":\"req\",\"route\":\"problem_list\",\"status\":200,\"t\":1791351622469,\"ms\":4.9}","source":"console","time":"2026-10-07T05:40:22Z"}
{"level":"info","msg":"{\"ev\":\"req\",\"route\":\"problem_detail\",\"status\":200,\"t\":1791351622567,\"ms\":3.7}","source":"console","time":"2026-10-07T05:40:22Z"}
{"level":"info","msg":"{\"ev\":\"req\",\"route\":\"history\",\"status\":200,\"t\":1791351622667,\"ms\":3.3}","source":"console","time":"2026-10-07T05:40:22Z"}
{"level":"info","msg":"{\"ev\":\"req\",\"route\":\"problem_list\",\"status\":200,\"t\":1791351622768,\"ms\":4.1}","source":"console","time":"2026-10-07T05:40:22Z"}
{"level":"info","msg":"{\"ev\":\"req\",\"route\":\"problem_detail\",\"status\":200,\"t\":1791351622867,\"ms\":3.7}","source":"console","time":"2026-10-07T05:40:22Z"}
{"level":"info","msg":"{\"ev\":\"req\",\"route\":\"history\",\"status\":200,\"t\":1791351622967,\"ms\":3.7}","source":"console","time":"2026-10-07T05:40:22Z"}
{"level":"info","msg":"{\"ev\":\"req\",\"route\":\"problem_list\",\"status\":200,\"t\":1791351623067,\"ms\":3.3}","source":"console","time":"2026-10-07T05:40:23Z"}
{"level":"info","msg":"{\"ev\":\"req\",\"route\":\"problem_detail\",\"status\":200,\"t\":1791351623169,\"ms\":4.6}","source":"console","time":"2026-10-07T05:40:23Z"}
{"level":"info","msg":"{\"ev\":\"req\",\"route\":\"history\",\"status\":200,\"t\":1791351623273,\"ms\":9.1}","source":"console","time":"2026-10-07T05:40:23Z"}
{"level":"info","msg":"{\"ev\":\"req\",\"route\":\"problem_list\",\"status\":200,\"t\":1791351623372,\"ms\":8.9}","source":"console","time":"2026-10-07T05:40:23Z"}
{"level":"info","msg":"{\"ev\":\"req\",\"route\":\"problem_detail\",\"status\":200,\"t\":1791351623466,\"ms\":3.1}","source":"console","time":"2026-10-07T05:40:23Z"}
{"level":"info","msg":"{\"ev\":\"req\",\"route\":\"history\",\"status\":200,\"t\":1791351623568,\"ms\":4.1}","source":"console","time":"2026-10-07T05:40:23Z"}
{"level":"info","msg":"{\"ev\":\"req\",\"route\":\"problem_list\",\"status\":200,\"t\":1791351623673,\"ms\":8.6}","source":"console","time":"2026-10-07T05:40:23Z"}
{"level":"info","msg":"{\"ev\":\"req\",\"route\":\"problem_detail\",\"status\":200,\"t\":1791351623772,\"ms\":8.2}","source":"console","time":"2026-10-07T05:40:23Z"}
{"level":"info","msg":"{\"ev\":\"req\",\"route\":\"history\",\"status\":200,\"t\":1791351623873,\"ms\":8.6}","source":"console","time":"2026-10-07T05:40:23Z"}
{"level":"info","msg":"{\"ev\":\"req\",\"route\":\"problem_list\",\"status\":200,\"t\":1791351623968,\"ms\":3.9}","source":"console","time":"2026-10-07T05:40:23Z"}
{"level":"info","msg":"{\"ev\":\"req\",\"route\":\"submit\",\"status\":200,\"t\":1791351624015,\"ms\":18}","source":"console","time":"2026-10-07T05:40:24Z"}
{"level":"info","msg":"{\"ev\":\"accepted\",\"id\":\"52d95e98-8665-480b-9668-de63a0891578\",\"t\":1791351624015}","source":"console","time":"2026-10-07T05:40:24Z"}
{"level":"info","msg":"{\"ev\":\"req\",\"route\":\"problem_detail\",\"status\":200,\"t\":1791351624068,\"ms\":4.5}","source":"console","time":"2026-10-07T05:40:24Z"}
{"level":"info","msg":"{\"ev\":\"req\",\"route\":\"history\",\"status\":200,\"t\":1791351624169,\"ms\":5}","source":"console","time":"2026-10-07T05:40:24Z"}
{"level":"info","msg":"{\"ev\":\"req\",\"route\":\"problem_list\",\"status\":200,\"t\":1791351624268,\"ms\":4.5}","source":"console","time":"2026-10-07T05:40:24Z"}
{"level":"info","msg":"{\"ev\":\"req\",\"route\":\"problem_detail\",\"status\":200,\"t\":1791351624368,\"ms\":4.3}","source":"console","time":"2026-10-07T05:40:24Z"}
{"level":"info","msg":"{\"ev\":\"req\",\"route\":\"history\",\"status\":200,\"t\":1791351624467,\"ms\":3.3}","source":"console","time":"2026-10-07T05:40:24Z"}
{"level":"info","msg":"{\"ev\":\"req\",\"route\":\"problem_list\",\"status\":200,\"t\":1791351624568,\"ms\":3.9}","source":"console","time":"2026-10-07T05:40:24Z"}
{"level":"info","msg":"{\"ev\":\"req\",\"route\":\"problem_detail\",\"status\":200,\"t\":1791351624671,\"ms\":7}","source":"console","time":"2026-10-07T05:40:24Z"}
{"level":"info","msg":"{\"ev\":\"req\",\"route\":\"history\",\"status\":200,\"t\":1791351624767,\"ms\":3.4}","source":"console","time":"2026-10-07T05:40:24Z"}
{"level":"info","msg":"{\"ev\":\"req\",\"route\":\"problem_list\",\"status\":200,\"t\":1791351624868,\"ms\":4.2}","source":"console","time":"2026-10-07T05:40:24Z"}
{"level":"info","msg":"{\"ev\":\"req\",\"route\":\"problem_detail\",\"status\":200,\"t\":1791351624971,\"ms\":7.7}","source":"console","time":"2026-10-07T05:40:24Z"}
{"level":"info","msg":"{\"ev\":\"req\",\"route\":\"history\",\"status\":200,\"t\":1791351625073,\"ms\":8.9}","source":"console","time":"2026-10-07T05:40:25Z"}
{"level":"info","msg":"{\"ev\":\"req\",\"route\":\"problem_list\",\"status\":200,\"t\":1791351625167,\"ms\":3.6}","source":"console","time":"2026-10-07T05:40:25Z"}
{"level":"info","msg":"{\"ev\":\"req\",\"route\":\"problem_detail\",\"status\":200,\"t\":1791351625267,\"ms\":3.4}","source":"console","time":"2026-10-07T05:40:25Z"}
{"level":"info","msg":"{\"ev\":\"req\",\"route\":\"history\",\"status\":200,\"t\":1791351625374,\"ms\":9.2}","source":"console","time":"2026-10-07T05:40:25Z"}
{"level":"info","msg":"{\"ev\":\"req\",\"route\":\"problem_list\",\"status\":200,\"t\":1791351625472,\"ms\":8.2}","source":"console","time":"2026-10-07T05:40:25Z"}
{"level":"info","msg":"{\"ev\":\"req\",\"route\":\"problem_detail\",\"status\":200,\"t\":1791351625571,\"ms\":7.5}","source":"console","time":"2026-10-07T05:40:25Z"}
{"level":"info","msg":"{\"ev\":\"req\",\"route\":\"history\",\"status\":200,\"t\":1791351625673,\"ms\":9.3}","source":"console","time":"2026-10-07T05:40:25Z"}
{"level":"info","msg":"{\"ev\":\"req\",\"route\":\"submit\",\"status\":200,\"t\":1791351625685,\"ms\":21.2}","source":"console","time":"2026-10-07T05:40:25Z"}
{"level":"info","msg":"{\"ev\":\"accepted\",\"id\":\"b1f0ff5d-912c-40ad-b4c8-827a477fbe76\",\"t\":1791351625685}","source":"console","time":"2026-10-07T05:40:25Z"}
{"level":"info","msg":"{\"ev\":\"req\",\"route\":\"problem_list\",\"status\":200,\"t\":1791351625768,\"ms\":4.3}","source":"console","time":"2026-10-07T05:40:25Z"}
{"level":"info","msg":"{\"ev\":\"req\",\"route\":\"problem_detail\",\"status\":200,\"t\":1791351625868,\"ms\":3.7}","source":"console","time":"2026-10-07T05:40:25Z"}
{"level":"info","msg":"{\"ev\":\"req\",\"route\":\"history\",\"status\":200,\"t\":1791351625968,\"ms\":4.1}","source":"console","time":"2026-10-07T05:40:25Z"}
{"level":"info","msg":"{\"ev\":\"req\",\"route\":\"problem_list\",\"status\":200,\"t\":1791351626067,\"ms\":3.7}","source":"console","time":"2026-10-07T05:40:26Z"}
{"level":"info","msg":"{\"ev\":\"req\",\"route\":\"problem_detail\",\"status\":200,\"t\":1791351626168,\"ms\":3.9}","source":"console","time":"2026-10-07T05:40:26Z"}
{"level":"info","msg":"{\"ev\":\"req\",\"route\":\"history\",\"status\":200,\"t\":1791351626267,\"ms\":3.5}","source":"console","time":"2026-10-07T05:40:26Z"}
{"level":"info","msg":"{\"ev\":\"req\",\"route\":\"problem_list\",\"status\":200,\"t\":1791351626373,\"ms\":8.7}","source":"console","time":"2026-10-07T05:40:26Z"}
{"level":"info","msg":"{\"ev\":\"req\",\"route\":\"problem_detail\",\"status\":200,\"t\":1791351626472,\"ms\":8.2}","source":"console","time":"2026-10-07T05:40:26Z"}
{"level":"info","msg":"{\"ev\":\"req\",\"route\":\"history\",\"status\":200,\"t\":1791351626577,\"ms\":12}","source":"console","time":"2026-10-07T05:40:26Z"}
{"level":"info","msg":"{\"ev\":\"req\",\"route\":\"problem_list\",\"status\":200,\"t\":1791351626667,\"ms\":3.3}","source":"console","time":"2026-10-07T05:40:26Z"}
{"level":"info","msg":"{\"ev\":\"req\",\"route\":\"problem_detail\",\"status\":200,\"t\":1791351626772,\"ms\":7.7}","source":"console","time":"2026-10-07T05:40:26Z"}
{"level":"info","msg":"{\"ev\":\"req\",\"route\":\"history\",\"status\":200,\"t\":1791351626872,\"ms\":8.1}","source":"console","time":"2026-10-07T05:40:26Z"}
{"level":"info","msg":"{\"ev\":\"req\",\"route\":\"problem_list\",\"status\":200,\"t\":1791351626972,\"ms\":8.1}","source":"console","time":"2026-10-07T05:40:26Z"}
{"level":"info","msg":"{\"ev\":\"req\",\"route\":\"problem_detail\",\"status\":200,\"t\":1791351627071,\"ms\":7.4}","source":"console","time":"2026-10-07T05:40:27Z"}
{"level":"info","msg":"{\"ev\":\"req\",\"route\":\"history\",\"status\":200,\"t\":1791351627171,\"ms\":6.9}","source":"console","time":"2026-10-07T05:40:27Z"}
{"level":"info","msg":"{\"ev\":\"req\",\"route\":\"problem_list\",\"status\":200,\"t\":1791351627273,\"ms\":8.8}","source":"console","time":"2026-10-07T05:40:27Z"}
{"level":"info","msg":"{\"ev\":\"req\",\"route\":\"submit\",\"status\":200,\"t\":1791351627341,\"ms\":10.4}","source":"console","time":"2026-10-07T05:40:27Z"}
{"level":"info","msg":"{\"ev\":\"accepted\",\"id\":\"531fc1f0-069c-45e3-86df-40f3f8f387a6\",\"t\":1791351627341}","source":"console","time":"2026-10-07T05:40:27Z"}
{"level":"info","msg":"{\"ev\":\"req\",\"route\":\"problem_detail\",\"status\":200,\"t\":1791351627368,\"ms\":3.7}","source":"console","time":"2026-10-07T05:40:27Z"}
{"level":"info","msg":"{\"ev\":\"req\",\"route\":\"history\",\"status\":200,\"t\":1791351627469,\"ms\":5.1}","source":"console","time":"2026-10-07T05:40:27Z"}
{"level":"info","msg":"{\"ev\":\"req\",\"route\":\"problem_list\",\"status\":200,\"t\":1791351627569,\"ms\":5.4}","source":"console","time":"2026-10-07T05:40:27Z"}
{"level":"info","msg":"{\"ev\":\"req\",\"route\":\"problem_detail\",\"status\":200,\"t\":1791351627667,\"ms\":3.4}","source":"console","time":"2026-10-07T05:40:27Z"}
{"level":"info","msg":"{\"ev\":\"req\",\"route\":\"history\",\"status\":200,\"t\":1791351627768,\"ms\":4.1}","source":"console","time":"2026-10-07T05:40:27Z"}
{"level":"info","msg":"{\"ev\":\"req\",\"route\":\"problem_list\",\"status\":200,\"t\":1791351627873,\"ms\":9.4}","source":"console","time":"2026-10-07T05:40:27Z"}
{"level":"info","msg":"{\"ev\":\"req\",\"route\":\"problem_detail\",\"status\":200,\"t\":1791351627971,\"ms\":7.5}","source":"console","time":"2026-10-07T05:40:27Z"}
{"level":"info","msg":"{\"ev\":\"req\",\"route\":\"history\",\"status\":200,\"t\":1791351628072,\"ms\":8.6}","source":"console","time":"2026-10-07T05:40:28Z"}
{"level":"info","msg":"{\"ev\":\"req\",\"route\":\"problem_list\",\"status\":200,\"t\":1791351628172,\"ms\":8}","source":"console","time":"2026-10-07T05:40:28Z"}
{"level":"info","msg":"{\"ev\":\"req\",\"route\":\"problem_detail\",\"status\":200,\"t\":1791351628269,\"ms\":4.2}","source":"console","time":"2026-10-07T05:40:28Z"}
{"level":"info","msg":"{\"ev\":\"req\",\"route\":\"history\",\"status\":200,\"t\":1791351628372,\"ms\":8.6}","source":"console","time":"2026-10-07T05:40:28Z"}
{"level":"info","msg":"{\"ev\":\"req\",\"route\":\"problem_list\",\"status\":200,\"t\":1791351628472,\"ms\":8.3}","source":"console","time":"2026-10-07T05:40:28Z"}
{"level":"info","msg":"{\"ev\":\"req\",\"route\":\"problem_detail\",\"status\":200,\"t\":1791351628568,\"ms\":3.7}","source":"console","time":"2026-10-07T05:40:28Z"}
{"level":"info","msg":"{\"ev\":\"req\",\"route\":\"history\",\"status\":200,\"t\":1791351628672,\"ms\":7.8}","source":"console","time":"2026-10-07T05:40:28Z"}
{"level":"info","msg":"{\"ev\":\"req\",\"route\":\"problem_list\",\"status\":200,\"t\":1791351628772,\"ms\":8.3}","source":"console","time":"2026-10-07T05:40:28Z"}
{"level":"info","msg":"{\"ev\":\"req\",\"route\":\"problem_detail\",\"status\":200,\"t\":1791351628871,\"ms\":7.8}","source":"console","time":"2026-10-07T05:40:28Z"}
{"level":"info","msg":"{\"ev\":\"req\",\"route\":\"history\",\"status\":200,\"t\":1791351628971,\"ms\":8}","source":"console","time":"2026-10-07T05:40:28Z"}
{"level":"info","msg":"{\"ev\":\"req\",\"route\":\"submit\",\"status\":200,\"t\":1791351629017,\"ms\":19.3}","source":"console","time":"2026-10-07T05:40:29Z"}
{"level":"info","msg":"{\"ev\":\"accepted\",\"id\":\"bba8c4bc-5fa4-43de-8aef-6409494582e1\",\"t\":1791351629017}","source":"console","time":"2026-10-07T05:40:29Z"}
{"level":"info","msg":"{\"ev\":\"req\",\"route\":\"problem_list\",\"status\":200,\"t\":1791351629067,\"ms\":3.6}","source":"console","time":"2026-10-07T05:40:29Z"}
{"level":"info","msg":"{\"ev\":\"req\",\"route\":\"problem_detail\",\"status\":200,\"t\":1791351629167,\"ms\":3.1}","source":"console","time":"2026-10-07T05:40:29Z"}
{"level":"info","msg":"{\"ev\":\"req\",\"route\":\"history\",\"status\":200,\"t\":1791351629267,\"ms\":3.9}","source":"console","time":"2026-10-07T05:40:29Z"}
{"level":"info","msg":"{\"ev\":\"req\",\"route\":\"problem_list\",\"status\":200,\"t\":1791351629368,\"ms\":3.5}","source":"console","time":"2026-10-07T05:40:29Z"}
{"level":"info","msg":"{\"ev\":\"req\",\"route\":\"problem_detail\",\"status\":200,\"t\":1791351629466,\"ms\":3.2}","source":"console","time":"2026-10-07T05:40:29Z"}
{"level":"info","msg":"{\"ev\":\"req\",\"route\":\"history\",\"status\":200,\"t\":1791351629567,\"ms\":3}","source":"console","time":"2026-10-07T05:40:29Z"}
{"level":"info","msg":"{\"ev\":\"req\",\"route\":\"problem_list\",\"status\":200,\"t\":1791351629667,\"ms\":4.1}","source":"console","time":"2026-10-07T05:40:29Z"}
{"level":"info","msg":"{\"ev\":\"req\",\"route\":\"problem_detail\",\"status\":200,\"t\":1791351629772,\"ms\":7.8}","source":"console","time":"2026-10-07T05:40:29Z"}
{"level":"info","msg":"{\"ev\":\"req\",\"route\":\"history\",\"status\":200,\"t\":1791351629868,\"ms\":3.7}","source":"console","time":"2026-10-07T05:40:29Z"}
{"level":"info","msg":"{\"ev\":\"req\",\"route\":\"problem_list\",\"status\":200,\"t\":1791351629969,\"ms\":5.4}","source":"console","time":"2026-10-07T05:40:29Z"}
{"level":"info","msg":"{\"ev\":\"req\",\"route\":\"problem_detail\",\"status\":200,\"t\":1791351630071,\"ms\":7.5}","source":"console","time":"2026-10-07T05:40:30Z"}
{"level":"info","msg":"{\"ev\":\"req\",\"route\":\"history\",\"status\":200,\"t\":1791351630172,\"ms\":8.9}","source":"console","time":"2026-10-07T05:40:30Z"}
{"level":"info","msg":"{\"ev\":\"req\",\"route\":\"problem_list\",\"status\":200,\"t\":1791351630272,\"ms\":8}","source":"console","time":"2026-10-07T05:40:30Z"}
{"level":"info","msg":"{\"ev\":\"req\",\"route\":\"problem_detail\",\"status\":200,\"t\":1791351630367,\"ms\":3}","source":"console","time":"2026-10-07T05:40:30Z"}
{"level":"info","msg":"{\"ev\":\"req\",\"route\":\"history\",\"status\":200,\"t\":1791351630473,\"ms\":8.5}","source":"console","time":"2026-10-07T05:40:30Z"}
{"level":"info","msg":"{\"ev\":\"req\",\"route\":\"problem_list\",\"status\":200,\"t\":1791351630572,\"ms\":7.9}","source":"console","time":"2026-10-07T05:40:30Z"}
{"level":"info","msg":"{\"ev\":\"req\",\"route\":\"problem_detail\",\"status\":200,\"t\":1791351630673,\"ms\":9.1}","source":"console","time":"2026-10-07T05:40:30Z"}
{"level":"info","msg":"{\"ev\":\"req\",\"route\":\"submit\",\"status\":200,\"t\":1791351630686,\"ms\":21.6}","source":"console","time":"2026-10-07T05:40:30Z"}
{"level":"info","msg":"{\"ev\":\"accepted\",\"id\":\"69cebd2b-c68c-49cb-8d34-4eb87371ffcf\",\"t\":1791351630686}","source":"console","time":"2026-10-07T05:40:30Z"}
{"level":"info","msg":"{\"ev\":\"req\",\"route\":\"history\",\"status\":200,\"t\":1791351630769,\"ms\":5.6}","source":"console","time":"2026-10-07T05:40:30Z"}
{"level":"info","msg":"{\"ev\":\"req\",\"route\":\"problem_list\",\"status\":200,\"t\":1791351630868,\"ms\":4.8}","source":"console","time":"2026-10-07T05:40:30Z"}
{"level":"info","msg":"{\"ev\":\"req\",\"route\":\"problem_detail\",\"status\":200,\"t\":1791351630968,\"ms\":4.3}","source":"console","time":"2026-10-07T05:40:30Z"}
{"level":"info","msg":"{\"ev\":\"req\",\"route\":\"history\",\"status\":200,\"t\":1791351631067,\"ms\":3.3}","source":"console","time":"2026-10-07T05:40:31Z"}
{"level":"info","msg":"{\"ev\":\"req\",\"route\":\"problem_list\",\"status\":200,\"t\":1791351631167,\"ms\":3.8}","source":"console","time":"2026-10-07T05:40:31Z"}
{"level":"info","msg":"{\"ev\":\"req\",\"route\":\"problem_detail\",\"status\":200,\"t\":1791351631271,\"ms\":7.5}","source":"console","time":"2026-10-07T05:40:31Z"}
{"level":"info","msg":"{\"ev\":\"req\",\"route\":\"history\",\"status\":200,\"t\":1791351631367,\"ms\":3.2}","source":"console","time":"2026-10-07T05:40:31Z"}
{"level":"info","msg":"{\"ev\":\"req\",\"route\":\"problem_list\",\"status\":200,\"t\":1791351631472,\"ms\":8.3}","source":"console","time":"2026-10-07T05:40:31Z"}
{"level":"info","msg":"{\"ev\":\"req\",\"route\":\"problem_detail\",\"status\":200,\"t\":1791351631571,\"ms\":7.2}","source":"console","time":"2026-10-07T05:40:31Z"}
{"level":"info","msg":"{\"ev\":\"req\",\"route\":\"history\",\"status\":200,\"t\":1791351631673,\"ms\":10}","source":"console","time":"2026-10-07T05:40:31Z"}
{"level":"info","msg":"{\"ev\":\"req\",\"route\":\"problem_list\",\"status\":200,\"t\":1791351631768,\"ms\":3.8}","source":"console","time":"2026-10-07T05:40:31Z"}
{"level":"info","msg":"{\"ev\":\"req\",\"route\":\"problem_detail\",\"status\":200,\"t\":1791351631868,\"ms\":4}","source":"console","time":"2026-10-07T05:40:31Z"}
{"level":"info","msg":"{\"ev\":\"req\",\"route\":\"history\",\"status\":200,\"t\":1791351631973,\"ms\":9.3}","source":"console","time":"2026-10-07T05:40:31Z"}
{"level":"info","msg":"{\"ev\":\"req\",\"route\":\"problem_list\",\"status\":200,\"t\":1791351632073,\"ms\":9}","source":"console","time":"2026-10-07T05:40:32Z"}
{"level":"info","msg":"{\"ev\":\"req\",\"route\":\"problem_detail\",\"status\":200,\"t\":1791351632175,\"ms\":10.3}","source":"console","time":"2026-10-07T05:40:32Z"}
{"level":"info","msg":"{\"ev\":\"req\",\"route\":\"history\",\"status\":200,\"t\":1791351632272,\"ms\":8.1}","source":"console","time":"2026-10-07T05:40:32Z"}
{"level":"info","msg":"{\"ev\":\"req\",\"route\":\"submit\",\"status\":200,\"t\":1791351632340,\"ms\":9.1}","source":"console","time":"2026-10-07T05:40:32Z"}
{"level":"info","msg":"{\"ev\":\"accepted\",\"id\":\"797f2cea-a88e-4868-bef6-384d1e8f1b69\",\"t\":1791351632340}","source":"console","time":"2026-10-07T05:40:32Z"}
{"level":"info","msg":"{\"ev\":\"req\",\"route\":\"problem_list\",\"status\":200,\"t\":1791351632367,\"ms\":3.7}","source":"console","time":"2026-10-07T05:40:32Z"}
{"level":"info","msg":"{\"ev\":\"req\",\"route\":\"problem_detail\",\"status\":200,\"t\":1791351632468,\"ms\":3.9}","source":"console","time":"2026-10-07T05:40:32Z"}
{"level":"info","msg":"{\"ev\":\"req\",\"route\":\"history\",\"status\":200,\"t\":1791351632567,\"ms\":3.5}","source":"console","time":"2026-10-07T05:40:32Z"}
{"level":"info","msg":"{\"ev\":\"req\",\"route\":\"problem_list\",\"status\":200,\"t\":1791351632668,\"ms\":4.2}","source":"console","time":"2026-10-07T05:40:32Z"}
{"level":"info","msg":"{\"ev\":\"req\",\"route\":\"problem_detail\",\"status\":200,\"t\":1791351632768,\"ms\":3.8}","source":"console","time":"2026-10-07T05:40:32Z"}
{"level":"info","msg":"{\"ev\":\"req\",\"route\":\"history\",\"status\":200,\"t\":1791351632867,\"ms\":3.5}","source":"console","time":"2026-10-07T05:40:32Z"}
{"level":"info","msg":"{\"ev\":\"req\",\"route\":\"problem_list\",\"status\":200,\"t\":1791351632968,\"ms\":4.2}","source":"console","time":"2026-10-07T05:40:32Z"}
{"level":"info","msg":"{\"ev\":\"req\",\"route\":\"problem_detail\",\"status\":200,\"t\":1791351633067,\"ms\":3.3}","source":"console","time":"2026-10-07T05:40:33Z"}
{"level":"info","msg":"{\"ev\":\"req\",\"route\":\"history\",\"status\":200,\"t\":1791351633168,\"ms\":3.8}","source":"console","time":"2026-10-07T05:40:33Z"}
{"level":"info","msg":"{\"ev\":\"req\",\"route\":\"problem_list\",\"status\":200,\"t\":1791351633274,\"ms\":9.7}","source":"console","time":"2026-10-07T05:40:33Z"}
{"level":"info","msg":"{\"ev\":\"req\",\"route\":\"problem_detail\",\"status\":200,\"t\":1791351633369,\"ms\":5.5}","source":"console","time":"2026-10-07T05:40:33Z"}
{"level":"info","msg":"{\"ev\":\"req\",\"route\":\"history\",\"status\":200,\"t\":1791351633467,\"ms\":3.7}","source":"console","time":"2026-10-07T05:40:33Z"}
{"level":"info","msg":"{\"ev\":\"req\",\"route\":\"problem_list\",\"status\":200,\"t\":1791351633567,\"ms\":3.7}","source":"console","time":"2026-10-07T05:40:33Z"}
{"level":"info","msg":"{\"ev\":\"req\",\"route\":\"problem_detail\",\"status\":200,\"t\":1791351633669,\"ms\":4.6}","source":"console","time":"2026-10-07T05:40:33Z"}
{"level":"info","msg":"{\"ev\":\"req\",\"route\":\"history\",\"status\":200,\"t\":1791351633773,\"ms\":9.5}","source":"console","time":"2026-10-07T05:40:33Z"}
{"level":"info","msg":"{\"ev\":\"req\",\"route\":\"problem_list\",\"status\":200,\"t\":1791351633872,\"ms\":8.5}","source":"console","time":"2026-10-07T05:40:33Z"}
{"level":"info","msg":"{\"ev\":\"req\",\"route\":\"problem_detail\",\"status\":200,\"t\":1791351633972,\"ms\":7.8}","source":"console","time":"2026-10-07T05:40:33Z"}
{"level":"info","msg":"{\"ev\":\"req\",\"route\":\"submit\",\"status\":200,\"t\":1791351634021,\"ms\":23.8}","source":"console","time":"2026-10-07T05:40:34Z"}
{"level":"info","msg":"{\"ev\":\"accepted\",\"id\":\"5c22cd2d-1191-42b8-9b94-59f65489e5fb\",\"t\":1791351634021}","source":"console","time":"2026-10-07T05:40:34Z"}
{"level":"info","msg":"{\"ev\":\"req\",\"route\":\"history\",\"status\":200,\"t\":1791351634069,\"ms\":5.3}","source":"console","time":"2026-10-07T05:40:34Z"}
{"level":"info","msg":"{\"ev\":\"req\",\"route\":\"problem_list\",\"status\":200,\"t\":1791351634170,\"ms\":5.4}","source":"console","time":"2026-10-07T05:40:34Z"}
{"level":"info","msg":"{\"ev\":\"req\",\"route\":\"problem_detail\",\"status\":200,\"t\":1791351634268,\"ms\":3.8}","source":"console","time":"2026-10-07T05:40:34Z"}
{"level":"info","msg":"{\"ev\":\"req\",\"route\":\"history\",\"status\":200,\"t\":1791351634368,\"ms\":4.3}","source":"console","time":"2026-10-07T05:40:34Z"}
{"level":"info","msg":"{\"ev\":\"req\",\"route\":\"problem_list\",\"status\":200,\"t\":1791351634468,\"ms\":3.8}","source":"console","time":"2026-10-07T05:40:34Z"}
{"level":"info","msg":"{\"ev\":\"req\",\"route\":\"problem_detail\",\"status\":200,\"t\":1791351634567,\"ms\":3.3}","source":"console","time":"2026-10-07T05:40:34Z"}
{"level":"info","msg":"{\"ev\":\"req\",\"route\":\"history\",\"status\":200,\"t\":1791351634671,\"ms\":7.5}","source":"console","time":"2026-10-07T05:40:34Z"}
{"level":"info","msg":"{\"ev\":\"req\",\"route\":\"problem_list\",\"status\":200,\"t\":1791351634772,\"ms\":7.7}","source":"console","time":"2026-10-07T05:40:34Z"}
{"level":"info","msg":"{\"ev\":\"req\",\"route\":\"problem_detail\",\"status\":200,\"t\":1791351634871,\"ms\":7.3}","source":"console","time":"2026-10-07T05:40:34Z"}
{"level":"info","msg":"{\"ev\":\"req\",\"route\":\"history\",\"status\":200,\"t\":1791351634972,\"ms\":8.3}","source":"console","time":"2026-10-07T05:40:34Z"}
{"level":"info","msg":"{\"ev\":\"req\",\"route\":\"problem_list\",\"status\":200,\"t\":1791351635073,\"ms\":8.2}","source":"console","time":"2026-10-07T05:40:35Z"}
{"level":"info","msg":"{\"ev\":\"req\",\"route\":\"problem_detail\",\"status\":200,\"t\":1791351635172,\"ms\":8.6}","source":"console","time":"2026-10-07T05:40:35Z"}
{"level":"info","msg":"{\"ev\":\"req\",\"route\":\"history\",\"status\":200,\"t\":1791351635273,\"ms\":8.5}","source":"console","time":"2026-10-07T05:40:35Z"}
{"level":"info","msg":"{\"ev\":\"req\",\"route\":\"problem_list\",\"status\":200,\"t\":1791351635373,\"ms\":8.4}","source":"console","time":"2026-10-07T05:40:35Z"}
{"level":"info","msg":"{\"ev\":\"req\",\"route\":\"problem_detail\",\"status\":200,\"t\":1791351635472,\"ms\":8.1}","source":"console","time":"2026-10-07T05:40:35Z"}
{"level":"info","msg":"{\"ev\":\"req\",\"route\":\"history\",\"status\":200,\"t\":1791351635572,\"ms\":7.7}","source":"console","time":"2026-10-07T05:40:35Z"}
{"level":"info","msg":"{\"ev\":\"req\",\"route\":\"problem_list\",\"status\":200,\"t\":1791351635675,\"ms\":10.7}","source":"console","time":"2026-10-07T05:40:35Z"}
{"level":"info","msg":"{\"ev\":\"req\",\"route\":\"submit\",\"status\":200,\"t\":1791351635689,\"ms\":24.7}","source":"console","time":"2026-10-07T05:40:35Z"}
{"level":"info","msg":"{\"ev\":\"accepted\",\"id\":\"f955b87b-7539-42c5-8b07-f11e72d7161a\",\"t\":1791351635689}","source":"console","time":"2026-10-07T05:40:35Z"}
{"level":"info","msg":"{\"ev\":\"req\",\"route\":\"problem_detail\",\"status\":200,\"t\":1791351635768,\"ms\":4.2}","source":"console","time":"2026-10-07T05:40:35Z"}
{"level":"info","msg":"{\"ev\":\"req\",\"route\":\"history\",\"status\":200,\"t\":1791351635868,\"ms\":3.7}","source":"console","time":"2026-10-07T05:40:35Z"}
{"level":"info","msg":"{\"ev\":\"req\",\"route\":\"problem_list\",\"status\":200,\"t\":1791351635969,\"ms\":5.6}","source":"console","time":"2026-10-07T05:40:35Z"}
{"level":"info","msg":"{\"ev\":\"req\",\"route\":\"problem_detail\",\"status\":200,\"t\":1791351636069,\"ms\":4.9}","source":"console","time":"2026-10-07T05:40:36Z"}
{"level":"info","msg":"{\"ev\":\"req\",\"route\":\"history\",\"status\":200,\"t\":1791351636168,\"ms\":4.4}","source":"console","time":"2026-10-07T05:40:36Z"}
{"level":"info","msg":"{\"ev\":\"req\",\"route\":\"problem_list\",\"status\":200,\"t\":1791351636267,\"ms\":3.6}","source":"console","time":"2026-10-07T05:40:36Z"}
{"level":"info","msg":"{\"ev\":\"req\",\"route\":\"problem_detail\",\"status\":200,\"t\":1791351636367,\"ms\":3.4}","source":"console","time":"2026-10-07T05:40:36Z"}
{"level":"info","msg":"{\"ev\":\"req\",\"route\":\"history\",\"status\":200,\"t\":1791351636468,\"ms\":4.1}","source":"console","time":"2026-10-07T05:40:36Z"}
{"level":"info","msg":"{\"ev\":\"req\",\"route\":\"problem_list\",\"status\":200,\"t\":1791351636572,\"ms\":8.7}","source":"console","time":"2026-10-07T05:40:36Z"}
{"level":"info","msg":"{\"ev\":\"req\",\"route\":\"problem_detail\",\"status\":200,\"t\":1791351636672,\"ms\":7.4}","source":"console","time":"2026-10-07T05:40:36Z"}
{"level":"info","msg":"{\"ev\":\"req\",\"route\":\"history\",\"status\":200,\"t\":1791351636772,\"ms\":8.5}","source":"console","time":"2026-10-07T05:40:36Z"}
{"level":"info","msg":"{\"ev\":\"req\",\"route\":\"problem_list\",\"status\":200,\"t\":1791351636872,\"ms\":8.7}","source":"console","time":"2026-10-07T05:40:36Z"}
{"level":"info","msg":"{\"ev\":\"req\",\"route\":\"problem_detail\",\"status\":200,\"t\":1791351636972,\"ms\":7.9}","source":"console","time":"2026-10-07T05:40:36Z"}
{"level":"info","msg":"{\"ev\":\"req\",\"route\":\"history\",\"status\":200,\"t\":1791351637072,\"ms\":8.1}","source":"console","time":"2026-10-07T05:40:37Z"}
{"level":"info","msg":"{\"ev\":\"req\",\"route\":\"problem_list\",\"status\":200,\"t\":1791351637172,\"ms\":8.1}","source":"console","time":"2026-10-07T05:40:37Z"}
{"level":"info","msg":"{\"ev\":\"req\",\"route\":\"problem_detail\",\"status\":200,\"t\":1791351637272,\"ms\":7.7}","source":"console","time":"2026-10-07T05:40:37Z"}
{"level":"info","msg":"{\"ev\":\"req\",\"route\":\"submit\",\"status\":200,\"t\":1791351637339,\"ms\":9.1}","source":"console","time":"2026-10-07T05:40:37Z"}
{"level":"info","msg":"{\"ev\":\"accepted\",\"id\":\"2e00ba67-643c-4e70-bc3f-ddab8d524eda\",\"t\":1791351637340}","source":"console","time":"2026-10-07T05:40:37Z"}
{"level":"info","msg":"{\"ev\":\"req\",\"route\":\"history\",\"status\":200,\"t\":1791351637367,\"ms\":3.5}","source":"console","time":"2026-10-07T05:40:37Z"}
{"level":"info","msg":"{\"ev\":\"req\",\"route\":\"problem_list\",\"status\":200,\"t\":1791351637471,\"ms\":6.6}","source":"console","time":"2026-10-07T05:40:37Z"}
{"level":"info","msg":"{\"ev\":\"req\",\"route\":\"problem_detail\",\"status\":200,\"t\":1791351637568,\"ms\":4.3}","source":"console","time":"2026-10-07T05:40:37Z"}
{"level":"info","msg":"{\"ev\":\"req\",\"route\":\"history\",\"status\":200,\"t\":1791351637668,\"ms\":5}","source":"console","time":"2026-10-07T05:40:37Z"}
{"level":"info","msg":"{\"ev\":\"req\",\"route\":\"problem_list\",\"status\":200,\"t\":1791351637767,\"ms\":3.2}","source":"console","time":"2026-10-07T05:40:37Z"}
{"level":"info","msg":"{\"ev\":\"req\",\"route\":\"problem_detail\",\"status\":200,\"t\":1791351637867,\"ms\":3.4}","source":"console","time":"2026-10-07T05:40:37Z"}
{"level":"info","msg":"{\"ev\":\"req\",\"route\":\"history\",\"status\":200,\"t\":1791351637973,\"ms\":8.7}","source":"console","time":"2026-10-07T05:40:37Z"}
{"level":"info","msg":"{\"ev\":\"req\",\"route\":\"problem_list\",\"status\":200,\"t\":1791351638073,\"ms\":9.1}","source":"console","time":"2026-10-07T05:40:38Z"}
{"level":"info","msg":"{\"ev\":\"req\",\"route\":\"problem_detail\",\"status\":200,\"t\":1791351638173,\"ms\":9}","source":"console","time":"2026-10-07T05:40:38Z"}
{"level":"info","msg":"{\"ev\":\"req\",\"route\":\"history\",\"status\":200,\"t\":1791351638273,\"ms\":8.7}","source":"console","time":"2026-10-07T05:40:38Z"}
{"level":"info","msg":"{\"ev\":\"req\",\"route\":\"problem_list\",\"status\":200,\"t\":1791351638373,\"ms\":9}","source":"console","time":"2026-10-07T05:40:38Z"}
{"level":"info","msg":"{\"ev\":\"req\",\"route\":\"problem_detail\",\"status\":200,\"t\":1791351638471,\"ms\":7.8}","source":"console","time":"2026-10-07T05:40:38Z"}
{"level":"info","msg":"{\"ev\":\"req\",\"route\":\"history\",\"status\":200,\"t\":1791351638571,\"ms\":7.6}","source":"console","time":"2026-10-07T05:40:38Z"}
{"level":"info","msg":"{\"ev\":\"req\",\"route\":\"problem_list\",\"status\":200,\"t\":1791351638673,\"ms\":8.4}","source":"console","time":"2026-10-07T05:40:38Z"}
{"level":"info","msg":"{\"ev\":\"req\",\"route\":\"problem_detail\",\"status\":200,\"t\":1791351638771,\"ms\":7.2}","source":"console","time":"2026-10-07T05:40:38Z"}
{"level":"info","msg":"{\"ev\":\"req\",\"route\":\"history\",\"status\":200,\"t\":1791351638872,\"ms\":9}","source":"console","time":"2026-10-07T05:40:38Z"}
{"level":"info","msg":"{\"ev\":\"req\",\"route\":\"problem_list\",\"status\":200,\"t\":1791351638972,\"ms\":8.7}","source":"console","time":"2026-10-07T05:40:38Z"}
{"level":"info","msg":"{\"ev\":\"req\",\"route\":\"submit\",\"status\":200,\"t\":1791351639021,\"ms\":23.5}","source":"console","time":"2026-10-07T05:40:39Z"}
{"level":"info","msg":"{\"ev\":\"accepted\",\"id\":\"15d13147-3135-42cc-b515-17eef0f127b8\",\"t\":1791351639021}","source":"console","time":"2026-10-07T05:40:39Z"}
{"level":"info","msg":"{\"ev\":\"req\",\"route\":\"problem_detail\",\"status\":200,\"t\":1791351639067,\"ms\":3.3}","source":"console","time":"2026-10-07T05:40:39Z"}
{"level":"info","msg":"{\"ev\":\"req\",\"route\":\"history\",\"status\":200,\"t\":1791351639167,\"ms\":3.9}","source":"console","time":"2026-10-07T05:40:39Z"}
{"level":"info","msg":"{\"ev\":\"req\",\"route\":\"problem_list\",\"status\":200,\"t\":1791351639268,\"ms\":3.8}","source":"console","time":"2026-10-07T05:40:39Z"}
{"level":"info","msg":"{\"ev\":\"req\",\"route\":\"problem_detail\",\"status\":200,\"t\":1791351639367,\"ms\":3.1}","source":"console","time":"2026-10-07T05:40:39Z"}
{"level":"info","msg":"{\"ev\":\"req\",\"route\":\"history\",\"status\":200,\"t\":1791351639467,\"ms\":3.2}","source":"console","time":"2026-10-07T05:40:39Z"}
{"level":"info","msg":"{\"ev\":\"req\",\"route\":\"problem_list\",\"status\":200,\"t\":1791351639567,\"ms\":3.9}","source":"console","time":"2026-10-07T05:40:39Z"}
{"level":"info","msg":"{\"ev\":\"req\",\"route\":\"problem_detail\",\"status\":200,\"t\":1791351639668,\"ms\":3.4}","source":"console","time":"2026-10-07T05:40:39Z"}
{"level":"info","msg":"{\"ev\":\"req\",\"route\":\"history\",\"status\":200,\"t\":1791351639775,\"ms\":11.2}","source":"console","time":"2026-10-07T05:40:39Z"}
{"level":"info","msg":"{\"ev\":\"req\",\"route\":\"problem_list\",\"status\":200,\"t\":1791351639867,\"ms\":3.6}","source":"console","time":"2026-10-07T05:40:39Z"}
{"level":"info","msg":"{\"ev\":\"req\",\"route\":\"problem_detail\",\"status\":200,\"t\":1791351639972,\"ms\":8.2}","source":"console","time":"2026-10-07T05:40:39Z"}
{"level":"info","msg":"{\"ev\":\"req\",\"route\":\"history\",\"status\":200,\"t\":1791351640073,\"ms\":9.3}","source":"console","time":"2026-10-07T05:40:40Z"}
{"level":"info","msg":"{\"ev\":\"req\",\"route\":\"problem_list\",\"status\":200,\"t\":1791351640173,\"ms\":8.6}","source":"console","time":"2026-10-07T05:40:40Z"}
{"level":"info","msg":"{\"ev\":\"req\",\"route\":\"problem_detail\",\"status\":200,\"t\":1791351640273,\"ms\":8.7}","source":"console","time":"2026-10-07T05:40:40Z"}
{"level":"info","msg":"{\"ev\":\"req\",\"route\":\"history\",\"status\":200,\"t\":1791351640373,\"ms\":9.3}","source":"console","time":"2026-10-07T05:40:40Z"}
{"level":"info","msg":"{\"ev\":\"req\",\"route\":\"problem_list\",\"status\":200,\"t\":1791351640472,\"ms\":7.9}","source":"console","time":"2026-10-07T05:40:40Z"}
{"level":"info","msg":"{\"ev\":\"req\",\"route\":\"problem_detail\",\"status\":200,\"t\":1791351640572,\"ms\":7.4}","source":"console","time":"2026-10-07T05:40:40Z"}
{"level":"info","msg":"{\"ev\":\"req\",\"route\":\"history\",\"status\":200,\"t\":1791351640673,\"ms\":9.5}","source":"console","time":"2026-10-07T05:40:40Z"}
{"level":"info","msg":"{\"ev\":\"req\",\"route\":\"submit\",\"status\":200,\"t\":1791351640687,\"ms\":23.3}","source":"console","time":"2026-10-07T05:40:40Z"}
{"level":"info","msg":"{\"ev\":\"accepted\",\"id\":\"39c6b173-b5c5-4f90-b21f-c2082a948e70\",\"t\":1791351640687}","source":"console","time":"2026-10-07T05:40:40Z"}
{"level":"info","msg":"{\"ev\":\"req\",\"route\":\"problem_list\",\"status\":200,\"t\":1791351640770,\"ms\":6}","source":"console","time":"2026-10-07T05:40:40Z"}
{"level":"info","msg":"{\"ev\":\"req\",\"route\":\"problem_detail\",\"status\":200,\"t\":1791351640868,\"ms\":4.6}","source":"console","time":"2026-10-07T05:40:40Z"}
{"level":"info","msg":"{\"ev\":\"req\",\"route\":\"history\",\"status\":200,\"t\":1791351640968,\"ms\":4.1}","source":"console","time":"2026-10-07T05:40:40Z"}
{"level":"info","msg":"{\"ev\":\"req\",\"route\":\"problem_list\",\"status\":200,\"t\":1791351641068,\"ms\":4.8}","source":"console","time":"2026-10-07T05:40:41Z"}
{"level":"info","msg":"{\"ev\":\"req\",\"route\":\"problem_detail\",\"status\":200,\"t\":1791351641168,\"ms\":3.8}","source":"console","time":"2026-10-07T05:40:41Z"}
{"level":"info","msg":"{\"ev\":\"req\",\"route\":\"history\",\"status\":200,\"t\":1791351641267,\"ms\":3.8}","source":"console","time":"2026-10-07T05:40:41Z"}
{"level":"info","msg":"{\"ev\":\"req\",\"route\":\"problem_list\",\"status\":200,\"t\":1791351641372,\"ms\":7.6}","source":"console","time":"2026-10-07T05:40:41Z"}
{"level":"info","msg":"{\"ev\":\"req\",\"route\":\"problem_detail\",\"status\":200,\"t\":1791351641472,\"ms\":7.9}","source":"console","time":"2026-10-07T05:40:41Z"}
{"level":"info","msg":"{\"ev\":\"req\",\"route\":\"history\",\"status\":200,\"t\":1791351641572,\"ms\":8}","source":"console","time":"2026-10-07T05:40:41Z"}
{"level":"info","msg":"{\"ev\":\"req\",\"route\":\"problem_list\",\"status\":200,\"t\":1791351641672,\"ms\":8.7}","source":"console","time":"2026-10-07T05:40:41Z"}
{"level":"info","msg":"{\"ev\":\"req\",\"route\":\"problem_detail\",\"status\":200,\"t\":1791351641767,\"ms\":3.1}","source":"console","time":"2026-10-07T05:40:41Z"}
{"level":"info","msg":"{\"ev\":\"req\",\"route\":\"history\",\"status\":200,\"t\":1791351641873,\"ms\":8.4}","source":"console","time":"2026-10-07T05:40:41Z"}
{"level":"info","msg":"{\"ev\":\"req\",\"route\":\"problem_list\",\"status\":200,\"t\":1791351641972,\"ms\":8.2}","source":"console","time":"2026-10-07T05:40:41Z"}
{"level":"info","msg":"{\"ev\":\"req\",\"route\":\"problem_detail\",\"status\":200,\"t\":1791351642072,\"ms\":8}","source":"console","time":"2026-10-07T05:40:42Z"}
{"level":"info","msg":"{\"ev\":\"req\",\"route\":\"history\",\"status\":200,\"t\":1791351642173,\"ms\":9.3}","source":"console","time":"2026-10-07T05:40:42Z"}
{"level":"info","msg":"{\"ev\":\"req\",\"route\":\"problem_list\",\"status\":200,\"t\":1791351642273,\"ms\":8.7}","source":"console","time":"2026-10-07T05:40:42Z"}
{"level":"info","msg":"{\"ev\":\"req\",\"route\":\"submit\",\"status\":200,\"t\":1791351642354,\"ms\":22.9}","source":"console","time":"2026-10-07T05:40:42Z"}
{"level":"info","msg":"{\"ev\":\"accepted\",\"id\":\"61ecf1d5-dda6-4833-8278-fb20417cbbc4\",\"t\":1791351642354}","source":"console","time":"2026-10-07T05:40:42Z"}
{"level":"info","msg":"{\"ev\":\"req\",\"route\":\"problem_detail\",\"status\":200,\"t\":1791351642367,\"ms\":3.3}","source":"console","time":"2026-10-07T05:40:42Z"}
{"level":"info","msg":"{\"ev\":\"req\",\"route\":\"history\",\"status\":200,\"t\":1791351642467,\"ms\":3.5}","source":"console","time":"2026-10-07T05:40:42Z"}
{"level":"info","msg":"{\"ev\":\"req\",\"route\":\"problem_list\",\"status\":200,\"t\":1791351642569,\"ms\":5.2}","source":"console","time":"2026-10-07T05:40:42Z"}
{"level":"info","msg":"{\"ev\":\"req\",\"route\":\"problem_detail\",\"status\":200,\"t\":1791351642668,\"ms\":3.6}","source":"console","time":"2026-10-07T05:40:42Z"}
{"level":"info","msg":"{\"ev\":\"req\",\"route\":\"history\",\"status\":200,\"t\":1791351642768,\"ms\":3.4}","source":"console","time":"2026-10-07T05:40:42Z"}
{"level":"info","msg":"{\"ev\":\"req\",\"route\":\"problem_list\",\"status\":200,\"t\":1791351642867,\"ms\":3.6}","source":"console","time":"2026-10-07T05:40:42Z"}
{"level":"info","msg":"{\"ev\":\"req\",\"route\":\"problem_detail\",\"status\":200,\"t\":1791351642967,\"ms\":2.9}","source":"console","time":"2026-10-07T05:40:42Z"}
{"level":"info","msg":"{\"ev\":\"req\",\"route\":\"history\",\"status\":200,\"t\":1791351643070,\"ms\":6.8}","source":"console","time":"2026-10-07T05:40:43Z"}
{"level":"info","msg":"{\"ev\":\"req\",\"route\":\"problem_list\",\"status\":200,\"t\":1791351643173,\"ms\":8.5}","source":"console","time":"2026-10-07T05:40:43Z"}
{"level":"info","msg":"{\"ev\":\"req\",\"route\":\"problem_detail\",\"status\":200,\"t\":1791351643272,\"ms\":8.1}","source":"console","time":"2026-10-07T05:40:43Z"}
{"level":"info","msg":"{\"ev\":\"req\",\"route\":\"history\",\"status\":200,\"t\":1791351643374,\"ms\":9.7}","source":"console","time":"2026-10-07T05:40:43Z"}
{"level":"info","msg":"{\"ev\":\"req\",\"route\":\"problem_list\",\"status\":200,\"t\":1791351643472,\"ms\":8.2}","source":"console","time":"2026-10-07T05:40:43Z"}
{"level":"info","msg":"{\"ev\":\"req\",\"route\":\"problem_detail\",\"status\":200,\"t\":1791351643566,\"ms\":3}","source":"console","time":"2026-10-07T05:40:43Z"}
{"level":"info","msg":"{\"ev\":\"req\",\"route\":\"history\",\"status\":200,\"t\":1791351643667,\"ms\":3.2}","source":"console","time":"2026-10-07T05:40:43Z"}
{"level":"info","msg":"{\"ev\":\"req\",\"route\":\"problem_list\",\"status\":200,\"t\":1791351643774,\"ms\":9.2}","source":"console","time":"2026-10-07T05:40:43Z"}
{"level":"info","msg":"{\"ev\":\"req\",\"route\":\"problem_detail\",\"status\":200,\"t\":1791351643872,\"ms\":7.8}","source":"console","time":"2026-10-07T05:40:43Z"}
{"level":"info","msg":"{\"ev\":\"req\",\"route\":\"history\",\"status\":200,\"t\":1791351643973,\"ms\":8.9}","source":"console","time":"2026-10-07T05:40:43Z"}
{"level":"info","msg":"{\"ev\":\"req\",\"route\":\"submit\",\"status\":200,\"t\":1791351644022,\"ms\":24.5}","source":"console","time":"2026-10-07T05:40:44Z"}
{"level":"info","msg":"{\"ev\":\"accepted\",\"id\":\"56ce2224-6b9d-45e5-998b-6a1e1d1726b3\",\"t\":1791351644022}","source":"console","time":"2026-10-07T05:40:44Z"}
{"level":"info","msg":"{\"ev\":\"req\",\"route\":\"problem_list\",\"status\":200,\"t\":1791351644070,\"ms\":5.7}","source":"console","time":"2026-10-07T05:40:44Z"}
{"level":"info","msg":"{\"ev\":\"req\",\"route\":\"problem_detail\",\"status\":200,\"t\":1791351644169,\"ms\":5.9}","source":"console","time":"2026-10-07T05:40:44Z"}
{"level":"info","msg":"{\"ev\":\"req\",\"route\":\"history\",\"status\":200,\"t\":1791351644271,\"ms\":6.4}","source":"console","time":"2026-10-07T05:40:44Z"}
{"level":"info","msg":"{\"ev\":\"req\",\"route\":\"problem_list\",\"status\":200,\"t\":1791351644370,\"ms\":6.8}","source":"console","time":"2026-10-07T05:40:44Z"}
{"level":"info","msg":"{\"ev\":\"req\",\"route\":\"problem_detail\",\"status\":200,\"t\":1791351644468,\"ms\":4.1}","source":"console","time":"2026-10-07T05:40:44Z"}
{"level":"info","msg":"{\"ev\":\"req\",\"route\":\"history\",\"status\":200,\"t\":1791351644569,\"ms\":5}","source":"console","time":"2026-10-07T05:40:44Z"}
{"level":"info","msg":"{\"ev\":\"req\",\"route\":\"problem_list\",\"status\":200,\"t\":1791351644669,\"ms\":5.4}","source":"console","time":"2026-10-07T05:40:44Z"}
{"level":"info","msg":"{\"ev\":\"req\",\"route\":\"problem_detail\",\"status\":200,\"t\":1791351644768,\"ms\":3.9}","source":"console","time":"2026-10-07T05:40:44Z"}
{"level":"info","msg":"{\"ev\":\"req\",\"route\":\"history\",\"status\":200,\"t\":1791351644868,\"ms\":4.4}","source":"console","time":"2026-10-07T05:40:44Z"}
{"level":"info","msg":"{\"ev\":\"req\",\"route\":\"problem_list\",\"status\":200,\"t\":1791351644969,\"ms\":5.6}","source":"console","time":"2026-10-07T05:40:44Z"}
{"level":"info","msg":"{\"ev\":\"req\",\"route\":\"problem_detail\",\"status\":200,\"t\":1791351645072,\"ms\":7.9}","source":"console","time":"2026-10-07T05:40:45Z"}
{"level":"info","msg":"{\"ev\":\"req\",\"route\":\"history\",\"status\":200,\"t\":1791351645171,\"ms\":7.2}","source":"console","time":"2026-10-07T05:40:45Z"}
{"level":"info","msg":"{\"ev\":\"req\",\"route\":\"problem_list\",\"status\":200,\"t\":1791351645273,\"ms\":8.4}","source":"console","time":"2026-10-07T05:40:45Z"}
{"level":"info","msg":"{\"ev\":\"req\",\"route\":\"problem_detail\",\"status\":200,\"t\":1791351645372,\"ms\":8}","source":"console","time":"2026-10-07T05:40:45Z"}
{"level":"info","msg":"{\"ev\":\"req\",\"route\":\"history\",\"status\":200,\"t\":1791351645471,\"ms\":6.8}","source":"console","time":"2026-10-07T05:40:45Z"}
{"level":"info","msg":"{\"ev\":\"req\",\"route\":\"problem_list\",\"status\":200,\"t\":1791351645573,\"ms\":8.7}","source":"console","time":"2026-10-07T05:40:45Z"}
{"level":"info","msg":"{\"ev\":\"req\",\"route\":\"problem_detail\",\"status\":200,\"t\":1791351645671,\"ms\":7.2}","source":"console","time":"2026-10-07T05:40:45Z"}
{"level":"info","msg":"{\"ev\":\"req\",\"route\":\"submit\",\"status\":200,\"t\":1791351645682,\"ms\":18.2}","source":"console","time":"2026-10-07T05:40:45Z"}
{"level":"info","msg":"{\"ev\":\"accepted\",\"id\":\"c9004393-6c6f-499b-9d43-1037f14e05cc\",\"t\":1791351645682}","source":"console","time":"2026-10-07T05:40:45Z"}
{"level":"info","msg":"{\"ev\":\"req\",\"route\":\"history\",\"status\":200,\"t\":1791351645768,\"ms\":4.2}","source":"console","time":"2026-10-07T05:40:45Z"}
{"level":"info","msg":"{\"ev\":\"req\",\"route\":\"problem_list\",\"status\":200,\"t\":1791351645868,\"ms\":4.5}","source":"console","time":"2026-10-07T05:40:45Z"}
{"level":"info","msg":"{\"ev\":\"req\",\"route\":\"problem_detail\",\"status\":200,\"t\":1791351645968,\"ms\":3.5}","source":"console","time":"2026-10-07T05:40:45Z"}
{"level":"info","msg":"{\"ev\":\"req\",\"route\":\"history\",\"status\":200,\"t\":1791351646068,\"ms\":5}","source":"console","time":"2026-10-07T05:40:46Z"}
{"level":"info","msg":"{\"ev\":\"req\",\"route\":\"problem_list\",\"status\":200,\"t\":1791351646168,\"ms\":3.7}","source":"console","time":"2026-10-07T05:40:46Z"}
{"level":"info","msg":"{\"ev\":\"req\",\"route\":\"problem_detail\",\"status\":200,\"t\":1791351646267,\"ms\":3}","source":"console","time":"2026-10-07T05:40:46Z"}
{"level":"info","msg":"{\"ev\":\"req\",\"route\":\"history\",\"status\":200,\"t\":1791351646372,\"ms\":8.4}","source":"console","time":"2026-10-07T05:40:46Z"}
{"level":"info","msg":"{\"ev\":\"req\",\"route\":\"problem_list\",\"status\":200,\"t\":1791351646471,\"ms\":8}","source":"console","time":"2026-10-07T05:40:46Z"}
{"level":"info","msg":"{\"ev\":\"req\",\"route\":\"problem_detail\",\"status\":200,\"t\":1791351646572,\"ms\":8.2}","source":"console","time":"2026-10-07T05:40:46Z"}
{"level":"info","msg":"{\"ev\":\"req\",\"route\":\"history\",\"status\":200,\"t\":1791351646667,\"ms\":3}","source":"console","time":"2026-10-07T05:40:46Z"}
{"level":"info","msg":"{\"ev\":\"req\",\"route\":\"problem_list\",\"status\":200,\"t\":1791351646773,\"ms\":9}","source":"console","time":"2026-10-07T05:40:46Z"}
{"level":"info","msg":"{\"ev\":\"req\",\"route\":\"problem_detail\",\"status\":200,\"t\":1791351646872,\"ms\":8.9}","source":"console","time":"2026-10-07T05:40:46Z"}
{"level":"info","msg":"{\"ev\":\"req\",\"route\":\"history\",\"status\":200,\"t\":1791351646966,\"ms\":3}","source":"console","time":"2026-10-07T05:40:46Z"}
{"level":"info","msg":"{\"ev\":\"req\",\"route\":\"problem_list\",\"status\":200,\"t\":1791351647072,\"ms\":8.9}","source":"console","time":"2026-10-07T05:40:47Z"}
{"level":"info","msg":"{\"ev\":\"req\",\"route\":\"problem_detail\",\"status\":200,\"t\":1791351647172,\"ms\":7.7}","source":"console","time":"2026-10-07T05:40:47Z"}
{"level":"info","msg":"{\"ev\":\"req\",\"route\":\"history\",\"status\":200,\"t\":1791351647273,\"ms\":9.2}","source":"console","time":"2026-10-07T05:40:47Z"}
{"level":"info","msg":"{\"ev\":\"req\",\"route\":\"submit\",\"status\":200,\"t\":1791351647353,\"ms\":22.3}","source":"console","time":"2026-10-07T05:40:47Z"}
{"level":"info","msg":"{\"ev\":\"accepted\",\"id\":\"cad35405-6b35-4e26-b142-f87d43bd92fc\",\"t\":1791351647353}","source":"console","time":"2026-10-07T05:40:47Z"}
{"level":"info","msg":"{\"ev\":\"req\",\"route\":\"problem_list\",\"status\":200,\"t\":1791351647367,\"ms\":3.2}","source":"console","time":"2026-10-07T05:40:47Z"}
{"level":"info","msg":"{\"ev\":\"req\",\"route\":\"problem_detail\",\"status\":200,\"t\":1791351647469,\"ms\":4.6}","source":"console","time":"2026-10-07T05:40:47Z"}
{"level":"info","msg":"{\"ev\":\"req\",\"route\":\"history\",\"status\":200,\"t\":1791351647569,\"ms\":4.7}","source":"console","time":"2026-10-07T05:40:47Z"}
{"level":"info","msg":"{\"ev\":\"req\",\"route\":\"problem_list\",\"status\":200,\"t\":1791351647669,\"ms\":5.1}","source":"console","time":"2026-10-07T05:40:47Z"}
{"level":"info","msg":"{\"ev\":\"req\",\"route\":\"problem_detail\",\"status\":200,\"t\":1791351647767,\"ms\":3.4}","source":"console","time":"2026-10-07T05:40:47Z"}
{"level":"info","msg":"{\"ev\":\"req\",\"route\":\"history\",\"status\":200,\"t\":1791351647867,\"ms\":3.1}","source":"console","time":"2026-10-07T05:40:47Z"}
{"level":"info","msg":"{\"ev\":\"req\",\"route\":\"problem_list\",\"status\":200,\"t\":1791351647973,\"ms\":8.4}","source":"console","time":"2026-10-07T05:40:47Z"}
{"level":"info","msg":"{\"ev\":\"req\",\"route\":\"problem_detail\",\"status\":200,\"t\":1791351648072,\"ms\":7.8}","source":"console","time":"2026-10-07T05:40:48Z"}
{"level":"info","msg":"{\"ev\":\"req\",\"route\":\"history\",\"status\":200,\"t\":1791351648172,\"ms\":7.4}","source":"console","time":"2026-10-07T05:40:48Z"}
{"level":"info","msg":"{\"ev\":\"req\",\"route\":\"problem_list\",\"status\":200,\"t\":1791351648272,\"ms\":8.2}","source":"console","time":"2026-10-07T05:40:48Z"}
{"level":"info","msg":"{\"ev\":\"req\",\"route\":\"problem_detail\",\"status\":200,\"t\":1791351648369,\"ms\":4.8}","source":"console","time":"2026-10-07T05:40:48Z"}
{"level":"info","msg":"{\"ev\":\"req\",\"route\":\"history\",\"status\":200,\"t\":1791351648471,\"ms\":7.6}","source":"console","time":"2026-10-07T05:40:48Z"}
{"level":"info","msg":"{\"ev\":\"req\",\"route\":\"problem_list\",\"status\":200,\"t\":1791351648572,\"ms\":8.1}","source":"console","time":"2026-10-07T05:40:48Z"}
{"level":"info","msg":"{\"ev\":\"req\",\"route\":\"problem_detail\",\"status\":200,\"t\":1791351648668,\"ms\":3.8}","source":"console","time":"2026-10-07T05:40:48Z"}
{"level":"info","msg":"{\"ev\":\"req\",\"route\":\"history\",\"status\":200,\"t\":1791351648772,\"ms\":8.3}","source":"console","time":"2026-10-07T05:40:48Z"}
{"level":"info","msg":"{\"ev\":\"req\",\"route\":\"problem_list\",\"status\":200,\"t\":1791351648872,\"ms\":8.3}","source":"console","time":"2026-10-07T05:40:48Z"}
{"level":"info","msg":"{\"ev\":\"req\",\"route\":\"problem_detail\",\"status\":200,\"t\":1791351648971,\"ms\":7.4}","source":"console","time":"2026-10-07T05:40:48Z"}
{"level":"info","msg":"{\"ev\":\"req\",\"route\":\"submit\",\"status\":200,\"t\":1791351649018,\"ms\":20.5}","source":"console","time":"2026-10-07T05:40:49Z"}
{"level":"info","msg":"{\"ev\":\"accepted\",\"id\":\"601b1b1e-0de8-457e-8d4d-a4e75006f5b5\",\"t\":1791351649018}","source":"console","time":"2026-10-07T05:40:49Z"}
{"level":"info","msg":"{\"ev\":\"req\",\"route\":\"history\",\"status\":200,\"t\":1791351649067,\"ms\":3.1}","source":"console","time":"2026-10-07T05:40:49Z"}
{"level":"info","msg":"{\"ev\":\"req\",\"route\":\"problem_list\",\"status\":200,\"t\":1791351649170,\"ms\":6.1}","source":"console","time":"2026-10-07T05:40:49Z"}
{"level":"info","msg":"{\"ev\":\"req\",\"route\":\"problem_detail\",\"status\":200,\"t\":1791351649268,\"ms\":4.3}","source":"console","time":"2026-10-07T05:40:49Z"}
{"level":"info","msg":"{\"ev\":\"req\",\"route\":\"history\",\"status\":200,\"t\":1791351649367,\"ms\":3.5}","source":"console","time":"2026-10-07T05:40:49Z"}
{"level":"info","msg":"{\"ev\":\"req\",\"route\":\"problem_list\",\"status\":200,\"t\":1791351649467,\"ms\":3.6}","source":"console","time":"2026-10-07T05:40:49Z"}
{"level":"info","msg":"{\"ev\":\"req\",\"route\":\"problem_detail\",\"status\":200,\"t\":1791351649567,\"ms\":3.3}","source":"console","time":"2026-10-07T05:40:49Z"}
{"level":"info","msg":"{\"ev\":\"req\",\"route\":\"history\",\"status\":200,\"t\":1791351649668,\"ms\":3.8}","source":"console","time":"2026-10-07T05:40:49Z"}
{"level":"info","msg":"{\"ev\":\"req\",\"route\":\"problem_list\",\"status\":200,\"t\":1791351649772,\"ms\":7.9}","source":"console","time":"2026-10-07T05:40:49Z"}
{"level":"info","msg":"{\"ev\":\"req\",\"route\":\"problem_detail\",\"status\":200,\"t\":1791351649872,\"ms\":8.2}","source":"console","time":"2026-10-07T05:40:49Z"}
{"level":"info","msg":"{\"ev\":\"req\",\"route\":\"history\",\"status\":200,\"t\":1791351649969,\"ms\":4.6}","source":"console","time":"2026-10-07T05:40:49Z"}
{"level":"info","msg":"{\"ev\":\"req\",\"route\":\"problem_list\",\"status\":200,\"t\":1791351650071,\"ms\":7.8}","source":"console","time":"2026-10-07T05:40:50Z"}
{"level":"info","msg":"{\"ev\":\"req\",\"route\":\"problem_detail\",\"status\":200,\"t\":1791351650171,\"ms\":7.5}","source":"console","time":"2026-10-07T05:40:50Z"}
{"level":"info","msg":"{\"ev\":\"req\",\"route\":\"history\",\"status\":200,\"t\":1791351650272,\"ms\":7.7}","source":"console","time":"2026-10-07T05:40:50Z"}
{"level":"info","msg":"{\"ev\":\"req\",\"route\":\"problem_list\",\"status\":200,\"t\":1791351650376,\"ms\":12.8}","source":"console","time":"2026-10-07T05:40:50Z"}
{"level":"info","msg":"{\"ev\":\"req\",\"route\":\"problem_detail\",\"status\":200,\"t\":1791351650472,\"ms\":7.6}","source":"console","time":"2026-10-07T05:40:50Z"}
{"level":"info","msg":"{\"ev\":\"req\",\"route\":\"history\",\"status\":200,\"t\":1791351650573,\"ms\":8.3}","source":"console","time":"2026-10-07T05:40:50Z"}
{"level":"info","msg":"{\"ev\":\"req\",\"route\":\"problem_list\",\"status\":200,\"t\":1791351650674,\"ms\":10}","source":"console","time":"2026-10-07T05:40:50Z"}
{"level":"info","msg":"{\"ev\":\"req\",\"route\":\"submit\",\"status\":200,\"t\":1791351650689,\"ms\":24.8}","source":"console","time":"2026-10-07T05:40:50Z"}
{"level":"info","msg":"{\"ev\":\"accepted\",\"id\":\"31963239-bc6a-466f-adb8-6feea0b66695\",\"t\":1791351650689}","source":"console","time":"2026-10-07T05:40:50Z"}
{"level":"info","msg":"{\"ev\":\"req\",\"route\":\"problem_detail\",\"status\":200,\"t\":1791351650770,\"ms\":6.4}","source":"console","time":"2026-10-07T05:40:50Z"}
{"level":"info","msg":"{\"ev\":\"req\",\"route\":\"history\",\"status\":200,\"t\":1791351650869,\"ms\":5.2}","source":"console","time":"2026-10-07T05:40:50Z"}
{"level":"info","msg":"{\"ev\":\"req\",\"route\":\"problem_list\",\"status\":200,\"t\":1791351650968,\"ms\":3.7}","source":"console","time":"2026-10-07T05:40:50Z"}
{"level":"info","msg":"{\"ev\":\"req\",\"route\":\"problem_detail\",\"status\":200,\"t\":1791351651067,\"ms\":3.3}","source":"console","time":"2026-10-07T05:40:51Z"}
{"level":"info","msg":"{\"ev\":\"req\",\"route\":\"history\",\"status\":200,\"t\":1791351651167,\"ms\":3.4}","source":"console","time":"2026-10-07T05:40:51Z"}
{"level":"info","msg":"{\"ev\":\"req\",\"route\":\"problem_list\",\"status\":200,\"t\":1791351651272,\"ms\":8.4}","source":"console","time":"2026-10-07T05:40:51Z"}
{"level":"info","msg":"{\"ev\":\"req\",\"route\":\"problem_detail\",\"status\":200,\"t\":1791351651372,\"ms\":8.4}","source":"console","time":"2026-10-07T05:40:51Z"}
{"level":"info","msg":"{\"ev\":\"req\",\"route\":\"history\",\"status\":200,\"t\":1791351651472,\"ms\":8.5}","source":"console","time":"2026-10-07T05:40:51Z"}
{"level":"info","msg":"{\"ev\":\"req\",\"route\":\"problem_list\",\"status\":200,\"t\":1791351651572,\"ms\":8.6}","source":"console","time":"2026-10-07T05:40:51Z"}
{"level":"info","msg":"{\"ev\":\"req\",\"route\":\"problem_detail\",\"status\":200,\"t\":1791351651673,\"ms\":9}","source":"console","time":"2026-10-07T05:40:51Z"}
{"level":"info","msg":"{\"ev\":\"req\",\"route\":\"history\",\"status\":200,\"t\":1791351651773,\"ms\":8.4}","source":"console","time":"2026-10-07T05:40:51Z"}
{"level":"info","msg":"{\"ev\":\"req\",\"route\":\"problem_list\",\"status\":200,\"t\":1791351651871,\"ms\":7.3}","source":"console","time":"2026-10-07T05:40:51Z"}
{"level":"info","msg":"{\"ev\":\"req\",\"route\":\"problem_detail\",\"status\":200,\"t\":1791351651971,\"ms\":7.4}","source":"console","time":"2026-10-07T05:40:51Z"}
{"level":"info","msg":"{\"ev\":\"req\",\"route\":\"history\",\"status\":200,\"t\":1791351652082,\"ms\":17.2}","source":"console","time":"2026-10-07T05:40:52Z"}
{"level":"info","msg":"{\"ev\":\"req\",\"route\":\"problem_list\",\"status\":200,\"t\":1791351652173,\"ms\":8.3}","source":"console","time":"2026-10-07T05:40:52Z"}
{"level":"info","msg":"{\"ev\":\"req\",\"route\":\"problem_detail\",\"status\":200,\"t\":1791351652272,\"ms\":7.9}","source":"console","time":"2026-10-07T05:40:52Z"}
{"level":"info","msg":"{\"ev\":\"req\",\"route\":\"submit\",\"status\":200,\"t\":1791351652351,\"ms\":20.8}","source":"console","time":"2026-10-07T05:40:52Z"}
{"level":"info","msg":"{\"ev\":\"accepted\",\"id\":\"6d1b03e5-5cab-4baf-8f56-16e65f7c1e9a\",\"t\":1791351652352}","source":"console","time":"2026-10-07T05:40:52Z"}
{"level":"info","msg":"{\"ev\":\"req\",\"route\":\"history\",\"status\":200,\"t\":1791351652369,\"ms\":5}","source":"console","time":"2026-10-07T05:40:52Z"}
{"level":"info","msg":"{\"ev\":\"req\",\"route\":\"problem_list\",\"status\":200,\"t\":1791351652468,\"ms\":4.1}","source":"console","time":"2026-10-07T05:40:52Z"}
{"level":"info","msg":"{\"ev\":\"req\",\"route\":\"problem_detail\",\"status\":200,\"t\":1791351652567,\"ms\":3.4}","source":"console","time":"2026-10-07T05:40:52Z"}
{"level":"info","msg":"{\"ev\":\"req\",\"route\":\"history\",\"status\":200,\"t\":1791351652668,\"ms\":3.9}","source":"console","time":"2026-10-07T05:40:52Z"}
{"level":"info","msg":"{\"ev\":\"req\",\"route\":\"problem_list\",\"status\":200,\"t\":1791351652767,\"ms\":3.9}","source":"console","time":"2026-10-07T05:40:52Z"}
{"level":"info","msg":"{\"ev\":\"req\",\"route\":\"problem_detail\",\"status\":200,\"t\":1791351652867,\"ms\":3.5}","source":"console","time":"2026-10-07T05:40:52Z"}
{"level":"info","msg":"{\"ev\":\"req\",\"route\":\"history\",\"status\":200,\"t\":1791351652968,\"ms\":3.3}","source":"console","time":"2026-10-07T05:40:52Z"}
{"level":"info","msg":"{\"ev\":\"req\",\"route\":\"problem_list\",\"status\":200,\"t\":1791351653072,\"ms\":8.5}","source":"console","time":"2026-10-07T05:40:53Z"}
{"level":"info","msg":"{\"ev\":\"req\",\"route\":\"problem_detail\",\"status\":200,\"t\":1791351653172,\"ms\":7.6}","source":"console","time":"2026-10-07T05:40:53Z"}
{"level":"info","msg":"{\"ev\":\"req\",\"route\":\"history\",\"status\":200,\"t\":1791351653273,\"ms\":8.8}","source":"console","time":"2026-10-07T05:40:53Z"}
{"level":"info","msg":"{\"ev\":\"req\",\"route\":\"problem_list\",\"status\":200,\"t\":1791351653373,\"ms\":9.1}","source":"console","time":"2026-10-07T05:40:53Z"}
{"level":"info","msg":"{\"ev\":\"req\",\"route\":\"problem_detail\",\"status\":200,\"t\":1791351653471,\"ms\":7.7}","source":"console","time":"2026-10-07T05:40:53Z"}
{"level":"info","msg":"{\"ev\":\"req\",\"route\":\"history\",\"status\":200,\"t\":1791351653567,\"ms\":3.3}","source":"console","time":"2026-10-07T05:40:53Z"}
{"level":"info","msg":"{\"ev\":\"req\",\"route\":\"problem_list\",\"status\":200,\"t\":1791351653672,\"ms\":8.6}","source":"console","time":"2026-10-07T05:40:53Z"}
{"level":"info","msg":"{\"ev\":\"req\",\"route\":\"problem_detail\",\"status\":200,\"t\":1791351653771,\"ms\":7.7}","source":"console","time":"2026-10-07T05:40:53Z"}
{"level":"info","msg":"{\"ev\":\"req\",\"route\":\"history\",\"status\":200,\"t\":1791351653873,\"ms\":9.5}","source":"console","time":"2026-10-07T05:40:53Z"}
{"level":"info","msg":"{\"ev\":\"req\",\"route\":\"problem_list\",\"status\":200,\"t\":1791351653972,\"ms\":8.7}","source":"console","time":"2026-10-07T05:40:53Z"}
{"level":"info","msg":"{\"ev\":\"req\",\"route\":\"submit\",\"status\":200,\"t\":1791351654020,\"ms\":22.6}","source":"console","time":"2026-10-07T05:40:54Z"}
{"level":"info","msg":"{\"ev\":\"accepted\",\"id\":\"a93e66cd-6f4b-43d5-95c4-c2a140586a88\",\"t\":1791351654020}","source":"console","time":"2026-10-07T05:40:54Z"}
{"level":"info","msg":"{\"ev\":\"req\",\"route\":\"problem_detail\",\"status\":200,\"t\":1791351654068,\"ms\":4.2}","source":"console","time":"2026-10-07T05:40:54Z"}
{"level":"info","msg":"{\"ev\":\"req\",\"route\":\"history\",\"status\":200,\"t\":1791351654169,\"ms\":5.3}","source":"console","time":"2026-10-07T05:40:54Z"}
{"level":"info","msg":"{\"ev\":\"req\",\"route\":\"problem_list\",\"status\":200,\"t\":1791351654267,\"ms\":3.9}","source":"console","time":"2026-10-07T05:40:54Z"}
{"level":"info","msg":"{\"ev\":\"req\",\"route\":\"problem_detail\",\"status\":200,\"t\":1791351654368,\"ms\":4.4}","source":"console","time":"2026-10-07T05:40:54Z"}
{"level":"info","msg":"{\"ev\":\"req\",\"route\":\"history\",\"status\":200,\"t\":1791351654467,\"ms\":3}","source":"console","time":"2026-10-07T05:40:54Z"}
{"level":"info","msg":"{\"ev\":\"req\",\"route\":\"problem_list\",\"status\":200,\"t\":1791351654572,\"ms\":8}","source":"console","time":"2026-10-07T05:40:54Z"}
{"level":"info","msg":"{\"ev\":\"req\",\"route\":\"problem_detail\",\"status\":200,\"t\":1791351654672,\"ms\":8.3}","source":"console","time":"2026-10-07T05:40:54Z"}
{"level":"info","msg":"{\"ev\":\"req\",\"route\":\"history\",\"status\":200,\"t\":1791351654768,\"ms\":4.2}","source":"console","time":"2026-10-07T05:40:54Z"}
{"level":"info","msg":"{\"ev\":\"req\",\"route\":\"problem_list\",\"status\":200,\"t\":1791351654872,\"ms\":7.7}","source":"console","time":"2026-10-07T05:40:54Z"}
{"level":"info","msg":"{\"ev\":\"req\",\"route\":\"problem_detail\",\"status\":200,\"t\":1791351654972,\"ms\":8.2}","source":"console","time":"2026-10-07T05:40:54Z"}
{"level":"info","msg":"{\"ev\":\"req\",\"route\":\"history\",\"status\":200,\"t\":1791351655073,\"ms\":9.1}","source":"console","time":"2026-10-07T05:40:55Z"}
{"level":"info","msg":"{\"ev\":\"req\",\"route\":\"problem_list\",\"status\":200,\"t\":1791351655173,\"ms\":8.3}","source":"console","time":"2026-10-07T05:40:55Z"}
{"level":"info","msg":"{\"ev\":\"req\",\"route\":\"problem_detail\",\"status\":200,\"t\":1791351655274,\"ms\":9.5}","source":"console","time":"2026-10-07T05:40:55Z"}
{"level":"info","msg":"{\"ev\":\"req\",\"route\":\"history\",\"status\":200,\"t\":1791351655368,\"ms\":3.4}","source":"console","time":"2026-10-07T05:40:55Z"}
{"level":"info","msg":"{\"ev\":\"req\",\"route\":\"problem_list\",\"status\":200,\"t\":1791351655468,\"ms\":4.2}","source":"console","time":"2026-10-07T05:40:55Z"}
{"level":"info","msg":"{\"ev\":\"req\",\"route\":\"problem_detail\",\"status\":200,\"t\":1791351655567,\"ms\":3.9}","source":"console","time":"2026-10-07T05:40:55Z"}
{"level":"info","msg":"{\"ev\":\"req\",\"route\":\"history\",\"status\":200,\"t\":1791351655669,\"ms\":4.8}","source":"console","time":"2026-10-07T05:40:55Z"}
{"level":"info","msg":"{\"ev\":\"req\",\"route\":\"submit\",\"status\":200,\"t\":1791351655679,\"ms\":15.1}","source":"console","time":"2026-10-07T05:40:55Z"}
{"level":"info","msg":"{\"ev\":\"accepted\",\"id\":\"0a1fec04-0f0e-4ce0-8339-3f30bdb1d1d9\",\"t\":1791351655679}","source":"console","time":"2026-10-07T05:40:55Z"}
{"level":"info","msg":"{\"ev\":\"req\",\"route\":\"problem_list\",\"status\":200,\"t\":1791351655768,\"ms\":4.6}","source":"console","time":"2026-10-07T05:40:55Z"}
{"level":"info","msg":"{\"ev\":\"req\",\"route\":\"problem_detail\",\"status\":200,\"t\":1791351655868,\"ms\":4.3}","source":"console","time":"2026-10-07T05:40:55Z"}
{"level":"info","msg":"{\"ev\":\"req\",\"route\":\"history\",\"status\":200,\"t\":1791351655968,\"ms\":4.3}","source":"console","time":"2026-10-07T05:40:55Z"}
{"level":"info","msg":"{\"ev\":\"req\",\"route\":\"problem_list\",\"status\":200,\"t\":1791351656068,\"ms\":3.8}","source":"console","time":"2026-10-07T05:40:56Z"}
{"level":"info","msg":"{\"ev\":\"req\",\"route\":\"problem_detail\",\"status\":200,\"t\":1791351656167,\"ms\":3.2}","source":"console","time":"2026-10-07T05:40:56Z"}
{"level":"info","msg":"{\"ev\":\"req\",\"route\":\"history\",\"status\":200,\"t\":1791351656268,\"ms\":4.1}","source":"console","time":"2026-10-07T05:40:56Z"}
{"level":"info","msg":"{\"ev\":\"req\",\"route\":\"problem_list\",\"status\":200,\"t\":1791351656367,\"ms\":3.3}","source":"console","time":"2026-10-07T05:40:56Z"}
{"level":"info","msg":"{\"ev\":\"req\",\"route\":\"problem_detail\",\"status\":200,\"t\":1791351656471,\"ms\":7}","source":"console","time":"2026-10-07T05:40:56Z"}
{"level":"info","msg":"{\"ev\":\"req\",\"route\":\"history\",\"status\":200,\"t\":1791351656571,\"ms\":6.7}","source":"console","time":"2026-10-07T05:40:56Z"}
{"level":"info","msg":"{\"ev\":\"req\",\"route\":\"problem_list\",\"status\":200,\"t\":1791351656668,\"ms\":4.2}","source":"console","time":"2026-10-07T05:40:56Z"}
{"level":"info","msg":"{\"ev\":\"req\",\"route\":\"problem_detail\",\"status\":200,\"t\":1791351656772,\"ms\":7.5}","source":"console","time":"2026-10-07T05:40:56Z"}
{"level":"info","msg":"{\"ev\":\"req\",\"route\":\"history\",\"status\":200,\"t\":1791351656866,\"ms\":3}","source":"console","time":"2026-10-07T05:40:56Z"}
{"level":"info","msg":"{\"ev\":\"req\",\"route\":\"problem_list\",\"status\":200,\"t\":1791351656972,\"ms\":8.7}","source":"console","time":"2026-10-07T05:40:56Z"}
{"level":"info","msg":"{\"ev\":\"req\",\"route\":\"problem_detail\",\"status\":200,\"t\":1791351657072,\"ms\":8}","source":"console","time":"2026-10-07T05:40:57Z"}
{"level":"info","msg":"{\"ev\":\"req\",\"route\":\"history\",\"status\":200,\"t\":1791351657172,\"ms\":8.4}","source":"console","time":"2026-10-07T05:40:57Z"}
{"level":"info","msg":"{\"ev\":\"req\",\"route\":\"problem_list\",\"status\":200,\"t\":1791351657273,\"ms\":8.9}","source":"console","time":"2026-10-07T05:40:57Z"}
{"level":"info","msg":"{\"ev\":\"req\",\"route\":\"submit\",\"status\":200,\"t\":1791351657352,\"ms\":21.8}","source":"console","time":"2026-10-07T05:40:57Z"}
{"level":"info","msg":"{\"ev\":\"accepted\",\"id\":\"0274fd51-ccd1-41e2-acf2-84b1dad40d7e\",\"t\":1791351657353}","source":"console","time":"2026-10-07T05:40:57Z"}
{"level":"info","msg":"{\"ev\":\"req\",\"route\":\"problem_detail\",\"status\":200,\"t\":1791351657368,\"ms\":3.8}","source":"console","time":"2026-10-07T05:40:57Z"}
{"level":"info","msg":"{\"ev\":\"req\",\"route\":\"history\",\"status\":200,\"t\":1791351657468,\"ms\":4.6}","source":"console","time":"2026-10-07T05:40:57Z"}
{"level":"info","msg":"{\"ev\":\"req\",\"route\":\"problem_list\",\"status\":200,\"t\":1791351657568,\"ms\":3.9}","source":"console","time":"2026-10-07T05:40:57Z"}
{"level":"info","msg":"{\"ev\":\"req\",\"route\":\"problem_detail\",\"status\":200,\"t\":1791351657668,\"ms\":4.2}","source":"console","time":"2026-10-07T05:40:57Z"}
{"level":"info","msg":"{\"ev\":\"req\",\"route\":\"history\",\"status\":200,\"t\":1791351657768,\"ms\":4.2}","source":"console","time":"2026-10-07T05:40:57Z"}
{"level":"info","msg":"{\"ev\":\"req\",\"route\":\"problem_list\",\"status\":200,\"t\":1791351657868,\"ms\":3.8}","source":"console","time":"2026-10-07T05:40:57Z"}
{"level":"info","msg":"{\"ev\":\"req\",\"route\":\"problem_detail\",\"status\":200,\"t\":1791351657972,\"ms\":7.7}","source":"console","time":"2026-10-07T05:40:57Z"}
{"level":"info","msg":"{\"ev\":\"req\",\"route\":\"history\",\"status\":200,\"t\":1791351658072,\"ms\":8.2}","source":"console","time":"2026-10-07T05:40:58Z"}
{"level":"info","msg":"{\"ev\":\"req\",\"route\":\"problem_list\",\"status\":200,\"t\":1791351658172,\"ms\":8.3}","source":"console","time":"2026-10-07T05:40:58Z"}
{"level":"info","msg":"{\"ev\":\"req\",\"route\":\"problem_detail\",\"status\":200,\"t\":1791351658270,\"ms\":6.1}","source":"console","time":"2026-10-07T05:40:58Z"}
{"level":"info","msg":"{\"ev\":\"req\",\"route\":\"history\",\"status\":200,\"t\":1791351658373,\"ms\":8.7}","source":"console","time":"2026-10-07T05:40:58Z"}
{"level":"info","msg":"{\"ev\":\"req\",\"route\":\"problem_list\",\"status\":200,\"t\":1791351658472,\"ms\":8.8}","source":"console","time":"2026-10-07T05:40:58Z"}
{"level":"info","msg":"{\"ev\":\"req\",\"route\":\"problem_detail\",\"status\":200,\"t\":1791351658572,\"ms\":8}","source":"console","time":"2026-10-07T05:40:58Z"}
{"level":"info","msg":"{\"ev\":\"req\",\"route\":\"history\",\"status\":200,\"t\":1791351658672,\"ms\":8.3}","source":"console","time":"2026-10-07T05:40:58Z"}
{"level":"info","msg":"{\"ev\":\"req\",\"route\":\"problem_list\",\"status\":200,\"t\":1791351658767,\"ms\":3.4}","source":"console","time":"2026-10-07T05:40:58Z"}
{"level":"info","msg":"{\"ev\":\"req\",\"route\":\"problem_detail\",\"status\":200,\"t\":1791351658873,\"ms\":8.5}","source":"console","time":"2026-10-07T05:40:58Z"}
{"level":"info","msg":"{\"ev\":\"req\",\"route\":\"history\",\"status\":200,\"t\":1791351658973,\"ms\":8.5}","source":"console","time":"2026-10-07T05:40:58Z"}
{"level":"info","msg":"{\"ev\":\"req\",\"route\":\"submit\",\"status\":200,\"t\":1791351659017,\"ms\":20.5}","source":"console","time":"2026-10-07T05:40:59Z"}
{"level":"info","msg":"{\"ev\":\"accepted\",\"id\":\"13db2450-2d70-4fd8-89a1-0ff486b17e89\",\"t\":1791351659017}","source":"console","time":"2026-10-07T05:40:59Z"}
{"level":"info","msg":"{\"ev\":\"req\",\"route\":\"problem_list\",\"status\":200,\"t\":1791351659068,\"ms\":4.1}","source":"console","time":"2026-10-07T05:40:59Z"}
{"level":"info","msg":"{\"ev\":\"req\",\"route\":\"problem_detail\",\"status\":200,\"t\":1791351659168,\"ms\":3.9}","source":"console","time":"2026-10-07T05:40:59Z"}
{"level":"info","msg":"{\"ev\":\"req\",\"route\":\"history\",\"status\":200,\"t\":1791351659267,\"ms\":3.3}","source":"console","time":"2026-10-07T05:40:59Z"}
{"level":"info","msg":"{\"ev\":\"req\",\"route\":\"problem_list\",\"status\":200,\"t\":1791351659368,\"ms\":3.6}","source":"console","time":"2026-10-07T05:40:59Z"}
{"level":"info","msg":"{\"ev\":\"req\",\"route\":\"problem_detail\",\"status\":200,\"t\":1791351659467,\"ms\":3.5}","source":"console","time":"2026-10-07T05:40:59Z"}
{"level":"info","msg":"{\"ev\":\"req\",\"route\":\"history\",\"status\":200,\"t\":1791351659568,\"ms\":3.9}","source":"console","time":"2026-10-07T05:40:59Z"}
{"level":"info","msg":"{\"ev\":\"req\",\"route\":\"problem_list\",\"status\":200,\"t\":1791351659667,\"ms\":3.7}","source":"console","time":"2026-10-07T05:40:59Z"}
{"level":"info","msg":"{\"ev\":\"req\",\"route\":\"problem_detail\",\"status\":200,\"t\":1791351659771,\"ms\":6.6}","source":"console","time":"2026-10-07T05:40:59Z"}
{"level":"info","msg":"{\"ev\":\"req\",\"route\":\"history\",\"status\":200,\"t\":1791351659868,\"ms\":4.2}","source":"console","time":"2026-10-07T05:40:59Z"}
{"level":"info","msg":"{\"ev\":\"req\",\"route\":\"problem_list\",\"status\":200,\"t\":1791351659968,\"ms\":3.8}","source":"console","time":"2026-10-07T05:40:59Z"}
{"level":"info","msg":"{\"ev\":\"req\",\"route\":\"problem_detail\",\"status\":200,\"t\":1791351660072,\"ms\":7.5}","source":"console","time":"2026-10-07T05:41:00Z"}
{"level":"info","msg":"{\"ev\":\"req\",\"route\":\"history\",\"status\":200,\"t\":1791351660171,\"ms\":7.7}","source":"console","time":"2026-10-07T05:41:00Z"}
{"level":"info","msg":"{\"ev\":\"req\",\"route\":\"problem_list\",\"status\":200,\"t\":1791351660272,\"ms\":8.7}","source":"console","time":"2026-10-07T05:41:00Z"}
{"level":"info","msg":"{\"ev\":\"req\",\"route\":\"problem_detail\",\"status\":200,\"t\":1791351660373,\"ms\":8.2}","source":"console","time":"2026-10-07T05:41:00Z"}
{"level":"info","msg":"{\"ev\":\"req\",\"route\":\"history\",\"status\":200,\"t\":1791351660472,\"ms\":8.8}","source":"console","time":"2026-10-07T05:41:00Z"}
{"level":"info","msg":"{\"ev\":\"req\",\"route\":\"problem_list\",\"status\":200,\"t\":1791351660572,\"ms\":8.3}","source":"console","time":"2026-10-07T05:41:00Z"}
{"level":"info","msg":"{\"ev\":\"req\",\"route\":\"problem_detail\",\"status\":200,\"t\":1791351660672,\"ms\":7.6}","source":"console","time":"2026-10-07T05:41:00Z"}
{"level":"info","msg":"{\"ev\":\"req\",\"route\":\"submit\",\"status\":200,\"t\":1791351660685,\"ms\":20.9}","source":"console","time":"2026-10-07T05:41:00Z"}
{"level":"info","msg":"{\"ev\":\"accepted\",\"id\":\"b74c0a16-0304-4900-b6ae-8870f1323d48\",\"t\":1791351660685}","source":"console","time":"2026-10-07T05:41:00Z"}
{"level":"info","msg":"{\"ev\":\"req\",\"route\":\"history\",\"status\":200,\"t\":1791351660768,\"ms\":4.7}","source":"console","time":"2026-10-07T05:41:00Z"}
{"level":"info","msg":"{\"ev\":\"req\",\"route\":\"problem_list\",\"status\":200,\"t\":1791351660870,\"ms\":6.5}","source":"console","time":"2026-10-07T05:41:00Z"}
{"level":"info","msg":"{\"ev\":\"req\",\"route\":\"problem_detail\",\"status\":200,\"t\":1791351660969,\"ms\":4.5}","source":"console","time":"2026-10-07T05:41:00Z"}
{"level":"info","msg":"{\"ev\":\"req\",\"route\":\"history\",\"status\":200,\"t\":1791351661068,\"ms\":4.7}","source":"console","time":"2026-10-07T05:41:01Z"}
{"level":"info","msg":"{\"ev\":\"req\",\"route\":\"problem_list\",\"status\":200,\"t\":1791351661169,\"ms\":4.9}","source":"console","time":"2026-10-07T05:41:01Z"}
{"level":"info","msg":"{\"ev\":\"req\",\"route\":\"problem_detail\",\"status\":200,\"t\":1791351661267,\"ms\":3.3}","source":"console","time":"2026-10-07T05:41:01Z"}
{"level":"info","msg":"{\"ev\":\"req\",\"route\":\"history\",\"status\":200,\"t\":1791351661367,\"ms\":3.1}","source":"console","time":"2026-10-07T05:41:01Z"}
{"level":"info","msg":"{\"ev\":\"req\",\"route\":\"problem_list\",\"status\":200,\"t\":1791351661473,\"ms\":9.4}","source":"console","time":"2026-10-07T05:41:01Z"}
{"level":"info","msg":"{\"ev\":\"req\",\"route\":\"problem_detail\",\"status\":200,\"t\":1791351661572,\"ms\":7.6}","source":"console","time":"2026-10-07T05:41:01Z"}
{"level":"info","msg":"{\"ev\":\"req\",\"route\":\"history\",\"status\":200,\"t\":1791351661672,\"ms\":8.2}","source":"console","time":"2026-10-07T05:41:01Z"}
{"level":"info","msg":"{\"ev\":\"req\",\"route\":\"problem_list\",\"status\":200,\"t\":1791351661772,\"ms\":8.5}","source":"console","time":"2026-10-07T05:41:01Z"}
{"level":"info","msg":"{\"ev\":\"req\",\"route\":\"problem_detail\",\"status\":200,\"t\":1791351661867,\"ms\":2.9}","source":"console","time":"2026-10-07T05:41:01Z"}
{"level":"info","msg":"{\"ev\":\"req\",\"route\":\"history\",\"status\":200,\"t\":1791351661973,\"ms\":9.3}","source":"console","time":"2026-10-07T05:41:01Z"}
{"level":"info","msg":"{\"ev\":\"req\",\"route\":\"problem_list\",\"status\":200,\"t\":1791351662067,\"ms\":3.1}","source":"console","time":"2026-10-07T05:41:02Z"}
{"level":"info","msg":"{\"ev\":\"req\",\"route\":\"problem_detail\",\"status\":200,\"t\":1791351662170,\"ms\":6}","source":"console","time":"2026-10-07T05:41:02Z"}
{"level":"info","msg":"{\"ev\":\"req\",\"route\":\"history\",\"status\":200,\"t\":1791351662273,\"ms\":8.9}","source":"console","time":"2026-10-07T05:41:02Z"}
{"level":"info","msg":"{\"ev\":\"req\",\"route\":\"submit\",\"status\":200,\"t\":1791351662352,\"ms\":21.9}","source":"console","time":"2026-10-07T05:41:02Z"}
{"level":"info","msg":"{\"ev\":\"accepted\",\"id\":\"86a9ff84-8697-4449-a8d5-7207265c285e\",\"t\":1791351662352}","source":"console","time":"2026-10-07T05:41:02Z"}
{"level":"info","msg":"{\"ev\":\"req\",\"route\":\"problem_list\",\"status\":200,\"t\":1791351662368,\"ms\":4.8}","source":"console","time":"2026-10-07T05:41:02Z"}
{"level":"info","msg":"{\"ev\":\"req\",\"route\":\"problem_detail\",\"status\":200,\"t\":1791351662469,\"ms\":5.2}","source":"console","time":"2026-10-07T05:41:02Z"}
{"level":"info","msg":"{\"ev\":\"req\",\"route\":\"history\",\"status\":200,\"t\":1791351662567,\"ms\":3.5}","source":"console","time":"2026-10-07T05:41:02Z"}
{"level":"info","msg":"{\"ev\":\"req\",\"route\":\"problem_list\",\"status\":200,\"t\":1791351662667,\"ms\":4}","source":"console","time":"2026-10-07T05:41:02Z"}
{"level":"info","msg":"{\"ev\":\"req\",\"route\":\"problem_detail\",\"status\":200,\"t\":1791351662769,\"ms\":4.7}","source":"console","time":"2026-10-07T05:41:02Z"}
{"level":"info","msg":"{\"ev\":\"req\",\"route\":\"history\",\"status\":200,\"t\":1791351662867,\"ms\":3}","source":"console","time":"2026-10-07T05:41:02Z"}
{"level":"info","msg":"{\"ev\":\"req\",\"route\":\"problem_list\",\"status\":200,\"t\":1791351662967,\"ms\":3.9}","source":"console","time":"2026-10-07T05:41:02Z"}
{"level":"info","msg":"{\"ev\":\"req\",\"route\":\"problem_detail\",\"status\":200,\"t\":1791351663067,\"ms\":4}","source":"console","time":"2026-10-07T05:41:03Z"}
{"level":"info","msg":"{\"ev\":\"req\",\"route\":\"history\",\"status\":200,\"t\":1791351663171,\"ms\":7.4}","source":"console","time":"2026-10-07T05:41:03Z"}
{"level":"info","msg":"{\"ev\":\"req\",\"route\":\"problem_list\",\"status\":200,\"t\":1791351663272,\"ms\":8.4}","source":"console","time":"2026-10-07T05:41:03Z"}
{"level":"info","msg":"{\"ev\":\"req\",\"route\":\"problem_detail\",\"status\":200,\"t\":1791351663373,\"ms\":8.9}","source":"console","time":"2026-10-07T05:41:03Z"}
{"level":"info","msg":"{\"ev\":\"req\",\"route\":\"history\",\"status\":200,\"t\":1791351663468,\"ms\":4.1}","source":"console","time":"2026-10-07T05:41:03Z"}
{"level":"info","msg":"{\"ev\":\"req\",\"route\":\"problem_list\",\"status\":200,\"t\":1791351663572,\"ms\":8.2}","source":"console","time":"2026-10-07T05:41:03Z"}
{"level":"info","msg":"{\"ev\":\"req\",\"route\":\"problem_detail\",\"status\":200,\"t\":1791351663668,\"ms\":5.1}","source":"console","time":"2026-10-07T05:41:03Z"}
{"level":"info","msg":"{\"ev\":\"req\",\"route\":\"history\",\"status\":200,\"t\":1791351663767,\"ms\":3.5}","source":"console","time":"2026-10-07T05:41:03Z"}
{"level":"info","msg":"{\"ev\":\"req\",\"route\":\"problem_list\",\"status\":200,\"t\":1791351663873,\"ms\":8.4}","source":"console","time":"2026-10-07T05:41:03Z"}
{"level":"info","msg":"{\"ev\":\"req\",\"route\":\"problem_detail\",\"status\":200,\"t\":1791351663967,\"ms\":3.9}","source":"console","time":"2026-10-07T05:41:03Z"}
{"level":"info","msg":"{\"ev\":\"req\",\"route\":\"submit\",\"status\":200,\"t\":1791351664012,\"ms\":14.9}","source":"console","time":"2026-10-07T05:41:04Z"}
{"level":"info","msg":"{\"ev\":\"accepted\",\"id\":\"2aebb9bc-ae2c-4666-a90c-cb72ec105366\",\"t\":1791351664012}","source":"console","time":"2026-10-07T05:41:04Z"}
{"level":"info","msg":"{\"ev\":\"req\",\"route\":\"history\",\"status\":200,\"t\":1791351664068,\"ms\":4.8}","source":"console","time":"2026-10-07T05:41:04Z"}
{"level":"info","msg":"{\"ev\":\"req\",\"route\":\"problem_list\",\"status\":200,\"t\":1791351664170,\"ms\":5.6}","source":"console","time":"2026-10-07T05:41:04Z"}
{"level":"info","msg":"{\"ev\":\"req\",\"route\":\"problem_detail\",\"status\":200,\"t\":1791351664270,\"ms\":5.7}","source":"console","time":"2026-10-07T05:41:04Z"}
{"level":"info","msg":"{\"ev\":\"req\",\"route\":\"history\",\"status\":200,\"t\":1791351664371,\"ms\":7.7}","source":"console","time":"2026-10-07T05:41:04Z"}
{"level":"info","msg":"{\"ev\":\"req\",\"route\":\"problem_list\",\"status\":200,\"t\":1791351664468,\"ms\":4}","source":"console","time":"2026-10-07T05:41:04Z"}
{"level":"info","msg":"{\"ev\":\"req\",\"route\":\"problem_detail\",\"status\":200,\"t\":1791351664572,\"ms\":8.2}","source":"console","time":"2026-10-07T05:41:04Z"}
{"level":"info","msg":"{\"ev\":\"req\",\"route\":\"history\",\"status\":200,\"t\":1791351664672,\"ms\":8}","source":"console","time":"2026-10-07T05:41:04Z"}
{"level":"info","msg":"{\"ev\":\"req\",\"route\":\"problem_list\",\"status\":200,\"t\":1791351664772,\"ms\":8.2}","source":"console","time":"2026-10-07T05:41:04Z"}
{"level":"info","msg":"{\"ev\":\"req\",\"route\":\"problem_detail\",\"status\":200,\"t\":1791351664872,\"ms\":8}","source":"console","time":"2026-10-07T05:41:04Z"}
{"level":"info","msg":"{\"ev\":\"req\",\"route\":\"history\",\"status\":200,\"t\":1791351664972,\"ms\":8}","source":"console","time":"2026-10-07T05:41:04Z"}
{"level":"info","msg":"{\"ev\":\"req\",\"route\":\"problem_list\",\"status\":200,\"t\":1791351665078,\"ms\":14.3}","source":"console","time":"2026-10-07T05:41:05Z"}
{"level":"info","msg":"{\"ev\":\"req\",\"route\":\"problem_detail\",\"status\":200,\"t\":1791351665173,\"ms\":8.7}","source":"console","time":"2026-10-07T05:41:05Z"}
{"level":"info","msg":"{\"ev\":\"req\",\"route\":\"history\",\"status\":200,\"t\":1791351665274,\"ms\":9.3}","source":"console","time":"2026-10-07T05:41:05Z"}
{"level":"info","msg":"{\"ev\":\"req\",\"route\":\"problem_list\",\"status\":200,\"t\":1791351665369,\"ms\":4.7}","source":"console","time":"2026-10-07T05:41:05Z"}
{"level":"info","msg":"{\"ev\":\"req\",\"route\":\"problem_detail\",\"status\":200,\"t\":1791351665472,\"ms\":8.1}","source":"console","time":"2026-10-07T05:41:05Z"}
{"level":"info","msg":"{\"ev\":\"req\",\"route\":\"history\",\"status\":200,\"t\":1791351665572,\"ms\":6.7}","source":"console","time":"2026-10-07T05:41:05Z"}
{"level":"info","msg":"{\"ev\":\"req\",\"route\":\"problem_list\",\"status\":200,\"t\":1791351665675,\"ms\":10.7}","source":"console","time":"2026-10-07T05:41:05Z"}
{"level":"info","msg":"{\"ev\":\"req\",\"route\":\"submit\",\"status\":200,\"t\":1791351665690,\"ms\":26.4}","source":"console","time":"2026-10-07T05:41:05Z"}
{"level":"info","msg":"{\"ev\":\"accepted\",\"id\":\"7e4f76b5-e7f4-4915-ada3-668ebf9d474b\",\"t\":1791351665691}","source":"console","time":"2026-10-07T05:41:05Z"}
{"level":"info","msg":"{\"ev\":\"req\",\"route\":\"problem_detail\",\"status\":200,\"t\":1791351665768,\"ms\":3.9}","source":"console","time":"2026-10-07T05:41:05Z"}
{"level":"info","msg":"{\"ev\":\"req\",\"route\":\"history\",\"status\":200,\"t\":1791351665868,\"ms\":4.3}","source":"console","time":"2026-10-07T05:41:05Z"}
{"level":"info","msg":"{\"ev\":\"req\",\"route\":\"problem_list\",\"status\":200,\"t\":1791351665967,\"ms\":3.7}","source":"console","time":"2026-10-07T05:41:05Z"}
{"level":"info","msg":"{\"ev\":\"req\",\"route\":\"problem_detail\",\"status\":200,\"t\":1791351666067,\"ms\":3.6}","source":"console","time":"2026-10-07T05:41:06Z"}
{"level":"info","msg":"{\"ev\":\"req\",\"route\":\"history\",\"status\":200,\"t\":1791351666167,\"ms\":3.6}","source":"console","time":"2026-10-07T05:41:06Z"}
{"level":"info","msg":"{\"ev\":\"req\",\"route\":\"problem_list\",\"status\":200,\"t\":1791351666268,\"ms\":3.8}","source":"console","time":"2026-10-07T05:41:06Z"}
{"level":"info","msg":"{\"ev\":\"req\",\"route\":\"problem_detail\",\"status\":200,\"t\":1791351666369,\"ms\":5.1}","source":"console","time":"2026-10-07T05:41:06Z"}
{"level":"info","msg":"{\"ev\":\"req\",\"route\":\"history\",\"status\":200,\"t\":1791351666470,\"ms\":6}","source":"console","time":"2026-10-07T05:41:06Z"}
{"level":"info","msg":"{\"ev\":\"req\",\"route\":\"problem_list\",\"status\":200,\"t\":1791351666569,\"ms\":5}","source":"console","time":"2026-10-07T05:41:06Z"}
{"level":"info","msg":"{\"ev\":\"req\",\"route\":\"problem_detail\",\"status\":200,\"t\":1791351666668,\"ms\":4.1}","source":"console","time":"2026-10-07T05:41:06Z"}
{"level":"info","msg":"{\"ev\":\"req\",\"route\":\"history\",\"status\":200,\"t\":1791351666767,\"ms\":3.7}","source":"console","time":"2026-10-07T05:41:06Z"}
{"level":"info","msg":"{\"ev\":\"req\",\"route\":\"problem_list\",\"status\":200,\"t\":1791351666868,\"ms\":3.7}","source":"console","time":"2026-10-07T05:41:06Z"}
{"level":"info","msg":"{\"ev\":\"req\",\"route\":\"problem_detail\",\"status\":200,\"t\":1791351666968,\"ms\":4.4}","source":"console","time":"2026-10-07T05:41:06Z"}
{"level":"info","msg":"{\"ev\":\"req\",\"route\":\"history\",\"status\":200,\"t\":1791351667067,\"ms\":3.5}","source":"console","time":"2026-10-07T05:41:07Z"}
{"level":"info","msg":"{\"ev\":\"req\",\"route\":\"problem_list\",\"status\":200,\"t\":1791351667172,\"ms\":7.9}","source":"console","time":"2026-10-07T05:41:07Z"}
{"level":"info","msg":"{\"ev\":\"req\",\"route\":\"problem_detail\",\"status\":200,\"t\":1791351667272,\"ms\":8.4}","source":"console","time":"2026-10-07T05:41:07Z"}
{"level":"info","msg":"{\"ev\":\"req\",\"route\":\"submit\",\"status\":200,\"t\":1791351667347,\"ms\":16.2}","source":"console","time":"2026-10-07T05:41:07Z"}
{"level":"info","msg":"{\"ev\":\"accepted\",\"id\":\"6452b86d-f3c9-4516-b86e-7e2957308976\",\"t\":1791351667348}","source":"console","time":"2026-10-07T05:41:07Z"}
{"level":"info","msg":"{\"ev\":\"req\",\"route\":\"history\",\"status\":200,\"t\":1791351667367,\"ms\":3.5}","source":"console","time":"2026-10-07T05:41:07Z"}
{"level":"info","msg":"{\"ev\":\"req\",\"route\":\"problem_list\",\"status\":200,\"t\":1791351667470,\"ms\":5.5}","source":"console","time":"2026-10-07T05:41:07Z"}
{"level":"info","msg":"{\"ev\":\"req\",\"route\":\"problem_detail\",\"status\":200,\"t\":1791351667568,\"ms\":4.3}","source":"console","time":"2026-10-07T05:41:07Z"}
{"level":"info","msg":"{\"ev\":\"req\",\"route\":\"history\",\"status\":200,\"t\":1791351667669,\"ms\":5.9}","source":"console","time":"2026-10-07T05:41:07Z"}
{"level":"info","msg":"{\"ev\":\"req\",\"route\":\"problem_list\",\"status\":200,\"t\":1791351667769,\"ms\":4.5}","source":"console","time":"2026-10-07T05:41:07Z"}
{"level":"info","msg":"{\"ev\":\"req\",\"route\":\"problem_detail\",\"status\":200,\"t\":1791351667870,\"ms\":6.2}","source":"console","time":"2026-10-07T05:41:07Z"}
{"level":"info","msg":"{\"ev\":\"req\",\"route\":\"history\",\"status\":200,\"t\":1791351667967,\"ms\":3.7}","source":"console","time":"2026-10-07T05:41:07Z"}
{"level":"info","msg":"{\"ev\":\"req\",\"route\":\"problem_list\",\"status\":200,\"t\":1791351668072,\"ms\":8.2}","source":"console","time":"2026-10-07T05:41:08Z"}
{"level":"info","msg":"{\"ev\":\"req\",\"route\":\"problem_detail\",\"status\":200,\"t\":1791351668172,\"ms\":8.6}","source":"console","time":"2026-10-07T05:41:08Z"}
{"level":"info","msg":"{\"ev\":\"req\",\"route\":\"history\",\"status\":200,\"t\":1791351668273,\"ms\":9.2}","source":"console","time":"2026-10-07T05:41:08Z"}
{"level":"info","msg":"{\"ev\":\"req\",\"route\":\"problem_list\",\"status\":200,\"t\":1791351668372,\"ms\":8.9}","source":"console","time":"2026-10-07T05:41:08Z"}
{"level":"info","msg":"{\"ev\":\"req\",\"route\":\"problem_detail\",\"status\":200,\"t\":1791351668473,\"ms\":9}","source":"console","time":"2026-10-07T05:41:08Z"}
{"level":"info","msg":"{\"ev\":\"req\",\"route\":\"history\",\"status\":200,\"t\":1791351668571,\"ms\":7.7}","source":"console","time":"2026-10-07T05:41:08Z"}
{"level":"info","msg":"{\"ev\":\"req\",\"route\":\"problem_list\",\"status\":200,\"t\":1791351668673,\"ms\":9.1}","source":"console","time":"2026-10-07T05:41:08Z"}
{"level":"info","msg":"{\"ev\":\"req\",\"route\":\"problem_detail\",\"status\":200,\"t\":1791351668773,\"ms\":9.1}","source":"console","time":"2026-10-07T05:41:08Z"}
{"level":"info","msg":"{\"ev\":\"req\",\"route\":\"history\",\"status\":200,\"t\":1791351668872,\"ms\":7.7}","source":"console","time":"2026-10-07T05:41:08Z"}
{"level":"info","msg":"{\"ev\":\"req\",\"route\":\"problem_list\",\"status\":200,\"t\":1791351668972,\"ms\":8.6}","source":"console","time":"2026-10-07T05:41:08Z"}
{"level":"info","msg":"{\"ev\":\"req\",\"route\":\"submit\",\"status\":200,\"t\":1791351669019,\"ms\":21.8}","source":"console","time":"2026-10-07T05:41:09Z"}
{"level":"info","msg":"{\"ev\":\"accepted\",\"id\":\"c9e352f1-3798-4266-816d-4778399dc41e\",\"t\":1791351669019}","source":"console","time":"2026-10-07T05:41:09Z"}
{"level":"info","msg":"{\"ev\":\"req\",\"route\":\"problem_detail\",\"status\":200,\"t\":1791351669067,\"ms\":3.5}","source":"console","time":"2026-10-07T05:41:09Z"}
{"level":"info","msg":"{\"ev\":\"req\",\"route\":\"history\",\"status\":200,\"t\":1791351669168,\"ms\":4.1}","source":"console","time":"2026-10-07T05:41:09Z"}
{"level":"info","msg":"{\"ev\":\"req\",\"route\":\"problem_list\",\"status\":200,\"t\":1791351669267,\"ms\":3.9}","source":"console","time":"2026-10-07T05:41:09Z"}
{"level":"info","msg":"{\"ev\":\"req\",\"route\":\"problem_detail\",\"status\":200,\"t\":1791351669368,\"ms\":3.7}","source":"console","time":"2026-10-07T05:41:09Z"}
{"level":"info","msg":"{\"ev\":\"req\",\"route\":\"history\",\"status\":200,\"t\":1791351669471,\"ms\":7.3}","source":"console","time":"2026-10-07T05:41:09Z"}
{"level":"info","msg":"{\"ev\":\"req\",\"route\":\"problem_list\",\"status\":200,\"t\":1791351669567,\"ms\":3.5}","source":"console","time":"2026-10-07T05:41:09Z"}
{"level":"info","msg":"{\"ev\":\"req\",\"route\":\"problem_detail\",\"status\":200,\"t\":1791351669668,\"ms\":4.1}","source":"console","time":"2026-10-07T05:41:09Z"}
{"level":"info","msg":"{\"ev\":\"req\",\"route\":\"history\",\"status\":200,\"t\":1791351669769,\"ms\":5}","source":"console","time":"2026-10-07T05:41:09Z"}
{"level":"info","msg":"{\"ev\":\"req\",\"route\":\"problem_list\",\"status\":200,\"t\":1791351669872,\"ms\":8.5}","source":"console","time":"2026-10-07T05:41:09Z"}
{"level":"info","msg":"{\"ev\":\"req\",\"route\":\"problem_detail\",\"status\":200,\"t\":1791351669973,\"ms\":8.2}","source":"console","time":"2026-10-07T05:41:09Z"}
{"level":"info","msg":"{\"ev\":\"req\",\"route\":\"history\",\"status\":200,\"t\":1791351670068,\"ms\":4}","source":"console","time":"2026-10-07T05:41:10Z"}
{"level":"info","msg":"{\"ev\":\"req\",\"route\":\"problem_list\",\"status\":200,\"t\":1791351670173,\"ms\":8.4}","source":"console","time":"2026-10-07T05:41:10Z"}
{"level":"info","msg":"{\"ev\":\"req\",\"route\":\"problem_detail\",\"status\":200,\"t\":1791351670272,\"ms\":7.8}","source":"console","time":"2026-10-07T05:41:10Z"}
{"level":"info","msg":"{\"ev\":\"req\",\"route\":\"history\",\"status\":200,\"t\":1791351670372,\"ms\":8.4}","source":"console","time":"2026-10-07T05:41:10Z"}
{"level":"info","msg":"{\"ev\":\"req\",\"route\":\"problem_list\",\"status\":200,\"t\":1791351670472,\"ms\":8.6}","source":"console","time":"2026-10-07T05:41:10Z"}
{"level":"info","msg":"{\"ev\":\"req\",\"route\":\"problem_detail\",\"status\":200,\"t\":1791351670572,\"ms\":7.6}","source":"console","time":"2026-10-07T05:41:10Z"}
{"level":"info","msg":"{\"ev\":\"req\",\"route\":\"history\",\"status\":200,\"t\":1791351670672,\"ms\":8.1}","source":"console","time":"2026-10-07T05:41:10Z"}
{"level":"info","msg":"{\"ev\":\"req\",\"route\":\"submit\",\"status\":200,\"t\":1791351670682,\"ms\":17.9}","source":"console","time":"2026-10-07T05:41:10Z"}
{"level":"info","msg":"{\"ev\":\"accepted\",\"id\":\"c663f562-26bc-496c-99e1-2b471aeea1f4\",\"t\":1791351670682}","source":"console","time":"2026-10-07T05:41:10Z"}
{"level":"info","msg":"{\"ev\":\"req\",\"route\":\"problem_list\",\"status\":200,\"t\":1791351670768,\"ms\":4.6}","source":"console","time":"2026-10-07T05:41:10Z"}
{"level":"info","msg":"{\"ev\":\"req\",\"route\":\"problem_detail\",\"status\":200,\"t\":1791351670869,\"ms\":5.1}","source":"console","time":"2026-10-07T05:41:10Z"}
{"level":"info","msg":"{\"ev\":\"req\",\"route\":\"history\",\"status\":200,\"t\":1791351670969,\"ms\":4.7}","source":"console","time":"2026-10-07T05:41:10Z"}
{"level":"info","msg":"{\"ev\":\"req\",\"route\":\"problem_list\",\"status\":200,\"t\":1791351671067,\"ms\":4.1}","source":"console","time":"2026-10-07T05:41:11Z"}
{"level":"info","msg":"{\"ev\":\"req\",\"route\":\"problem_detail\",\"status\":200,\"t\":1791351671171,\"ms\":6.6}","source":"console","time":"2026-10-07T05:41:11Z"}
{"level":"info","msg":"{\"ev\":\"req\",\"route\":\"history\",\"status\":200,\"t\":1791351671267,\"ms\":3.5}","source":"console","time":"2026-10-07T05:41:11Z"}
{"level":"info","msg":"{\"ev\":\"req\",\"route\":\"problem_list\",\"status\":200,\"t\":1791351671372,\"ms\":8.2}","source":"console","time":"2026-10-07T05:41:11Z"}
{"level":"info","msg":"{\"ev\":\"req\",\"route\":\"problem_detail\",\"status\":200,\"t\":1791351671472,\"ms\":8.3}","source":"console","time":"2026-10-07T05:41:11Z"}
{"level":"info","msg":"{\"ev\":\"req\",\"route\":\"history\",\"status\":200,\"t\":1791351671572,\"ms\":8.4}","source":"console","time":"2026-10-07T05:41:11Z"}
{"level":"info","msg":"{\"ev\":\"req\",\"route\":\"problem_list\",\"status\":200,\"t\":1791351671672,\"ms\":7.8}","source":"console","time":"2026-10-07T05:41:11Z"}
{"level":"info","msg":"{\"ev\":\"req\",\"route\":\"problem_detail\",\"status\":200,\"t\":1791351671772,\"ms\":8.1}","source":"console","time":"2026-10-07T05:41:11Z"}
{"level":"info","msg":"{\"ev\":\"req\",\"route\":\"history\",\"status\":200,\"t\":1791351671870,\"ms\":5.9}","source":"console","time":"2026-10-07T05:41:11Z"}
{"level":"info","msg":"{\"ev\":\"req\",\"route\":\"problem_list\",\"status\":200,\"t\":1791351671973,\"ms\":8.7}","source":"console","time":"2026-10-07T05:41:11Z"}
{"level":"info","msg":"{\"ev\":\"req\",\"route\":\"problem_detail\",\"status\":200,\"t\":1791351672073,\"ms\":8.2}","source":"console","time":"2026-10-07T05:41:12Z"}
{"level":"info","msg":"{\"ev\":\"req\",\"route\":\"history\",\"status\":200,\"t\":1791351672173,\"ms\":9.3}","source":"console","time":"2026-10-07T05:41:12Z"}
{"level":"info","msg":"{\"ev\":\"req\",\"route\":\"problem_list\",\"status\":200,\"t\":1791351672273,\"ms\":8.5}","source":"console","time":"2026-10-07T05:41:12Z"}
{"level":"info","msg":"{\"ev\":\"req\",\"route\":\"submit\",\"status\":200,\"t\":1791351672352,\"ms\":21.3}","source":"console","time":"2026-10-07T05:41:12Z"}
{"level":"info","msg":"{\"ev\":\"accepted\",\"id\":\"c2c8fc70-897d-48d4-813e-4e73b8f991fb\",\"t\":1791351672352}","source":"console","time":"2026-10-07T05:41:12Z"}
{"level":"info","msg":"{\"ev\":\"req\",\"route\":\"problem_detail\",\"status\":200,\"t\":1791351672367,\"ms\":3.4}","source":"console","time":"2026-10-07T05:41:12Z"}
{"level":"info","msg":"{\"ev\":\"req\",\"route\":\"history\",\"status\":200,\"t\":1791351672468,\"ms\":4}","source":"console","time":"2026-10-07T05:41:12Z"}
{"level":"info","msg":"{\"ev\":\"req\",\"route\":\"problem_list\",\"status\":200,\"t\":1791351672569,\"ms\":4.6}","source":"console","time":"2026-10-07T05:41:12Z"}
{"level":"info","msg":"{\"ev\":\"req\",\"route\":\"problem_detail\",\"status\":200,\"t\":1791351672668,\"ms\":3.8}","source":"console","time":"2026-10-07T05:41:12Z"}
{"level":"info","msg":"{\"ev\":\"req\",\"route\":\"history\",\"status\":200,\"t\":1791351672767,\"ms\":3.7}","source":"console","time":"2026-10-07T05:41:12Z"}
{"level":"info","msg":"{\"ev\":\"req\",\"route\":\"problem_list\",\"status\":200,\"t\":1791351672867,\"ms\":3.8}","source":"console","time":"2026-10-07T05:41:12Z"}
{"level":"info","msg":"{\"ev\":\"req\",\"route\":\"problem_detail\",\"status\":200,\"t\":1791351672967,\"ms\":3}","source":"console","time":"2026-10-07T05:41:12Z"}
{"level":"info","msg":"{\"ev\":\"req\",\"route\":\"history\",\"status\":200,\"t\":1791351673071,\"ms\":7.8}","source":"console","time":"2026-10-07T05:41:13Z"}
{"level":"info","msg":"{\"ev\":\"req\",\"route\":\"problem_list\",\"status\":200,\"t\":1791351673172,\"ms\":8}","source":"console","time":"2026-10-07T05:41:13Z"}
{"level":"info","msg":"{\"ev\":\"req\",\"route\":\"problem_detail\",\"status\":200,\"t\":1791351673272,\"ms\":8.6}","source":"console","time":"2026-10-07T05:41:13Z"}
{"level":"info","msg":"{\"ev\":\"req\",\"route\":\"history\",\"status\":200,\"t\":1791351673373,\"ms\":8.2}","source":"console","time":"2026-10-07T05:41:13Z"}
{"level":"info","msg":"{\"ev\":\"req\",\"route\":\"problem_list\",\"status\":200,\"t\":1791351673473,\"ms\":9.1}","source":"console","time":"2026-10-07T05:41:13Z"}
{"level":"info","msg":"{\"ev\":\"req\",\"route\":\"problem_detail\",\"status\":200,\"t\":1791351673572,\"ms\":7.8}","source":"console","time":"2026-10-07T05:41:13Z"}
{"level":"info","msg":"{\"ev\":\"req\",\"route\":\"history\",\"status\":200,\"t\":1791351673674,\"ms\":9.6}","source":"console","time":"2026-10-07T05:41:13Z"}
{"level":"info","msg":"{\"ev\":\"req\",\"route\":\"problem_list\",\"status\":200,\"t\":1791351673774,\"ms\":9.6}","source":"console","time":"2026-10-07T05:41:13Z"}
{"level":"info","msg":"{\"ev\":\"req\",\"route\":\"problem_detail\",\"status\":200,\"t\":1791351673867,\"ms\":3.6}","source":"console","time":"2026-10-07T05:41:13Z"}
{"level":"info","msg":"{\"ev\":\"req\",\"route\":\"history\",\"status\":200,\"t\":1791351673972,\"ms\":8.3}","source":"console","time":"2026-10-07T05:41:13Z"}
{"level":"info","msg":"{\"ev\":\"req\",\"route\":\"submit\",\"status\":200,\"t\":1791351674028,\"ms\":30.6}","source":"console","time":"2026-10-07T05:41:14Z"}
{"level":"info","msg":"{\"ev\":\"accepted\",\"id\":\"75b9cb88-6009-4dee-994e-1c2661ed0d9a\",\"t\":1791351674029}","source":"console","time":"2026-10-07T05:41:14Z"}
{"level":"info","msg":"{\"ev\":\"req\",\"route\":\"problem_list\",\"status\":200,\"t\":1791351674070,\"ms\":6.7}","source":"console","time":"2026-10-07T05:41:14Z"}
{"level":"info","msg":"{\"ev\":\"req\",\"route\":\"problem_detail\",\"status\":200,\"t\":1791351674169,\"ms\":4.5}","source":"console","time":"2026-10-07T05:41:14Z"}
{"level":"info","msg":"{\"ev\":\"req\",\"route\":\"history\",\"status\":200,\"t\":1791351674268,\"ms\":5}","source":"console","time":"2026-10-07T05:41:14Z"}
{"level":"info","msg":"{\"ev\":\"req\",\"route\":\"problem_list\",\"status\":200,\"t\":1791351674368,\"ms\":3.9}","source":"console","time":"2026-10-07T05:41:14Z"}
{"level":"info","msg":"{\"ev\":\"req\",\"route\":\"problem_detail\",\"status\":200,\"t\":1791351674467,\"ms\":4.3}","source":"console","time":"2026-10-07T05:41:14Z"}
{"level":"info","msg":"{\"ev\":\"req\",\"route\":\"history\",\"status\":200,\"t\":1791351674573,\"ms\":6.5}","source":"console","time":"2026-10-07T05:41:14Z"}
{"level":"info","msg":"{\"ev\":\"req\",\"route\":\"problem_list\",\"status\":200,\"t\":1791351674673,\"ms\":9}","source":"console","time":"2026-10-07T05:41:14Z"}
{"level":"info","msg":"{\"ev\":\"req\",\"route\":\"problem_detail\",\"status\":200,\"t\":1791351674773,\"ms\":8.6}","source":"console","time":"2026-10-07T05:41:14Z"}
{"level":"info","msg":"{\"ev\":\"req\",\"route\":\"history\",\"status\":200,\"t\":1791351674872,\"ms\":8.1}","source":"console","time":"2026-10-07T05:41:14Z"}
{"level":"info","msg":"{\"ev\":\"req\",\"route\":\"problem_list\",\"status\":200,\"t\":1791351674973,\"ms\":8.9}","source":"console","time":"2026-10-07T05:41:14Z"}
{"level":"info","msg":"{\"ev\":\"req\",\"route\":\"problem_detail\",\"status\":200,\"t\":1791351675071,\"ms\":7.6}","source":"console","time":"2026-10-07T05:41:15Z"}
{"level":"info","msg":"{\"ev\":\"req\",\"route\":\"history\",\"status\":200,\"t\":1791351675172,\"ms\":8.1}","source":"console","time":"2026-10-07T05:41:15Z"}
{"level":"info","msg":"{\"ev\":\"req\",\"route\":\"problem_list\",\"status\":200,\"t\":1791351675273,\"ms\":8.9}","source":"console","time":"2026-10-07T05:41:15Z"}
{"level":"info","msg":"{\"ev\":\"req\",\"route\":\"problem_detail\",\"status\":200,\"t\":1791351675372,\"ms\":8.6}","source":"console","time":"2026-10-07T05:41:15Z"}
{"level":"info","msg":"{\"ev\":\"req\",\"route\":\"history\",\"status\":200,\"t\":1791351675472,\"ms\":8.3}","source":"console","time":"2026-10-07T05:41:15Z"}
{"level":"info","msg":"{\"ev\":\"req\",\"route\":\"problem_list\",\"status\":200,\"t\":1791351675574,\"ms\":9.2}","source":"console","time":"2026-10-07T05:41:15Z"}
{"level":"info","msg":"{\"ev\":\"req\",\"route\":\"problem_detail\",\"status\":200,\"t\":1791351675672,\"ms\":8.1}","source":"console","time":"2026-10-07T05:41:15Z"}
{"level":"info","msg":"{\"ev\":\"req\",\"route\":\"submit\",\"status\":200,\"t\":1791351675684,\"ms\":20.5}","source":"console","time":"2026-10-07T05:41:15Z"}
{"level":"info","msg":"{\"ev\":\"accepted\",\"id\":\"8ad116ec-cf54-4c31-8f03-21deb9a7952a\",\"t\":1791351675685}","source":"console","time":"2026-10-07T05:41:15Z"}
{"level":"info","msg":"{\"ev\":\"req\",\"route\":\"history\",\"status\":200,\"t\":1791351675768,\"ms\":4.2}","source":"console","time":"2026-10-07T05:41:15Z"}
{"level":"info","msg":"{\"ev\":\"req\",\"route\":\"problem_list\",\"status\":200,\"t\":1791351675869,\"ms\":4.8}","source":"console","time":"2026-10-07T05:41:15Z"}
{"level":"info","msg":"{\"ev\":\"req\",\"route\":\"problem_detail\",\"status\":200,\"t\":1791351675967,\"ms\":3.7}","source":"console","time":"2026-10-07T05:41:15Z"}
{"level":"info","msg":"{\"ev\":\"req\",\"route\":\"history\",\"status\":200,\"t\":1791351676068,\"ms\":3.8}","source":"console","time":"2026-10-07T05:41:16Z"}
{"level":"info","msg":"{\"ev\":\"req\",\"route\":\"problem_list\",\"status\":200,\"t\":1791351676167,\"ms\":3.6}","source":"console","time":"2026-10-07T05:41:16Z"}
{"level":"info","msg":"{\"ev\":\"req\",\"route\":\"problem_detail\",\"status\":200,\"t\":1791351676267,\"ms\":4.2}","source":"console","time":"2026-10-07T05:41:16Z"}
{"level":"info","msg":"{\"ev\":\"req\",\"route\":\"history\",\"status\":200,\"t\":1791351676368,\"ms\":4}","source":"console","time":"2026-10-07T05:41:16Z"}
{"level":"info","msg":"{\"ev\":\"req\",\"route\":\"problem_list\",\"status\":200,\"t\":1791351676468,\"ms\":3.7}","source":"console","time":"2026-10-07T05:41:16Z"}
{"level":"info","msg":"{\"ev\":\"req\",\"route\":\"problem_detail\",\"status\":200,\"t\":1791351676567,\"ms\":3.2}","source":"console","time":"2026-10-07T05:41:16Z"}
{"level":"info","msg":"{\"ev\":\"req\",\"route\":\"history\",\"status\":200,\"t\":1791351676671,\"ms\":7.8}","source":"console","time":"2026-10-07T05:41:16Z"}
{"level":"info","msg":"{\"ev\":\"req\",\"route\":\"problem_list\",\"status\":200,\"t\":1791351676767,\"ms\":3.2}","source":"console","time":"2026-10-07T05:41:16Z"}
{"level":"info","msg":"{\"ev\":\"req\",\"route\":\"problem_detail\",\"status\":200,\"t\":1791351676872,\"ms\":8}","source":"console","time":"2026-10-07T05:41:16Z"}
{"level":"info","msg":"{\"ev\":\"req\",\"route\":\"history\",\"status\":200,\"t\":1791351676973,\"ms\":8.1}","source":"console","time":"2026-10-07T05:41:16Z"}
{"level":"info","msg":"{\"ev\":\"req\",\"route\":\"problem_list\",\"status\":200,\"t\":1791351677072,\"ms\":8.1}","source":"console","time":"2026-10-07T05:41:17Z"}
{"level":"info","msg":"{\"ev\":\"req\",\"route\":\"problem_detail\",\"status\":200,\"t\":1791351677167,\"ms\":3.1}","source":"console","time":"2026-10-07T05:41:17Z"}
{"level":"info","msg":"{\"ev\":\"req\",\"route\":\"history\",\"status\":200,\"t\":1791351677272,\"ms\":8.1}","source":"console","time":"2026-10-07T05:41:17Z"}
{"level":"info","msg":"{\"ev\":\"req\",\"route\":\"submit\",\"status\":200,\"t\":1791351677345,\"ms\":15.1}","source":"console","time":"2026-10-07T05:41:17Z"}
{"level":"info","msg":"{\"ev\":\"accepted\",\"id\":\"04c7236d-453e-4381-939f-0d722e51618c\",\"t\":1791351677345}","source":"console","time":"2026-10-07T05:41:17Z"}
{"level":"info","msg":"{\"ev\":\"req\",\"route\":\"problem_list\",\"status\":200,\"t\":1791351677368,\"ms\":3.9}","source":"console","time":"2026-10-07T05:41:17Z"}
{"level":"info","msg":"{\"ev\":\"req\",\"route\":\"problem_detail\",\"status\":200,\"t\":1791351677471,\"ms\":7.1}","source":"console","time":"2026-10-07T05:41:17Z"}
{"level":"info","msg":"{\"ev\":\"req\",\"route\":\"history\",\"status\":200,\"t\":1791351677572,\"ms\":8.3}","source":"console","time":"2026-10-07T05:41:17Z"}
{"level":"info","msg":"{\"ev\":\"req\",\"route\":\"problem_list\",\"status\":200,\"t\":1791351677669,\"ms\":5.5}","source":"console","time":"2026-10-07T05:41:17Z"}
{"level":"info","msg":"{\"ev\":\"req\",\"route\":\"problem_detail\",\"status\":200,\"t\":1791351677773,\"ms\":9}","source":"console","time":"2026-10-07T05:41:17Z"}
{"level":"info","msg":"{\"ev\":\"req\",\"route\":\"history\",\"status\":200,\"t\":1791351677870,\"ms\":5.9}","source":"console","time":"2026-10-07T05:41:17Z"}
{"level":"info","msg":"{\"ev\":\"req\",\"route\":\"problem_list\",\"status\":200,\"t\":1791351677967,\"ms\":3.6}","source":"console","time":"2026-10-07T05:41:17Z"}
{"level":"info","msg":"{\"ev\":\"req\",\"route\":\"problem_detail\",\"status\":200,\"t\":1791351678067,\"ms\":3.6}","source":"console","time":"2026-10-07T05:41:18Z"}
{"level":"info","msg":"{\"ev\":\"req\",\"route\":\"history\",\"status\":200,\"t\":1791351678168,\"ms\":4.2}","source":"console","time":"2026-10-07T05:41:18Z"}
{"level":"info","msg":"{\"ev\":\"req\",\"route\":\"problem_list\",\"status\":200,\"t\":1791351678268,\"ms\":4}","source":"console","time":"2026-10-07T05:41:18Z"}
{"level":"info","msg":"{\"ev\":\"req\",\"route\":\"problem_detail\",\"status\":200,\"t\":1791351678375,\"ms\":11.7}","source":"console","time":"2026-10-07T05:41:18Z"}
{"level":"info","msg":"{\"ev\":\"req\",\"route\":\"history\",\"status\":200,\"t\":1791351678474,\"ms\":9}","source":"console","time":"2026-10-07T05:41:18Z"}
{"level":"info","msg":"{\"ev\":\"req\",\"route\":\"problem_list\",\"status\":200,\"t\":1791351678571,\"ms\":7.1}","source":"console","time":"2026-10-07T05:41:18Z"}
{"level":"info","msg":"{\"ev\":\"req\",\"route\":\"problem_detail\",\"status\":200,\"t\":1791351678671,\"ms\":7.4}","source":"console","time":"2026-10-07T05:41:18Z"}
{"level":"info","msg":"{\"ev\":\"req\",\"route\":\"history\",\"status\":200,\"t\":1791351678771,\"ms\":8}","source":"console","time":"2026-10-07T05:41:18Z"}
{"level":"info","msg":"{\"ev\":\"req\",\"route\":\"problem_list\",\"status\":200,\"t\":1791351678871,\"ms\":7.6}","source":"console","time":"2026-10-07T05:41:18Z"}
{"level":"info","msg":"{\"ev\":\"req\",\"route\":\"problem_detail\",\"status\":200,\"t\":1791351678972,\"ms\":7.6}","source":"console","time":"2026-10-07T05:41:18Z"}
{"level":"info","msg":"{\"ev\":\"req\",\"route\":\"submit\",\"status\":200,\"t\":1791351679017,\"ms\":19.7}","source":"console","time":"2026-10-07T05:41:19Z"}
{"level":"info","msg":"{\"ev\":\"accepted\",\"id\":\"978ea01a-767a-4c11-93e8-fc3d9ebcdc3d\",\"t\":1791351679018}","source":"console","time":"2026-10-07T05:41:19Z"}
{"level":"info","msg":"{\"ev\":\"req\",\"route\":\"history\",\"status\":200,\"t\":1791351679068,\"ms\":3.7}","source":"console","time":"2026-10-07T05:41:19Z"}
{"level":"info","msg":"{\"ev\":\"req\",\"route\":\"problem_list\",\"status\":200,\"t\":1791351679168,\"ms\":4}","source":"console","time":"2026-10-07T05:41:19Z"}
{"level":"info","msg":"{\"ev\":\"req\",\"route\":\"problem_detail\",\"status\":200,\"t\":1791351679266,\"ms\":3}","source":"console","time":"2026-10-07T05:41:19Z"}
{"level":"info","msg":"{\"ev\":\"req\",\"route\":\"history\",\"status\":200,\"t\":1791351679368,\"ms\":3.7}","source":"console","time":"2026-10-07T05:41:19Z"}
{"level":"info","msg":"{\"ev\":\"req\",\"route\":\"problem_list\",\"status\":200,\"t\":1791351679469,\"ms\":4.6}","source":"console","time":"2026-10-07T05:41:19Z"}
{"level":"info","msg":"{\"ev\":\"req\",\"route\":\"problem_detail\",\"status\":200,\"t\":1791351679568,\"ms\":4.3}","source":"console","time":"2026-10-07T05:41:19Z"}
{"level":"info","msg":"{\"ev\":\"req\",\"route\":\"history\",\"status\":200,\"t\":1791351679668,\"ms\":4.2}","source":"console","time":"2026-10-07T05:41:19Z"}
{"level":"info","msg":"{\"ev\":\"req\",\"route\":\"problem_list\",\"status\":200,\"t\":1791351679773,\"ms\":9.4}","source":"console","time":"2026-10-07T05:41:19Z"}
{"level":"info","msg":"{\"ev\":\"req\",\"route\":\"problem_detail\",\"status\":200,\"t\":1791351679874,\"ms\":9.2}","source":"console","time":"2026-10-07T05:41:19Z"}
{"level":"info","msg":"{\"ev\":\"req\",\"route\":\"history\",\"status\":200,\"t\":1791351679972,\"ms\":7.3}","source":"console","time":"2026-10-07T05:41:19Z"}
{"level":"info","msg":"{\"ev\":\"req\",\"route\":\"problem_list\",\"status\":200,\"t\":1791351680073,\"ms\":8.8}","source":"console","time":"2026-10-07T05:41:20Z"}
{"level":"info","msg":"{\"ev\":\"req\",\"route\":\"problem_detail\",\"status\":200,\"t\":1791351680168,\"ms\":3.9}","source":"console","time":"2026-10-07T05:41:20Z"}
{"level":"info","msg":"{\"ev\":\"req\",\"route\":\"history\",\"status\":200,\"t\":1791351680272,\"ms\":8.1}","source":"console","time":"2026-10-07T05:41:20Z"}
{"level":"info","msg":"{\"ev\":\"req\",\"route\":\"problem_list\",\"status\":200,\"t\":1791351680372,\"ms\":8.8}","source":"console","time":"2026-10-07T05:41:20Z"}
{"level":"info","msg":"{\"ev\":\"req\",\"route\":\"problem_detail\",\"status\":200,\"t\":1791351680473,\"ms\":9.1}","source":"console","time":"2026-10-07T05:41:20Z"}
{"level":"info","msg":"{\"ev\":\"req\",\"route\":\"history\",\"status\":200,\"t\":1791351680572,\"ms\":8.3}","source":"console","time":"2026-10-07T05:41:20Z"}
{"level":"info","msg":"{\"ev\":\"req\",\"route\":\"problem_list\",\"status\":200,\"t\":1791351680674,\"ms\":9.4}","source":"console","time":"2026-10-07T05:41:20Z"}
{"level":"info","msg":"{\"ev\":\"req\",\"route\":\"submit\",\"status\":200,\"t\":1791351680682,\"ms\":17.3}","source":"console","time":"2026-10-07T05:41:20Z"}
{"level":"info","msg":"{\"ev\":\"accepted\",\"id\":\"b7f1fe94-2ab9-4902-8d0f-c07ce20a3a3e\",\"t\":1791351680682}","source":"console","time":"2026-10-07T05:41:20Z"}
{"level":"info","msg":"{\"ev\":\"req\",\"route\":\"problem_detail\",\"status\":200,\"t\":1791351680768,\"ms\":4.5}","source":"console","time":"2026-10-07T05:41:20Z"}
{"level":"info","msg":"{\"ev\":\"req\",\"route\":\"history\",\"status\":200,\"t\":1791351680869,\"ms\":4.8}","source":"console","time":"2026-10-07T05:41:20Z"}
{"level":"info","msg":"{\"ev\":\"req\",\"route\":\"problem_list\",\"status\":200,\"t\":1791351680970,\"ms\":6}","source":"console","time":"2026-10-07T05:41:20Z"}
{"level":"info","msg":"{\"ev\":\"req\",\"route\":\"problem_detail\",\"status\":200,\"t\":1791351681067,\"ms\":3.2}","source":"console","time":"2026-10-07T05:41:21Z"}
{"level":"info","msg":"{\"ev\":\"req\",\"route\":\"history\",\"status\":200,\"t\":1791351681167,\"ms\":3.1}","source":"console","time":"2026-10-07T05:41:21Z"}
{"level":"info","msg":"{\"ev\":\"req\",\"route\":\"problem_list\",\"status\":200,\"t\":1791351681266,\"ms\":3}","source":"console","time":"2026-10-07T05:41:21Z"}
{"level":"info","msg":"{\"ev\":\"req\",\"route\":\"problem_detail\",\"status\":200,\"t\":1791351681371,\"ms\":7.8}","source":"console","time":"2026-10-07T05:41:21Z"}
{"level":"info","msg":"{\"ev\":\"req\",\"route\":\"history\",\"status\":200,\"t\":1791351681472,\"ms\":8.8}","source":"console","time":"2026-10-07T05:41:21Z"}
{"level":"info","msg":"{\"ev\":\"req\",\"route\":\"problem_list\",\"status\":200,\"t\":1791351681572,\"ms\":8.6}","source":"console","time":"2026-10-07T05:41:21Z"}
{"level":"info","msg":"{\"ev\":\"req\",\"route\":\"problem_detail\",\"status\":200,\"t\":1791351681673,\"ms\":9.2}","source":"console","time":"2026-10-07T05:41:21Z"}
{"level":"info","msg":"{\"ev\":\"req\",\"route\":\"history\",\"status\":200,\"t\":1791351681774,\"ms\":9.5}","source":"console","time":"2026-10-07T05:41:21Z"}
{"level":"info","msg":"{\"ev\":\"req\",\"route\":\"problem_list\",\"status\":200,\"t\":1791351681872,\"ms\":8.4}","source":"console","time":"2026-10-07T05:41:21Z"}
{"level":"info","msg":"{\"ev\":\"req\",\"route\":\"problem_detail\",\"status\":200,\"t\":1791351681972,\"ms\":7.5}","source":"console","time":"2026-10-07T05:41:21Z"}
{"level":"info","msg":"{\"ev\":\"req\",\"route\":\"history\",\"status\":200,\"t\":1791351682073,\"ms\":9}","source":"console","time":"2026-10-07T05:41:22Z"}
{"level":"info","msg":"{\"ev\":\"req\",\"route\":\"problem_list\",\"status\":200,\"t\":1791351682172,\"ms\":8.8}","source":"console","time":"2026-10-07T05:41:22Z"}
{"level":"info","msg":"{\"ev\":\"req\",\"route\":\"problem_detail\",\"status\":200,\"t\":1791351682267,\"ms\":3.9}","source":"console","time":"2026-10-07T05:41:22Z"}
{"level":"info","msg":"{\"ev\":\"req\",\"route\":\"submit\",\"status\":200,\"t\":1791351682346,\"ms\":15.6}","source":"console","time":"2026-10-07T05:41:22Z"}
{"level":"info","msg":"{\"ev\":\"accepted\",\"id\":\"2e1aa6a4-b736-4b0b-8620-a4840ac943f2\",\"t\":1791351682346}","source":"console","time":"2026-10-07T05:41:22Z"}
{"level":"info","msg":"{\"ev\":\"req\",\"route\":\"history\",\"status\":200,\"t\":1791351682368,\"ms\":4.3}","source":"console","time":"2026-10-07T05:41:22Z"}
{"level":"info","msg":"{\"ev\":\"req\",\"route\":\"problem_list\",\"status\":200,\"t\":1791351682468,\"ms\":3.9}","source":"console","time":"2026-10-07T05:41:22Z"}
{"level":"info","msg":"{\"ev\":\"req\",\"route\":\"problem_detail\",\"status\":200,\"t\":1791351682568,\"ms\":3.7}","source":"console","time":"2026-10-07T05:41:22Z"}
{"level":"info","msg":"{\"ev\":\"req\",\"route\":\"history\",\"status\":200,\"t\":1791351682668,\"ms\":3.9}","source":"console","time":"2026-10-07T05:41:22Z"}
{"level":"info","msg":"{\"ev\":\"req\",\"route\":\"problem_list\",\"status\":200,\"t\":1791351682767,\"ms\":3.7}","source":"console","time":"2026-10-07T05:41:22Z"}
{"level":"info","msg":"{\"ev\":\"req\",\"route\":\"problem_detail\",\"status\":200,\"t\":1791351682868,\"ms\":3.6}","source":"console","time":"2026-10-07T05:41:22Z"}
{"level":"info","msg":"{\"ev\":\"req\",\"route\":\"history\",\"status\":200,\"t\":1791351682967,\"ms\":3.7}","source":"console","time":"2026-10-07T05:41:22Z"}
{"level":"info","msg":"{\"ev\":\"req\",\"route\":\"problem_list\",\"status\":200,\"t\":1791351683072,\"ms\":8.4}","source":"console","time":"2026-10-07T05:41:23Z"}
{"level":"info","msg":"{\"ev\":\"req\",\"route\":\"problem_detail\",\"status\":200,\"t\":1791351683171,\"ms\":8}","source":"console","time":"2026-10-07T05:41:23Z"}
{"level":"info","msg":"{\"ev\":\"req\",\"route\":\"history\",\"status\":200,\"t\":1791351683267,\"ms\":3.2}","source":"console","time":"2026-10-07T05:41:23Z"}
{"level":"info","msg":"{\"ev\":\"req\",\"route\":\"problem_list\",\"status\":200,\"t\":1791351683372,\"ms\":8.4}","source":"console","time":"2026-10-07T05:41:23Z"}
{"level":"info","msg":"{\"ev\":\"req\",\"route\":\"problem_detail\",\"status\":200,\"t\":1791351683473,\"ms\":8.5}","source":"console","time":"2026-10-07T05:41:23Z"}
{"level":"info","msg":"{\"ev\":\"req\",\"route\":\"history\",\"status\":200,\"t\":1791351683568,\"ms\":3.9}","source":"console","time":"2026-10-07T05:41:23Z"}
{"level":"info","msg":"{\"ev\":\"req\",\"route\":\"problem_list\",\"status\":200,\"t\":1791351683673,\"ms\":9.2}","source":"console","time":"2026-10-07T05:41:23Z"}
{"level":"info","msg":"{\"ev\":\"req\",\"route\":\"problem_detail\",\"status\":200,\"t\":1791351683773,\"ms\":8.2}","source":"console","time":"2026-10-07T05:41:23Z"}
{"level":"info","msg":"{\"ev\":\"req\",\"route\":\"history\",\"status\":200,\"t\":1791351683872,\"ms\":8.4}","source":"console","time":"2026-10-07T05:41:23Z"}
{"level":"info","msg":"{\"ev\":\"req\",\"route\":\"problem_list\",\"status\":200,\"t\":1791351683967,\"ms\":3.3}","source":"console","time":"2026-10-07T05:41:23Z"}
{"level":"info","msg":"{\"ev\":\"req\",\"route\":\"submit\",\"status\":200,\"t\":1791351684013,\"ms\":15.8}","source":"console","time":"2026-10-07T05:41:24Z"}
{"level":"info","msg":"{\"ev\":\"accepted\",\"id\":\"0128f9b2-84a1-485b-8a05-2f5284f68784\",\"t\":1791351684013}","source":"console","time":"2026-10-07T05:41:24Z"}
{"level":"info","msg":"{\"ev\":\"req\",\"route\":\"problem_detail\",\"status\":200,\"t\":1791351684068,\"ms\":4.5}","source":"console","time":"2026-10-07T05:41:24Z"}
{"level":"info","msg":"{\"ev\":\"req\",\"route\":\"history\",\"status\":200,\"t\":1791351684169,\"ms\":5}","source":"console","time":"2026-10-07T05:41:24Z"}
{"level":"info","msg":"{\"ev\":\"req\",\"route\":\"problem_list\",\"status\":200,\"t\":1791351684267,\"ms\":3.8}","source":"console","time":"2026-10-07T05:41:24Z"}
{"level":"info","msg":"{\"ev\":\"req\",\"route\":\"problem_detail\",\"status\":200,\"t\":1791351684368,\"ms\":3.9}","source":"console","time":"2026-10-07T05:41:24Z"}
{"level":"info","msg":"{\"ev\":\"req\",\"route\":\"history\",\"status\":200,\"t\":1791351684467,\"ms\":3.6}","source":"console","time":"2026-10-07T05:41:24Z"}
{"level":"info","msg":"{\"ev\":\"req\",\"route\":\"problem_list\",\"status\":200,\"t\":1791351684566,\"ms\":2.8}","source":"console","time":"2026-10-07T05:41:24Z"}
{"level":"info","msg":"{\"ev\":\"req\",\"route\":\"problem_detail\",\"status\":200,\"t\":1791351684673,\"ms\":8.5}","source":"console","time":"2026-10-07T05:41:24Z"}
{"level":"info","msg":"{\"ev\":\"req\",\"route\":\"history\",\"status\":200,\"t\":1791351684771,\"ms\":6.9}","source":"console","time":"2026-10-07T05:41:24Z"}
{"level":"info","msg":"{\"ev\":\"req\",\"route\":\"problem_list\",\"status\":200,\"t\":1791351684874,\"ms\":9.4}","source":"console","time":"2026-10-07T05:41:24Z"}
{"level":"info","msg":"{\"ev\":\"req\",\"route\":\"problem_detail\",\"status\":200,\"t\":1791351684972,\"ms\":8.3}","source":"console","time":"2026-10-07T05:41:24Z"}
{"level":"info","msg":"{\"ev\":\"req\",\"route\":\"history\",\"status\":200,\"t\":1791351685072,\"ms\":8.1}","source":"console","time":"2026-10-07T05:41:25Z"}
{"level":"info","msg":"{\"ev\":\"req\",\"route\":\"problem_list\",\"status\":200,\"t\":1791351685174,\"ms\":9.2}","source":"console","time":"2026-10-07T05:41:25Z"}
{"level":"info","msg":"{\"ev\":\"req\",\"route\":\"problem_detail\",\"status\":200,\"t\":1791351685272,\"ms\":8}","source":"console","time":"2026-10-07T05:41:25Z"}
{"level":"info","msg":"{\"ev\":\"req\",\"route\":\"history\",\"status\":200,\"t\":1791351685372,\"ms\":7.4}","source":"console","time":"2026-10-07T05:41:25Z"}
{"level":"info","msg":"{\"ev\":\"req\",\"route\":\"problem_list\",\"status\":200,\"t\":1791351685472,\"ms\":8.3}","source":"console","time":"2026-10-07T05:41:25Z"}
{"level":"info","msg":"{\"ev\":\"req\",\"route\":\"problem_detail\",\"status\":200,\"t\":1791351685571,\"ms\":7}","source":"console","time":"2026-10-07T05:41:25Z"}
{"level":"info","msg":"{\"ev\":\"req\",\"route\":\"history\",\"status\":200,\"t\":1791351685674,\"ms\":9.8}","source":"console","time":"2026-10-07T05:41:25Z"}
{"level":"info","msg":"{\"ev\":\"req\",\"route\":\"submit\",\"status\":200,\"t\":1791351685685,\"ms\":20.6}","source":"console","time":"2026-10-07T05:41:25Z"}
{"level":"info","msg":"{\"ev\":\"accepted\",\"id\":\"a7ed8332-abec-4777-b5c0-3cc05769ee79\",\"t\":1791351685685}","source":"console","time":"2026-10-07T05:41:25Z"}
{"level":"info","msg":"{\"ev\":\"req\",\"route\":\"problem_list\",\"status\":200,\"t\":1791351685767,\"ms\":3.5}","source":"console","time":"2026-10-07T05:41:25Z"}
{"level":"info","msg":"{\"ev\":\"req\",\"route\":\"problem_detail\",\"status\":200,\"t\":1791351685868,\"ms\":3.4}","source":"console","time":"2026-10-07T05:41:25Z"}
{"level":"info","msg":"{\"ev\":\"req\",\"route\":\"history\",\"status\":200,\"t\":1791351685968,\"ms\":3.7}","source":"console","time":"2026-10-07T05:41:25Z"}
{"level":"info","msg":"{\"ev\":\"req\",\"route\":\"problem_list\",\"status\":200,\"t\":1791351686067,\"ms\":3.5}","source":"console","time":"2026-10-07T05:41:26Z"}
{"level":"info","msg":"{\"ev\":\"req\",\"route\":\"problem_detail\",\"status\":200,\"t\":1791351686168,\"ms\":4}","source":"console","time":"2026-10-07T05:41:26Z"}
{"level":"info","msg":"{\"ev\":\"req\",\"route\":\"history\",\"status\":200,\"t\":1791351686267,\"ms\":3.6}","source":"console","time":"2026-10-07T05:41:26Z"}
{"level":"info","msg":"{\"ev\":\"req\",\"route\":\"problem_list\",\"status\":200,\"t\":1791351686367,\"ms\":3.4}","source":"console","time":"2026-10-07T05:41:26Z"}
{"level":"info","msg":"{\"ev\":\"req\",\"route\":\"problem_detail\",\"status\":200,\"t\":1791351686472,\"ms\":7.9}","source":"console","time":"2026-10-07T05:41:26Z"}
{"level":"info","msg":"{\"ev\":\"req\",\"route\":\"history\",\"status\":200,\"t\":1791351686572,\"ms\":8}","source":"console","time":"2026-10-07T05:41:26Z"}
{"level":"info","msg":"{\"ev\":\"req\",\"route\":\"problem_list\",\"status\":200,\"t\":1791351686667,\"ms\":3.7}","source":"console","time":"2026-10-07T05:41:26Z"}
{"level":"info","msg":"{\"ev\":\"req\",\"route\":\"problem_detail\",\"status\":200,\"t\":1791351686767,\"ms\":3.2}","source":"console","time":"2026-10-07T05:41:26Z"}
{"level":"info","msg":"{\"ev\":\"req\",\"route\":\"history\",\"status\":200,\"t\":1791351686873,\"ms\":8.3}","source":"console","time":"2026-10-07T05:41:26Z"}
{"level":"info","msg":"{\"ev\":\"req\",\"route\":\"problem_list\",\"status\":200,\"t\":1791351686968,\"ms\":3.9}","source":"console","time":"2026-10-07T05:41:26Z"}
{"level":"info","msg":"{\"ev\":\"req\",\"route\":\"problem_detail\",\"status\":200,\"t\":1791351687071,\"ms\":7.6}","source":"console","time":"2026-10-07T05:41:27Z"}
{"level":"info","msg":"{\"ev\":\"req\",\"route\":\"history\",\"status\":200,\"t\":1791351687172,\"ms\":8.4}","source":"console","time":"2026-10-07T05:41:27Z"}
{"level":"info","msg":"{\"ev\":\"req\",\"route\":\"problem_list\",\"status\":200,\"t\":1791351687273,\"ms\":8.7}","source":"console","time":"2026-10-07T05:41:27Z"}
{"level":"info","msg":"{\"ev\":\"req\",\"route\":\"submit\",\"status\":200,\"t\":1791351687351,\"ms\":20.5}","source":"console","time":"2026-10-07T05:41:27Z"}
{"level":"info","msg":"{\"ev\":\"accepted\",\"id\":\"e19b254f-d016-4a01-82bb-64a00b039ef5\",\"t\":1791351687351}","source":"console","time":"2026-10-07T05:41:27Z"}
{"level":"info","msg":"{\"ev\":\"req\",\"route\":\"problem_detail\",\"status\":200,\"t\":1791351687367,\"ms\":3.2}","source":"console","time":"2026-10-07T05:41:27Z"}
{"level":"info","msg":"{\"ev\":\"req\",\"route\":\"history\",\"status\":200,\"t\":1791351687469,\"ms\":4.6}","source":"console","time":"2026-10-07T05:41:27Z"}
{"level":"info","msg":"{\"ev\":\"req\",\"route\":\"problem_list\",\"status\":200,\"t\":1791351687569,\"ms\":5}","source":"console","time":"2026-10-07T05:41:27Z"}
{"level":"info","msg":"{\"ev\":\"req\",\"route\":\"problem_detail\",\"status\":200,\"t\":1791351687668,\"ms\":4}","source":"console","time":"2026-10-07T05:41:27Z"}
{"level":"info","msg":"{\"ev\":\"req\",\"route\":\"history\",\"status\":200,\"t\":1791351687768,\"ms\":4.7}","source":"console","time":"2026-10-07T05:41:27Z"}
{"level":"info","msg":"{\"ev\":\"req\",\"route\":\"problem_list\",\"status\":200,\"t\":1791351687873,\"ms\":9}","source":"console","time":"2026-10-07T05:41:27Z"}
{"level":"info","msg":"{\"ev\":\"req\",\"route\":\"problem_detail\",\"status\":200,\"t\":1791351687973,\"ms\":8.7}","source":"console","time":"2026-10-07T05:41:27Z"}
{"level":"info","msg":"{\"ev\":\"req\",\"route\":\"history\",\"status\":200,\"t\":1791351688072,\"ms\":7.8}","source":"console","time":"2026-10-07T05:41:28Z"}
{"level":"info","msg":"{\"ev\":\"req\",\"route\":\"problem_list\",\"status\":200,\"t\":1791351688172,\"ms\":8.1}","source":"console","time":"2026-10-07T05:41:28Z"}
{"level":"info","msg":"{\"ev\":\"req\",\"route\":\"problem_detail\",\"status\":200,\"t\":1791351688271,\"ms\":8}","source":"console","time":"2026-10-07T05:41:28Z"}
{"level":"info","msg":"{\"ev\":\"req\",\"route\":\"history\",\"status\":200,\"t\":1791351688368,\"ms\":4.1}","source":"console","time":"2026-10-07T05:41:28Z"}
{"level":"info","msg":"{\"ev\":\"req\",\"route\":\"problem_list\",\"status\":200,\"t\":1791351688472,\"ms\":8.3}","source":"console","time":"2026-10-07T05:41:28Z"}
{"level":"info","msg":"{\"ev\":\"req\",\"route\":\"problem_detail\",\"status\":200,\"t\":1791351688572,\"ms\":7.4}","source":"console","time":"2026-10-07T05:41:28Z"}
{"level":"info","msg":"{\"ev\":\"req\",\"route\":\"history\",\"status\":200,\"t\":1791351688667,\"ms\":3.3}","source":"console","time":"2026-10-07T05:41:28Z"}
{"level":"info","msg":"{\"ev\":\"req\",\"route\":\"problem_list\",\"status\":200,\"t\":1791351688767,\"ms\":3.9}","source":"console","time":"2026-10-07T05:41:28Z"}
{"level":"info","msg":"{\"ev\":\"req\",\"route\":\"problem_detail\",\"status\":200,\"t\":1791351688868,\"ms\":3.8}","source":"console","time":"2026-10-07T05:41:28Z"}
{"level":"info","msg":"{\"ev\":\"req\",\"route\":\"history\",\"status\":200,\"t\":1791351688968,\"ms\":4.2}","source":"console","time":"2026-10-07T05:41:28Z"}
{"level":"info","msg":"{\"ev\":\"req\",\"route\":\"submit\",\"status\":200,\"t\":1791351689007,\"ms\":9.9}","source":"console","time":"2026-10-07T05:41:29Z"}
{"level":"info","msg":"{\"ev\":\"accepted\",\"id\":\"1cef8ed8-5f8c-43d1-9c3d-8a787313a053\",\"t\":1791351689007}","source":"console","time":"2026-10-07T05:41:29Z"}
{"level":"info","msg":"{\"ev\":\"req\",\"route\":\"problem_list\",\"status\":200,\"t\":1791351689069,\"ms\":4.8}","source":"console","time":"2026-10-07T05:41:29Z"}
{"level":"info","msg":"{\"ev\":\"req\",\"route\":\"problem_detail\",\"status\":200,\"t\":1791351689168,\"ms\":3.8}","source":"console","time":"2026-10-07T05:41:29Z"}
{"level":"info","msg":"{\"ev\":\"req\",\"route\":\"history\",\"status\":200,\"t\":1791351689267,\"ms\":3.8}","source":"console","time":"2026-10-07T05:41:29Z"}
{"level":"info","msg":"{\"ev\":\"req\",\"route\":\"problem_list\",\"status\":200,\"t\":1791351689368,\"ms\":3.5}","source":"console","time":"2026-10-07T05:41:29Z"}
{"level":"info","msg":"{\"ev\":\"req\",\"route\":\"problem_detail\",\"status\":200,\"t\":1791351689467,\"ms\":3.5}","source":"console","time":"2026-10-07T05:41:29Z"}
{"level":"info","msg":"{\"ev\":\"req\",\"route\":\"history\",\"status\":200,\"t\":1791351689567,\"ms\":3.5}","source":"console","time":"2026-10-07T05:41:29Z"}
{"level":"info","msg":"{\"ev\":\"req\",\"route\":\"problem_list\",\"status\":200,\"t\":1791351689668,\"ms\":3.5}","source":"console","time":"2026-10-07T05:41:29Z"}
{"level":"info","msg":"{\"ev\":\"req\",\"route\":\"problem_detail\",\"status\":200,\"t\":1791351689771,\"ms\":7.1}","source":"console","time":"2026-10-07T05:41:29Z"}
{"level":"info","msg":"{\"ev\":\"req\",\"route\":\"history\",\"status\":200,\"t\":1791351689873,\"ms\":8.5}","source":"console","time":"2026-10-07T05:41:29Z"}
{"level":"info","msg":"{\"ev\":\"req\",\"route\":\"problem_list\",\"status\":200,\"t\":1791351689972,\"ms\":7.8}","source":"console","time":"2026-10-07T05:41:29Z"}
{"level":"info","msg":"{\"ev\":\"req\",\"route\":\"problem_detail\",\"status\":200,\"t\":1791351690071,\"ms\":7.2}","source":"console","time":"2026-10-07T05:41:30Z"}
{"level":"info","msg":"{\"ev\":\"req\",\"route\":\"history\",\"status\":200,\"t\":1791351690171,\"ms\":8.1}","source":"console","time":"2026-10-07T05:41:30Z"}
{"level":"info","msg":"{\"ev\":\"req\",\"route\":\"problem_list\",\"status\":200,\"t\":1791351690271,\"ms\":7.5}","source":"console","time":"2026-10-07T05:41:30Z"}
{"level":"info","msg":"{\"ev\":\"req\",\"route\":\"problem_detail\",\"status\":200,\"t\":1791351690372,\"ms\":7.5}","source":"console","time":"2026-10-07T05:41:30Z"}
{"level":"info","msg":"{\"ev\":\"req\",\"route\":\"history\",\"status\":200,\"t\":1791351690472,\"ms\":8.3}","source":"console","time":"2026-10-07T05:41:30Z"}
{"level":"info","msg":"{\"ev\":\"req\",\"route\":\"problem_list\",\"status\":200,\"t\":1791351690572,\"ms\":8.3}","source":"console","time":"2026-10-07T05:41:30Z"}
{"level":"info","msg":"{\"ev\":\"req\",\"route\":\"problem_detail\",\"status\":200,\"t\":1791351690671,\"ms\":7.9}","source":"console","time":"2026-10-07T05:41:30Z"}
{"level":"info","msg":"{\"ev\":\"req\",\"route\":\"submit\",\"status\":200,\"t\":1791351690682,\"ms\":18.8}","source":"console","time":"2026-10-07T05:41:30Z"}
{"level":"info","msg":"{\"ev\":\"accepted\",\"id\":\"9a4275c8-b492-4e8f-9986-861ef912328f\",\"t\":1791351690682}","source":"console","time":"2026-10-07T05:41:30Z"}
{"level":"info","msg":"{\"ev\":\"req\",\"route\":\"history\",\"status\":200,\"t\":1791351690769,\"ms\":5.1}","source":"console","time":"2026-10-07T05:41:30Z"}
{"level":"info","msg":"{\"ev\":\"req\",\"route\":\"problem_list\",\"status\":200,\"t\":1791351690869,\"ms\":5.4}","source":"console","time":"2026-10-07T05:41:30Z"}
{"level":"info","msg":"{\"ev\":\"req\",\"route\":\"problem_detail\",\"status\":200,\"t\":1791351690976,\"ms\":12.2}","source":"console","time":"2026-10-07T05:41:30Z"}
{"level":"info","msg":"{\"ev\":\"req\",\"route\":\"history\",\"status\":200,\"t\":1791351691068,\"ms\":4.5}","source":"console","time":"2026-10-07T05:41:31Z"}
{"level":"info","msg":"{\"ev\":\"req\",\"route\":\"problem_list\",\"status\":200,\"t\":1791351691167,\"ms\":3.3}","source":"console","time":"2026-10-07T05:41:31Z"}
{"level":"info","msg":"{\"ev\":\"req\",\"route\":\"problem_detail\",\"status\":200,\"t\":1791351691272,\"ms\":7.6}","source":"console","time":"2026-10-07T05:41:31Z"}
{"level":"info","msg":"{\"ev\":\"req\",\"route\":\"history\",\"status\":200,\"t\":1791351691368,\"ms\":3.8}","source":"console","time":"2026-10-07T05:41:31Z"}
{"level":"info","msg":"{\"ev\":\"req\",\"route\":\"problem_list\",\"status\":200,\"t\":1791351691471,\"ms\":7.8}","source":"console","time":"2026-10-07T05:41:31Z"}
{"level":"info","msg":"{\"ev\":\"req\",\"route\":\"problem_detail\",\"status\":200,\"t\":1791351691572,\"ms\":8.3}","source":"console","time":"2026-10-07T05:41:31Z"}
{"level":"info","msg":"{\"ev\":\"req\",\"route\":\"history\",\"status\":200,\"t\":1791351691673,\"ms\":9.6}","source":"console","time":"2026-10-07T05:41:31Z"}
{"level":"info","msg":"{\"ev\":\"req\",\"route\":\"problem_list\",\"status\":200,\"t\":1791351691773,\"ms\":9}","source":"console","time":"2026-10-07T05:41:31Z"}
{"level":"info","msg":"{\"ev\":\"req\",\"route\":\"problem_detail\",\"status\":200,\"t\":1791351691873,\"ms\":8.6}","source":"console","time":"2026-10-07T05:41:31Z"}
{"level":"info","msg":"{\"ev\":\"req\",\"route\":\"history\",\"status\":200,\"t\":1791351691967,\"ms\":3.3}","source":"console","time":"2026-10-07T05:41:31Z"}
{"level":"info","msg":"{\"ev\":\"req\",\"route\":\"problem_list\",\"status\":200,\"t\":1791351692067,\"ms\":3.2}","source":"console","time":"2026-10-07T05:41:32Z"}
{"level":"info","msg":"{\"ev\":\"req\",\"route\":\"problem_detail\",\"status\":200,\"t\":1791351692167,\"ms\":3.2}","source":"console","time":"2026-10-07T05:41:32Z"}
{"level":"info","msg":"{\"ev\":\"req\",\"route\":\"history\",\"status\":200,\"t\":1791351692276,\"ms\":12}","source":"console","time":"2026-10-07T05:41:32Z"}
{"level":"info","msg":"{\"ev\":\"req\",\"route\":\"submit\",\"status\":200,\"t\":1791351692351,\"ms\":20}","source":"console","time":"2026-10-07T05:41:32Z"}
{"level":"info","msg":"{\"ev\":\"accepted\",\"id\":\"78f17d56-a442-449a-a5f7-a4da048de504\",\"t\":1791351692351}","source":"console","time":"2026-10-07T05:41:32Z"}
{"level":"info","msg":"{\"ev\":\"req\",\"route\":\"problem_list\",\"status\":200,\"t\":1791351692367,\"ms\":3.3}","source":"console","time":"2026-10-07T05:41:32Z"}
{"level":"info","msg":"{\"ev\":\"req\",\"route\":\"problem_detail\",\"status\":200,\"t\":1791351692467,\"ms\":3.9}","source":"console","time":"2026-10-07T05:41:32Z"}
{"level":"info","msg":"{\"ev\":\"req\",\"route\":\"history\",\"status\":200,\"t\":1791351692567,\"ms\":3.5}","source":"console","time":"2026-10-07T05:41:32Z"}
{"level":"info","msg":"{\"ev\":\"req\",\"route\":\"problem_list\",\"status\":200,\"t\":1791351692667,\"ms\":3.8}","source":"console","time":"2026-10-07T05:41:32Z"}
{"level":"info","msg":"{\"ev\":\"req\",\"route\":\"problem_detail\",\"status\":200,\"t\":1791351692767,\"ms\":3.4}","source":"console","time":"2026-10-07T05:41:32Z"}
{"level":"info","msg":"{\"ev\":\"req\",\"route\":\"history\",\"status\":200,\"t\":1791351692868,\"ms\":3.5}","source":"console","time":"2026-10-07T05:41:32Z"}
{"level":"info","msg":"{\"ev\":\"req\",\"route\":\"problem_list\",\"status\":200,\"t\":1791351692967,\"ms\":3.7}","source":"console","time":"2026-10-07T05:41:32Z"}
{"level":"info","msg":"{\"ev\":\"req\",\"route\":\"problem_detail\",\"status\":200,\"t\":1791351693071,\"ms\":6.9}","source":"console","time":"2026-10-07T05:41:33Z"}
{"level":"info","msg":"{\"ev\":\"req\",\"route\":\"history\",\"status\":200,\"t\":1791351693172,\"ms\":7.8}","source":"console","time":"2026-10-07T05:41:33Z"}
{"level":"info","msg":"{\"ev\":\"req\",\"route\":\"problem_list\",\"status\":200,\"t\":1791351693274,\"ms\":9.2}","source":"console","time":"2026-10-07T05:41:33Z"}
{"level":"info","msg":"{\"ev\":\"req\",\"route\":\"problem_detail\",\"status\":200,\"t\":1791351693372,\"ms\":8}","source":"console","time":"2026-10-07T05:41:33Z"}
{"level":"info","msg":"{\"ev\":\"req\",\"route\":\"history\",\"status\":200,\"t\":1791351693472,\"ms\":8.1}","source":"console","time":"2026-10-07T05:41:33Z"}
{"level":"info","msg":"{\"ev\":\"req\",\"route\":\"problem_list\",\"status\":200,\"t\":1791351693573,\"ms\":9}","source":"console","time":"2026-10-07T05:41:33Z"}
{"level":"info","msg":"{\"ev\":\"req\",\"route\":\"problem_detail\",\"status\":200,\"t\":1791351693673,\"ms\":9.3}","source":"console","time":"2026-10-07T05:41:33Z"}
{"level":"info","msg":"{\"ev\":\"req\",\"route\":\"history\",\"status\":200,\"t\":1791351693767,\"ms\":3.5}","source":"console","time":"2026-10-07T05:41:33Z"}
{"level":"info","msg":"{\"ev\":\"req\",\"route\":\"problem_list\",\"status\":200,\"t\":1791351693872,\"ms\":7.9}","source":"console","time":"2026-10-07T05:41:33Z"}
{"level":"info","msg":"{\"ev\":\"req\",\"route\":\"problem_detail\",\"status\":200,\"t\":1791351693973,\"ms\":8.5}","source":"console","time":"2026-10-07T05:41:33Z"}
{"level":"info","msg":"{\"ev\":\"req\",\"route\":\"submit\",\"status\":200,\"t\":1791351694007,\"ms\":10.2}","source":"console","time":"2026-10-07T05:41:34Z"}
{"level":"info","msg":"{\"ev\":\"accepted\",\"id\":\"82f42e0f-3831-4cf5-bd71-6ac3144320a3\",\"t\":1791351694007}","source":"console","time":"2026-10-07T05:41:34Z"}
{"level":"info","msg":"{\"ev\":\"req\",\"route\":\"history\",\"status\":200,\"t\":1791351694072,\"ms\":8.2}","source":"console","time":"2026-10-07T05:41:34Z"}
{"level":"info","msg":"{\"ev\":\"req\",\"route\":\"problem_list\",\"status\":200,\"t\":1791351694169,\"ms\":5.3}","source":"console","time":"2026-10-07T05:41:34Z"}
{"level":"info","msg":"{\"ev\":\"req\",\"route\":\"problem_detail\",\"status\":200,\"t\":1791351694268,\"ms\":4.9}","source":"console","time":"2026-10-07T05:41:34Z"}
{"level":"info","msg":"{\"ev\":\"req\",\"route\":\"history\",\"status\":200,\"t\":1791351694369,\"ms\":4.9}","source":"console","time":"2026-10-07T05:41:34Z"}
{"level":"info","msg":"{\"ev\":\"req\",\"route\":\"problem_list\",\"status\":200,\"t\":1791351694469,\"ms\":5}","source":"console","time":"2026-10-07T05:41:34Z"}
{"level":"info","msg":"{\"ev\":\"req\",\"route\":\"problem_detail\",\"status\":200,\"t\":1791351694569,\"ms\":4.4}","source":"console","time":"2026-10-07T05:41:34Z"}
{"level":"info","msg":"{\"ev\":\"req\",\"route\":\"history\",\"status\":200,\"t\":1791351694671,\"ms\":7.4}","source":"console","time":"2026-10-07T05:41:34Z"}
{"level":"info","msg":"{\"ev\":\"req\",\"route\":\"problem_list\",\"status\":200,\"t\":1791351694771,\"ms\":7.5}","source":"console","time":"2026-10-07T05:41:34Z"}
{"level":"info","msg":"{\"ev\":\"req\",\"route\":\"problem_detail\",\"status\":200,\"t\":1791351694872,\"ms\":8.2}","source":"console","time":"2026-10-07T05:41:34Z"}
{"level":"info","msg":"{\"ev\":\"req\",\"route\":\"history\",\"status\":200,\"t\":1791351694973,\"ms\":8.3}","source":"console","time":"2026-10-07T05:41:34Z"}
{"level":"info","msg":"{\"ev\":\"req\",\"route\":\"problem_list\",\"status\":200,\"t\":1791351695072,\"ms\":7.9}","source":"console","time":"2026-10-07T05:41:35Z"}
{"level":"info","msg":"{\"ev\":\"req\",\"route\":\"problem_detail\",\"status\":200,\"t\":1791351695173,\"ms\":8.6}","source":"console","time":"2026-10-07T05:41:35Z"}
{"level":"info","msg":"{\"ev\":\"req\",\"route\":\"history\",\"status\":200,\"t\":1791351695272,\"ms\":8.3}","source":"console","time":"2026-10-07T05:41:35Z"}
{"level":"info","msg":"{\"ev\":\"req\",\"route\":\"problem_list\",\"status\":200,\"t\":1791351695372,\"ms\":8}","source":"console","time":"2026-10-07T05:41:35Z"}
{"level":"info","msg":"{\"ev\":\"req\",\"route\":\"problem_detail\",\"status\":200,\"t\":1791351695470,\"ms\":6.4}","source":"console","time":"2026-10-07T05:41:35Z"}
{"level":"info","msg":"{\"ev\":\"req\",\"route\":\"history\",\"status\":200,\"t\":1791351695572,\"ms\":8}","source":"console","time":"2026-10-07T05:41:35Z"}
{"level":"info","msg":"{\"ev\":\"req\",\"route\":\"problem_list\",\"status\":200,\"t\":1791351695674,\"ms\":9.8}","source":"console","time":"2026-10-07T05:41:35Z"}
{"level":"info","msg":"{\"ev\":\"req\",\"route\":\"submit\",\"status\":200,\"t\":1791351695684,\"ms\":19.9}","source":"console","time":"2026-10-07T05:41:35Z"}
{"level":"info","msg":"{\"ev\":\"accepted\",\"id\":\"3278ca35-0d7d-4554-890a-7d1f087bfe46\",\"t\":1791351695684}","source":"console","time":"2026-10-07T05:41:35Z"}
{"level":"info","msg":"{\"ev\":\"req\",\"route\":\"problem_detail\",\"status\":200,\"t\":1791351695767,\"ms\":3.4}","source":"console","time":"2026-10-07T05:41:35Z"}
{"level":"info","msg":"{\"ev\":\"req\",\"route\":\"history\",\"status\":200,\"t\":1791351695867,\"ms\":3.6}","source":"console","time":"2026-10-07T05:41:35Z"}
{"level":"info","msg":"{\"ev\":\"req\",\"route\":\"problem_list\",\"status\":200,\"t\":1791351695969,\"ms\":4.8}","source":"console","time":"2026-10-07T05:41:35Z"}
{"level":"info","msg":"{\"ev\":\"req\",\"route\":\"problem_detail\",\"status\":200,\"t\":1791351696067,\"ms\":3.4}","source":"console","time":"2026-10-07T05:41:36Z"}
{"level":"info","msg":"{\"ev\":\"req\",\"route\":\"history\",\"status\":200,\"t\":1791351696171,\"ms\":6.6}","source":"console","time":"2026-10-07T05:41:36Z"}
{"level":"info","msg":"{\"ev\":\"req\",\"route\":\"problem_list\",\"status\":200,\"t\":1791351696267,\"ms\":3.6}","source":"console","time":"2026-10-07T05:41:36Z"}
{"level":"info","msg":"{\"ev\":\"req\",\"route\":\"problem_detail\",\"status\":200,\"t\":1791351696371,\"ms\":6.9}","source":"console","time":"2026-10-07T05:41:36Z"}
{"level":"info","msg":"{\"ev\":\"req\",\"route\":\"history\",\"status\":200,\"t\":1791351696472,\"ms\":7.9}","source":"console","time":"2026-10-07T05:41:36Z"}
{"level":"info","msg":"{\"ev\":\"req\",\"route\":\"problem_list\",\"status\":200,\"t\":1791351696570,\"ms\":6.3}","source":"console","time":"2026-10-07T05:41:36Z"}
{"level":"info","msg":"{\"ev\":\"req\",\"route\":\"problem_detail\",\"status\":200,\"t\":1791351696677,\"ms\":12.3}","source":"console","time":"2026-10-07T05:41:36Z"}
{"level":"info","msg":"{\"ev\":\"req\",\"route\":\"history\",\"status\":200,\"t\":1791351696771,\"ms\":7.7}","source":"console","time":"2026-10-07T05:41:36Z"}
{"level":"info","msg":"{\"ev\":\"req\",\"route\":\"problem_list\",\"status\":200,\"t\":1791351696872,\"ms\":7.7}","source":"console","time":"2026-10-07T05:41:36Z"}
{"level":"info","msg":"{\"ev\":\"req\",\"route\":\"problem_detail\",\"status\":200,\"t\":1791351696967,\"ms\":3.3}","source":"console","time":"2026-10-07T05:41:36Z"}
{"level":"info","msg":"{\"ev\":\"req\",\"route\":\"history\",\"status\":200,\"t\":1791351697068,\"ms\":3.5}","source":"console","time":"2026-10-07T05:41:37Z"}
{"level":"info","msg":"{\"ev\":\"req\",\"route\":\"problem_list\",\"status\":200,\"t\":1791351697174,\"ms\":10}","source":"console","time":"2026-10-07T05:41:37Z"}
{"level":"info","msg":"{\"ev\":\"req\",\"route\":\"problem_detail\",\"status\":200,\"t\":1791351697273,\"ms\":8.8}","source":"console","time":"2026-10-07T05:41:37Z"}
{"level":"info","msg":"{\"ev\":\"req\",\"route\":\"submit\",\"status\":200,\"t\":1791351697351,\"ms\":19.5}","source":"console","time":"2026-10-07T05:41:37Z"}
{"level":"info","msg":"{\"ev\":\"accepted\",\"id\":\"adc4f937-da54-444c-abce-579e047f83c1\",\"t\":1791351697351}","source":"console","time":"2026-10-07T05:41:37Z"}
{"level":"info","msg":"{\"ev\":\"req\",\"route\":\"history\",\"status\":200,\"t\":1791351697367,\"ms\":3.5}","source":"console","time":"2026-10-07T05:41:37Z"}
{"level":"info","msg":"{\"ev\":\"req\",\"route\":\"problem_list\",\"status\":200,\"t\":1791351697478,\"ms\":14.1}","source":"console","time":"2026-10-07T05:41:37Z"}
{"level":"info","msg":"{\"ev\":\"req\",\"route\":\"problem_detail\",\"status\":200,\"t\":1791351697576,\"ms\":12.1}","source":"console","time":"2026-10-07T05:41:37Z"}
{"level":"info","msg":"{\"ev\":\"req\",\"route\":\"history\",\"status\":503,\"t\":1791351697667,\"ms\":3.1}","source":"console","time":"2026-10-07T05:41:37Z"}
{"level":"info","msg":"{\"ev\":\"req\",\"route\":\"problem_list\",\"status\":200,\"t\":1791351697767,\"ms\":3.7}","source":"console","time":"2026-10-07T05:41:37Z"}
{"level":"info","msg":"{\"ev\":\"req\",\"route\":\"problem_detail\",\"status\":200,\"t\":1791351697867,\"ms\":3.3}","source":"console","time":"2026-10-07T05:41:37Z"}
{"level":"info","msg":"{\"ev\":\"req\",\"route\":\"history\",\"status\":503,\"t\":1791351697969,\"ms\":4.6}","source":"console","time":"2026-10-07T05:41:37Z"}
{"level":"info","msg":"{\"ev\":\"req\",\"route\":\"problem_list\",\"status\":200,\"t\":1791351698068,\"ms\":4.5}","source":"console","time":"2026-10-07T05:41:38Z"}
{"level":"info","msg":"{\"ev\":\"req\",\"route\":\"problem_detail\",\"status\":200,\"t\":1791351698171,\"ms\":7.4}","source":"console","time":"2026-10-07T05:41:38Z"}
{"level":"info","msg":"{\"ev\":\"req\",\"route\":\"problem_list\",\"status\":200,\"t\":1791351698372,\"ms\":8.6}","source":"console","time":"2026-10-07T05:41:38Z"}
{"level":"info","msg":"{\"ev\":\"req\",\"route\":\"problem_detail\",\"status\":200,\"t\":1791351698467,\"ms\":3.1}","source":"console","time":"2026-10-07T05:41:38Z"}
{"level":"info","msg":"{\"ev\":\"req\",\"route\":\"problem_list\",\"status\":200,\"t\":1791351698672,\"ms\":8.9}","source":"console","time":"2026-10-07T05:41:38Z"}
{"level":"info","msg":"{\"ev\":\"req\",\"route\":\"problem_detail\",\"status\":200,\"t\":1791351698771,\"ms\":7.8}","source":"console","time":"2026-10-07T05:41:38Z"}
{"level":"info","msg":"{\"ev\":\"req\",\"route\":\"problem_list\",\"status\":200,\"t\":1791351698972,\"ms\":8.8}","source":"console","time":"2026-10-07T05:41:38Z"}
{"level":"info","msg":"{\"ev\":\"req\",\"route\":\"problem_detail\",\"status\":200,\"t\":1791351699067,\"ms\":3.4}","source":"console","time":"2026-10-07T05:41:39Z"}
{"level":"info","msg":"{\"ev\":\"req\",\"route\":\"problem_list\",\"status\":200,\"t\":1791351699273,\"ms\":8.6}","source":"console","time":"2026-10-07T05:41:39Z"}
{"level":"info","msg":"{\"ev\":\"req\",\"route\":\"problem_detail\",\"status\":200,\"t\":1791351699373,\"ms\":8.9}","source":"console","time":"2026-10-07T05:41:39Z"}
{"level":"info","msg":"{\"ev\":\"req\",\"route\":\"problem_list\",\"status\":200,\"t\":1791351699568,\"ms\":4.4}","source":"console","time":"2026-10-07T05:41:39Z"}
{"level":"info","msg":"{\"ev\":\"req\",\"route\":\"problem_detail\",\"status\":200,\"t\":1791351699667,\"ms\":3.7}","source":"console","time":"2026-10-07T05:41:39Z"}
{"level":"info","msg":"{\"ev\":\"req\",\"route\":\"problem_list\",\"status\":200,\"t\":1791351699867,\"ms\":3.9}","source":"console","time":"2026-10-07T05:41:39Z"}
{"level":"info","msg":"{\"ev\":\"req\",\"route\":\"problem_detail\",\"status\":200,\"t\":1791351699968,\"ms\":3.9}","source":"console","time":"2026-10-07T05:41:39Z"}
{"level":"info","msg":"{\"ev\":\"req\",\"route\":\"problem_list\",\"status\":200,\"t\":1791351700168,\"ms\":4.2}","source":"console","time":"2026-10-07T05:41:40Z"}
{"level":"info","msg":"{\"ev\":\"req\",\"route\":\"problem_detail\",\"status\":200,\"t\":1791351700267,\"ms\":3.6}","source":"console","time":"2026-10-07T05:41:40Z"}
{"level":"info","msg":"{\"ev\":\"req\",\"route\":\"history\",\"status\":503,\"t\":1791351700267,\"ms\":2004.1}","source":"console","time":"2026-10-07T05:41:40Z"}
{"level":"info","msg":"{\"ev\":\"req\",\"route\":\"problem_list\",\"status\":200,\"t\":1791351700473,\"ms\":8.6}","source":"console","time":"2026-10-07T05:41:40Z"}
{"level":"info","msg":"{\"ev\":\"req\",\"route\":\"history\",\"status\":503,\"t\":1791351700568,\"ms\":2004.2}","source":"console","time":"2026-10-07T05:41:40Z"}
{"level":"info","msg":"{\"ev\":\"req\",\"route\":\"problem_detail\",\"status\":200,\"t\":1791351700571,\"ms\":7.1}","source":"console","time":"2026-10-07T05:41:40Z"}
{"level":"info","msg":"{\"ev\":\"req\",\"route\":\"problem_list\",\"status\":200,\"t\":1791351700773,\"ms\":8.8}","source":"console","time":"2026-10-07T05:41:40Z"}
{"level":"info","msg":"{\"ev\":\"req\",\"route\":\"history\",\"status\":503,\"t\":1791351700868,\"ms\":2004.8}","source":"console","time":"2026-10-07T05:41:40Z"}
{"level":"info","msg":"{\"ev\":\"req\",\"route\":\"problem_detail\",\"status\":200,\"t\":1791351700872,\"ms\":8.5}","source":"console","time":"2026-10-07T05:41:40Z"}
{"level":"info","msg":"{\"ev\":\"req\",\"route\":\"submit\",\"status\":503,\"t\":1791351701003,\"ms\":2005.2}","source":"console","time":"2026-10-07T05:41:41Z"}
{"level":"info","msg":"{\"ev\":\"rejected\",\"status\":503,\"t\":1791351701003}","source":"console","time":"2026-10-07T05:41:41Z"}
{"level":"info","msg":"{\"ev\":\"req\",\"route\":\"problem_list\",\"status\":200,\"t\":1791351701071,\"ms\":7.7}","source":"console","time":"2026-10-07T05:41:41Z"}
{"level":"info","msg":"{\"ev\":\"req\",\"route\":\"history\",\"status\":503,\"t\":1791351701169,\"ms\":2005.2}","source":"console","time":"2026-10-07T05:41:41Z"}
{"level":"info","msg":"{\"ev\":\"req\",\"route\":\"problem_detail\",\"status\":200,\"t\":1791351701172,\"ms\":8.4}","source":"console","time":"2026-10-07T05:41:41Z"}
{"level":"info","msg":"{\"ev\":\"req\",\"route\":\"problem_list\",\"status\":200,\"t\":1791351701367,\"ms\":3.4}","source":"console","time":"2026-10-07T05:41:41Z"}
{"level":"info","msg":"{\"ev\":\"req\",\"route\":\"history\",\"status\":503,\"t\":1791351701469,\"ms\":2005.3}","source":"console","time":"2026-10-07T05:41:41Z"}
{"level":"info","msg":"{\"ev\":\"req\",\"route\":\"problem_detail\",\"status\":200,\"t\":1791351701471,\"ms\":7.2}","source":"console","time":"2026-10-07T05:41:41Z"}
{"level":"info","msg":"{\"ev\":\"req\",\"route\":\"problem_list\",\"status\":200,\"t\":1791351701673,\"ms\":9.3}","source":"console","time":"2026-10-07T05:41:41Z"}
{"level":"info","msg":"{\"ev\":\"req\",\"route\":\"history\",\"status\":503,\"t\":1791351701767,\"ms\":2002.8}","source":"console","time":"2026-10-07T05:41:41Z"}
{"level":"info","msg":"{\"ev\":\"req\",\"route\":\"problem_detail\",\"status\":200,\"t\":1791351701772,\"ms\":7.6}","source":"console","time":"2026-10-07T05:41:41Z"}
{"level":"info","msg":"{\"ev\":\"req\",\"route\":\"problem_list\",\"status\":200,\"t\":1791351701967,\"ms\":3.3}","source":"console","time":"2026-10-07T05:41:41Z"}
{"level":"info","msg":"{\"ev\":\"req\",\"route\":\"history\",\"status\":503,\"t\":1791351702066,\"ms\":2002.2}","source":"console","time":"2026-10-07T05:41:42Z"}
{"level":"info","msg":"{\"ev\":\"req\",\"route\":\"problem_detail\",\"status\":200,\"t\":1791351702066,\"ms\":2.7}","source":"console","time":"2026-10-07T05:41:42Z"}
{"level":"info","msg":"{\"ev\":\"req\",\"route\":\"problem_list\",\"status\":200,\"t\":1791351702267,\"ms\":3.2}","source":"console","time":"2026-10-07T05:41:42Z"}
{"level":"info","msg":"{\"ev\":\"req\",\"route\":\"history\",\"status\":503,\"t\":1791351702368,\"ms\":2004.1}","source":"console","time":"2026-10-07T05:41:42Z"}
{"level":"info","msg":"{\"ev\":\"req\",\"route\":\"problem_detail\",\"status\":200,\"t\":1791351702371,\"ms\":7.4}","source":"console","time":"2026-10-07T05:41:42Z"}
{"level":"info","msg":"{\"ev\":\"req\",\"route\":\"problem_list\",\"status\":200,\"t\":1791351702573,\"ms\":8.2}","source":"console","time":"2026-10-07T05:41:42Z"}
{"level":"info","msg":"{\"ev\":\"req\",\"route\":\"history\",\"status\":503,\"t\":1791351702667,\"ms\":2002.8}","source":"console","time":"2026-10-07T05:41:42Z"}
{"level":"info","msg":"{\"ev\":\"req\",\"route\":\"submit\",\"status\":503,\"t\":1791351702667,\"ms\":2002.9}","source":"console","time":"2026-10-07T05:41:42Z"}
{"level":"info","msg":"{\"ev\":\"rejected\",\"status\":503,\"t\":1791351702667}","source":"console","time":"2026-10-07T05:41:42Z"}
{"level":"info","msg":"{\"ev\":\"req\",\"route\":\"problem_detail\",\"status\":200,\"t\":1791351702673,\"ms\":8.4}","source":"console","time":"2026-10-07T05:41:42Z"}
{"level":"info","msg":"{\"ev\":\"req\",\"route\":\"problem_list\",\"status\":200,\"t\":1791351702873,\"ms\":9}","source":"console","time":"2026-10-07T05:41:42Z"}
{"level":"info","msg":"{\"ev\":\"req\",\"route\":\"history\",\"status\":503,\"t\":1791351702969,\"ms\":2005}","source":"console","time":"2026-10-07T05:41:42Z"}
{"level":"info","msg":"{\"ev\":\"req\",\"route\":\"problem_detail\",\"status\":200,\"t\":1791351702972,\"ms\":7.7}","source":"console","time":"2026-10-07T05:41:42Z"}
{"level":"info","msg":"{\"ev\":\"req\",\"route\":\"problem_list\",\"status\":200,\"t\":1791351703169,\"ms\":5.7}","source":"console","time":"2026-10-07T05:41:43Z"}
{"level":"info","msg":"{\"ev\":\"req\",\"route\":\"history\",\"status\":503,\"t\":1791351703269,\"ms\":2005.4}","source":"console","time":"2026-10-07T05:41:43Z"}
{"level":"info","msg":"{\"ev\":\"req\",\"route\":\"problem_detail\",\"status\":200,\"t\":1791351703272,\"ms\":8.2}","source":"console","time":"2026-10-07T05:41:43Z"}
{"level":"info","msg":"{\"ev\":\"req\",\"route\":\"problem_list\",\"status\":200,\"t\":1791351703473,\"ms\":9}","source":"console","time":"2026-10-07T05:41:43Z"}
{"level":"info","msg":"{\"ev\":\"req\",\"route\":\"history\",\"status\":503,\"t\":1791351703568,\"ms\":2004.2}","source":"console","time":"2026-10-07T05:41:43Z"}
{"level":"info","msg":"{\"ev\":\"req\",\"route\":\"problem_detail\",\"status\":200,\"t\":1791351703573,\"ms\":8.5}","source":"console","time":"2026-10-07T05:41:43Z"}
{"level":"info","msg":"{\"ev\":\"req\",\"route\":\"problem_list\",\"status\":200,\"t\":1791351703772,\"ms\":8}","source":"console","time":"2026-10-07T05:41:43Z"}
{"level":"info","msg":"{\"ev\":\"req\",\"route\":\"history\",\"status\":503,\"t\":1791351703870,\"ms\":2005.4}","source":"console","time":"2026-10-07T05:41:43Z"}
{"level":"info","msg":"{\"ev\":\"req\",\"route\":\"problem_detail\",\"status\":200,\"t\":1791351703873,\"ms\":8.5}","source":"console","time":"2026-10-07T05:41:43Z"}
{"level":"info","msg":"{\"ev\":\"req\",\"route\":\"problem_list\",\"status\":200,\"t\":1791351704072,\"ms\":7.7}","source":"console","time":"2026-10-07T05:41:44Z"}
{"level":"info","msg":"{\"ev\":\"req\",\"route\":\"history\",\"status\":503,\"t\":1791351704167,\"ms\":2003.2}","source":"console","time":"2026-10-07T05:41:44Z"}
{"level":"info","msg":"{\"ev\":\"req\",\"route\":\"problem_detail\",\"status\":200,\"t\":1791351704169,\"ms\":4.4}","source":"console","time":"2026-10-07T05:41:44Z"}
{"level":"info","msg":"{\"ev\":\"req\",\"route\":\"submit\",\"status\":503,\"t\":1791351704336,\"ms\":2005.3}","source":"console","time":"2026-10-07T05:41:44Z"}
{"level":"info","msg":"{\"ev\":\"rejected\",\"status\":503,\"t\":1791351704336}","source":"console","time":"2026-10-07T05:41:44Z"}
{"level":"info","msg":"{\"ev\":\"req\",\"route\":\"problem_list\",\"status\":200,\"t\":1791351704374,\"ms\":9.6}","source":"console","time":"2026-10-07T05:41:44Z"}
{"level":"info","msg":"{\"ev\":\"req\",\"route\":\"history\",\"status\":503,\"t\":1791351704469,\"ms\":2004.4}","source":"console","time":"2026-10-07T05:41:44Z"}
{"level":"info","msg":"{\"ev\":\"req\",\"route\":\"problem_detail\",\"status\":200,\"t\":1791351704472,\"ms\":8.2}","source":"console","time":"2026-10-07T05:41:44Z"}
{"level":"info","msg":"{\"ev\":\"req\",\"route\":\"problem_list\",\"status\":200,\"t\":1791351704673,\"ms\":8.6}","source":"console","time":"2026-10-07T05:41:44Z"}
{"level":"info","msg":"{\"ev\":\"req\",\"route\":\"history\",\"status\":503,\"t\":1791351704770,\"ms\":2006}","source":"console","time":"2026-10-07T05:41:44Z"}
{"level":"info","msg":"{\"ev\":\"req\",\"route\":\"problem_detail\",\"status\":200,\"t\":1791351704772,\"ms\":8.3}","source":"console","time":"2026-10-07T05:41:44Z"}
{"level":"info","msg":"{\"ev\":\"req\",\"route\":\"problem_list\",\"status\":200,\"t\":1791351704974,\"ms\":9.5}","source":"console","time":"2026-10-07T05:41:44Z"}
{"level":"info","msg":"{\"ev\":\"req\",\"route\":\"history\",\"status\":503,\"t\":1791351705069,\"ms\":2004.6}","source":"console","time":"2026-10-07T05:41:45Z"}
{"level":"info","msg":"{\"ev\":\"req\",\"route\":\"problem_detail\",\"status\":200,\"t\":1791351705072,\"ms\":8.4}","source":"console","time":"2026-10-07T05:41:45Z"}
{"level":"info","msg":"{\"ev\":\"req\",\"route\":\"problem_list\",\"status\":200,\"t\":1791351705272,\"ms\":8}","source":"console","time":"2026-10-07T05:41:45Z"}
{"level":"info","msg":"{\"ev\":\"req\",\"route\":\"history\",\"status\":503,\"t\":1791351705369,\"ms\":2004.9}","source":"console","time":"2026-10-07T05:41:45Z"}
{"level":"info","msg":"{\"ev\":\"req\",\"route\":\"problem_detail\",\"status\":200,\"t\":1791351705372,\"ms\":8.1}","source":"console","time":"2026-10-07T05:41:45Z"}
{"level":"info","msg":"{\"ev\":\"req\",\"route\":\"problem_list\",\"status\":200,\"t\":1791351705573,\"ms\":9.6}","source":"console","time":"2026-10-07T05:41:45Z"}
{"level":"info","msg":"{\"ev\":\"req\",\"route\":\"history\",\"status\":503,\"t\":1791351705669,\"ms\":2004.7}","source":"console","time":"2026-10-07T05:41:45Z"}
{"level":"info","msg":"{\"ev\":\"req\",\"route\":\"problem_detail\",\"status\":200,\"t\":1791351705669,\"ms\":5}","source":"console","time":"2026-10-07T05:41:45Z"}
{"level":"info","msg":"{\"ev\":\"req\",\"route\":\"problem_list\",\"status\":200,\"t\":1791351705873,\"ms\":9.6}","source":"console","time":"2026-10-07T05:41:45Z"}
{"level":"info","msg":"{\"ev\":\"req\",\"route\":\"history\",\"status\":503,\"t\":1791351705970,\"ms\":2005.4}","source":"console","time":"2026-10-07T05:41:45Z"}
{"level":"info","msg":"{\"ev\":\"req\",\"route\":\"problem_detail\",\"status\":200,\"t\":1791351705973,\"ms\":8.1}","source":"console","time":"2026-10-07T05:41:45Z"}
{"level":"info","msg":"{\"ev\":\"req\",\"route\":\"submit\",\"status\":503,\"t\":1791351706003,\"ms\":2005.6}","source":"console","time":"2026-10-07T05:41:46Z"}
{"level":"info","msg":"{\"ev\":\"rejected\",\"status\":503,\"t\":1791351706003}","source":"console","time":"2026-10-07T05:41:46Z"}
{"level":"info","msg":"{\"ev\":\"req\",\"route\":\"problem_list\",\"status\":200,\"t\":1791351706168,\"ms\":4.3}","source":"console","time":"2026-10-07T05:41:46Z"}
{"level":"info","msg":"{\"ev\":\"req\",\"route\":\"history\",\"status\":503,\"t\":1791351706269,\"ms\":2005}","source":"console","time":"2026-10-07T05:41:46Z"}
{"level":"info","msg":"{\"ev\":\"req\",\"route\":\"problem_detail\",\"status\":200,\"t\":1791351706272,\"ms\":8.4}","source":"console","time":"2026-10-07T05:41:46Z"}
{"level":"info","msg":"{\"ev\":\"req\",\"route\":\"problem_list\",\"status\":200,\"t\":1791351706472,\"ms\":8.5}","source":"console","time":"2026-10-07T05:41:46Z"}
{"level":"info","msg":"{\"ev\":\"req\",\"route\":\"history\",\"status\":503,\"t\":1791351706567,\"ms\":2002.8}","source":"console","time":"2026-10-07T05:41:46Z"}
{"level":"info","msg":"{\"ev\":\"req\",\"route\":\"problem_detail\",\"status\":200,\"t\":1791351706572,\"ms\":7.2}","source":"console","time":"2026-10-07T05:41:46Z"}
{"level":"info","msg":"{\"ev\":\"req\",\"route\":\"problem_list\",\"status\":200,\"t\":1791351706767,\"ms\":4.1}","source":"console","time":"2026-10-07T05:41:46Z"}
{"level":"info","msg":"{\"ev\":\"req\",\"route\":\"history\",\"status\":503,\"t\":1791351706868,\"ms\":2004}","source":"console","time":"2026-10-07T05:41:46Z"}
{"level":"info","msg":"{\"ev\":\"req\",\"route\":\"problem_detail\",\"status\":200,\"t\":1791351706868,\"ms\":4}","source":"console","time":"2026-10-07T05:41:46Z"}
{"level":"info","msg":"{\"ev\":\"req\",\"route\":\"problem_list\",\"status\":200,\"t\":1791351707072,\"ms\":8.6}","source":"console","time":"2026-10-07T05:41:47Z"}
{"level":"info","msg":"{\"ev\":\"req\",\"route\":\"history\",\"status\":503,\"t\":1791351707169,\"ms\":2004.9}","source":"console","time":"2026-10-07T05:41:47Z"}
{"level":"info","msg":"{\"ev\":\"req\",\"route\":\"problem_detail\",\"status\":200,\"t\":1791351707173,\"ms\":8.6}","source":"console","time":"2026-10-07T05:41:47Z"}
{"level":"info","msg":"{\"ev\":\"req\",\"route\":\"problem_list\",\"status\":200,\"t\":1791351707373,\"ms\":9.2}","source":"console","time":"2026-10-07T05:41:47Z"}
{"level":"info","msg":"{\"ev\":\"req\",\"route\":\"history\",\"status\":503,\"t\":1791351707469,\"ms\":2005.2}","source":"console","time":"2026-10-07T05:41:47Z"}
{"level":"info","msg":"{\"ev\":\"req\",\"route\":\"problem_detail\",\"status\":200,\"t\":1791351707472,\"ms\":7.6}","source":"console","time":"2026-10-07T05:41:47Z"}
{"level":"info","msg":"{\"ev\":\"req\",\"route\":\"submit\",\"status\":503,\"t\":1791351707668,\"ms\":2003.4}","source":"console","time":"2026-10-07T05:41:47Z"}
{"level":"info","msg":"{\"ev\":\"rejected\",\"status\":503,\"t\":1791351707668}","source":"console","time":"2026-10-07T05:41:47Z"}
{"level":"info","msg":"{\"ev\":\"req\",\"route\":\"problem_list\",\"status\":200,\"t\":1791351707672,\"ms\":7.8}","source":"console","time":"2026-10-07T05:41:47Z"}
{"level":"info","msg":"{\"ev\":\"req\",\"route\":\"history\",\"status\":503,\"t\":1791351707769,\"ms\":2005.5}","source":"console","time":"2026-10-07T05:41:47Z"}
{"level":"info","msg":"{\"ev\":\"req\",\"route\":\"problem_detail\",\"status\":200,\"t\":1791351707772,\"ms\":8}","source":"console","time":"2026-10-07T05:41:47Z"}
{"level":"info","msg":"{\"ev\":\"req\",\"route\":\"problem_list\",\"status\":200,\"t\":1791351707973,\"ms\":8.7}","source":"console","time":"2026-10-07T05:41:47Z"}
{"level":"info","msg":"{\"ev\":\"req\",\"route\":\"history\",\"status\":503,\"t\":1791351708069,\"ms\":2005}","source":"console","time":"2026-10-07T05:41:48Z"}
{"level":"info","msg":"{\"ev\":\"req\",\"route\":\"problem_detail\",\"status\":200,\"t\":1791351708073,\"ms\":8.8}","source":"console","time":"2026-10-07T05:41:48Z"}
{"level":"info","msg":"{\"ev\":\"req\",\"route\":\"problem_list\",\"status\":200,\"t\":1791351708272,\"ms\":8.4}","source":"console","time":"2026-10-07T05:41:48Z"}
{"level":"info","msg":"{\"ev\":\"req\",\"route\":\"history\",\"status\":503,\"t\":1791351708370,\"ms\":2005.9}","source":"console","time":"2026-10-07T05:41:48Z"}
{"level":"info","msg":"{\"ev\":\"req\",\"route\":\"problem_detail\",\"status\":200,\"t\":1791351708372,\"ms\":8.3}","source":"console","time":"2026-10-07T05:41:48Z"}
{"level":"info","msg":"{\"ev\":\"req\",\"route\":\"problem_list\",\"status\":200,\"t\":1791351708572,\"ms\":8}","source":"console","time":"2026-10-07T05:41:48Z"}
{"level":"info","msg":"{\"ev\":\"req\",\"route\":\"history\",\"status\":503,\"t\":1791351708669,\"ms\":2005.2}","source":"console","time":"2026-10-07T05:41:48Z"}
{"level":"info","msg":"{\"ev\":\"req\",\"route\":\"problem_detail\",\"status\":200,\"t\":1791351708672,\"ms\":8.1}","source":"console","time":"2026-10-07T05:41:48Z"}
{"level":"info","msg":"{\"ev\":\"req\",\"route\":\"problem_list\",\"status\":200,\"t\":1791351708873,\"ms\":9.4}","source":"console","time":"2026-10-07T05:41:48Z"}
{"level":"info","msg":"{\"ev\":\"req\",\"route\":\"history\",\"status\":503,\"t\":1791351708969,\"ms\":2004.9}","source":"console","time":"2026-10-07T05:41:48Z"}
{"level":"info","msg":"{\"ev\":\"req\",\"route\":\"problem_detail\",\"status\":200,\"t\":1791351708973,\"ms\":8.4}","source":"console","time":"2026-10-07T05:41:48Z"}
{"level":"info","msg":"{\"ev\":\"req\",\"route\":\"problem_list\",\"status\":200,\"t\":1791351709167,\"ms\":2.9}","source":"console","time":"2026-10-07T05:41:49Z"}
{"level":"info","msg":"{\"ev\":\"req\",\"route\":\"history\",\"status\":503,\"t\":1791351709267,\"ms\":2003.2}","source":"console","time":"2026-10-07T05:41:49Z"}
{"level":"info","msg":"{\"ev\":\"req\",\"route\":\"problem_detail\",\"status\":200,\"t\":1791351709272,\"ms\":7.8}","source":"console","time":"2026-10-07T05:41:49Z"}
{"level":"info","msg":"{\"ev\":\"req\",\"route\":\"submit\",\"status\":503,\"t\":1791351709335,\"ms\":2004.7}","source":"console","time":"2026-10-07T05:41:49Z"}
{"level":"info","msg":"{\"ev\":\"rejected\",\"status\":503,\"t\":1791351709335}","source":"console","time":"2026-10-07T05:41:49Z"}
{"level":"info","msg":"{\"ev\":\"req\",\"route\":\"problem_list\",\"status\":200,\"t\":1791351709473,\"ms\":9.4}","source":"console","time":"2026-10-07T05:41:49Z"}
{"level":"info","msg":"{\"ev\":\"req\",\"route\":\"problem_detail\",\"status\":200,\"t\":1791351709567,\"ms\":3.1}","source":"console","time":"2026-10-07T05:41:49Z"}
{"level":"info","msg":"{\"ev\":\"req\",\"route\":\"history\",\"status\":503,\"t\":1791351709568,\"ms\":2003.9}","source":"console","time":"2026-10-07T05:41:49Z"}
{"level":"info","msg":"{\"ev\":\"req\",\"route\":\"problem_list\",\"status\":200,\"t\":1791351709775,\"ms\":11.3}","source":"console","time":"2026-10-07T05:41:49Z"}
{"level":"info","msg":"{\"ev\":\"req\",\"route\":\"history\",\"status\":503,\"t\":1791351709870,\"ms\":2005.6}","source":"console","time":"2026-10-07T05:41:49Z"}
{"level":"info","msg":"{\"ev\":\"req\",\"route\":\"problem_detail\",\"status\":200,\"t\":1791351709871,\"ms\":7.3}","source":"console","time":"2026-10-07T05:41:49Z"}
{"level":"info","msg":"{\"ev\":\"req\",\"route\":\"problem_list\",\"status\":200,\"t\":1791351710073,\"ms\":9.1}","source":"console","time":"2026-10-07T05:41:50Z"}
{"level":"info","msg":"{\"ev\":\"req\",\"route\":\"problem_detail\",\"status\":200,\"t\":1791351710168,\"ms\":3.9}","source":"console","time":"2026-10-07T05:41:50Z"}
{"level":"info","msg":"{\"ev\":\"req\",\"route\":\"history\",\"status\":503,\"t\":1791351710168,\"ms\":2003.6}","source":"console","time":"2026-10-07T05:41:50Z"}
{"level":"info","msg":"{\"ev\":\"req\",\"route\":\"problem_list\",\"status\":200,\"t\":1791351710372,\"ms\":8.7}","source":"console","time":"2026-10-07T05:41:50Z"}
{"level":"info","msg":"{\"ev\":\"req\",\"route\":\"history\",\"status\":503,\"t\":1791351710469,\"ms\":2004.9}","source":"console","time":"2026-10-07T05:41:50Z"}
{"level":"info","msg":"{\"ev\":\"req\",\"route\":\"problem_detail\",\"status\":200,\"t\":1791351710472,\"ms\":8.2}","source":"console","time":"2026-10-07T05:41:50Z"}
{"level":"info","msg":"{\"ev\":\"req\",\"route\":\"problem_list\",\"status\":200,\"t\":1791351710667,\"ms\":4.2}","source":"console","time":"2026-10-07T05:41:50Z"}
{"level":"info","msg":"{\"ev\":\"req\",\"route\":\"problem_detail\",\"status\":200,\"t\":1791351710767,\"ms\":3.3}","source":"console","time":"2026-10-07T05:41:50Z"}
{"level":"info","msg":"{\"ev\":\"req\",\"route\":\"history\",\"status\":503,\"t\":1791351710768,\"ms\":2003.6}","source":"console","time":"2026-10-07T05:41:50Z"}
{"level":"info","msg":"{\"ev\":\"req\",\"route\":\"problem_list\",\"status\":200,\"t\":1791351710968,\"ms\":4.5}","source":"console","time":"2026-10-07T05:41:50Z"}
{"level":"info","msg":"{\"ev\":\"req\",\"route\":\"submit\",\"status\":503,\"t\":1791351711002,\"ms\":2004.5}","source":"console","time":"2026-10-07T05:41:51Z"}
{"level":"info","msg":"{\"ev\":\"rejected\",\"status\":503,\"t\":1791351711002}","source":"console","time":"2026-10-07T05:41:51Z"}
{"level":"info","msg":"{\"ev\":\"req\",\"route\":\"history\",\"status\":503,\"t\":1791351711067,\"ms\":2003.8}","source":"console","time":"2026-10-07T05:41:51Z"}
{"level":"info","msg":"{\"ev\":\"req\",\"route\":\"problem_detail\",\"status\":200,\"t\":1791351711068,\"ms\":4.2}","source":"console","time":"2026-10-07T05:41:51Z"}
{"level":"info","msg":"{\"ev\":\"req\",\"route\":\"problem_list\",\"status\":200,\"t\":1791351711268,\"ms\":3.7}","source":"console","time":"2026-10-07T05:41:51Z"}
{"level":"info","msg":"{\"ev\":\"req\",\"route\":\"history\",\"status\":503,\"t\":1791351711368,\"ms\":2003.9}","source":"console","time":"2026-10-07T05:41:51Z"}
{"level":"info","msg":"{\"ev\":\"req\",\"route\":\"problem_detail\",\"status\":200,\"t\":1791351711369,\"ms\":5.6}","source":"console","time":"2026-10-07T05:41:51Z"}
{"level":"info","msg":"{\"ev\":\"req\",\"route\":\"problem_list\",\"status\":200,\"t\":1791351711572,\"ms\":7.9}","source":"console","time":"2026-10-07T05:41:51Z"}
{"level":"info","msg":"{\"ev\":\"req\",\"route\":\"history\",\"status\":503,\"t\":1791351711669,\"ms\":2005}","source":"console","time":"2026-10-07T05:41:51Z"}
{"level":"info","msg":"{\"ev\":\"req\",\"route\":\"problem_detail\",\"status\":200,\"t\":1791351711672,\"ms\":8.2}","source":"console","time":"2026-10-07T05:41:51Z"}
{"level":"info","msg":"{\"ev\":\"req\",\"route\":\"problem_list\",\"status\":200,\"t\":1791351711873,\"ms\":8.9}","source":"console","time":"2026-10-07T05:41:51Z"}
{"level":"info","msg":"{\"ev\":\"req\",\"route\":\"history\",\"status\":503,\"t\":1791351711969,\"ms\":2005.5}","source":"console","time":"2026-10-07T05:41:51Z"}
{"level":"info","msg":"{\"ev\":\"req\",\"route\":\"problem_detail\",\"status\":200,\"t\":1791351711972,\"ms\":7.9}","source":"console","time":"2026-10-07T05:41:51Z"}
{"level":"info","msg":"{\"ev\":\"req\",\"route\":\"problem_list\",\"status\":200,\"t\":1791351712170,\"ms\":6.5}","source":"console","time":"2026-10-07T05:41:52Z"}
{"level":"info","msg":"{\"ev\":\"req\",\"route\":\"history\",\"status\":503,\"t\":1791351712266,\"ms\":2002.1}","source":"console","time":"2026-10-07T05:41:52Z"}
{"level":"info","msg":"{\"ev\":\"req\",\"route\":\"problem_detail\",\"status\":200,\"t\":1791351712268,\"ms\":3.9}","source":"console","time":"2026-10-07T05:41:52Z"}
{"level":"info","msg":"{\"ev\":\"req\",\"route\":\"problem_list\",\"status\":200,\"t\":1791351712472,\"ms\":8.7}","source":"console","time":"2026-10-07T05:41:52Z"}
{"level":"info","msg":"{\"ev\":\"req\",\"route\":\"history\",\"status\":503,\"t\":1791351712568,\"ms\":2004.1}","source":"console","time":"2026-10-07T05:41:52Z"}
{"level":"info","msg":"{\"ev\":\"req\",\"route\":\"problem_detail\",\"status\":200,\"t\":1791351712571,\"ms\":7.2}","source":"console","time":"2026-10-07T05:41:52Z"}
{"level":"info","msg":"{\"ev\":\"req\",\"route\":\"submit\",\"status\":503,\"t\":1791351712666,\"ms\":2003.1}","source":"console","time":"2026-10-07T05:41:52Z"}
{"level":"info","msg":"{\"ev\":\"rejected\",\"status\":503,\"t\":1791351712666}","source":"console","time":"2026-10-07T05:41:52Z"}
{"level":"info","msg":"{\"ev\":\"req\",\"route\":\"problem_list\",\"status\":200,\"t\":1791351712773,\"ms\":9}","source":"console","time":"2026-10-07T05:41:52Z"}
{"level":"info","msg":"{\"ev\":\"req\",\"route\":\"history\",\"status\":503,\"t\":1791351712866,\"ms\":2001.9}","source":"console","time":"2026-10-07T05:41:52Z"}
{"level":"info","msg":"{\"ev\":\"req\",\"route\":\"problem_detail\",\"status\":200,\"t\":1791351712867,\"ms\":4}","source":"console","time":"2026-10-07T05:41:52Z"}
{"level":"info","msg":"{\"ev\":\"req\",\"route\":\"problem_list\",\"status\":200,\"t\":1791351713072,\"ms\":8.2}","source":"console","time":"2026-10-07T05:41:53Z"}
{"level":"info","msg":"{\"ev\":\"req\",\"route\":\"history\",\"status\":503,\"t\":1791351713167,\"ms\":2002.8}","source":"console","time":"2026-10-07T05:41:53Z"}
{"level":"info","msg":"{\"ev\":\"req\",\"route\":\"problem_detail\",\"status\":200,\"t\":1791351713172,\"ms\":7.8}","source":"console","time":"2026-10-07T05:41:53Z"}
{"level":"info","msg":"{\"ev\":\"req\",\"route\":\"problem_list\",\"status\":200,\"t\":1791351713373,\"ms\":8.7}","source":"console","time":"2026-10-07T05:41:53Z"}
{"level":"info","msg":"{\"ev\":\"req\",\"route\":\"history\",\"status\":503,\"t\":1791351713469,\"ms\":2004.5}","source":"console","time":"2026-10-07T05:41:53Z"}
{"level":"info","msg":"{\"ev\":\"req\",\"route\":\"problem_detail\",\"status\":200,\"t\":1791351713477,\"ms\":12.5}","source":"console","time":"2026-10-07T05:41:53Z"}
{"level":"info","msg":"{\"ev\":\"req\",\"route\":\"problem_list\",\"status\":200,\"t\":1791351713673,\"ms\":9.1}","source":"console","time":"2026-10-07T05:41:53Z"}
{"level":"info","msg":"{\"ev\":\"req\",\"route\":\"history\",\"status\":503,\"t\":1791351713768,\"ms\":2004.5}","source":"console","time":"2026-10-07T05:41:53Z"}
{"level":"info","msg":"{\"ev\":\"req\",\"route\":\"problem_detail\",\"status\":200,\"t\":1791351713772,\"ms\":7.9}","source":"console","time":"2026-10-07T05:41:53Z"}
{"level":"info","msg":"{\"ev\":\"req\",\"route\":\"problem_list\",\"status\":200,\"t\":1791351713972,\"ms\":8.2}","source":"console","time":"2026-10-07T05:41:53Z"}
{"level":"info","msg":"{\"ev\":\"req\",\"route\":\"history\",\"status\":503,\"t\":1791351714069,\"ms\":2005.3}","source":"console","time":"2026-10-07T05:41:54Z"}
{"level":"info","msg":"{\"ev\":\"req\",\"route\":\"problem_detail\",\"status\":200,\"t\":1791351714072,\"ms\":8.3}","source":"console","time":"2026-10-07T05:41:54Z"}
{"level":"info","msg":"{\"ev\":\"req\",\"route\":\"problem_list\",\"status\":200,\"t\":1791351714273,\"ms\":8.8}","source":"console","time":"2026-10-07T05:41:54Z"}
{"level":"info","msg":"{\"ev\":\"req\",\"route\":\"submit\",\"status\":503,\"t\":1791351714335,\"ms\":2004.1}","source":"console","time":"2026-10-07T05:41:54Z"}
{"level":"info","msg":"{\"ev\":\"rejected\",\"status\":503,\"t\":1791351714335}","source":"console","time":"2026-10-07T05:41:54Z"}
{"level":"info","msg":"{\"ev\":\"req\",\"route\":\"history\",\"status\":503,\"t\":1791351714369,\"ms\":2004.9}","source":"console","time":"2026-10-07T05:41:54Z"}
{"level":"info","msg":"{\"ev\":\"req\",\"route\":\"problem_detail\",\"status\":200,\"t\":1791351714371,\"ms\":7.6}","source":"console","time":"2026-10-07T05:41:54Z"}
{"level":"info","msg":"{\"ev\":\"req\",\"route\":\"problem_list\",\"status\":200,\"t\":1791351714568,\"ms\":3.7}","source":"console","time":"2026-10-07T05:41:54Z"}
{"level":"info","msg":"{\"ev\":\"req\",\"route\":\"history\",\"status\":503,\"t\":1791351714668,\"ms\":2004.7}","source":"console","time":"2026-10-07T05:41:54Z"}
{"level":"info","msg":"{\"ev\":\"req\",\"route\":\"problem_detail\",\"status\":200,\"t\":1791351714672,\"ms\":8}","source":"console","time":"2026-10-07T05:41:54Z"}
{"level":"info","msg":"{\"ev\":\"req\",\"route\":\"problem_list\",\"status\":200,\"t\":1791351714873,\"ms\":9}","source":"console","time":"2026-10-07T05:41:54Z"}
{"level":"info","msg":"{\"ev\":\"req\",\"route\":\"history\",\"status\":503,\"t\":1791351714969,\"ms\":2005.1}","source":"console","time":"2026-10-07T05:41:54Z"}
{"level":"info","msg":"{\"ev\":\"req\",\"route\":\"problem_detail\",\"status\":200,\"t\":1791351714972,\"ms\":8}","source":"console","time":"2026-10-07T05:41:54Z"}
{"level":"info","msg":"{\"ev\":\"req\",\"route\":\"problem_list\",\"status\":200,\"t\":1791351715171,\"ms\":7.7}","source":"console","time":"2026-10-07T05:41:55Z"}
{"level":"info","msg":"{\"ev\":\"req\",\"route\":\"history\",\"status\":503,\"t\":1791351715268,\"ms\":2004.6}","source":"console","time":"2026-10-07T05:41:55Z"}
{"level":"info","msg":"{\"ev\":\"req\",\"route\":\"problem_detail\",\"status\":200,\"t\":1791351715272,\"ms\":7.8}","source":"console","time":"2026-10-07T05:41:55Z"}
{"level":"info","msg":"{\"ev\":\"req\",\"route\":\"problem_list\",\"status\":200,\"t\":1791351715473,\"ms\":9.3}","source":"console","time":"2026-10-07T05:41:55Z"}
{"level":"info","msg":"{\"ev\":\"req\",\"route\":\"history\",\"status\":503,\"t\":1791351715566,\"ms\":2003.1}","source":"console","time":"2026-10-07T05:41:55Z"}
{"level":"info","msg":"{\"ev\":\"req\",\"route\":\"problem_detail\",\"status\":200,\"t\":1791351715572,\"ms\":7.7}","source":"console","time":"2026-10-07T05:41:55Z"}
{"level":"info","msg":"{\"ev\":\"req\",\"route\":\"problem_list\",\"status\":200,\"t\":1791351715772,\"ms\":8.3}","source":"console","time":"2026-10-07T05:41:55Z"}
{"level":"info","msg":"{\"ev\":\"req\",\"route\":\"history\",\"status\":503,\"t\":1791351715868,\"ms\":2004.9}","source":"console","time":"2026-10-07T05:41:55Z"}
{"level":"info","msg":"{\"ev\":\"req\",\"route\":\"problem_detail\",\"status\":200,\"t\":1791351715872,\"ms\":7.8}","source":"console","time":"2026-10-07T05:41:55Z"}
{"level":"info","msg":"{\"ev\":\"req\",\"route\":\"submit\",\"status\":503,\"t\":1791351716002,\"ms\":2004.6}","source":"console","time":"2026-10-07T05:41:56Z"}
{"level":"info","msg":"{\"ev\":\"rejected\",\"status\":503,\"t\":1791351716002}","source":"console","time":"2026-10-07T05:41:56Z"}
{"level":"info","msg":"{\"ev\":\"req\",\"route\":\"problem_list\",\"status\":200,\"t\":1791351716073,\"ms\":8.9}","source":"console","time":"2026-10-07T05:41:56Z"}
{"level":"info","msg":"{\"ev\":\"req\",\"route\":\"history\",\"status\":503,\"t\":1791351716167,\"ms\":2003.3}","source":"console","time":"2026-10-07T05:41:56Z"}
{"level":"info","msg":"{\"ev\":\"req\",\"route\":\"problem_detail\",\"status\":200,\"t\":1791351716171,\"ms\":6.6}","source":"console","time":"2026-10-07T05:41:56Z"}
{"level":"info","msg":"{\"ev\":\"req\",\"route\":\"problem_list\",\"status\":200,\"t\":1791351716371,\"ms\":7.4}","source":"console","time":"2026-10-07T05:41:56Z"}
{"level":"info","msg":"{\"ev\":\"req\",\"route\":\"history\",\"status\":503,\"t\":1791351716468,\"ms\":2004.8}","source":"console","time":"2026-10-07T05:41:56Z"}
{"level":"info","msg":"{\"ev\":\"req\",\"route\":\"problem_detail\",\"status\":200,\"t\":1791351716472,\"ms\":8}","source":"console","time":"2026-10-07T05:41:56Z"}
{"level":"info","msg":"{\"ev\":\"req\",\"route\":\"problem_list\",\"status\":200,\"t\":1791351716672,\"ms\":8}","source":"console","time":"2026-10-07T05:41:56Z"}
{"level":"info","msg":"{\"ev\":\"req\",\"route\":\"problem_detail\",\"status\":200,\"t\":1791351716768,\"ms\":3.5}","source":"console","time":"2026-10-07T05:41:56Z"}
{"level":"info","msg":"{\"ev\":\"req\",\"route\":\"history\",\"status\":503,\"t\":1791351716768,\"ms\":2004}","source":"console","time":"2026-10-07T05:41:56Z"}
{"level":"info","msg":"{\"ev\":\"req\",\"route\":\"problem_list\",\"status\":200,\"t\":1791351716974,\"ms\":9.4}","source":"console","time":"2026-10-07T05:41:56Z"}
{"level":"info","msg":"{\"ev\":\"req\",\"route\":\"history\",\"status\":503,\"t\":1791351717068,\"ms\":2004.7}","source":"console","time":"2026-10-07T05:41:57Z"}
{"level":"info","msg":"{\"ev\":\"req\",\"route\":\"problem_detail\",\"status\":200,\"t\":1791351717072,\"ms\":8.4}","source":"console","time":"2026-10-07T05:41:57Z"}
{"level":"info","msg":"{\"ev\":\"req\",\"route\":\"problem_list\",\"status\":200,\"t\":1791351717274,\"ms\":9.5}","source":"console","time":"2026-10-07T05:41:57Z"}
{"level":"info","msg":"{\"ev\":\"req\",\"route\":\"history\",\"status\":503,\"t\":1791351717369,\"ms\":2005.2}","source":"console","time":"2026-10-07T05:41:57Z"}
{"level":"info","msg":"{\"ev\":\"req\",\"route\":\"problem_detail\",\"status\":200,\"t\":1791351717372,\"ms\":7.9}","source":"console","time":"2026-10-07T05:41:57Z"}
{"level":"info","msg":"{\"ev\":\"req\",\"route\":\"problem_list\",\"status\":200,\"t\":1791351717572,\"ms\":8.6}","source":"console","time":"2026-10-07T05:41:57Z"}
{"level":"info","msg":"{\"ev\":\"req\",\"route\":\"history\",\"status\":503,\"t\":1791351717668,\"ms\":2004.1}","source":"console","time":"2026-10-07T05:41:57Z"}
{"level":"info","msg":"{\"ev\":\"req\",\"route\":\"submit\",\"status\":503,\"t\":1791351717668,\"ms\":2004.2}","source":"console","time":"2026-10-07T05:41:57Z"}
{"level":"info","msg":"{\"ev\":\"rejected\",\"status\":503,\"t\":1791351717669}","source":"console","time":"2026-10-07T05:41:57Z"}
{"level":"info","msg":"{\"ev\":\"req\",\"route\":\"problem_detail\",\"status\":200,\"t\":1791351717672,\"ms\":8.4}","source":"console","time":"2026-10-07T05:41:57Z"}
{"level":"info","msg":"{\"ev\":\"req\",\"route\":\"problem_list\",\"status\":200,\"t\":1791351717872,\"ms\":8.4}","source":"console","time":"2026-10-07T05:41:57Z"}
{"level":"info","msg":"{\"ev\":\"req\",\"route\":\"history\",\"status\":503,\"t\":1791351717967,\"ms\":2003.8}","source":"console","time":"2026-10-07T05:41:57Z"}
{"level":"info","msg":"{\"ev\":\"req\",\"route\":\"problem_detail\",\"status\":200,\"t\":1791351717972,\"ms\":8.2}","source":"console","time":"2026-10-07T05:41:57Z"}
{"level":"info","msg":"{\"ev\":\"req\",\"route\":\"problem_list\",\"status\":200,\"t\":1791351718167,\"ms\":3.3}","source":"console","time":"2026-10-07T05:41:58Z"}
{"level":"info","msg":"{\"ev\":\"req\",\"route\":\"history\",\"status\":503,\"t\":1791351718268,\"ms\":2004.2}","source":"console","time":"2026-10-07T05:41:58Z"}
{"level":"info","msg":"{\"ev\":\"req\",\"route\":\"problem_detail\",\"status\":200,\"t\":1791351718271,\"ms\":6.6}","source":"console","time":"2026-10-07T05:41:58Z"}
{"level":"info","msg":"{\"ev\":\"req\",\"route\":\"problem_list\",\"status\":200,\"t\":1791351718474,\"ms\":9.5}","source":"console","time":"2026-10-07T05:41:58Z"}
{"level":"info","msg":"{\"ev\":\"req\",\"route\":\"history\",\"status\":503,\"t\":1791351718568,\"ms\":2004.2}","source":"console","time":"2026-10-07T05:41:58Z"}
{"level":"info","msg":"{\"ev\":\"req\",\"route\":\"problem_detail\",\"status\":200,\"t\":1791351718572,\"ms\":8.1}","source":"console","time":"2026-10-07T05:41:58Z"}
{"level":"info","msg":"{\"ev\":\"req\",\"route\":\"problem_list\",\"status\":200,\"t\":1791351718773,\"ms\":9.4}","source":"console","time":"2026-10-07T05:41:58Z"}
{"level":"info","msg":"{\"ev\":\"req\",\"route\":\"history\",\"status\":503,\"t\":1791351718867,\"ms\":2003}","source":"console","time":"2026-10-07T05:41:58Z"}
{"level":"info","msg":"{\"ev\":\"req\",\"route\":\"problem_detail\",\"status\":200,\"t\":1791351718872,\"ms\":8.3}","source":"console","time":"2026-10-07T05:41:58Z"}
{"level":"info","msg":"{\"ev\":\"req\",\"route\":\"problem_list\",\"status\":200,\"t\":1791351719071,\"ms\":7.5}","source":"console","time":"2026-10-07T05:41:59Z"}
{"level":"info","msg":"{\"ev\":\"req\",\"route\":\"history\",\"status\":503,\"t\":1791351719168,\"ms\":2003.8}","source":"console","time":"2026-10-07T05:41:59Z"}
{"level":"info","msg":"{\"ev\":\"req\",\"route\":\"problem_detail\",\"status\":200,\"t\":1791351719173,\"ms\":8.7}","source":"console","time":"2026-10-07T05:41:59Z"}
{"level":"info","msg":"{\"ev\":\"req\",\"route\":\"submit\",\"status\":503,\"t\":1791351719336,\"ms\":2005.2}","source":"console","time":"2026-10-07T05:41:59Z"}
{"level":"info","msg":"{\"ev\":\"rejected\",\"status\":503,\"t\":1791351719336}","source":"console","time":"2026-10-07T05:41:59Z"}
{"level":"info","msg":"{\"ev\":\"req\",\"route\":\"problem_list\",\"status\":200,\"t\":1791351719373,\"ms\":9}","source":"console","time":"2026-10-07T05:41:59Z"}
{"level":"info","msg":"{\"ev\":\"req\",\"route\":\"history\",\"status\":503,\"t\":1791351719470,\"ms\":2005.6}","source":"console","time":"2026-10-07T05:41:59Z"}
{"level":"info","msg":"{\"ev\":\"req\",\"route\":\"problem_detail\",\"status\":200,\"t\":1791351719472,\"ms\":7.8}","source":"console","time":"2026-10-07T05:41:59Z"}
{"level":"info","msg":"{\"ev\":\"req\",\"route\":\"problem_list\",\"status\":200,\"t\":1791351719673,\"ms\":8.7}","source":"console","time":"2026-10-07T05:41:59Z"}
{"level":"info","msg":"{\"ev\":\"req\",\"route\":\"history\",\"status\":503,\"t\":1791351719769,\"ms\":2004.9}","source":"console","time":"2026-10-07T05:41:59Z"}
{"level":"info","msg":"{\"ev\":\"req\",\"route\":\"problem_detail\",\"status\":200,\"t\":1791351719773,\"ms\":8.7}","source":"console","time":"2026-10-07T05:41:59Z"}
{"level":"info","msg":"{\"ev\":\"req\",\"route\":\"problem_list\",\"status\":200,\"t\":1791351719973,\"ms\":9.2}","source":"console","time":"2026-10-07T05:41:59Z"}
{"level":"info","msg":"{\"ev\":\"req\",\"route\":\"history\",\"status\":503,\"t\":1791351720066,\"ms\":2003.1}","source":"console","time":"2026-10-07T05:42:00Z"}
{"level":"info","msg":"{\"ev\":\"req\",\"route\":\"problem_detail\",\"status\":200,\"t\":1791351720077,\"ms\":12.8}","source":"console","time":"2026-10-07T05:42:00Z"}
{"level":"info","msg":"{\"ev\":\"req\",\"route\":\"problem_list\",\"status\":200,\"t\":1791351720273,\"ms\":8.5}","source":"console","time":"2026-10-07T05:42:00Z"}
{"level":"info","msg":"{\"ev\":\"req\",\"route\":\"history\",\"status\":503,\"t\":1791351720366,\"ms\":2002.3}","source":"console","time":"2026-10-07T05:42:00Z"}
{"level":"info","msg":"{\"ev\":\"req\",\"route\":\"problem_detail\",\"status\":200,\"t\":1791351720372,\"ms\":7.8}","source":"console","time":"2026-10-07T05:42:00Z"}
{"level":"info","msg":"{\"ev\":\"req\",\"route\":\"problem_list\",\"status\":200,\"t\":1791351720573,\"ms\":9.1}","source":"console","time":"2026-10-07T05:42:00Z"}
{"level":"info","msg":"{\"ev\":\"req\",\"route\":\"history\",\"status\":503,\"t\":1791351720670,\"ms\":2005.5}","source":"console","time":"2026-10-07T05:42:00Z"}
{"level":"info","msg":"{\"ev\":\"req\",\"route\":\"problem_detail\",\"status\":200,\"t\":1791351720672,\"ms\":8.3}","source":"console","time":"2026-10-07T05:42:00Z"}
{"level":"info","msg":"{\"ev\":\"req\",\"route\":\"problem_list\",\"status\":200,\"t\":1791351720873,\"ms\":9.1}","source":"console","time":"2026-10-07T05:42:00Z"}
{"level":"info","msg":"{\"ev\":\"req\",\"route\":\"history\",\"status\":503,\"t\":1791351720966,\"ms\":2002.7}","source":"console","time":"2026-10-07T05:42:00Z"}
{"level":"info","msg":"{\"ev\":\"req\",\"route\":\"problem_detail\",\"status\":200,\"t\":1791351720973,\"ms\":9.3}","source":"console","time":"2026-10-07T05:42:00Z"}
{"level":"info","msg":"{\"ev\":\"req\",\"route\":\"submit\",\"status\":503,\"t\":1791351720999,\"ms\":2002.1}","source":"console","time":"2026-10-07T05:42:00Z"}
{"level":"info","msg":"{\"ev\":\"rejected\",\"status\":503,\"t\":1791351720999}","source":"console","time":"2026-10-07T05:42:00Z"}
{"level":"info","msg":"{\"ev\":\"req\",\"route\":\"problem_list\",\"status\":200,\"t\":1791351721167,\"ms\":3.9}","source":"console","time":"2026-10-07T05:42:01Z"}
{"level":"info","msg":"{\"ev\":\"req\",\"route\":\"history\",\"status\":503,\"t\":1791351721268,\"ms\":2004}","source":"console","time":"2026-10-07T05:42:01Z"}
{"level":"info","msg":"{\"ev\":\"req\",\"route\":\"problem_detail\",\"status\":200,\"t\":1791351721272,\"ms\":7.7}","source":"console","time":"2026-10-07T05:42:01Z"}
{"level":"info","msg":"{\"ev\":\"req\",\"route\":\"problem_list\",\"status\":200,\"t\":1791351721471,\"ms\":7.7}","source":"console","time":"2026-10-07T05:42:01Z"}
{"level":"info","msg":"{\"ev\":\"req\",\"route\":\"history\",\"status\":503,\"t\":1791351721569,\"ms\":2004.7}","source":"console","time":"2026-10-07T05:42:01Z"}
{"level":"info","msg":"{\"ev\":\"req\",\"route\":\"problem_detail\",\"status\":200,\"t\":1791351721572,\"ms\":8}","source":"console","time":"2026-10-07T05:42:01Z"}
{"level":"info","msg":"{\"ev\":\"req\",\"route\":\"problem_list\",\"status\":200,\"t\":1791351721768,\"ms\":3.4}","source":"console","time":"2026-10-07T05:42:01Z"}
{"level":"info","msg":"{\"ev\":\"req\",\"route\":\"problem_detail\",\"status\":200,\"t\":1791351721867,\"ms\":4.2}","source":"console","time":"2026-10-07T05:42:01Z"}
{"level":"info","msg":"{\"ev\":\"req\",\"route\":\"history\",\"status\":503,\"t\":1791351721868,\"ms\":2003.8}","source":"console","time":"2026-10-07T05:42:01Z"}
{"level":"info","msg":"{\"ev\":\"req\",\"route\":\"problem_list\",\"status\":200,\"t\":1791351722068,\"ms\":4.3}","source":"console","time":"2026-10-07T05:42:02Z"}
{"level":"info","msg":"{\"ev\":\"req\",\"route\":\"problem_detail\",\"status\":200,\"t\":1791351722167,\"ms\":3.5}","source":"console","time":"2026-10-07T05:42:02Z"}
{"level":"info","msg":"{\"ev\":\"req\",\"route\":\"history\",\"status\":503,\"t\":1791351722168,\"ms\":2003.8}","source":"console","time":"2026-10-07T05:42:02Z"}
{"level":"info","msg":"{\"ev\":\"req\",\"route\":\"problem_list\",\"status\":200,\"t\":1791351722368,\"ms\":3.6}","source":"console","time":"2026-10-07T05:42:02Z"}
{"level":"info","msg":"{\"ev\":\"req\",\"route\":\"problem_detail\",\"status\":200,\"t\":1791351722467,\"ms\":3.6}","source":"console","time":"2026-10-07T05:42:02Z"}
{"level":"info","msg":"{\"ev\":\"req\",\"route\":\"history\",\"status\":503,\"t\":1791351722469,\"ms\":2004.3}","source":"console","time":"2026-10-07T05:42:02Z"}
{"level":"info","msg":"{\"ev\":\"req\",\"route\":\"submit\",\"status\":503,\"t\":1791351722668,\"ms\":2004.7}","source":"console","time":"2026-10-07T05:42:02Z"}
{"level":"info","msg":"{\"ev\":\"rejected\",\"status\":503,\"t\":1791351722668}","source":"console","time":"2026-10-07T05:42:02Z"}
{"level":"info","msg":"{\"ev\":\"req\",\"route\":\"problem_list\",\"status\":200,\"t\":1791351722672,\"ms\":8.4}","source":"console","time":"2026-10-07T05:42:02Z"}
{"level":"info","msg":"{\"ev\":\"req\",\"route\":\"history\",\"status\":503,\"t\":1791351722769,\"ms\":2004.8}","source":"console","time":"2026-10-07T05:42:02Z"}
{"level":"info","msg":"{\"ev\":\"req\",\"route\":\"problem_detail\",\"status\":200,\"t\":1791351722772,\"ms\":7.6}","source":"console","time":"2026-10-07T05:42:02Z"}
{"level":"info","msg":"{\"ev\":\"req\",\"route\":\"problem_list\",\"status\":200,\"t\":1791351722973,\"ms\":8.8}","source":"console","time":"2026-10-07T05:42:02Z"}
{"level":"info","msg":"{\"ev\":\"req\",\"route\":\"history\",\"status\":503,\"t\":1791351723067,\"ms\":2002.7}","source":"console","time":"2026-10-07T05:42:03Z"}
{"level":"info","msg":"{\"ev\":\"req\",\"route\":\"problem_detail\",\"status\":200,\"t\":1791351723072,\"ms\":8.2}","source":"console","time":"2026-10-07T05:42:03Z"}
{"level":"info","msg":"{\"ev\":\"req\",\"route\":\"problem_list\",\"status\":200,\"t\":1791351723273,\"ms\":9.1}","source":"console","time":"2026-10-07T05:42:03Z"}
{"level":"info","msg":"{\"ev\":\"req\",\"route\":\"history\",\"status\":503,\"t\":1791351723368,\"ms\":2004.7}","source":"console","time":"2026-10-07T05:42:03Z"}
{"level":"info","msg":"{\"ev\":\"req\",\"route\":\"problem_detail\",\"status\":200,\"t\":1791351723372,\"ms\":7.8}","source":"console","time":"2026-10-07T05:42:03Z"}
{"level":"info","msg":"{\"ev\":\"req\",\"route\":\"problem_list\",\"status\":200,\"t\":1791351723573,\"ms\":9.2}","source":"console","time":"2026-10-07T05:42:03Z"}
{"level":"info","msg":"{\"ev\":\"req\",\"route\":\"history\",\"status\":503,\"t\":1791351723668,\"ms\":2004.5}","source":"console","time":"2026-10-07T05:42:03Z"}
{"level":"info","msg":"{\"ev\":\"req\",\"route\":\"problem_detail\",\"status\":200,\"t\":1791351723673,\"ms\":8.4}","source":"console","time":"2026-10-07T05:42:03Z"}
{"level":"info","msg":"{\"ev\":\"req\",\"route\":\"problem_list\",\"status\":200,\"t\":1791351723873,\"ms\":9.2}","source":"console","time":"2026-10-07T05:42:03Z"}
{"level":"info","msg":"{\"ev\":\"req\",\"route\":\"history\",\"status\":503,\"t\":1791351723967,\"ms\":2002.8}","source":"console","time":"2026-10-07T05:42:03Z"}
{"level":"info","msg":"{\"ev\":\"req\",\"route\":\"problem_detail\",\"status\":200,\"t\":1791351723972,\"ms\":7.6}","source":"console","time":"2026-10-07T05:42:03Z"}
{"level":"info","msg":"{\"ev\":\"req\",\"route\":\"problem_list\",\"status\":200,\"t\":1791351724171,\"ms\":6.8}","source":"console","time":"2026-10-07T05:42:04Z"}
{"level":"info","msg":"{\"ev\":\"req\",\"route\":\"history\",\"status\":503,\"t\":1791351724265,\"ms\":2002.1}","source":"console","time":"2026-10-07T05:42:04Z"}
{"level":"info","msg":"{\"ev\":\"req\",\"route\":\"problem_detail\",\"status\":200,\"t\":1791351724267,\"ms\":3.5}","source":"console","time":"2026-10-07T05:42:04Z"}
{"level":"info","msg":"{\"ev\":\"req\",\"route\":\"submit\",\"status\":503,\"t\":1791351724334,\"ms\":2002.9}","source":"console","time":"2026-10-07T05:42:04Z"}
{"level":"info","msg":"{\"ev\":\"rejected\",\"status\":503,\"t\":1791351724334}","source":"console","time":"2026-10-07T05:42:04Z"}
{"level":"info","msg":"{\"ev\":\"req\",\"route\":\"problem_list\",\"status\":200,\"t\":1791351724472,\"ms\":7.7}","source":"console","time":"2026-10-07T05:42:04Z"}
{"level":"info","msg":"{\"ev\":\"req\",\"route\":\"history\",\"status\":503,\"t\":1791351724568,\"ms\":2004.4}","source":"console","time":"2026-10-07T05:42:04Z"}
{"level":"info","msg":"{\"ev\":\"req\",\"route\":\"problem_detail\",\"status\":200,\"t\":1791351724571,\"ms\":7.9}","source":"console","time":"2026-10-07T05:42:04Z"}
{"level":"info","msg":"{\"ev\":\"req\",\"route\":\"problem_list\",\"status\":200,\"t\":1791351724772,\"ms\":8.5}","source":"console","time":"2026-10-07T05:42:04Z"}
{"level":"info","msg":"{\"ev\":\"req\",\"route\":\"history\",\"status\":503,\"t\":1791351724867,\"ms\":2002.9}","source":"console","time":"2026-10-07T05:42:04Z"}
{"level":"info","msg":"{\"ev\":\"req\",\"route\":\"problem_detail\",\"status\":200,\"t\":1791351724872,\"ms\":8.2}","source":"console","time":"2026-10-07T05:42:04Z"}
{"level":"info","msg":"{\"ev\":\"req\",\"route\":\"problem_list\",\"status\":200,\"t\":1791351725069,\"ms\":4.9}","source":"console","time":"2026-10-07T05:42:05Z"}
{"level":"info","msg":"{\"ev\":\"req\",\"route\":\"history\",\"status\":503,\"t\":1791351725168,\"ms\":2004.1}","source":"console","time":"2026-10-07T05:42:05Z"}
{"level":"info","msg":"{\"ev\":\"req\",\"route\":\"problem_detail\",\"status\":200,\"t\":1791351725171,\"ms\":7.2}","source":"console","time":"2026-10-07T05:42:05Z"}
{"level":"info","msg":"{\"ev\":\"req\",\"route\":\"problem_list\",\"status\":200,\"t\":1791351725373,\"ms\":9.8}","source":"console","time":"2026-10-07T05:42:05Z"}
{"level":"info","msg":"{\"ev\":\"req\",\"route\":\"history\",\"status\":503,\"t\":1791351725469,\"ms\":2005.3}","source":"console","time":"2026-10-07T05:42:05Z"}
{"level":"info","msg":"{\"ev\":\"req\",\"route\":\"problem_detail\",\"status\":200,\"t\":1791351725472,\"ms\":8}","source":"console","time":"2026-10-07T05:42:05Z"}
{"level":"info","msg":"{\"ev\":\"req\",\"route\":\"problem_list\",\"status\":200,\"t\":1791351725673,\"ms\":9}","source":"console","time":"2026-10-07T05:42:05Z"}
{"level":"info","msg":"{\"ev\":\"req\",\"route\":\"history\",\"status\":503,\"t\":1791351725769,\"ms\":2004.6}","source":"console","time":"2026-10-07T05:42:05Z"}
{"level":"info","msg":"{\"ev\":\"req\",\"route\":\"problem_detail\",\"status\":200,\"t\":1791351725772,\"ms\":8.8}","source":"console","time":"2026-10-07T05:42:05Z"}
{"level":"info","msg":"{\"ev\":\"req\",\"route\":\"problem_list\",\"status\":200,\"t\":1791351725973,\"ms\":8.7}","source":"console","time":"2026-10-07T05:42:05Z"}
{"level":"info","msg":"{\"ev\":\"req\",\"route\":\"submit\",\"status\":503,\"t\":1791351726002,\"ms\":2004.1}","source":"console","time":"2026-10-07T05:42:06Z"}
{"level":"info","msg":"{\"ev\":\"rejected\",\"status\":503,\"t\":1791351726002}","source":"console","time":"2026-10-07T05:42:06Z"}
{"level":"info","msg":"{\"ev\":\"req\",\"route\":\"history\",\"status\":503,\"t\":1791351726069,\"ms\":2004.6}","source":"console","time":"2026-10-07T05:42:06Z"}
{"level":"info","msg":"{\"ev\":\"req\",\"route\":\"problem_detail\",\"status\":200,\"t\":1791351726071,\"ms\":7.2}","source":"console","time":"2026-10-07T05:42:06Z"}
{"level":"info","msg":"{\"ev\":\"req\",\"route\":\"problem_list\",\"status\":200,\"t\":1791351726273,\"ms\":8.9}","source":"console","time":"2026-10-07T05:42:06Z"}
{"level":"info","msg":"{\"ev\":\"req\",\"route\":\"history\",\"status\":503,\"t\":1791351726371,\"ms\":2006.1}","source":"console","time":"2026-10-07T05:42:06Z"}
{"level":"info","msg":"{\"ev\":\"req\",\"route\":\"problem_detail\",\"status\":200,\"t\":1791351726371,\"ms\":7.9}","source":"console","time":"2026-10-07T05:42:06Z"}
{"level":"info","msg":"{\"ev\":\"req\",\"route\":\"problem_list\",\"status\":200,\"t\":1791351726572,\"ms\":8.7}","source":"console","time":"2026-10-07T05:42:06Z"}
{"level":"info","msg":"{\"ev\":\"req\",\"route\":\"history\",\"status\":503,\"t\":1791351726667,\"ms\":2003.8}","source":"console","time":"2026-10-07T05:42:06Z"}
{"level":"info","msg":"{\"ev\":\"req\",\"route\":\"problem_detail\",\"status\":200,\"t\":1791351726672,\"ms\":7.8}","source":"console","time":"2026-10-07T05:42:06Z"}
{"level":"info","msg":"{\"ev\":\"req\",\"route\":\"problem_list\",\"status\":200,\"t\":1791351726873,\"ms\":9.5}","source":"console","time":"2026-10-07T05:42:06Z"}
{"level":"info","msg":"{\"ev\":\"req\",\"route\":\"history\",\"status\":503,\"t\":1791351726968,\"ms\":2004.6}","source":"console","time":"2026-10-07T05:42:06Z"}
{"level":"info","msg":"{\"ev\":\"req\",\"route\":\"problem_detail\",\"status\":200,\"t\":1791351726972,\"ms\":7.8}","source":"console","time":"2026-10-07T05:42:06Z"}
{"level":"info","msg":"{\"ev\":\"req\",\"route\":\"problem_list\",\"status\":200,\"t\":1791351727169,\"ms\":5.4}","source":"console","time":"2026-10-07T05:42:07Z"}
{"level":"info","msg":"{\"ev\":\"req\",\"route\":\"problem_detail\",\"status\":200,\"t\":1791351727267,\"ms\":3.5}","source":"console","time":"2026-10-07T05:42:07Z"}
{"level":"info","msg":"{\"ev\":\"req\",\"route\":\"history\",\"status\":503,\"t\":1791351727268,\"ms\":2004.6}","source":"console","time":"2026-10-07T05:42:07Z"}
{"level":"info","msg":"{\"ev\":\"req\",\"route\":\"problem_list\",\"status\":200,\"t\":1791351727473,\"ms\":8.2}","source":"console","time":"2026-10-07T05:42:07Z"}
{"level":"info","msg":"{\"ev\":\"req\",\"route\":\"history\",\"status\":503,\"t\":1791351727570,\"ms\":2005.4}","source":"console","time":"2026-10-07T05:42:07Z"}
{"level":"info","msg":"{\"ev\":\"req\",\"route\":\"problem_detail\",\"status\":200,\"t\":1791351727572,\"ms\":8.2}","source":"console","time":"2026-10-07T05:42:07Z"}
{"level":"info","msg":"{\"ev\":\"req\",\"route\":\"submit\",\"status\":503,\"t\":1791351727668,\"ms\":2004.2}","source":"console","time":"2026-10-07T05:42:07Z"}
{"level":"info","msg":"{\"ev\":\"rejected\",\"status\":503,\"t\":1791351727669}","source":"console","time":"2026-10-07T05:42:07Z"}
{"level":"info","msg":"{\"ev\":\"req\",\"route\":\"problem_list\",\"status\":200,\"t\":1791351727773,\"ms\":9.4}","source":"console","time":"2026-10-07T05:42:07Z"}
{"level":"info","msg":"{\"ev\":\"req\",\"route\":\"history\",\"status\":503,\"t\":1791351727869,\"ms\":2004.7}","source":"console","time":"2026-10-07T05:42:07Z"}
{"level":"info","msg":"{\"ev\":\"req\",\"route\":\"problem_detail\",\"status\":200,\"t\":1791351727872,\"ms\":8.7}","source":"console","time":"2026-10-07T05:42:07Z"}
{"level":"info","msg":"{\"ev\":\"req\",\"route\":\"problem_list\",\"status\":200,\"t\":1791351728072,\"ms\":7.9}","source":"console","time":"2026-10-07T05:42:08Z"}
{"level":"info","msg":"{\"ev\":\"req\",\"route\":\"problem_detail\",\"status\":200,\"t\":1791351728167,\"ms\":3.4}","source":"console","time":"2026-10-07T05:42:08Z"}
{"level":"info","msg":"{\"ev\":\"req\",\"route\":\"history\",\"status\":503,\"t\":1791351728169,\"ms\":2003.9}","source":"console","time":"2026-10-07T05:42:08Z"}
{"level":"info","msg":"{\"ev\":\"req\",\"route\":\"problem_list\",\"status\":200,\"t\":1791351728373,\"ms\":8.4}","source":"console","time":"2026-10-07T05:42:08Z"}
{"level":"info","msg":"{\"ev\":\"req\",\"route\":\"history\",\"status\":503,\"t\":1791351728468,\"ms\":2004.4}","source":"console","time":"2026-10-07T05:42:08Z"}
{"level":"info","msg":"{\"ev\":\"req\",\"route\":\"problem_detail\",\"status\":200,\"t\":1791351728472,\"ms\":8.1}","source":"console","time":"2026-10-07T05:42:08Z"}
{"level":"info","msg":"{\"ev\":\"req\",\"route\":\"problem_list\",\"status\":200,\"t\":1791351728673,\"ms\":8.7}","source":"console","time":"2026-10-07T05:42:08Z"}
{"level":"info","msg":"{\"ev\":\"req\",\"route\":\"history\",\"status\":503,\"t\":1791351728769,\"ms\":2004.5}","source":"console","time":"2026-10-07T05:42:08Z"}
{"level":"info","msg":"{\"ev\":\"req\",\"route\":\"problem_detail\",\"status\":200,\"t\":1791351728772,\"ms\":8.2}","source":"console","time":"2026-10-07T05:42:08Z"}
{"level":"info","msg":"{\"ev\":\"req\",\"route\":\"problem_list\",\"status\":200,\"t\":1791351728967,\"ms\":3.4}","source":"console","time":"2026-10-07T05:42:08Z"}
{"level":"info","msg":"{\"ev\":\"req\",\"route\":\"history\",\"status\":503,\"t\":1791351729069,\"ms\":2004.4}","source":"console","time":"2026-10-07T05:42:09Z"}
{"level":"info","msg":"{\"ev\":\"req\",\"route\":\"problem_detail\",\"status\":200,\"t\":1791351729073,\"ms\":8.4}","source":"console","time":"2026-10-07T05:42:09Z"}
{"level":"info","msg":"{\"ev\":\"req\",\"route\":\"problem_list\",\"status\":200,\"t\":1791351729272,\"ms\":8.5}","source":"console","time":"2026-10-07T05:42:09Z"}
{"level":"info","msg":"{\"ev\":\"req\",\"route\":\"submit\",\"status\":503,\"t\":1791351729333,\"ms\":2002.1}","source":"console","time":"2026-10-07T05:42:09Z"}
{"level":"info","msg":"{\"ev\":\"rejected\",\"status\":503,\"t\":1791351729333}","source":"console","time":"2026-10-07T05:42:09Z"}
{"level":"info","msg":"{\"ev\":\"req\",\"route\":\"history\",\"status\":503,\"t\":1791351729367,\"ms\":2002.6}","source":"console","time":"2026-10-07T05:42:09Z"}
{"level":"info","msg":"{\"ev\":\"req\",\"route\":\"problem_detail\",\"status\":200,\"t\":1791351729371,\"ms\":7.7}","source":"console","time":"2026-10-07T05:42:09Z"}
{"level":"info","msg":"{\"ev\":\"req\",\"route\":\"problem_list\",\"status\":200,\"t\":1791351729573,\"ms\":9.1}","source":"console","time":"2026-10-07T05:42:09Z"}
{"level":"info","msg":"{\"ev\":\"req\",\"route\":\"history\",\"status\":503,\"t\":1791351729667,\"ms\":2003.7}","source":"console","time":"2026-10-07T05:42:09Z"}
{"level":"info","msg":"{\"ev\":\"req\",\"route\":\"problem_detail\",\"status\":200,\"t\":1791351729667,\"ms\":4.1}","source":"console","time":"2026-10-07T05:42:09Z"}
{"level":"info","msg":"{\"ev\":\"req\",\"route\":\"problem_list\",\"status\":200,\"t\":1791351729868,\"ms\":4.3}","source":"console","time":"2026-10-07T05:42:09Z"}
{"level":"info","msg":"{\"ev\":\"req\",\"route\":\"history\",\"status\":503,\"t\":1791351729968,\"ms\":2003.7}","source":"console","time":"2026-10-07T05:42:09Z"}
{"level":"info","msg":"{\"ev\":\"req\",\"route\":\"problem_detail\",\"status\":200,\"t\":1791351729972,\"ms\":7.6}","source":"console","time":"2026-10-07T05:42:09Z"}
{"level":"info","msg":"{\"ev\":\"req\",\"route\":\"problem_list\",\"status\":200,\"t\":1791351730171,\"ms\":6.8}","source":"console","time":"2026-10-07T05:42:10Z"}
{"level":"info","msg":"{\"ev\":\"req\",\"route\":\"history\",\"status\":503,\"t\":1791351730268,\"ms\":2004.6}","source":"console","time":"2026-10-07T05:42:10Z"}
{"level":"info","msg":"{\"ev\":\"req\",\"route\":\"problem_detail\",\"status\":200,\"t\":1791351730272,\"ms\":7.4}","source":"console","time":"2026-10-07T05:42:10Z"}
{"level":"info","msg":"{\"ev\":\"req\",\"route\":\"problem_list\",\"status\":200,\"t\":1791351730467,\"ms\":3.6}","source":"console","time":"2026-10-07T05:42:10Z"}
{"level":"info","msg":"{\"ev\":\"req\",\"route\":\"problem_detail\",\"status\":200,\"t\":1791351730569,\"ms\":4.3}","source":"console","time":"2026-10-07T05:42:10Z"}
{"level":"info","msg":"{\"ev\":\"req\",\"route\":\"history\",\"status\":503,\"t\":1791351730569,\"ms\":2004.3}","source":"console","time":"2026-10-07T05:42:10Z"}
{"level":"info","msg":"{\"ev\":\"req\",\"route\":\"problem_list\",\"status\":200,\"t\":1791351730773,\"ms\":8.9}","source":"console","time":"2026-10-07T05:42:10Z"}
{"level":"info","msg":"{\"ev\":\"req\",\"route\":\"history\",\"status\":503,\"t\":1791351730869,\"ms\":2005}","source":"console","time":"2026-10-07T05:42:10Z"}
{"level":"info","msg":"{\"ev\":\"req\",\"route\":\"problem_detail\",\"status\":200,\"t\":1791351730871,\"ms\":7.1}","source":"console","time":"2026-10-07T05:42:10Z"}
{"level":"info","msg":"{\"ev\":\"req\",\"route\":\"submit\",\"status\":503,\"t\":1791351731001,\"ms\":2003.9}","source":"console","time":"2026-10-07T05:42:11Z"}
{"level":"info","msg":"{\"ev\":\"rejected\",\"status\":503,\"t\":1791351731001}","source":"console","time":"2026-10-07T05:42:11Z"}
{"level":"info","msg":"{\"ev\":\"req\",\"route\":\"problem_list\",\"status\":200,\"t\":1791351731073,\"ms\":9}","source":"console","time":"2026-10-07T05:42:11Z"}
{"level":"info","msg":"{\"ev\":\"req\",\"route\":\"history\",\"status\":503,\"t\":1791351731168,\"ms\":2004.6}","source":"console","time":"2026-10-07T05:42:11Z"}
{"level":"info","msg":"{\"ev\":\"req\",\"route\":\"problem_detail\",\"status\":200,\"t\":1791351731171,\"ms\":7.7}","source":"console","time":"2026-10-07T05:42:11Z"}
{"level":"info","msg":"{\"ev\":\"req\",\"route\":\"problem_list\",\"status\":200,\"t\":1791351731371,\"ms\":7.2}","source":"console","time":"2026-10-07T05:42:11Z"}
{"level":"info","msg":"{\"ev\":\"req\",\"route\":\"problem_detail\",\"status\":200,\"t\":1791351731467,\"ms\":3.1}","source":"console","time":"2026-10-07T05:42:11Z"}
{"level":"info","msg":"{\"ev\":\"req\",\"route\":\"history\",\"status\":503,\"t\":1791351731468,\"ms\":2003.3}","source":"console","time":"2026-10-07T05:42:11Z"}
{"level":"info","msg":"{\"ev\":\"req\",\"route\":\"problem_list\",\"status\":200,\"t\":1791351731672,\"ms\":7.9}","source":"console","time":"2026-10-07T05:42:11Z"}
{"level":"info","msg":"{\"ev\":\"req\",\"route\":\"history\",\"status\":503,\"t\":1791351731767,\"ms\":2002.8}","source":"console","time":"2026-10-07T05:42:11Z"}
{"level":"info","msg":"{\"ev\":\"req\",\"route\":\"problem_detail\",\"status\":200,\"t\":1791351731772,\"ms\":8.4}","source":"console","time":"2026-10-07T05:42:11Z"}
{"level":"info","msg":"{\"ev\":\"req\",\"route\":\"problem_list\",\"status\":200,\"t\":1791351731969,\"ms\":5.1}","source":"console","time":"2026-10-07T05:42:11Z"}
{"level":"info","msg":"{\"ev\":\"req\",\"route\":\"problem_detail\",\"status\":200,\"t\":1791351732067,\"ms\":3.5}","source":"console","time":"2026-10-07T05:42:12Z"}
{"level":"info","msg":"{\"ev\":\"req\",\"route\":\"history\",\"status\":503,\"t\":1791351732068,\"ms\":2004.1}","source":"console","time":"2026-10-07T05:42:12Z"}
{"level":"info","msg":"{\"ev\":\"req\",\"route\":\"problem_list\",\"status\":200,\"t\":1791351732272,\"ms\":7.4}","source":"console","time":"2026-10-07T05:42:12Z"}
{"level":"info","msg":"{\"ev\":\"req\",\"route\":\"history\",\"status\":503,\"t\":1791351732367,\"ms\":2003.4}","source":"console","time":"2026-10-07T05:42:12Z"}
{"level":"info","msg":"{\"ev\":\"req\",\"route\":\"problem_detail\",\"status\":200,\"t\":1791351732372,\"ms\":7.2}","source":"console","time":"2026-10-07T05:42:12Z"}
{"level":"info","msg":"{\"ev\":\"req\",\"route\":\"problem_list\",\"status\":200,\"t\":1791351732569,\"ms\":5.3}","source":"console","time":"2026-10-07T05:42:12Z"}
{"level":"info","msg":"{\"ev\":\"req\",\"route\":\"problem_detail\",\"status\":200,\"t\":1791351732667,\"ms\":3.4}","source":"console","time":"2026-10-07T05:42:12Z"}
{"level":"info","msg":"{\"ev\":\"req\",\"route\":\"history\",\"status\":503,\"t\":1791351732667,\"ms\":2003.6}","source":"console","time":"2026-10-07T05:42:12Z"}
{"level":"info","msg":"{\"ev\":\"req\",\"route\":\"submit\",\"status\":503,\"t\":1791351732667,\"ms\":2003.5}","source":"console","time":"2026-10-07T05:42:12Z"}
{"level":"info","msg":"{\"ev\":\"rejected\",\"status\":503,\"t\":1791351732668}","source":"console","time":"2026-10-07T05:42:12Z"}
{"level":"info","msg":"{\"ev\":\"req\",\"route\":\"problem_list\",\"status\":200,\"t\":1791351732867,\"ms\":3.4}","source":"console","time":"2026-10-07T05:42:12Z"}
{"level":"info","msg":"{\"ev\":\"req\",\"route\":\"problem_detail\",\"status\":200,\"t\":1791351732967,\"ms\":3.5}","source":"console","time":"2026-10-07T05:42:12Z"}
{"level":"info","msg":"{\"ev\":\"req\",\"route\":\"history\",\"status\":503,\"t\":1791351732968,\"ms\":2004.2}","source":"console","time":"2026-10-07T05:42:12Z"}
{"level":"info","msg":"{\"ev\":\"req\",\"route\":\"problem_list\",\"status\":200,\"t\":1791351733167,\"ms\":3.5}","source":"console","time":"2026-10-07T05:42:13Z"}
{"level":"info","msg":"{\"ev\":\"req\",\"route\":\"problem_detail\",\"status\":200,\"t\":1791351733267,\"ms\":3.1}","source":"console","time":"2026-10-07T05:42:13Z"}
{"level":"info","msg":"{\"ev\":\"req\",\"route\":\"history\",\"status\":503,\"t\":1791351733268,\"ms\":2003.5}","source":"console","time":"2026-10-07T05:42:13Z"}
{"level":"info","msg":"{\"ev\":\"req\",\"route\":\"problem_list\",\"status\":200,\"t\":1791351733472,\"ms\":8.1}","source":"console","time":"2026-10-07T05:42:13Z"}
{"level":"info","msg":"{\"ev\":\"req\",\"route\":\"history\",\"status\":503,\"t\":1791351733568,\"ms\":2004.2}","source":"console","time":"2026-10-07T05:42:13Z"}
{"level":"info","msg":"{\"ev\":\"req\",\"route\":\"problem_detail\",\"status\":200,\"t\":1791351733572,\"ms\":8.2}","source":"console","time":"2026-10-07T05:42:13Z"}
{"level":"info","msg":"{\"ev\":\"req\",\"route\":\"problem_list\",\"status\":200,\"t\":1791351733771,\"ms\":7.1}","source":"console","time":"2026-10-07T05:42:13Z"}
{"level":"info","msg":"{\"ev\":\"req\",\"route\":\"history\",\"status\":503,\"t\":1791351733869,\"ms\":2004.4}","source":"console","time":"2026-10-07T05:42:13Z"}
{"level":"info","msg":"{\"ev\":\"req\",\"route\":\"problem_detail\",\"status\":200,\"t\":1791351733872,\"ms\":7.8}","source":"console","time":"2026-10-07T05:42:13Z"}
{"level":"info","msg":"{\"ev\":\"req\",\"route\":\"problem_list\",\"status\":200,\"t\":1791351734073,\"ms\":8.6}","source":"console","time":"2026-10-07T05:42:14Z"}
{"level":"info","msg":"{\"ev\":\"req\",\"route\":\"history\",\"status\":503,\"t\":1791351734166,\"ms\":2002.7}","source":"console","time":"2026-10-07T05:42:14Z"}
{"level":"info","msg":"{\"ev\":\"req\",\"route\":\"problem_detail\",\"status\":200,\"t\":1791351734170,\"ms\":5.9}","source":"console","time":"2026-10-07T05:42:14Z"}
{"level":"info","msg":"{\"ev\":\"req\",\"route\":\"submit\",\"status\":503,\"t\":1791351734335,\"ms\":2004.7}","source":"console","time":"2026-10-07T05:42:14Z"}
{"level":"info","msg":"{\"ev\":\"rejected\",\"status\":503,\"t\":1791351734335}","source":"console","time":"2026-10-07T05:42:14Z"}
{"level":"info","msg":"{\"ev\":\"req\",\"route\":\"problem_list\",\"status\":200,\"t\":1791351734367,\"ms\":3}","source":"console","time":"2026-10-07T05:42:14Z"}
{"level":"info","msg":"{\"ev\":\"req\",\"route\":\"history\",\"status\":503,\"t\":1791351734468,\"ms\":2004.4}","source":"console","time":"2026-10-07T05:42:14Z"}
{"level":"info","msg":"{\"ev\":\"req\",\"route\":\"problem_detail\",\"status\":200,\"t\":1791351734471,\"ms\":7.4}","source":"console","time":"2026-10-07T05:42:14Z"}
{"level":"info","msg":"{\"ev\":\"req\",\"route\":\"problem_list\",\"status\":200,\"t\":1791351734673,\"ms\":8.4}","source":"console","time":"2026-10-07T05:42:14Z"}
{"level":"info","msg":"{\"ev\":\"req\",\"route\":\"history\",\"status\":503,\"t\":1791351734765,\"ms\":2002.1}","source":"console","time":"2026-10-07T05:42:14Z"}
{"level":"info","msg":"{\"ev\":\"req\",\"route\":\"problem_detail\",\"status\":200,\"t\":1791351734767,\"ms\":3.3}","source":"console","time":"2026-10-07T05:42:14Z"}
{"level":"info","msg":"{\"ev\":\"req\",\"route\":\"problem_list\",\"status\":200,\"t\":1791351734973,\"ms\":8.7}","source":"console","time":"2026-10-07T05:42:14Z"}
{"level":"info","msg":"{\"ev\":\"req\",\"route\":\"history\",\"status\":503,\"t\":1791351735066,\"ms\":2002.3}","source":"console","time":"2026-10-07T05:42:15Z"}
{"level":"info","msg":"{\"ev\":\"req\",\"route\":\"problem_detail\",\"status\":200,\"t\":1791351735067,\"ms\":3.4}","source":"console","time":"2026-10-07T05:42:15Z"}
{"level":"info","msg":"{\"ev\":\"req\",\"route\":\"problem_list\",\"status\":200,\"t\":1791351735273,\"ms\":8.9}","source":"console","time":"2026-10-07T05:42:15Z"}
{"level":"info","msg":"{\"ev\":\"req\",\"route\":\"history\",\"status\":503,\"t\":1791351735366,\"ms\":2003}","source":"console","time":"2026-10-07T05:42:15Z"}
{"level":"info","msg":"{\"ev\":\"req\",\"route\":\"problem_detail\",\"status\":200,\"t\":1791351735372,\"ms\":8.1}","source":"console","time":"2026-10-07T05:42:15Z"}
{"level":"info","msg":"{\"ev\":\"req\",\"route\":\"problem_list\",\"status\":200,\"t\":1791351735573,\"ms\":8.7}","source":"console","time":"2026-10-07T05:42:15Z"}
{"level":"info","msg":"{\"ev\":\"req\",\"route\":\"history\",\"status\":503,\"t\":1791351735668,\"ms\":2004.2}","source":"console","time":"2026-10-07T05:42:15Z"}
{"level":"info","msg":"{\"ev\":\"req\",\"route\":\"problem_detail\",\"status\":200,\"t\":1791351735673,\"ms\":9}","source":"console","time":"2026-10-07T05:42:15Z"}
{"level":"info","msg":"{\"ev\":\"req\",\"route\":\"problem_list\",\"status\":200,\"t\":1791351735872,\"ms\":8.1}","source":"console","time":"2026-10-07T05:42:15Z"}
{"level":"info","msg":"{\"ev\":\"req\",\"route\":\"history\",\"status\":503,\"t\":1791351735968,\"ms\":2004.3}","source":"console","time":"2026-10-07T05:42:15Z"}
{"level":"info","msg":"{\"ev\":\"req\",\"route\":\"problem_detail\",\"status\":200,\"t\":1791351735973,\"ms\":9.3}","source":"console","time":"2026-10-07T05:42:15Z"}
{"level":"info","msg":"{\"ev\":\"req\",\"route\":\"submit\",\"status\":503,\"t\":1791351736002,\"ms\":2004.9}","source":"console","time":"2026-10-07T05:42:16Z"}
{"level":"info","msg":"{\"ev\":\"rejected\",\"status\":503,\"t\":1791351736002}","source":"console","time":"2026-10-07T05:42:16Z"}
{"level":"info","msg":"{\"ev\":\"req\",\"route\":\"problem_list\",\"status\":200,\"t\":1791351736171,\"ms\":7}","source":"console","time":"2026-10-07T05:42:16Z"}
{"level":"info","msg":"{\"ev\":\"req\",\"route\":\"history\",\"status\":503,\"t\":1791351736267,\"ms\":2002.9}","source":"console","time":"2026-10-07T05:42:16Z"}
{"level":"info","msg":"{\"ev\":\"req\",\"route\":\"problem_detail\",\"status\":200,\"t\":1791351736271,\"ms\":7.1}","source":"console","time":"2026-10-07T05:42:16Z"}
{"level":"info","msg":"{\"ev\":\"req\",\"route\":\"problem_list\",\"status\":200,\"t\":1791351736473,\"ms\":8.3}","source":"console","time":"2026-10-07T05:42:16Z"}
{"level":"info","msg":"{\"ev\":\"req\",\"route\":\"history\",\"status\":503,\"t\":1791351736568,\"ms\":2004.1}","source":"console","time":"2026-10-07T05:42:16Z"}
{"level":"info","msg":"{\"ev\":\"req\",\"route\":\"problem_detail\",\"status\":200,\"t\":1791351736572,\"ms\":8.4}","source":"console","time":"2026-10-07T05:42:16Z"}
{"level":"info","msg":"{\"ev\":\"req\",\"route\":\"problem_list\",\"status\":200,\"t\":1791351736771,\"ms\":7.7}","source":"console","time":"2026-10-07T05:42:16Z"}
{"level":"info","msg":"{\"ev\":\"req\",\"route\":\"history\",\"status\":503,\"t\":1791351736869,\"ms\":2004.8}","source":"console","time":"2026-10-07T05:42:16Z"}
{"level":"info","msg":"{\"ev\":\"req\",\"route\":\"problem_detail\",\"status\":200,\"t\":1791351736873,\"ms\":8.3}","source":"console","time":"2026-10-07T05:42:16Z"}
{"level":"info","msg":"{\"ev\":\"req\",\"route\":\"problem_list\",\"status\":200,\"t\":1791351737073,\"ms\":8.3}","source":"console","time":"2026-10-07T05:42:17Z"}
{"level":"info","msg":"{\"ev\":\"req\",\"route\":\"history\",\"status\":503,\"t\":1791351737169,\"ms\":2004.4}","source":"console","time":"2026-10-07T05:42:17Z"}
{"level":"info","msg":"{\"ev\":\"req\",\"route\":\"problem_detail\",\"status\":200,\"t\":1791351737172,\"ms\":7.9}","source":"console","time":"2026-10-07T05:42:17Z"}
{"level":"info","msg":"{\"ev\":\"req\",\"route\":\"problem_list\",\"status\":200,\"t\":1791351737367,\"ms\":3.3}","source":"console","time":"2026-10-07T05:42:17Z"}
{"level":"info","msg":"{\"ev\":\"req\",\"route\":\"history\",\"status\":503,\"t\":1791351737468,\"ms\":2004.3}","source":"console","time":"2026-10-07T05:42:17Z"}
{"level":"info","msg":"{\"ev\":\"req\",\"route\":\"problem_detail\",\"status\":200,\"t\":1791351737472,\"ms\":7.4}","source":"console","time":"2026-10-07T05:42:17Z"}
{"level":"info","msg":"{\"ev\":\"req\",\"route\":\"submit\",\"status\":503,\"t\":1791351737669,\"ms\":2004.3}","source":"console","time":"2026-10-07T05:42:17Z"}
{"level":"info","msg":"{\"ev\":\"rejected\",\"status\":503,\"t\":1791351737669}","source":"console","time":"2026-10-07T05:42:17Z"}
{"level":"info","msg":"{\"ev\":\"req\",\"route\":\"problem_list\",\"status\":200,\"t\":1791351737671,\"ms\":7.6}","source":"console","time":"2026-10-07T05:42:17Z"}
{"level":"info","msg":"{\"ev\":\"req\",\"route\":\"history\",\"status\":503,\"t\":1791351737769,\"ms\":2004.2}","source":"console","time":"2026-10-07T05:42:17Z"}
{"level":"info","msg":"{\"ev\":\"req\",\"route\":\"problem_detail\",\"status\":200,\"t\":1791351737771,\"ms\":7.2}","source":"console","time":"2026-10-07T05:42:17Z"}
{"level":"info","msg":"{\"ev\":\"req\",\"route\":\"problem_list\",\"status\":200,\"t\":1791351737972,\"ms\":8.3}","source":"console","time":"2026-10-07T05:42:17Z"}
{"level":"info","msg":"{\"ev\":\"req\",\"route\":\"problem_detail\",\"status\":200,\"t\":1791351738067,\"ms\":3.6}","source":"console","time":"2026-10-07T05:42:18Z"}
{"level":"info","msg":"{\"ev\":\"req\",\"route\":\"history\",\"status\":503,\"t\":1791351738067,\"ms\":2003.6}","source":"console","time":"2026-10-07T05:42:18Z"}
{"level":"info","msg":"{\"ev\":\"req\",\"route\":\"problem_list\",\"status\":200,\"t\":1791351738272,\"ms\":8.6}","source":"console","time":"2026-10-07T05:42:18Z"}
{"level":"info","msg":"{\"ev\":\"req\",\"route\":\"history\",\"status\":503,\"t\":1791351738370,\"ms\":2005.2}","source":"console","time":"2026-10-07T05:42:18Z"}
{"level":"info","msg":"{\"ev\":\"req\",\"route\":\"problem_detail\",\"status\":200,\"t\":1791351738372,\"ms\":8.5}","source":"console","time":"2026-10-07T05:42:18Z"}
{"level":"info","msg":"{\"ev\":\"req\",\"route\":\"problem_list\",\"status\":200,\"t\":1791351738573,\"ms\":8.4}","source":"console","time":"2026-10-07T05:42:18Z"}
{"level":"info","msg":"{\"ev\":\"req\",\"route\":\"history\",\"status\":503,\"t\":1791351738667,\"ms\":2003.6}","source":"console","time":"2026-10-07T05:42:18Z"}
{"level":"info","msg":"{\"ev\":\"req\",\"route\":\"problem_detail\",\"status\":200,\"t\":1791351738668,\"ms\":4.2}","source":"console","time":"2026-10-07T05:42:18Z"}
{"level":"info","msg":"{\"ev\":\"req\",\"route\":\"problem_list\",\"status\":200,\"t\":1791351738872,\"ms\":8.6}","source":"console","time":"2026-10-07T05:42:18Z"}
{"level":"info","msg":"{\"ev\":\"req\",\"route\":\"history\",\"status\":503,\"t\":1791351738968,\"ms\":2004.2}","source":"console","time":"2026-10-07T05:42:18Z"}
{"level":"info","msg":"{\"ev\":\"req\",\"route\":\"problem_detail\",\"status\":200,\"t\":1791351738972,\"ms\":8.6}","source":"console","time":"2026-10-07T05:42:18Z"}
{"level":"info","msg":"{\"ev\":\"req\",\"route\":\"problem_list\",\"status\":200,\"t\":1791351739172,\"ms\":8.2}","source":"console","time":"2026-10-07T05:42:19Z"}
{"level":"info","msg":"{\"ev\":\"req\",\"route\":\"history\",\"status\":503,\"t\":1791351739268,\"ms\":2004.6}","source":"console","time":"2026-10-07T05:42:19Z"}
{"level":"info","msg":"{\"ev\":\"req\",\"route\":\"problem_detail\",\"status\":200,\"t\":1791351739273,\"ms\":8.6}","source":"console","time":"2026-10-07T05:42:19Z"}
{"level":"info","msg":"{\"ev\":\"req\",\"route\":\"submit\",\"status\":503,\"t\":1791351739333,\"ms\":2002.9}","source":"console","time":"2026-10-07T05:42:19Z"}
{"level":"info","msg":"{\"ev\":\"rejected\",\"status\":503,\"t\":1791351739333}","source":"console","time":"2026-10-07T05:42:19Z"}
{"level":"info","msg":"{\"ev\":\"req\",\"route\":\"problem_list\",\"status\":200,\"t\":1791351739472,\"ms\":8.8}","source":"console","time":"2026-10-07T05:42:19Z"}
{"level":"info","msg":"{\"ev\":\"req\",\"route\":\"history\",\"status\":503,\"t\":1791351739568,\"ms\":2004}","source":"console","time":"2026-10-07T05:42:19Z"}
{"level":"info","msg":"{\"ev\":\"req\",\"route\":\"problem_detail\",\"status\":200,\"t\":1791351739571,\"ms\":7.9}","source":"console","time":"2026-10-07T05:42:19Z"}
{"level":"info","msg":"{\"ev\":\"req\",\"route\":\"problem_list\",\"status\":200,\"t\":1791351739772,\"ms\":8}","source":"console","time":"2026-10-07T05:42:19Z"}
{"level":"info","msg":"{\"ev\":\"req\",\"route\":\"history\",\"status\":503,\"t\":1791351739868,\"ms\":2004.2}","source":"console","time":"2026-10-07T05:42:19Z"}
{"level":"info","msg":"{\"ev\":\"req\",\"route\":\"problem_detail\",\"status\":200,\"t\":1791351739873,\"ms\":9.2}","source":"console","time":"2026-10-07T05:42:19Z"}
{"level":"info","msg":"{\"ev\":\"req\",\"route\":\"problem_list\",\"status\":200,\"t\":1791351740073,\"ms\":9.3}","source":"console","time":"2026-10-07T05:42:20Z"}
{"level":"info","msg":"{\"ev\":\"req\",\"route\":\"problem_detail\",\"status\":200,\"t\":1791351740166,\"ms\":3.3}","source":"console","time":"2026-10-07T05:42:20Z"}
{"level":"info","msg":"{\"ev\":\"req\",\"route\":\"history\",\"status\":503,\"t\":1791351740167,\"ms\":2003.1}","source":"console","time":"2026-10-07T05:42:20Z"}
{"level":"info","msg":"{\"ev\":\"req\",\"route\":\"problem_list\",\"status\":200,\"t\":1791351740368,\"ms\":4.3}","source":"console","time":"2026-10-07T05:42:20Z"}
{"level":"info","msg":"{\"ev\":\"req\",\"route\":\"history\",\"status\":503,\"t\":1791351740469,\"ms\":2005.1}","source":"console","time":"2026-10-07T05:42:20Z"}
{"level":"info","msg":"{\"ev\":\"req\",\"route\":\"problem_detail\",\"status\":200,\"t\":1791351740472,\"ms\":8.2}","source":"console","time":"2026-10-07T05:42:20Z"}
{"level":"info","msg":"{\"ev\":\"req\",\"route\":\"problem_list\",\"status\":200,\"t\":1791351740672,\"ms\":7.7}","source":"console","time":"2026-10-07T05:42:20Z"}
{"level":"info","msg":"{\"ev\":\"req\",\"route\":\"history\",\"status\":503,\"t\":1791351740770,\"ms\":2005.3}","source":"console","time":"2026-10-07T05:42:20Z"}
{"level":"info","msg":"{\"ev\":\"req\",\"route\":\"problem_detail\",\"status\":200,\"t\":1791351740771,\"ms\":7.5}","source":"console","time":"2026-10-07T05:42:20Z"}
{"level":"info","msg":"{\"ev\":\"req\",\"route\":\"problem_list\",\"status\":200,\"t\":1791351740967,\"ms\":3.6}","source":"console","time":"2026-10-07T05:42:20Z"}
{"level":"info","msg":"{\"ev\":\"req\",\"route\":\"submit\",\"status\":503,\"t\":1791351741001,\"ms\":2004.3}","source":"console","time":"2026-10-07T05:42:21Z"}
{"level":"info","msg":"{\"ev\":\"rejected\",\"status\":503,\"t\":1791351741002}","source":"console","time":"2026-10-07T05:42:21Z"}
{"level":"info","msg":"{\"ev\":\"req\",\"route\":\"problem_detail\",\"status\":200,\"t\":1791351741067,\"ms\":3.4}","source":"console","time":"2026-10-07T05:42:21Z"}
{"level":"info","msg":"{\"ev\":\"req\",\"route\":\"history\",\"status\":503,\"t\":1791351741067,\"ms\":2003.6}","source":"console","time":"2026-10-07T05:42:21Z"}
{"level":"info","msg":"{\"ev\":\"req\",\"route\":\"problem_list\",\"status\":200,\"t\":1791351741272,\"ms\":8.2}","source":"console","time":"2026-10-07T05:42:21Z"}
{"level":"info","msg":"{\"ev\":\"req\",\"route\":\"history\",\"status\":503,\"t\":1791351741366,\"ms\":2002.5}","source":"console","time":"2026-10-07T05:42:21Z"}
{"level":"info","msg":"{\"ev\":\"req\",\"route\":\"problem_detail\",\"status\":200,\"t\":1791351741371,\"ms\":7.4}","source":"console","time":"2026-10-07T05:42:21Z"}
{"level":"info","msg":"{\"ev\":\"req\",\"route\":\"problem_list\",\"status\":200,\"t\":1791351741567,\"ms\":3.5}","source":"console","time":"2026-10-07T05:42:21Z"}
{"level":"info","msg":"{\"ev\":\"req\",\"route\":\"problem_detail\",\"status\":200,\"t\":1791351741668,\"ms\":4}","source":"console","time":"2026-10-07T05:42:21Z"}
{"level":"info","msg":"{\"ev\":\"req\",\"route\":\"history\",\"status\":503,\"t\":1791351741668,\"ms\":2004.1}","source":"console","time":"2026-10-07T05:42:21Z"}
{"level":"info","msg":"{\"ev\":\"req\",\"route\":\"problem_list\",\"status\":200,\"t\":1791351741873,\"ms\":8.8}","source":"console","time":"2026-10-07T05:42:21Z"}
{"level":"info","msg":"{\"ev\":\"req\",\"route\":\"history\",\"status\":503,\"t\":1791351741969,\"ms\":2004.6}","source":"console","time":"2026-10-07T05:42:21Z"}
{"level":"info","msg":"{\"ev\":\"req\",\"route\":\"problem_detail\",\"status\":200,\"t\":1791351741972,\"ms\":8.3}","source":"console","time":"2026-10-07T05:42:21Z"}
{"level":"info","msg":"{\"ev\":\"req\",\"route\":\"problem_list\",\"status\":200,\"t\":1791351742168,\"ms\":4.5}","source":"console","time":"2026-10-07T05:42:22Z"}
{"level":"info","msg":"{\"ev\":\"req\",\"route\":\"history\",\"status\":503,\"t\":1791351742268,\"ms\":2004.3}","source":"console","time":"2026-10-07T05:42:22Z"}
{"level":"info","msg":"{\"ev\":\"req\",\"route\":\"problem_detail\",\"status\":200,\"t\":1791351742271,\"ms\":7.2}","source":"console","time":"2026-10-07T05:42:22Z"}
{"level":"info","msg":"{\"ev\":\"req\",\"route\":\"problem_list\",\"status\":200,\"t\":1791351742474,\"ms\":9.4}","source":"console","time":"2026-10-07T05:42:22Z"}
{"level":"info","msg":"{\"ev\":\"req\",\"route\":\"history\",\"status\":503,\"t\":1791351742568,\"ms\":2004.2}","source":"console","time":"2026-10-07T05:42:22Z"}
{"level":"info","msg":"{\"ev\":\"req\",\"route\":\"problem_detail\",\"status\":200,\"t\":1791351742573,\"ms\":9}","source":"console","time":"2026-10-07T05:42:22Z"}
{"level":"info","msg":"{\"ev\":\"req\",\"route\":\"submit\",\"status\":503,\"t\":1791351742668,\"ms\":2004.3}","source":"console","time":"2026-10-07T05:42:22Z"}
{"level":"info","msg":"{\"ev\":\"rejected\",\"status\":503,\"t\":1791351742669}","source":"console","time":"2026-10-07T05:42:22Z"}
{"level":"info","msg":"{\"ev\":\"req\",\"route\":\"problem_list\",\"status\":200,\"t\":1791351742772,\"ms\":8.4}","source":"console","time":"2026-10-07T05:42:22Z"}
{"level":"info","msg":"{\"ev\":\"req\",\"route\":\"history\",\"status\":503,\"t\":1791351742869,\"ms\":2004.4}","source":"console","time":"2026-10-07T05:42:22Z"}
{"level":"info","msg":"{\"ev\":\"req\",\"route\":\"problem_detail\",\"status\":200,\"t\":1791351742873,\"ms\":8.3}","source":"console","time":"2026-10-07T05:42:22Z"}
{"level":"info","msg":"{\"ev\":\"req\",\"route\":\"problem_list\",\"status\":200,\"t\":1791351743073,\"ms\":9.2}","source":"console","time":"2026-10-07T05:42:23Z"}
{"level":"info","msg":"{\"ev\":\"req\",\"route\":\"history\",\"status\":503,\"t\":1791351743167,\"ms\":2002.5}","source":"console","time":"2026-10-07T05:42:23Z"}
{"level":"info","msg":"{\"ev\":\"req\",\"route\":\"problem_detail\",\"status\":200,\"t\":1791351743171,\"ms\":7.9}","source":"console","time":"2026-10-07T05:42:23Z"}
{"level":"info","msg":"{\"ev\":\"req\",\"route\":\"problem_list\",\"status\":200,\"t\":1791351743373,\"ms\":8.6}","source":"console","time":"2026-10-07T05:42:23Z"}
{"level":"info","msg":"{\"ev\":\"req\",\"route\":\"history\",\"status\":503,\"t\":1791351743468,\"ms\":2003.6}","source":"console","time":"2026-10-07T05:42:23Z"}
{"level":"info","msg":"{\"ev\":\"req\",\"route\":\"problem_detail\",\"status\":200,\"t\":1791351743471,\"ms\":6.9}","source":"console","time":"2026-10-07T05:42:23Z"}
{"level":"info","msg":"{\"ev\":\"req\",\"route\":\"problem_list\",\"status\":200,\"t\":1791351743673,\"ms\":8.9}","source":"console","time":"2026-10-07T05:42:23Z"}
{"level":"info","msg":"{\"ev\":\"req\",\"route\":\"problem_detail\",\"status\":200,\"t\":1791351743767,\"ms\":3.1}","source":"console","time":"2026-10-07T05:42:23Z"}
{"level":"info","msg":"{\"ev\":\"req\",\"route\":\"history\",\"status\":503,\"t\":1791351743767,\"ms\":2003.3}","source":"console","time":"2026-10-07T05:42:23Z"}
{"level":"info","msg":"{\"ev\":\"req\",\"route\":\"problem_list\",\"status\":200,\"t\":1791351743967,\"ms\":3.5}","source":"console","time":"2026-10-07T05:42:23Z"}
{"level":"info","msg":"{\"ev\":\"req\",\"route\":\"history\",\"status\":503,\"t\":1791351744067,\"ms\":2003.7}","source":"console","time":"2026-10-07T05:42:24Z"}
{"level":"info","msg":"{\"ev\":\"req\",\"route\":\"problem_detail\",\"status\":200,\"t\":1791351744068,\"ms\":3.9}","source":"console","time":"2026-10-07T05:42:24Z"}
{"level":"info","msg":"{\"ev\":\"req\",\"route\":\"problem_list\",\"status\":200,\"t\":1791351744269,\"ms\":5.2}","source":"console","time":"2026-10-07T05:42:24Z"}
{"level":"info","msg":"{\"ev\":\"req\",\"route\":\"submit\",\"status\":503,\"t\":1791351744335,\"ms\":2003.9}","source":"console","time":"2026-10-07T05:42:24Z"}
{"level":"info","msg":"{\"ev\":\"rejected\",\"status\":503,\"t\":1791351744335}","source":"console","time":"2026-10-07T05:42:24Z"}
{"level":"info","msg":"{\"ev\":\"req\",\"route\":\"history\",\"status\":503,\"t\":1791351744368,\"ms\":2003.9}","source":"console","time":"2026-10-07T05:42:24Z"}
{"level":"info","msg":"{\"ev\":\"req\",\"route\":\"problem_detail\",\"status\":200,\"t\":1791351744368,\"ms\":4.2}","source":"console","time":"2026-10-07T05:42:24Z"}
{"level":"info","msg":"{\"ev\":\"req\",\"route\":\"problem_list\",\"status\":200,\"t\":1791351744574,\"ms\":9.3}","source":"console","time":"2026-10-07T05:42:24Z"}
{"level":"info","msg":"{\"ev\":\"req\",\"route\":\"history\",\"status\":503,\"t\":1791351744669,\"ms\":2005.4}","source":"console","time":"2026-10-07T05:42:24Z"}
{"level":"info","msg":"{\"ev\":\"req\",\"route\":\"problem_detail\",\"status\":200,\"t\":1791351744673,\"ms\":8.9}","source":"console","time":"2026-10-07T05:42:24Z"}
{"level":"info","msg":"{\"ev\":\"req\",\"route\":\"history\",\"status\":500,\"t\":1791351744795,\"ms\":931.2}","source":"console","time":"2026-10-07T05:42:24Z"}
{"level":"info","msg":"{\"ev\":\"req\",\"route\":\"submit\",\"status\":500,\"t\":1791351744795,\"ms\":798.6}","source":"console","time":"2026-10-07T05:42:24Z"}
{"level":"info","msg":"{\"ev\":\"rejected\",\"status\":500,\"t\":1791351744796}","source":"console","time":"2026-10-07T05:42:24Z"}
{"level":"info","msg":"{\"ev\":\"req\",\"route\":\"history\",\"status\":500,\"t\":1791351744796,\"ms\":1831.7}","source":"console","time":"2026-10-07T05:42:24Z"}
{"level":"info","msg":"{\"ev\":\"req\",\"route\":\"history\",\"status\":500,\"t\":1791351744796,\"ms\":1231.9}","source":"console","time":"2026-10-07T05:42:24Z"}
{"level":"info","msg":"{\"ev\":\"req\",\"route\":\"history\",\"status\":500,\"t\":1791351744796,\"ms\":32.3}","source":"console","time":"2026-10-07T05:42:24Z"}
{"level":"info","msg":"{\"ev\":\"req\",\"route\":\"history\",\"status\":500,\"t\":1791351744796,\"ms\":632.2}","source":"console","time":"2026-10-07T05:42:24Z"}
{"level":"info","msg":"{\"ev\":\"req\",\"route\":\"history\",\"status\":500,\"t\":1791351744796,\"ms\":332}","source":"console","time":"2026-10-07T05:42:24Z"}
{"level":"info","msg":"{\"ev\":\"req\",\"route\":\"history\",\"status\":500,\"t\":1791351744796,\"ms\":1532}","source":"console","time":"2026-10-07T05:42:24Z"}
{"level":"info","msg":"{\"ev\":\"req\",\"route\":\"problem_list\",\"status\":200,\"t\":1791351744873,\"ms\":8.3}","source":"console","time":"2026-10-07T05:42:24Z"}
{"level":"info","msg":"{\"ev\":\"req\",\"route\":\"problem_detail\",\"status\":200,\"t\":1791351744972,\"ms\":7.9}","source":"console","time":"2026-10-07T05:42:24Z"}
{"level":"info","msg":"{\"ev\":\"req\",\"route\":\"problem_list\",\"status\":200,\"t\":1791351745167,\"ms\":3.6}","source":"console","time":"2026-10-07T05:42:25Z"}
{"level":"info","msg":"{\"ev\":\"req\",\"route\":\"problem_detail\",\"status\":200,\"t\":1791351745267,\"ms\":3.8}","source":"console","time":"2026-10-07T05:42:25Z"}
{"level":"info","msg":"{\"ev\":\"req\",\"route\":\"problem_list\",\"status\":200,\"t\":1791351745473,\"ms\":9.4}","source":"console","time":"2026-10-07T05:42:25Z"}
{"level":"info","msg":"{\"ev\":\"req\",\"route\":\"problem_detail\",\"status\":200,\"t\":1791351745573,\"ms\":8.5}","source":"console","time":"2026-10-07T05:42:25Z"}
{"level":"info","msg":"{\"ev\":\"req\",\"route\":\"problem_list\",\"status\":200,\"t\":1791351745773,\"ms\":9.3}","source":"console","time":"2026-10-07T05:42:25Z"}
{"level":"info","msg":"{\"ev\":\"req\",\"route\":\"problem_detail\",\"status\":200,\"t\":1791351745873,\"ms\":8.5}","source":"console","time":"2026-10-07T05:42:25Z"}
{"level":"info","msg":"{\"ev\":\"req\",\"route\":\"problem_list\",\"status\":200,\"t\":1791351746073,\"ms\":8.7}","source":"console","time":"2026-10-07T05:42:26Z"}
{"level":"info","msg":"{\"ev\":\"req\",\"route\":\"problem_detail\",\"status\":200,\"t\":1791351746168,\"ms\":4.3}","source":"console","time":"2026-10-07T05:42:26Z"}
{"level":"info","msg":"{\"ev\":\"req\",\"route\":\"problem_list\",\"status\":200,\"t\":1791351746375,\"ms\":10.1}","source":"console","time":"2026-10-07T05:42:26Z"}
{"level":"info","msg":"{\"ev\":\"req\",\"route\":\"problem_detail\",\"status\":200,\"t\":1791351746467,\"ms\":3.3}","source":"console","time":"2026-10-07T05:42:26Z"}
{"level":"info","msg":"{\"ev\":\"req\",\"route\":\"problem_list\",\"status\":200,\"t\":1791351746673,\"ms\":8.8}","source":"console","time":"2026-10-07T05:42:26Z"}
{"level":"info","msg":"{\"ev\":\"req\",\"route\":\"problem_detail\",\"status\":200,\"t\":1791351746769,\"ms\":5.7}","source":"console","time":"2026-10-07T05:42:26Z"}
{"level":"info","msg":"{\"ev\":\"req\",\"route\":\"problem_list\",\"status\":200,\"t\":1791351746967,\"ms\":3.1}","source":"console","time":"2026-10-07T05:42:26Z"}
{"level":"info","msg":"{\"ev\":\"req\",\"route\":\"history\",\"status\":503,\"t\":1791351747068,\"ms\":2004.1}","source":"console","time":"2026-10-07T05:42:27Z"}
{"level":"info","msg":"{\"ev\":\"req\",\"route\":\"problem_detail\",\"status\":200,\"t\":1791351747078,\"ms\":13.2}","source":"console","time":"2026-10-07T05:42:27Z"}
{"level":"info","msg":"{\"ev\":\"req\",\"route\":\"problem_list\",\"status\":200,\"t\":1791351747270,\"ms\":6.2}","source":"console","time":"2026-10-07T05:42:27Z"}
{"level":"info","msg":"{\"ev\":\"req\",\"route\":\"history\",\"status\":503,\"t\":1791351747369,\"ms\":2004.7}","source":"console","time":"2026-10-07T05:42:27Z"}
{"level":"info","msg":"{\"ev\":\"req\",\"route\":\"problem_detail\",\"status\":200,\"t\":1791351747371,\"ms\":7.4}","source":"console","time":"2026-10-07T05:42:27Z"}
{"level":"info","msg":"{\"ev\":\"req\",\"route\":\"problem_list\",\"status\":200,\"t\":1791351747573,\"ms\":9.1}","source":"console","time":"2026-10-07T05:42:27Z"}
{"level":"info","msg":"{\"ev\":\"req\",\"route\":\"problem_detail\",\"status\":200,\"t\":1791351747667,\"ms\":3.6}","source":"console","time":"2026-10-07T05:42:27Z"}
{"level":"info","msg":"{\"ev\":\"req\",\"route\":\"history\",\"status\":503,\"t\":1791351747668,\"ms\":2003.9}","source":"console","time":"2026-10-07T05:42:27Z"}
{"level":"info","msg":"{\"ev\":\"req\",\"route\":\"submit\",\"status\":503,\"t\":1791351747668,\"ms\":2004}","source":"console","time":"2026-10-07T05:42:27Z"}
{"level":"info","msg":"{\"ev\":\"rejected\",\"status\":503,\"t\":1791351747668}","source":"console","time":"2026-10-07T05:42:27Z"}
{"level":"info","msg":"{\"ev\":\"req\",\"route\":\"problem_list\",\"status\":200,\"t\":1791351747873,\"ms\":9}","source":"console","time":"2026-10-07T05:42:27Z"}
{"level":"info","msg":"{\"ev\":\"req\",\"route\":\"history\",\"status\":503,\"t\":1791351747967,\"ms\":2003}","source":"console","time":"2026-10-07T05:42:27Z"}
{"level":"info","msg":"{\"ev\":\"req\",\"route\":\"problem_detail\",\"status\":200,\"t\":1791351747967,\"ms\":3.9}","source":"console","time":"2026-10-07T05:42:27Z"}
{"level":"info","msg":"{\"ev\":\"req\",\"route\":\"history\",\"status\":500,\"t\":1791351748123,\"ms\":1858.6}","source":"console","time":"2026-10-07T05:42:28Z"}
{"level":"info","msg":"{\"ev\":\"req\",\"route\":\"submit\",\"status\":500,\"t\":1791351748123,\"ms\":792.2}","source":"console","time":"2026-10-07T05:42:28Z"}
{"level":"info","msg":"{\"ev\":\"rejected\",\"status\":500,\"t\":1791351748123}","source":"console","time":"2026-10-07T05:42:28Z"}
{"level":"info","msg":"{\"ev\":\"req\",\"route\":\"history\",\"status\":500,\"t\":1791351748123,\"ms\":959.5}","source":"console","time":"2026-10-07T05:42:28Z"}
{"level":"info","msg":"{\"ev\":\"req\",\"route\":\"history\",\"status\":500,\"t\":1791351748123,\"ms\":1559.3}","source":"console","time":"2026-10-07T05:42:28Z"}
{"level":"info","msg":"{\"ev\":\"req\",\"route\":\"history\",\"status\":500,\"t\":1791351748123,\"ms\":358.9}","source":"console","time":"2026-10-07T05:42:28Z"}
{"level":"info","msg":"{\"ev\":\"req\",\"route\":\"history\",\"status\":500,\"t\":1791351748123,\"ms\":59.6}","source":"console","time":"2026-10-07T05:42:28Z"}
{"level":"info","msg":"{\"ev\":\"req\",\"route\":\"history\",\"status\":500,\"t\":1791351748123,\"ms\":1259.7}","source":"console","time":"2026-10-07T05:42:28Z"}
{"level":"info","msg":"{\"ev\":\"req\",\"route\":\"history\",\"status\":500,\"t\":1791351748124,\"ms\":659.9}","source":"console","time":"2026-10-07T05:42:28Z"}
{"level":"info","msg":"{\"ev\":\"req\",\"route\":\"problem_list\",\"status\":200,\"t\":1791351748173,\"ms\":8.3}","source":"console","time":"2026-10-07T05:42:28Z"}
{"level":"info","msg":"{\"ev\":\"req\",\"route\":\"problem_detail\",\"status\":200,\"t\":1791351748272,\"ms\":7.7}","source":"console","time":"2026-10-07T05:42:28Z"}
{"level":"info","msg":"{\"ev\":\"req\",\"route\":\"problem_list\",\"status\":200,\"t\":1791351748474,\"ms\":10.2}","source":"console","time":"2026-10-07T05:42:28Z"}
{"level":"info","msg":"{\"ev\":\"req\",\"route\":\"problem_detail\",\"status\":200,\"t\":1791351748571,\"ms\":7.7}","source":"console","time":"2026-10-07T05:42:28Z"}
{"level":"info","msg":"{\"ev\":\"req\",\"route\":\"problem_list\",\"status\":200,\"t\":1791351748774,\"ms\":10}","source":"console","time":"2026-10-07T05:42:28Z"}
{"level":"info","msg":"{\"ev\":\"req\",\"route\":\"problem_detail\",\"status\":200,\"t\":1791351748871,\"ms\":7.6}","source":"console","time":"2026-10-07T05:42:28Z"}
{"level":"info","msg":"{\"ev\":\"req\",\"route\":\"problem_list\",\"status\":200,\"t\":1791351749073,\"ms\":8.7}","source":"console","time":"2026-10-07T05:42:29Z"}
{"level":"info","msg":"{\"ev\":\"req\",\"route\":\"problem_detail\",\"status\":200,\"t\":1791351749172,\"ms\":7.3}","source":"console","time":"2026-10-07T05:42:29Z"}
{"level":"info","msg":"{\"ev\":\"req\",\"route\":\"problem_list\",\"status\":200,\"t\":1791351749373,\"ms\":9}","source":"console","time":"2026-10-07T05:42:29Z"}
{"level":"info","msg":"{\"ev\":\"req\",\"route\":\"problem_detail\",\"status\":200,\"t\":1791351749467,\"ms\":3.4}","source":"console","time":"2026-10-07T05:42:29Z"}
{"level":"info","msg":"{\"ev\":\"req\",\"route\":\"problem_list\",\"status\":200,\"t\":1791351749672,\"ms\":8}","source":"console","time":"2026-10-07T05:42:29Z"}
{"level":"info","msg":"{\"ev\":\"req\",\"route\":\"problem_detail\",\"status\":200,\"t\":1791351749767,\"ms\":3.3}","source":"console","time":"2026-10-07T05:42:29Z"}
{"level":"info","msg":"{\"ev\":\"req\",\"route\":\"problem_list\",\"status\":200,\"t\":1791351749968,\"ms\":3.8}","source":"console","time":"2026-10-07T05:42:29Z"}
{"level":"info","msg":"{\"ev\":\"req\",\"route\":\"problem_detail\",\"status\":200,\"t\":1791351750068,\"ms\":3.8}","source":"console","time":"2026-10-07T05:42:30Z"}
{"level":"info","msg":"{\"ev\":\"req\",\"route\":\"problem_list\",\"status\":200,\"t\":1791351750273,\"ms\":8.3}","source":"console","time":"2026-10-07T05:42:30Z"}
{"level":"info","msg":"{\"ev\":\"req\",\"route\":\"history\",\"status\":503,\"t\":1791351750369,\"ms\":2004.4}","source":"console","time":"2026-10-07T05:42:30Z"}
{"level":"info","msg":"{\"ev\":\"req\",\"route\":\"problem_detail\",\"status\":200,\"t\":1791351750371,\"ms\":7}","source":"console","time":"2026-10-07T05:42:30Z"}
{"level":"info","msg":"{\"ev\":\"req\",\"route\":\"problem_list\",\"status\":200,\"t\":1791351750573,\"ms\":9.3}","source":"console","time":"2026-10-07T05:42:30Z"}
{"level":"info","msg":"{\"ev\":\"req\",\"route\":\"history\",\"status\":503,\"t\":1791351750668,\"ms\":2004.4}","source":"console","time":"2026-10-07T05:42:30Z"}
{"level":"info","msg":"{\"ev\":\"req\",\"route\":\"problem_detail\",\"status\":200,\"t\":1791351750672,\"ms\":8}","source":"console","time":"2026-10-07T05:42:30Z"}
{"level":"info","msg":"{\"ev\":\"req\",\"route\":\"problem_list\",\"status\":200,\"t\":1791351750872,\"ms\":8.3}","source":"console","time":"2026-10-07T05:42:30Z"}
{"level":"info","msg":"{\"ev\":\"req\",\"route\":\"history\",\"status\":503,\"t\":1791351750967,\"ms\":2003.3}","source":"console","time":"2026-10-07T05:42:30Z"}
{"level":"info","msg":"{\"ev\":\"req\",\"route\":\"problem_detail\",\"status\":200,\"t\":1791351750968,\"ms\":4.5}","source":"console","time":"2026-10-07T05:42:30Z"}
{"level":"info","msg":"{\"ev\":\"req\",\"route\":\"submit\",\"status\":503,\"t\":1791351751002,\"ms\":2004.7}","source":"console","time":"2026-10-07T05:42:31Z"}
{"level":"info","msg":"{\"ev\":\"rejected\",\"status\":503,\"t\":1791351751003}","source":"console","time":"2026-10-07T05:42:31Z"}
{"level":"info","msg":"{\"ev\":\"req\",\"route\":\"problem_list\",\"status\":200,\"t\":1791351751172,\"ms\":8.3}","source":"console","time":"2026-10-07T05:42:31Z"}
{"level":"info","msg":"{\"ev\":\"req\",\"route\":\"history\",\"status\":503,\"t\":1791351751268,\"ms\":2004}","source":"console","time":"2026-10-07T05:42:31Z"}
{"level":"info","msg":"{\"ev\":\"req\",\"route\":\"problem_detail\",\"status\":200,\"t\":1791351751272,\"ms\":8}","source":"console","time":"2026-10-07T05:42:31Z"}
{"level":"info","msg":"{\"ev\":\"req\",\"route\":\"history\",\"status\":500,\"t\":1791351751451,\"ms\":686.5}","source":"console","time":"2026-10-07T05:42:31Z"}
{"level":"info","msg":"{\"ev\":\"req\",\"route\":\"history\",\"status\":500,\"t\":1791351751451,\"ms\":1586.4}","source":"console","time":"2026-10-07T05:42:31Z"}
{"level":"info","msg":"{\"ev\":\"req\",\"route\":\"history\",\"status\":500,\"t\":1791351751451,\"ms\":1886.9}","source":"console","time":"2026-10-07T05:42:31Z"}
{"level":"info","msg":"{\"ev\":\"req\",\"route\":\"history\",\"status\":500,\"t\":1791351751451,\"ms\":987.4}","source":"console","time":"2026-10-07T05:42:31Z"}
{"level":"info","msg":"{\"ev\":\"req\",\"route\":\"history\",\"status\":500,\"t\":1791351751451,\"ms\":1287.2}","source":"console","time":"2026-10-07T05:42:31Z"}
{"level":"info","msg":"{\"ev\":\"req\",\"route\":\"submit\",\"status\":500,\"t\":1791351751451,\"ms\":787}","source":"console","time":"2026-10-07T05:42:31Z"}
{"level":"info","msg":"{\"ev\":\"req\",\"route\":\"history\",\"status\":500,\"t\":1791351751451,\"ms\":87.7}","source":"console","time":"2026-10-07T05:42:31Z"}
{"level":"info","msg":"{\"ev\":\"rejected\",\"status\":500,\"t\":1791351751451}","source":"console","time":"2026-10-07T05:42:31Z"}
{"level":"info","msg":"{\"ev\":\"req\",\"route\":\"history\",\"status\":500,\"t\":1791351751451,\"ms\":388.2}","source":"console","time":"2026-10-07T05:42:31Z"}
{"level":"info","msg":"{\"ev\":\"req\",\"route\":\"problem_list\",\"status\":200,\"t\":1791351751471,\"ms\":6.5}","source":"console","time":"2026-10-07T05:42:31Z"}
{"level":"info","msg":"{\"ev\":\"req\",\"route\":\"problem_detail\",\"status\":200,\"t\":1791351751571,\"ms\":6.9}","source":"console","time":"2026-10-07T05:42:31Z"}
{"level":"info","msg":"{\"ev\":\"req\",\"route\":\"problem_list\",\"status\":200,\"t\":1791351751773,\"ms\":8.4}","source":"console","time":"2026-10-07T05:42:31Z"}
{"level":"info","msg":"{\"ev\":\"req\",\"route\":\"problem_detail\",\"status\":200,\"t\":1791351751872,\"ms\":8.6}","source":"console","time":"2026-10-07T05:42:31Z"}
{"level":"info","msg":"{\"ev\":\"req\",\"route\":\"problem_list\",\"status\":200,\"t\":1791351752071,\"ms\":6.2}","source":"console","time":"2026-10-07T05:42:32Z"}
{"level":"info","msg":"{\"ev\":\"req\",\"route\":\"problem_detail\",\"status\":200,\"t\":1791351752167,\"ms\":3.7}","source":"console","time":"2026-10-07T05:42:32Z"}
{"level":"info","msg":"{\"ev\":\"req\",\"route\":\"problem_list\",\"status\":200,\"t\":1791351752372,\"ms\":8.1}","source":"console","time":"2026-10-07T05:42:32Z"}
{"level":"info","msg":"{\"ev\":\"req\",\"route\":\"problem_detail\",\"status\":200,\"t\":1791351752467,\"ms\":3.2}","source":"console","time":"2026-10-07T05:42:32Z"}
{"level":"info","msg":"{\"ev\":\"req\",\"route\":\"problem_list\",\"status\":200,\"t\":1791351752673,\"ms\":8.1}","source":"console","time":"2026-10-07T05:42:32Z"}
{"level":"info","msg":"{\"ev\":\"req\",\"route\":\"problem_detail\",\"status\":200,\"t\":1791351752773,\"ms\":8.3}","source":"console","time":"2026-10-07T05:42:32Z"}
{"level":"info","msg":"{\"ev\":\"req\",\"route\":\"problem_list\",\"status\":200,\"t\":1791351752967,\"ms\":4}","source":"console","time":"2026-10-07T05:42:32Z"}
{"level":"info","msg":"{\"ev\":\"req\",\"route\":\"problem_detail\",\"status\":200,\"t\":1791351753067,\"ms\":3}","source":"console","time":"2026-10-07T05:42:33Z"}
{"level":"info","msg":"{\"ev\":\"req\",\"route\":\"problem_list\",\"status\":200,\"t\":1791351753267,\"ms\":3.3}","source":"console","time":"2026-10-07T05:42:33Z"}
{"level":"info","msg":"{\"ev\":\"req\",\"route\":\"problem_detail\",\"status\":200,\"t\":1791351753367,\"ms\":2.9}","source":"console","time":"2026-10-07T05:42:33Z"}
{"level":"info","msg":"{\"ev\":\"req\",\"route\":\"problem_list\",\"status\":200,\"t\":1791351753573,\"ms\":8.9}","source":"console","time":"2026-10-07T05:42:33Z"}
{"level":"info","msg":"{\"ev\":\"req\",\"route\":\"history\",\"status\":503,\"t\":1791351753668,\"ms\":2004}","source":"console","time":"2026-10-07T05:42:33Z"}
{"level":"info","msg":"{\"ev\":\"req\",\"route\":\"problem_detail\",\"status\":200,\"t\":1791351753673,\"ms\":9.4}","source":"console","time":"2026-10-07T05:42:33Z"}
{"level":"info","msg":"{\"ev\":\"req\",\"route\":\"problem_list\",\"status\":200,\"t\":1791351753872,\"ms\":8.6}","source":"console","time":"2026-10-07T05:42:33Z"}
{"level":"info","msg":"{\"ev\":\"req\",\"route\":\"history\",\"status\":503,\"t\":1791351753969,\"ms\":2005}","source":"console","time":"2026-10-07T05:42:33Z"}
{"level":"info","msg":"{\"ev\":\"req\",\"route\":\"problem_detail\",\"status\":200,\"t\":1791351753971,\"ms\":7.3}","source":"console","time":"2026-10-07T05:42:33Z"}
{"level":"info","msg":"{\"ev\":\"req\",\"route\":\"problem_list\",\"status\":200,\"t\":1791351754171,\"ms\":7.1}","source":"console","time":"2026-10-07T05:42:34Z"}
{"level":"info","msg":"{\"ev\":\"req\",\"route\":\"history\",\"status\":503,\"t\":1791351754269,\"ms\":2004.5}","source":"console","time":"2026-10-07T05:42:34Z"}
{"level":"info","msg":"{\"ev\":\"req\",\"route\":\"problem_detail\",\"status\":200,\"t\":1791351754272,\"ms\":8.9}","source":"console","time":"2026-10-07T05:42:34Z"}
{"level":"info","msg":"{\"ev\":\"req\",\"route\":\"submit\",\"status\":503,\"t\":1791351754335,\"ms\":2004.1}","source":"console","time":"2026-10-07T05:42:34Z"}
{"level":"info","msg":"{\"ev\":\"rejected\",\"status\":503,\"t\":1791351754335}","source":"console","time":"2026-10-07T05:42:34Z"}
{"level":"info","msg":"{\"ev\":\"req\",\"route\":\"problem_list\",\"status\":200,\"t\":1791351754469,\"ms\":5.2}","source":"console","time":"2026-10-07T05:42:34Z"}
{"level":"info","msg":"{\"ev\":\"req\",\"route\":\"history\",\"status\":503,\"t\":1791351754567,\"ms\":2002.8}","source":"console","time":"2026-10-07T05:42:34Z"}
{"level":"info","msg":"{\"ev\":\"req\",\"route\":\"problem_detail\",\"status\":200,\"t\":1791351754572,\"ms\":7.7}","source":"console","time":"2026-10-07T05:42:34Z"}
{"level":"info","msg":"{\"ev\":\"req\",\"route\":\"problem_list\",\"status\":200,\"t\":1791351754767,\"ms\":3.3}","source":"console","time":"2026-10-07T05:42:34Z"}
{"level":"info","msg":"{\"ev\":\"req\",\"route\":\"history\",\"status\":500,\"t\":1791351754779,\"ms\":1914.9}","source":"console","time":"2026-10-07T05:42:34Z"}
{"level":"info","msg":"{\"ev\":\"req\",\"route\":\"history\",\"status\":500,\"t\":1791351754779,\"ms\":1614.6}","source":"console","time":"2026-10-07T05:42:34Z"}
{"level":"info","msg":"{\"ev\":\"req\",\"route\":\"history\",\"status\":500,\"t\":1791351754779,\"ms\":1314.8}","source":"console","time":"2026-10-07T05:42:34Z"}
{"level":"info","msg":"{\"ev\":\"req\",\"route\":\"history\",\"status\":500,\"t\":1791351754779,\"ms\":1015.2}","source":"console","time":"2026-10-07T05:42:34Z"}
{"level":"info","msg":"{\"ev\":\"req\",\"route\":\"history\",\"status\":500,\"t\":1791351754779,\"ms\":714.6}","source":"console","time":"2026-10-07T05:42:34Z"}
{"level":"info","msg":"{\"ev\":\"req\",\"route\":\"history\",\"status\":500,\"t\":1791351754779,\"ms\":114.4}","source":"console","time":"2026-10-07T05:42:34Z"}
{"level":"info","msg":"{\"ev\":\"req\",\"route\":\"submit\",\"status\":500,\"t\":1791351754779,\"ms\":781.4}","source":"console","time":"2026-10-07T05:42:34Z"}
{"level":"info","msg":"{\"ev\":\"req\",\"route\":\"history\",\"status\":500,\"t\":1791351754779,\"ms\":415.5}","source":"console","time":"2026-10-07T05:42:34Z"}
{"level":"info","msg":"{\"ev\":\"rejected\",\"status\":500,\"t\":1791351754779}","source":"console","time":"2026-10-07T05:42:34Z"}
{"level":"info","msg":"{\"ev\":\"req\",\"route\":\"problem_detail\",\"status\":200,\"t\":1791351754868,\"ms\":4.3}","source":"console","time":"2026-10-07T05:42:34Z"}
{"level":"info","msg":"{\"ev\":\"req\",\"route\":\"problem_list\",\"status\":200,\"t\":1791351755067,\"ms\":4.2}","source":"console","time":"2026-10-07T05:42:35Z"}
{"level":"info","msg":"{\"ev\":\"req\",\"route\":\"problem_detail\",\"status\":200,\"t\":1791351755168,\"ms\":3.4}","source":"console","time":"2026-10-07T05:42:35Z"}
{"level":"info","msg":"{\"ev\":\"req\",\"route\":\"problem_list\",\"status\":200,\"t\":1791351755368,\"ms\":4.3}","source":"console","time":"2026-10-07T05:42:35Z"}
{"level":"info","msg":"{\"ev\":\"req\",\"route\":\"problem_detail\",\"status\":200,\"t\":1791351755467,\"ms\":3.1}","source":"console","time":"2026-10-07T05:42:35Z"}
{"level":"info","msg":"{\"ev\":\"req\",\"route\":\"problem_list\",\"status\":200,\"t\":1791351755673,\"ms\":8.6}","source":"console","time":"2026-10-07T05:42:35Z"}
{"level":"info","msg":"{\"ev\":\"req\",\"route\":\"problem_detail\",\"status\":200,\"t\":1791351755773,\"ms\":8.4}","source":"console","time":"2026-10-07T05:42:35Z"}
{"level":"info","msg":"{\"ev\":\"req\",\"route\":\"problem_list\",\"status\":200,\"t\":1791351755973,\"ms\":9.6}","source":"console","time":"2026-10-07T05:42:35Z"}
{"level":"info","msg":"{\"ev\":\"req\",\"route\":\"problem_detail\",\"status\":200,\"t\":1791351756072,\"ms\":7.3}","source":"console","time":"2026-10-07T05:42:36Z"}
{"level":"info","msg":"{\"ev\":\"req\",\"route\":\"problem_list\",\"status\":200,\"t\":1791351756272,\"ms\":7.9}","source":"console","time":"2026-10-07T05:42:36Z"}
{"level":"info","msg":"{\"ev\":\"req\",\"route\":\"problem_detail\",\"status\":200,\"t\":1791351756370,\"ms\":6}","source":"console","time":"2026-10-07T05:42:36Z"}
{"level":"info","msg":"{\"ev\":\"req\",\"route\":\"problem_list\",\"status\":200,\"t\":1791351756572,\"ms\":8.3}","source":"console","time":"2026-10-07T05:42:36Z"}
{"level":"info","msg":"{\"ev\":\"req\",\"route\":\"problem_detail\",\"status\":200,\"t\":1791351756671,\"ms\":7.4}","source":"console","time":"2026-10-07T05:42:36Z"}
{"level":"info","msg":"{\"ev\":\"req\",\"route\":\"problem_list\",\"status\":200,\"t\":1791351756872,\"ms\":8.1}","source":"console","time":"2026-10-07T05:42:36Z"}
{"level":"info","msg":"{\"ev\":\"req\",\"route\":\"history\",\"status\":503,\"t\":1791351756966,\"ms\":2002.7}","source":"console","time":"2026-10-07T05:42:36Z"}
{"level":"info","msg":"{\"ev\":\"req\",\"route\":\"problem_detail\",\"status\":200,\"t\":1791351756972,\"ms\":8.2}","source":"console","time":"2026-10-07T05:42:36Z"}
{"level":"info","msg":"{\"ev\":\"req\",\"route\":\"problem_list\",\"status\":200,\"t\":1791351757170,\"ms\":6.2}","source":"console","time":"2026-10-07T05:42:37Z"}
{"level":"info","msg":"{\"ev\":\"req\",\"route\":\"history\",\"status\":503,\"t\":1791351757267,\"ms\":2003}","source":"console","time":"2026-10-07T05:42:37Z"}
{"level":"info","msg":"{\"ev\":\"req\",\"route\":\"problem_detail\",\"status\":200,\"t\":1791351757272,\"ms\":7.5}","source":"console","time":"2026-10-07T05:42:37Z"}
{"level":"info","msg":"{\"ev\":\"req\",\"route\":\"problem_list\",\"status\":200,\"t\":1791351757473,\"ms\":8.9}","source":"console","time":"2026-10-07T05:42:37Z"}
{"level":"info","msg":"{\"ev\":\"req\",\"route\":\"history\",\"status\":503,\"t\":1791351757569,\"ms\":2004.2}","source":"console","time":"2026-10-07T05:42:37Z"}
{"level":"info","msg":"{\"ev\":\"req\",\"route\":\"problem_detail\",\"status\":200,\"t\":1791351757571,\"ms\":7.4}","source":"console","time":"2026-10-07T05:42:37Z"}
{"level":"info","msg":"{\"ev\":\"req\",\"route\":\"submit\",\"status\":503,\"t\":1791351757668,\"ms\":2004.1}","source":"console","time":"2026-10-07T05:42:37Z"}
{"level":"info","msg":"{\"ev\":\"rejected\",\"status\":503,\"t\":1791351757669}","source":"console","time":"2026-10-07T05:42:37Z"}
{"level":"info","msg":"{\"ev\":\"req\",\"route\":\"problem_list\",\"status\":200,\"t\":1791351757769,\"ms\":5.9}","source":"console","time":"2026-10-07T05:42:37Z"}
{"level":"info","msg":"{\"ev\":\"req\",\"route\":\"history\",\"status\":503,\"t\":1791351757868,\"ms\":2004.2}","source":"console","time":"2026-10-07T05:42:37Z"}
{"level":"info","msg":"{\"ev\":\"req\",\"route\":\"problem_detail\",\"status\":200,\"t\":1791351757872,\"ms\":8.2}","source":"console","time":"2026-10-07T05:42:37Z"}
{"level":"info","msg":"{\"ev\":\"req\",\"route\":\"submit\",\"status\":500,\"t\":1791351758043,\"ms\":711.8}","source":"console","time":"2026-10-07T05:42:38Z"}
{"level":"info","msg":"{\"ev\":\"req\",\"route\":\"history\",\"status\":500,\"t\":1791351758043,\"ms\":978.3}","source":"console","time":"2026-10-07T05:42:38Z"}
{"level":"info","msg":"{\"ev\":\"rejected\",\"status\":500,\"t\":1791351758043}","source":"console","time":"2026-10-07T05:42:38Z"}
{"level":"info","msg":"{\"ev\":\"req\",\"route\":\"history\",\"status\":500,\"t\":1791351758043,\"ms\":79.3}","source":"console","time":"2026-10-07T05:42:38Z"}
{"level":"info","msg":"{\"ev\":\"req\",\"route\":\"history\",\"status\":500,\"t\":1791351758043,\"ms\":379.4}","source":"console","time":"2026-10-07T05:42:38Z"}
{"level":"info","msg":"{\"ev\":\"req\",\"route\":\"history\",\"status\":500,\"t\":1791351758043,\"ms\":1279.1}","source":"console","time":"2026-10-07T05:42:38Z"}
{"level":"info","msg":"{\"ev\":\"req\",\"route\":\"history\",\"status\":500,\"t\":1791351758043,\"ms\":1879.4}","source":"console","time":"2026-10-07T05:42:38Z"}
{"level":"info","msg":"{\"ev\":\"req\",\"route\":\"history\",\"status\":500,\"t\":1791351758043,\"ms\":679.2}","source":"console","time":"2026-10-07T05:42:38Z"}
{"level":"info","msg":"{\"ev\":\"req\",\"route\":\"history\",\"status\":500,\"t\":1791351758043,\"ms\":1579.5}","source":"console","time":"2026-10-07T05:42:38Z"}
{"level":"info","msg":"{\"ev\":\"req\",\"route\":\"problem_list\",\"status\":200,\"t\":1791351758072,\"ms\":8.3}","source":"console","time":"2026-10-07T05:42:38Z"}
{"level":"info","msg":"{\"ev\":\"req\",\"route\":\"problem_detail\",\"status\":200,\"t\":1791351758167,\"ms\":3.3}","source":"console","time":"2026-10-07T05:42:38Z"}
{"level":"info","msg":"{\"ev\":\"req\",\"route\":\"history\",\"status\":503,\"t\":1791351758265,\"ms\":1.8}","source":"console","time":"2026-10-07T05:42:38Z"}
{"level":"info","msg":"{\"ev\":\"req\",\"route\":\"problem_list\",\"status\":200,\"t\":1791351758367,\"ms\":3.2}","source":"console","time":"2026-10-07T05:42:38Z"}
{"level":"info","msg":"{\"ev\":\"req\",\"route\":\"problem_detail\",\"status\":200,\"t\":1791351758467,\"ms\":3.4}","source":"console","time":"2026-10-07T05:42:38Z"}
{"level":"info","msg":"{\"ev\":\"req\",\"route\":\"history\",\"status\":503,\"t\":1791351758566,\"ms\":1.7}","source":"console","time":"2026-10-07T05:42:38Z"}
{"level":"info","msg":"{\"ev\":\"req\",\"route\":\"problem_list\",\"status\":200,\"t\":1791351758668,\"ms\":3.9}","source":"console","time":"2026-10-07T05:42:38Z"}
{"level":"info","msg":"{\"ev\":\"req\",\"route\":\"problem_detail\",\"status\":200,\"t\":1791351758767,\"ms\":3.4}","source":"console","time":"2026-10-07T05:42:38Z"}
{"level":"info","msg":"{\"ev\":\"req\",\"route\":\"history\",\"status\":503,\"t\":1791351758866,\"ms\":2}","source":"console","time":"2026-10-07T05:42:38Z"}
{"level":"info","msg":"{\"ev\":\"req\",\"route\":\"problem_list\",\"status\":200,\"t\":1791351758968,\"ms\":4.6}","source":"console","time":"2026-10-07T05:42:38Z"}
{"level":"info","msg":"{\"ev\":\"req\",\"route\":\"submit\",\"status\":503,\"t\":1791351758999,\"ms\":2.2}","source":"console","time":"2026-10-07T05:42:38Z"}
{"level":"info","msg":"{\"ev\":\"rejected\",\"status\":503,\"t\":1791351758999}","source":"console","time":"2026-10-07T05:42:38Z"}
{"level":"info","msg":"{\"ev\":\"req\",\"route\":\"problem_detail\",\"status\":200,\"t\":1791351759068,\"ms\":3.8}","source":"console","time":"2026-10-07T05:42:39Z"}
{"level":"info","msg":"{\"ev\":\"req\",\"route\":\"history\",\"status\":503,\"t\":1791351759165,\"ms\":2.2}","source":"console","time":"2026-10-07T05:42:39Z"}
{"level":"info","msg":"{\"ev\":\"req\",\"route\":\"problem_list\",\"status\":200,\"t\":1791351759268,\"ms\":3.8}","source":"console","time":"2026-10-07T05:42:39Z"}
{"level":"info","msg":"{\"ev\":\"req\",\"route\":\"problem_detail\",\"status\":200,\"t\":1791351759367,\"ms\":3.6}","source":"console","time":"2026-10-07T05:42:39Z"}
{"level":"info","msg":"{\"ev\":\"req\",\"route\":\"history\",\"status\":503,\"t\":1791351759466,\"ms\":2.3}","source":"console","time":"2026-10-07T05:42:39Z"}
{"level":"info","msg":"{\"ev\":\"req\",\"route\":\"problem_list\",\"status\":200,\"t\":1791351759568,\"ms\":4.6}","source":"console","time":"2026-10-07T05:42:39Z"}
{"level":"info","msg":"{\"ev\":\"req\",\"route\":\"problem_detail\",\"status\":200,\"t\":1791351759669,\"ms\":4.6}","source":"console","time":"2026-10-07T05:42:39Z"}
{"level":"info","msg":"{\"ev\":\"req\",\"route\":\"history\",\"status\":503,\"t\":1791351759767,\"ms\":2.5}","source":"console","time":"2026-10-07T05:42:39Z"}
{"level":"info","msg":"{\"ev\":\"req\",\"route\":\"problem_list\",\"status\":200,\"t\":1791351759868,\"ms\":4}","source":"console","time":"2026-10-07T05:42:39Z"}
{"level":"info","msg":"{\"ev\":\"req\",\"route\":\"problem_detail\",\"status\":200,\"t\":1791351759968,\"ms\":4.3}","source":"console","time":"2026-10-07T05:42:39Z"}
{"level":"info","msg":"{\"ev\":\"req\",\"route\":\"history\",\"status\":503,\"t\":1791351760066,\"ms\":2}","source":"console","time":"2026-10-07T05:42:40Z"}
{"level":"info","msg":"{\"ev\":\"req\",\"route\":\"problem_list\",\"status\":200,\"t\":1791351760169,\"ms\":4.4}","source":"console","time":"2026-10-07T05:42:40Z"}
{"level":"info","msg":"{\"ev\":\"req\",\"route\":\"problem_detail\",\"status\":200,\"t\":1791351760268,\"ms\":3.6}","source":"console","time":"2026-10-07T05:42:40Z"}
{"level":"info","msg":"{\"ev\":\"req\",\"route\":\"history\",\"status\":503,\"t\":1791351760366,\"ms\":2.1}","source":"console","time":"2026-10-07T05:42:40Z"}
{"level":"info","msg":"{\"ev\":\"req\",\"route\":\"problem_list\",\"status\":200,\"t\":1791351760468,\"ms\":4.5}","source":"console","time":"2026-10-07T05:42:40Z"}
{"level":"info","msg":"{\"ev\":\"req\",\"route\":\"problem_detail\",\"status\":200,\"t\":1791351760568,\"ms\":4.3}","source":"console","time":"2026-10-07T05:42:40Z"}
{"level":"info","msg":"{\"ev\":\"req\",\"route\":\"history\",\"status\":503,\"t\":1791351760668,\"ms\":4.2}","source":"console","time":"2026-10-07T05:42:40Z"}
{"level":"info","msg":"{\"ev\":\"req\",\"route\":\"submit\",\"status\":503,\"t\":1791351760668,\"ms\":4.2}","source":"console","time":"2026-10-07T05:42:40Z"}
{"level":"info","msg":"{\"ev\":\"rejected\",\"status\":503,\"t\":1791351760668}","source":"console","time":"2026-10-07T05:42:40Z"}
{"level":"info","msg":"{\"ev\":\"req\",\"route\":\"problem_list\",\"status\":200,\"t\":1791351760768,\"ms\":4.2}","source":"console","time":"2026-10-07T05:42:40Z"}
{"level":"info","msg":"{\"ev\":\"req\",\"route\":\"problem_detail\",\"status\":200,\"t\":1791351760869,\"ms\":5.6}","source":"console","time":"2026-10-07T05:42:40Z"}
{"level":"info","msg":"{\"ev\":\"req\",\"route\":\"history\",\"status\":503,\"t\":1791351760967,\"ms\":2.5}","source":"console","time":"2026-10-07T05:42:40Z"}
{"level":"info","msg":"{\"ev\":\"req\",\"route\":\"problem_list\",\"status\":200,\"t\":1791351761068,\"ms\":4.2}","source":"console","time":"2026-10-07T05:42:41Z"}
{"level":"info","msg":"{\"ev\":\"req\",\"route\":\"problem_detail\",\"status\":200,\"t\":1791351761168,\"ms\":4.4}","source":"console","time":"2026-10-07T05:42:41Z"}
{"level":"info","msg":"{\"ev\":\"req\",\"route\":\"history\",\"status\":503,\"t\":1791351761266,\"ms\":2.5}","source":"console","time":"2026-10-07T05:42:41Z"}
{"level":"info","msg":"{\"ev\":\"req\",\"route\":\"problem_list\",\"status\":200,\"t\":1791351761369,\"ms\":5.3}","source":"console","time":"2026-10-07T05:42:41Z"}
{"level":"info","msg":"{\"ev\":\"req\",\"route\":\"problem_detail\",\"status\":200,\"t\":1791351761469,\"ms\":5.3}","source":"console","time":"2026-10-07T05:42:41Z"}
{"level":"info","msg":"{\"ev\":\"req\",\"route\":\"history\",\"status\":503,\"t\":1791351761566,\"ms\":2.8}","source":"console","time":"2026-10-07T05:42:41Z"}
{"level":"info","msg":"{\"ev\":\"req\",\"route\":\"problem_list\",\"status\":200,\"t\":1791351761669,\"ms\":5.1}","source":"console","time":"2026-10-07T05:42:41Z"}
{"level":"info","msg":"{\"ev\":\"req\",\"route\":\"problem_detail\",\"status\":200,\"t\":1791351761771,\"ms\":7}","source":"console","time":"2026-10-07T05:42:41Z"}
{"level":"info","msg":"{\"ev\":\"req\",\"route\":\"history\",\"status\":503,\"t\":1791351761865,\"ms\":2.3}","source":"console","time":"2026-10-07T05:42:41Z"}
{"level":"info","msg":"{\"ev\":\"req\",\"route\":\"problem_list\",\"status\":200,\"t\":1791351761970,\"ms\":5.6}","source":"console","time":"2026-10-07T05:42:41Z"}
{"level":"info","msg":"{\"ev\":\"req\",\"route\":\"problem_detail\",\"status\":200,\"t\":1791351762068,\"ms\":3.5}","source":"console","time":"2026-10-07T05:42:42Z"}
{"level":"info","msg":"{\"ev\":\"req\",\"route\":\"history\",\"status\":503,\"t\":1791351762166,\"ms\":2.7}","source":"console","time":"2026-10-07T05:42:42Z"}
{"level":"info","msg":"{\"ev\":\"req\",\"route\":\"problem_list\",\"status\":200,\"t\":1791351762269,\"ms\":5.2}","source":"console","time":"2026-10-07T05:42:42Z"}
{"level":"info","msg":"{\"ev\":\"req\",\"route\":\"submit\",\"status\":503,\"t\":1791351762334,\"ms\":3.4}","source":"console","time":"2026-10-07T05:42:42Z"}
{"level":"info","msg":"{\"ev\":\"rejected\",\"status\":503,\"t\":1791351762334}","source":"console","time":"2026-10-07T05:42:42Z"}
{"level":"info","msg":"{\"ev\":\"req\",\"route\":\"problem_detail\",\"status\":200,\"t\":1791351762369,\"ms\":4.6}","source":"console","time":"2026-10-07T05:42:42Z"}
{"level":"info","msg":"{\"ev\":\"req\",\"route\":\"history\",\"status\":503,\"t\":1791351762466,\"ms\":2.1}","source":"console","time":"2026-10-07T05:42:42Z"}
{"level":"info","msg":"{\"ev\":\"req\",\"route\":\"problem_list\",\"status\":200,\"t\":1791351762568,\"ms\":4.1}","source":"console","time":"2026-10-07T05:42:42Z"}
{"level":"info","msg":"{\"ev\":\"req\",\"route\":\"problem_detail\",\"status\":200,\"t\":1791351762669,\"ms\":4.7}","source":"console","time":"2026-10-07T05:42:42Z"}
{"level":"info","msg":"{\"ev\":\"req\",\"route\":\"history\",\"status\":503,\"t\":1791351762766,\"ms\":2.9}","source":"console","time":"2026-10-07T05:42:42Z"}
{"level":"info","msg":"{\"ev\":\"req\",\"route\":\"problem_list\",\"status\":200,\"t\":1791351762869,\"ms\":5.2}","source":"console","time":"2026-10-07T05:42:42Z"}
{"level":"info","msg":"{\"ev\":\"req\",\"route\":\"problem_detail\",\"status\":200,\"t\":1791351762969,\"ms\":5.1}","source":"console","time":"2026-10-07T05:42:42Z"}
{"level":"info","msg":"{\"ev\":\"req\",\"route\":\"history\",\"status\":503,\"t\":1791351763067,\"ms\":2.7}","source":"console","time":"2026-10-07T05:42:43Z"}
{"level":"info","msg":"{\"ev\":\"req\",\"route\":\"problem_list\",\"status\":200,\"t\":1791351763169,\"ms\":4.7}","source":"console","time":"2026-10-07T05:42:43Z"}
{"level":"info","msg":"{\"ev\":\"req\",\"route\":\"problem_detail\",\"status\":200,\"t\":1791351763269,\"ms\":4.9}","source":"console","time":"2026-10-07T05:42:43Z"}
{"level":"info","msg":"{\"ev\":\"req\",\"route\":\"history\",\"status\":503,\"t\":1791351763367,\"ms\":2.6}","source":"console","time":"2026-10-07T05:42:43Z"}
{"level":"info","msg":"{\"ev\":\"req\",\"route\":\"problem_list\",\"status\":200,\"t\":1791351763469,\"ms\":5.4}","source":"console","time":"2026-10-07T05:42:43Z"}
{"level":"info","msg":"{\"ev\":\"req\",\"route\":\"problem_detail\",\"status\":200,\"t\":1791351763569,\"ms\":5.1}","source":"console","time":"2026-10-07T05:42:43Z"}
{"level":"info","msg":"{\"ev\":\"req\",\"route\":\"history\",\"status\":503,\"t\":1791351763666,\"ms\":2.6}","source":"console","time":"2026-10-07T05:42:43Z"}
{"level":"info","msg":"{\"ev\":\"req\",\"route\":\"problem_list\",\"status\":200,\"t\":1791351763769,\"ms\":5.2}","source":"console","time":"2026-10-07T05:42:43Z"}
{"level":"info","msg":"{\"ev\":\"req\",\"route\":\"problem_detail\",\"status\":200,\"t\":1791351763869,\"ms\":5.2}","source":"console","time":"2026-10-07T05:42:43Z"}
{"level":"info","msg":"{\"ev\":\"req\",\"route\":\"history\",\"status\":503,\"t\":1791351763966,\"ms\":2.1}","source":"console","time":"2026-10-07T05:42:43Z"}
{"level":"info","msg":"{\"ev\":\"req\",\"route\":\"submit\",\"status\":503,\"t\":1791351763999,\"ms\":2.7}","source":"console","time":"2026-10-07T05:42:43Z"}
{"level":"info","msg":"{\"ev\":\"rejected\",\"status\":503,\"t\":1791351764000}","source":"console","time":"2026-10-07T05:42:44Z"}
{"level":"info","msg":"{\"ev\":\"req\",\"route\":\"problem_list\",\"status\":200,\"t\":1791351764070,\"ms\":5.5}","source":"console","time":"2026-10-07T05:42:44Z"}
{"level":"info","msg":"{\"ev\":\"req\",\"route\":\"problem_detail\",\"status\":200,\"t\":1791351764173,\"ms\":9.7}","source":"console","time":"2026-10-07T05:42:44Z"}
{"level":"info","msg":"{\"ev\":\"req\",\"route\":\"history\",\"status\":503,\"t\":1791351764266,\"ms\":2.6}","source":"console","time":"2026-10-07T05:42:44Z"}
{"level":"info","msg":"{\"ev\":\"req\",\"route\":\"problem_list\",\"status\":200,\"t\":1791351764369,\"ms\":5}","source":"console","time":"2026-10-07T05:42:44Z"}
{"level":"info","msg":"{\"ev\":\"req\",\"route\":\"problem_detail\",\"status\":200,\"t\":1791351764467,\"ms\":3.8}","source":"console","time":"2026-10-07T05:42:44Z"}
{"level":"info","msg":"{\"ev\":\"req\",\"route\":\"history\",\"status\":503,\"t\":1791351764567,\"ms\":2.5}","source":"console","time":"2026-10-07T05:42:44Z"}
{"level":"info","msg":"{\"ev\":\"req\",\"route\":\"problem_list\",\"status\":200,\"t\":1791351764669,\"ms\":5.5}","source":"console","time":"2026-10-07T05:42:44Z"}
{"level":"info","msg":"{\"ev\":\"req\",\"route\":\"problem_detail\",\"status\":200,\"t\":1791351764769,\"ms\":5.2}","source":"console","time":"2026-10-07T05:42:44Z"}
{"level":"info","msg":"{\"ev\":\"req\",\"route\":\"history\",\"status\":503,\"t\":1791351764868,\"ms\":3.6}","source":"console","time":"2026-10-07T05:42:44Z"}
{"level":"info","msg":"{\"ev\":\"req\",\"route\":\"problem_list\",\"status\":200,\"t\":1791351764970,\"ms\":6.5}","source":"console","time":"2026-10-07T05:42:44Z"}
{"level":"info","msg":"{\"ev\":\"req\",\"route\":\"problem_detail\",\"status\":200,\"t\":1791351765068,\"ms\":4.1}","source":"console","time":"2026-10-07T05:42:45Z"}
{"level":"info","msg":"{\"ev\":\"req\",\"route\":\"history\",\"status\":503,\"t\":1791351765167,\"ms\":3.3}","source":"console","time":"2026-10-07T05:42:45Z"}
{"level":"info","msg":"{\"ev\":\"req\",\"route\":\"problem_list\",\"status\":200,\"t\":1791351765270,\"ms\":6.7}","source":"console","time":"2026-10-07T05:42:45Z"}
{"level":"info","msg":"{\"ev\":\"req\",\"route\":\"problem_detail\",\"status\":200,\"t\":1791351765368,\"ms\":3.7}","source":"console","time":"2026-10-07T05:42:45Z"}
{"level":"info","msg":"{\"ev\":\"req\",\"route\":\"history\",\"status\":503,\"t\":1791351765466,\"ms\":2.6}","source":"console","time":"2026-10-07T05:42:45Z"}
{"level":"info","msg":"{\"ev\":\"req\",\"route\":\"problem_list\",\"status\":200,\"t\":1791351765568,\"ms\":4.1}","source":"console","time":"2026-10-07T05:42:45Z"}
{"level":"info","msg":"{\"ev\":\"req\",\"route\":\"submit\",\"status\":503,\"t\":1791351765666,\"ms\":2.4}","source":"console","time":"2026-10-07T05:42:45Z"}
{"level":"info","msg":"{\"ev\":\"rejected\",\"status\":503,\"t\":1791351765666}","source":"console","time":"2026-10-07T05:42:45Z"}
{"level":"info","msg":"{\"ev\":\"req\",\"route\":\"problem_detail\",\"status\":200,\"t\":1791351765668,\"ms\":4.8}","source":"console","time":"2026-10-07T05:42:45Z"}
{"level":"info","msg":"{\"ev\":\"req\",\"route\":\"history\",\"status\":503,\"t\":1791351765766,\"ms\":2}","source":"console","time":"2026-10-07T05:42:45Z"}
{"level":"info","msg":"{\"ev\":\"req\",\"route\":\"problem_list\",\"status\":200,\"t\":1791351765870,\"ms\":6}","source":"console","time":"2026-10-07T05:42:45Z"}
{"level":"info","msg":"{\"ev\":\"req\",\"route\":\"problem_detail\",\"status\":200,\"t\":1791351765970,\"ms\":5.3}","source":"console","time":"2026-10-07T05:42:45Z"}
{"level":"info","msg":"{\"ev\":\"req\",\"route\":\"history\",\"status\":503,\"t\":1791351766068,\"ms\":4.2}","source":"console","time":"2026-10-07T05:42:46Z"}
{"level":"info","msg":"{\"ev\":\"req\",\"route\":\"problem_list\",\"status\":200,\"t\":1791351766172,\"ms\":6.4}","source":"console","time":"2026-10-07T05:42:46Z"}
{"level":"info","msg":"{\"ev\":\"req\",\"route\":\"problem_detail\",\"status\":200,\"t\":1791351766273,\"ms\":9.2}","source":"console","time":"2026-10-07T05:42:46Z"}
{"level":"info","msg":"{\"ev\":\"req\",\"route\":\"history\",\"status\":503,\"t\":1791351766369,\"ms\":5.2}","source":"console","time":"2026-10-07T05:42:46Z"}
{"level":"info","msg":"{\"ev\":\"req\",\"route\":\"problem_list\",\"status\":200,\"t\":1791351766473,\"ms\":8.7}","source":"console","time":"2026-10-07T05:42:46Z"}
{"level":"info","msg":"{\"ev\":\"req\",\"route\":\"problem_detail\",\"status\":200,\"t\":1791351766568,\"ms\":4.3}","source":"console","time":"2026-10-07T05:42:46Z"}
{"level":"info","msg":"{\"ev\":\"req\",\"route\":\"history\",\"status\":503,\"t\":1791351766666,\"ms\":2.9}","source":"console","time":"2026-10-07T05:42:46Z"}
{"level":"info","msg":"{\"ev\":\"req\",\"route\":\"problem_list\",\"status\":200,\"t\":1791351766771,\"ms\":6.3}","source":"console","time":"2026-10-07T05:42:46Z"}
{"level":"info","msg":"{\"ev\":\"req\",\"route\":\"problem_detail\",\"status\":200,\"t\":1791351766870,\"ms\":6.7}","source":"console","time":"2026-10-07T05:42:46Z"}
{"level":"info","msg":"{\"ev\":\"req\",\"route\":\"history\",\"status\":503,\"t\":1791351766966,\"ms\":2.6}","source":"console","time":"2026-10-07T05:42:46Z"}
{"level":"info","msg":"{\"ev\":\"req\",\"route\":\"problem_list\",\"status\":200,\"t\":1791351767068,\"ms\":3.8}","source":"console","time":"2026-10-07T05:42:47Z"}
{"level":"info","msg":"{\"ev\":\"req\",\"route\":\"problem_detail\",\"status\":200,\"t\":1791351767167,\"ms\":3.4}","source":"console","time":"2026-10-07T05:42:47Z"}
{"level":"info","msg":"{\"ev\":\"req\",\"route\":\"history\",\"status\":503,\"t\":1791351767266,\"ms\":1.9}","source":"console","time":"2026-10-07T05:42:47Z"}
{"level":"info","msg":"{\"ev\":\"req\",\"route\":\"submit\",\"status\":503,\"t\":1791351767333,\"ms\":2.5}","source":"console","time":"2026-10-07T05:42:47Z"}
{"level":"info","msg":"{\"ev\":\"rejected\",\"status\":503,\"t\":1791351767334}","source":"console","time":"2026-10-07T05:42:47Z"}
{"level":"info","msg":"{\"ev\":\"req\",\"route\":\"problem_list\",\"status\":200,\"t\":1791351767368,\"ms\":4.5}","source":"console","time":"2026-10-07T05:42:47Z"}
{"level":"info","msg":"{\"ev\":\"req\",\"route\":\"problem_detail\",\"status\":200,\"t\":1791351767468,\"ms\":3.9}","source":"console","time":"2026-10-07T05:42:47Z"}
{"level":"info","msg":"{\"ev\":\"req\",\"route\":\"history\",\"status\":503,\"t\":1791351767566,\"ms\":2.1}","source":"console","time":"2026-10-07T05:42:47Z"}
{"level":"info","msg":"{\"ev\":\"req\",\"route\":\"problem_list\",\"status\":200,\"t\":1791351767669,\"ms\":4.9}","source":"console","time":"2026-10-07T05:42:47Z"}
{"level":"info","msg":"{\"ev\":\"req\",\"route\":\"problem_detail\",\"status\":200,\"t\":1791351767769,\"ms\":5.2}","source":"console","time":"2026-10-07T05:42:47Z"}
{"level":"info","msg":"{\"ev\":\"req\",\"route\":\"history\",\"status\":503,\"t\":1791351767870,\"ms\":6.3}","source":"console","time":"2026-10-07T05:42:47Z"}
{"level":"info","msg":"{\"ev\":\"req\",\"route\":\"problem_list\",\"status\":200,\"t\":1791351767968,\"ms\":4}","source":"console","time":"2026-10-07T05:42:47Z"}
{"level":"info","msg":"{\"ev\":\"req\",\"route\":\"problem_detail\",\"status\":200,\"t\":1791351768067,\"ms\":3.2}","source":"console","time":"2026-10-07T05:42:48Z"}
{"level":"info","msg":"{\"ev\":\"req\",\"route\":\"history\",\"status\":503,\"t\":1791351768165,\"ms\":2}","source":"console","time":"2026-10-07T05:42:48Z"}
{"level":"info","msg":"{\"ev\":\"req\",\"route\":\"problem_list\",\"status\":200,\"t\":1791351768268,\"ms\":3.8}","source":"console","time":"2026-10-07T05:42:48Z"}
{"level":"info","msg":"{\"ev\":\"req\",\"route\":\"problem_detail\",\"status\":200,\"t\":1791351768367,\"ms\":3.5}","source":"console","time":"2026-10-07T05:42:48Z"}
{"level":"info","msg":"{\"ev\":\"req\",\"route\":\"history\",\"status\":503,\"t\":1791351768466,\"ms\":2.4}","source":"console","time":"2026-10-07T05:42:48Z"}
{"level":"info","msg":"{\"ev\":\"req\",\"route\":\"problem_list\",\"status\":200,\"t\":1791351768567,\"ms\":3.9}","source":"console","time":"2026-10-07T05:42:48Z"}
{"level":"info","msg":"{\"ev\":\"req\",\"route\":\"problem_detail\",\"status\":200,\"t\":1791351768667,\"ms\":3.4}","source":"console","time":"2026-10-07T05:42:48Z"}
{"level":"info","msg":"{\"ev\":\"req\",\"route\":\"history\",\"status\":503,\"t\":1791351768766,\"ms\":2.2}","source":"console","time":"2026-10-07T05:42:48Z"}
{"level":"info","msg":"{\"ev\":\"req\",\"route\":\"problem_list\",\"status\":200,\"t\":1791351768868,\"ms\":4}","source":"console","time":"2026-10-07T05:42:48Z"}
{"level":"info","msg":"{\"ev\":\"req\",\"route\":\"problem_detail\",\"status\":200,\"t\":1791351768968,\"ms\":4.7}","source":"console","time":"2026-10-07T05:42:48Z"}
{"level":"info","msg":"{\"ev\":\"req\",\"route\":\"submit\",\"status\":503,\"t\":1791351768999,\"ms\":2}","source":"console","time":"2026-10-07T05:42:48Z"}
{"level":"info","msg":"{\"ev\":\"rejected\",\"status\":503,\"t\":1791351768999}","source":"console","time":"2026-10-07T05:42:48Z"}
{"level":"info","msg":"{\"ev\":\"req\",\"route\":\"history\",\"status\":503,\"t\":1791351769066,\"ms\":2}","source":"console","time":"2026-10-07T05:42:49Z"}
{"level":"info","msg":"{\"ev\":\"req\",\"route\":\"problem_list\",\"status\":200,\"t\":1791351769167,\"ms\":3.5}","source":"console","time":"2026-10-07T05:42:49Z"}
{"level":"info","msg":"{\"ev\":\"req\",\"route\":\"problem_detail\",\"status\":200,\"t\":1791351769268,\"ms\":5}","source":"console","time":"2026-10-07T05:42:49Z"}
{"level":"info","msg":"{\"ev\":\"req\",\"route\":\"history\",\"status\":503,\"t\":1791351769367,\"ms\":2.6}","source":"console","time":"2026-10-07T05:42:49Z"}
{"level":"info","msg":"{\"ev\":\"req\",\"route\":\"problem_list\",\"status\":200,\"t\":1791351769467,\"ms\":4}","source":"console","time":"2026-10-07T05:42:49Z"}
{"level":"info","msg":"{\"ev\":\"req\",\"route\":\"problem_detail\",\"status\":200,\"t\":1791351769569,\"ms\":5}","source":"console","time":"2026-10-07T05:42:49Z"}
{"level":"info","msg":"{\"ev\":\"req\",\"route\":\"history\",\"status\":503,\"t\":1791351769666,\"ms\":1.8}","source":"console","time":"2026-10-07T05:42:49Z"}
{"level":"info","msg":"{\"ev\":\"req\",\"route\":\"problem_list\",\"status\":200,\"t\":1791351769768,\"ms\":4}","source":"console","time":"2026-10-07T05:42:49Z"}
{"level":"info","msg":"{\"ev\":\"req\",\"route\":\"problem_detail\",\"status\":200,\"t\":1791351769868,\"ms\":4.4}","source":"console","time":"2026-10-07T05:42:49Z"}
{"level":"info","msg":"{\"ev\":\"req\",\"route\":\"history\",\"status\":503,\"t\":1791351769966,\"ms\":2}","source":"console","time":"2026-10-07T05:42:49Z"}
{"level":"info","msg":"{\"ev\":\"req\",\"route\":\"problem_list\",\"status\":200,\"t\":1791351770069,\"ms\":5.1}","source":"console","time":"2026-10-07T05:42:50Z"}
{"level":"info","msg":"{\"ev\":\"req\",\"route\":\"problem_detail\",\"status\":200,\"t\":1791351770169,\"ms\":4.3}","source":"console","time":"2026-10-07T05:42:50Z"}
{"level":"info","msg":"{\"ev\":\"req\",\"route\":\"history\",\"status\":503,\"t\":1791351770266,\"ms\":2.3}","source":"console","time":"2026-10-07T05:42:50Z"}
{"level":"info","msg":"{\"ev\":\"req\",\"route\":\"problem_list\",\"status\":200,\"t\":1791351770369,\"ms\":4.9}","source":"console","time":"2026-10-07T05:42:50Z"}
{"level":"info","msg":"{\"ev\":\"req\",\"route\":\"problem_detail\",\"status\":200,\"t\":1791351770469,\"ms\":5.1}","source":"console","time":"2026-10-07T05:42:50Z"}
{"level":"info","msg":"{\"ev\":\"req\",\"route\":\"history\",\"status\":503,\"t\":1791351770567,\"ms\":2.9}","source":"console","time":"2026-10-07T05:42:50Z"}
{"level":"info","msg":"{\"ev\":\"req\",\"route\":\"submit\",\"status\":503,\"t\":1791351770667,\"ms\":2.7}","source":"console","time":"2026-10-07T05:42:50Z"}
{"level":"info","msg":"{\"ev\":\"rejected\",\"status\":503,\"t\":1791351770667}","source":"console","time":"2026-10-07T05:42:50Z"}
{"level":"info","msg":"{\"ev\":\"req\",\"route\":\"problem_list\",\"status\":200,\"t\":1791351770671,\"ms\":7.4}","source":"console","time":"2026-10-07T05:42:50Z"}
{"level":"info","msg":"{\"ev\":\"req\",\"route\":\"problem_detail\",\"status\":200,\"t\":1791351770769,\"ms\":4.9}","source":"console","time":"2026-10-07T05:42:50Z"}
{"level":"info","msg":"{\"ev\":\"req\",\"route\":\"history\",\"status\":503,\"t\":1791351770866,\"ms\":2.5}","source":"console","time":"2026-10-07T05:42:50Z"}
{"level":"info","msg":"{\"ev\":\"req\",\"route\":\"problem_list\",\"status\":200,\"t\":1791351770976,\"ms\":8.9}","source":"console","time":"2026-10-07T05:42:50Z"}
{"level":"info","msg":"{\"ev\":\"req\",\"route\":\"problem_detail\",\"status\":200,\"t\":1791351771070,\"ms\":6.4}","source":"console","time":"2026-10-07T05:42:51Z"}
{"level":"info","msg":"{\"ev\":\"req\",\"route\":\"history\",\"status\":503,\"t\":1791351771167,\"ms\":3.6}","source":"console","time":"2026-10-07T05:42:51Z"}
{"level":"info","msg":"{\"ev\":\"req\",\"route\":\"problem_list\",\"status\":200,\"t\":1791351771270,\"ms\":6.7}","source":"console","time":"2026-10-07T05:42:51Z"}
{"level":"info","msg":"{\"ev\":\"req\",\"route\":\"problem_detail\",\"status\":200,\"t\":1791351771369,\"ms\":4.6}","source":"console","time":"2026-10-07T05:42:51Z"}
{"level":"info","msg":"{\"ev\":\"req\",\"route\":\"history\",\"status\":503,\"t\":1791351771465,\"ms\":2}","source":"console","time":"2026-10-07T05:42:51Z"}
{"level":"info","msg":"{\"ev\":\"req\",\"route\":\"problem_list\",\"status\":200,\"t\":1791351771570,\"ms\":5.8}","source":"console","time":"2026-10-07T05:42:51Z"}
{"level":"info","msg":"{\"ev\":\"req\",\"route\":\"problem_detail\",\"status\":200,\"t\":1791351771669,\"ms\":4.4}","source":"console","time":"2026-10-07T05:42:51Z"}
{"level":"info","msg":"{\"ev\":\"req\",\"route\":\"history\",\"status\":503,\"t\":1791351771765,\"ms\":2.1}","source":"console","time":"2026-10-07T05:42:51Z"}
{"level":"info","msg":"{\"ev\":\"req\",\"route\":\"problem_list\",\"status\":200,\"t\":1791351771870,\"ms\":5.5}","source":"console","time":"2026-10-07T05:42:51Z"}
{"level":"info","msg":"{\"ev\":\"req\",\"route\":\"problem_detail\",\"status\":200,\"t\":1791351771970,\"ms\":5.7}","source":"console","time":"2026-10-07T05:42:51Z"}
{"level":"info","msg":"{\"ev\":\"req\",\"route\":\"history\",\"status\":503,\"t\":1791351772067,\"ms\":2.7}","source":"console","time":"2026-10-07T05:42:52Z"}
{"level":"info","msg":"{\"ev\":\"req\",\"route\":\"problem_list\",\"status\":200,\"t\":1791351772169,\"ms\":5.4}","source":"console","time":"2026-10-07T05:42:52Z"}
{"level":"info","msg":"{\"ev\":\"req\",\"route\":\"problem_detail\",\"status\":200,\"t\":1791351772269,\"ms\":5.4}","source":"console","time":"2026-10-07T05:42:52Z"}
{"level":"info","msg":"{\"ev\":\"req\",\"route\":\"submit\",\"status\":503,\"t\":1791351772334,\"ms\":3}","source":"console","time":"2026-10-07T05:42:52Z"}
{"level":"info","msg":"{\"ev\":\"rejected\",\"status\":503,\"t\":1791351772334}","source":"console","time":"2026-10-07T05:42:52Z"}
{"level":"info","msg":"{\"ev\":\"req\",\"route\":\"history\",\"status\":503,\"t\":1791351772367,\"ms\":2.7}","source":"console","time":"2026-10-07T05:42:52Z"}
{"level":"info","msg":"{\"ev\":\"req\",\"route\":\"problem_list\",\"status\":200,\"t\":1791351772469,\"ms\":5.5}","source":"console","time":"2026-10-07T05:42:52Z"}
{"level":"info","msg":"{\"ev\":\"req\",\"route\":\"problem_detail\",\"status\":200,\"t\":1791351772569,\"ms\":4.8}","source":"console","time":"2026-10-07T05:42:52Z"}
{"level":"info","msg":"{\"ev\":\"req\",\"route\":\"history\",\"status\":503,\"t\":1791351772665,\"ms\":2.2}","source":"console","time":"2026-10-07T05:42:52Z"}
{"level":"info","msg":"{\"ev\":\"req\",\"route\":\"problem_list\",\"status\":200,\"t\":1791351772769,\"ms\":4.6}","source":"console","time":"2026-10-07T05:42:52Z"}
{"level":"info","msg":"{\"ev\":\"req\",\"route\":\"problem_detail\",\"status\":200,\"t\":1791351772867,\"ms\":3.4}","source":"console","time":"2026-10-07T05:42:52Z"}
{"level":"info","msg":"{\"ev\":\"req\",\"route\":\"history\",\"status\":503,\"t\":1791351772966,\"ms\":1.9}","source":"console","time":"2026-10-07T05:42:52Z"}
{"level":"info","msg":"{\"ev\":\"req\",\"route\":\"problem_list\",\"status\":200,\"t\":1791351773068,\"ms\":4.5}","source":"console","time":"2026-10-07T05:42:53Z"}
{"level":"info","msg":"{\"ev\":\"req\",\"route\":\"problem_detail\",\"status\":200,\"t\":1791351773167,\"ms\":3.1}","source":"console","time":"2026-10-07T05:42:53Z"}
{"level":"info","msg":"{\"ev\":\"req\",\"route\":\"history\",\"status\":503,\"t\":1791351773266,\"ms\":2.7}","source":"console","time":"2026-10-07T05:42:53Z"}
{"level":"info","msg":"{\"ev\":\"req\",\"route\":\"problem_list\",\"status\":200,\"t\":1791351773368,\"ms\":4}","source":"console","time":"2026-10-07T05:42:53Z"}
{"level":"info","msg":"{\"ev\":\"req\",\"route\":\"problem_detail\",\"status\":200,\"t\":1791351773468,\"ms\":4.4}","source":"console","time":"2026-10-07T05:42:53Z"}
{"level":"info","msg":"{\"ev\":\"req\",\"route\":\"problem_list\",\"status\":200,\"t\":1791351773668,\"ms\":4.2}","source":"console","time":"2026-10-07T05:42:53Z"}
{"level":"info","msg":"{\"ev\":\"req\",\"route\":\"problem_detail\",\"status\":200,\"t\":1791351773772,\"ms\":7.3}","source":"console","time":"2026-10-07T05:42:53Z"}
{"level":"info","msg":"{\"ev\":\"req\",\"route\":\"problem_list\",\"status\":200,\"t\":1791351773969,\"ms\":5.5}","source":"console","time":"2026-10-07T05:42:53Z"}
{"level":"info","msg":"{\"ev\":\"req\",\"route\":\"problem_detail\",\"status\":200,\"t\":1791351774074,\"ms\":9.7}","source":"console","time":"2026-10-07T05:42:54Z"}
{"level":"info","msg":"{\"ev\":\"req\",\"route\":\"history\",\"status\":200,\"t\":1791351774171,\"ms\":306.9}","source":"console","time":"2026-10-07T05:42:54Z"}
{"level":"info","msg":"{\"ev\":\"req\",\"route\":\"history\",\"status\":200,\"t\":1791351774172,\"ms\":607.9}","source":"console","time":"2026-10-07T05:42:54Z"}
{"level":"info","msg":"{\"ev\":\"req\",\"route\":\"history\",\"status\":200,\"t\":1791351774210,\"ms\":46.7}","source":"console","time":"2026-10-07T05:42:54Z"}
{"level":"info","msg":"{\"ev\":\"req\",\"route\":\"problem_list\",\"status\":200,\"t\":1791351774271,\"ms\":6.4}","source":"console","time":"2026-10-07T05:42:54Z"}
{"level":"info","msg":"{\"ev\":\"req\",\"route\":\"problem_detail\",\"status\":200,\"t\":1791351774370,\"ms\":6.3}","source":"console","time":"2026-10-07T05:42:54Z"}
{"level":"info","msg":"{\"ev\":\"req\",\"route\":\"history\",\"status\":200,\"t\":1791351774489,\"ms\":25.7}","source":"console","time":"2026-10-07T05:42:54Z"}
{"level":"info","msg":"{\"ev\":\"req\",\"route\":\"problem_list\",\"status\":200,\"t\":1791351774570,\"ms\":6.5}","source":"console","time":"2026-10-07T05:42:54Z"}
{"level":"info","msg":"{\"ev\":\"req\",\"route\":\"submit\",\"status\":200,\"t\":1791351774633,\"ms\":635.3}","source":"console","time":"2026-10-07T05:42:54Z"}
{"level":"info","msg":"{\"ev\":\"accepted\",\"id\":\"a0a292c0-cea4-4cb8-b128-49c69526ec29\",\"t\":1791351774633}","source":"console","time":"2026-10-07T05:42:54Z"}
{"level":"info","msg":"{\"ev\":\"req\",\"route\":\"problem_detail\",\"status\":200,\"t\":1791351774669,\"ms\":4.9}","source":"console","time":"2026-10-07T05:42:54Z"}
{"level":"info","msg":"{\"ev\":\"req\",\"route\":\"history\",\"status\":200,\"t\":1791351774818,\"ms\":53.7}","source":"console","time":"2026-10-07T05:42:54Z"}
{"level":"info","msg":"{\"ev\":\"req\",\"route\":\"problem_list\",\"status\":200,\"t\":1791351774875,\"ms\":11.9}","source":"console","time":"2026-10-07T05:42:54Z"}
{"level":"info","msg":"{\"ev\":\"req\",\"route\":\"problem_detail\",\"status\":200,\"t\":1791351774978,\"ms\":14.5}","source":"console","time":"2026-10-07T05:42:54Z"}
{"level":"info","msg":"{\"ev\":\"req\",\"route\":\"history\",\"status\":200,\"t\":1791351775128,\"ms\":62.9}","source":"console","time":"2026-10-07T05:42:55Z"}
{"level":"info","msg":"{\"ev\":\"req\",\"route\":\"problem_list\",\"status\":200,\"t\":1791351775198,\"ms\":34.5}","source":"console","time":"2026-10-07T05:42:55Z"}
{"level":"info","msg":"{\"ev\":\"req\",\"route\":\"problem_detail\",\"status\":200,\"t\":1791351775269,\"ms\":4.8}","source":"console","time":"2026-10-07T05:42:55Z"}
{"level":"info","msg":"{\"ev\":\"req\",\"route\":\"history\",\"status\":200,\"t\":1791351775380,\"ms\":15.4}","source":"console","time":"2026-10-07T05:42:55Z"}
{"level":"info","msg":"{\"ev\":\"req\",\"route\":\"problem_list\",\"status\":200,\"t\":1791351775469,\"ms\":4.7}","source":"console","time":"2026-10-07T05:42:55Z"}
{"level":"info","msg":"{\"ev\":\"req\",\"route\":\"problem_detail\",\"status\":200,\"t\":1791351775567,\"ms\":3.5}","source":"console","time":"2026-10-07T05:42:55Z"}
{"level":"info","msg":"{\"ev\":\"req\",\"route\":\"history\",\"status\":200,\"t\":1791351775685,\"ms\":21.3}","source":"console","time":"2026-10-07T05:42:55Z"}
{"level":"info","msg":"{\"ev\":\"req\",\"route\":\"submit\",\"status\":200,\"t\":1791351775696,\"ms\":32.3}","source":"console","time":"2026-10-07T05:42:55Z"}
{"level":"info","msg":"{\"ev\":\"accepted\",\"id\":\"382758fa-b0cf-4341-ab9a-c99767d8047c\",\"t\":1791351775696}","source":"console","time":"2026-10-07T05:42:55Z"}
{"level":"info","msg":"{\"ev\":\"req\",\"route\":\"problem_list\",\"status\":200,\"t\":1791351775769,\"ms\":4.8}","source":"console","time":"2026-10-07T05:42:55Z"}
{"level":"info","msg":"{\"ev\":\"req\",\"route\":\"problem_detail\",\"status\":200,\"t\":1791351775868,\"ms\":3.9}","source":"console","time":"2026-10-07T05:42:55Z"}
{"level":"info","msg":"{\"ev\":\"req\",\"route\":\"history\",\"status\":200,\"t\":1791351775986,\"ms\":22.9}","source":"console","time":"2026-10-07T05:42:55Z"}
{"level":"info","msg":"{\"ev\":\"req\",\"route\":\"problem_list\",\"status\":200,\"t\":1791351776068,\"ms\":3.8}","source":"console","time":"2026-10-07T05:42:56Z"}
{"level":"info","msg":"{\"ev\":\"req\",\"route\":\"problem_detail\",\"status\":200,\"t\":1791351776168,\"ms\":4.2}","source":"console","time":"2026-10-07T05:42:56Z"}
{"level":"info","msg":"{\"ev\":\"req\",\"route\":\"history\",\"status\":200,\"t\":1791351776278,\"ms\":14.1}","source":"console","time":"2026-10-07T05:42:56Z"}
{"level":"info","msg":"{\"ev\":\"req\",\"route\":\"problem_list\",\"status\":200,\"t\":1791351776368,\"ms\":4.4}","source":"console","time":"2026-10-07T05:42:56Z"}
{"level":"info","msg":"{\"ev\":\"req\",\"route\":\"problem_detail\",\"status\":200,\"t\":1791351776468,\"ms\":3.4}","source":"console","time":"2026-10-07T05:42:56Z"}
{"level":"info","msg":"{\"ev\":\"req\",\"route\":\"history\",\"status\":200,\"t\":1791351776587,\"ms\":23}","source":"console","time":"2026-10-07T05:42:56Z"}
{"level":"info","msg":"{\"ev\":\"req\",\"route\":\"problem_list\",\"status\":200,\"t\":1791351776674,\"ms\":9.2}","source":"console","time":"2026-10-07T05:42:56Z"}
{"level":"info","msg":"{\"ev\":\"req\",\"route\":\"problem_detail\",\"status\":200,\"t\":1791351776771,\"ms\":7}","source":"console","time":"2026-10-07T05:42:56Z"}
{"level":"info","msg":"{\"ev\":\"req\",\"route\":\"history\",\"status\":200,\"t\":1791351776877,\"ms\":12.8}","source":"console","time":"2026-10-07T05:42:56Z"}
{"level":"info","msg":"{\"ev\":\"req\",\"route\":\"problem_list\",\"status\":200,\"t\":1791351776967,\"ms\":3.9}","source":"console","time":"2026-10-07T05:42:56Z"}
{"level":"info","msg":"{\"ev\":\"req\",\"route\":\"problem_detail\",\"status\":200,\"t\":1791351777067,\"ms\":3.2}","source":"console","time":"2026-10-07T05:42:57Z"}
{"level":"info","msg":"{\"ev\":\"req\",\"route\":\"history\",\"status\":200,\"t\":1791351777179,\"ms\":14.6}","source":"console","time":"2026-10-07T05:42:57Z"}
{"level":"info","msg":"{\"ev\":\"req\",\"route\":\"problem_list\",\"status\":200,\"t\":1791351777266,\"ms\":3.1}","source":"console","time":"2026-10-07T05:42:57Z"}
{"level":"info","msg":"{\"ev\":\"req\",\"route\":\"submit\",\"status\":200,\"t\":1791351777353,\"ms\":23.3}","source":"console","time":"2026-10-07T05:42:57Z"}
{"level":"info","msg":"{\"ev\":\"accepted\",\"id\":\"73fea1b4-b1c9-4f7a-bf56-55361103d2a5\",\"t\":1791351777353}","source":"console","time":"2026-10-07T05:42:57Z"}
{"level":"info","msg":"{\"ev\":\"req\",\"route\":\"problem_detail\",\"status\":200,\"t\":1791351777368,\"ms\":4}","source":"console","time":"2026-10-07T05:42:57Z"}
{"level":"info","msg":"{\"ev\":\"req\",\"route\":\"history\",\"status\":200,\"t\":1791351777495,\"ms\":30.5}","source":"console","time":"2026-10-07T05:42:57Z"}
{"level":"info","msg":"{\"ev\":\"req\",\"route\":\"problem_list\",\"status\":200,\"t\":1791351777570,\"ms\":6.8}","source":"console","time":"2026-10-07T05:42:57Z"}
{"level":"info","msg":"{\"ev\":\"req\",\"route\":\"problem_detail\",\"status\":200,\"t\":1791351777673,\"ms\":8.2}","source":"console","time":"2026-10-07T05:42:57Z"}
{"level":"info","msg":"{\"ev\":\"req\",\"route\":\"history\",\"status\":200,\"t\":1791351777796,\"ms\":31.7}","source":"console","time":"2026-10-07T05:42:57Z"}
{"level":"info","msg":"{\"ev\":\"req\",\"route\":\"problem_list\",\"status\":200,\"t\":1791351777874,\"ms\":10.1}","source":"console","time":"2026-10-07T05:42:57Z"}
{"level":"info","msg":"{\"ev\":\"req\",\"route\":\"problem_detail\",\"status\":200,\"t\":1791351777970,\"ms\":5.8}","source":"console","time":"2026-10-07T05:42:57Z"}
{"level":"info","msg":"{\"ev\":\"req\",\"route\":\"history\",\"status\":200,\"t\":1791351778096,\"ms\":32.3}","source":"console","time":"2026-10-07T05:42:58Z"}
{"level":"info","msg":"{\"ev\":\"req\",\"route\":\"problem_list\",\"status\":200,\"t\":1791351778168,\"ms\":4.5}","source":"console","time":"2026-10-07T05:42:58Z"}
{"level":"info","msg":"{\"ev\":\"req\",\"route\":\"problem_detail\",\"status\":200,\"t\":1791351778267,\"ms\":3.2}","source":"console","time":"2026-10-07T05:42:58Z"}
{"level":"info","msg":"{\"ev\":\"req\",\"route\":\"history\",\"status\":200,\"t\":1791351778387,\"ms\":22.9}","source":"console","time":"2026-10-07T05:42:58Z"}
{"level":"info","msg":"{\"ev\":\"req\",\"route\":\"problem_list\",\"status\":200,\"t\":1791351778471,\"ms\":7.2}","source":"console","time":"2026-10-07T05:42:58Z"}
{"level":"info","msg":"{\"ev\":\"req\",\"route\":\"problem_detail\",\"status\":200,\"t\":1791351778573,\"ms\":9.6}","source":"console","time":"2026-10-07T05:42:58Z"}
{"level":"info","msg":"{\"ev\":\"req\",\"route\":\"history\",\"status\":200,\"t\":1791351778688,\"ms\":24}","source":"console","time":"2026-10-07T05:42:58Z"}
{"level":"info","msg":"{\"ev\":\"req\",\"route\":\"problem_list\",\"status\":200,\"t\":1791351778773,\"ms\":8.8}","source":"console","time":"2026-10-07T05:42:58Z"}
{"level":"info","msg":"{\"ev\":\"req\",\"route\":\"problem_detail\",\"status\":200,\"t\":1791351778872,\"ms\":7.8}","source":"console","time":"2026-10-07T05:42:58Z"}
{"level":"info","msg":"{\"ev\":\"req\",\"route\":\"history\",\"status\":200,\"t\":1791351778978,\"ms\":13.9}","source":"console","time":"2026-10-07T05:42:58Z"}
{"level":"info","msg":"{\"ev\":\"req\",\"route\":\"submit\",\"status\":200,\"t\":1791351779027,\"ms\":29.7}","source":"console","time":"2026-10-07T05:42:59Z"}
{"level":"info","msg":"{\"ev\":\"accepted\",\"id\":\"0e46f0d4-474f-4b0e-9369-454553308a27\",\"t\":1791351779027}","source":"console","time":"2026-10-07T05:42:59Z"}
{"level":"info","msg":"{\"ev\":\"req\",\"route\":\"problem_list\",\"status\":200,\"t\":1791351779068,\"ms\":4.4}","source":"console","time":"2026-10-07T05:42:59Z"}
{"level":"info","msg":"{\"ev\":\"req\",\"route\":\"problem_detail\",\"status\":200,\"t\":1791351779168,\"ms\":3.8}","source":"console","time":"2026-10-07T05:42:59Z"}
{"level":"info","msg":"{\"ev\":\"req\",\"route\":\"history\",\"status\":200,\"t\":1791351779279,\"ms\":15.1}","source":"console","time":"2026-10-07T05:42:59Z"}
{"level":"info","msg":"{\"ev\":\"req\",\"route\":\"problem_list\",\"status\":200,\"t\":1791351779367,\"ms\":3.5}","source":"console","time":"2026-10-07T05:42:59Z"}
{"level":"info","msg":"{\"ev\":\"req\",\"route\":\"problem_detail\",\"status\":200,\"t\":1791351779468,\"ms\":3.5}","source":"console","time":"2026-10-07T05:42:59Z"}
{"level":"info","msg":"{\"ev\":\"req\",\"route\":\"history\",\"status\":200,\"t\":1791351779581,\"ms\":16.7}","source":"console","time":"2026-10-07T05:42:59Z"}
{"level":"info","msg":"{\"ev\":\"req\",\"route\":\"problem_list\",\"status\":200,\"t\":1791351779667,\"ms\":3.5}","source":"console","time":"2026-10-07T05:42:59Z"}
{"level":"info","msg":"{\"ev\":\"req\",\"route\":\"problem_detail\",\"status\":200,\"t\":1791351779769,\"ms\":5.4}","source":"console","time":"2026-10-07T05:42:59Z"}
{"level":"info","msg":"{\"ev\":\"req\",\"route\":\"history\",\"status\":200,\"t\":1791351779877,\"ms\":13.6}","source":"console","time":"2026-10-07T05:42:59Z"}
{"level":"info","msg":"{\"ev\":\"req\",\"route\":\"problem_list\",\"status\":200,\"t\":1791351779972,\"ms\":7.6}","source":"console","time":"2026-10-07T05:42:59Z"}
{"level":"info","msg":"{\"ev\":\"req\",\"route\":\"problem_detail\",\"status\":200,\"t\":1791351780072,\"ms\":7.7}","source":"console","time":"2026-10-07T05:43:00Z"}
{"level":"info","msg":"{\"ev\":\"req\",\"route\":\"history\",\"status\":200,\"t\":1791351780177,\"ms\":13.7}","source":"console","time":"2026-10-07T05:43:00Z"}
{"level":"info","msg":"{\"ev\":\"req\",\"route\":\"problem_list\",\"status\":200,\"t\":1791351780273,\"ms\":8.6}","source":"console","time":"2026-10-07T05:43:00Z"}
{"level":"info","msg":"{\"ev\":\"req\",\"route\":\"problem_detail\",\"status\":200,\"t\":1791351780371,\"ms\":7.2}","source":"console","time":"2026-10-07T05:43:00Z"}
{"level":"info","msg":"{\"ev\":\"req\",\"route\":\"history\",\"status\":200,\"t\":1791351780475,\"ms\":11.3}","source":"console","time":"2026-10-07T05:43:00Z"}
{"level":"info","msg":"{\"ev\":\"req\",\"route\":\"problem_list\",\"status\":200,\"t\":1791351780572,\"ms\":7.9}","source":"console","time":"2026-10-07T05:43:00Z"}
{"level":"info","msg":"{\"ev\":\"req\",\"route\":\"problem_detail\",\"status\":200,\"t\":1791351780679,\"ms\":15}","source":"console","time":"2026-10-07T05:43:00Z"}
{"level":"info","msg":"{\"ev\":\"req\",\"route\":\"submit\",\"status\":200,\"t\":1791351780705,\"ms\":41}","source":"console","time":"2026-10-07T05:43:00Z"}
{"level":"info","msg":"{\"ev\":\"accepted\",\"id\":\"617b25c1-5e0d-421d-b35b-31419a57faac\",\"t\":1791351780705}","source":"console","time":"2026-10-07T05:43:00Z"}
{"level":"info","msg":"{\"ev\":\"req\",\"route\":\"history\",\"status\":200,\"t\":1791351780778,\"ms\":13.7}","source":"console","time":"2026-10-07T05:43:00Z"}
{"level":"info","msg":"{\"ev\":\"req\",\"route\":\"problem_list\",\"status\":200,\"t\":1791351780869,\"ms\":4.6}","source":"console","time":"2026-10-07T05:43:00Z"}
{"level":"info","msg":"{\"ev\":\"req\",\"route\":\"problem_detail\",\"status\":200,\"t\":1791351780973,\"ms\":9.7}","source":"console","time":"2026-10-07T05:43:00Z"}
{"level":"info","msg":"{\"ev\":\"req\",\"route\":\"history\",\"status\":200,\"t\":1791351781076,\"ms\":12.2}","source":"console","time":"2026-10-07T05:43:01Z"}
{"level":"info","msg":"{\"ev\":\"req\",\"route\":\"problem_list\",\"status\":200,\"t\":1791351781168,\"ms\":4.2}","source":"console","time":"2026-10-07T05:43:01Z"}
{"level":"info","msg":"{\"ev\":\"req\",\"route\":\"problem_detail\",\"status\":200,\"t\":1791351781267,\"ms\":3.3}","source":"console","time":"2026-10-07T05:43:01Z"}
{"level":"info","msg":"{\"ev\":\"req\",\"route\":\"history\",\"status\":200,\"t\":1791351781374,\"ms\":10.3}","source":"console","time":"2026-10-07T05:43:01Z"}
{"level":"info","msg":"{\"ev\":\"req\",\"route\":\"problem_list\",\"status\":200,\"t\":1791351781472,\"ms\":7.7}","source":"console","time":"2026-10-07T05:43:01Z"}
{"level":"info","msg":"{\"ev\":\"req\",\"route\":\"problem_detail\",\"status\":200,\"t\":1791351781571,\"ms\":7.1}","source":"console","time":"2026-10-07T05:43:01Z"}
{"level":"info","msg":"{\"ev\":\"req\",\"route\":\"history\",\"status\":200,\"t\":1791351781677,\"ms\":13.1}","source":"console","time":"2026-10-07T05:43:01Z"}
{"level":"info","msg":"{\"ev\":\"req\",\"route\":\"problem_list\",\"status\":200,\"t\":1791351781771,\"ms\":7.4}","source":"console","time":"2026-10-07T05:43:01Z"}
{"level":"info","msg":"{\"ev\":\"req\",\"route\":\"problem_detail\",\"status\":200,\"t\":1791351781871,\"ms\":7.1}","source":"console","time":"2026-10-07T05:43:01Z"}
{"level":"info","msg":"{\"ev\":\"req\",\"route\":\"history\",\"status\":200,\"t\":1791351781988,\"ms\":23.5}","source":"console","time":"2026-10-07T05:43:01Z"}
{"level":"info","msg":"{\"ev\":\"req\",\"route\":\"problem_list\",\"status\":200,\"t\":1791351782067,\"ms\":3.4}","source":"console","time":"2026-10-07T05:43:02Z"}
{"level":"info","msg":"{\"ev\":\"req\",\"route\":\"problem_detail\",\"status\":200,\"t\":1791351782168,\"ms\":3.6}","source":"console","time":"2026-10-07T05:43:02Z"}
{"level":"info","msg":"{\"ev\":\"req\",\"route\":\"history\",\"status\":200,\"t\":1791351782283,\"ms\":17.9}","source":"console","time":"2026-10-07T05:43:02Z"}
{"level":"info","msg":"{\"ev\":\"req\",\"route\":\"submit\",\"status\":200,\"t\":1791351782364,\"ms\":32.7}","source":"console","time":"2026-10-07T05:43:02Z"}
{"level":"info","msg":"{\"ev\":\"accepted\",\"id\":\"49a4004e-5e79-4e55-b89c-c0db05621663\",\"t\":1791351782364}","source":"console","time":"2026-10-07T05:43:02Z"}
{"level":"info","msg":"{\"ev\":\"req\",\"route\":\"problem_list\",\"status\":200,\"t\":1791351782367,\"ms\":4}","source":"console","time":"2026-10-07T05:43:02Z"}
{"level":"info","msg":"{\"ev\":\"req\",\"route\":\"problem_detail\",\"status\":200,\"t\":1791351782467,\"ms\":3.1}","source":"console","time":"2026-10-07T05:43:02Z"}
{"level":"info","msg":"{\"ev\":\"req\",\"route\":\"history\",\"status\":200,\"t\":1791351782573,\"ms\":9.3}","source":"console","time":"2026-10-07T05:43:02Z"}
{"level":"info","msg":"{\"ev\":\"req\",\"route\":\"problem_list\",\"status\":200,\"t\":1791351782668,\"ms\":3.6}","source":"console","time":"2026-10-07T05:43:02Z"}
{"level":"info","msg":"{\"ev\":\"req\",\"route\":\"problem_detail\",\"status\":200,\"t\":1791351782767,\"ms\":3.1}","source":"console","time":"2026-10-07T05:43:02Z"}
{"level":"info","msg":"{\"ev\":\"req\",\"route\":\"history\",\"status\":200,\"t\":1791351782874,\"ms\":9.9}","source":"console","time":"2026-10-07T05:43:02Z"}
{"level":"info","msg":"{\"ev\":\"req\",\"route\":\"problem_list\",\"status\":200,\"t\":1791351782967,\"ms\":3.3}","source":"console","time":"2026-10-07T05:43:02Z"}
{"level":"info","msg":"{\"ev\":\"req\",\"route\":\"problem_detail\",\"status\":200,\"t\":1791351783068,\"ms\":4.1}","source":"console","time":"2026-10-07T05:43:03Z"}
{"level":"info","msg":"{\"ev\":\"req\",\"route\":\"history\",\"status\":200,\"t\":1791351783186,\"ms\":21.7}","source":"console","time":"2026-10-07T05:43:03Z"}
{"level":"info","msg":"{\"ev\":\"req\",\"route\":\"problem_list\",\"status\":200,\"t\":1791351783271,\"ms\":7.3}","source":"console","time":"2026-10-07T05:43:03Z"}
{"level":"info","msg":"{\"ev\":\"req\",\"route\":\"problem_detail\",\"status\":200,\"t\":1791351783372,\"ms\":8}","source":"console","time":"2026-10-07T05:43:03Z"}
{"level":"info","msg":"{\"ev\":\"req\",\"route\":\"history\",\"status\":200,\"t\":1791351783485,\"ms\":20.4}","source":"console","time":"2026-10-07T05:43:03Z"}
{"level":"info","msg":"{\"ev\":\"req\",\"route\":\"problem_list\",\"status\":200,\"t\":1791351783572,\"ms\":8.3}","source":"console","time":"2026-10-07T05:43:03Z"}
{"level":"info","msg":"{\"ev\":\"req\",\"route\":\"problem_detail\",\"status\":200,\"t\":1791351783672,\"ms\":8.3}","source":"console","time":"2026-10-07T05:43:03Z"}
{"level":"info","msg":"{\"ev\":\"req\",\"route\":\"history\",\"status\":200,\"t\":1791351783786,\"ms\":22.8}","source":"console","time":"2026-10-07T05:43:03Z"}
{"level":"info","msg":"{\"ev\":\"req\",\"route\":\"problem_list\",\"status\":200,\"t\":1791351783873,\"ms\":8.2}","source":"console","time":"2026-10-07T05:43:03Z"}
{"level":"info","msg":"{\"ev\":\"req\",\"route\":\"problem_detail\",\"status\":200,\"t\":1791351783971,\"ms\":6.8}","source":"console","time":"2026-10-07T05:43:03Z"}
{"level":"info","msg":"{\"ev\":\"req\",\"route\":\"submit\",\"status\":200,\"t\":1791351784022,\"ms\":24.4}","source":"console","time":"2026-10-07T05:43:04Z"}
{"level":"info","msg":"{\"ev\":\"accepted\",\"id\":\"01de3241-3d85-4af8-938d-c4cac7d7d9be\",\"t\":1791351784022}","source":"console","time":"2026-10-07T05:43:04Z"}
{"level":"info","msg":"{\"ev\":\"req\",\"route\":\"history\",\"status\":200,\"t\":1791351784080,\"ms\":17}","source":"console","time":"2026-10-07T05:43:04Z"}
{"level":"info","msg":"{\"ev\":\"req\",\"route\":\"problem_list\",\"status\":200,\"t\":1791351784170,\"ms\":6.2}","source":"console","time":"2026-10-07T05:43:04Z"}
{"level":"info","msg":"{\"ev\":\"req\",\"route\":\"problem_detail\",\"status\":200,\"t\":1791351784270,\"ms\":5.8}","source":"console","time":"2026-10-07T05:43:04Z"}
{"level":"info","msg":"{\"ev\":\"req\",\"route\":\"history\",\"status\":200,\"t\":1791351784388,\"ms\":24.8}","source":"console","time":"2026-10-07T05:43:04Z"}
{"level":"info","msg":"{\"ev\":\"req\",\"route\":\"problem_list\",\"status\":200,\"t\":1791351784468,\"ms\":4.1}","source":"console","time":"2026-10-07T05:43:04Z"}
{"level":"info","msg":"{\"ev\":\"req\",\"route\":\"problem_detail\",\"status\":200,\"t\":1791351784568,\"ms\":4.1}","source":"console","time":"2026-10-07T05:43:04Z"}
{"level":"info","msg":"{\"ev\":\"req\",\"route\":\"history\",\"status\":200,\"t\":1791351784685,\"ms\":20.5}","source":"console","time":"2026-10-07T05:43:04Z"}
{"level":"info","msg":"{\"ev\":\"req\",\"route\":\"problem_list\",\"status\":200,\"t\":1791351784767,\"ms\":3.8}","source":"console","time":"2026-10-07T05:43:04Z"}
{"level":"info","msg":"{\"ev\":\"req\",\"route\":\"problem_detail\",\"status\":200,\"t\":1791351784872,\"ms\":7.9}","source":"console","time":"2026-10-07T05:43:04Z"}
{"level":"info","msg":"{\"ev\":\"req\",\"route\":\"history\",\"status\":200,\"t\":1791351784982,\"ms\":18.6}","source":"console","time":"2026-10-07T05:43:04Z"}
{"level":"info","msg":"{\"ev\":\"req\",\"route\":\"problem_list\",\"status\":200,\"t\":1791351785072,\"ms\":7.8}","source":"console","time":"2026-10-07T05:43:05Z"}
{"level":"info","msg":"{\"ev\":\"req\",\"route\":\"problem_detail\",\"status\":200,\"t\":1791351785171,\"ms\":6.8}","source":"console","time":"2026-10-07T05:43:05Z"}
{"level":"info","msg":"{\"ev\":\"req\",\"route\":\"history\",\"status\":200,\"t\":1791351785285,\"ms\":21.4}","source":"console","time":"2026-10-07T05:43:05Z"}
{"level":"info","msg":"{\"ev\":\"req\",\"route\":\"problem_list\",\"status\":200,\"t\":1791351785371,\"ms\":7.7}","source":"console","time":"2026-10-07T05:43:05Z"}
{"level":"info","msg":"{\"ev\":\"req\",\"route\":\"problem_detail\",\"status\":200,\"t\":1791351785472,\"ms\":7.6}","source":"console","time":"2026-10-07T05:43:05Z"}
{"level":"info","msg":"{\"ev\":\"req\",\"route\":\"history\",\"status\":200,\"t\":1791351785589,\"ms\":25.2}","source":"console","time":"2026-10-07T05:43:05Z"}
{"level":"info","msg":"{\"ev\":\"req\",\"route\":\"problem_list\",\"status\":200,\"t\":1791351785674,\"ms\":10.5}","source":"console","time":"2026-10-07T05:43:05Z"}
{"level":"info","msg":"{\"ev\":\"req\",\"route\":\"submit\",\"status\":200,\"t\":1791351785696,\"ms\":32.6}","source":"console","time":"2026-10-07T05:43:05Z"}
{"level":"info","msg":"{\"ev\":\"accepted\",\"id\":\"910e226a-a4e9-49c5-8b89-b2f9fb66a93c\",\"t\":1791351785696}","source":"console","time":"2026-10-07T05:43:05Z"}
{"level":"info","msg":"{\"ev\":\"req\",\"route\":\"problem_detail\",\"status\":200,\"t\":1791351785767,\"ms\":3.2}","source":"console","time":"2026-10-07T05:43:05Z"}
{"level":"info","msg":"{\"ev\":\"req\",\"route\":\"history\",\"status\":200,\"t\":1791351785873,\"ms\":9.2}","source":"console","time":"2026-10-07T05:43:05Z"}
{"level":"info","msg":"{\"ev\":\"req\",\"route\":\"problem_list\",\"status\":200,\"t\":1791351785969,\"ms\":4.9}","source":"console","time":"2026-10-07T05:43:05Z"}
{"level":"info","msg":"{\"ev\":\"req\",\"route\":\"problem_detail\",\"status\":200,\"t\":1791351786068,\"ms\":4}","source":"console","time":"2026-10-07T05:43:06Z"}
{"level":"info","msg":"{\"ev\":\"req\",\"route\":\"history\",\"status\":200,\"t\":1791351786175,\"ms\":11.1}","source":"console","time":"2026-10-07T05:43:06Z"}
{"level":"info","msg":"{\"ev\":\"req\",\"route\":\"problem_list\",\"status\":200,\"t\":1791351786268,\"ms\":4.4}","source":"console","time":"2026-10-07T05:43:06Z"}
{"level":"info","msg":"{\"ev\":\"req\",\"route\":\"problem_detail\",\"status\":200,\"t\":1791351786368,\"ms\":4.1}","source":"console","time":"2026-10-07T05:43:06Z"}
{"level":"info","msg":"{\"ev\":\"req\",\"route\":\"history\",\"status\":200,\"t\":1791351786484,\"ms\":20}","source":"console","time":"2026-10-07T05:43:06Z"}
{"level":"info","msg":"{\"ev\":\"req\",\"route\":\"problem_list\",\"status\":200,\"t\":1791351786572,\"ms\":7.8}","source":"console","time":"2026-10-07T05:43:06Z"}
{"level":"info","msg":"{\"ev\":\"req\",\"route\":\"problem_detail\",\"status\":200,\"t\":1791351786673,\"ms\":8.3}","source":"console","time":"2026-10-07T05:43:06Z"}
{"level":"info","msg":"{\"ev\":\"req\",\"route\":\"history\",\"status\":200,\"t\":1791351786787,\"ms\":23.3}","source":"console","time":"2026-10-07T05:43:06Z"}
{"level":"info","msg":"{\"ev\":\"req\",\"route\":\"problem_list\",\"status\":200,\"t\":1791351786873,\"ms\":8.5}","source":"console","time":"2026-10-07T05:43:06Z"}
{"level":"info","msg":"{\"ev\":\"req\",\"route\":\"problem_detail\",\"status\":200,\"t\":1791351786972,\"ms\":8.4}","source":"console","time":"2026-10-07T05:43:06Z"}
{"level":"info","msg":"{\"ev\":\"req\",\"route\":\"history\",\"status\":200,\"t\":1791351787074,\"ms\":10.8}","source":"console","time":"2026-10-07T05:43:07Z"}
{"level":"info","msg":"{\"ev\":\"req\",\"route\":\"problem_list\",\"status\":200,\"t\":1791351787172,\"ms\":8.2}","source":"console","time":"2026-10-07T05:43:07Z"}
{"level":"info","msg":"{\"ev\":\"req\",\"route\":\"problem_detail\",\"status\":200,\"t\":1791351787268,\"ms\":3.7}","source":"console","time":"2026-10-07T05:43:07Z"}
{"level":"info","msg":"{\"ev\":\"req\",\"route\":\"submit\",\"status\":200,\"t\":1791351787366,\"ms\":35.9}","source":"console","time":"2026-10-07T05:43:07Z"}
{"level":"info","msg":"{\"ev\":\"accepted\",\"id\":\"57b6b8dd-72fd-4332-91f0-2980f26c5d5b\",\"t\":1791351787366}","source":"console","time":"2026-10-07T05:43:07Z"}
{"level":"info","msg":"{\"ev\":\"req\",\"route\":\"history\",\"status\":200,\"t\":1791351787374,\"ms\":11}","source":"console","time":"2026-10-07T05:43:07Z"}
{"level":"info","msg":"{\"ev\":\"req\",\"route\":\"problem_list\",\"status\":200,\"t\":1791351787470,\"ms\":5.5}","source":"console","time":"2026-10-07T05:43:07Z"}
{"level":"info","msg":"{\"ev\":\"req\",\"route\":\"problem_detail\",\"status\":200,\"t\":1791351787568,\"ms\":4.7}","source":"console","time":"2026-10-07T05:43:07Z"}
{"level":"info","msg":"{\"ev\":\"req\",\"route\":\"history\",\"status\":200,\"t\":1791351787676,\"ms\":12.6}","source":"console","time":"2026-10-07T05:43:07Z"}
{"level":"info","msg":"{\"ev\":\"req\",\"route\":\"problem_list\",\"status\":200,\"t\":1791351787769,\"ms\":4.8}","source":"console","time":"2026-10-07T05:43:07Z"}
{"level":"info","msg":"{\"ev\":\"req\",\"route\":\"problem_detail\",\"status\":200,\"t\":1791351787868,\"ms\":3.8}","source":"console","time":"2026-10-07T05:43:07Z"}
{"level":"info","msg":"{\"ev\":\"req\",\"route\":\"history\",\"status\":200,\"t\":1791351787987,\"ms\":22.9}","source":"console","time":"2026-10-07T05:43:07Z"}
{"level":"info","msg":"{\"ev\":\"req\",\"route\":\"problem_list\",\"status\":200,\"t\":1791351788073,\"ms\":9.8}","source":"console","time":"2026-10-07T05:43:08Z"}
{"level":"info","msg":"{\"ev\":\"req\",\"route\":\"problem_detail\",\"status\":200,\"t\":1791351788170,\"ms\":5.6}","source":"console","time":"2026-10-07T05:43:08Z"}
{"level":"info","msg":"{\"ev\":\"req\",\"route\":\"history\",\"status\":200,\"t\":1791351788285,\"ms\":21.2}","source":"console","time":"2026-10-07T05:43:08Z"}
{"level":"info","msg":"{\"ev\":\"req\",\"route\":\"problem_list\",\"status\":200,\"t\":1791351788371,\"ms\":7.7}","source":"console","time":"2026-10-07T05:43:08Z"}
{"level":"info","msg":"{\"ev\":\"req\",\"route\":\"problem_detail\",\"status\":200,\"t\":1791351788466,\"ms\":3.2}","source":"console","time":"2026-10-07T05:43:08Z"}
{"level":"info","msg":"{\"ev\":\"req\",\"route\":\"history\",\"status\":200,\"t\":1791351788583,\"ms\":19.1}","source":"console","time":"2026-10-07T05:43:08Z"}
{"level":"info","msg":"{\"ev\":\"req\",\"route\":\"problem_list\",\"status\":200,\"t\":1791351788667,\"ms\":3.7}","source":"console","time":"2026-10-07T05:43:08Z"}
{"level":"info","msg":"{\"ev\":\"req\",\"route\":\"problem_detail\",\"status\":200,\"t\":1791351788767,\"ms\":3.3}","source":"console","time":"2026-10-07T05:43:08Z"}
{"level":"info","msg":"{\"ev\":\"req\",\"route\":\"history\",\"status\":200,\"t\":1791351788875,\"ms\":11.2}","source":"console","time":"2026-10-07T05:43:08Z"}
{"level":"info","msg":"{\"ev\":\"req\",\"route\":\"problem_list\",\"status\":200,\"t\":1791351788969,\"ms\":5.5}","source":"console","time":"2026-10-07T05:43:08Z"}
{"level":"info","msg":"{\"ev\":\"req\",\"route\":\"submit\",\"status\":200,\"t\":1791351789023,\"ms\":25.9}","source":"console","time":"2026-10-07T05:43:09Z"}
{"level":"info","msg":"{\"ev\":\"accepted\",\"id\":\"ad7f5fe6-f9ba-4d66-8e07-23667c0aba91\",\"t\":1791351789023}","source":"console","time":"2026-10-07T05:43:09Z"}
{"level":"info","msg":"{\"ev\":\"req\",\"route\":\"problem_detail\",\"status\":200,\"t\":1791351789067,\"ms\":3.4}","source":"console","time":"2026-10-07T05:43:09Z"}
{"level":"info","msg":"{\"ev\":\"req\",\"route\":\"history\",\"status\":200,\"t\":1791351789175,\"ms\":11.4}","source":"console","time":"2026-10-07T05:43:09Z"}
{"level":"info","msg":"{\"ev\":\"req\",\"route\":\"problem_list\",\"status\":200,\"t\":1791351789268,\"ms\":4.2}","source":"console","time":"2026-10-07T05:43:09Z"}
{"level":"info","msg":"{\"ev\":\"req\",\"route\":\"problem_detail\",\"status\":200,\"t\":1791351789367,\"ms\":4}","source":"console","time":"2026-10-07T05:43:09Z"}
{"level":"info","msg":"{\"ev\":\"req\",\"route\":\"history\",\"status\":200,\"t\":1791351789473,\"ms\":9.4}","source":"console","time":"2026-10-07T05:43:09Z"}
{"level":"info","msg":"{\"ev\":\"req\",\"route\":\"problem_list\",\"status\":200,\"t\":1791351789568,\"ms\":3.4}","source":"console","time":"2026-10-07T05:43:09Z"}
{"level":"info","msg":"{\"ev\":\"req\",\"route\":\"problem_detail\",\"status\":200,\"t\":1791351789668,\"ms\":4.3}","source":"console","time":"2026-10-07T05:43:09Z"}
{"level":"info","msg":"{\"ev\":\"req\",\"route\":\"history\",\"status\":200,\"t\":1791351789776,\"ms\":12.1}","source":"console","time":"2026-10-07T05:43:09Z"}
{"level":"info","msg":"{\"ev\":\"req\",\"route\":\"problem_list\",\"status\":200,\"t\":1791351789873,\"ms\":8.3}","source":"console","time":"2026-10-07T05:43:09Z"}
{"level":"info","msg":"{\"ev\":\"req\",\"route\":\"problem_detail\",\"status\":200,\"t\":1791351789972,\"ms\":7.6}","source":"console","time":"2026-10-07T05:43:09Z"}
{"level":"info","msg":"{\"ev\":\"req\",\"route\":\"history\",\"status\":200,\"t\":1791351790073,\"ms\":8.9}","source":"console","time":"2026-10-07T05:43:10Z"}
{"level":"info","msg":"{\"ev\":\"req\",\"route\":\"problem_list\",\"status\":200,\"t\":1791351790168,\"ms\":4.8}","source":"console","time":"2026-10-07T05:43:10Z"}
{"level":"info","msg":"{\"ev\":\"req\",\"route\":\"problem_detail\",\"status\":200,\"t\":1791351790271,\"ms\":7.3}","source":"console","time":"2026-10-07T05:43:10Z"}
{"level":"info","msg":"{\"ev\":\"req\",\"route\":\"history\",\"status\":200,\"t\":1791351790383,\"ms\":19.6}","source":"console","time":"2026-10-07T05:43:10Z"}
{"level":"info","msg":"{\"ev\":\"req\",\"route\":\"problem_list\",\"status\":200,\"t\":1791351790472,\"ms\":8.3}","source":"console","time":"2026-10-07T05:43:10Z"}
{"level":"info","msg":"{\"ev\":\"req\",\"route\":\"problem_detail\",\"status\":200,\"t\":1791351790571,\"ms\":7.6}","source":"console","time":"2026-10-07T05:43:10Z"}
{"level":"info","msg":"{\"ev\":\"req\",\"route\":\"history\",\"status\":200,\"t\":1791351790684,\"ms\":20.5}","source":"console","time":"2026-10-07T05:43:10Z"}
{"level":"info","msg":"{\"ev\":\"req\",\"route\":\"submit\",\"status\":200,\"t\":1791351790701,\"ms\":37.8}","source":"console","time":"2026-10-07T05:43:10Z"}
{"level":"info","msg":"{\"ev\":\"accepted\",\"id\":\"e2be159c-a325-4984-9030-8cd379b9698f\",\"t\":1791351790701}","source":"console","time":"2026-10-07T05:43:10Z"}
{"level":"info","msg":"{\"ev\":\"req\",\"route\":\"problem_list\",\"status\":200,\"t\":1791351790769,\"ms\":4.9}","source":"console","time":"2026-10-07T05:43:10Z"}
{"level":"info","msg":"{\"ev\":\"req\",\"route\":\"problem_detail\",\"status\":200,\"t\":1791351790868,\"ms\":4.2}","source":"console","time":"2026-10-07T05:43:10Z"}
{"level":"info","msg":"{\"ev\":\"req\",\"route\":\"history\",\"status\":200,\"t\":1791351790974,\"ms\":10.5}","source":"console","time":"2026-10-07T05:43:10Z"}
{"level":"info","msg":"{\"ev\":\"req\",\"route\":\"problem_list\",\"status\":200,\"t\":1791351791068,\"ms\":4.1}","source":"console","time":"2026-10-07T05:43:11Z"}
{"level":"info","msg":"{\"ev\":\"req\",\"route\":\"problem_detail\",\"status\":200,\"t\":1791351791167,\"ms\":2.9}","source":"console","time":"2026-10-07T05:43:11Z"}
{"level":"info","msg":"{\"ev\":\"req\",\"route\":\"history\",\"status\":200,\"t\":1791351791272,\"ms\":8.5}","source":"console","time":"2026-10-07T05:43:11Z"}
{"level":"info","msg":"{\"ev\":\"req\",\"route\":\"problem_list\",\"status\":200,\"t\":1791351791367,\"ms\":3.7}","source":"console","time":"2026-10-07T05:43:11Z"}
{"level":"info","msg":"{\"ev\":\"req\",\"route\":\"problem_detail\",\"status\":200,\"t\":1791351791472,\"ms\":7.7}","source":"console","time":"2026-10-07T05:43:11Z"}
{"level":"info","msg":"{\"ev\":\"req\",\"route\":\"history\",\"status\":200,\"t\":1791351791586,\"ms\":22.2}","source":"console","time":"2026-10-07T05:43:11Z"}
{"level":"info","msg":"{\"ev\":\"req\",\"route\":\"problem_list\",\"status\":200,\"t\":1791351791667,\"ms\":3.4}","source":"console","time":"2026-10-07T05:43:11Z"}
{"level":"info","msg":"{\"ev\":\"req\",\"route\":\"problem_detail\",\"status\":200,\"t\":1791351791772,\"ms\":7.9}","source":"console","time":"2026-10-07T05:43:11Z"}
{"level":"info","msg":"{\"ev\":\"req\",\"route\":\"history\",\"status\":200,\"t\":1791351791874,\"ms\":9.9}","source":"console","time":"2026-10-07T05:43:11Z"}
{"level":"info","msg":"{\"ev\":\"req\",\"route\":\"problem_list\",\"status\":200,\"t\":1791351791973,\"ms\":9}","source":"console","time":"2026-10-07T05:43:11Z"}
{"level":"info","msg":"{\"ev\":\"req\",\"route\":\"problem_detail\",\"status\":200,\"t\":1791351792073,\"ms\":8.9}","source":"console","time":"2026-10-07T05:43:12Z"}
{"level":"info","msg":"{\"ev\":\"req\",\"route\":\"history\",\"status\":200,\"t\":1791351792187,\"ms\":22.4}","source":"console","time":"2026-10-07T05:43:12Z"}
{"level":"info","msg":"{\"ev\":\"req\",\"route\":\"problem_list\",\"status\":200,\"t\":1791351792267,\"ms\":3.3}","source":"console","time":"2026-10-07T05:43:12Z"}
{"level":"info","msg":"{\"ev\":\"req\",\"route\":\"submit\",\"status\":200,\"t\":1791351792365,\"ms\":33.9}","source":"console","time":"2026-10-07T05:43:12Z"}
{"level":"info","msg":"{\"ev\":\"accepted\",\"id\":\"0bc3f4d6-3b3b-4d07-8634-ce758857a76e\",\"t\":1791351792365}","source":"console","time":"2026-10-07T05:43:12Z"}
{"level":"info","msg":"{\"ev\":\"req\",\"route\":\"problem_detail\",\"status\":200,\"t\":1791351792369,\"ms\":4.6}","source":"console","time":"2026-10-07T05:43:12Z"}
{"level":"info","msg":"{\"ev\":\"req\",\"route\":\"history\",\"status\":200,\"t\":1791351792473,\"ms\":9.9}","source":"console","time":"2026-10-07T05:43:12Z"}
{"level":"info","msg":"{\"ev\":\"req\",\"route\":\"problem_list\",\"status\":200,\"t\":1791351792568,\"ms\":3.7}","source":"console","time":"2026-10-07T05:43:12Z"}
{"level":"info","msg":"{\"ev\":\"req\",\"route\":\"problem_detail\",\"status\":200,\"t\":1791351792668,\"ms\":4}","source":"console","time":"2026-10-07T05:43:12Z"}
{"level":"info","msg":"{\"ev\":\"req\",\"route\":\"history\",\"status\":200,\"t\":1791351792773,\"ms\":9.8}","source":"console","time":"2026-10-07T05:43:12Z"}
{"level":"info","msg":"{\"ev\":\"req\",\"route\":\"problem_list\",\"status\":200,\"t\":1791351792867,\"ms\":3.5}","source":"console","time":"2026-10-07T05:43:12Z"}
{"level":"info","msg":"{\"ev\":\"req\",\"route\":\"problem_detail\",\"status\":200,\"t\":1791351792967,\"ms\":3.3}","source":"console","time":"2026-10-07T05:43:12Z"}
{"level":"info","msg":"{\"ev\":\"req\",\"route\":\"history\",\"status\":200,\"t\":1791351793083,\"ms\":18.8}","source":"console","time":"2026-10-07T05:43:13Z"}
{"level":"info","msg":"{\"ev\":\"req\",\"route\":\"problem_list\",\"status\":200,\"t\":1791351793167,\"ms\":3.4}","source":"console","time":"2026-10-07T05:43:13Z"}
{"level":"info","msg":"{\"ev\":\"req\",\"route\":\"problem_detail\",\"status\":200,\"t\":1791351793272,\"ms\":7.8}","source":"console","time":"2026-10-07T05:43:13Z"}
{"level":"info","msg":"{\"ev\":\"req\",\"route\":\"history\",\"status\":200,\"t\":1791351793376,\"ms\":11.6}","source":"console","time":"2026-10-07T05:43:13Z"}
{"level":"info","msg":"{\"ev\":\"req\",\"route\":\"problem_list\",\"status\":200,\"t\":1791351793472,\"ms\":8.7}","source":"console","time":"2026-10-07T05:43:13Z"}
{"level":"info","msg":"{\"ev\":\"req\",\"route\":\"problem_detail\",\"status\":200,\"t\":1791351793572,\"ms\":8}","source":"console","time":"2026-10-07T05:43:13Z"}
{"level":"info","msg":"{\"ev\":\"req\",\"route\":\"history\",\"status\":200,\"t\":1791351793685,\"ms\":21.1}","source":"console","time":"2026-10-07T05:43:13Z"}
{"level":"info","msg":"{\"ev\":\"req\",\"route\":\"problem_list\",\"status\":200,\"t\":1791351793772,\"ms\":8.6}","source":"console","time":"2026-10-07T05:43:13Z"}
{"level":"info","msg":"{\"ev\":\"req\",\"route\":\"problem_detail\",\"status\":200,\"t\":1791351793872,\"ms\":7.8}","source":"console","time":"2026-10-07T05:43:13Z"}
{"level":"info","msg":"{\"ev\":\"req\",\"route\":\"history\",\"status\":200,\"t\":1791351793978,\"ms\":14.4}","source":"console","time":"2026-10-07T05:43:13Z"}
{"level":"info","msg":"{\"ev\":\"req\",\"route\":\"submit\",\"status\":200,\"t\":1791351794026,\"ms\":28.6}","source":"console","time":"2026-10-07T05:43:14Z"}
{"level":"info","msg":"{\"ev\":\"accepted\",\"id\":\"e9aed034-134e-487e-aa1e-9f5e2fb62be8\",\"t\":1791351794026}","source":"console","time":"2026-10-07T05:43:14Z"}
{"level":"info","msg":"{\"ev\":\"req\",\"route\":\"problem_list\",\"status\":200,\"t\":1791351794076,\"ms\":12.4}","source":"console","time":"2026-10-07T05:43:14Z"}
{"level":"info","msg":"{\"ev\":\"req\",\"route\":\"problem_detail\",\"status\":200,\"t\":1791351794168,\"ms\":4.7}","source":"console","time":"2026-10-07T05:43:14Z"}
{"level":"info","msg":"{\"ev\":\"req\",\"route\":\"history\",\"status\":200,\"t\":1791351794275,\"ms\":11.2}","source":"console","time":"2026-10-07T05:43:14Z"}
{"level":"info","msg":"{\"ev\":\"req\",\"route\":\"problem_list\",\"status\":200,\"t\":1791351794368,\"ms\":4.4}","source":"console","time":"2026-10-07T05:43:14Z"}
{"level":"info","msg":"{\"ev\":\"req\",\"route\":\"problem_detail\",\"status\":200,\"t\":1791351794467,\"ms\":3.5}","source":"console","time":"2026-10-07T05:43:14Z"}
{"level":"info","msg":"{\"ev\":\"req\",\"route\":\"history\",\"status\":200,\"t\":1791351794585,\"ms\":20.6}","source":"console","time":"2026-10-07T05:43:14Z"}
{"level":"info","msg":"{\"ev\":\"req\",\"route\":\"problem_list\",\"status\":200,\"t\":1791351794668,\"ms\":4.3}","source":"console","time":"2026-10-07T05:43:14Z"}
{"level":"info","msg":"{\"ev\":\"req\",\"route\":\"problem_detail\",\"status\":200,\"t\":1791351794772,\"ms\":8.1}","source":"console","time":"2026-10-07T05:43:14Z"}
{"level":"info","msg":"{\"ev\":\"req\",\"route\":\"history\",\"status\":200,\"t\":1791351794871,\"ms\":7.3}","source":"console","time":"2026-10-07T05:43:14Z"}
{"level":"info","msg":"{\"ev\":\"req\",\"route\":\"problem_list\",\"status\":200,\"t\":1791351794972,\"ms\":8.6}","source":"console","time":"2026-10-07T05:43:14Z"}
{"level":"info","msg":"{\"ev\":\"req\",\"route\":\"problem_detail\",\"status\":200,\"t\":1791351795067,\"ms\":3.3}","source":"console","time":"2026-10-07T05:43:15Z"}
{"level":"info","msg":"{\"ev\":\"req\",\"route\":\"history\",\"status\":200,\"t\":1791351795183,\"ms\":18.2}","source":"console","time":"2026-10-07T05:43:15Z"}
{"level":"info","msg":"{\"ev\":\"req\",\"route\":\"problem_list\",\"status\":200,\"t\":1791351795273,\"ms\":8.5}","source":"console","time":"2026-10-07T05:43:15Z"}
{"level":"info","msg":"{\"ev\":\"req\",\"route\":\"problem_detail\",\"status\":200,\"t\":1791351795369,\"ms\":5.1}","source":"console","time":"2026-10-07T05:43:15Z"}
{"level":"info","msg":"{\"ev\":\"req\",\"route\":\"history\",\"status\":200,\"t\":1791351795472,\"ms\":8.4}","source":"console","time":"2026-10-07T05:43:15Z"}
{"level":"info","msg":"{\"ev\":\"req\",\"route\":\"problem_list\",\"status\":200,\"t\":1791351795572,\"ms\":8.5}","source":"console","time":"2026-10-07T05:43:15Z"}
{"level":"info","msg":"{\"ev\":\"req\",\"route\":\"problem_detail\",\"status\":200,\"t\":1791351795671,\"ms\":7.8}","source":"console","time":"2026-10-07T05:43:15Z"}
{"level":"info","msg":"{\"ev\":\"req\",\"route\":\"submit\",\"status\":200,\"t\":1791351795699,\"ms\":35.5}","source":"console","time":"2026-10-07T05:43:15Z"}
{"level":"info","msg":"{\"ev\":\"accepted\",\"id\":\"e1827fe0-cec7-47be-8db5-686a37b088b1\",\"t\":1791351795699}","source":"console","time":"2026-10-07T05:43:15Z"}
{"level":"info","msg":"{\"ev\":\"req\",\"route\":\"history\",\"status\":200,\"t\":1791351795773,\"ms\":8.9}","source":"console","time":"2026-10-07T05:43:15Z"}
{"level":"info","msg":"{\"ev\":\"req\",\"route\":\"problem_list\",\"status\":200,\"t\":1791351795868,\"ms\":3.5}","source":"console","time":"2026-10-07T05:43:15Z"}
{"level":"info","msg":"{\"ev\":\"req\",\"route\":\"problem_detail\",\"status\":200,\"t\":1791351795969,\"ms\":6.1}","source":"console","time":"2026-10-07T05:43:15Z"}
{"level":"info","msg":"{\"ev\":\"req\",\"route\":\"history\",\"status\":200,\"t\":1791351796073,\"ms\":9.5}","source":"console","time":"2026-10-07T05:43:16Z"}
{"level":"info","msg":"{\"ev\":\"req\",\"route\":\"problem_list\",\"status\":200,\"t\":1791351796167,\"ms\":3.5}","source":"console","time":"2026-10-07T05:43:16Z"}
{"level":"info","msg":"{\"ev\":\"req\",\"route\":\"problem_detail\",\"status\":200,\"t\":1791351796267,\"ms\":3.3}","source":"console","time":"2026-10-07T05:43:16Z"}
{"level":"info","msg":"{\"ev\":\"req\",\"route\":\"history\",\"status\":200,\"t\":1791351796374,\"ms\":9.9}","source":"console","time":"2026-10-07T05:43:16Z"}
{"level":"info","msg":"{\"ev\":\"req\",\"route\":\"problem_list\",\"status\":200,\"t\":1791351796472,\"ms\":8.3}","source":"console","time":"2026-10-07T05:43:16Z"}
{"level":"info","msg":"{\"ev\":\"req\",\"route\":\"problem_detail\",\"status\":200,\"t\":1791351796571,\"ms\":7.2}","source":"console","time":"2026-10-07T05:43:16Z"}
{"level":"info","msg":"{\"ev\":\"req\",\"route\":\"history\",\"status\":200,\"t\":1791351796682,\"ms\":18.1}","source":"console","time":"2026-10-07T05:43:16Z"}
{"level":"info","msg":"{\"ev\":\"req\",\"route\":\"problem_list\",\"status\":200,\"t\":1791351796772,\"ms\":8.2}","source":"console","time":"2026-10-07T05:43:16Z"}
{"level":"info","msg":"{\"ev\":\"req\",\"route\":\"problem_detail\",\"status\":200,\"t\":1791351796872,\"ms\":8}","source":"console","time":"2026-10-07T05:43:16Z"}
{"level":"info","msg":"{\"ev\":\"req\",\"route\":\"history\",\"status\":200,\"t\":1791351796981,\"ms\":17}","source":"console","time":"2026-10-07T05:43:16Z"}
{"level":"info","msg":"{\"ev\":\"req\",\"route\":\"problem_list\",\"status\":200,\"t\":1791351797072,\"ms\":8.4}","source":"console","time":"2026-10-07T05:43:17Z"}
{"level":"info","msg":"{\"ev\":\"req\",\"route\":\"problem_detail\",\"status\":200,\"t\":1791351797169,\"ms\":4.6}","source":"console","time":"2026-10-07T05:43:17Z"}
{"level":"info","msg":"{\"ev\":\"req\",\"route\":\"history\",\"status\":200,\"t\":1791351797277,\"ms\":13.5}","source":"console","time":"2026-10-07T05:43:17Z"}
{"level":"info","msg":"{\"ev\":\"req\",\"route\":\"submit\",\"status\":200,\"t\":1791351797359,\"ms\":29.1}","source":"console","time":"2026-10-07T05:43:17Z"}
{"level":"info","msg":"{\"ev\":\"accepted\",\"id\":\"39a46639-c107-4c40-ba0e-2742faa8c837\",\"t\":1791351797359}","source":"console","time":"2026-10-07T05:43:17Z"}
{"level":"info","msg":"{\"ev\":\"req\",\"route\":\"problem_list\",\"status\":200,\"t\":1791351797367,\"ms\":3.7}","source":"console","time":"2026-10-07T05:43:17Z"}
{"level":"info","msg":"{\"ev\":\"req\",\"route\":\"problem_detail\",\"status\":200,\"t\":1791351797469,\"ms\":4.9}","source":"console","time":"2026-10-07T05:43:17Z"}
{"level":"info","msg":"{\"ev\":\"req\",\"route\":\"history\",\"status\":200,\"t\":1791351797577,\"ms\":12.9}","source":"console","time":"2026-10-07T05:43:17Z"}
{"level":"info","msg":"{\"ev\":\"req\",\"route\":\"problem_list\",\"status\":200,\"t\":1791351797671,\"ms\":6.4}","source":"console","time":"2026-10-07T05:43:17Z"}
{"level":"info","msg":"{\"ev\":\"req\",\"route\":\"problem_detail\",\"status\":200,\"t\":1791351797767,\"ms\":3.1}","source":"console","time":"2026-10-07T05:43:17Z"}
{"level":"info","msg":"{\"ev\":\"req\",\"route\":\"history\",\"status\":200,\"t\":1791351797871,\"ms\":7.9}","source":"console","time":"2026-10-07T05:43:17Z"}
{"level":"info","msg":"{\"ev\":\"req\",\"route\":\"problem_list\",\"status\":200,\"t\":1791351797973,\"ms\":8.3}","source":"console","time":"2026-10-07T05:43:17Z"}
{"level":"info","msg":"{\"ev\":\"req\",\"route\":\"problem_detail\",\"status\":200,\"t\":1791351798072,\"ms\":8.1}","source":"console","time":"2026-10-07T05:43:18Z"}
{"level":"info","msg":"{\"ev\":\"req\",\"route\":\"history\",\"status\":200,\"t\":1791351798183,\"ms\":19.1}","source":"console","time":"2026-10-07T05:43:18Z"}
{"level":"info","msg":"{\"ev\":\"req\",\"route\":\"problem_list\",\"status\":200,\"t\":1791351798273,\"ms\":8.7}","source":"console","time":"2026-10-07T05:43:18Z"}
{"level":"info","msg":"{\"ev\":\"req\",\"route\":\"problem_detail\",\"status\":200,\"t\":1791351798372,\"ms\":7.8}","source":"console","time":"2026-10-07T05:43:18Z"}
{"level":"info","msg":"{\"ev\":\"req\",\"route\":\"history\",\"status\":200,\"t\":1791351798479,\"ms\":15.1}","source":"console","time":"2026-10-07T05:43:18Z"}
{"level":"info","msg":"{\"ev\":\"req\",\"route\":\"problem_list\",\"status\":200,\"t\":1791351798572,\"ms\":8.2}","source":"console","time":"2026-10-07T05:43:18Z"}
{"level":"info","msg":"{\"ev\":\"req\",\"route\":\"problem_detail\",\"status\":200,\"t\":1791351798672,\"ms\":8}","source":"console","time":"2026-10-07T05:43:18Z"}
{"level":"info","msg":"{\"ev\":\"req\",\"route\":\"history\",\"status\":200,\"t\":1791351798782,\"ms\":17.7}","source":"console","time":"2026-10-07T05:43:18Z"}
{"level":"info","msg":"{\"ev\":\"req\",\"route\":\"problem_list\",\"status\":200,\"t\":1791351798871,\"ms\":7.7}","source":"console","time":"2026-10-07T05:43:18Z"}
{"level":"info","msg":"{\"ev\":\"req\",\"route\":\"problem_detail\",\"status\":200,\"t\":1791351798972,\"ms\":8.4}","source":"console","time":"2026-10-07T05:43:18Z"}
{"level":"info","msg":"{\"ev\":\"req\",\"route\":\"submit\",\"status\":200,\"t\":1791351799028,\"ms\":30.8}","source":"console","time":"2026-10-07T05:43:19Z"}
{"level":"info","msg":"{\"ev\":\"accepted\",\"id\":\"700fa7d6-15e7-46aa-9132-c6a073373781\",\"t\":1791351799028}","source":"console","time":"2026-10-07T05:43:19Z"}
{"level":"info","msg":"{\"ev\":\"req\",\"route\":\"history\",\"status\":200,\"t\":1791351799071,\"ms\":7.4}","source":"console","time":"2026-10-07T05:43:19Z"}
{"level":"info","msg":"{\"ev\":\"req\",\"route\":\"problem_list\",\"status\":200,\"t\":1791351799167,\"ms\":3.5}","source":"console","time":"2026-10-07T05:43:19Z"}
{"level":"info","msg":"{\"ev\":\"req\",\"route\":\"problem_detail\",\"status\":200,\"t\":1791351799267,\"ms\":3.4}","source":"console","time":"2026-10-07T05:43:19Z"}
{"level":"info","msg":"{\"ev\":\"req\",\"route\":\"history\",\"status\":200,\"t\":1791351799372,\"ms\":8.1}","source":"console","time":"2026-10-07T05:43:19Z"}
{"level":"info","msg":"{\"ev\":\"req\",\"route\":\"problem_list\",\"status\":200,\"t\":1791351799468,\"ms\":3.7}","source":"console","time":"2026-10-07T05:43:19Z"}
{"level":"info","msg":"{\"ev\":\"req\",\"route\":\"problem_detail\",\"status\":200,\"t\":1791351799567,\"ms\":3.6}","source":"console","time":"2026-10-07T05:43:19Z"}
{"level":"info","msg":"{\"ev\":\"req\",\"route\":\"history\",\"status\":200,\"t\":1791351799675,\"ms\":11.5}","source":"console","time":"2026-10-07T05:43:19Z"}
{"level":"info","msg":"{\"ev\":\"req\",\"route\":\"problem_list\",\"status\":200,\"t\":1791351799768,\"ms\":4}","source":"console","time":"2026-10-07T05:43:19Z"}
{"level":"info","msg":"{\"ev\":\"req\",\"route\":\"problem_detail\",\"status\":200,\"t\":1791351799867,\"ms\":3.2}","source":"console","time":"2026-10-07T05:43:19Z"}
{"level":"info","msg":"{\"ev\":\"req\",\"route\":\"history\",\"status\":200,\"t\":1791351799973,\"ms\":9.4}","source":"console","time":"2026-10-07T05:43:19Z"}
{"level":"info","msg":"{\"ev\":\"req\",\"route\":\"problem_list\",\"status\":200,\"t\":1791351800068,\"ms\":4.2}","source":"console","time":"2026-10-07T05:43:20Z"}
{"level":"info","msg":"{\"ev\":\"req\",\"route\":\"problem_detail\",\"status\":200,\"t\":1791351800168,\"ms\":4.2}","source":"console","time":"2026-10-07T05:43:20Z"}
{"level":"info","msg":"{\"ev\":\"req\",\"route\":\"history\",\"status\":200,\"t\":1791351800272,\"ms\":8.4}","source":"console","time":"2026-10-07T05:43:20Z"}
{"level":"info","msg":"{\"ev\":\"req\",\"route\":\"problem_list\",\"status\":200,\"t\":1791351800367,\"ms\":3.5}","source":"console","time":"2026-10-07T05:43:20Z"}
{"level":"info","msg":"{\"ev\":\"req\",\"route\":\"problem_detail\",\"status\":200,\"t\":1791351800467,\"ms\":2.9}","source":"console","time":"2026-10-07T05:43:20Z"}
{"level":"info","msg":"{\"ev\":\"req\",\"route\":\"history\",\"status\":200,\"t\":1791351800582,\"ms\":17.7}","source":"console","time":"2026-10-07T05:43:20Z"}
{"level":"info","msg":"{\"ev\":\"req\",\"route\":\"problem_list\",\"status\":200,\"t\":1791351800668,\"ms\":4.2}","source":"console","time":"2026-10-07T05:43:20Z"}
{"level":"info","msg":"{\"ev\":\"req\",\"route\":\"submit\",\"status\":200,\"t\":1791351800686,\"ms\":22.8}","source":"console","time":"2026-10-07T05:43:20Z"}
{"level":"info","msg":"{\"ev\":\"accepted\",\"id\":\"e5f301b8-5a82-4f90-85bf-2bc035faf379\",\"t\":1791351800686}","source":"console","time":"2026-10-07T05:43:20Z"}
{"level":"info","msg":"{\"ev\":\"req\",\"route\":\"problem_detail\",\"status\":200,\"t\":1791351800771,\"ms\":7.1}","source":"console","time":"2026-10-07T05:43:20Z"}
{"level":"info","msg":"{\"ev\":\"req\",\"route\":\"history\",\"status\":200,\"t\":1791351800876,\"ms\":13}","source":"console","time":"2026-10-07T05:43:20Z"}
{"level":"info","msg":"{\"ev\":\"req\",\"route\":\"problem_list\",\"status\":200,\"t\":1791351800969,\"ms\":4.9}","source":"console","time":"2026-10-07T05:43:20Z"}
{"level":"info","msg":"{\"ev\":\"req\",\"route\":\"problem_detail\",\"status\":200,\"t\":1791351801069,\"ms\":4.9}","source":"console","time":"2026-10-07T05:43:21Z"}
{"level":"info","msg":"{\"ev\":\"req\",\"route\":\"history\",\"status\":200,\"t\":1791351801175,\"ms\":11}","source":"console","time":"2026-10-07T05:43:21Z"}
{"level":"info","msg":"{\"ev\":\"req\",\"route\":\"problem_list\",\"status\":200,\"t\":1791351801268,\"ms\":4.1}","source":"console","time":"2026-10-07T05:43:21Z"}
{"level":"info","msg":"{\"ev\":\"req\",\"route\":\"problem_detail\",\"status\":200,\"t\":1791351801373,\"ms\":8.3}","source":"console","time":"2026-10-07T05:43:21Z"}
{"level":"info","msg":"{\"ev\":\"req\",\"route\":\"history\",\"status\":200,\"t\":1791351801479,\"ms\":15.5}","source":"console","time":"2026-10-07T05:43:21Z"}
{"level":"info","msg":"{\"ev\":\"req\",\"route\":\"problem_list\",\"status\":200,\"t\":1791351801567,\"ms\":3.3}","source":"console","time":"2026-10-07T05:43:21Z"}
{"level":"info","msg":"{\"ev\":\"req\",\"route\":\"problem_detail\",\"status\":200,\"t\":1791351801667,\"ms\":3.1}","source":"console","time":"2026-10-07T05:43:21Z"}
{"level":"info","msg":"{\"ev\":\"req\",\"route\":\"history\",\"status\":200,\"t\":1791351801782,\"ms\":17.8}","source":"console","time":"2026-10-07T05:43:21Z"}
{"level":"info","msg":"{\"ev\":\"req\",\"route\":\"problem_list\",\"status\":200,\"t\":1791351801872,\"ms\":8.8}","source":"console","time":"2026-10-07T05:43:21Z"}
{"level":"info","msg":"{\"ev\":\"req\",\"route\":\"problem_detail\",\"status\":200,\"t\":1791351801972,\"ms\":8.2}","source":"console","time":"2026-10-07T05:43:21Z"}
{"level":"info","msg":"{\"ev\":\"req\",\"route\":\"history\",\"status\":200,\"t\":1791351802084,\"ms\":20.2}","source":"console","time":"2026-10-07T05:43:22Z"}
{"level":"info","msg":"{\"ev\":\"req\",\"route\":\"problem_list\",\"status\":200,\"t\":1791351802171,\"ms\":6.3}","source":"console","time":"2026-10-07T05:43:22Z"}
{"level":"info","msg":"{\"ev\":\"req\",\"route\":\"problem_detail\",\"status\":200,\"t\":1791351802272,\"ms\":8.1}","source":"console","time":"2026-10-07T05:43:22Z"}
{"level":"info","msg":"{\"ev\":\"req\",\"route\":\"submit\",\"status\":200,\"t\":1791351802347,\"ms\":16.1}","source":"console","time":"2026-10-07T05:43:22Z"}
{"level":"info","msg":"{\"ev\":\"accepted\",\"id\":\"858b4c89-b99f-4783-81f4-f00802091200\",\"t\":1791351802347}","source":"console","time":"2026-10-07T05:43:22Z"}
{"level":"info","msg":"{\"ev\":\"req\",\"route\":\"history\",\"status\":200,\"t\":1791351802372,\"ms\":7.6}","source":"console","time":"2026-10-07T05:43:22Z"}
{"level":"info","msg":"{\"ev\":\"req\",\"route\":\"problem_list\",\"status\":200,\"t\":1791351802468,\"ms\":3.9}","source":"console","time":"2026-10-07T05:43:22Z"}
{"level":"info","msg":"{\"ev\":\"req\",\"route\":\"problem_detail\",\"status\":200,\"t\":1791351802567,\"ms\":3.1}","source":"console","time":"2026-10-07T05:43:22Z"}
{"level":"info","msg":"{\"ev\":\"req\",\"route\":\"history\",\"status\":200,\"t\":1791351802671,\"ms\":7.9}","source":"console","time":"2026-10-07T05:43:22Z"}
{"level":"info","msg":"{\"ev\":\"req\",\"route\":\"problem_list\",\"status\":200,\"t\":1791351802768,\"ms\":3.5}","source":"console","time":"2026-10-07T05:43:22Z"}
{"level":"info","msg":"{\"ev\":\"req\",\"route\":\"problem_detail\",\"status\":200,\"t\":1791351802867,\"ms\":4.1}","source":"console","time":"2026-10-07T05:43:22Z"}
{"level":"info","msg":"{\"ev\":\"req\",\"route\":\"history\",\"status\":200,\"t\":1791351802971,\"ms\":7.6}","source":"console","time":"2026-10-07T05:43:22Z"}
{"level":"info","msg":"{\"ev\":\"req\",\"route\":\"problem_list\",\"status\":200,\"t\":1791351803072,\"ms\":8}","source":"console","time":"2026-10-07T05:43:23Z"}
{"level":"info","msg":"{\"ev\":\"req\",\"route\":\"problem_detail\",\"status\":200,\"t\":1791351803172,\"ms\":7.7}","source":"console","time":"2026-10-07T05:43:23Z"}
{"level":"info","msg":"{\"ev\":\"req\",\"route\":\"history\",\"status\":200,\"t\":1791351803280,\"ms\":16.6}","source":"console","time":"2026-10-07T05:43:23Z"}
{"level":"info","msg":"{\"ev\":\"req\",\"route\":\"problem_list\",\"status\":200,\"t\":1791351803373,\"ms\":8.7}","source":"console","time":"2026-10-07T05:43:23Z"}
{"level":"info","msg":"{\"ev\":\"req\",\"route\":\"problem_detail\",\"status\":200,\"t\":1791351803471,\"ms\":6.8}","source":"console","time":"2026-10-07T05:43:23Z"}
{"level":"info","msg":"{\"ev\":\"req\",\"route\":\"history\",\"status\":200,\"t\":1791351803581,\"ms\":16.8}","source":"console","time":"2026-10-07T05:43:23Z"}
{"level":"info","msg":"{\"ev\":\"req\",\"route\":\"problem_list\",\"status\":200,\"t\":1791351803674,\"ms\":9.3}","source":"console","time":"2026-10-07T05:43:23Z"}
{"level":"info","msg":"{\"ev\":\"req\",\"route\":\"problem_detail\",\"status\":200,\"t\":1791351803772,\"ms\":7.8}","source":"console","time":"2026-10-07T05:43:23Z"}
{"level":"info","msg":"{\"ev\":\"req\",\"route\":\"history\",\"status\":200,\"t\":1791351803880,\"ms\":16.4}","source":"console","time":"2026-10-07T05:43:23Z"}
{"level":"info","msg":"{\"ev\":\"req\",\"route\":\"problem_list\",\"status\":200,\"t\":1791351803973,\"ms\":8.7}","source":"console","time":"2026-10-07T05:43:23Z"}
{"level":"info","msg":"{\"ev\":\"req\",\"route\":\"submit\",\"status\":200,\"t\":1791351804030,\"ms\":33.4}","source":"console","time":"2026-10-07T05:43:24Z"}
{"level":"info","msg":"{\"ev\":\"accepted\",\"id\":\"9d743e1e-021d-4d0b-8bc3-e633209bb8d2\",\"t\":1791351804030}","source":"console","time":"2026-10-07T05:43:24Z"}
{"level":"info","msg":"{\"ev\":\"req\",\"route\":\"problem_detail\",\"status\":200,\"t\":1791351804069,\"ms\":4.9}","source":"console","time":"2026-10-07T05:43:24Z"}
{"level":"info","msg":"{\"ev\":\"req\",\"route\":\"history\",\"status\":200,\"t\":1791351804180,\"ms\":15.5}","source":"console","time":"2026-10-07T05:43:24Z"}
{"level":"info","msg":"{\"ev\":\"req\",\"route\":\"problem_list\",\"status\":200,\"t\":1791351804270,\"ms\":6.1}","source":"console","time":"2026-10-07T05:43:24Z"}
{"level":"info","msg":"{\"ev\":\"req\",\"route\":\"problem_detail\",\"status\":200,\"t\":1791351804367,\"ms\":3.3}","source":"console","time":"2026-10-07T05:43:24Z"}
{"level":"info","msg":"{\"ev\":\"req\",\"route\":\"history\",\"status\":200,\"t\":1791351804471,\"ms\":7.3}","source":"console","time":"2026-10-07T05:43:24Z"}
{"level":"info","msg":"{\"ev\":\"req\",\"route\":\"problem_list\",\"status\":200,\"t\":1791351804567,\"ms\":3.5}","source":"console","time":"2026-10-07T05:43:24Z"}
{"level":"info","msg":"{\"ev\":\"req\",\"route\":\"problem_detail\",\"status\":200,\"t\":1791351804673,\"ms\":9.8}","source":"console","time":"2026-10-07T05:43:24Z"}
{"level":"info","msg":"{\"ev\":\"req\",\"route\":\"history\",\"status\":200,\"t\":1791351804775,\"ms\":10.6}","source":"console","time":"2026-10-07T05:43:24Z"}
{"level":"info","msg":"{\"ev\":\"req\",\"route\":\"problem_list\",\"status\":200,\"t\":1791351804872,\"ms\":8.2}","source":"console","time":"2026-10-07T05:43:24Z"}
{"level":"info","msg":"{\"ev\":\"req\",\"route\":\"problem_detail\",\"status\":200,\"t\":1791351804971,\"ms\":7.1}","source":"console","time":"2026-10-07T05:43:24Z"}
{"level":"info","msg":"{\"ev\":\"req\",\"route\":\"history\",\"status\":200,\"t\":1791351805082,\"ms\":18.1}","source":"console","time":"2026-10-07T05:43:25Z"}
{"level":"info","msg":"{\"ev\":\"req\",\"route\":\"problem_list\",\"status\":200,\"t\":1791351805168,\"ms\":3.5}","source":"console","time":"2026-10-07T05:43:25Z"}
{"level":"info","msg":"{\"ev\":\"req\",\"route\":\"problem_detail\",\"status\":200,\"t\":1791351805272,\"ms\":7.5}","source":"console","time":"2026-10-07T05:43:25Z"}
{"level":"info","msg":"{\"ev\":\"req\",\"route\":\"history\",\"status\":200,\"t\":1791351805371,\"ms\":7.5}","source":"console","time":"2026-10-07T05:43:25Z"}
{"level":"info","msg":"{\"ev\":\"req\",\"route\":\"problem_list\",\"status\":200,\"t\":1791351805473,\"ms\":9}","source":"console","time":"2026-10-07T05:43:25Z"}
{"level":"info","msg":"{\"ev\":\"req\",\"route\":\"problem_detail\",\"status\":200,\"t\":1791351805571,\"ms\":7.1}","source":"console","time":"2026-10-07T05:43:25Z"}
{"level":"info","msg":"{\"ev\":\"req\",\"route\":\"history\",\"status\":200,\"t\":1791351805681,\"ms\":17.6}","source":"console","time":"2026-10-07T05:43:25Z"}
{"level":"info","msg":"{\"ev\":\"req\",\"route\":\"submit\",\"status\":200,\"t\":1791351805693,\"ms\":29.1}","source":"console","time":"2026-10-07T05:43:25Z"}
{"level":"info","msg":"{\"ev\":\"accepted\",\"id\":\"e96bb9f4-6a0c-41a6-b263-c3a8f48a434e\",\"t\":1791351805693}","source":"console","time":"2026-10-07T05:43:25Z"}
{"level":"info","msg":"{\"ev\":\"req\",\"route\":\"problem_list\",\"status\":200,\"t\":1791351805768,\"ms\":3.5}","source":"console","time":"2026-10-07T05:43:25Z"}
{"level":"info","msg":"{\"ev\":\"req\",\"route\":\"problem_detail\",\"status\":200,\"t\":1791351805867,\"ms\":3.6}","source":"console","time":"2026-10-07T05:43:25Z"}
{"level":"info","msg":"{\"ev\":\"req\",\"route\":\"history\",\"status\":200,\"t\":1791351805971,\"ms\":7.2}","source":"console","time":"2026-10-07T05:43:25Z"}
{"level":"info","msg":"{\"ev\":\"req\",\"route\":\"problem_list\",\"status\":200,\"t\":1791351806068,\"ms\":3.7}","source":"console","time":"2026-10-07T05:43:26Z"}
{"level":"info","msg":"{\"ev\":\"req\",\"route\":\"problem_detail\",\"status\":200,\"t\":1791351806166,\"ms\":3.2}","source":"console","time":"2026-10-07T05:43:26Z"}
{"level":"info","msg":"{\"ev\":\"req\",\"route\":\"history\",\"status\":200,\"t\":1791351806271,\"ms\":7.4}","source":"console","time":"2026-10-07T05:43:26Z"}
{"level":"info","msg":"{\"ev\":\"req\",\"route\":\"problem_list\",\"status\":200,\"t\":1791351806367,\"ms\":3.2}","source":"console","time":"2026-10-07T05:43:26Z"}
{"level":"info","msg":"{\"ev\":\"req\",\"route\":\"problem_detail\",\"status\":200,\"t\":1791351806472,\"ms\":7.2}","source":"console","time":"2026-10-07T05:43:26Z"}
{"level":"info","msg":"{\"ev\":\"req\",\"route\":\"history\",\"status\":200,\"t\":1791351806583,\"ms\":19.7}","source":"console","time":"2026-10-07T05:43:26Z"}
{"level":"info","msg":"{\"ev\":\"req\",\"route\":\"problem_list\",\"status\":200,\"t\":1791351806673,\"ms\":8.8}","source":"console","time":"2026-10-07T05:43:26Z"}
{"level":"info","msg":"{\"ev\":\"req\",\"route\":\"problem_detail\",\"status\":200,\"t\":1791351806772,\"ms\":7.9}","source":"console","time":"2026-10-07T05:43:26Z"}
{"level":"info","msg":"{\"ev\":\"req\",\"route\":\"history\",\"status\":200,\"t\":1791351806881,\"ms\":16.7}","source":"console","time":"2026-10-07T05:43:26Z"}
{"level":"info","msg":"{\"ev\":\"req\",\"route\":\"problem_list\",\"status\":200,\"t\":1791351806972,\"ms\":7.8}","source":"console","time":"2026-10-07T05:43:26Z"}
{"level":"info","msg":"{\"ev\":\"req\",\"route\":\"problem_detail\",\"status\":200,\"t\":1791351807072,\"ms\":7.9}","source":"console","time":"2026-10-07T05:43:27Z"}
{"level":"info","msg":"{\"ev\":\"req\",\"route\":\"history\",\"status\":200,\"t\":1791351807171,\"ms\":7.1}","source":"console","time":"2026-10-07T05:43:27Z"}
{"level":"info","msg":"{\"ev\":\"req\",\"route\":\"problem_list\",\"status\":200,\"t\":1791351807273,\"ms\":9}","source":"console","time":"2026-10-07T05:43:27Z"}
{"level":"info","msg":"{\"ev\":\"req\",\"route\":\"submit\",\"status\":200,\"t\":1791351807363,\"ms\":32.2}","source":"console","time":"2026-10-07T05:43:27Z"}
{"level":"info","msg":"{\"ev\":\"accepted\",\"id\":\"40a54a28-efbf-42e8-86fc-8eb88bb8682e\",\"t\":1791351807363}","source":"console","time":"2026-10-07T05:43:27Z"}
{"level":"info","msg":"{\"ev\":\"req\",\"route\":\"problem_detail\",\"status\":200,\"t\":1791351807367,\"ms\":3.9}","source":"console","time":"2026-10-07T05:43:27Z"}
{"level":"info","msg":"{\"ev\":\"req\",\"route\":\"history\",\"status\":200,\"t\":1791351807476,\"ms\":12.2}","source":"console","time":"2026-10-07T05:43:27Z"}
{"level":"info","msg":"{\"ev\":\"req\",\"route\":\"problem_list\",\"status\":200,\"t\":1791351807570,\"ms\":5.6}","source":"console","time":"2026-10-07T05:43:27Z"}
{"level":"info","msg":"{\"ev\":\"req\",\"route\":\"problem_detail\",\"status\":200,\"t\":1791351807673,\"ms\":5.8}","source":"console","time":"2026-10-07T05:43:27Z"}
{"level":"info","msg":"{\"ev\":\"req\",\"route\":\"history\",\"status\":200,\"t\":1791351807772,\"ms\":8.3}","source":"console","time":"2026-10-07T05:43:27Z"}
{"level":"info","msg":"{\"ev\":\"req\",\"route\":\"problem_list\",\"status\":200,\"t\":1791351807867,\"ms\":3.5}","source":"console","time":"2026-10-07T05:43:27Z"}
{"level":"info","msg":"{\"ev\":\"req\",\"route\":\"problem_detail\",\"status\":200,\"t\":1791351807968,\"ms\":4.3}","source":"console","time":"2026-10-07T05:43:27Z"}
{"level":"info","msg":"{\"ev\":\"req\",\"route\":\"history\",\"status\":200,\"t\":1791351808082,\"ms\":18.1}","source":"console","time":"2026-10-07T05:43:28Z"}
{"level":"info","msg":"{\"ev\":\"req\",\"route\":\"problem_list\",\"status\":200,\"t\":1791351808172,\"ms\":8}","source":"console","time":"2026-10-07T05:43:28Z"}
{"level":"info","msg":"{\"ev\":\"req\",\"route\":\"problem_detail\",\"status\":200,\"t\":1791351808272,\"ms\":7.6}","source":"console","time":"2026-10-07T05:43:28Z"}
{"level":"info","msg":"{\"ev\":\"req\",\"route\":\"history\",\"status\":200,\"t\":1791351808380,\"ms\":16.3}","source":"console","time":"2026-10-07T05:43:28Z"}
{"level":"info","msg":"{\"ev\":\"req\",\"route\":\"problem_list\",\"status\":200,\"t\":1791351808472,\"ms\":8.2}","source":"console","time":"2026-10-07T05:43:28Z"}
{"level":"info","msg":"{\"ev\":\"req\",\"route\":\"problem_detail\",\"status\":200,\"t\":1791351808571,\"ms\":6.5}","source":"console","time":"2026-10-07T05:43:28Z"}
{"level":"info","msg":"{\"ev\":\"req\",\"route\":\"history\",\"status\":200,\"t\":1791351808680,\"ms\":15.7}","source":"console","time":"2026-10-07T05:43:28Z"}
{"level":"info","msg":"{\"ev\":\"req\",\"route\":\"problem_list\",\"status\":200,\"t\":1791351808767,\"ms\":3.5}","source":"console","time":"2026-10-07T05:43:28Z"}
{"level":"info","msg":"{\"ev\":\"req\",\"route\":\"problem_detail\",\"status\":200,\"t\":1791351808871,\"ms\":7.7}","source":"console","time":"2026-10-07T05:43:28Z"}
{"level":"info","msg":"{\"ev\":\"req\",\"route\":\"history\",\"status\":200,\"t\":1791351808980,\"ms\":16.7}","source":"console","time":"2026-10-07T05:43:28Z"}
{"level":"info","msg":"{\"ev\":\"req\",\"route\":\"submit\",\"status\":200,\"t\":1791351809020,\"ms\":23.4}","source":"console","time":"2026-10-07T05:43:29Z"}
{"level":"info","msg":"{\"ev\":\"accepted\",\"id\":\"1bcf91ab-8d2e-4f2a-8a99-dd0ba3a510f0\",\"t\":1791351809020}","source":"console","time":"2026-10-07T05:43:29Z"}
{"level":"info","msg":"{\"ev\":\"req\",\"route\":\"problem_list\",\"status\":200,\"t\":1791351809067,\"ms\":3.2}","source":"console","time":"2026-10-07T05:43:29Z"}
{"level":"info","msg":"{\"ev\":\"req\",\"route\":\"problem_detail\",\"status\":200,\"t\":1791351809167,\"ms\":3.8}","source":"console","time":"2026-10-07T05:43:29Z"}
{"level":"info","msg":"{\"ev\":\"req\",\"route\":\"history\",\"status\":200,\"t\":1791351809274,\"ms\":9.5}","source":"console","time":"2026-10-07T05:43:29Z"}
{"level":"info","msg":"{\"ev\":\"req\",\"route\":\"problem_list\",\"status\":200,\"t\":1791351809367,\"ms\":3.5}","source":"console","time":"2026-10-07T05:43:29Z"}
{"level":"info","msg":"{\"ev\":\"req\",\"route\":\"problem_detail\",\"status\":200,\"t\":1791351809468,\"ms\":3.7}","source":"console","time":"2026-10-07T05:43:29Z"}
{"level":"info","msg":"{\"ev\":\"req\",\"route\":\"history\",\"status\":200,\"t\":1791351809571,\"ms\":7.6}","source":"console","time":"2026-10-07T05:43:29Z"}
{"level":"info","msg":"{\"ev\":\"req\",\"route\":\"problem_list\",\"status\":200,\"t\":1791351809668,\"ms\":4.1}","source":"console","time":"2026-10-07T05:43:29Z"}
{"level":"info","msg":"{\"ev\":\"req\",\"route\":\"problem_detail\",\"status\":200,\"t\":1791351809771,\"ms\":7.6}","source":"console","time":"2026-10-07T05:43:29Z"}
{"level":"info","msg":"{\"ev\":\"req\",\"route\":\"history\",\"status\":200,\"t\":1791351809880,\"ms\":16.4}","source":"console","time":"2026-10-07T05:43:29Z"}
{"level":"info","msg":"{\"ev\":\"req\",\"route\":\"problem_list\",\"status\":200,\"t\":1791351809967,\"ms\":3.5}","source":"console","time":"2026-10-07T05:43:29Z"}
{"level":"info","msg":"{\"ev\":\"req\",\"route\":\"problem_detail\",\"status\":200,\"t\":1791351810072,\"ms\":8.2}","source":"console","time":"2026-10-07T05:43:30Z"}
{"level":"info","msg":"{\"ev\":\"req\",\"route\":\"history\",\"status\":200,\"t\":1791351810173,\"ms\":9.4}","source":"console","time":"2026-10-07T05:43:30Z"}
{"level":"info","msg":"{\"ev\":\"req\",\"route\":\"problem_list\",\"status\":200,\"t\":1791351810272,\"ms\":8.3}","source":"console","time":"2026-10-07T05:43:30Z"}
{"level":"info","msg":"{\"ev\":\"req\",\"route\":\"problem_detail\",\"status\":200,\"t\":1791351810372,\"ms\":8}","source":"console","time":"2026-10-07T05:43:30Z"}
{"level":"info","msg":"{\"ev\":\"req\",\"route\":\"history\",\"status\":200,\"t\":1791351810481,\"ms\":16.4}","source":"console","time":"2026-10-07T05:43:30Z"}
{"level":"info","msg":"{\"ev\":\"req\",\"route\":\"problem_list\",\"status\":200,\"t\":1791351810573,\"ms\":8.6}","source":"console","time":"2026-10-07T05:43:30Z"}
{"level":"info","msg":"{\"ev\":\"req\",\"route\":\"problem_detail\",\"status\":200,\"t\":1791351810674,\"ms\":9.8}","source":"console","time":"2026-10-07T05:43:30Z"}
{"level":"info","msg":"{\"ev\":\"req\",\"route\":\"submit\",\"status\":200,\"t\":1791351810692,\"ms\":27.3}","source":"console","time":"2026-10-07T05:43:30Z"}
{"level":"info","msg":"{\"ev\":\"accepted\",\"id\":\"62df9e4c-0320-4676-866c-eaf580e81706\",\"t\":1791351810692}","source":"console","time":"2026-10-07T05:43:30Z"}
{"level":"info","msg":"{\"ev\":\"req\",\"route\":\"history\",\"status\":200,\"t\":1791351810775,\"ms\":12.1}","source":"console","time":"2026-10-07T05:43:30Z"}
{"level":"info","msg":"{\"ev\":\"req\",\"route\":\"problem_list\",\"status\":200,\"t\":1791351810871,\"ms\":6.7}","source":"console","time":"2026-10-07T05:43:30Z"}
{"level":"info","msg":"{\"ev\":\"req\",\"route\":\"problem_detail\",\"status\":200,\"t\":1791351810968,\"ms\":4.2}","source":"console","time":"2026-10-07T05:43:30Z"}
{"level":"info","msg":"{\"ev\":\"req\",\"route\":\"history\",\"status\":200,\"t\":1791351811082,\"ms\":18.5}","source":"console","time":"2026-10-07T05:43:31Z"}
{"level":"info","msg":"{\"ev\":\"req\",\"route\":\"problem_list\",\"status\":200,\"t\":1791351811169,\"ms\":5.3}","source":"console","time":"2026-10-07T05:43:31Z"}
{"level":"info","msg":"{\"ev\":\"req\",\"route\":\"problem_detail\",\"status\":200,\"t\":1791351811268,\"ms\":4.4}","source":"console","time":"2026-10-07T05:43:31Z"}
{"level":"info","msg":"{\"ev\":\"req\",\"route\":\"history\",\"status\":200,\"t\":1791351811374,\"ms\":9.9}","source":"console","time":"2026-10-07T05:43:31Z"}
{"level":"info","msg":"{\"ev\":\"req\",\"route\":\"problem_list\",\"status\":200,\"t\":1791351811468,\"ms\":4}","source":"console","time":"2026-10-07T05:43:31Z"}
{"level":"info","msg":"{\"ev\":\"req\",\"route\":\"problem_detail\",\"status\":200,\"t\":1791351811567,\"ms\":3.2}","source":"console","time":"2026-10-07T05:43:31Z"}
{"level":"info","msg":"{\"ev\":\"req\",\"route\":\"history\",\"status\":200,\"t\":1791351811681,\"ms\":17.5}","source":"console","time":"2026-10-07T05:43:31Z"}
{"level":"info","msg":"{\"ev\":\"req\",\"route\":\"problem_list\",\"status\":200,\"t\":1791351811771,\"ms\":7.5}","source":"console","time":"2026-10-07T05:43:31Z"}
{"level":"info","msg":"{\"ev\":\"req\",\"route\":\"problem_detail\",\"status\":200,\"t\":1791351811872,\"ms\":7.9}","source":"console","time":"2026-10-07T05:43:31Z"}
{"level":"info","msg":"{\"ev\":\"req\",\"route\":\"history\",\"status\":200,\"t\":1791351811974,\"ms\":10.6}","source":"console","time":"2026-10-07T05:43:31Z"}
{"level":"info","msg":"{\"ev\":\"req\",\"route\":\"problem_list\",\"status\":200,\"t\":1791351812072,\"ms\":8.1}","source":"console","time":"2026-10-07T05:43:32Z"}
{"level":"info","msg":"{\"ev\":\"req\",\"route\":\"problem_detail\",\"status\":200,\"t\":1791351812172,\"ms\":8}","source":"console","time":"2026-10-07T05:43:32Z"}
{"level":"info","msg":"{\"ev\":\"req\",\"route\":\"history\",\"status\":200,\"t\":1791351812280,\"ms\":15.5}","source":"console","time":"2026-10-07T05:43:32Z"}
{"level":"info","msg":"{\"ev\":\"req\",\"route\":\"submit\",\"status\":200,\"t\":1791351812344,\"ms\":14}","source":"console","time":"2026-10-07T05:43:32Z"}
{"level":"info","msg":"{\"ev\":\"accepted\",\"id\":\"992d2ec9-8a04-463d-a9f0-b42da6343de3\",\"t\":1791351812344}","source":"console","time":"2026-10-07T05:43:32Z"}
{"level":"info","msg":"{\"ev\":\"req\",\"route\":\"problem_list\",\"status\":200,\"t\":1791351812367,\"ms\":3.7}","source":"console","time":"2026-10-07T05:43:32Z"}
{"level":"info","msg":"{\"ev\":\"req\",\"route\":\"problem_detail\",\"status\":200,\"t\":1791351812467,\"ms\":3.4}","source":"console","time":"2026-10-07T05:43:32Z"}
{"level":"info","msg":"{\"ev\":\"req\",\"route\":\"history\",\"status\":200,\"t\":1791351812571,\"ms\":7}","source":"console","time":"2026-10-07T05:43:32Z"}
{"level":"info","msg":"{\"ev\":\"req\",\"route\":\"problem_list\",\"status\":200,\"t\":1791351812667,\"ms\":3.6}","source":"console","time":"2026-10-07T05:43:32Z"}
{"level":"info","msg":"{\"ev\":\"req\",\"route\":\"problem_detail\",\"status\":200,\"t\":1791351812768,\"ms\":3.4}","source":"console","time":"2026-10-07T05:43:32Z"}
{"level":"info","msg":"{\"ev\":\"req\",\"route\":\"history\",\"status\":200,\"t\":1791351812872,\"ms\":8.4}","source":"console","time":"2026-10-07T05:43:32Z"}
{"level":"info","msg":"{\"ev\":\"req\",\"route\":\"problem_list\",\"status\":200,\"t\":1791351812967,\"ms\":4.2}","source":"console","time":"2026-10-07T05:43:32Z"}
{"level":"info","msg":"{\"ev\":\"req\",\"route\":\"problem_detail\",\"status\":200,\"t\":1791351813067,\"ms\":3.3}","source":"console","time":"2026-10-07T05:43:33Z"}
{"level":"info","msg":"{\"ev\":\"req\",\"route\":\"history\",\"status\":200,\"t\":1791351813176,\"ms\":12.5}","source":"console","time":"2026-10-07T05:43:33Z"}
{"level":"info","msg":"{\"ev\":\"req\",\"route\":\"problem_list\",\"status\":200,\"t\":1791351813275,\"ms\":10.3}","source":"console","time":"2026-10-07T05:43:33Z"}
{"level":"info","msg":"{\"ev\":\"req\",\"route\":\"problem_detail\",\"status\":200,\"t\":1791351813367,\"ms\":3.3}","source":"console","time":"2026-10-07T05:43:33Z"}
{"level":"info","msg":"{\"ev\":\"req\",\"route\":\"history\",\"status\":200,\"t\":1791351813470,\"ms\":6.7}","source":"console","time":"2026-10-07T05:43:33Z"}
{"level":"info","msg":"{\"ev\":\"req\",\"route\":\"problem_list\",\"status\":200,\"t\":1791351813567,\"ms\":3.7}","source":"console","time":"2026-10-07T05:43:33Z"}
{"level":"info","msg":"{\"ev\":\"req\",\"route\":\"problem_detail\",\"status\":200,\"t\":1791351813671,\"ms\":6.9}","source":"console","time":"2026-10-07T05:43:33Z"}
{"level":"info","msg":"{\"ev\":\"req\",\"route\":\"history\",\"status\":200,\"t\":1791351813781,\"ms\":17.5}","source":"console","time":"2026-10-07T05:43:33Z"}
{"level":"info","msg":"{\"ev\":\"req\",\"route\":\"problem_list\",\"status\":200,\"t\":1791351813872,\"ms\":7.4}","source":"console","time":"2026-10-07T05:43:33Z"}
{"level":"info","msg":"{\"ev\":\"req\",\"route\":\"problem_detail\",\"status\":200,\"t\":1791351813971,\"ms\":7.6}","source":"console","time":"2026-10-07T05:43:33Z"}
{"level":"info","msg":"{\"ev\":\"req\",\"route\":\"submit\",\"status\":200,\"t\":1791351814034,\"ms\":36.2}","source":"console","time":"2026-10-07T05:43:34Z"}
{"level":"info","msg":"{\"ev\":\"accepted\",\"id\":\"6a8bd34a-b1a6-41f8-a967-ab84d14c85b2\",\"t\":1791351814034}","source":"console","time":"2026-10-07T05:43:34Z"}
{"level":"info","msg":"{\"ev\":\"req\",\"route\":\"history\",\"status\":200,\"t\":1791351814074,\"ms\":9.9}","source":"console","time":"2026-10-07T05:43:34Z"}
{"level":"info","msg":"{\"ev\":\"req\",\"route\":\"problem_list\",\"status\":200,\"t\":1791351814169,\"ms\":5.3}","source":"console","time":"2026-10-07T05:43:34Z"}
{"level":"info","msg":"{\"ev\":\"req\",\"route\":\"problem_detail\",\"status\":200,\"t\":1791351814269,\"ms\":4.5}","source":"console","time":"2026-10-07T05:43:34Z"}
{"level":"info","msg":"{\"ev\":\"req\",\"route\":\"history\",\"status\":200,\"t\":1791351814372,\"ms\":8}","source":"console","time":"2026-10-07T05:43:34Z"}
{"level":"info","msg":"{\"ev\":\"req\",\"route\":\"problem_list\",\"status\":200,\"t\":1791351814467,\"ms\":3.9}","source":"console","time":"2026-10-07T05:43:34Z"}
{"level":"info","msg":"{\"ev\":\"req\",\"route\":\"problem_detail\",\"status\":200,\"t\":1791351814567,\"ms\":3.3}","source":"console","time":"2026-10-07T05:43:34Z"}
{"level":"info","msg":"{\"ev\":\"req\",\"route\":\"history\",\"status\":200,\"t\":1791351814680,\"ms\":15.6}","source":"console","time":"2026-10-07T05:43:34Z"}
{"level":"info","msg":"{\"ev\":\"req\",\"route\":\"problem_list\",\"status\":200,\"t\":1791351814772,\"ms\":7.9}","source":"console","time":"2026-10-07T05:43:34Z"}
{"level":"info","msg":"{\"ev\":\"req\",\"route\":\"problem_detail\",\"status\":200,\"t\":1791351814872,\"ms\":7.8}","source":"console","time":"2026-10-07T05:43:34Z"}
{"level":"info","msg":"{\"ev\":\"req\",\"route\":\"history\",\"status\":200,\"t\":1791351814977,\"ms\":13.5}","source":"console","time":"2026-10-07T05:43:34Z"}
{"level":"info","msg":"{\"ev\":\"req\",\"route\":\"problem_list\",\"status\":200,\"t\":1791351815068,\"ms\":4.3}","source":"console","time":"2026-10-07T05:43:35Z"}
{"level":"info","msg":"{\"ev\":\"req\",\"route\":\"problem_detail\",\"status\":200,\"t\":1791351815171,\"ms\":6.7}","source":"console","time":"2026-10-07T05:43:35Z"}
{"level":"info","msg":"{\"ev\":\"req\",\"route\":\"history\",\"status\":200,\"t\":1791351815279,\"ms\":14.5}","source":"console","time":"2026-10-07T05:43:35Z"}
{"level":"info","msg":"{\"ev\":\"req\",\"route\":\"problem_list\",\"status\":200,\"t\":1791351815372,\"ms\":8.6}","source":"console","time":"2026-10-07T05:43:35Z"}
{"level":"info","msg":"{\"ev\":\"req\",\"route\":\"problem_detail\",\"status\":200,\"t\":1791351815472,\"ms\":8.2}","source":"console","time":"2026-10-07T05:43:35Z"}
{"level":"info","msg":"{\"ev\":\"req\",\"route\":\"history\",\"status\":200,\"t\":1791351815581,\"ms\":17.3}","source":"console","time":"2026-10-07T05:43:35Z"}
{"level":"info","msg":"{\"ev\":\"req\",\"route\":\"problem_list\",\"status\":200,\"t\":1791351815672,\"ms\":8.7}","source":"console","time":"2026-10-07T05:43:35Z"}
{"level":"info","msg":"{\"ev\":\"req\",\"route\":\"submit\",\"status\":200,\"t\":1791351815683,\"ms\":19.2}","source":"console","time":"2026-10-07T05:43:35Z"}
{"level":"info","msg":"{\"ev\":\"accepted\",\"id\":\"a45d6292-071f-4d6d-abe5-9fa629374a72\",\"t\":1791351815683}","source":"console","time":"2026-10-07T05:43:35Z"}
{"level":"info","msg":"{\"ev\":\"req\",\"route\":\"problem_detail\",\"status\":200,\"t\":1791351815768,\"ms\":3.5}","source":"console","time":"2026-10-07T05:43:35Z"}
{"level":"info","msg":"{\"ev\":\"req\",\"route\":\"history\",\"status\":200,\"t\":1791351815871,\"ms\":7}","source":"console","time":"2026-10-07T05:43:35Z"}
{"level":"info","msg":"{\"ev\":\"req\",\"route\":\"problem_list\",\"status\":200,\"t\":1791351815968,\"ms\":4.9}","source":"console","time":"2026-10-07T05:43:35Z"}
{"level":"info","msg":"{\"ev\":\"req\",\"route\":\"problem_detail\",\"status\":200,\"t\":1791351816067,\"ms\":3.5}","source":"console","time":"2026-10-07T05:43:36Z"}
{"level":"info","msg":"{\"ev\":\"req\",\"route\":\"history\",\"status\":200,\"t\":1791351816172,\"ms\":8.1}","source":"console","time":"2026-10-07T05:43:36Z"}
{"level":"info","msg":"{\"ev\":\"req\",\"route\":\"problem_list\",\"status\":200,\"t\":1791351816267,\"ms\":3.7}","source":"console","time":"2026-10-07T05:43:36Z"}
{"level":"info","msg":"{\"ev\":\"req\",\"route\":\"problem_detail\",\"status\":200,\"t\":1791351816368,\"ms\":4.1}","source":"console","time":"2026-10-07T05:43:36Z"}
{"level":"info","msg":"{\"ev\":\"req\",\"route\":\"history\",\"status\":200,\"t\":1791351816474,\"ms\":9.3}","source":"console","time":"2026-10-07T05:43:36Z"}
{"level":"info","msg":"{\"ev\":\"req\",\"route\":\"problem_list\",\"status\":200,\"t\":1791351816573,\"ms\":8.4}","source":"console","time":"2026-10-07T05:43:36Z"}
{"level":"info","msg":"{\"ev\":\"req\",\"route\":\"problem_detail\",\"status\":200,\"t\":1791351816671,\"ms\":7.3}","source":"console","time":"2026-10-07T05:43:36Z"}
{"level":"info","msg":"{\"ev\":\"req\",\"route\":\"history\",\"status\":200,\"t\":1791351816780,\"ms\":15.3}","source":"console","time":"2026-10-07T05:43:36Z"}
{"level":"info","msg":"{\"ev\":\"req\",\"route\":\"problem_list\",\"status\":200,\"t\":1791351816867,\"ms\":3.8}","source":"console","time":"2026-10-07T05:43:36Z"}
{"level":"info","msg":"{\"ev\":\"req\",\"route\":\"problem_detail\",\"status\":200,\"t\":1791351816972,\"ms\":7.6}","source":"console","time":"2026-10-07T05:43:36Z"}
{"level":"info","msg":"{\"ev\":\"req\",\"route\":\"history\",\"status\":200,\"t\":1791351817079,\"ms\":15.4}","source":"console","time":"2026-10-07T05:43:37Z"}
{"level":"info","msg":"{\"ev\":\"req\",\"route\":\"problem_list\",\"status\":200,\"t\":1791351817172,\"ms\":7.3}","source":"console","time":"2026-10-07T05:43:37Z"}
{"level":"info","msg":"{\"ev\":\"req\",\"route\":\"problem_detail\",\"status\":200,\"t\":1791351817272,\"ms\":8.1}","source":"console","time":"2026-10-07T05:43:37Z"}
{"level":"info","msg":"{\"ev\":\"req\",\"route\":\"submit\",\"status\":200,\"t\":1791351817356,\"ms\":25}","source":"console","time":"2026-10-07T05:43:37Z"}
{"level":"info","msg":"{\"ev\":\"accepted\",\"id\":\"c754d506-fed5-41c6-88c3-c3cbc5c1dc6f\",\"t\":1791351817356}","source":"console","time":"2026-10-07T05:43:37Z"}
{"level":"info","msg":"{\"ev\":\"req\",\"route\":\"history\",\"status\":200,\"t\":1791351817370,\"ms\":6.5}","source":"console","time":"2026-10-07T05:43:37Z"}
{"level":"info","msg":"{\"ev\":\"req\",\"route\":\"problem_list\",\"status\":200,\"t\":1791351817469,\"ms\":5.4}","source":"console","time":"2026-10-07T05:43:37Z"}
{"level":"info","msg":"{\"ev\":\"req\",\"route\":\"problem_detail\",\"status\":200,\"t\":1791351817570,\"ms\":5.6}","source":"console","time":"2026-10-07T05:43:37Z"}
{"level":"info","msg":"{\"ev\":\"req\",\"route\":\"history\",\"status\":200,\"t\":1791351817676,\"ms\":11.5}","source":"console","time":"2026-10-07T05:43:37Z"}
{"level":"info","msg":"{\"ev\":\"req\",\"route\":\"problem_list\",\"status\":200,\"t\":1791351817768,\"ms\":4.5}","source":"console","time":"2026-10-07T05:43:37Z"}
{"level":"info","msg":"{\"ev\":\"req\",\"route\":\"problem_detail\",\"status\":200,\"t\":1791351817867,\"ms\":3.4}","source":"console","time":"2026-10-07T05:43:37Z"}
{"level":"info","msg":"{\"ev\":\"req\",\"route\":\"history\",\"status\":200,\"t\":1791351817972,\"ms\":8.3}","source":"console","time":"2026-10-07T05:43:37Z"}
{"level":"info","msg":"{\"ev\":\"req\",\"route\":\"problem_list\",\"status\":200,\"t\":1791351818072,\"ms\":8.3}","source":"console","time":"2026-10-07T05:43:38Z"}
{"level":"info","msg":"{\"ev\":\"req\",\"route\":\"problem_detail\",\"status\":200,\"t\":1791351818167,\"ms\":3.2}","source":"console","time":"2026-10-07T05:43:38Z"}
{"level":"info","msg":"{\"ev\":\"req\",\"route\":\"history\",\"status\":200,\"t\":1791351818271,\"ms\":7.3}","source":"console","time":"2026-10-07T05:43:38Z"}
{"level":"info","msg":"{\"ev\":\"req\",\"route\":\"problem_list\",\"status\":200,\"t\":1791351818368,\"ms\":4.4}","source":"console","time":"2026-10-07T05:43:38Z"}
{"level":"info","msg":"{\"ev\":\"req\",\"route\":\"problem_detail\",\"status\":200,\"t\":1791351818468,\"ms\":3.8}","source":"console","time":"2026-10-07T05:43:38Z"}
{"level":"info","msg":"{\"ev\":\"req\",\"route\":\"history\",\"status\":200,\"t\":1791351818570,\"ms\":5.8}","source":"console","time":"2026-10-07T05:43:38Z"}
{"level":"info","msg":"{\"ev\":\"req\",\"route\":\"problem_list\",\"status\":200,\"t\":1791351818672,\"ms\":8.3}","source":"console","time":"2026-10-07T05:43:38Z"}
{"level":"info","msg":"{\"ev\":\"req\",\"route\":\"problem_detail\",\"status\":200,\"t\":1791351818767,\"ms\":3.2}","source":"console","time":"2026-10-07T05:43:38Z"}
{"level":"info","msg":"{\"ev\":\"req\",\"route\":\"history\",\"status\":200,\"t\":1791351818876,\"ms\":11.7}","source":"console","time":"2026-10-07T05:43:38Z"}
{"level":"info","msg":"{\"ev\":\"req\",\"route\":\"problem_list\",\"status\":200,\"t\":1791351818973,\"ms\":8.8}","source":"console","time":"2026-10-07T05:43:38Z"}
{"level":"info","msg":"{\"ev\":\"req\",\"route\":\"submit\",\"status\":200,\"t\":1791351819026,\"ms\":28.7}","source":"console","time":"2026-10-07T05:43:39Z"}
{"level":"info","msg":"{\"ev\":\"accepted\",\"id\":\"9640cb44-fec3-43c8-bcd2-586b1b594328\",\"t\":1791351819026}","source":"console","time":"2026-10-07T05:43:39Z"}
{"level":"info","msg":"{\"ev\":\"req\",\"route\":\"problem_detail\",\"status\":200,\"t\":1791351819067,\"ms\":3.4}","source":"console","time":"2026-10-07T05:43:39Z"}
{"level":"info","msg":"{\"ev\":\"req\",\"route\":\"history\",\"status\":200,\"t\":1791351819172,\"ms\":8.4}","source":"console","time":"2026-10-07T05:43:39Z"}
{"level":"info","msg":"{\"ev\":\"req\",\"route\":\"problem_list\",\"status\":200,\"t\":1791351819268,\"ms\":4.1}","source":"console","time":"2026-10-07T05:43:39Z"}
{"level":"info","msg":"{\"ev\":\"req\",\"route\":\"problem_detail\",\"status\":200,\"t\":1791351819368,\"ms\":3.9}","source":"console","time":"2026-10-07T05:43:39Z"}
{"level":"info","msg":"{\"ev\":\"req\",\"route\":\"history\",\"status\":200,\"t\":1791351819471,\"ms\":7.2}","source":"console","time":"2026-10-07T05:43:39Z"}
{"level":"info","msg":"{\"ev\":\"req\",\"route\":\"problem_list\",\"status\":200,\"t\":1791351819568,\"ms\":3.7}","source":"console","time":"2026-10-07T05:43:39Z"}
{"level":"info","msg":"{\"ev\":\"req\",\"route\":\"problem_detail\",\"status\":200,\"t\":1791351819667,\"ms\":3.9}","source":"console","time":"2026-10-07T05:43:39Z"}
{"level":"info","msg":"{\"ev\":\"req\",\"route\":\"history\",\"status\":200,\"t\":1791351819779,\"ms\":14.8}","source":"console","time":"2026-10-07T05:43:39Z"}
{"level":"info","msg":"{\"ev\":\"req\",\"route\":\"problem_list\",\"status\":200,\"t\":1791351819872,\"ms\":8.2}","source":"console","time":"2026-10-07T05:43:39Z"}
{"level":"info","msg":"{\"ev\":\"req\",\"route\":\"problem_detail\",\"status\":200,\"t\":1791351819971,\"ms\":7.2}","source":"console","time":"2026-10-07T05:43:39Z"}
{"level":"info","msg":"{\"ev\":\"req\",\"route\":\"history\",\"status\":200,\"t\":1791351820070,\"ms\":7}","source":"console","time":"2026-10-07T05:43:40Z"}
{"level":"info","msg":"{\"ev\":\"req\",\"route\":\"problem_list\",\"status\":200,\"t\":1791351820171,\"ms\":6.3}","source":"console","time":"2026-10-07T05:43:40Z"}
{"level":"info","msg":"{\"ev\":\"req\",\"route\":\"problem_detail\",\"status\":200,\"t\":1791351820266,\"ms\":3.1}","source":"console","time":"2026-10-07T05:43:40Z"}
{"level":"info","msg":"{\"ev\":\"req\",\"route\":\"history\",\"status\":200,\"t\":1791351820373,\"ms\":9.1}","source":"console","time":"2026-10-07T05:43:40Z"}
{"level":"info","msg":"{\"ev\":\"req\",\"route\":\"problem_list\",\"status\":200,\"t\":1791351820472,\"ms\":8.1}","source":"console","time":"2026-10-07T05:43:40Z"}
{"level":"info","msg":"{\"ev\":\"req\",\"route\":\"problem_detail\",\"status\":200,\"t\":1791351820571,\"ms\":7.4}","source":"console","time":"2026-10-07T05:43:40Z"}
{"level":"info","msg":"{\"ev\":\"req\",\"route\":\"history\",\"status\":200,\"t\":1791351820673,\"ms\":9.7}","source":"console","time":"2026-10-07T05:43:40Z"}
{"level":"info","msg":"{\"ev\":\"req\",\"route\":\"submit\",\"status\":200,\"t\":1791351820685,\"ms\":21}","source":"console","time":"2026-10-07T05:43:40Z"}
{"level":"info","msg":"{\"ev\":\"accepted\",\"id\":\"3bdff73d-0d84-4131-adac-d97249b5273f\",\"t\":1791351820685}","source":"console","time":"2026-10-07T05:43:40Z"}
{"level":"info","msg":"{\"ev\":\"req\",\"route\":\"problem_list\",\"status\":200,\"t\":1791351820769,\"ms\":4.9}","source":"console","time":"2026-10-07T05:43:40Z"}
{"level":"info","msg":"{\"ev\":\"req\",\"route\":\"problem_detail\",\"status\":200,\"t\":1791351820868,\"ms\":4.3}","source":"console","time":"2026-10-07T05:43:40Z"}
{"level":"info","msg":"{\"ev\":\"req\",\"route\":\"history\",\"status\":200,\"t\":1791351820973,\"ms\":9.5}","source":"console","time":"2026-10-07T05:43:40Z"}
{"level":"info","msg":"{\"ev\":\"req\",\"route\":\"problem_list\",\"status\":200,\"t\":1791351821068,\"ms\":4.2}","source":"console","time":"2026-10-07T05:43:41Z"}
{"level":"info","msg":"{\"ev\":\"req\",\"route\":\"problem_detail\",\"status\":200,\"t\":1791351821167,\"ms\":3.6}","source":"console","time":"2026-10-07T05:43:41Z"}
{"level":"info","msg":"{\"ev\":\"req\",\"route\":\"history\",\"status\":200,\"t\":1791351821273,\"ms\":9.3}","source":"console","time":"2026-10-07T05:43:41Z"}
{"level":"info","msg":"{\"ev\":\"req\",\"route\":\"problem_list\",\"status\":200,\"t\":1791351821367,\"ms\":3.5}","source":"console","time":"2026-10-07T05:43:41Z"}
{"level":"info","msg":"{\"ev\":\"req\",\"route\":\"problem_detail\",\"status\":200,\"t\":1791351821468,\"ms\":3.8}","source":"console","time":"2026-10-07T05:43:41Z"}
{"level":"info","msg":"{\"ev\":\"req\",\"route\":\"history\",\"status\":200,\"t\":1791351821579,\"ms\":15}","source":"console","time":"2026-10-07T05:43:41Z"}
{"level":"info","msg":"{\"ev\":\"req\",\"route\":\"problem_list\",\"status\":200,\"t\":1791351821672,\"ms\":7.8}","source":"console","time":"2026-10-07T05:43:41Z"}
{"level":"info","msg":"{\"ev\":\"req\",\"route\":\"problem_detail\",\"status\":200,\"t\":1791351821766,\"ms\":3.1}","source":"console","time":"2026-10-07T05:43:41Z"}
{"level":"info","msg":"{\"ev\":\"req\",\"route\":\"history\",\"status\":200,\"t\":1791351821880,\"ms\":16.6}","source":"console","time":"2026-10-07T05:43:41Z"}
{"level":"info","msg":"{\"ev\":\"req\",\"route\":\"problem_list\",\"status\":200,\"t\":1791351821969,\"ms\":5.2}","source":"console","time":"2026-10-07T05:43:41Z"}
{"level":"info","msg":"{\"ev\":\"req\",\"route\":\"problem_detail\",\"status\":200,\"t\":1791351822067,\"ms\":3.3}","source":"console","time":"2026-10-07T05:43:42Z"}
{"level":"info","msg":"{\"ev\":\"req\",\"route\":\"history\",\"status\":200,\"t\":1791351822174,\"ms\":10}","source":"console","time":"2026-10-07T05:43:42Z"}
{"level":"info","msg":"{\"ev\":\"req\",\"route\":\"problem_list\",\"status\":200,\"t\":1791351822268,\"ms\":3.9}","source":"console","time":"2026-10-07T05:43:42Z"}
{"level":"info","msg":"{\"ev\":\"req\",\"route\":\"submit\",\"status\":200,\"t\":1791351822355,\"ms\":25}","source":"console","time":"2026-10-07T05:43:42Z"}
{"level":"info","msg":"{\"ev\":\"accepted\",\"id\":\"e576bc59-5df2-4bbc-9e40-7ba682b18340\",\"t\":1791351822356}","source":"console","time":"2026-10-07T05:43:42Z"}
{"level":"info","msg":"{\"ev\":\"req\",\"route\":\"problem_detail\",\"status\":200,\"t\":1791351822375,\"ms\":10.8}","source":"console","time":"2026-10-07T05:43:42Z"}
{"level":"info","msg":"{\"ev\":\"req\",\"route\":\"history\",\"status\":200,\"t\":1791351822472,\"ms\":8.1}","source":"console","time":"2026-10-07T05:43:42Z"}
{"level":"info","msg":"{\"ev\":\"req\",\"route\":\"problem_list\",\"status\":200,\"t\":1791351822567,\"ms\":4.3}","source":"console","time":"2026-10-07T05:43:42Z"}
{"level":"info","msg":"{\"ev\":\"req\",\"route\":\"problem_detail\",\"status\":200,\"t\":1791351822669,\"ms\":5}","source":"console","time":"2026-10-07T05:43:42Z"}
{"level":"info","msg":"{\"ev\":\"req\",\"route\":\"history\",\"status\":200,\"t\":1791351822771,\"ms\":7.1}","source":"console","time":"2026-10-07T05:43:42Z"}
{"level":"info","msg":"{\"ev\":\"req\",\"route\":\"problem_list\",\"status\":200,\"t\":1791351822867,\"ms\":3.9}","source":"console","time":"2026-10-07T05:43:42Z"}
{"level":"info","msg":"{\"ev\":\"req\",\"route\":\"problem_detail\",\"status\":200,\"t\":1791351822967,\"ms\":3.4}","source":"console","time":"2026-10-07T05:43:42Z"}
{"level":"info","msg":"{\"ev\":\"req\",\"route\":\"history\",\"status\":200,\"t\":1791351823072,\"ms\":8.2}","source":"console","time":"2026-10-07T05:43:43Z"}
{"level":"info","msg":"{\"ev\":\"req\",\"route\":\"problem_list\",\"status\":200,\"t\":1791351823171,\"ms\":7.8}","source":"console","time":"2026-10-07T05:43:43Z"}
{"level":"info","msg":"{\"ev\":\"req\",\"route\":\"problem_detail\",\"status\":200,\"t\":1791351823267,\"ms\":3.7}","source":"console","time":"2026-10-07T05:43:43Z"}
{"level":"info","msg":"{\"ev\":\"req\",\"route\":\"history\",\"status\":200,\"t\":1791351823378,\"ms\":14.9}","source":"console","time":"2026-10-07T05:43:43Z"}
{"level":"info","msg":"{\"ev\":\"req\",\"route\":\"problem_list\",\"status\":200,\"t\":1791351823473,\"ms\":9.1}","source":"console","time":"2026-10-07T05:43:43Z"}
{"level":"info","msg":"{\"ev\":\"req\",\"route\":\"problem_detail\",\"status\":200,\"t\":1791351823572,\"ms\":8}","source":"console","time":"2026-10-07T05:43:43Z"}
{"level":"info","msg":"{\"ev\":\"req\",\"route\":\"history\",\"status\":200,\"t\":1791351823669,\"ms\":6.1}","source":"console","time":"2026-10-07T05:43:43Z"}
{"level":"info","msg":"{\"ev\":\"req\",\"route\":\"problem_list\",\"status\":200,\"t\":1791351823772,\"ms\":8}","source":"console","time":"2026-10-07T05:43:43Z"}
{"level":"info","msg":"{\"ev\":\"req\",\"route\":\"problem_detail\",\"status\":200,\"t\":1791351823873,\"ms\":8.6}","source":"console","time":"2026-10-07T05:43:43Z"}
{"level":"info","msg":"{\"ev\":\"req\",\"route\":\"history\",\"status\":200,\"t\":1791351823980,\"ms\":16.2}","source":"console","time":"2026-10-07T05:43:43Z"}
{"level":"info","msg":"{\"ev\":\"req\",\"route\":\"submit\",\"status\":200,\"t\":1791351824028,\"ms\":31.1}","source":"console","time":"2026-10-07T05:43:44Z"}
{"level":"info","msg":"{\"ev\":\"accepted\",\"id\":\"e7b82751-147e-4a68-842d-d960b218faba\",\"t\":1791351824028}","source":"console","time":"2026-10-07T05:43:44Z"}
{"level":"info","msg":"{\"ev\":\"req\",\"route\":\"problem_list\",\"status\":200,\"t\":1791351824072,\"ms\":7.3}","source":"console","time":"2026-10-07T05:43:44Z"}
{"level":"info","msg":"{\"ev\":\"req\",\"route\":\"problem_detail\",\"status\":200,\"t\":1791351824176,\"ms\":12}","source":"console","time":"2026-10-07T05:43:44Z"}
{"level":"info","msg":"{\"ev\":\"req\",\"route\":\"history\",\"status\":200,\"t\":1791351824281,\"ms\":17.7}","source":"console","time":"2026-10-07T05:43:44Z"}
{"level":"info","msg":"{\"ev\":\"req\",\"route\":\"problem_list\",\"status\":200,\"t\":1791351824369,\"ms\":4.7}","source":"console","time":"2026-10-07T05:43:44Z"}
{"level":"info","msg":"{\"ev\":\"req\",\"route\":\"problem_detail\",\"status\":200,\"t\":1791351824468,\"ms\":4.2}","source":"console","time":"2026-10-07T05:43:44Z"}
{"level":"info","msg":"{\"ev\":\"req\",\"route\":\"history\",\"status\":200,\"t\":1791351824572,\"ms\":8.5}","source":"console","time":"2026-10-07T05:43:44Z"}
{"level":"info","msg":"{\"ev\":\"req\",\"route\":\"problem_list\",\"status\":200,\"t\":1791351824668,\"ms\":3.6}","source":"console","time":"2026-10-07T05:43:44Z"}
{"level":"info","msg":"{\"ev\":\"req\",\"route\":\"problem_detail\",\"status\":200,\"t\":1791351824768,\"ms\":4.5}","source":"console","time":"2026-10-07T05:43:44Z"}
{"level":"info","msg":"{\"ev\":\"req\",\"route\":\"history\",\"status\":200,\"t\":1791351824878,\"ms\":13.8}","source":"console","time":"2026-10-07T05:43:44Z"}
{"level":"info","msg":"{\"ev\":\"req\",\"route\":\"problem_list\",\"status\":200,\"t\":1791351824973,\"ms\":8.6}","source":"console","time":"2026-10-07T05:43:44Z"}
{"level":"info","msg":"{\"ev\":\"req\",\"route\":\"problem_detail\",\"status\":200,\"t\":1791351825071,\"ms\":7.5}","source":"console","time":"2026-10-07T05:43:45Z"}
{"level":"info","msg":"{\"ev\":\"req\",\"route\":\"history\",\"status\":200,\"t\":1791351825181,\"ms\":16.8}","source":"console","time":"2026-10-07T05:43:45Z"}
{"level":"info","msg":"{\"ev\":\"req\",\"route\":\"problem_list\",\"status\":200,\"t\":1791351825267,\"ms\":3.7}","source":"console","time":"2026-10-07T05:43:45Z"}
{"level":"info","msg":"{\"ev\":\"req\",\"route\":\"problem_detail\",\"status\":200,\"t\":1791351825371,\"ms\":7.2}","source":"console","time":"2026-10-07T05:43:45Z"}
{"level":"info","msg":"{\"ev\":\"req\",\"route\":\"history\",\"status\":200,\"t\":1791351825479,\"ms\":14.9}","source":"console","time":"2026-10-07T05:43:45Z"}
{"level":"info","msg":"{\"ev\":\"req\",\"route\":\"problem_list\",\"status\":200,\"t\":1791351825573,\"ms\":8.4}","source":"console","time":"2026-10-07T05:43:45Z"}
{"level":"info","msg":"{\"ev\":\"req\",\"route\":\"problem_detail\",\"status\":200,\"t\":1791351825672,\"ms\":8.2}","source":"console","time":"2026-10-07T05:43:45Z"}
{"level":"info","msg":"{\"ev\":\"req\",\"route\":\"submit\",\"status\":200,\"t\":1791351825694,\"ms\":29.8}","source":"console","time":"2026-10-07T05:43:45Z"}
{"level":"info","msg":"{\"ev\":\"accepted\",\"id\":\"883fc630-dac8-42dd-9000-e6c04aee826b\",\"t\":1791351825694}","source":"console","time":"2026-10-07T05:43:45Z"}
{"level":"info","msg":"{\"ev\":\"req\",\"route\":\"history\",\"status\":200,\"t\":1791351825771,\"ms\":6.9}","source":"console","time":"2026-10-07T05:43:45Z"}
{"level":"info","msg":"{\"ev\":\"req\",\"route\":\"problem_list\",\"status\":200,\"t\":1791351825867,\"ms\":3.5}","source":"console","time":"2026-10-07T05:43:45Z"}
{"level":"info","msg":"{\"ev\":\"req\",\"route\":\"problem_detail\",\"status\":200,\"t\":1791351825967,\"ms\":3.1}","source":"console","time":"2026-10-07T05:43:45Z"}
{"level":"info","msg":"{\"ev\":\"req\",\"route\":\"history\",\"status\":200,\"t\":1791351826072,\"ms\":7.8}","source":"console","time":"2026-10-07T05:43:46Z"}
{"level":"info","msg":"{\"ev\":\"req\",\"route\":\"problem_list\",\"status\":200,\"t\":1791351826168,\"ms\":3.6}","source":"console","time":"2026-10-07T05:43:46Z"}
{"level":"info","msg":"{\"ev\":\"req\",\"route\":\"problem_detail\",\"status\":200,\"t\":1791351826267,\"ms\":3.3}","source":"console","time":"2026-10-07T05:43:46Z"}
{"level":"info","msg":"{\"ev\":\"req\",\"route\":\"history\",\"status\":200,\"t\":1791351826371,\"ms\":6.3}","source":"console","time":"2026-10-07T05:43:46Z"}
{"level":"info","msg":"{\"ev\":\"req\",\"route\":\"problem_list\",\"status\":200,\"t\":1791351826473,\"ms\":9.5}","source":"console","time":"2026-10-07T05:43:46Z"}
{"level":"info","msg":"{\"ev\":\"req\",\"route\":\"problem_detail\",\"status\":200,\"t\":1791351826571,\"ms\":7.5}","source":"console","time":"2026-10-07T05:43:46Z"}
{"level":"info","msg":"{\"ev\":\"req\",\"route\":\"history\",\"status\":200,\"t\":1791351826678,\"ms\":14.5}","source":"console","time":"2026-10-07T05:43:46Z"}
{"level":"info","msg":"{\"ev\":\"req\",\"route\":\"problem_list\",\"status\":200,\"t\":1791351826767,\"ms\":3.4}","source":"console","time":"2026-10-07T05:43:46Z"}
{"level":"info","msg":"{\"ev\":\"req\",\"route\":\"problem_detail\",\"status\":200,\"t\":1791351826872,\"ms\":8.5}","source":"console","time":"2026-10-07T05:43:46Z"}
{"level":"info","msg":"{\"ev\":\"req\",\"route\":\"history\",\"status\":200,\"t\":1791351826980,\"ms\":15.7}","source":"console","time":"2026-10-07T05:43:46Z"}
{"level":"info","msg":"{\"ev\":\"req\",\"route\":\"problem_list\",\"status\":200,\"t\":1791351827067,\"ms\":3.2}","source":"console","time":"2026-10-07T05:43:47Z"}
{"level":"info","msg":"{\"ev\":\"req\",\"route\":\"problem_detail\",\"status\":200,\"t\":1791351827173,\"ms\":9}","source":"console","time":"2026-10-07T05:43:47Z"}
{"level":"info","msg":"{\"ev\":\"req\",\"route\":\"history\",\"status\":200,\"t\":1791351827278,\"ms\":14.4}","source":"console","time":"2026-10-07T05:43:47Z"}
{"level":"info","msg":"{\"ev\":\"req\",\"route\":\"submit\",\"status\":200,\"t\":1791351827361,\"ms\":30.2}","source":"console","time":"2026-10-07T05:43:47Z"}
{"level":"info","msg":"{\"ev\":\"accepted\",\"id\":\"b9bbccbb-9d6b-402c-96e3-37699b543018\",\"t\":1791351827361}","source":"console","time":"2026-10-07T05:43:47Z"}
{"level":"info","msg":"{\"ev\":\"req\",\"route\":\"problem_list\",\"status\":200,\"t\":1791351827367,\"ms\":3.3}","source":"console","time":"2026-10-07T05:43:47Z"}
{"level":"info","msg":"{\"ev\":\"req\",\"route\":\"problem_detail\",\"status\":200,\"t\":1791351827468,\"ms\":4.8}","source":"console","time":"2026-10-07T05:43:47Z"}
{"level":"info","msg":"{\"ev\":\"req\",\"route\":\"history\",\"status\":200,\"t\":1791351827574,\"ms\":10.4}","source":"console","time":"2026-10-07T05:43:47Z"}
{"level":"info","msg":"{\"ev\":\"req\",\"route\":\"problem_list\",\"status\":200,\"t\":1791351827668,\"ms\":4}","source":"console","time":"2026-10-07T05:43:47Z"}
{"level":"info","msg":"{\"ev\":\"req\",\"route\":\"problem_detail\",\"status\":200,\"t\":1791351827768,\"ms\":4.4}","source":"console","time":"2026-10-07T05:43:47Z"}
{"level":"info","msg":"{\"ev\":\"req\",\"route\":\"history\",\"status\":200,\"t\":1791351827872,\"ms\":7.8}","source":"console","time":"2026-10-07T05:43:47Z"}
{"level":"info","msg":"{\"ev\":\"req\",\"route\":\"problem_list\",\"status\":200,\"t\":1791351827972,\"ms\":7.9}","source":"console","time":"2026-10-07T05:43:47Z"}
{"level":"info","msg":"{\"ev\":\"req\",\"route\":\"problem_detail\",\"status\":200,\"t\":1791351828080,\"ms\":15.6}","source":"console","time":"2026-10-07T05:43:48Z"}
{"level":"info","msg":"{\"ev\":\"req\",\"route\":\"history\",\"status\":200,\"t\":1791351828175,\"ms\":10.6}","source":"console","time":"2026-10-07T05:43:48Z"}
{"level":"info","msg":"{\"ev\":\"req\",\"route\":\"problem_list\",\"status\":200,\"t\":1791351828272,\"ms\":7.8}","source":"console","time":"2026-10-07T05:43:48Z"}
{"level":"info","msg":"{\"ev\":\"req\",\"route\":\"problem_detail\",\"status\":200,\"t\":1791351828371,\"ms\":7.8}","source":"console","time":"2026-10-07T05:43:48Z"}
{"level":"info","msg":"{\"ev\":\"req\",\"route\":\"history\",\"status\":200,\"t\":1791351828478,\"ms\":13.9}","source":"console","time":"2026-10-07T05:43:48Z"}
{"level":"info","msg":"{\"ev\":\"req\",\"route\":\"problem_list\",\"status\":200,\"t\":1791351828571,\"ms\":7.1}","source":"console","time":"2026-10-07T05:43:48Z"}
{"level":"info","msg":"{\"ev\":\"req\",\"route\":\"problem_detail\",\"status\":200,\"t\":1791351828672,\"ms\":7.6}","source":"console","time":"2026-10-07T05:43:48Z"}
{"level":"info","msg":"{\"ev\":\"req\",\"route\":\"history\",\"status\":200,\"t\":1791351828779,\"ms\":15.4}","source":"console","time":"2026-10-07T05:43:48Z"}
{"level":"info","msg":"{\"ev\":\"req\",\"route\":\"problem_list\",\"status\":200,\"t\":1791351828873,\"ms\":9}","source":"console","time":"2026-10-07T05:43:48Z"}
{"level":"info","msg":"{\"ev\":\"req\",\"route\":\"problem_detail\",\"status\":200,\"t\":1791351828971,\"ms\":8.1}","source":"console","time":"2026-10-07T05:43:48Z"}
{"level":"info","msg":"{\"ev\":\"req\",\"route\":\"submit\",\"status\":200,\"t\":1791351829031,\"ms\":33.8}","source":"console","time":"2026-10-07T05:43:49Z"}
{"level":"info","msg":"{\"ev\":\"accepted\",\"id\":\"b28679f6-6941-4270-ad4c-6ed45dc21d37\",\"t\":1791351829032}","source":"console","time":"2026-10-07T05:43:49Z"}
{"level":"info","msg":"{\"ev\":\"req\",\"route\":\"history\",\"status\":200,\"t\":1791351829072,\"ms\":7.9}","source":"console","time":"2026-10-07T05:43:49Z"}
{"level":"info","msg":"{\"ev\":\"req\",\"route\":\"problem_list\",\"status\":200,\"t\":1791351829168,\"ms\":4.6}","source":"console","time":"2026-10-07T05:43:49Z"}
{"level":"info","msg":"{\"ev\":\"req\",\"route\":\"problem_detail\",\"status\":200,\"t\":1791351829267,\"ms\":3.3}","source":"console","time":"2026-10-07T05:43:49Z"}
{"level":"info","msg":"{\"ev\":\"req\",\"route\":\"history\",\"status\":200,\"t\":1791351829370,\"ms\":6.4}","source":"console","time":"2026-10-07T05:43:49Z"}
{"level":"info","msg":"{\"ev\":\"req\",\"route\":\"problem_list\",\"status\":200,\"t\":1791351829467,\"ms\":3.5}","source":"console","time":"2026-10-07T05:43:49Z"}
{"level":"info","msg":"{\"ev\":\"req\",\"route\":\"problem_detail\",\"status\":200,\"t\":1791351829567,\"ms\":3.4}","source":"console","time":"2026-10-07T05:43:49Z"}
{"level":"info","msg":"{\"ev\":\"req\",\"route\":\"history\",\"status\":200,\"t\":1791351829672,\"ms\":7.6}","source":"console","time":"2026-10-07T05:43:49Z"}
{"level":"info","msg":"{\"ev\":\"req\",\"route\":\"problem_list\",\"status\":200,\"t\":1791351829768,\"ms\":4.2}","source":"console","time":"2026-10-07T05:43:49Z"}
{"level":"info","msg":"{\"ev\":\"req\",\"route\":\"problem_detail\",\"status\":200,\"t\":1791351829872,\"ms\":8.9}","source":"console","time":"2026-10-07T05:43:49Z"}
{"level":"info","msg":"{\"ev\":\"req\",\"route\":\"history\",\"status\":200,\"t\":1791351829980,\"ms\":15.4}","source":"console","time":"2026-10-07T05:43:49Z"}
{"level":"info","msg":"{\"ev\":\"req\",\"route\":\"problem_list\",\"status\":200,\"t\":1791351830076,\"ms\":12.4}","source":"console","time":"2026-10-07T05:43:50Z"}
{"level":"info","msg":"{\"ev\":\"req\",\"route\":\"problem_detail\",\"status\":200,\"t\":1791351830168,\"ms\":3.7}","source":"console","time":"2026-10-07T05:43:50Z"}
{"level":"info","msg":"{\"ev\":\"req\",\"route\":\"history\",\"status\":200,\"t\":1791351830269,\"ms\":6.2}","source":"console","time":"2026-10-07T05:43:50Z"}
{"level":"info","msg":"{\"ev\":\"req\",\"route\":\"problem_list\",\"status\":200,\"t\":1791351830370,\"ms\":5.3}","source":"console","time":"2026-10-07T05:43:50Z"}
{"level":"info","msg":"{\"ev\":\"req\",\"route\":\"problem_detail\",\"status\":200,\"t\":1791351830472,\"ms\":8.3}","source":"console","time":"2026-10-07T05:43:50Z"}
{"level":"info","msg":"{\"ev\":\"req\",\"route\":\"history\",\"status\":200,\"t\":1791351830579,\"ms\":15.3}","source":"console","time":"2026-10-07T05:43:50Z"}
{"level":"info","msg":"{\"ev\":\"req\",\"route\":\"problem_list\",\"status\":200,\"t\":1791351830674,\"ms\":10.3}","source":"console","time":"2026-10-07T05:43:50Z"}
{"level":"info","msg":"{\"ev\":\"req\",\"route\":\"submit\",\"status\":200,\"t\":1791351830692,\"ms\":28.5}","source":"console","time":"2026-10-07T05:43:50Z"}
{"level":"info","msg":"{\"ev\":\"accepted\",\"id\":\"142a4273-e17a-48d0-988e-a0431e4ff41c\",\"t\":1791351830692}","source":"console","time":"2026-10-07T05:43:50Z"}
{"level":"info","msg":"{\"ev\":\"req\",\"route\":\"problem_detail\",\"status\":200,\"t\":1791351830768,\"ms\":4.6}","source":"console","time":"2026-10-07T05:43:50Z"}
{"level":"info","msg":"{\"ev\":\"req\",\"route\":\"history\",\"status\":200,\"t\":1791351830874,\"ms\":9.7}","source":"console","time":"2026-10-07T05:43:50Z"}
{"level":"info","msg":"{\"ev\":\"req\",\"route\":\"problem_list\",\"status\":200,\"t\":1791351830968,\"ms\":4}","source":"console","time":"2026-10-07T05:43:50Z"}
{"level":"info","msg":"{\"ev\":\"req\",\"route\":\"problem_detail\",\"status\":200,\"t\":1791351831067,\"ms\":3.9}","source":"console","time":"2026-10-07T05:43:51Z"}
{"level":"info","msg":"{\"ev\":\"req\",\"route\":\"history\",\"status\":200,\"t\":1791351831170,\"ms\":6.4}","source":"console","time":"2026-10-07T05:43:51Z"}
{"level":"info","msg":"{\"ev\":\"req\",\"route\":\"problem_list\",\"status\":200,\"t\":1791351831271,\"ms\":7.6}","source":"console","time":"2026-10-07T05:43:51Z"}
{"level":"info","msg":"{\"ev\":\"req\",\"route\":\"problem_detail\",\"status\":200,\"t\":1791351831373,\"ms\":8.4}","source":"console","time":"2026-10-07T05:43:51Z"}
{"level":"info","msg":"{\"ev\":\"req\",\"route\":\"history\",\"status\":200,\"t\":1791351831479,\"ms\":14.6}","source":"console","time":"2026-10-07T05:43:51Z"}
{"level":"info","msg":"{\"ev\":\"req\",\"route\":\"problem_list\",\"status\":200,\"t\":1791351831572,\"ms\":8.7}","source":"console","time":"2026-10-07T05:43:51Z"}
{"level":"info","msg":"{\"ev\":\"req\",\"route\":\"problem_detail\",\"status\":200,\"t\":1791351831672,\"ms\":8.4}","source":"console","time":"2026-10-07T05:43:51Z"}
{"level":"info","msg":"{\"ev\":\"req\",\"route\":\"history\",\"status\":200,\"t\":1791351831770,\"ms\":6.4}","source":"console","time":"2026-10-07T05:43:51Z"}
{"level":"info","msg":"{\"ev\":\"req\",\"route\":\"problem_list\",\"status\":200,\"t\":1791351831873,\"ms\":8.7}","source":"console","time":"2026-10-07T05:43:51Z"}
{"level":"info","msg":"{\"ev\":\"req\",\"route\":\"problem_detail\",\"status\":200,\"t\":1791351831973,\"ms\":8.1}","source":"console","time":"2026-10-07T05:43:51Z"}
{"level":"info","msg":"{\"ev\":\"req\",\"route\":\"history\",\"status\":200,\"t\":1791351832081,\"ms\":17.3}","source":"console","time":"2026-10-07T05:43:52Z"}
{"level":"info","msg":"{\"ev\":\"req\",\"route\":\"problem_list\",\"status\":200,\"t\":1791351832168,\"ms\":4.3}","source":"console","time":"2026-10-07T05:43:52Z"}
{"level":"info","msg":"{\"ev\":\"req\",\"route\":\"problem_detail\",\"status\":200,\"t\":1791351832272,\"ms\":7.8}","source":"console","time":"2026-10-07T05:43:52Z"}
{"level":"info","msg":"{\"ev\":\"req\",\"route\":\"submit\",\"status\":200,\"t\":1791351832360,\"ms\":30.1}","source":"console","time":"2026-10-07T05:43:52Z"}
{"level":"info","msg":"{\"ev\":\"accepted\",\"id\":\"068cfd79-1e9c-474b-aaaf-c7c8614f737a\",\"t\":1791351832360}","source":"console","time":"2026-10-07T05:43:52Z"}
{"level":"info","msg":"{\"ev\":\"req\",\"route\":\"history\",\"status\":200,\"t\":1791351832370,\"ms\":6.4}","source":"console","time":"2026-10-07T05:43:52Z"}
{"level":"info","msg":"{\"ev\":\"req\",\"route\":\"problem_list\",\"status\":200,\"t\":1791351832467,\"ms\":3.5}","source":"console","time":"2026-10-07T05:43:52Z"}
{"level":"info","msg":"{\"ev\":\"req\",\"route\":\"problem_detail\",\"status\":200,\"t\":1791351832568,\"ms\":4.1}","source":"console","time":"2026-10-07T05:43:52Z"}
{"level":"info","msg":"{\"ev\":\"req\",\"route\":\"history\",\"status\":200,\"t\":1791351832671,\"ms\":7.8}","source":"console","time":"2026-10-07T05:43:52Z"}
{"level":"info","msg":"{\"ev\":\"req\",\"route\":\"problem_list\",\"status\":200,\"t\":1791351832767,\"ms\":3.3}","source":"console","time":"2026-10-07T05:43:52Z"}
{"level":"info","msg":"{\"ev\":\"req\",\"route\":\"problem_detail\",\"status\":200,\"t\":1791351832867,\"ms\":3.2}","source":"console","time":"2026-10-07T05:43:52Z"}
{"level":"info","msg":"{\"ev\":\"req\",\"route\":\"history\",\"status\":200,\"t\":1791351832971,\"ms\":6.6}","source":"console","time":"2026-10-07T05:43:52Z"}
{"level":"info","msg":"{\"ev\":\"req\",\"route\":\"problem_list\",\"status\":200,\"t\":1791351833067,\"ms\":3.7}","source":"console","time":"2026-10-07T05:43:53Z"}
{"level":"info","msg":"{\"ev\":\"req\",\"route\":\"problem_detail\",\"status\":200,\"t\":1791351833167,\"ms\":3.4}","source":"console","time":"2026-10-07T05:43:53Z"}
{"level":"info","msg":"{\"ev\":\"req\",\"route\":\"history\",\"status\":200,\"t\":1791351833272,\"ms\":8.2}","source":"console","time":"2026-10-07T05:43:53Z"}
{"level":"info","msg":"{\"ev\":\"req\",\"route\":\"problem_list\",\"status\":200,\"t\":1791351833368,\"ms\":3.7}","source":"console","time":"2026-10-07T05:43:53Z"}
{"level":"info","msg":"{\"ev\":\"req\",\"route\":\"problem_detail\",\"status\":200,\"t\":1791351833467,\"ms\":3.7}","source":"console","time":"2026-10-07T05:43:53Z"}
{"level":"info","msg":"{\"ev\":\"req\",\"route\":\"history\",\"status\":200,\"t\":1791351833582,\"ms\":18.5}","source":"console","time":"2026-10-07T05:43:53Z"}
{"level":"info","msg":"{\"ev\":\"req\",\"route\":\"problem_list\",\"status\":200,\"t\":1791351833668,\"ms\":3.6}","source":"console","time":"2026-10-07T05:43:53Z"}
{"level":"info","msg":"{\"ev\":\"req\",\"route\":\"problem_detail\",\"status\":200,\"t\":1791351833768,\"ms\":4.5}","source":"console","time":"2026-10-07T05:43:53Z"}
{"level":"info","msg":"{\"ev\":\"req\",\"route\":\"history\",\"status\":200,\"t\":1791351833878,\"ms\":13.9}","source":"console","time":"2026-10-07T05:43:53Z"}
{"level":"info","msg":"{\"ev\":\"req\",\"route\":\"problem_list\",\"status\":200,\"t\":1791351833967,\"ms\":3.8}","source":"console","time":"2026-10-07T05:43:53Z"}
{"level":"info","msg":"{\"ev\":\"req\",\"route\":\"submit\",\"status\":200,\"t\":1791351834017,\"ms\":19.7}","source":"console","time":"2026-10-07T05:43:54Z"}
{"level":"info","msg":"{\"ev\":\"accepted\",\"id\":\"f788a3bc-411c-4b7e-a0f1-f56b10bda449\",\"t\":1791351834017}","source":"console","time":"2026-10-07T05:43:54Z"}
{"level":"info","msg":"{\"ev\":\"req\",\"route\":\"problem_detail\",\"status\":200,\"t\":1791351834068,\"ms\":4.2}","source":"console","time":"2026-10-07T05:43:54Z"}
{"level":"info","msg":"{\"ev\":\"req\",\"route\":\"history\",\"status\":200,\"t\":1791351834174,\"ms\":10.1}","source":"console","time":"2026-10-07T05:43:54Z"}
{"level":"info","msg":"{\"ev\":\"req\",\"route\":\"problem_list\",\"status\":200,\"t\":1791351834268,\"ms\":3.9}","source":"console","time":"2026-10-07T05:43:54Z"}
{"level":"info","msg":"{\"ev\":\"req\",\"route\":\"problem_detail\",\"status\":200,\"t\":1791351834368,\"ms\":4.4}","source":"console","time":"2026-10-07T05:43:54Z"}
{"level":"info","msg":"{\"ev\":\"req\",\"route\":\"history\",\"status\":200,\"t\":1791351834471,\"ms\":6.7}","source":"console","time":"2026-10-07T05:43:54Z"}
{"level":"info","msg":"{\"ev\":\"req\",\"route\":\"problem_list\",\"status\":200,\"t\":1791351834568,\"ms\":4.6}","source":"console","time":"2026-10-07T05:43:54Z"}
{"level":"info","msg":"{\"ev\":\"req\",\"route\":\"problem_detail\",\"status\":200,\"t\":1791351834667,\"ms\":3.3}","source":"console","time":"2026-10-07T05:43:54Z"}
{"level":"info","msg":"{\"ev\":\"req\",\"route\":\"history\",\"status\":200,\"t\":1791351834770,\"ms\":6.2}","source":"console","time":"2026-10-07T05:43:54Z"}
{"level":"info","msg":"{\"ev\":\"req\",\"route\":\"problem_list\",\"status\":200,\"t\":1791351834873,\"ms\":8.6}","source":"console","time":"2026-10-07T05:43:54Z"}
{"level":"info","msg":"{\"ev\":\"req\",\"route\":\"problem_detail\",\"status\":200,\"t\":1791351834970,\"ms\":6.7}","source":"console","time":"2026-10-07T05:43:54Z"}
{"level":"info","msg":"{\"ev\":\"req\",\"route\":\"history\",\"status\":200,\"t\":1791351835078,\"ms\":14.1}","source":"console","time":"2026-10-07T05:43:55Z"}
{"level":"info","msg":"{\"ev\":\"req\",\"route\":\"problem_list\",\"status\":200,\"t\":1791351835169,\"ms\":5.4}","source":"console","time":"2026-10-07T05:43:55Z"}
{"level":"info","msg":"{\"ev\":\"req\",\"route\":\"problem_detail\",\"status\":200,\"t\":1791351835272,\"ms\":8}","source":"console","time":"2026-10-07T05:43:55Z"}
{"level":"info","msg":"{\"ev\":\"req\",\"route\":\"history\",\"status\":200,\"t\":1791351835377,\"ms\":13.5}","source":"console","time":"2026-10-07T05:43:55Z"}
{"level":"info","msg":"{\"ev\":\"req\",\"route\":\"problem_list\",\"status\":200,\"t\":1791351835472,\"ms\":8.3}","source":"console","time":"2026-10-07T05:43:55Z"}
{"level":"info","msg":"{\"ev\":\"req\",\"route\":\"problem_detail\",\"status\":200,\"t\":1791351835573,\"ms\":8.5}","source":"console","time":"2026-10-07T05:43:55Z"}
{"level":"info","msg":"{\"ev\":\"req\",\"route\":\"history\",\"status\":200,\"t\":1791351835679,\"ms\":14.8}","source":"console","time":"2026-10-07T05:43:55Z"}
{"level":"info","msg":"{\"ev\":\"req\",\"route\":\"submit\",\"status\":200,\"t\":1791351835698,\"ms\":33.8}","source":"console","time":"2026-10-07T05:43:55Z"}
{"level":"info","msg":"{\"ev\":\"accepted\",\"id\":\"e00a3930-8ecb-417f-9064-cf76c3566be6\",\"t\":1791351835698}","source":"console","time":"2026-10-07T05:43:55Z"}
{"level":"info","msg":"{\"ev\":\"req\",\"route\":\"problem_list\",\"status\":200,\"t\":1791351835768,\"ms\":4}","source":"console","time":"2026-10-07T05:43:55Z"}
{"level":"info","msg":"{\"ev\":\"req\",\"route\":\"problem_detail\",\"status\":200,\"t\":1791351835867,\"ms\":3.5}","source":"console","time":"2026-10-07T05:43:55Z"}
{"level":"info","msg":"{\"ev\":\"req\",\"route\":\"history\",\"status\":200,\"t\":1791351835970,\"ms\":6.4}","source":"console","time":"2026-10-07T05:43:55Z"}
{"level":"info","msg":"{\"ev\":\"req\",\"route\":\"problem_list\",\"status\":200,\"t\":1791351836068,\"ms\":3.8}","source":"console","time":"2026-10-07T05:43:56Z"}
{"level":"info","msg":"{\"ev\":\"req\",\"route\":\"problem_detail\",\"status\":200,\"t\":1791351836168,\"ms\":3.7}","source":"console","time":"2026-10-07T05:43:56Z"}
{"level":"info","msg":"{\"ev\":\"req\",\"route\":\"history\",\"status\":200,\"t\":1791351836282,\"ms\":18}","source":"console","time":"2026-10-07T05:43:56Z"}
{"level":"info","msg":"{\"ev\":\"req\",\"route\":\"problem_list\",\"status\":200,\"t\":1791351836367,\"ms\":3.4}","source":"console","time":"2026-10-07T05:43:56Z"}
{"level":"info","msg":"{\"ev\":\"req\",\"route\":\"problem_detail\",\"status\":200,\"t\":1791351836473,\"ms\":8.4}","source":"console","time":"2026-10-07T05:43:56Z"}
{"level":"info","msg":"{\"ev\":\"req\",\"route\":\"history\",\"status\":200,\"t\":1791351836578,\"ms\":14.9}","source":"console","time":"2026-10-07T05:43:56Z"}
{"level":"info","msg":"{\"ev\":\"req\",\"route\":\"problem_list\",\"status\":200,\"t\":1791351836673,\"ms\":8.4}","source":"console","time":"2026-10-07T05:43:56Z"}
{"level":"info","msg":"{\"ev\":\"req\",\"route\":\"problem_detail\",\"status\":200,\"t\":1791351836773,\"ms\":8.4}","source":"console","time":"2026-10-07T05:43:56Z"}
{"level":"info","msg":"{\"ev\":\"req\",\"route\":\"history\",\"status\":200,\"t\":1791351836878,\"ms\":13.8}","source":"console","time":"2026-10-07T05:43:56Z"}
{"level":"info","msg":"{\"ev\":\"req\",\"route\":\"problem_list\",\"status\":200,\"t\":1791351836973,\"ms\":9}","source":"console","time":"2026-10-07T05:43:56Z"}
{"level":"info","msg":"{\"ev\":\"req\",\"route\":\"problem_detail\",\"status\":200,\"t\":1791351837072,\"ms\":8.3}","source":"console","time":"2026-10-07T05:43:57Z"}
{"level":"info","msg":"{\"ev\":\"req\",\"route\":\"history\",\"status\":200,\"t\":1791351837178,\"ms\":13.7}","source":"console","time":"2026-10-07T05:43:57Z"}
{"level":"info","msg":"{\"ev\":\"req\",\"route\":\"problem_list\",\"status\":200,\"t\":1791351837267,\"ms\":3.2}","source":"console","time":"2026-10-07T05:43:57Z"}
{"level":"info","msg":"{\"ev\":\"req\",\"route\":\"submit\",\"status\":200,\"t\":1791351837360,\"ms\":28.9}","source":"console","time":"2026-10-07T05:43:57Z"}
{"level":"info","msg":"{\"ev\":\"accepted\",\"id\":\"e01f9822-1074-42c7-842f-4d76982915a1\",\"t\":1791351837360}","source":"console","time":"2026-10-07T05:43:57Z"}
{"level":"info","msg":"{\"ev\":\"req\",\"route\":\"problem_detail\",\"status\":200,\"t\":1791351837366,\"ms\":3}","source":"console","time":"2026-10-07T05:43:57Z"}
{"level":"info","msg":"{\"ev\":\"req\",\"route\":\"history\",\"status\":200,\"t\":1791351837474,\"ms\":9.6}","source":"console","time":"2026-10-07T05:43:57Z"}
{"level":"info","msg":"{\"ev\":\"req\",\"route\":\"problem_list\",\"status\":200,\"t\":1791351837568,\"ms\":3.8}","source":"console","time":"2026-10-07T05:43:57Z"}
{"level":"info","msg":"{\"ev\":\"req\",\"route\":\"problem_detail\",\"status\":200,\"t\":1791351837668,\"ms\":4.2}","source":"console","time":"2026-10-07T05:43:57Z"}
{"level":"info","msg":"{\"ev\":\"req\",\"route\":\"history\",\"status\":200,\"t\":1791351837772,\"ms\":8}","source":"console","time":"2026-10-07T05:43:57Z"}
{"level":"info","msg":"{\"ev\":\"req\",\"route\":\"problem_list\",\"status\":200,\"t\":1791351837867,\"ms\":3.5}","source":"console","time":"2026-10-07T05:43:57Z"}
{"level":"info","msg":"{\"ev\":\"req\",\"route\":\"problem_detail\",\"status\":200,\"t\":1791351837970,\"ms\":6.3}","source":"console","time":"2026-10-07T05:43:57Z"}
{"level":"info","msg":"{\"ev\":\"req\",\"route\":\"history\",\"status\":200,\"t\":1791351838082,\"ms\":17.9}","source":"console","time":"2026-10-07T05:43:58Z"}
{"level":"info","msg":"{\"ev\":\"req\",\"route\":\"problem_list\",\"status\":200,\"t\":1791351838173,\"ms\":9.1}","source":"console","time":"2026-10-07T05:43:58Z"}
{"level":"info","msg":"{\"ev\":\"req\",\"route\":\"problem_detail\",\"status\":200,\"t\":1791351838270,\"ms\":5.3}","source":"console","time":"2026-10-07T05:43:58Z"}
{"level":"info","msg":"{\"ev\":\"req\",\"route\":\"history\",\"status\":200,\"t\":1791351838379,\"ms\":15.4}","source":"console","time":"2026-10-07T05:43:58Z"}
{"level":"info","msg":"{\"ev\":\"req\",\"route\":\"problem_list\",\"status\":200,\"t\":1791351838473,\"ms\":8.3}","source":"console","time":"2026-10-07T05:43:58Z"}
{"level":"info","msg":"{\"ev\":\"req\",\"route\":\"problem_detail\",\"status\":200,\"t\":1791351838572,\"ms\":8.3}","source":"console","time":"2026-10-07T05:43:58Z"}
{"level":"info","msg":"{\"ev\":\"req\",\"route\":\"history\",\"status\":200,\"t\":1791351838671,\"ms\":7.2}","source":"console","time":"2026-10-07T05:43:58Z"}
{"level":"info","msg":"{\"ev\":\"req\",\"route\":\"problem_list\",\"status\":200,\"t\":1791351838767,\"ms\":3.4}","source":"console","time":"2026-10-07T05:43:58Z"}
{"level":"info","msg":"{\"ev\":\"req\",\"route\":\"problem_detail\",\"status\":200,\"t\":1791351838872,\"ms\":7.7}","source":"console","time":"2026-10-07T05:43:58Z"}
{"level":"info","msg":"{\"ev\":\"req\",\"route\":\"history\",\"status\":200,\"t\":1791351838977,\"ms\":13.1}","source":"console","time":"2026-10-07T05:43:58Z"}
{"level":"info","msg":"{\"ev\":\"req\",\"route\":\"submit\",\"status\":200,\"t\":1791351839016,\"ms\":18.5}","source":"console","time":"2026-10-07T05:43:59Z"}
{"level":"info","msg":"{\"ev\":\"accepted\",\"id\":\"92511920-7281-4ddb-8ff6-03aabe829f44\",\"t\":1791351839016}","source":"console","time":"2026-10-07T05:43:59Z"}
{"level":"info","msg":"{\"ev\":\"req\",\"route\":\"problem_list\",\"status\":200,\"t\":1791351839067,\"ms\":3.5}","source":"console","time":"2026-10-07T05:43:59Z"}
{"level":"info","msg":"{\"ev\":\"req\",\"route\":\"problem_detail\",\"status\":200,\"t\":1791351839167,\"ms\":3.2}","source":"console","time":"2026-10-07T05:43:59Z"}
{"level":"info","msg":"{\"ev\":\"req\",\"route\":\"history\",\"status\":200,\"t\":1791351839270,\"ms\":6.6}","source":"console","time":"2026-10-07T05:43:59Z"}
{"level":"info","msg":"{\"ev\":\"req\",\"route\":\"problem_list\",\"status\":200,\"t\":1791351839368,\"ms\":3.5}","source":"console","time":"2026-10-07T05:43:59Z"}
{"level":"info","msg":"{\"ev\":\"req\",\"route\":\"problem_detail\",\"status\":200,\"t\":1791351839467,\"ms\":3.3}","source":"console","time":"2026-10-07T05:43:59Z"}
{"level":"info","msg":"{\"ev\":\"req\",\"route\":\"history\",\"status\":200,\"t\":1791351839570,\"ms\":6.6}","source":"console","time":"2026-10-07T05:43:59Z"}
{"level":"info","msg":"{\"ev\":\"req\",\"route\":\"problem_list\",\"status\":200,\"t\":1791351839667,\"ms\":3.3}","source":"console","time":"2026-10-07T05:43:59Z"}
{"level":"info","msg":"{\"ev\":\"req\",\"route\":\"problem_detail\",\"status\":200,\"t\":1791351839772,\"ms\":7.4}","source":"console","time":"2026-10-07T05:43:59Z"}
{"level":"info","msg":"{\"ev\":\"req\",\"route\":\"history\",\"status\":200,\"t\":1791351839871,\"ms\":7.1}","source":"console","time":"2026-10-07T05:43:59Z"}
{"level":"info","msg":"{\"ev\":\"req\",\"route\":\"problem_list\",\"status\":200,\"t\":1791351839972,\"ms\":7.9}","source":"console","time":"2026-10-07T05:43:59Z"}
{"level":"info","msg":"{\"ev\":\"req\",\"route\":\"problem_detail\",\"status\":200,\"t\":1791351840072,\"ms\":7.4}","source":"console","time":"2026-10-07T05:44:00Z"}
{"level":"info","msg":"{\"ev\":\"req\",\"route\":\"history\",\"status\":200,\"t\":1791351840179,\"ms\":15.2}","source":"console","time":"2026-10-07T05:44:00Z"}
{"level":"info","msg":"{\"ev\":\"req\",\"route\":\"problem_list\",\"status\":200,\"t\":1791351840272,\"ms\":8}","source":"console","time":"2026-10-07T05:44:00Z"}
{"level":"info","msg":"{\"ev\":\"req\",\"route\":\"problem_detail\",\"status\":200,\"t\":1791351840370,\"ms\":6.5}","source":"console","time":"2026-10-07T05:44:00Z"}
{"level":"info","msg":"{\"ev\":\"req\",\"route\":\"history\",\"status\":200,\"t\":1791351840478,\"ms\":14}","source":"console","time":"2026-10-07T05:44:00Z"}
{"level":"info","msg":"{\"ev\":\"req\",\"route\":\"problem_list\",\"status\":200,\"t\":1791351840572,\"ms\":8.8}","source":"console","time":"2026-10-07T05:44:00Z"}
{"level":"info","msg":"{\"ev\":\"req\",\"route\":\"problem_detail\",\"status\":200,\"t\":1791351840673,\"ms\":9}","source":"console","time":"2026-10-07T05:44:00Z"}
{"level":"info","msg":"{\"ev\":\"req\",\"route\":\"submit\",\"status\":200,\"t\":1791351840692,\"ms\":27.9}","source":"console","time":"2026-10-07T05:44:00Z"}
{"level":"info","msg":"{\"ev\":\"accepted\",\"id\":\"548ca25e-5999-4028-836b-30d47186196c\",\"t\":1791351840692}","source":"console","time":"2026-10-07T05:44:00Z"}
{"level":"info","msg":"{\"ev\":\"req\",\"route\":\"history\",\"status\":200,\"t\":1791351840772,\"ms\":8.8}","source":"console","time":"2026-10-07T05:44:00Z"}
{"level":"info","msg":"{\"ev\":\"req\",\"route\":\"problem_list\",\"status\":200,\"t\":1791351840870,\"ms\":5.6}","source":"console","time":"2026-10-07T05:44:00Z"}
{"level":"info","msg":"{\"ev\":\"req\",\"route\":\"problem_detail\",\"status\":200,\"t\":1791351840967,\"ms\":3.7}","source":"console","time":"2026-10-07T05:44:00Z"}
{"level":"info","msg":"{\"ev\":\"req\",\"route\":\"history\",\"status\":200,\"t\":1791351841071,\"ms\":6.7}","source":"console","time":"2026-10-07T05:44:01Z"}
{"level":"info","msg":"{\"ev\":\"req\",\"route\":\"problem_list\",\"status\":200,\"t\":1791351841167,\"ms\":3.3}","source":"console","time":"2026-10-07T05:44:01Z"}
{"level":"info","msg":"{\"ev\":\"req\",\"route\":\"problem_detail\",\"status\":200,\"t\":1791351841267,\"ms\":3.3}","source":"console","time":"2026-10-07T05:44:01Z"}
{"level":"info","msg":"{\"ev\":\"req\",\"route\":\"history\",\"status\":200,\"t\":1791351841376,\"ms\":12}","source":"console","time":"2026-10-07T05:44:01Z"}
{"level":"info","msg":"{\"ev\":\"req\",\"route\":\"problem_list\",\"status\":200,\"t\":1791351841473,\"ms\":8.6}","source":"console","time":"2026-10-07T05:44:01Z"}
{"level":"info","msg":"{\"ev\":\"req\",\"route\":\"problem_detail\",\"status\":200,\"t\":1791351841572,\"ms\":7.8}","source":"console","time":"2026-10-07T05:44:01Z"}
{"level":"info","msg":"{\"ev\":\"req\",\"route\":\"history\",\"status\":200,\"t\":1791351841680,\"ms\":15.8}","source":"console","time":"2026-10-07T05:44:01Z"}
{"level":"info","msg":"{\"ev\":\"req\",\"route\":\"problem_list\",\"status\":200,\"t\":1791351841773,\"ms\":8.8}","source":"console","time":"2026-10-07T05:44:01Z"}
{"level":"info","msg":"{\"ev\":\"req\",\"route\":\"problem_detail\",\"status\":200,\"t\":1791351841872,\"ms\":7.6}","source":"console","time":"2026-10-07T05:44:01Z"}
{"level":"info","msg":"{\"ev\":\"req\",\"route\":\"history\",\"status\":200,\"t\":1791351841970,\"ms\":5.9}","source":"console","time":"2026-10-07T05:44:01Z"}
{"level":"info","msg":"{\"ev\":\"req\",\"route\":\"problem_list\",\"status\":200,\"t\":1791351842071,\"ms\":7.9}","source":"console","time":"2026-10-07T05:44:02Z"}
{"level":"info","msg":"{\"ev\":\"req\",\"route\":\"problem_detail\",\"status\":200,\"t\":1791351842170,\"ms\":6}","source":"console","time":"2026-10-07T05:44:02Z"}
{"level":"info","msg":"{\"ev\":\"req\",\"route\":\"history\",\"status\":200,\"t\":1791351842277,\"ms\":14}","source":"console","time":"2026-10-07T05:44:02Z"}
{"level":"info","msg":"{\"ev\":\"req\",\"route\":\"submit\",\"status\":200,\"t\":1791351842357,\"ms\":26.3}","source":"console","time":"2026-10-07T05:44:02Z"}
{"level":"info","msg":"{\"ev\":\"accepted\",\"id\":\"4af9fc63-cc47-4474-b316-3252334415ea\",\"t\":1791351842357}","source":"console","time":"2026-10-07T05:44:02Z"}
{"level":"info","msg":"{\"ev\":\"req\",\"route\":\"problem_list\",\"status\":200,\"t\":1791351842367,\"ms\":3.4}","source":"console","time":"2026-10-07T05:44:02Z"}
{"level":"info","msg":"{\"ev\":\"req\",\"route\":\"problem_detail\",\"status\":200,\"t\":1791351842468,\"ms\":3.5}","source":"console","time":"2026-10-07T05:44:02Z"}
{"level":"info","msg":"{\"ev\":\"req\",\"route\":\"history\",\"status\":200,\"t\":1791351842570,\"ms\":6.6}","source":"console","time":"2026-10-07T05:44:02Z"}
{"level":"info","msg":"{\"ev\":\"req\",\"route\":\"problem_list\",\"status\":200,\"t\":1791351842668,\"ms\":4.4}","source":"console","time":"2026-10-07T05:44:02Z"}
{"level":"info","msg":"{\"ev\":\"req\",\"route\":\"problem_detail\",\"status\":200,\"t\":1791351842767,\"ms\":3.4}","source":"console","time":"2026-10-07T05:44:02Z"}
{"level":"info","msg":"{\"ev\":\"req\",\"route\":\"history\",\"status\":200,\"t\":1791351842870,\"ms\":6.2}","source":"console","time":"2026-10-07T05:44:02Z"}
{"level":"info","msg":"{\"ev\":\"req\",\"route\":\"problem_list\",\"status\":200,\"t\":1791351842967,\"ms\":3.6}","source":"console","time":"2026-10-07T05:44:02Z"}
{"level":"info","msg":"{\"ev\":\"req\",\"route\":\"problem_detail\",\"status\":200,\"t\":1791351843069,\"ms\":6}","source":"console","time":"2026-10-07T05:44:03Z"}
{"level":"info","msg":"{\"ev\":\"req\",\"route\":\"history\",\"status\":200,\"t\":1791351843171,\"ms\":6.8}","source":"console","time":"2026-10-07T05:44:03Z"}
{"level":"info","msg":"{\"ev\":\"req\",\"route\":\"problem_list\",\"status\":200,\"t\":1791351843272,\"ms\":8.3}","source":"console","time":"2026-10-07T05:44:03Z"}
{"level":"info","msg":"{\"ev\":\"req\",\"route\":\"problem_detail\",\"status\":200,\"t\":1791351843372,\"ms\":8}","source":"console","time":"2026-10-07T05:44:03Z"}
{"level":"info","msg":"{\"ev\":\"req\",\"route\":\"history\",\"status\":200,\"t\":1791351843480,\"ms\":15.8}","source":"console","time":"2026-10-07T05:44:03Z"}
{"level":"info","msg":"{\"ev\":\"req\",\"route\":\"problem_list\",\"status\":200,\"t\":1791351843572,\"ms\":8.2}","source":"console","time":"2026-10-07T05:44:03Z"}
{"level":"info","msg":"{\"ev\":\"req\",\"route\":\"problem_detail\",\"status\":200,\"t\":1791351843672,\"ms\":8.2}","source":"console","time":"2026-10-07T05:44:03Z"}
{"level":"info","msg":"{\"ev\":\"req\",\"route\":\"history\",\"status\":200,\"t\":1791351843777,\"ms\":12.9}","source":"console","time":"2026-10-07T05:44:03Z"}
{"level":"info","msg":"{\"ev\":\"req\",\"route\":\"problem_list\",\"status\":200,\"t\":1791351843876,\"ms\":12.1}","source":"console","time":"2026-10-07T05:44:03Z"}
{"level":"info","msg":"{\"ev\":\"req\",\"route\":\"problem_detail\",\"status\":200,\"t\":1791351843971,\"ms\":7.2}","source":"console","time":"2026-10-07T05:44:03Z"}
{"level":"info","msg":"{\"ev\":\"req\",\"route\":\"submit\",\"status\":200,\"t\":1791351844027,\"ms\":30.1}","source":"console","time":"2026-10-07T05:44:04Z"}
{"level":"info","msg":"{\"ev\":\"accepted\",\"id\":\"ca71c09c-c231-43af-955e-8392c32384b0\",\"t\":1791351844027}","source":"console","time":"2026-10-07T05:44:04Z"}
{"level":"info","msg":"{\"ev\":\"req\",\"route\":\"history\",\"status\":200,\"t\":1791351844074,\"ms\":10.7}","source":"console","time":"2026-10-07T05:44:04Z"}
{"level":"info","msg":"{\"ev\":\"req\",\"route\":\"problem_list\",\"status\":200,\"t\":1791351844175,\"ms\":11.6}","source":"console","time":"2026-10-07T05:44:04Z"}
{"level":"info","msg":"{\"ev\":\"req\",\"route\":\"problem_detail\",\"status\":200,\"t\":1791351844270,\"ms\":5.5}","source":"console","time":"2026-10-07T05:44:04Z"}
{"level":"info","msg":"{\"ev\":\"req\",\"route\":\"history\",\"status\":200,\"t\":1791351844383,\"ms\":18.6}","source":"console","time":"2026-10-07T05:44:04Z"}
{"level":"info","msg":"{\"ev\":\"req\",\"route\":\"problem_list\",\"status\":200,\"t\":1791351844470,\"ms\":5.6}","source":"console","time":"2026-10-07T05:44:04Z"}
{"level":"info","msg":"{\"ev\":\"req\",\"route\":\"problem_detail\",\"status\":200,\"t\":1791351844568,\"ms\":3.9}","source":"console","time":"2026-10-07T05:44:04Z"}
{"level":"info","msg":"{\"ev\":\"req\",\"route\":\"history\",\"status\":200,\"t\":1791351844671,\"ms\":6.9}","source":"console","time":"2026-10-07T05:44:04Z"}
{"level":"info","msg":"{\"ev\":\"req\",\"route\":\"problem_list\",\"status\":200,\"t\":1791351844768,\"ms\":4.9}","source":"console","time":"2026-10-07T05:44:04Z"}
{"level":"info","msg":"{\"ev\":\"req\",\"route\":\"problem_detail\",\"status\":200,\"t\":1791351844868,\"ms\":3.4}","source":"console","time":"2026-10-07T05:44:04Z"}
{"level":"info","msg":"{\"ev\":\"req\",\"route\":\"history\",\"status\":200,\"t\":1791351844970,\"ms\":6.3}","source":"console","time":"2026-10-07T05:44:04Z"}
{"level":"info","msg":"{\"ev\":\"req\",\"route\":\"problem_list\",\"status\":200,\"t\":1791351845068,\"ms\":3.8}","source":"console","time":"2026-10-07T05:44:05Z"}
{"level":"info","msg":"{\"ev\":\"req\",\"route\":\"problem_detail\",\"status\":200,\"t\":1791351845172,\"ms\":7.9}","source":"console","time":"2026-10-07T05:44:05Z"}
{"level":"info","msg":"{\"ev\":\"req\",\"route\":\"history\",\"status\":200,\"t\":1791351845270,\"ms\":6.4}","source":"console","time":"2026-10-07T05:44:05Z"}
{"level":"info","msg":"{\"ev\":\"req\",\"route\":\"problem_list\",\"status\":200,\"t\":1791351845367,\"ms\":3.4}","source":"console","time":"2026-10-07T05:44:05Z"}
{"level":"info","msg":"{\"ev\":\"req\",\"route\":\"problem_detail\",\"status\":200,\"t\":1791351845473,\"ms\":8.1}","source":"console","time":"2026-10-07T05:44:05Z"}
{"level":"info","msg":"{\"ev\":\"req\",\"route\":\"history\",\"status\":200,\"t\":1791351845578,\"ms\":14}","source":"console","time":"2026-10-07T05:44:05Z"}
{"level":"info","msg":"{\"ev\":\"req\",\"route\":\"problem_list\",\"status\":200,\"t\":1791351845673,\"ms\":8.7}","source":"console","time":"2026-10-07T05:44:05Z"}
{"level":"info","msg":"{\"ev\":\"req\",\"route\":\"submit\",\"status\":200,\"t\":1791351845693,\"ms\":29.2}","source":"console","time":"2026-10-07T05:44:05Z"}
{"level":"info","msg":"{\"ev\":\"accepted\",\"id\":\"f76d0ebd-8673-4885-b854-054d00b713bd\",\"t\":1791351845693}","source":"console","time":"2026-10-07T05:44:05Z"}
{"level":"info","msg":"{\"ev\":\"req\",\"route\":\"problem_detail\",\"status\":200,\"t\":1791351845767,\"ms\":3.9}","source":"console","time":"2026-10-07T05:44:05Z"}
{"level":"info","msg":"{\"ev\":\"req\",\"route\":\"history\",\"status\":200,\"t\":1791351845871,\"ms\":6.7}","source":"console","time":"2026-10-07T05:44:05Z"}
{"level":"info","msg":"{\"ev\":\"req\",\"route\":\"problem_list\",\"status\":200,\"t\":1791351845967,\"ms\":3.3}","source":"console","time":"2026-10-07T05:44:05Z"}
{"level":"info","msg":"{\"ev\":\"req\",\"route\":\"problem_detail\",\"status\":200,\"t\":1791351846068,\"ms\":3.9}","source":"console","time":"2026-10-07T05:44:06Z"}
{"level":"info","msg":"{\"ev\":\"req\",\"route\":\"history\",\"status\":200,\"t\":1791351846170,\"ms\":6.4}","source":"console","time":"2026-10-07T05:44:06Z"}
{"level":"info","msg":"{\"ev\":\"req\",\"route\":\"problem_list\",\"status\":200,\"t\":1791351846268,\"ms\":3.7}","source":"console","time":"2026-10-07T05:44:06Z"}
{"level":"info","msg":"{\"ev\":\"req\",\"route\":\"problem_detail\",\"status\":200,\"t\":1791351846369,\"ms\":5.3}","source":"console","time":"2026-10-07T05:44:06Z"}
{"level":"info","msg":"{\"ev\":\"req\",\"route\":\"history\",\"status\":200,\"t\":1791351846474,\"ms\":10.7}","source":"console","time":"2026-10-07T05:44:06Z"}
{"level":"info","msg":"{\"ev\":\"req\",\"route\":\"problem_list\",\"status\":200,\"t\":1791351846572,\"ms\":8.8}","source":"console","time":"2026-10-07T05:44:06Z"}
{"level":"info","msg":"{\"ev\":\"req\",\"route\":\"problem_detail\",\"status\":200,\"t\":1791351846672,\"ms\":7.7}","source":"console","time":"2026-10-07T05:44:06Z"}
{"level":"info","msg":"{\"ev\":\"req\",\"route\":\"history\",\"status\":200,\"t\":1791351846779,\"ms\":14.7}","source":"console","time":"2026-10-07T05:44:06Z"}
{"level":"info","msg":"{\"ev\":\"req\",\"route\":\"problem_list\",\"status\":200,\"t\":1791351846874,\"ms\":9.4}","source":"console","time":"2026-10-07T05:44:06Z"}
{"level":"info","msg":"{\"ev\":\"req\",\"route\":\"problem_detail\",\"status\":200,\"t\":1791351846972,\"ms\":8}","source":"console","time":"2026-10-07T05:44:06Z"}
{"level":"info","msg":"{\"ev\":\"req\",\"route\":\"history\",\"status\":200,\"t\":1791351847079,\"ms\":14.4}","source":"console","time":"2026-10-07T05:44:07Z"}
{"level":"info","msg":"{\"ev\":\"req\",\"route\":\"problem_list\",\"status\":200,\"t\":1791351847167,\"ms\":4.2}","source":"console","time":"2026-10-07T05:44:07Z"}
{"level":"info","msg":"{\"ev\":\"req\",\"route\":\"problem_detail\",\"status\":200,\"t\":1791351847267,\"ms\":3.6}","source":"console","time":"2026-10-07T05:44:07Z"}
{"level":"info","msg":"{\"ev\":\"req\",\"route\":\"submit\",\"status\":200,\"t\":1791351847354,\"ms\":24}","source":"console","time":"2026-10-07T05:44:07Z"}
{"level":"info","msg":"{\"ev\":\"accepted\",\"id\":\"28cdbdd8-541e-4b49-aff3-cc28c99682f3\",\"t\":1791351847355}","source":"console","time":"2026-10-07T05:44:07Z"}
{"level":"info","msg":"{\"ev\":\"req\",\"route\":\"history\",\"status\":200,\"t\":1791351847371,\"ms\":7.8}","source":"console","time":"2026-10-07T05:44:07Z"}
{"level":"info","msg":"{\"ev\":\"req\",\"route\":\"problem_list\",\"status\":200,\"t\":1791351847470,\"ms\":5.5}","source":"console","time":"2026-10-07T05:44:07Z"}
{"level":"info","msg":"{\"ev\":\"req\",\"route\":\"problem_detail\",\"status\":200,\"t\":1791351847569,\"ms\":4.7}","source":"console","time":"2026-10-07T05:44:07Z"}
{"level":"info","msg":"{\"ev\":\"req\",\"route\":\"history\",\"status\":200,\"t\":1791351847672,\"ms\":8.4}","source":"console","time":"2026-10-07T05:44:07Z"}
{"level":"info","msg":"{\"ev\":\"req\",\"route\":\"problem_list\",\"status\":200,\"t\":1791351847767,\"ms\":3.7}","source":"console","time":"2026-10-07T05:44:07Z"}
{"level":"info","msg":"{\"ev\":\"req\",\"route\":\"problem_detail\",\"status\":200,\"t\":1791351847868,\"ms\":4}","source":"console","time":"2026-10-07T05:44:07Z"}
{"level":"info","msg":"{\"ev\":\"req\",\"route\":\"history\",\"status\":200,\"t\":1791351847971,\"ms\":7.4}","source":"console","time":"2026-10-07T05:44:07Z"}
{"level":"info","msg":"{\"ev\":\"req\",\"route\":\"problem_list\",\"status\":200,\"t\":1791351848068,\"ms\":3.4}","source":"console","time":"2026-10-07T05:44:08Z"}
{"level":"info","msg":"{\"ev\":\"req\",\"route\":\"problem_detail\",\"status\":200,\"t\":1791351848171,\"ms\":7.5}","source":"console","time":"2026-10-07T05:44:08Z"}
{"level":"info","msg":"{\"ev\":\"req\",\"route\":\"history\",\"status\":200,\"t\":1791351848278,\"ms\":14}","source":"console","time":"2026-10-07T05:44:08Z"}
{"level":"info","msg":"{\"ev\":\"req\",\"route\":\"problem_list\",\"status\":200,\"t\":1791351848372,\"ms\":7.7}","source":"console","time":"2026-10-07T05:44:08Z"}
{"level":"info","msg":"{\"ev\":\"req\",\"route\":\"problem_detail\",\"status\":200,\"t\":1791351848472,\"ms\":8.5}","source":"console","time":"2026-10-07T05:44:08Z"}
{"level":"info","msg":"{\"ev\":\"req\",\"route\":\"history\",\"status\":200,\"t\":1791351848579,\"ms\":14.2}","source":"console","time":"2026-10-07T05:44:08Z"}
{"level":"info","msg":"{\"ev\":\"req\",\"route\":\"problem_list\",\"status\":200,\"t\":1791351848667,\"ms\":3}","source":"console","time":"2026-10-07T05:44:08Z"}
{"level":"info","msg":"{\"ev\":\"req\",\"route\":\"problem_detail\",\"status\":200,\"t\":1791351848772,\"ms\":8}","source":"console","time":"2026-10-07T05:44:08Z"}
{"level":"info","msg":"{\"ev\":\"req\",\"route\":\"history\",\"status\":200,\"t\":1791351848878,\"ms\":14.3}","source":"console","time":"2026-10-07T05:44:08Z"}
{"level":"info","msg":"{\"ev\":\"req\",\"route\":\"problem_list\",\"status\":200,\"t\":1791351848973,\"ms\":8.5}","source":"console","time":"2026-10-07T05:44:08Z"}
{"level":"info","msg":"{\"ev\":\"req\",\"route\":\"submit\",\"status\":200,\"t\":1791351849028,\"ms\":31.1}","source":"console","time":"2026-10-07T05:44:09Z"}
{"level":"info","msg":"{\"ev\":\"accepted\",\"id\":\"6e2cae75-8c84-410c-98f7-9f6bb750d6d7\",\"t\":1791351849028}","source":"console","time":"2026-10-07T05:44:09Z"}
{"level":"info","msg":"{\"ev\":\"req\",\"route\":\"problem_detail\",\"status\":200,\"t\":1791351849068,\"ms\":3.5}","source":"console","time":"2026-10-07T05:44:09Z"}
{"level":"info","msg":"{\"ev\":\"req\",\"route\":\"history\",\"status\":200,\"t\":1791351849170,\"ms\":6.2}","source":"console","time":"2026-10-07T05:44:09Z"}
{"level":"info","msg":"{\"ev\":\"req\",\"route\":\"problem_list\",\"status\":200,\"t\":1791351849267,\"ms\":3.3}","source":"console","time":"2026-10-07T05:44:09Z"}
{"level":"info","msg":"{\"ev\":\"req\",\"route\":\"problem_detail\",\"status\":200,\"t\":1791351849367,\"ms\":3.8}","source":"console","time":"2026-10-07T05:44:09Z"}
{"level":"info","msg":"{\"ev\":\"req\",\"route\":\"history\",\"status\":200,\"t\":1791351849470,\"ms\":6.4}","source":"console","time":"2026-10-07T05:44:09Z"}
{"level":"info","msg":"{\"ev\":\"req\",\"route\":\"problem_list\",\"status\":200,\"t\":1791351849568,\"ms\":3.8}","source":"console","time":"2026-10-07T05:44:09Z"}
{"level":"info","msg":"{\"ev\":\"req\",\"route\":\"problem_detail\",\"status\":200,\"t\":1791351849668,\"ms\":3.6}","source":"console","time":"2026-10-07T05:44:09Z"}
{"level":"info","msg":"{\"ev\":\"req\",\"route\":\"history\",\"status\":200,\"t\":1791351849779,\"ms\":14.9}","source":"console","time":"2026-10-07T05:44:09Z"}
{"level":"info","msg":"{\"ev\":\"req\",\"route\":\"problem_list\",\"status\":200,\"t\":1791351849873,\"ms\":9}","source":"console","time":"2026-10-07T05:44:09Z"}
{"level":"info","msg":"{\"ev\":\"req\",\"route\":\"problem_detail\",\"status\":200,\"t\":1791351849972,\"ms\":7.2}","source":"console","time":"2026-10-07T05:44:09Z"}
{"level":"info","msg":"{\"ev\":\"req\",\"route\":\"history\",\"status\":200,\"t\":1791351850071,\"ms\":7.6}","source":"console","time":"2026-10-07T05:44:10Z"}
{"level":"info","msg":"{\"ev\":\"req\",\"route\":\"problem_list\",\"status\":200,\"t\":1791351850172,\"ms\":7.7}","source":"console","time":"2026-10-07T05:44:10Z"}
{"level":"info","msg":"{\"ev\":\"req\",\"route\":\"problem_detail\",\"status\":200,\"t\":1791351850271,\"ms\":7.4}","source":"console","time":"2026-10-07T05:44:10Z"}
{"level":"info","msg":"{\"ev\":\"req\",\"route\":\"history\",\"status\":200,\"t\":1791351850373,\"ms\":8.9}","source":"console","time":"2026-10-07T05:44:10Z"}
{"level":"info","msg":"{\"ev\":\"req\",\"route\":\"problem_list\",\"status\":200,\"t\":1791351850468,\"ms\":3.9}","source":"console","time":"2026-10-07T05:44:10Z"}
{"level":"info","msg":"{\"ev\":\"req\",\"route\":\"problem_detail\",\"status\":200,\"t\":1791351850571,\"ms\":7.5}","source":"console","time":"2026-10-07T05:44:10Z"}
{"level":"info","msg":"{\"ev\":\"req\",\"route\":\"history\",\"status\":200,\"t\":1791351850679,\"ms\":14.2}","source":"console","time":"2026-10-07T05:44:10Z"}
{"level":"info","msg":"{\"ev\":\"req\",\"route\":\"submit\",\"status\":200,\"t\":1791351850697,\"ms\":32.5}","source":"console","time":"2026-10-07T05:44:10Z"}
{"level":"info","msg":"{\"ev\":\"accepted\",\"id\":\"3b2d40a6-f2ac-4a7a-91db-91200d4916dd\",\"t\":1791351850697}","source":"console","time":"2026-10-07T05:44:10Z"}
{"level":"info","msg":"{\"ev\":\"req\",\"route\":\"problem_list\",\"status\":200,\"t\":1791351850769,\"ms\":5.1}","source":"console","time":"2026-10-07T05:44:10Z"}
{"level":"info","msg":"{\"ev\":\"req\",\"route\":\"problem_detail\",\"status\":200,\"t\":1791351850868,\"ms\":4.4}","source":"console","time":"2026-10-07T05:44:10Z"}
{"level":"info","msg":"{\"ev\":\"req\",\"route\":\"history\",\"status\":200,\"t\":1791351850971,\"ms\":7.5}","source":"console","time":"2026-10-07T05:44:10Z"}
{"level":"info","msg":"{\"ev\":\"req\",\"route\":\"problem_list\",\"status\":200,\"t\":1791351851068,\"ms\":4.8}","source":"console","time":"2026-10-07T05:44:11Z"}
{"level":"info","msg":"{\"ev\":\"req\",\"route\":\"problem_detail\",\"status\":200,\"t\":1791351851168,\"ms\":3.7}","source":"console","time":"2026-10-07T05:44:11Z"}
{"level":"info","msg":"{\"ev\":\"req\",\"route\":\"history\",\"status\":200,\"t\":1791351851279,\"ms\":15.1}","source":"console","time":"2026-10-07T05:44:11Z"}
{"level":"info","msg":"{\"ev\":\"req\",\"route\":\"problem_list\",\"status\":200,\"t\":1791351851372,\"ms\":8.1}","source":"console","time":"2026-10-07T05:44:11Z"}
{"level":"info","msg":"{\"ev\":\"req\",\"route\":\"problem_detail\",\"status\":200,\"t\":1791351851472,\"ms\":7.9}","source":"console","time":"2026-10-07T05:44:11Z"}
{"level":"info","msg":"{\"ev\":\"req\",\"route\":\"history\",\"status\":200,\"t\":1791351851580,\"ms\":15.6}","source":"console","time":"2026-10-07T05:44:11Z"}
{"level":"info","msg":"{\"ev\":\"req\",\"route\":\"problem_list\",\"status\":200,\"t\":1791351851672,\"ms\":7.8}","source":"console","time":"2026-10-07T05:44:11Z"}
{"level":"info","msg":"{\"ev\":\"req\",\"route\":\"problem_detail\",\"status\":200,\"t\":1791351851772,\"ms\":7.9}","source":"console","time":"2026-10-07T05:44:11Z"}
{"level":"info","msg":"{\"ev\":\"req\",\"route\":\"history\",\"status\":200,\"t\":1791351851875,\"ms\":11.5}","source":"console","time":"2026-10-07T05:44:11Z"}
{"level":"info","msg":"{\"ev\":\"req\",\"route\":\"problem_list\",\"status\":200,\"t\":1791351851972,\"ms\":8.8}","source":"console","time":"2026-10-07T05:44:11Z"}
{"level":"info","msg":"{\"ev\":\"req\",\"route\":\"problem_detail\",\"status\":200,\"t\":1791351852071,\"ms\":7.3}","source":"console","time":"2026-10-07T05:44:12Z"}
{"level":"info","msg":"{\"ev\":\"req\",\"route\":\"history\",\"status\":200,\"t\":1791351852179,\"ms\":15.4}","source":"console","time":"2026-10-07T05:44:12Z"}
{"level":"info","msg":"{\"ev\":\"req\",\"route\":\"problem_list\",\"status\":200,\"t\":1791351852273,\"ms\":8.8}","source":"console","time":"2026-10-07T05:44:12Z"}
{"level":"info","msg":"{\"ev\":\"req\",\"route\":\"submit\",\"status\":200,\"t\":1791351852354,\"ms\":23.6}","source":"console","time":"2026-10-07T05:44:12Z"}
{"level":"info","msg":"{\"ev\":\"accepted\",\"id\":\"79434d07-14a6-4d81-a39e-45ae61716dcb\",\"t\":1791351852354}","source":"console","time":"2026-10-07T05:44:12Z"}
{"level":"info","msg":"{\"ev\":\"req\",\"route\":\"problem_detail\",\"status\":200,\"t\":1791351852367,\"ms\":3.7}","source":"console","time":"2026-10-07T05:44:12Z"}
{"level":"info","msg":"{\"ev\":\"req\",\"route\":\"history\",\"status\":200,\"t\":1791351852471,\"ms\":7}","source":"console","time":"2026-10-07T05:44:12Z"}
{"level":"info","msg":"{\"ev\":\"req\",\"route\":\"problem_list\",\"status\":200,\"t\":1791351852567,\"ms\":3.5}","source":"console","time":"2026-10-07T05:44:12Z"}
{"level":"info","msg":"{\"ev\":\"req\",\"route\":\"problem_detail\",\"status\":200,\"t\":1791351852666,\"ms\":3.3}","source":"console","time":"2026-10-07T05:44:12Z"}
{"level":"info","msg":"{\"ev\":\"req\",\"route\":\"history\",\"status\":200,\"t\":1791351852769,\"ms\":5.9}","source":"console","time":"2026-10-07T05:44:12Z"}
{"level":"info","msg":"{\"ev\":\"req\",\"route\":\"problem_list\",\"status\":200,\"t\":1791351852867,\"ms\":3.4}","source":"console","time":"2026-10-07T05:44:12Z"}
{"level":"info","msg":"{\"ev\":\"req\",\"route\":\"problem_detail\",\"status\":200,\"t\":1791351852967,\"ms\":3.6}","source":"console","time":"2026-10-07T05:44:12Z"}
{"level":"info","msg":"{\"ev\":\"req\",\"route\":\"history\",\"status\":200,\"t\":1791351853077,\"ms\":12.6}","source":"console","time":"2026-10-07T05:44:13Z"}
{"level":"info","msg":"{\"ev\":\"req\",\"route\":\"problem_list\",\"status\":200,\"t\":1791351853172,\"ms\":7.7}","source":"console","time":"2026-10-07T05:44:13Z"}
{"level":"info","msg":"{\"ev\":\"req\",\"route\":\"problem_detail\",\"status\":200,\"t\":1791351853272,\"ms\":7.7}","source":"console","time":"2026-10-07T05:44:13Z"}
{"level":"info","msg":"{\"ev\":\"req\",\"route\":\"history\",\"status\":200,\"t\":1791351853380,\"ms\":15.2}","source":"console","time":"2026-10-07T05:44:13Z"}
{"level":"info","msg":"{\"ev\":\"req\",\"route\":\"problem_list\",\"status\":200,\"t\":1791351853473,\"ms\":9.7}","source":"console","time":"2026-10-07T05:44:13Z"}
{"level":"info","msg":"{\"ev\":\"req\",\"route\":\"problem_detail\",\"status\":200,\"t\":1791351853569,\"ms\":4.9}","source":"console","time":"2026-10-07T05:44:13Z"}
{"level":"info","msg":"{\"ev\":\"req\",\"route\":\"history\",\"status\":200,\"t\":1791351853678,\"ms\":13.8}","source":"console","time":"2026-10-07T05:44:13Z"}
{"level":"info","msg":"{\"ev\":\"req\",\"route\":\"problem_list\",\"status\":200,\"t\":1791351853773,\"ms\":9.7}","source":"console","time":"2026-10-07T05:44:13Z"}
{"level":"info","msg":"{\"ev\":\"req\",\"route\":\"problem_detail\",\"status\":200,\"t\":1791351853873,\"ms\":8.3}","source":"console","time":"2026-10-07T05:44:13Z"}
{"level":"info","msg":"{\"ev\":\"req\",\"route\":\"history\",\"status\":200,\"t\":1791351853979,\"ms\":15.1}","source":"console","time":"2026-10-07T05:44:13Z"}
{"level":"info","msg":"{\"ev\":\"req\",\"route\":\"submit\",\"status\":200,\"t\":1791351854016,\"ms\":19.5}","source":"console","time":"2026-10-07T05:44:14Z"}
{"level":"info","msg":"{\"ev\":\"accepted\",\"id\":\"3e0fedc5-166a-41c4-ab86-fe218546ae03\",\"t\":1791351854016}","source":"console","time":"2026-10-07T05:44:14Z"}
{"level":"info","msg":"{\"ev\":\"req\",\"route\":\"problem_list\",\"status\":200,\"t\":1791351854068,\"ms\":4}","source":"console","time":"2026-10-07T05:44:14Z"}
{"level":"info","msg":"{\"ev\":\"req\",\"route\":\"problem_detail\",\"status\":200,\"t\":1791351854170,\"ms\":6}","source":"console","time":"2026-10-07T05:44:14Z"}
{"level":"info","msg":"{\"ev\":\"req\",\"route\":\"history\",\"status\":200,\"t\":1791351854273,\"ms\":8.2}","source":"console","time":"2026-10-07T05:44:14Z"}
{"level":"info","msg":"{\"ev\":\"req\",\"route\":\"problem_list\",\"status\":200,\"t\":1791351854369,\"ms\":4.7}","source":"console","time":"2026-10-07T05:44:14Z"}
{"level":"info","msg":"{\"ev\":\"req\",\"route\":\"problem_detail\",\"status\":200,\"t\":1791351854467,\"ms\":3.4}","source":"console","time":"2026-10-07T05:44:14Z"}
{"level":"info","msg":"{\"ev\":\"req\",\"route\":\"history\",\"status\":200,\"t\":1791351854570,\"ms\":6}","source":"console","time":"2026-10-07T05:44:14Z"}
{"level":"info","msg":"{\"ev\":\"req\",\"route\":\"problem_list\",\"status\":200,\"t\":1791351854672,\"ms\":8.4}","source":"console","time":"2026-10-07T05:44:14Z"}
{"level":"info","msg":"{\"ev\":\"req\",\"route\":\"problem_detail\",\"status\":200,\"t\":1791351854772,\"ms\":8.1}","source":"console","time":"2026-10-07T05:44:14Z"}
{"level":"info","msg":"{\"ev\":\"req\",\"route\":\"history\",\"status\":200,\"t\":1791351854877,\"ms\":13.3}","source":"console","time":"2026-10-07T05:44:14Z"}
{"level":"info","msg":"{\"ev\":\"req\",\"route\":\"problem_list\",\"status\":200,\"t\":1791351854973,\"ms\":9}","source":"console","time":"2026-10-07T05:44:14Z"}
{"level":"info","msg":"{\"ev\":\"req\",\"route\":\"problem_detail\",\"status\":200,\"t\":1791351855073,\"ms\":8.9}","source":"console","time":"2026-10-07T05:44:15Z"}
{"level":"info","msg":"{\"ev\":\"req\",\"route\":\"history\",\"status\":200,\"t\":1791351855178,\"ms\":14.1}","source":"console","time":"2026-10-07T05:44:15Z"}
{"level":"info","msg":"{\"ev\":\"req\",\"route\":\"problem_list\",\"status\":200,\"t\":1791351855275,\"ms\":11.2}","source":"console","time":"2026-10-07T05:44:15Z"}
{"level":"info","msg":"{\"ev\":\"req\",\"route\":\"problem_detail\",\"status\":200,\"t\":1791351855368,\"ms\":3.8}","source":"console","time":"2026-10-07T05:44:15Z"}
{"level":"info","msg":"{\"ev\":\"req\",\"route\":\"history\",\"status\":200,\"t\":1791351855470,\"ms\":6.3}","source":"console","time":"2026-10-07T05:44:15Z"}
{"level":"info","msg":"{\"ev\":\"req\",\"route\":\"problem_list\",\"status\":200,\"t\":1791351855568,\"ms\":4.4}","source":"console","time":"2026-10-07T05:44:15Z"}
{"level":"info","msg":"{\"ev\":\"req\",\"route\":\"problem_detail\",\"status\":200,\"t\":1791351855668,\"ms\":4.2}","source":"console","time":"2026-10-07T05:44:15Z"}
{"level":"info","msg":"{\"ev\":\"req\",\"route\":\"submit\",\"status\":200,\"t\":1791351855688,\"ms\":24}","source":"console","time":"2026-10-07T05:44:15Z"}
{"level":"info","msg":"{\"ev\":\"accepted\",\"id\":\"dd07d4e6-f908-4851-b183-445292bce078\",\"t\":1791351855688}","source":"console","time":"2026-10-07T05:44:15Z"}
{"level":"info","msg":"{\"ev\":\"req\",\"route\":\"history\",\"status\":200,\"t\":1791351855771,\"ms\":7.5}","source":"console","time":"2026-10-07T05:44:15Z"}
{"level":"info","msg":"{\"ev\":\"req\",\"route\":\"problem_list\",\"status\":200,\"t\":1791351855868,\"ms\":4}","source":"console","time":"2026-10-07T05:44:15Z"}
{"level":"info","msg":"{\"ev\":\"req\",\"route\":\"problem_detail\",\"status\":200,\"t\":1791351855967,\"ms\":3.9}","source":"console","time":"2026-10-07T05:44:15Z"}
{"level":"info","msg":"{\"ev\":\"req\",\"route\":\"history\",\"status\":200,\"t\":1791351856073,\"ms\":9.3}","source":"console","time":"2026-10-07T05:44:16Z"}
{"level":"info","msg":"{\"ev\":\"req\",\"route\":\"problem_list\",\"status\":200,\"t\":1791351856167,\"ms\":3.7}","source":"console","time":"2026-10-07T05:44:16Z"}
{"level":"info","msg":"{\"ev\":\"req\",\"route\":\"problem_detail\",\"status\":200,\"t\":1791351856267,\"ms\":3}","source":"console","time":"2026-10-07T05:44:16Z"}
{"level":"info","msg":"{\"ev\":\"req\",\"route\":\"history\",\"status\":200,\"t\":1791351856369,\"ms\":5.6}","source":"console","time":"2026-10-07T05:44:16Z"}
{"level":"info","msg":"{\"ev\":\"req\",\"route\":\"problem_list\",\"status\":200,\"t\":1791351856469,\"ms\":5.1}","source":"console","time":"2026-10-07T05:44:16Z"}
{"level":"info","msg":"{\"ev\":\"req\",\"route\":\"problem_detail\",\"status\":200,\"t\":1791351856570,\"ms\":6.5}","source":"console","time":"2026-10-07T05:44:16Z"}
{"level":"info","msg":"{\"ev\":\"req\",\"route\":\"history\",\"status\":200,\"t\":1791351856677,\"ms\":13}","source":"console","time":"2026-10-07T05:44:16Z"}
{"level":"info","msg":"{\"ev\":\"req\",\"route\":\"problem_list\",\"status\":200,\"t\":1791351856773,\"ms\":9}","source":"console","time":"2026-10-07T05:44:16Z"}
{"level":"info","msg":"{\"ev\":\"req\",\"route\":\"problem_detail\",\"status\":200,\"t\":1791351856873,\"ms\":8.4}","source":"console","time":"2026-10-07T05:44:16Z"}
{"level":"info","msg":"{\"ev\":\"req\",\"route\":\"history\",\"status\":200,\"t\":1791351856977,\"ms\":13.8}","source":"console","time":"2026-10-07T05:44:16Z"}
{"level":"info","msg":"{\"ev\":\"req\",\"route\":\"problem_list\",\"status\":200,\"t\":1791351857072,\"ms\":8.4}","source":"console","time":"2026-10-07T05:44:17Z"}
{"level":"info","msg":"{\"ev\":\"req\",\"route\":\"problem_detail\",\"status\":200,\"t\":1791351857173,\"ms\":8.6}","source":"console","time":"2026-10-07T05:44:17Z"}
{"level":"info","msg":"{\"ev\":\"req\",\"route\":\"history\",\"status\":200,\"t\":1791351857276,\"ms\":12.6}","source":"console","time":"2026-10-07T05:44:17Z"}
{"level":"info","msg":"{\"ev\":\"req\",\"route\":\"submit\",\"status\":200,\"t\":1791351857345,\"ms\":15.4}","source":"console","time":"2026-10-07T05:44:17Z"}
{"level":"info","msg":"{\"ev\":\"accepted\",\"id\":\"949af18a-4908-427c-a778-32ce2ff088c0\",\"t\":1791351857346}","source":"console","time":"2026-10-07T05:44:17Z"}
{"level":"info","msg":"{\"ev\":\"req\",\"route\":\"problem_list\",\"status\":200,\"t\":1791351857367,\"ms\":3.5}","source":"console","time":"2026-10-07T05:44:17Z"}
{"level":"info","msg":"{\"ev\":\"req\",\"route\":\"problem_detail\",\"status\":200,\"t\":1791351857471,\"ms\":7.5}","source":"console","time":"2026-10-07T05:44:17Z"}
{"level":"info","msg":"{\"ev\":\"req\",\"route\":\"history\",\"status\":200,\"t\":1791351857573,\"ms\":8.7}","source":"console","time":"2026-10-07T05:44:17Z"}
{"level":"info","msg":"{\"ev\":\"req\",\"route\":\"problem_list\",\"status\":200,\"t\":1791351857667,\"ms\":3.5}","source":"console","time":"2026-10-07T05:44:17Z"}
{"level":"info","msg":"{\"ev\":\"req\",\"route\":\"problem_detail\",\"status\":200,\"t\":1791351857767,\"ms\":3.6}","source":"console","time":"2026-10-07T05:44:17Z"}
{"level":"info","msg":"{\"ev\":\"req\",\"route\":\"history\",\"status\":200,\"t\":1791351857869,\"ms\":5.3}","source":"console","time":"2026-10-07T05:44:17Z"}
{"level":"info","msg":"{\"ev\":\"req\",\"route\":\"problem_list\",\"status\":200,\"t\":1791351857967,\"ms\":3.7}","source":"console","time":"2026-10-07T05:44:17Z"}
{"level":"info","msg":"{\"ev\":\"req\",\"route\":\"problem_detail\",\"status\":200,\"t\":1791351858072,\"ms\":7.5}","source":"console","time":"2026-10-07T05:44:18Z"}
{"level":"info","msg":"{\"ev\":\"req\",\"route\":\"history\",\"status\":200,\"t\":1791351858177,\"ms\":13.8}","source":"console","time":"2026-10-07T05:44:18Z"}
{"level":"info","msg":"{\"ev\":\"req\",\"route\":\"problem_list\",\"status\":200,\"t\":1791351858273,\"ms\":9}","source":"console","time":"2026-10-07T05:44:18Z"}
{"level":"info","msg":"{\"ev\":\"req\",\"route\":\"problem_detail\",\"status\":200,\"t\":1791351858372,\"ms\":8.5}","source":"console","time":"2026-10-07T05:44:18Z"}
{"level":"info","msg":"{\"ev\":\"req\",\"route\":\"history\",\"status\":200,\"t\":1791351858478,\"ms\":13.7}","source":"console","time":"2026-10-07T05:44:18Z"}
{"level":"info","msg":"{\"ev\":\"req\",\"route\":\"problem_list\",\"status\":200,\"t\":1791351858572,\"ms\":8.6}","source":"console","time":"2026-10-07T05:44:18Z"}
{"level":"info","msg":"{\"ev\":\"req\",\"route\":\"problem_detail\",\"status\":200,\"t\":1791351858669,\"ms\":5.6}","source":"console","time":"2026-10-07T05:44:18Z"}
{"level":"info","msg":"{\"ev\":\"req\",\"route\":\"history\",\"status\":200,\"t\":1791351858779,\"ms\":14.6}","source":"console","time":"2026-10-07T05:44:18Z"}
{"level":"info","msg":"{\"ev\":\"req\",\"route\":\"problem_list\",\"status\":200,\"t\":1791351858872,\"ms\":8}","source":"console","time":"2026-10-07T05:44:18Z"}
{"level":"info","msg":"{\"ev\":\"req\",\"route\":\"problem_detail\",\"status\":200,\"t\":1791351858972,\"ms\":8.3}","source":"console","time":"2026-10-07T05:44:18Z"}
{"level":"info","msg":"{\"ev\":\"req\",\"route\":\"submit\",\"status\":200,\"t\":1791351859024,\"ms\":26.9}","source":"console","time":"2026-10-07T05:44:19Z"}
{"level":"info","msg":"{\"ev\":\"accepted\",\"id\":\"de584a75-e8af-4626-bb2c-64dd1d299003\",\"t\":1791351859024}","source":"console","time":"2026-10-07T05:44:19Z"}
{"level":"info","msg":"{\"ev\":\"req\",\"route\":\"history\",\"status\":200,\"t\":1791351859069,\"ms\":5.5}","source":"console","time":"2026-10-07T05:44:19Z"}
{"level":"info","msg":"{\"ev\":\"req\",\"route\":\"problem_list\",\"status\":200,\"t\":1791351859167,\"ms\":3.4}","source":"console","time":"2026-10-07T05:44:19Z"}
{"level":"info","msg":"{\"ev\":\"req\",\"route\":\"problem_detail\",\"status\":200,\"t\":1791351859268,\"ms\":3.6}","source":"console","time":"2026-10-07T05:44:19Z"}
{"level":"info","msg":"{\"ev\":\"req\",\"route\":\"history\",\"status\":200,\"t\":1791351859370,\"ms\":6.4}","source":"console","time":"2026-10-07T05:44:19Z"}
{"level":"info","msg":"{\"ev\":\"req\",\"route\":\"problem_list\",\"status\":200,\"t\":1791351859467,\"ms\":3.5}","source":"console","time":"2026-10-07T05:44:19Z"}
{"level":"info","msg":"{\"ev\":\"req\",\"route\":\"problem_detail\",\"status\":200,\"t\":1791351859567,\"ms\":3.6}","source":"console","time":"2026-10-07T05:44:19Z"}
{"level":"info","msg":"{\"ev\":\"req\",\"route\":\"history\",\"status\":200,\"t\":1791351859670,\"ms\":6.6}","source":"console","time":"2026-10-07T05:44:19Z"}
{"level":"info","msg":"{\"ev\":\"req\",\"route\":\"problem_list\",\"status\":200,\"t\":1791351859771,\"ms\":7.8}","source":"console","time":"2026-10-07T05:44:19Z"}
{"level":"info","msg":"{\"ev\":\"req\",\"route\":\"problem_detail\",\"status\":200,\"t\":1791351859871,\"ms\":7.7}","source":"console","time":"2026-10-07T05:44:19Z"}
{"level":"info","msg":"{\"ev\":\"req\",\"route\":\"history\",\"status\":200,\"t\":1791351859977,\"ms\":13.3}","source":"console","time":"2026-10-07T05:44:19Z"}
{"level":"info","msg":"{\"ev\":\"req\",\"route\":\"problem_list\",\"status\":200,\"t\":1791351860073,\"ms\":8.6}","source":"console","time":"2026-10-07T05:44:20Z"}
{"level":"info","msg":"{\"ev\":\"req\",\"route\":\"problem_detail\",\"status\":200,\"t\":1791351860171,\"ms\":7.3}","source":"console","time":"2026-10-07T05:44:20Z"}
{"level":"info","msg":"{\"ev\":\"req\",\"route\":\"history\",\"status\":200,\"t\":1791351860272,\"ms\":8}","source":"console","time":"2026-10-07T05:44:20Z"}
{"level":"info","msg":"{\"ev\":\"req\",\"route\":\"problem_list\",\"status\":200,\"t\":1791351860367,\"ms\":3.3}","source":"console","time":"2026-10-07T05:44:20Z"}
{"level":"info","msg":"{\"ev\":\"req\",\"route\":\"problem_detail\",\"status\":200,\"t\":1791351860466,\"ms\":2.9}","source":"console","time":"2026-10-07T05:44:20Z"}
{"level":"info","msg":"{\"ev\":\"req\",\"route\":\"history\",\"status\":200,\"t\":1791351860576,\"ms\":12.9}","source":"console","time":"2026-10-07T05:44:20Z"}
{"level":"info","msg":"{\"ev\":\"req\",\"route\":\"problem_list\",\"status\":200,\"t\":1791351860672,\"ms\":9}","source":"console","time":"2026-10-07T05:44:20Z"}
{"level":"info","msg":"{\"ev\":\"req\",\"route\":\"submit\",\"status\":200,\"t\":1791351860695,\"ms\":31.4}","source":"console","time":"2026-10-07T05:44:20Z"}
{"level":"info","msg":"{\"ev\":\"accepted\",\"id\":\"9a7e9e05-3f26-4373-b705-16b3d3bbf3f8\",\"t\":1791351860695}","source":"console","time":"2026-10-07T05:44:20Z"}
{"level":"info","msg":"{\"ev\":\"req\",\"route\":\"problem_detail\",\"status\":200,\"t\":1791351860769,\"ms\":5.1}","source":"console","time":"2026-10-07T05:44:20Z"}
{"level":"info","msg":"{\"ev\":\"req\",\"route\":\"history\",\"status\":200,\"t\":1791351860872,\"ms\":7.9}","source":"console","time":"2026-10-07T05:44:20Z"}
{"level":"info","msg":"{\"ev\":\"req\",\"route\":\"problem_list\",\"status\":200,\"t\":1791351860967,\"ms\":3.8}","source":"console","time":"2026-10-07T05:44:20Z"}
{"level":"info","msg":"{\"ev\":\"req\",\"route\":\"problem_detail\",\"status\":200,\"t\":1791351861067,\"ms\":3.9}","source":"console","time":"2026-10-07T05:44:21Z"}
{"level":"info","msg":"{\"ev\":\"req\",\"route\":\"history\",\"status\":200,\"t\":1791351861169,\"ms\":5.4}","source":"console","time":"2026-10-07T05:44:21Z"}
{"level":"info","msg":"{\"ev\":\"req\",\"route\":\"problem_list\",\"status\":200,\"t\":1791351861271,\"ms\":7.1}","source":"console","time":"2026-10-07T05:44:21Z"}
{"level":"info","msg":"{\"ev\":\"req\",\"route\":\"problem_detail\",\"status\":200,\"t\":1791351861372,\"ms\":8.4}","source":"console","time":"2026-10-07T05:44:21Z"}
{"level":"info","msg":"{\"ev\":\"req\",\"route\":\"history\",\"status\":200,\"t\":1791351861476,\"ms\":12.5}","source":"console","time":"2026-10-07T05:44:21Z"}
{"level":"info","msg":"{\"ev\":\"req\",\"route\":\"problem_list\",\"status\":200,\"t\":1791351861572,\"ms\":8.2}","source":"console","time":"2026-10-07T05:44:21Z"}
{"level":"info","msg":"{\"ev\":\"req\",\"route\":\"problem_detail\",\"status\":200,\"t\":1791351861672,\"ms\":8}","source":"console","time":"2026-10-07T05:44:21Z"}
{"level":"info","msg":"{\"ev\":\"req\",\"route\":\"history\",\"status\":200,\"t\":1791351861777,\"ms\":13.3}","source":"console","time":"2026-10-07T05:44:21Z"}
{"level":"info","msg":"{\"ev\":\"req\",\"route\":\"problem_list\",\"status\":200,\"t\":1791351861867,\"ms\":2.8}","source":"console","time":"2026-10-07T05:44:21Z"}
{"level":"info","msg":"{\"ev\":\"req\",\"route\":\"problem_detail\",\"status\":200,\"t\":1791351861972,\"ms\":7.7}","source":"console","time":"2026-10-07T05:44:21Z"}
{"level":"info","msg":"{\"ev\":\"req\",\"route\":\"history\",\"status\":200,\"t\":1791351862079,\"ms\":14.7}","source":"console","time":"2026-10-07T05:44:22Z"}
{"level":"info","msg":"{\"ev\":\"req\",\"route\":\"problem_list\",\"status\":200,\"t\":1791351862168,\"ms\":4.6}","source":"console","time":"2026-10-07T05:44:22Z"}
{"level":"info","msg":"{\"ev\":\"req\",\"route\":\"problem_detail\",\"status\":200,\"t\":1791351862271,\"ms\":7.3}","source":"console","time":"2026-10-07T05:44:22Z"}
{"level":"info","msg":"{\"ev\":\"req\",\"route\":\"submit\",\"status\":200,\"t\":1791351862360,\"ms\":29.6}","source":"console","time":"2026-10-07T05:44:22Z"}
{"level":"info","msg":"{\"ev\":\"accepted\",\"id\":\"f4752bc0-8784-4254-bc40-1a6244ae5325\",\"t\":1791351862360}","source":"console","time":"2026-10-07T05:44:22Z"}
{"level":"info","msg":"{\"ev\":\"req\",\"route\":\"history\",\"status\":200,\"t\":1791351862371,\"ms\":6.8}","source":"console","time":"2026-10-07T05:44:22Z"}
{"level":"info","msg":"{\"ev\":\"req\",\"route\":\"problem_list\",\"status\":200,\"t\":1791351862468,\"ms\":4.3}","source":"console","time":"2026-10-07T05:44:22Z"}
{"level":"info","msg":"{\"ev\":\"req\",\"route\":\"problem_detail\",\"status\":200,\"t\":1791351862567,\"ms\":3.4}","source":"console","time":"2026-10-07T05:44:22Z"}
{"level":"info","msg":"{\"ev\":\"req\",\"route\":\"history\",\"status\":200,\"t\":1791351862670,\"ms\":6.7}","source":"console","time":"2026-10-07T05:44:22Z"}
{"level":"info","msg":"{\"ev\":\"req\",\"route\":\"problem_list\",\"status\":200,\"t\":1791351862767,\"ms\":3.6}","source":"console","time":"2026-10-07T05:44:22Z"}
{"level":"info","msg":"{\"ev\":\"req\",\"route\":\"problem_detail\",\"status\":200,\"t\":1791351862868,\"ms\":3.9}","source":"console","time":"2026-10-07T05:44:22Z"}
{"level":"info","msg":"{\"ev\":\"req\",\"route\":\"history\",\"status\":200,\"t\":1791351862971,\"ms\":6.7}","source":"console","time":"2026-10-07T05:44:22Z"}
{"level":"info","msg":"{\"ev\":\"req\",\"route\":\"problem_list\",\"status\":200,\"t\":1791351863075,\"ms\":10.5}","source":"console","time":"2026-10-07T05:44:23Z"}
{"level":"info","msg":"{\"ev\":\"req\",\"route\":\"problem_detail\",\"status\":200,\"t\":1791351863173,\"ms\":8.7}","source":"console","time":"2026-10-07T05:44:23Z"}
{"level":"info","msg":"{\"ev\":\"req\",\"route\":\"history\",\"status\":200,\"t\":1791351863278,\"ms\":14.1}","source":"console","time":"2026-10-07T05:44:23Z"}
{"level":"info","msg":"{\"ev\":\"req\",\"route\":\"problem_list\",\"status\":200,\"t\":1791351863367,\"ms\":3.7}","source":"console","time":"2026-10-07T05:44:23Z"}
{"level":"info","msg":"{\"ev\":\"req\",\"route\":\"problem_detail\",\"status\":200,\"t\":1791351863472,\"ms\":8}","source":"console","time":"2026-10-07T05:44:23Z"}
{"level":"info","msg":"{\"ev\":\"req\",\"route\":\"history\",\"status\":200,\"t\":1791351863578,\"ms\":13.9}","source":"console","time":"2026-10-07T05:44:23Z"}
{"level":"info","msg":"{\"ev\":\"req\",\"route\":\"problem_list\",\"status\":200,\"t\":1791351863673,\"ms\":9.2}","source":"console","time":"2026-10-07T05:44:23Z"}
{"level":"info","msg":"{\"ev\":\"req\",\"route\":\"problem_detail\",\"status\":200,\"t\":1791351863772,\"ms\":7.7}","source":"console","time":"2026-10-07T05:44:23Z"}
{"level":"info","msg":"{\"ev\":\"req\",\"route\":\"history\",\"status\":200,\"t\":1791351863878,\"ms\":13.5}","source":"console","time":"2026-10-07T05:44:23Z"}
{"level":"info","msg":"{\"ev\":\"req\",\"route\":\"problem_list\",\"status\":200,\"t\":1791351863973,\"ms\":8.9}","source":"console","time":"2026-10-07T05:44:23Z"}
{"level":"info","msg":"{\"ev\":\"req\",\"route\":\"submit\",\"status\":200,\"t\":1791351864026,\"ms\":28.3}","source":"console","time":"2026-10-07T05:44:24Z"}
{"level":"info","msg":"{\"ev\":\"accepted\",\"id\":\"b418d0a1-b6ef-4725-b4e8-ab9288cb4b16\",\"t\":1791351864026}","source":"console","time":"2026-10-07T05:44:24Z"}
{"level":"info","msg":"{\"ev\":\"req\",\"route\":\"problem_detail\",\"status\":200,\"t\":1791351864068,\"ms\":4.4}","source":"console","time":"2026-10-07T05:44:24Z"}
{"level":"info","msg":"{\"ev\":\"req\",\"route\":\"history\",\"status\":200,\"t\":1791351864178,\"ms\":14}","source":"console","time":"2026-10-07T05:44:24Z"}
{"level":"info","msg":"{\"ev\":\"req\",\"route\":\"problem_list\",\"status\":200,\"t\":1791351864268,\"ms\":4.9}","source":"console","time":"2026-10-07T05:44:24Z"}
{"level":"info","msg":"{\"ev\":\"req\",\"route\":\"problem_detail\",\"status\":200,\"t\":1791351864368,\"ms\":4.4}","source":"console","time":"2026-10-07T05:44:24Z"}
{"level":"info","msg":"{\"ev\":\"req\",\"route\":\"history\",\"status\":200,\"t\":1791351864470,\"ms\":5.9}","source":"console","time":"2026-10-07T05:44:24Z"}
{"level":"info","msg":"{\"ev\":\"req\",\"route\":\"problem_list\",\"status\":200,\"t\":1791351864572,\"ms\":7.7}","source":"console","time":"2026-10-07T05:44:24Z"}
{"level":"info","msg":"{\"ev\":\"req\",\"route\":\"problem_detail\",\"status\":200,\"t\":1791351864672,\"ms\":7.6}","source":"console","time":"2026-10-07T05:44:24Z"}
{"level":"info","msg":"{\"ev\":\"req\",\"route\":\"history\",\"status\":200,\"t\":1791351864776,\"ms\":11.6}","source":"console","time":"2026-10-07T05:44:24Z"}
{"level":"info","msg":"{\"ev\":\"req\",\"route\":\"problem_list\",\"status\":200,\"t\":1791351864873,\"ms\":8.8}","source":"console","time":"2026-10-07T05:44:24Z"}
{"level":"info","msg":"{\"ev\":\"req\",\"route\":\"problem_detail\",\"status\":200,\"t\":1791351864972,\"ms\":7.9}","source":"console","time":"2026-10-07T05:44:24Z"}
{"level":"info","msg":"{\"ev\":\"req\",\"route\":\"history\",\"status\":200,\"t\":1791351865077,\"ms\":13}","source":"console","time":"2026-10-07T05:44:25Z"}
{"level":"info","msg":"{\"ev\":\"req\",\"route\":\"problem_list\",\"status\":200,\"t\":1791351865173,\"ms\":8.9}","source":"console","time":"2026-10-07T05:44:25Z"}
{"level":"info","msg":"{\"ev\":\"req\",\"route\":\"problem_detail\",\"status\":200,\"t\":1791351865272,\"ms\":7.6}","source":"console","time":"2026-10-07T05:44:25Z"}
{"level":"info","msg":"{\"ev\":\"req\",\"route\":\"history\",\"status\":200,\"t\":1791351865377,\"ms\":13.2}","source":"console","time":"2026-10-07T05:44:25Z"}
{"level":"info","msg":"{\"ev\":\"req\",\"route\":\"problem_list\",\"status\":200,\"t\":1791351865467,\"ms\":3.2}","source":"console","time":"2026-10-07T05:44:25Z"}
{"level":"info","msg":"{\"ev\":\"req\",\"route\":\"problem_detail\",\"status\":200,\"t\":1791351865569,\"ms\":4.7}","source":"console","time":"2026-10-07T05:44:25Z"}
{"level":"info","msg":"{\"ev\":\"req\",\"route\":\"history\",\"status\":200,\"t\":1791351865677,\"ms\":13.5}","source":"console","time":"2026-10-07T05:44:25Z"}
{"level":"info","msg":"{\"ev\":\"req\",\"route\":\"submit\",\"status\":200,\"t\":1791351865694,\"ms\":30.4}","source":"console","time":"2026-10-07T05:44:25Z"}
{"level":"info","msg":"{\"ev\":\"accepted\",\"id\":\"2e9774ad-73e9-4cae-a4c2-739c03ef2e68\",\"t\":1791351865694}","source":"console","time":"2026-10-07T05:44:25Z"}
{"level":"info","msg":"{\"ev\":\"req\",\"route\":\"problem_list\",\"status\":200,\"t\":1791351865767,\"ms\":3.2}","source":"console","time":"2026-10-07T05:44:25Z"}
{"level":"info","msg":"{\"ev\":\"req\",\"route\":\"problem_detail\",\"status\":200,\"t\":1791351865867,\"ms\":3.5}","source":"console","time":"2026-10-07T05:44:25Z"}
{"level":"info","msg":"{\"ev\":\"req\",\"route\":\"history\",\"status\":200,\"t\":1791351865970,\"ms\":5.7}","source":"console","time":"2026-10-07T05:44:25Z"}
{"level":"info","msg":"{\"ev\":\"req\",\"route\":\"problem_list\",\"status\":200,\"t\":1791351866068,\"ms\":4.5}","source":"console","time":"2026-10-07T05:44:26Z"}
{"level":"info","msg":"{\"ev\":\"req\",\"route\":\"problem_detail\",\"status\":200,\"t\":1791351866167,\"ms\":3.4}","source":"console","time":"2026-10-07T05:44:26Z"}
{"level":"info","msg":"{\"ev\":\"req\",\"route\":\"history\",\"status\":200,\"t\":1791351866270,\"ms\":5.7}","source":"console","time":"2026-10-07T05:44:26Z"}
{"level":"info","msg":"{\"ev\":\"req\",\"route\":\"problem_list\",\"status\":200,\"t\":1791351866367,\"ms\":3.9}","source":"console","time":"2026-10-07T05:44:26Z"}
{"level":"info","msg":"{\"ev\":\"req\",\"route\":\"problem_detail\",\"status\":200,\"t\":1791351866470,\"ms\":6.3}","source":"console","time":"2026-10-07T05:44:26Z"}
{"level":"info","msg":"{\"ev\":\"req\",\"route\":\"history\",\"status\":200,\"t\":1791351866571,\"ms\":6.7}","source":"console","time":"2026-10-07T05:44:26Z"}
{"level":"info","msg":"{\"ev\":\"req\",\"route\":\"problem_list\",\"status\":200,\"t\":1791351866667,\"ms\":3.5}","source":"console","time":"2026-10-07T05:44:26Z"}
{"level":"info","msg":"{\"ev\":\"req\",\"route\":\"problem_detail\",\"status\":200,\"t\":1791351866768,\"ms\":3.8}","source":"console","time":"2026-10-07T05:44:26Z"}
{"level":"info","msg":"{\"ev\":\"req\",\"route\":\"history\",\"status\":200,\"t\":1791351866870,\"ms\":6.2}","source":"console","time":"2026-10-07T05:44:26Z"}
{"level":"info","msg":"{\"ev\":\"req\",\"route\":\"problem_list\",\"status\":200,\"t\":1791351866969,\"ms\":5.4}","source":"console","time":"2026-10-07T05:44:26Z"}
{"level":"info","msg":"{\"ev\":\"req\",\"route\":\"problem_detail\",\"status\":200,\"t\":1791351867067,\"ms\":3.4}","source":"console","time":"2026-10-07T05:44:27Z"}
{"level":"info","msg":"{\"ev\":\"req\",\"route\":\"history\",\"status\":200,\"t\":1791351867170,\"ms\":5.9}","source":"console","time":"2026-10-07T05:44:27Z"}
{"level":"info","msg":"{\"ev\":\"req\",\"route\":\"problem_list\",\"status\":200,\"t\":1791351867268,\"ms\":3.8}","source":"console","time":"2026-10-07T05:44:27Z"}
{"level":"info","msg":"{\"ev\":\"req\",\"route\":\"submit\",\"status\":200,\"t\":1791351867349,\"ms\":18.5}","source":"console","time":"2026-10-07T05:44:27Z"}
{"level":"info","msg":"{\"ev\":\"accepted\",\"id\":\"d2acae8a-27de-4b59-ab14-4567b2cf50cf\",\"t\":1791351867349}","source":"console","time":"2026-10-07T05:44:27Z"}
{"level":"info","msg":"{\"ev\":\"req\",\"route\":\"problem_detail\",\"status\":200,\"t\":1791351867366,\"ms\":3.2}","source":"console","time":"2026-10-07T05:44:27Z"}
{"level":"info","msg":"{\"ev\":\"req\",\"route\":\"history\",\"status\":200,\"t\":1791351867474,\"ms\":10}","source":"console","time":"2026-10-07T05:44:27Z"}
{"level":"info","msg":"{\"ev\":\"req\",\"route\":\"problem_list\",\"status\":200,\"t\":1791351867569,\"ms\":5.1}","source":"console","time":"2026-10-07T05:44:27Z"}
{"level":"info","msg":"{\"ev\":\"req\",\"route\":\"problem_detail\",\"status\":200,\"t\":1791351867668,\"ms\":4.5}","source":"console","time":"2026-10-07T05:44:27Z"}
{"level":"info","msg":"{\"ev\":\"req\",\"route\":\"history\",\"status\":200,\"t\":1791351867770,\"ms\":6.5}","source":"console","time":"2026-10-07T05:44:27Z"}
{"level":"info","msg":"{\"ev\":\"req\",\"route\":\"problem_list\",\"status\":200,\"t\":1791351867867,\"ms\":3.3}","source":"console","time":"2026-10-07T05:44:27Z"}
{"level":"info","msg":"{\"ev\":\"req\",\"route\":\"problem_detail\",\"status\":200,\"t\":1791351867968,\"ms\":4.2}","source":"console","time":"2026-10-07T05:44:27Z"}
{"level":"info","msg":"{\"ev\":\"req\",\"route\":\"history\",\"status\":200,\"t\":1791351868072,\"ms\":7.6}","source":"console","time":"2026-10-07T05:44:28Z"}
{"level":"info","msg":"{\"ev\":\"req\",\"route\":\"problem_list\",\"status\":200,\"t\":1791351868172,\"ms\":7.7}","source":"console","time":"2026-10-07T05:44:28Z"}
{"level":"info","msg":"{\"ev\":\"req\",\"route\":\"problem_detail\",\"status\":200,\"t\":1791351868271,\"ms\":6.9}","source":"console","time":"2026-10-07T05:44:28Z"}
{"level":"info","msg":"{\"ev\":\"req\",\"route\":\"history\",\"status\":200,\"t\":1791351868377,\"ms\":13}","source":"console","time":"2026-10-07T05:44:28Z"}
{"level":"info","msg":"{\"ev\":\"req\",\"route\":\"problem_list\",\"status\":200,\"t\":1791351868473,\"ms\":8.4}","source":"console","time":"2026-10-07T05:44:28Z"}
{"level":"info","msg":"{\"ev\":\"req\",\"route\":\"problem_detail\",\"status\":200,\"t\":1791351868572,\"ms\":7.6}","source":"console","time":"2026-10-07T05:44:28Z"}
{"level":"info","msg":"{\"ev\":\"req\",\"route\":\"history\",\"status\":200,\"t\":1791351868678,\"ms\":13.7}","source":"console","time":"2026-10-07T05:44:28Z"}
{"level":"info","msg":"{\"ev\":\"req\",\"route\":\"problem_list\",\"status\":200,\"t\":1791351868767,\"ms\":3.2}","source":"console","time":"2026-10-07T05:44:28Z"}
{"level":"info","msg":"{\"ev\":\"req\",\"route\":\"problem_detail\",\"status\":200,\"t\":1791351868872,\"ms\":7.5}","source":"console","time":"2026-10-07T05:44:28Z"}
{"level":"info","msg":"{\"ev\":\"req\",\"route\":\"history\",\"status\":200,\"t\":1791351868976,\"ms\":12.9}","source":"console","time":"2026-10-07T05:44:28Z"}
{"level":"info","msg":"{\"ev\":\"req\",\"route\":\"submit\",\"status\":200,\"t\":1791351869024,\"ms\":27.3}","source":"console","time":"2026-10-07T05:44:29Z"}
{"level":"info","msg":"{\"ev\":\"accepted\",\"id\":\"92ba7650-87f4-4844-bc4b-1ba53958a59e\",\"t\":1791351869024}","source":"console","time":"2026-10-07T05:44:29Z"}
{"level":"info","msg":"{\"ev\":\"req\",\"route\":\"problem_list\",\"status\":200,\"t\":1791351869068,\"ms\":3.7}","source":"console","time":"2026-10-07T05:44:29Z"}
{"level":"info","msg":"{\"ev\":\"req\",\"route\":\"problem_detail\",\"status\":200,\"t\":1791351869166,\"ms\":3.2}","source":"console","time":"2026-10-07T05:44:29Z"}
{"level":"info","msg":"{\"ev\":\"req\",\"route\":\"history\",\"status\":200,\"t\":1791351869270,\"ms\":6.3}","source":"console","time":"2026-10-07T05:44:29Z"}
{"level":"info","msg":"{\"ev\":\"req\",\"route\":\"problem_list\",\"status\":200,\"t\":1791351869367,\"ms\":3.5}","source":"console","time":"2026-10-07T05:44:29Z"}
{"level":"info","msg":"{\"ev\":\"req\",\"route\":\"problem_detail\",\"status\":200,\"t\":1791351869467,\"ms\":2.9}","source":"console","time":"2026-10-07T05:44:29Z"}
{"level":"info","msg":"{\"ev\":\"req\",\"route\":\"history\",\"status\":200,\"t\":1791351869570,\"ms\":6.6}","source":"console","time":"2026-10-07T05:44:29Z"}
{"level":"info","msg":"{\"ev\":\"req\",\"route\":\"problem_list\",\"status\":200,\"t\":1791351869668,\"ms\":3.9}","source":"console","time":"2026-10-07T05:44:29Z"}
{"level":"info","msg":"{\"ev\":\"req\",\"route\":\"problem_detail\",\"status\":200,\"t\":1791351869772,\"ms\":8}","source":"console","time":"2026-10-07T05:44:29Z"}
{"level":"info","msg":"{\"ev\":\"req\",\"route\":\"history\",\"status\":200,\"t\":1791351869877,\"ms\":13.3}","source":"console","time":"2026-10-07T05:44:29Z"}
{"level":"info","msg":"{\"ev\":\"req\",\"route\":\"problem_list\",\"status\":200,\"t\":1791351869973,\"ms\":8.4}","source":"console","time":"2026-10-07T05:44:29Z"}
{"level":"info","msg":"{\"ev\":\"req\",\"route\":\"problem_detail\",\"status\":200,\"t\":1791351870072,\"ms\":7.8}","source":"console","time":"2026-10-07T05:44:30Z"}
{"level":"info","msg":"{\"ev\":\"req\",\"route\":\"history\",\"status\":200,\"t\":1791351870178,\"ms\":14.2}","source":"console","time":"2026-10-07T05:44:30Z"}
{"level":"info","msg":"{\"ev\":\"req\",\"route\":\"problem_list\",\"status\":200,\"t\":1791351870267,\"ms\":3.6}","source":"console","time":"2026-10-07T05:44:30Z"}
{"level":"info","msg":"{\"ev\":\"req\",\"route\":\"problem_detail\",\"status\":200,\"t\":1791351870366,\"ms\":3.1}","source":"console","time":"2026-10-07T05:44:30Z"}
{"level":"info","msg":"{\"ev\":\"req\",\"route\":\"history\",\"status\":200,\"t\":1791351870469,\"ms\":4.8}","source":"console","time":"2026-10-07T05:44:30Z"}
{"level":"info","msg":"{\"ev\":\"req\",\"route\":\"problem_list\",\"status\":200,\"t\":1791351870571,\"ms\":6.8}","source":"console","time":"2026-10-07T05:44:30Z"}
{"level":"info","msg":"{\"ev\":\"req\",\"route\":\"problem_detail\",\"status\":200,\"t\":1791351870671,\"ms\":7.5}","source":"console","time":"2026-10-07T05:44:30Z"}
{"level":"info","msg":"{\"ev\":\"req\",\"route\":\"submit\",\"status\":200,\"t\":1791351870689,\"ms\":25}","source":"console","time":"2026-10-07T05:44:30Z"}
{"level":"info","msg":"{\"ev\":\"accepted\",\"id\":\"0833f038-3afd-44f6-a544-44851c8ccf4b\",\"t\":1791351870689}","source":"console","time":"2026-10-07T05:44:30Z"}
{"level":"info","msg":"{\"ev\":\"req\",\"route\":\"history\",\"status\":200,\"t\":1791351870773,\"ms\":9.3}","source":"console","time":"2026-10-07T05:44:30Z"}
{"level":"info","msg":"{\"ev\":\"req\",\"route\":\"problem_list\",\"status\":200,\"t\":1791351870869,\"ms\":5.9}","source":"console","time":"2026-10-07T05:44:30Z"}
{"level":"info","msg":"{\"ev\":\"req\",\"route\":\"problem_detail\",\"status\":200,\"t\":1791351870968,\"ms\":3.7}","source":"console","time":"2026-10-07T05:44:30Z"}
{"level":"info","msg":"{\"ev\":\"req\",\"route\":\"history\",\"status\":200,\"t\":1791351871070,\"ms\":6.3}","source":"console","time":"2026-10-07T05:44:31Z"}
{"level":"info","msg":"{\"ev\":\"req\",\"route\":\"problem_list\",\"status\":200,\"t\":1791351871167,\"ms\":3}","source":"console","time":"2026-10-07T05:44:31Z"}
{"level":"info","msg":"{\"ev\":\"req\",\"route\":\"problem_detail\",\"status\":200,\"t\":1791351871273,\"ms\":9.5}","source":"console","time":"2026-10-07T05:44:31Z"}
{"level":"info","msg":"{\"ev\":\"req\",\"route\":\"history\",\"status\":200,\"t\":1791351871378,\"ms\":13.7}","source":"console","time":"2026-10-07T05:44:31Z"}
{"level":"info","msg":"{\"ev\":\"req\",\"route\":\"problem_list\",\"status\":200,\"t\":1791351871472,\"ms\":7.8}","source":"console","time":"2026-10-07T05:44:31Z"}
{"level":"info","msg":"{\"ev\":\"req\",\"route\":\"problem_detail\",\"status\":200,\"t\":1791351871572,\"ms\":7.4}","source":"console","time":"2026-10-07T05:44:31Z"}
{"level":"info","msg":"{\"ev\":\"req\",\"route\":\"history\",\"status\":200,\"t\":1791351871677,\"ms\":13.2}","source":"console","time":"2026-10-07T05:44:31Z"}
{"level":"info","msg":"{\"ev\":\"req\",\"route\":\"problem_list\",\"status\":200,\"t\":1791351871773,\"ms\":8.2}","source":"console","time":"2026-10-07T05:44:31Z"}
{"level":"info","msg":"{\"ev\":\"req\",\"route\":\"problem_detail\",\"status\":200,\"t\":1791351871868,\"ms\":3.5}","source":"console","time":"2026-10-07T05:44:31Z"}
{"level":"info","msg":"{\"ev\":\"req\",\"route\":\"history\",\"status\":200,\"t\":1791351871977,\"ms\":13.3}","source":"console","time":"2026-10-07T05:44:31Z"}
{"level":"info","msg":"{\"ev\":\"req\",\"route\":\"problem_list\",\"status\":200,\"t\":1791351872072,\"ms\":8.1}","source":"console","time":"2026-10-07T05:44:32Z"}
{"level":"info","msg":"{\"ev\":\"req\",\"route\":\"problem_detail\",\"status\":200,\"t\":1791351872172,\"ms\":8.1}","source":"console","time":"2026-10-07T05:44:32Z"}
{"level":"info","msg":"{\"ev\":\"req\",\"route\":\"history\",\"status\":200,\"t\":1791351872276,\"ms\":11.8}","source":"console","time":"2026-10-07T05:44:32Z"}
{"level":"info","msg":"{\"ev\":\"req\",\"route\":\"submit\",\"status\":200,\"t\":1791351872359,\"ms\":28.5}","source":"console","time":"2026-10-07T05:44:32Z"}
{"level":"info","msg":"{\"ev\":\"accepted\",\"id\":\"414b72bb-6a2e-49d6-bfc3-c54ecd473fb4\",\"t\":1791351872359}","source":"console","time":"2026-10-07T05:44:32Z"}
{"level":"info","msg":"{\"ev\":\"req\",\"route\":\"problem_list\",\"status\":200,\"t\":1791351872368,\"ms\":4.4}","source":"console","time":"2026-10-07T05:44:32Z"}
{"level":"info","msg":"{\"ev\":\"req\",\"route\":\"problem_detail\",\"status\":200,\"t\":1791351872467,\"ms\":3.9}","source":"console","time":"2026-10-07T05:44:32Z"}
{"level":"info","msg":"{\"ev\":\"req\",\"route\":\"history\",\"status\":200,\"t\":1791351872570,\"ms\":5.7}","source":"console","time":"2026-10-07T05:44:32Z"}
{"level":"info","msg":"{\"ev\":\"req\",\"route\":\"problem_list\",\"status\":200,\"t\":1791351872667,\"ms\":3.3}","source":"console","time":"2026-10-07T05:44:32Z"}
{"level":"info","msg":"{\"ev\":\"req\",\"route\":\"problem_detail\",\"status\":200,\"t\":1791351872767,\"ms\":3.6}","source":"console","time":"2026-10-07T05:44:32Z"}
{"level":"info","msg":"{\"ev\":\"req\",\"route\":\"history\",\"status\":200,\"t\":1791351872869,\"ms\":5.4}","source":"console","time":"2026-10-07T05:44:32Z"}
{"level":"info","msg":"{\"ev\":\"req\",\"route\":\"problem_list\",\"status\":200,\"t\":1791351872968,\"ms\":4}","source":"console","time":"2026-10-07T05:44:32Z"}
{"level":"info","msg":"{\"ev\":\"req\",\"route\":\"problem_detail\",\"status\":200,\"t\":1791351873068,\"ms\":3.6}","source":"console","time":"2026-10-07T05:44:33Z"}
{"level":"info","msg":"{\"ev\":\"req\",\"route\":\"history\",\"status\":200,\"t\":1791351873177,\"ms\":13.7}","source":"console","time":"2026-10-07T05:44:33Z"}
{"level":"info","msg":"{\"ev\":\"req\",\"route\":\"problem_list\",\"status\":200,\"t\":1791351873272,\"ms\":8}","source":"console","time":"2026-10-07T05:44:33Z"}
{"level":"info","msg":"{\"ev\":\"req\",\"route\":\"problem_detail\",\"status\":200,\"t\":1791351873372,\"ms\":7.8}","source":"console","time":"2026-10-07T05:44:33Z"}
{"level":"info","msg":"{\"ev\":\"req\",\"route\":\"history\",\"status\":200,\"t\":1791351873478,\"ms\":13.6}","source":"console","time":"2026-10-07T05:44:33Z"}
{"level":"info","msg":"{\"ev\":\"req\",\"route\":\"problem_list\",\"status\":200,\"t\":1791351873572,\"ms\":8.9}","source":"console","time":"2026-10-07T05:44:33Z"}
{"level":"info","msg":"{\"ev\":\"req\",\"route\":\"problem_detail\",\"status\":200,\"t\":1791351873673,\"ms\":8.4}","source":"console","time":"2026-10-07T05:44:33Z"}
{"level":"info","msg":"{\"ev\":\"req\",\"route\":\"history\",\"status\":200,\"t\":1791351873778,\"ms\":13.4}","source":"console","time":"2026-10-07T05:44:33Z"}
{"level":"info","msg":"{\"ev\":\"req\",\"route\":\"problem_list\",\"status\":200,\"t\":1791351873873,\"ms\":8.9}","source":"console","time":"2026-10-07T05:44:33Z"}
{"level":"info","msg":"{\"ev\":\"req\",\"route\":\"problem_detail\",\"status\":200,\"t\":1791351873972,\"ms\":8.5}","source":"console","time":"2026-10-07T05:44:33Z"}
{"level":"info","msg":"{\"ev\":\"req\",\"route\":\"submit\",\"status\":200,\"t\":1791351874026,\"ms\":28.3}","source":"console","time":"2026-10-07T05:44:34Z"}
{"level":"info","msg":"{\"ev\":\"accepted\",\"id\":\"8df2fde7-6699-476b-87d6-b90e63a64cc8\",\"t\":1791351874026}","source":"console","time":"2026-10-07T05:44:34Z"}
{"level":"info","msg":"{\"ev\":\"req\",\"route\":\"history\",\"status\":200,\"t\":1791351874073,\"ms\":9.1}","source":"console","time":"2026-10-07T05:44:34Z"}
{"level":"info","msg":"{\"ev\":\"req\",\"route\":\"problem_list\",\"status\":200,\"t\":1791351874169,\"ms\":5.2}","source":"console","time":"2026-10-07T05:44:34Z"}
{"level":"info","msg":"{\"ev\":\"req\",\"route\":\"problem_detail\",\"status\":200,\"t\":1791351874267,\"ms\":3.7}","source":"console","time":"2026-10-07T05:44:34Z"}
{"level":"info","msg":"{\"ev\":\"req\",\"route\":\"history\",\"status\":200,\"t\":1791351874369,\"ms\":5.4}","source":"console","time":"2026-10-07T05:44:34Z"}
{"level":"info","msg":"{\"ev\":\"req\",\"route\":\"problem_list\",\"status\":200,\"t\":1791351874468,\"ms\":4}","source":"console","time":"2026-10-07T05:44:34Z"}
{"level":"info","msg":"{\"ev\":\"req\",\"route\":\"problem_detail\",\"status\":200,\"t\":1791351874567,\"ms\":3.2}","source":"console","time":"2026-10-07T05:44:34Z"}
{"level":"info","msg":"{\"ev\":\"req\",\"route\":\"history\",\"status\":200,\"t\":1791351874676,\"ms\":12.2}","source":"console","time":"2026-10-07T05:44:34Z"}
{"level":"info","msg":"{\"ev\":\"req\",\"route\":\"problem_list\",\"status\":200,\"t\":1791351874773,\"ms\":9}","source":"console","time":"2026-10-07T05:44:34Z"}
{"level":"info","msg":"{\"ev\":\"req\",\"route\":\"problem_detail\",\"status\":200,\"t\":1791351874869,\"ms\":4.9}","source":"console","time":"2026-10-07T05:44:34Z"}
{"level":"info","msg":"{\"ev\":\"req\",\"route\":\"history\",\"status\":200,\"t\":1791351874976,\"ms\":11.7}","source":"console","time":"2026-10-07T05:44:34Z"}
{"level":"info","msg":"{\"ev\":\"req\",\"route\":\"problem_list\",\"status\":200,\"t\":1791351875072,\"ms\":8.2}","source":"console","time":"2026-10-07T05:44:35Z"}
{"level":"info","msg":"{\"ev\":\"req\",\"route\":\"problem_detail\",\"status\":200,\"t\":1791351875172,\"ms\":8}","source":"console","time":"2026-10-07T05:44:35Z"}
{"level":"info","msg":"{\"ev\":\"req\",\"route\":\"history\",\"status\":200,\"t\":1791351875279,\"ms\":15}","source":"console","time":"2026-10-07T05:44:35Z"}
{"level":"info","msg":"{\"ev\":\"req\",\"route\":\"problem_list\",\"status\":200,\"t\":1791351875373,\"ms\":9}","source":"console","time":"2026-10-07T05:44:35Z"}
{"level":"info","msg":"{\"ev\":\"req\",\"route\":\"problem_detail\",\"status\":200,\"t\":1791351875471,\"ms\":6.1}","source":"console","time":"2026-10-07T05:44:35Z"}
{"level":"info","msg":"{\"ev\":\"req\",\"route\":\"history\",\"status\":200,\"t\":1791351875581,\"ms\":16.6}","source":"console","time":"2026-10-07T05:44:35Z"}
{"level":"info","msg":"{\"ev\":\"req\",\"route\":\"problem_list\",\"status\":200,\"t\":1791351875673,\"ms\":8.7}","source":"console","time":"2026-10-07T05:44:35Z"}
{"level":"info","msg":"{\"ev\":\"req\",\"route\":\"submit\",\"status\":200,\"t\":1791351875691,\"ms\":26.7}","source":"console","time":"2026-10-07T05:44:35Z"}
{"level":"info","msg":"{\"ev\":\"accepted\",\"id\":\"db36744f-4f69-497e-bdfa-0bc833e11cdf\",\"t\":1791351875691}","source":"console","time":"2026-10-07T05:44:35Z"}
{"level":"info","msg":"{\"ev\":\"req\",\"route\":\"problem_detail\",\"status\":200,\"t\":1791351875767,\"ms\":3.3}","source":"console","time":"2026-10-07T05:44:35Z"}
{"level":"info","msg":"{\"ev\":\"req\",\"route\":\"history\",\"status\":200,\"t\":1791351875869,\"ms\":5.5}","source":"console","time":"2026-10-07T05:44:35Z"}
{"level":"info","msg":"{\"ev\":\"req\",\"route\":\"problem_list\",\"status\":200,\"t\":1791351875968,\"ms\":4.4}","source":"console","time":"2026-10-07T05:44:35Z"}
{"level":"info","msg":"{\"ev\":\"req\",\"route\":\"problem_detail\",\"status\":200,\"t\":1791351876067,\"ms\":3.8}","source":"console","time":"2026-10-07T05:44:36Z"}
{"level":"info","msg":"{\"ev\":\"req\",\"route\":\"history\",\"status\":200,\"t\":1791351876170,\"ms\":6.2}","source":"console","time":"2026-10-07T05:44:36Z"}
{"level":"info","msg":"{\"ev\":\"req\",\"route\":\"problem_list\",\"status\":200,\"t\":1791351876267,\"ms\":3.7}","source":"console","time":"2026-10-07T05:44:36Z"}
{"level":"info","msg":"{\"ev\":\"req\",\"route\":\"problem_detail\",\"status\":200,\"t\":1791351876372,\"ms\":7.7}","source":"console","time":"2026-10-07T05:44:36Z"}
{"level":"info","msg":"{\"ev\":\"req\",\"route\":\"history\",\"status\":200,\"t\":1791351876476,\"ms\":12.1}","source":"console","time":"2026-10-07T05:44:36Z"}
{"level":"info","msg":"{\"ev\":\"req\",\"route\":\"problem_list\",\"status\":200,\"t\":1791351876573,\"ms\":9.1}","source":"console","time":"2026-10-07T05:44:36Z"}
{"level":"info","msg":"{\"ev\":\"req\",\"route\":\"problem_detail\",\"status\":200,\"t\":1791351876672,\"ms\":8.4}","source":"console","time":"2026-10-07T05:44:36Z"}
{"level":"info","msg":"{\"ev\":\"req\",\"route\":\"history\",\"status\":200,\"t\":1791351876778,\"ms\":13.4}","source":"console","time":"2026-10-07T05:44:36Z"}
{"level":"info","msg":"{\"ev\":\"req\",\"route\":\"problem_list\",\"status\":200,\"t\":1791351876872,\"ms\":8.5}","source":"console","time":"2026-10-07T05:44:36Z"}
{"level":"info","msg":"{\"ev\":\"req\",\"route\":\"problem_detail\",\"status\":200,\"t\":1791351876973,\"ms\":8.2}","source":"console","time":"2026-10-07T05:44:36Z"}
{"level":"info","msg":"{\"ev\":\"req\",\"route\":\"history\",\"status\":200,\"t\":1791351877078,\"ms\":13.7}","source":"console","time":"2026-10-07T05:44:37Z"}
{"level":"info","msg":"{\"ev\":\"req\",\"route\":\"problem_list\",\"status\":200,\"t\":1791351877172,\"ms\":8.2}","source":"console","time":"2026-10-07T05:44:37Z"}
{"level":"info","msg":"{\"ev\":\"req\",\"route\":\"problem_detail\",\"status\":200,\"t\":1791351877268,\"ms\":4.4}","source":"console","time":"2026-10-07T05:44:37Z"}
{"level":"info","msg":"{\"ev\":\"req\",\"route\":\"submit\",\"status\":200,\"t\":1791351877349,\"ms\":17.9}","source":"console","time":"2026-10-07T05:44:37Z"}
{"level":"info","msg":"{\"ev\":\"accepted\",\"id\":\"1d94b920-f11c-436d-ba59-28732f8790c5\",\"t\":1791351877349}","source":"console","time":"2026-10-07T05:44:37Z"}
{"level":"info","msg":"{\"ev\":\"req\",\"route\":\"history\",\"status\":200,\"t\":1791351877370,\"ms\":6.2}","source":"console","time":"2026-10-07T05:44:37Z"}
{"level":"info","msg":"{\"ev\":\"req\",\"route\":\"problem_list\",\"status\":200,\"t\":1791351877469,\"ms\":4.9}","source":"console","time":"2026-10-07T05:44:37Z"}
{"level":"info","msg":"{\"ev\":\"req\",\"route\":\"problem_detail\",\"status\":200,\"t\":1791351877571,\"ms\":7.3}","source":"console","time":"2026-10-07T05:44:37Z"}
{"level":"info","msg":"{\"ev\":\"req\",\"route\":\"history\",\"status\":200,\"t\":1791351877672,\"ms\":7.7}","source":"console","time":"2026-10-07T05:44:37Z"}
{"level":"info","msg":"{\"ev\":\"req\",\"route\":\"problem_list\",\"status\":200,\"t\":1791351877767,\"ms\":3.6}","source":"console","time":"2026-10-07T05:44:37Z"}
{"level":"info","msg":"{\"ev\":\"req\",\"route\":\"problem_detail\",\"status\":200,\"t\":1791351877867,\"ms\":3.9}","source":"console","time":"2026-10-07T05:44:37Z"}
{"level":"info","msg":"{\"ev\":\"req\",\"route\":\"history\",\"status\":200,\"t\":1791351877972,\"ms\":8.2}","source":"console","time":"2026-10-07T05:44:37Z"}
{"level":"info","msg":"{\"ev\":\"req\",\"route\":\"problem_list\",\"status\":200,\"t\":1791351878067,\"ms\":3.6}","source":"console","time":"2026-10-07T05:44:38Z"}
{"level":"info","msg":"{\"ev\":\"req\",\"route\":\"problem_detail\",\"status\":200,\"t\":1791351878168,\"ms\":3.6}","source":"console","time":"2026-10-07T05:44:38Z"}
{"level":"info","msg":"{\"ev\":\"req\",\"route\":\"history\",\"status\":200,\"t\":1791351878269,\"ms\":5.8}","source":"console","time":"2026-10-07T05:44:38Z"}
{"level":"info","msg":"{\"ev\":\"req\",\"route\":\"problem_list\",\"status\":200,\"t\":1791351878367,\"ms\":3.6}","source":"console","time":"2026-10-07T05:44:38Z"}
{"level":"info","msg":"{\"ev\":\"req\",\"route\":\"problem_detail\",\"status\":200,\"t\":1791351878473,\"ms\":8.2}","source":"console","time":"2026-10-07T05:44:38Z"}
{"level":"info","msg":"{\"ev\":\"req\",\"route\":\"history\",\"status\":200,\"t\":1791351878569,\"ms\":5.6}","source":"console","time":"2026-10-07T05:44:38Z"}
{"level":"info","msg":"{\"ev\":\"req\",\"route\":\"problem_list\",\"status\":200,\"t\":1791351878673,\"ms\":8.9}","source":"console","time":"2026-10-07T05:44:38Z"}
{"level":"info","msg":"{\"ev\":\"req\",\"route\":\"problem_detail\",\"status\":200,\"t\":1791351878767,\"ms\":3.1}","source":"console","time":"2026-10-07T05:44:38Z"}
{"level":"info","msg":"{\"ev\":\"req\",\"route\":\"history\",\"status\":200,\"t\":1791351878876,\"ms\":12.2}","source":"console","time":"2026-10-07T05:44:38Z"}
{"level":"info","msg":"{\"ev\":\"req\",\"route\":\"problem_list\",\"status\":200,\"t\":1791351878973,\"ms\":8.3}","source":"console","time":"2026-10-07T05:44:38Z"}
{"level":"info","msg":"{\"ev\":\"req\",\"route\":\"submit\",\"status\":200,\"t\":1791351879039,\"ms\":41.8}","source":"console","time":"2026-10-07T05:44:39Z"}
{"level":"info","msg":"{\"ev\":\"accepted\",\"id\":\"ec06b886-4370-4d51-9fc1-aa4716557f48\",\"t\":1791351879039}","source":"console","time":"2026-10-07T05:44:39Z"}
{"level":"info","msg":"{\"ev\":\"req\",\"route\":\"problem_detail\",\"status\":200,\"t\":1791351879068,\"ms\":3.8}","source":"console","time":"2026-10-07T05:44:39Z"}
{"level":"info","msg":"{\"ev\":\"req\",\"route\":\"history\",\"status\":200,\"t\":1791351879170,\"ms\":5.9}","source":"console","time":"2026-10-07T05:44:39Z"}
{"level":"info","msg":"{\"ev\":\"req\",\"route\":\"problem_list\",\"status\":200,\"t\":1791351879267,\"ms\":3.7}","source":"console","time":"2026-10-07T05:44:39Z"}
{"level":"info","msg":"{\"ev\":\"req\",\"route\":\"problem_detail\",\"status\":200,\"t\":1791351879368,\"ms\":4.1}","source":"console","time":"2026-10-07T05:44:39Z"}
{"level":"info","msg":"{\"ev\":\"req\",\"route\":\"history\",\"status\":200,\"t\":1791351879469,\"ms\":5.5}","source":"console","time":"2026-10-07T05:44:39Z"}
{"level":"info","msg":"{\"ev\":\"req\",\"route\":\"problem_list\",\"status\":200,\"t\":1791351879567,\"ms\":3.4}","source":"console","time":"2026-10-07T05:44:39Z"}
{"level":"info","msg":"{\"ev\":\"req\",\"route\":\"problem_detail\",\"status\":200,\"t\":1791351879668,\"ms\":4.2}","source":"console","time":"2026-10-07T05:44:39Z"}
{"level":"info","msg":"{\"ev\":\"req\",\"route\":\"history\",\"status\":200,\"t\":1791351879781,\"ms\":13}","source":"console","time":"2026-10-07T05:44:39Z"}
{"level":"info","msg":"{\"ev\":\"req\",\"route\":\"problem_list\",\"status\":200,\"t\":1791351879871,\"ms\":7.5}","source":"console","time":"2026-10-07T05:44:39Z"}
{"level":"info","msg":"{\"ev\":\"req\",\"route\":\"problem_detail\",\"status\":200,\"t\":1791351879973,\"ms\":8.5}","source":"console","time":"2026-10-07T05:44:39Z"}
{"level":"info","msg":"{\"ev\":\"req\",\"route\":\"history\",\"status\":200,\"t\":1791351880077,\"ms\":12.2}","source":"console","time":"2026-10-07T05:44:40Z"}
{"level":"info","msg":"{\"ev\":\"req\",\"route\":\"problem_list\",\"status\":200,\"t\":1791351880172,\"ms\":8.3}","source":"console","time":"2026-10-07T05:44:40Z"}
{"level":"info","msg":"{\"ev\":\"req\",\"route\":\"problem_detail\",\"status\":200,\"t\":1791351880272,\"ms\":7.9}","source":"console","time":"2026-10-07T05:44:40Z"}
{"level":"info","msg":"{\"ev\":\"req\",\"route\":\"history\",\"status\":200,\"t\":1791351880374,\"ms\":10.5}","source":"console","time":"2026-10-07T05:44:40Z"}
{"level":"info","msg":"{\"ev\":\"req\",\"route\":\"problem_list\",\"status\":200,\"t\":1791351880473,\"ms\":8.8}","source":"console","time":"2026-10-07T05:44:40Z"}
{"level":"info","msg":"{\"ev\":\"req\",\"route\":\"problem_detail\",\"status\":200,\"t\":1791351880567,\"ms\":3.1}","source":"console","time":"2026-10-07T05:44:40Z"}
{"level":"info","msg":"{\"ev\":\"req\",\"route\":\"history\",\"status\":200,\"t\":1791351880676,\"ms\":12}","source":"console","time":"2026-10-07T05:44:40Z"}
{"level":"info","msg":"{\"ev\":\"req\",\"route\":\"submit\",\"status\":200,\"t\":1791351880690,\"ms\":26.1}","source":"console","time":"2026-10-07T05:44:40Z"}
{"level":"info","msg":"{\"ev\":\"accepted\",\"id\":\"8be03839-4904-4b55-b924-2ff9f67b1afe\",\"t\":1791351880690}","source":"console","time":"2026-10-07T05:44:40Z"}
{"level":"info","msg":"{\"ev\":\"req\",\"route\":\"problem_list\",\"status\":200,\"t\":1791351880771,\"ms\":6.9}","source":"console","time":"2026-10-07T05:44:40Z"}
{"level":"info","msg":"{\"ev\":\"req\",\"route\":\"problem_detail\",\"status\":200,\"t\":1791351880868,\"ms\":4.5}","source":"console","time":"2026-10-07T05:44:40Z"}
{"level":"info","msg":"{\"ev\":\"req\",\"route\":\"history\",\"status\":200,\"t\":1791351880976,\"ms\":12}","source":"console","time":"2026-10-07T05:44:40Z"}
{"level":"info","msg":"{\"ev\":\"req\",\"route\":\"problem_list\",\"status\":200,\"t\":1791351881069,\"ms\":5.3}","source":"console","time":"2026-10-07T05:44:41Z"}
{"level":"info","msg":"{\"ev\":\"req\",\"route\":\"problem_detail\",\"status\":200,\"t\":1791351881167,\"ms\":3.4}","source":"console","time":"2026-10-07T05:44:41Z"}
{"level":"info","msg":"{\"ev\":\"req\",\"route\":\"history\",\"status\":200,\"t\":1791351881275,\"ms\":10.7}","source":"console","time":"2026-10-07T05:44:41Z"}
{"level":"info","msg":"{\"ev\":\"req\",\"route\":\"problem_list\",\"status\":200,\"t\":1791351881373,\"ms\":8.4}","source":"console","time":"2026-10-07T05:44:41Z"}
{"level":"info","msg":"{\"ev\":\"req\",\"route\":\"problem_detail\",\"status\":200,\"t\":1791351881472,\"ms\":7.9}","source":"console","time":"2026-10-07T05:44:41Z"}
{"level":"info","msg":"{\"ev\":\"req\",\"route\":\"history\",\"status\":200,\"t\":1791351881577,\"ms\":12.8}","source":"console","time":"2026-10-07T05:44:41Z"}
{"level":"info","msg":"{\"ev\":\"req\",\"route\":\"problem_list\",\"status\":200,\"t\":1791351881672,\"ms\":7.7}","source":"console","time":"2026-10-07T05:44:41Z"}
{"level":"info","msg":"{\"ev\":\"req\",\"route\":\"problem_detail\",\"status\":200,\"t\":1791351881772,\"ms\":8}","source":"console","time":"2026-10-07T05:44:41Z"}
{"level":"info","msg":"{\"ev\":\"req\",\"route\":\"history\",\"status\":200,\"t\":1791351881877,\"ms\":12.6}","source":"console","time":"2026-10-07T05:44:41Z"}
{"level":"info","msg":"{\"ev\":\"req\",\"route\":\"problem_list\",\"status\":200,\"t\":1791351881971,\"ms\":7.3}","source":"console","time":"2026-10-07T05:44:41Z"}
{"level":"info","msg":"{\"ev\":\"req\",\"route\":\"problem_detail\",\"status\":200,\"t\":1791351882072,\"ms\":7.9}","source":"console","time":"2026-10-07T05:44:42Z"}
{"level":"info","msg":"{\"ev\":\"req\",\"route\":\"history\",\"status\":200,\"t\":1791351882177,\"ms\":13.8}","source":"console","time":"2026-10-07T05:44:42Z"}
{"level":"info","msg":"{\"ev\":\"req\",\"route\":\"problem_list\",\"status\":200,\"t\":1791351882273,\"ms\":8.3}","source":"console","time":"2026-10-07T05:44:42Z"}
{"level":"info","msg":"{\"ev\":\"req\",\"route\":\"submit\",\"status\":200,\"t\":1791351882361,\"ms\":29.9}","source":"console","time":"2026-10-07T05:44:42Z"}
{"level":"info","msg":"{\"ev\":\"accepted\",\"id\":\"89d0b005-324a-4d8f-bea5-242b0b9ad1c7\",\"t\":1791351882361}","source":"console","time":"2026-10-07T05:44:42Z"}
{"level":"info","msg":"{\"ev\":\"req\",\"route\":\"problem_detail\",\"status\":200,\"t\":1791351882368,\"ms\":4.6}","source":"console","time":"2026-10-07T05:44:42Z"}
{"level":"info","msg":"{\"ev\":\"req\",\"route\":\"history\",\"status\":200,\"t\":1791351882470,\"ms\":6.1}","source":"console","time":"2026-10-07T05:44:42Z"}
{"level":"info","msg":"{\"ev\":\"req\",\"route\":\"problem_list\",\"status\":200,\"t\":1791351882567,\"ms\":3.7}","source":"console","time":"2026-10-07T05:44:42Z"}
{"level":"info","msg":"{\"ev\":\"req\",\"route\":\"problem_detail\",\"status\":200,\"t\":1791351882667,\"ms\":3.4}","source":"console","time":"2026-10-07T05:44:42Z"}
{"level":"info","msg":"{\"ev\":\"req\",\"route\":\"history\",\"status\":200,\"t\":1791351882770,\"ms\":6.3}","source":"console","time":"2026-10-07T05:44:42Z"}
{"level":"info","msg":"{\"ev\":\"req\",\"route\":\"problem_list\",\"status\":200,\"t\":1791351882868,\"ms\":4.5}","source":"console","time":"2026-10-07T05:44:42Z"}
{"level":"info","msg":"{\"ev\":\"req\",\"route\":\"problem_detail\",\"status\":200,\"t\":1791351882967,\"ms\":3.5}","source":"console","time":"2026-10-07T05:44:42Z"}
{"level":"info","msg":"{\"ev\":\"req\",\"route\":\"history\",\"status\":200,\"t\":1791351883076,\"ms\":11.6}","source":"console","time":"2026-10-07T05:44:43Z"}
{"level":"info","msg":"{\"ev\":\"req\",\"route\":\"problem_list\",\"status\":200,\"t\":1791351883172,\"ms\":7.4}","source":"console","time":"2026-10-07T05:44:43Z"}
{"level":"info","msg":"{\"ev\":\"req\",\"route\":\"problem_detail\",\"status\":200,\"t\":1791351883272,\"ms\":8}","source":"console","time":"2026-10-07T05:44:43Z"}
{"level":"info","msg":"{\"ev\":\"req\",\"route\":\"history\",\"status\":200,\"t\":1791351883377,\"ms\":12.3}","source":"console","time":"2026-10-07T05:44:43Z"}
{"level":"info","msg":"{\"ev\":\"req\",\"route\":\"problem_list\",\"status\":200,\"t\":1791351883467,\"ms\":3.6}","source":"console","time":"2026-10-07T05:44:43Z"}
{"level":"info","msg":"{\"ev\":\"req\",\"route\":\"problem_detail\",\"status\":200,\"t\":1791351883572,\"ms\":7.7}","source":"console","time":"2026-10-07T05:44:43Z"}
{"level":"info","msg":"{\"ev\":\"req\",\"route\":\"history\",\"status\":200,\"t\":1791351883676,\"ms\":12.7}","source":"console","time":"2026-10-07T05:44:43Z"}
{"level":"info","msg":"{\"ev\":\"req\",\"route\":\"problem_list\",\"status\":200,\"t\":1791351883772,\"ms\":8.6}","source":"console","time":"2026-10-07T05:44:43Z"}
{"level":"info","msg":"{\"ev\":\"req\",\"route\":\"problem_detail\",\"status\":200,\"t\":1791351883872,\"ms\":7.5}","source":"console","time":"2026-10-07T05:44:43Z"}
{"level":"info","msg":"{\"ev\":\"req\",\"route\":\"history\",\"status\":200,\"t\":1791351883977,\"ms\":12.4}","source":"console","time":"2026-10-07T05:44:43Z"}
{"level":"info","msg":"{\"ev\":\"req\",\"route\":\"submit\",\"status\":200,\"t\":1791351884025,\"ms\":27.8}","source":"console","time":"2026-10-07T05:44:44Z"}
{"level":"info","msg":"{\"ev\":\"accepted\",\"id\":\"87bb714e-f78f-4fc2-ada0-177b72399475\",\"t\":1791351884025}","source":"console","time":"2026-10-07T05:44:44Z"}
{"level":"info","msg":"{\"ev\":\"req\",\"route\":\"problem_list\",\"status\":200,\"t\":1791351884071,\"ms\":5.4}","source":"console","time":"2026-10-07T05:44:44Z"}
{"level":"info","msg":"{\"ev\":\"req\",\"route\":\"problem_detail\",\"status\":200,\"t\":1791351884168,\"ms\":3.6}","source":"console","time":"2026-10-07T05:44:44Z"}
{"level":"info","msg":"{\"ev\":\"req\",\"route\":\"history\",\"status\":200,\"t\":1791351884271,\"ms\":8.1}","source":"console","time":"2026-10-07T05:44:44Z"}
{"level":"info","msg":"{\"ev\":\"req\",\"route\":\"problem_list\",\"status\":200,\"t\":1791351884370,\"ms\":6.4}","source":"console","time":"2026-10-07T05:44:44Z"}
{"level":"info","msg":"{\"ev\":\"req\",\"route\":\"problem_detail\",\"status\":200,\"t\":1791351884468,\"ms\":4}","source":"console","time":"2026-10-07T05:44:44Z"}
{"level":"info","msg":"{\"ev\":\"req\",\"route\":\"history\",\"status\":200,\"t\":1791351884570,\"ms\":6.2}","source":"console","time":"2026-10-07T05:44:44Z"}
{"level":"info","msg":"{\"ev\":\"req\",\"route\":\"problem_list\",\"status\":200,\"t\":1791351884667,\"ms\":3.3}","source":"console","time":"2026-10-07T05:44:44Z"}
{"level":"info","msg":"{\"ev\":\"req\",\"route\":\"problem_detail\",\"status\":200,\"t\":1791351884774,\"ms\":6.9}","source":"console","time":"2026-10-07T05:44:44Z"}
{"level":"info","msg":"{\"ev\":\"req\",\"route\":\"history\",\"status\":200,\"t\":1791351884876,\"ms\":11.8}","source":"console","time":"2026-10-07T05:44:44Z"}
{"level":"info","msg":"{\"ev\":\"req\",\"route\":\"problem_list\",\"status\":200,\"t\":1791351884972,\"ms\":7.8}","source":"console","time":"2026-10-07T05:44:44Z"}
{"level":"info","msg":"{\"ev\":\"req\",\"route\":\"problem_detail\",\"status\":200,\"t\":1791351885072,\"ms\":7.4}","source":"console","time":"2026-10-07T05:44:45Z"}
{"level":"info","msg":"{\"ev\":\"req\",\"route\":\"history\",\"status\":200,\"t\":1791351885177,\"ms\":12.6}","source":"console","time":"2026-10-07T05:44:45Z"}
{"level":"info","msg":"{\"ev\":\"req\",\"route\":\"problem_list\",\"status\":200,\"t\":1791351885272,\"ms\":8.3}","source":"console","time":"2026-10-07T05:44:45Z"}
{"level":"info","msg":"{\"ev\":\"req\",\"route\":\"problem_detail\",\"status\":200,\"t\":1791351885372,\"ms\":8.5}","source":"console","time":"2026-10-07T05:44:45Z"}
{"level":"info","msg":"{\"ev\":\"req\",\"route\":\"history\",\"status\":200,\"t\":1791351885480,\"ms\":16.9}","source":"console","time":"2026-10-07T05:44:45Z"}
{"level":"info","msg":"{\"ev\":\"req\",\"route\":\"problem_list\",\"status\":200,\"t\":1791351885567,\"ms\":3.1}","source":"console","time":"2026-10-07T05:44:45Z"}
{"level":"info","msg":"{\"ev\":\"req\",\"route\":\"problem_detail\",\"status\":200,\"t\":1791351885672,\"ms\":8.3}","source":"console","time":"2026-10-07T05:44:45Z"}
{"level":"info","msg":"{\"ev\":\"req\",\"route\":\"submit\",\"status\":200,\"t\":1791351885690,\"ms\":25.4}","source":"console","time":"2026-10-07T05:44:45Z"}
{"level":"info","msg":"{\"ev\":\"accepted\",\"id\":\"8a852f08-76a7-436a-97c1-e74c32c2ef6f\",\"t\":1791351885690}","source":"console","time":"2026-10-07T05:44:45Z"}
{"level":"info","msg":"{\"ev\":\"req\",\"route\":\"history\",\"status\":200,\"t\":1791351885770,\"ms\":5.8}","source":"console","time":"2026-10-07T05:44:45Z"}
{"level":"info","msg":"{\"ev\":\"req\",\"route\":\"problem_list\",\"status\":200,\"t\":1791351885867,\"ms\":3.3}","source":"console","time":"2026-10-07T05:44:45Z"}
{"level":"info","msg":"{\"ev\":\"req\",\"route\":\"problem_detail\",\"status\":200,\"t\":1791351885967,\"ms\":3.1}","source":"console","time":"2026-10-07T05:44:45Z"}
{"level":"info","msg":"{\"ev\":\"req\",\"route\":\"history\",\"status\":200,\"t\":1791351886070,\"ms\":5.9}","source":"console","time":"2026-10-07T05:44:46Z"}
{"level":"info","msg":"{\"ev\":\"req\",\"route\":\"problem_list\",\"status\":200,\"t\":1791351886167,\"ms\":3.6}","source":"console","time":"2026-10-07T05:44:46Z"}
{"level":"info","msg":"{\"ev\":\"req\",\"route\":\"problem_detail\",\"status\":200,\"t\":1791351886267,\"ms\":3.3}","source":"console","time":"2026-10-07T05:44:46Z"}
{"level":"info","msg":"{\"ev\":\"req\",\"route\":\"history\",\"status\":200,\"t\":1791351886370,\"ms\":6.5}","source":"console","time":"2026-10-07T05:44:46Z"}
{"level":"info","msg":"{\"ev\":\"req\",\"route\":\"problem_list\",\"status\":200,\"t\":1791351886468,\"ms\":3.8}","source":"console","time":"2026-10-07T05:44:46Z"}
{"level":"info","msg":"{\"ev\":\"req\",\"route\":\"problem_detail\",\"status\":200,\"t\":1791351886571,\"ms\":7.5}","source":"console","time":"2026-10-07T05:44:46Z"}
{"level":"info","msg":"{\"ev\":\"req\",\"route\":\"history\",\"status\":200,\"t\":1791351886677,\"ms\":13.1}","source":"console","time":"2026-10-07T05:44:46Z"}
{"level":"info","msg":"{\"ev\":\"req\",\"route\":\"problem_list\",\"status\":200,\"t\":1791351886772,\"ms\":8.7}","source":"console","time":"2026-10-07T05:44:46Z"}
{"level":"info","msg":"{\"ev\":\"req\",\"route\":\"problem_detail\",\"status\":200,\"t\":1791351886872,\"ms\":7.6}","source":"console","time":"2026-10-07T05:44:46Z"}
{"level":"info","msg":"{\"ev\":\"req\",\"route\":\"history\",\"status\":200,\"t\":1791351886976,\"ms\":11.8}","source":"console","time":"2026-10-07T05:44:46Z"}
{"level":"info","msg":"{\"ev\":\"req\",\"route\":\"problem_list\",\"status\":200,\"t\":1791351887072,\"ms\":8.5}","source":"console","time":"2026-10-07T05:44:47Z"}
{"level":"info","msg":"{\"ev\":\"req\",\"route\":\"problem_detail\",\"status\":200,\"t\":1791351887168,\"ms\":3.7}","source":"console","time":"2026-10-07T05:44:47Z"}
{"level":"info","msg":"{\"ev\":\"req\",\"route\":\"history\",\"status\":200,\"t\":1791351887275,\"ms\":11.3}","source":"console","time":"2026-10-07T05:44:47Z"}
{"level":"info","msg":"{\"ev\":\"req\",\"route\":\"submit\",\"status\":200,\"t\":1791351887356,\"ms\":26.2}","source":"console","time":"2026-10-07T05:44:47Z"}
{"level":"info","msg":"{\"ev\":\"accepted\",\"id\":\"71db00d2-cb34-476f-b6e9-dfc7bade957b\",\"t\":1791351887356}","source":"console","time":"2026-10-07T05:44:47Z"}
{"level":"info","msg":"{\"ev\":\"req\",\"route\":\"problem_list\",\"status\":200,\"t\":1791351887367,\"ms\":3}","source":"console","time":"2026-10-07T05:44:47Z"}
{"level":"info","msg":"{\"ev\":\"req\",\"route\":\"problem_detail\",\"status\":200,\"t\":1791351887469,\"ms\":4.5}","source":"console","time":"2026-10-07T05:44:47Z"}
{"level":"info","msg":"{\"ev\":\"req\",\"route\":\"history\",\"status\":200,\"t\":1791351887570,\"ms\":6.3}","source":"console","time":"2026-10-07T05:44:47Z"}
{"level":"info","msg":"{\"ev\":\"req\",\"route\":\"problem_list\",\"status\":200,\"t\":1791351887669,\"ms\":4.6}","source":"console","time":"2026-10-07T05:44:47Z"}
{"level":"info","msg":"{\"ev\":\"req\",\"route\":\"problem_detail\",\"status\":200,\"t\":1791351887768,\"ms\":4.8}","source":"console","time":"2026-10-07T05:44:47Z"}
{"level":"info","msg":"{\"ev\":\"req\",\"route\":\"history\",\"status\":200,\"t\":1791351887869,\"ms\":5.4}","source":"console","time":"2026-10-07T05:44:47Z"}
{"level":"info","msg":"{\"ev\":\"req\",\"route\":\"problem_list\",\"status\":200,\"t\":1791351887972,\"ms\":9}","source":"console","time":"2026-10-07T05:44:47Z"}
{"level":"info","msg":"{\"ev\":\"req\",\"route\":\"problem_detail\",\"status\":200,\"t\":1791351888071,\"ms\":7.5}","source":"console","time":"2026-10-07T05:44:48Z"}
{"level":"info","msg":"{\"ev\":\"req\",\"route\":\"history\",\"status\":200,\"t\":1791351888169,\"ms\":5.5}","source":"console","time":"2026-10-07T05:44:48Z"}
{"level":"info","msg":"{\"ev\":\"req\",\"route\":\"problem_list\",\"status\":200,\"t\":1791351888272,\"ms\":8.6}","source":"console","time":"2026-10-07T05:44:48Z"}
{"level":"info","msg":"{\"ev\":\"req\",\"route\":\"problem_detail\",\"status\":200,\"t\":1791351888372,\"ms\":8.5}","source":"console","time":"2026-10-07T05:44:48Z"}
{"level":"info","msg":"{\"ev\":\"req\",\"route\":\"history\",\"status\":200,\"t\":1791351888477,\"ms\":13.1}","source":"console","time":"2026-10-07T05:44:48Z"}
{"level":"info","msg":"{\"ev\":\"req\",\"route\":\"problem_list\",\"status\":200,\"t\":1791351888567,\"ms\":3.6}","source":"console","time":"2026-10-07T05:44:48Z"}
{"level":"info","msg":"{\"ev\":\"req\",\"route\":\"problem_detail\",\"status\":200,\"t\":1791351888672,\"ms\":8}","source":"console","time":"2026-10-07T05:44:48Z"}
{"level":"info","msg":"{\"ev\":\"req\",\"route\":\"history\",\"status\":200,\"t\":1791351888771,\"ms\":7}","source":"console","time":"2026-10-07T05:44:48Z"}
{"level":"info","msg":"{\"ev\":\"req\",\"route\":\"problem_list\",\"status\":200,\"t\":1791351888867,\"ms\":3.3}","source":"console","time":"2026-10-07T05:44:48Z"}
{"level":"info","msg":"{\"ev\":\"req\",\"route\":\"problem_detail\",\"status\":200,\"t\":1791351888968,\"ms\":4.1}","source":"console","time":"2026-10-07T05:44:48Z"}
{"level":"info","msg":"{\"ev\":\"req\",\"route\":\"submit\",\"status\":200,\"t\":1791351889020,\"ms\":22.2}","source":"console","time":"2026-10-07T05:44:49Z"}
{"level":"info","msg":"{\"ev\":\"accepted\",\"id\":\"d8e6462e-a6c6-4bd2-9bf3-5698453f163b\",\"t\":1791351889020}","source":"console","time":"2026-10-07T05:44:49Z"}
{"level":"info","msg":"{\"ev\":\"req\",\"route\":\"history\",\"status\":200,\"t\":1791351889071,\"ms\":7.3}","source":"console","time":"2026-10-07T05:44:49Z"}
{"level":"info","msg":"{\"ev\":\"req\",\"route\":\"problem_list\",\"status\":200,\"t\":1791351889168,\"ms\":4.2}","source":"console","time":"2026-10-07T05:44:49Z"}
{"level":"info","msg":"{\"ev\":\"req\",\"route\":\"problem_detail\",\"status\":200,\"t\":1791351889268,\"ms\":4.1}","source":"console","time":"2026-10-07T05:44:49Z"}
{"level":"info","msg":"{\"ev\":\"req\",\"route\":\"history\",\"status\":200,\"t\":1791351889370,\"ms\":6.2}","source":"console","time":"2026-10-07T05:44:49Z"}
{"level":"info","msg":"{\"ev\":\"req\",\"route\":\"problem_list\",\"status\":200,\"t\":1791351889468,\"ms\":3.7}","source":"console","time":"2026-10-07T05:44:49Z"}
{"level":"info","msg":"{\"ev\":\"req\",\"route\":\"problem_detail\",\"status\":200,\"t\":1791351889567,\"ms\":3.4}","source":"console","time":"2026-10-07T05:44:49Z"}
{"level":"info","msg":"{\"ev\":\"req\",\"route\":\"history\",\"status\":200,\"t\":1791351889670,\"ms\":6.1}","source":"console","time":"2026-10-07T05:44:49Z"}
{"level":"info","msg":"{\"ev\":\"req\",\"route\":\"problem_list\",\"status\":200,\"t\":1791351889767,\"ms\":3.7}","source":"console","time":"2026-10-07T05:44:49Z"}
{"level":"info","msg":"{\"ev\":\"req\",\"route\":\"problem_detail\",\"status\":200,\"t\":1791351889869,\"ms\":4.4}","source":"console","time":"2026-10-07T05:44:49Z"}
{"level":"info","msg":"{\"ev\":\"req\",\"route\":\"history\",\"status\":200,\"t\":1791351889976,\"ms\":12}","source":"console","time":"2026-10-07T05:44:49Z"}
{"level":"info","msg":"{\"ev\":\"req\",\"route\":\"problem_list\",\"status\":200,\"t\":1791351890072,\"ms\":8.7}","source":"console","time":"2026-10-07T05:44:50Z"}
{"level":"info","msg":"{\"ev\":\"req\",\"route\":\"problem_detail\",\"status\":200,\"t\":1791351890172,\"ms\":8.2}","source":"console","time":"2026-10-07T05:44:50Z"}
{"level":"info","msg":"{\"ev\":\"req\",\"route\":\"history\",\"status\":200,\"t\":1791351890276,\"ms\":12.7}","source":"console","time":"2026-10-07T05:44:50Z"}
{"level":"info","msg":"{\"ev\":\"req\",\"route\":\"problem_list\",\"status\":200,\"t\":1791351890373,\"ms\":8.5}","source":"console","time":"2026-10-07T05:44:50Z"}
{"level":"info","msg":"{\"ev\":\"req\",\"route\":\"problem_detail\",\"status\":200,\"t\":1791351890473,\"ms\":8.6}","source":"console","time":"2026-10-07T05:44:50Z"}
{"level":"info","msg":"{\"ev\":\"req\",\"route\":\"history\",\"status\":200,\"t\":1791351890578,\"ms\":14.2}","source":"console","time":"2026-10-07T05:44:50Z"}
{"level":"info","msg":"{\"ev\":\"req\",\"route\":\"problem_list\",\"status\":200,\"t\":1791351890673,\"ms\":8.4}","source":"console","time":"2026-10-07T05:44:50Z"}
{"level":"info","msg":"{\"ev\":\"req\",\"route\":\"submit\",\"status\":200,\"t\":1791351890691,\"ms\":26.5}","source":"console","time":"2026-10-07T05:44:50Z"}
{"level":"info","msg":"{\"ev\":\"accepted\",\"id\":\"3f438b8a-f47b-4f46-b9ca-b7215c19f1d8\",\"t\":1791351890691}","source":"console","time":"2026-10-07T05:44:50Z"}
{"level":"info","msg":"{\"ev\":\"req\",\"route\":\"problem_detail\",\"status\":200,\"t\":1791351890769,\"ms\":5.2}","source":"console","time":"2026-10-07T05:44:50Z"}
{"level":"info","msg":"{\"ev\":\"req\",\"route\":\"history\",\"status\":200,\"t\":1791351890871,\"ms\":7.9}","source":"console","time":"2026-10-07T05:44:50Z"}
{"level":"info","msg":"{\"ev\":\"req\",\"route\":\"problem_list\",\"status\":200,\"t\":1791351890970,\"ms\":6.1}","source":"console","time":"2026-10-07T05:44:50Z"}
{"level":"info","msg":"{\"ev\":\"req\",\"route\":\"problem_detail\",\"status\":200,\"t\":1791351891068,\"ms\":4.4}","source":"console","time":"2026-10-07T05:44:51Z"}
{"level":"info","msg":"{\"ev\":\"req\",\"route\":\"history\",\"status\":200,\"t\":1791351891170,\"ms\":5.3}","source":"console","time":"2026-10-07T05:44:51Z"}
{"level":"info","msg":"{\"ev\":\"req\",\"route\":\"problem_list\",\"status\":200,\"t\":1791351891271,\"ms\":7.6}","source":"console","time":"2026-10-07T05:44:51Z"}
{"level":"info","msg":"{\"ev\":\"req\",\"route\":\"problem_detail\",\"status\":200,\"t\":1791351891372,\"ms\":8.4}","source":"console","time":"2026-10-07T05:44:51Z"}
{"level":"info","msg":"{\"ev\":\"req\",\"route\":\"history\",\"status\":200,\"t\":1791351891478,\"ms\":13.7}","source":"console","time":"2026-10-07T05:44:51Z"}
{"level":"info","msg":"{\"ev\":\"req\",\"route\":\"problem_list\",\"status\":200,\"t\":1791351891573,\"ms\":8.7}","source":"console","time":"2026-10-07T05:44:51Z"}
{"level":"info","msg":"{\"ev\":\"req\",\"route\":\"problem_detail\",\"status\":200,\"t\":1791351891673,\"ms\":8.6}","source":"console","time":"2026-10-07T05:44:51Z"}
{"level":"info","msg":"{\"ev\":\"req\",\"route\":\"history\",\"status\":200,\"t\":1791351891776,\"ms\":12.3}","source":"console","time":"2026-10-07T05:44:51Z"}
{"level":"info","msg":"{\"ev\":\"req\",\"route\":\"problem_list\",\"status\":200,\"t\":1791351891878,\"ms\":14.3}","source":"console","time":"2026-10-07T05:44:51Z"}
{"level":"info","msg":"{\"ev\":\"req\",\"route\":\"problem_detail\",\"status\":200,\"t\":1791351891966,\"ms\":3.3}","source":"console","time":"2026-10-07T05:44:51Z"}
{"level":"info","msg":"{\"ev\":\"req\",\"route\":\"history\",\"status\":200,\"t\":1791351892079,\"ms\":14.6}","source":"console","time":"2026-10-07T05:44:52Z"}
{"level":"info","msg":"{\"ev\":\"req\",\"route\":\"problem_list\",\"status\":200,\"t\":1791351892172,\"ms\":7.8}","source":"console","time":"2026-10-07T05:44:52Z"}
{"level":"info","msg":"{\"ev\":\"req\",\"route\":\"problem_detail\",\"status\":200,\"t\":1791351892271,\"ms\":7.2}","source":"console","time":"2026-10-07T05:44:52Z"}
{"level":"info","msg":"{\"ev\":\"req\",\"route\":\"submit\",\"status\":200,\"t\":1791351892357,\"ms\":26.7}","source":"console","time":"2026-10-07T05:44:52Z"}
{"level":"info","msg":"{\"ev\":\"accepted\",\"id\":\"2ae1b5a2-b580-4895-83e2-0dc002add082\",\"t\":1791351892358}","source":"console","time":"2026-10-07T05:44:52Z"}
{"level":"info","msg":"{\"ev\":\"req\",\"route\":\"history\",\"status\":200,\"t\":1791351892370,\"ms\":6}","source":"console","time":"2026-10-07T05:44:52Z"}
{"level":"info","msg":"{\"ev\":\"req\",\"route\":\"problem_list\",\"status\":200,\"t\":1791351892467,\"ms\":3.4}","source":"console","time":"2026-10-07T05:44:52Z"}
{"level":"info","msg":"{\"ev\":\"req\",\"route\":\"problem_detail\",\"status\":200,\"t\":1791351892567,\"ms\":3.2}","source":"console","time":"2026-10-07T05:44:52Z"}
{"level":"info","msg":"{\"ev\":\"req\",\"route\":\"history\",\"status\":200,\"t\":1791351892670,\"ms\":5.9}","source":"console","time":"2026-10-07T05:44:52Z"}
{"level":"info","msg":"{\"ev\":\"req\",\"route\":\"problem_list\",\"status\":200,\"t\":1791351892767,\"ms\":4}","source":"console","time":"2026-10-07T05:44:52Z"}
{"level":"info","msg":"{\"ev\":\"req\",\"route\":\"problem_detail\",\"status\":200,\"t\":1791351892867,\"ms\":3.2}","source":"console","time":"2026-10-07T05:44:52Z"}
{"level":"info","msg":"{\"ev\":\"req\",\"route\":\"history\",\"status\":200,\"t\":1791351892978,\"ms\":13.7}","source":"console","time":"2026-10-07T05:44:52Z"}
{"level":"info","msg":"{\"ev\":\"req\",\"route\":\"problem_list\",\"status\":200,\"t\":1791351893067,\"ms\":3.6}","source":"console","time":"2026-10-07T05:44:53Z"}
{"level":"info","msg":"{\"ev\":\"req\",\"route\":\"problem_detail\",\"status\":200,\"t\":1791351893167,\"ms\":3.5}","source":"console","time":"2026-10-07T05:44:53Z"}
{"level":"info","msg":"{\"ev\":\"req\",\"route\":\"history\",\"status\":200,\"t\":1791351893270,\"ms\":6}","source":"console","time":"2026-10-07T05:44:53Z"}
{"level":"info","msg":"{\"ev\":\"req\",\"route\":\"problem_list\",\"status\":200,\"t\":1791351893372,\"ms\":8.2}","source":"console","time":"2026-10-07T05:44:53Z"}
{"level":"info","msg":"{\"ev\":\"req\",\"route\":\"problem_detail\",\"status\":200,\"t\":1791351893472,\"ms\":8.6}","source":"console","time":"2026-10-07T05:44:53Z"}
{"level":"info","msg":"{\"ev\":\"req\",\"route\":\"history\",\"status\":200,\"t\":1791351893577,\"ms\":12.1}","source":"console","time":"2026-10-07T05:44:53Z"}
{"level":"info","msg":"{\"ev\":\"req\",\"route\":\"problem_list\",\"status\":200,\"t\":1791351893667,\"ms\":3.6}","source":"console","time":"2026-10-07T05:44:53Z"}
{"level":"info","msg":"{\"ev\":\"req\",\"route\":\"problem_detail\",\"status\":200,\"t\":1791351893772,\"ms\":8.1}","source":"console","time":"2026-10-07T05:44:53Z"}
{"level":"info","msg":"{\"ev\":\"req\",\"route\":\"history\",\"status\":200,\"t\":1791351893868,\"ms\":4.7}","source":"console","time":"2026-10-07T05:44:53Z"}
{"level":"info","msg":"{\"ev\":\"req\",\"route\":\"problem_list\",\"status\":200,\"t\":1791351893973,\"ms\":8.7}","source":"console","time":"2026-10-07T05:44:53Z"}
{"level":"info","msg":"{\"ev\":\"req\",\"route\":\"submit\",\"status\":200,\"t\":1791351894024,\"ms\":27}","source":"console","time":"2026-10-07T05:44:54Z"}
{"level":"info","msg":"{\"ev\":\"accepted\",\"id\":\"88692f8d-14ce-4e01-88df-78c7646085c5\",\"t\":1791351894024}","source":"console","time":"2026-10-07T05:44:54Z"}
{"level":"info","msg":"{\"ev\":\"req\",\"route\":\"problem_detail\",\"status\":200,\"t\":1791351894068,\"ms\":4.5}","source":"console","time":"2026-10-07T05:44:54Z"}
{"level":"info","msg":"{\"ev\":\"req\",\"route\":\"history\",\"status\":200,\"t\":1791351894176,\"ms\":12}","source":"console","time":"2026-10-07T05:44:54Z"}
{"level":"info","msg":"{\"ev\":\"req\",\"route\":\"problem_list\",\"status\":200,\"t\":1791351894269,\"ms\":5.1}","source":"console","time":"2026-10-07T05:44:54Z"}
{"level":"info","msg":"{\"ev\":\"req\",\"route\":\"problem_detail\",\"status\":200,\"t\":1791351894367,\"ms\":3.3}","source":"console","time":"2026-10-07T05:44:54Z"}
{"level":"info","msg":"{\"ev\":\"req\",\"route\":\"history\",\"status\":200,\"t\":1791351894470,\"ms\":6.2}","source":"console","time":"2026-10-07T05:44:54Z"}
{"level":"info","msg":"{\"ev\":\"req\",\"route\":\"problem_list\",\"status\":200,\"t\":1791351894568,\"ms\":4.2}","source":"console","time":"2026-10-07T05:44:54Z"}
{"level":"info","msg":"{\"ev\":\"req\",\"route\":\"problem_detail\",\"status\":200,\"t\":1791351894672,\"ms\":7.6}","source":"console","time":"2026-10-07T05:44:54Z"}
{"level":"info","msg":"{\"ev\":\"req\",\"route\":\"history\",\"status\":200,\"t\":1791351894777,\"ms\":13.1}","source":"console","time":"2026-10-07T05:44:54Z"}
{"level":"info","msg":"{\"ev\":\"req\",\"route\":\"problem_list\",\"status\":200,\"t\":1791351894875,\"ms\":10.8}","source":"console","time":"2026-10-07T05:44:54Z"}
{"level":"info","msg":"{\"ev\":\"req\",\"route\":\"problem_detail\",\"status\":200,\"t\":1791351894972,\"ms\":8}","source":"console","time":"2026-10-07T05:44:54Z"}
{"level":"info","msg":"{\"ev\":\"req\",\"route\":\"history\",\"status\":200,\"t\":1791351895075,\"ms\":11.7}","source":"console","time":"2026-10-07T05:44:55Z"}
{"level":"info","msg":"{\"ev\":\"req\",\"route\":\"problem_list\",\"status\":200,\"t\":1791351895172,\"ms\":8.6}","source":"console","time":"2026-10-07T05:44:55Z"}
{"level":"info","msg":"{\"ev\":\"req\",\"route\":\"problem_detail\",\"status\":200,\"t\":1791351895272,\"ms\":7.7}","source":"console","time":"2026-10-07T05:44:55Z"}
{"level":"info","msg":"{\"ev\":\"req\",\"route\":\"history\",\"status\":200,\"t\":1791351895377,\"ms\":12.7}","source":"console","time":"2026-10-07T05:44:55Z"}
{"level":"info","msg":"{\"ev\":\"req\",\"route\":\"problem_list\",\"status\":200,\"t\":1791351895473,\"ms\":9.6}","source":"console","time":"2026-10-07T05:44:55Z"}
{"level":"info","msg":"{\"ev\":\"req\",\"route\":\"problem_detail\",\"status\":200,\"t\":1791351895573,\"ms\":8.2}","source":"console","time":"2026-10-07T05:44:55Z"}
{"level":"info","msg":"{\"ev\":\"req\",\"route\":\"history\",\"status\":200,\"t\":1791351895669,\"ms\":5.7}","source":"console","time":"2026-10-07T05:44:55Z"}
{"level":"info","msg":"{\"ev\":\"req\",\"route\":\"submit\",\"status\":200,\"t\":1791351895682,\"ms\":18.4}","source":"console","time":"2026-10-07T05:44:55Z"}
{"level":"info","msg":"{\"ev\":\"accepted\",\"id\":\"b17ad84e-659f-4e7d-85b4-41de38a6018e\",\"t\":1791351895682}","source":"console","time":"2026-10-07T05:44:55Z"}
{"level":"info","msg":"{\"ev\":\"req\",\"route\":\"problem_list\",\"status\":200,\"t\":1791351895767,\"ms\":4}","source":"console","time":"2026-10-07T05:44:55Z"}
{"level":"info","msg":"{\"ev\":\"req\",\"route\":\"problem_detail\",\"status\":200,\"t\":1791351895867,\"ms\":3.6}","source":"console","time":"2026-10-07T05:44:55Z"}
{"level":"info","msg":"{\"ev\":\"req\",\"route\":\"history\",\"status\":200,\"t\":1791351895969,\"ms\":5.2}","source":"console","time":"2026-10-07T05:44:55Z"}
{"level":"info","msg":"{\"ev\":\"req\",\"route\":\"problem_list\",\"status\":200,\"t\":1791351896069,\"ms\":4.7}","source":"console","time":"2026-10-07T05:44:56Z"}
{"level":"info","msg":"{\"ev\":\"req\",\"route\":\"problem_detail\",\"status\":200,\"t\":1791351896166,\"ms\":2.9}","source":"console","time":"2026-10-07T05:44:56Z"}
{"level":"info","msg":"{\"ev\":\"req\",\"route\":\"history\",\"status\":200,\"t\":1791351896271,\"ms\":6.8}","source":"console","time":"2026-10-07T05:44:56Z"}
{"level":"info","msg":"{\"ev\":\"req\",\"route\":\"problem_list\",\"status\":200,\"t\":1791351896372,\"ms\":8.3}","source":"console","time":"2026-10-07T05:44:56Z"}
{"level":"info","msg":"{\"ev\":\"req\",\"route\":\"problem_detail\",\"status\":200,\"t\":1791351896472,\"ms\":7.2}","source":"console","time":"2026-10-07T05:44:56Z"}
{"level":"info","msg":"{\"ev\":\"req\",\"route\":\"history\",\"status\":200,\"t\":1791351896579,\"ms\":14.5}","source":"console","time":"2026-10-07T05:44:56Z"}
{"level":"info","msg":"{\"ev\":\"req\",\"route\":\"problem_list\",\"status\":200,\"t\":1791351896673,\"ms\":9.1}","source":"console","time":"2026-10-07T05:44:56Z"}
{"level":"info","msg":"{\"ev\":\"req\",\"route\":\"problem_detail\",\"status\":200,\"t\":1791351896772,\"ms\":8.1}","source":"console","time":"2026-10-07T05:44:56Z"}
{"level":"info","msg":"{\"ev\":\"req\",\"route\":\"history\",\"status\":200,\"t\":1791351896874,\"ms\":9.5}","source":"console","time":"2026-10-07T05:44:56Z"}
{"level":"info","msg":"{\"ev\":\"req\",\"route\":\"problem_list\",\"status\":200,\"t\":1791351896972,\"ms\":8.7}","source":"console","time":"2026-10-07T05:44:56Z"}
{"level":"info","msg":"{\"ev\":\"req\",\"route\":\"problem_detail\",\"status\":200,\"t\":1791351897072,\"ms\":8.7}","source":"console","time":"2026-10-07T05:44:57Z"}
{"level":"info","msg":"{\"ev\":\"req\",\"route\":\"history\",\"status\":200,\"t\":1791351897177,\"ms\":12.8}","source":"console","time":"2026-10-07T05:44:57Z"}
{"level":"info","msg":"{\"ev\":\"req\",\"route\":\"problem_list\",\"status\":200,\"t\":1791351897267,\"ms\":3.6}","source":"console","time":"2026-10-07T05:44:57Z"}
{"level":"info","msg":"{\"ev\":\"req\",\"route\":\"submit\",\"status\":200,\"t\":1791351897346,\"ms\":15.4}","source":"console","time":"2026-10-07T05:44:57Z"}
{"level":"info","msg":"{\"ev\":\"accepted\",\"id\":\"548a6708-0b09-40ab-85bf-9e309a9d0ff9\",\"t\":1791351897346}","source":"console","time":"2026-10-07T05:44:57Z"}
{"level":"info","msg":"{\"ev\":\"req\",\"route\":\"problem_detail\",\"status\":200,\"t\":1791351897367,\"ms\":3.7}","source":"console","time":"2026-10-07T05:44:57Z"}
{"level":"info","msg":"{\"ev\":\"req\",\"route\":\"history\",\"status\":200,\"t\":1791351897473,\"ms\":8.7}","source":"console","time":"2026-10-07T05:44:57Z"}
{"level":"info","msg":"{\"ev\":\"req\",\"route\":\"problem_list\",\"status\":200,\"t\":1791351897569,\"ms\":5.2}","source":"console","time":"2026-10-07T05:44:57Z"}
{"level":"info","msg":"{\"ev\":\"req\",\"route\":\"problem_detail\",\"status\":200,\"t\":1791351897668,\"ms\":4.6}","source":"console","time":"2026-10-07T05:44:57Z"}
{"level":"info","msg":"{\"ev\":\"req\",\"route\":\"history\",\"status\":200,\"t\":1791351897770,\"ms\":6.8}","source":"console","time":"2026-10-07T05:44:57Z"}
{"level":"info","msg":"{\"ev\":\"req\",\"route\":\"problem_list\",\"status\":200,\"t\":1791351897867,\"ms\":3.2}","source":"console","time":"2026-10-07T05:44:57Z"}
{"level":"info","msg":"{\"ev\":\"req\",\"route\":\"problem_detail\",\"status\":200,\"t\":1791351897971,\"ms\":7.1}","source":"console","time":"2026-10-07T05:44:57Z"}
{"level":"info","msg":"{\"ev\":\"req\",\"route\":\"history\",\"status\":200,\"t\":1791351898071,\"ms\":7.3}","source":"console","time":"2026-10-07T05:44:58Z"}
{"level":"info","msg":"{\"ev\":\"req\",\"route\":\"problem_list\",\"status\":200,\"t\":1791351898172,\"ms\":8.4}","source":"console","time":"2026-10-07T05:44:58Z"}
{"level":"info","msg":"{\"ev\":\"req\",\"route\":\"problem_detail\",\"status\":200,\"t\":1791351898272,\"ms\":8.3}","source":"console","time":"2026-10-07T05:44:58Z"}
{"level":"info","msg":"{\"ev\":\"req\",\"route\":\"history\",\"status\":200,\"t\":1791351898376,\"ms\":11.6}","source":"console","time":"2026-10-07T05:44:58Z"}
{"level":"info","msg":"{\"ev\":\"req\",\"route\":\"problem_list\",\"status\":200,\"t\":1791351898473,\"ms\":8.7}","source":"console","time":"2026-10-07T05:44:58Z"}
{"level":"info","msg":"{\"ev\":\"req\",\"route\":\"problem_detail\",\"status\":200,\"t\":1791351898571,\"ms\":8.1}","source":"console","time":"2026-10-07T05:44:58Z"}
{"level":"info","msg":"{\"ev\":\"req\",\"route\":\"history\",\"status\":200,\"t\":1791351898675,\"ms\":11.8}","source":"console","time":"2026-10-07T05:44:58Z"}
{"level":"info","msg":"{\"ev\":\"req\",\"route\":\"problem_list\",\"status\":200,\"t\":1791351898773,\"ms\":8.6}","source":"console","time":"2026-10-07T05:44:58Z"}
{"level":"info","msg":"{\"ev\":\"req\",\"route\":\"problem_detail\",\"status\":200,\"t\":1791351898870,\"ms\":5.4}","source":"console","time":"2026-10-07T05:44:58Z"}
{"level":"info","msg":"{\"ev\":\"req\",\"route\":\"history\",\"status\":200,\"t\":1791351898977,\"ms\":12.8}","source":"console","time":"2026-10-07T05:44:58Z"}
{"level":"info","msg":"{\"ev\":\"req\",\"route\":\"submit\",\"status\":200,\"t\":1791351899031,\"ms\":33.9}","source":"console","time":"2026-10-07T05:44:59Z"}
{"level":"info","msg":"{\"ev\":\"accepted\",\"id\":\"ff314316-67d7-460c-adb4-9188339e72f6\",\"t\":1791351899031}","source":"console","time":"2026-10-07T05:44:59Z"}
{"level":"info","msg":"{\"ev\":\"req\",\"route\":\"problem_list\",\"status\":200,\"t\":1791351899068,\"ms\":3.6}","source":"console","time":"2026-10-07T05:44:59Z"}
{"level":"info","msg":"{\"ev\":\"req\",\"route\":\"problem_detail\",\"status\":200,\"t\":1791351899167,\"ms\":3.3}","source":"console","time":"2026-10-07T05:44:59Z"}
{"level":"info","msg":"{\"ev\":\"req\",\"route\":\"history\",\"status\":200,\"t\":1791351899272,\"ms\":8.3}","source":"console","time":"2026-10-07T05:44:59Z"}
{"level":"info","msg":"{\"ev\":\"req\",\"route\":\"problem_list\",\"status\":200,\"t\":1791351899367,\"ms\":3.5}","source":"console","time":"2026-10-07T05:44:59Z"}
{"level":"info","msg":"{\"ev\":\"req\",\"route\":\"problem_detail\",\"status\":200,\"t\":1791351899467,\"ms\":3.4}","source":"console","time":"2026-10-07T05:44:59Z"}
{"level":"info","msg":"{\"ev\":\"req\",\"route\":\"history\",\"status\":200,\"t\":1791351899570,\"ms\":6.2}","source":"console","time":"2026-10-07T05:44:59Z"}
{"level":"info","msg":"{\"ev\":\"req\",\"route\":\"problem_list\",\"status\":200,\"t\":1791351899667,\"ms\":4}","source":"console","time":"2026-10-07T05:44:59Z"}
{"level":"info","msg":"{\"ev\":\"req\",\"route\":\"problem_detail\",\"status\":200,\"t\":1791351899770,\"ms\":6.8}","source":"console","time":"2026-10-07T05:44:59Z"}
{"level":"info","msg":"{\"ev\":\"req\",\"route\":\"history\",\"status\":200,\"t\":1791351899876,\"ms\":12.7}","source":"console","time":"2026-10-07T05:44:59Z"}
{"level":"info","msg":"{\"ev\":\"req\",\"route\":\"problem_list\",\"status\":200,\"t\":1791351899968,\"ms\":4}","source":"console","time":"2026-10-07T05:44:59Z"}
{"level":"info","msg":"{\"ev\":\"req\",\"route\":\"problem_detail\",\"status\":200,\"t\":1791351900068,\"ms\":4.1}","source":"console","time":"2026-10-07T05:45:00Z"}
{"level":"info","msg":"{\"ev\":\"req\",\"route\":\"history\",\"status\":200,\"t\":1791351900173,\"ms\":9.5}","source":"console","time":"2026-10-07T05:45:00Z"}
{"level":"info","msg":"{\"ev\":\"req\",\"route\":\"problem_list\",\"status\":200,\"t\":1791351900269,\"ms\":5.2}","source":"console","time":"2026-10-07T05:45:00Z"}
{"level":"info","msg":"{\"ev\":\"req\",\"route\":\"problem_detail\",\"status\":200,\"t\":1791351900368,\"ms\":3.4}","source":"console","time":"2026-10-07T05:45:00Z"}
{"level":"info","msg":"{\"ev\":\"req\",\"route\":\"history\",\"status\":200,\"t\":1791351900470,\"ms\":6.1}","source":"console","time":"2026-10-07T05:45:00Z"}
{"level":"info","msg":"{\"ev\":\"req\",\"route\":\"problem_list\",\"status\":200,\"t\":1791351900572,\"ms\":7.7}","source":"console","time":"2026-10-07T05:45:00Z"}
{"level":"info","msg":"{\"ev\":\"req\",\"route\":\"problem_detail\",\"status\":200,\"t\":1791351900668,\"ms\":4}","source":"console","time":"2026-10-07T05:45:00Z"}
{"level":"info","msg":"{\"ev\":\"req\",\"route\":\"submit\",\"status\":200,\"t\":1791351900683,\"ms\":19.7}","source":"console","time":"2026-10-07T05:45:00Z"}
{"level":"info","msg":"{\"ev\":\"accepted\",\"id\":\"74a20cea-246d-45a3-9ceb-36a7e64dbef5\",\"t\":1791351900683}","source":"console","time":"2026-10-07T05:45:00Z"}
{"level":"info","msg":"{\"ev\":\"req\",\"route\":\"history\",\"status\":200,\"t\":1791351900773,\"ms\":9}","source":"console","time":"2026-10-07T05:45:00Z"}
{"level":"info","msg":"{\"ev\":\"req\",\"route\":\"problem_list\",\"status\":200,\"t\":1791351900870,\"ms\":6}","source":"console","time":"2026-10-07T05:45:00Z"}
{"level":"info","msg":"{\"ev\":\"req\",\"route\":\"problem_detail\",\"status\":200,\"t\":1791351900972,\"ms\":7.5}","source":"console","time":"2026-10-07T05:45:00Z"}
{"level":"info","msg":"{\"ev\":\"req\",\"route\":\"history\",\"status\":200,\"t\":1791351901069,\"ms\":5.4}","source":"console","time":"2026-10-07T05:45:01Z"}
{"level":"info","msg":"{\"ev\":\"req\",\"route\":\"problem_list\",\"status\":200,\"t\":1791351901167,\"ms\":3.5}","source":"console","time":"2026-10-07T05:45:01Z"}
{"level":"info","msg":"{\"ev\":\"req\",\"route\":\"problem_detail\",\"status\":200,\"t\":1791351901271,\"ms\":7.7}","source":"console","time":"2026-10-07T05:45:01Z"}
{"level":"info","msg":"{\"ev\":\"req\",\"route\":\"history\",\"status\":200,\"t\":1791351901375,\"ms\":10.9}","source":"console","time":"2026-10-07T05:45:01Z"}
{"level":"info","msg":"{\"ev\":\"req\",\"route\":\"problem_list\",\"status\":200,\"t\":1791351901472,\"ms\":8.5}","source":"console","time":"2026-10-07T05:45:01Z"}
{"level":"info","msg":"{\"ev\":\"req\",\"route\":\"problem_detail\",\"status\":200,\"t\":1791351901572,\"ms\":8.4}","source":"console","time":"2026-10-07T05:45:01Z"}
{"level":"info","msg":"{\"ev\":\"req\",\"route\":\"history\",\"status\":200,\"t\":1791351901676,\"ms\":11.7}","source":"console","time":"2026-10-07T05:45:01Z"}
{"level":"info","msg":"{\"ev\":\"req\",\"route\":\"problem_list\",\"status\":200,\"t\":1791351901772,\"ms\":8.1}","source":"console","time":"2026-10-07T05:45:01Z"}
{"level":"info","msg":"{\"ev\":\"req\",\"route\":\"problem_detail\",\"status\":200,\"t\":1791351901871,\"ms\":7.2}","source":"console","time":"2026-10-07T05:45:01Z"}
{"level":"info","msg":"{\"ev\":\"req\",\"route\":\"history\",\"status\":200,\"t\":1791351901969,\"ms\":4.9}","source":"console","time":"2026-10-07T05:45:01Z"}
{"level":"info","msg":"{\"ev\":\"req\",\"route\":\"problem_list\",\"status\":200,\"t\":1791351902074,\"ms\":9}","source":"console","time":"2026-10-07T05:45:02Z"}
{"level":"info","msg":"{\"ev\":\"req\",\"route\":\"problem_detail\",\"status\":200,\"t\":1791351902171,\"ms\":6.9}","source":"console","time":"2026-10-07T05:45:02Z"}
{"level":"info","msg":"{\"ev\":\"req\",\"route\":\"history\",\"status\":200,\"t\":1791351902277,\"ms\":12.7}","source":"console","time":"2026-10-07T05:45:02Z"}
{"level":"info","msg":"{\"ev\":\"req\",\"route\":\"submit\",\"status\":200,\"t\":1791351902361,\"ms\":30.2}","source":"console","time":"2026-10-07T05:45:02Z"}
{"level":"info","msg":"{\"ev\":\"accepted\",\"id\":\"bb822968-e896-4f6b-beca-7b8bb14b064f\",\"t\":1791351902361}","source":"console","time":"2026-10-07T05:45:02Z"}
{"level":"info","msg":"{\"ev\":\"req\",\"route\":\"problem_list\",\"status\":200,\"t\":1791351902367,\"ms\":2.9}","source":"console","time":"2026-10-07T05:45:02Z"}
{"level":"info","msg":"{\"ev\":\"req\",\"route\":\"problem_detail\",\"status\":200,\"t\":1791351902467,\"ms\":3.1}","source":"console","time":"2026-10-07T05:45:02Z"}
{"level":"info","msg":"{\"ev\":\"req\",\"route\":\"history\",\"status\":200,\"t\":1791351902569,\"ms\":5.3}","source":"console","time":"2026-10-07T05:45:02Z"}
{"level":"info","msg":"{\"ev\":\"req\",\"route\":\"problem_list\",\"status\":200,\"t\":1791351902668,\"ms\":3.9}","source":"console","time":"2026-10-07T05:45:02Z"}
{"level":"info","msg":"{\"ev\":\"req\",\"route\":\"problem_detail\",\"status\":200,\"t\":1791351902769,\"ms\":4.4}","source":"console","time":"2026-10-07T05:45:02Z"}
{"level":"info","msg":"{\"ev\":\"req\",\"route\":\"history\",\"status\":200,\"t\":1791351902869,\"ms\":5.6}","source":"console","time":"2026-10-07T05:45:02Z"}
{"level":"info","msg":"{\"ev\":\"req\",\"route\":\"problem_list\",\"status\":200,\"t\":1791351902968,\"ms\":4.2}","source":"console","time":"2026-10-07T05:45:02Z"}
{"level":"info","msg":"{\"ev\":\"req\",\"route\":\"problem_detail\",\"status\":200,\"t\":1791351903071,\"ms\":6.7}","source":"console","time":"2026-10-07T05:45:03Z"}
{"level":"info","msg":"{\"ev\":\"req\",\"route\":\"history\",\"status\":200,\"t\":1791351903169,\"ms\":5.3}","source":"console","time":"2026-10-07T05:45:03Z"}
{"level":"info","msg":"{\"ev\":\"req\",\"route\":\"problem_list\",\"status\":200,\"t\":1791351903273,\"ms\":8.6}","source":"console","time":"2026-10-07T05:45:03Z"}
{"level":"info","msg":"{\"ev\":\"req\",\"route\":\"problem_detail\",\"status\":200,\"t\":1791351903371,\"ms\":7.6}","source":"console","time":"2026-10-07T05:45:03Z"}
{"level":"info","msg":"{\"ev\":\"req\",\"route\":\"history\",\"status\":200,\"t\":1791351903479,\"ms\":15.5}","source":"console","time":"2026-10-07T05:45:03Z"}
{"level":"info","msg":"{\"ev\":\"req\",\"route\":\"problem_list\",\"status\":200,\"t\":1791351903573,\"ms\":8.8}","source":"console","time":"2026-10-07T05:45:03Z"}
{"level":"info","msg":"{\"ev\":\"req\",\"route\":\"problem_detail\",\"status\":200,\"t\":1791351903672,\"ms\":7.7}","source":"console","time":"2026-10-07T05:45:03Z"}
{"level":"info","msg":"{\"ev\":\"req\",\"route\":\"history\",\"status\":200,\"t\":1791351903778,\"ms\":14}","source":"console","time":"2026-10-07T05:45:03Z"}
{"level":"info","msg":"{\"ev\":\"req\",\"route\":\"problem_list\",\"status\":200,\"t\":1791351903873,\"ms\":8.3}","source":"console","time":"2026-10-07T05:45:03Z"}
{"level":"info","msg":"{\"ev\":\"req\",\"route\":\"problem_detail\",\"status\":200,\"t\":1791351903972,\"ms\":7.8}","source":"console","time":"2026-10-07T05:45:03Z"}
{"level":"info","msg":"{\"ev\":\"req\",\"route\":\"submit\",\"status\":200,\"t\":1791351904028,\"ms\":31.2}","source":"console","time":"2026-10-07T05:45:04Z"}
{"level":"info","msg":"{\"ev\":\"accepted\",\"id\":\"a86648ce-9c9a-4d36-b0cc-41d43593dc3a\",\"t\":1791351904028}","source":"console","time":"2026-10-07T05:45:04Z"}
{"level":"info","msg":"{\"ev\":\"req\",\"route\":\"history\",\"status\":200,\"t\":1791351904072,\"ms\":8.7}","source":"console","time":"2026-10-07T05:45:04Z"}
{"level":"info","msg":"{\"ev\":\"req\",\"route\":\"problem_list\",\"status\":200,\"t\":1791351904171,\"ms\":5.2}","source":"console","time":"2026-10-07T05:45:04Z"}
{"level":"info","msg":"{\"ev\":\"req\",\"route\":\"problem_detail\",\"status\":200,\"t\":1791351904269,\"ms\":4.8}","source":"console","time":"2026-10-07T05:45:04Z"}
{"level":"info","msg":"{\"ev\":\"req\",\"route\":\"history\",\"status\":200,\"t\":1791351904371,\"ms\":7.1}","source":"console","time":"2026-10-07T05:45:04Z"}
{"level":"info","msg":"{\"ev\":\"req\",\"route\":\"problem_list\",\"status\":200,\"t\":1791351904467,\"ms\":3.8}","source":"console","time":"2026-10-07T05:45:04Z"}
{"level":"info","msg":"{\"ev\":\"req\",\"route\":\"problem_detail\",\"status\":200,\"t\":1791351904575,\"ms\":6.9}","source":"console","time":"2026-10-07T05:45:04Z"}
{"level":"info","msg":"{\"ev\":\"req\",\"route\":\"history\",\"status\":200,\"t\":1791351904677,\"ms\":12.7}","source":"console","time":"2026-10-07T05:45:04Z"}
{"level":"info","msg":"{\"ev\":\"req\",\"route\":\"problem_list\",\"status\":200,\"t\":1791351904771,\"ms\":8}","source":"console","time":"2026-10-07T05:45:04Z"}
{"level":"info","msg":"{\"ev\":\"req\",\"route\":\"problem_detail\",\"status\":200,\"t\":1791351904871,\"ms\":7.7}","source":"console","time":"2026-10-07T05:45:04Z"}
{"level":"info","msg":"{\"ev\":\"req\",\"route\":\"history\",\"status\":200,\"t\":1791351904975,\"ms\":11.3}","source":"console","time":"2026-10-07T05:45:04Z"}
{"level":"info","msg":"{\"ev\":\"req\",\"route\":\"problem_list\",\"status\":200,\"t\":1791351905072,\"ms\":8.5}","source":"console","time":"2026-10-07T05:45:05Z"}
{"level":"info","msg":"{\"ev\":\"req\",\"route\":\"problem_detail\",\"status\":200,\"t\":1791351905172,\"ms\":8.1}","source":"console","time":"2026-10-07T05:45:05Z"}
{"level":"info","msg":"{\"ev\":\"req\",\"route\":\"history\",\"status\":200,\"t\":1791351905275,\"ms\":11.2}","source":"console","time":"2026-10-07T05:45:05Z"}
{"level":"info","msg":"{\"ev\":\"req\",\"route\":\"problem_list\",\"status\":200,\"t\":1791351905372,\"ms\":7.9}","source":"console","time":"2026-10-07T05:45:05Z"}
{"level":"info","msg":"{\"ev\":\"req\",\"route\":\"problem_detail\",\"status\":200,\"t\":1791351905468,\"ms\":3.6}","source":"console","time":"2026-10-07T05:45:05Z"}
{"level":"info","msg":"{\"ev\":\"req\",\"route\":\"history\",\"status\":200,\"t\":1791351905577,\"ms\":12.6}","source":"console","time":"2026-10-07T05:45:05Z"}
{"level":"info","msg":"{\"ev\":\"req\",\"route\":\"problem_list\",\"status\":200,\"t\":1791351905673,\"ms\":8.9}","source":"console","time":"2026-10-07T05:45:05Z"}
{"level":"info","msg":"{\"ev\":\"req\",\"route\":\"submit\",\"status\":200,\"t\":1791351905688,\"ms\":23.8}","source":"console","time":"2026-10-07T05:45:05Z"}
{"level":"info","msg":"{\"ev\":\"accepted\",\"id\":\"7c8fb548-bfb1-4179-b160-174dcce79792\",\"t\":1791351905688}","source":"console","time":"2026-10-07T05:45:05Z"}
{"level":"info","msg":"{\"ev\":\"req\",\"route\":\"problem_detail\",\"status\":200,\"t\":1791351905767,\"ms\":3.3}","source":"console","time":"2026-10-07T05:45:05Z"}
{"level":"info","msg":"{\"ev\":\"req\",\"route\":\"history\",\"status\":200,\"t\":1791351905869,\"ms\":5.3}","source":"console","time":"2026-10-07T05:45:05Z"}
{"level":"info","msg":"{\"ev\":\"req\",\"route\":\"problem_list\",\"status\":200,\"t\":1791351905968,\"ms\":4.1}","source":"console","time":"2026-10-07T05:45:05Z"}
{"level":"info","msg":"{\"ev\":\"req\",\"route\":\"problem_detail\",\"status\":200,\"t\":1791351906067,\"ms\":3.1}","source":"console","time":"2026-10-07T05:45:06Z"}
{"level":"info","msg":"{\"ev\":\"req\",\"route\":\"history\",\"status\":200,\"t\":1791351906169,\"ms\":5.5}","source":"console","time":"2026-10-07T05:45:06Z"}
{"level":"info","msg":"{\"ev\":\"req\",\"route\":\"problem_list\",\"status\":200,\"t\":1791351906268,\"ms\":3.4}","source":"console","time":"2026-10-07T05:45:06Z"}
{"level":"info","msg":"{\"ev\":\"req\",\"route\":\"problem_detail\",\"status\":200,\"t\":1791351906369,\"ms\":5.8}","source":"console","time":"2026-10-07T05:45:06Z"}
{"level":"info","msg":"{\"ev\":\"req\",\"route\":\"history\",\"status\":200,\"t\":1791351906477,\"ms\":12.7}","source":"console","time":"2026-10-07T05:45:06Z"}
{"level":"info","msg":"{\"ev\":\"req\",\"route\":\"problem_list\",\"status\":200,\"t\":1791351906571,\"ms\":7.3}","source":"console","time":"2026-10-07T05:45:06Z"}
{"level":"info","msg":"{\"ev\":\"req\",\"route\":\"problem_detail\",\"status\":200,\"t\":1791351906672,\"ms\":7.5}","source":"console","time":"2026-10-07T05:45:06Z"}
{"level":"info","msg":"{\"ev\":\"req\",\"route\":\"history\",\"status\":200,\"t\":1791351906775,\"ms\":11}","source":"console","time":"2026-10-07T05:45:06Z"}
{"level":"info","msg":"{\"ev\":\"req\",\"route\":\"problem_list\",\"status\":200,\"t\":1791351906873,\"ms\":8.4}","source":"console","time":"2026-10-07T05:45:06Z"}
{"level":"info","msg":"{\"ev\":\"req\",\"route\":\"problem_detail\",\"status\":200,\"t\":1791351906972,\"ms\":7.7}","source":"console","time":"2026-10-07T05:45:06Z"}
{"level":"info","msg":"{\"ev\":\"req\",\"route\":\"history\",\"status\":200,\"t\":1791351907076,\"ms\":12.3}","source":"console","time":"2026-10-07T05:45:07Z"}
{"level":"info","msg":"{\"ev\":\"req\",\"route\":\"problem_list\",\"status\":200,\"t\":1791351907171,\"ms\":8.1}","source":"console","time":"2026-10-07T05:45:07Z"}
{"level":"info","msg":"{\"ev\":\"req\",\"route\":\"problem_detail\",\"status\":200,\"t\":1791351907267,\"ms\":3.5}","source":"console","time":"2026-10-07T05:45:07Z"}
{"level":"info","msg":"{\"ev\":\"req\",\"route\":\"submit\",\"status\":200,\"t\":1791351907358,\"ms\":26.7}","source":"console","time":"2026-10-07T05:45:07Z"}
{"level":"info","msg":"{\"ev\":\"accepted\",\"id\":\"a42b1433-92c3-40b3-bc55-8017d148fb06\",\"t\":1791351907358}","source":"console","time":"2026-10-07T05:45:07Z"}
{"level":"info","msg":"{\"ev\":\"req\",\"route\":\"history\",\"status\":200,\"t\":1791351907369,\"ms\":5.3}","source":"console","time":"2026-10-07T05:45:07Z"}
{"level":"info","msg":"{\"ev\":\"req\",\"route\":\"problem_list\",\"status\":200,\"t\":1791351907472,\"ms\":7.8}","source":"console","time":"2026-10-07T05:45:07Z"}
{"level":"info","msg":"{\"ev\":\"req\",\"route\":\"problem_detail\",\"status\":200,\"t\":1791351907567,\"ms\":3.9}","source":"console","time":"2026-10-07T05:45:07Z"}
{"level":"info","msg":"{\"ev\":\"req\",\"route\":\"history\",\"status\":200,\"t\":1791351907671,\"ms\":7}","source":"console","time":"2026-10-07T05:45:07Z"}
{"level":"info","msg":"{\"ev\":\"req\",\"route\":\"problem_list\",\"status\":200,\"t\":1791351907771,\"ms\":6.9}","source":"console","time":"2026-10-07T05:45:07Z"}
{"level":"info","msg":"{\"ev\":\"req\",\"route\":\"problem_detail\",\"status\":200,\"t\":1791351907867,\"ms\":3.5}","source":"console","time":"2026-10-07T05:45:07Z"}
{"level":"info","msg":"{\"ev\":\"req\",\"route\":\"history\",\"status\":200,\"t\":1791351907975,\"ms\":11.3}","source":"console","time":"2026-10-07T05:45:07Z"}
{"level":"info","msg":"{\"ev\":\"req\",\"route\":\"problem_list\",\"status\":200,\"t\":1791351908069,\"ms\":4.8}","source":"console","time":"2026-10-07T05:45:08Z"}
{"level":"info","msg":"{\"ev\":\"req\",\"route\":\"problem_detail\",\"status\":200,\"t\":1791351908171,\"ms\":6.9}","source":"console","time":"2026-10-07T05:45:08Z"}
{"level":"info","msg":"{\"ev\":\"req\",\"route\":\"history\",\"status\":200,\"t\":1791351908275,\"ms\":11.2}","source":"console","time":"2026-10-07T05:45:08Z"}
{"level":"info","msg":"{\"ev\":\"req\",\"route\":\"problem_list\",\"status\":200,\"t\":1791351908372,\"ms\":8.9}","source":"console","time":"2026-10-07T05:45:08Z"}
{"level":"info","msg":"{\"ev\":\"req\",\"route\":\"problem_detail\",\"status\":200,\"t\":1791351908471,\"ms\":7.6}","source":"console","time":"2026-10-07T05:45:08Z"}
{"level":"info","msg":"{\"ev\":\"req\",\"route\":\"history\",\"status\":200,\"t\":1791351908575,\"ms\":10.4}","source":"console","time":"2026-10-07T05:45:08Z"}
{"level":"info","msg":"{\"ev\":\"req\",\"route\":\"problem_list\",\"status\":200,\"t\":1791351908671,\"ms\":7.9}","source":"console","time":"2026-10-07T05:45:08Z"}
{"level":"info","msg":"{\"ev\":\"req\",\"route\":\"problem_detail\",\"status\":200,\"t\":1791351908767,\"ms\":3.2}","source":"console","time":"2026-10-07T05:45:08Z"}
{"level":"info","msg":"{\"ev\":\"req\",\"route\":\"history\",\"status\":200,\"t\":1791351908869,\"ms\":4.5}","source":"console","time":"2026-10-07T05:45:08Z"}
{"level":"info","msg":"{\"ev\":\"req\",\"route\":\"problem_list\",\"status\":200,\"t\":1791351908971,\"ms\":7.6}","source":"console","time":"2026-10-07T05:45:08Z"}
{"level":"info","msg":"{\"ev\":\"req\",\"route\":\"submit\",\"status\":200,\"t\":1791351909024,\"ms\":26.6}","source":"console","time":"2026-10-07T05:45:09Z"}
{"level":"info","msg":"{\"ev\":\"accepted\",\"id\":\"d67267e8-265f-49a8-8d7d-f169a4d03e7b\",\"t\":1791351909024}","source":"console","time":"2026-10-07T05:45:09Z"}
{"level":"info","msg":"{\"ev\":\"req\",\"route\":\"problem_detail\",\"status\":200,\"t\":1791351909067,\"ms\":3.2}","source":"console","time":"2026-10-07T05:45:09Z"}
{"level":"info","msg":"{\"ev\":\"req\",\"route\":\"history\",\"status\":200,\"t\":1791351909169,\"ms\":5.2}","source":"console","time":"2026-10-07T05:45:09Z"}
{"level":"info","msg":"{\"ev\":\"req\",\"route\":\"problem_list\",\"status\":200,\"t\":1791351909268,\"ms\":3.8}","source":"console","time":"2026-10-07T05:45:09Z"}
{"level":"info","msg":"{\"ev\":\"req\",\"route\":\"problem_detail\",\"status\":200,\"t\":1791351909367,\"ms\":3.7}","source":"console","time":"2026-10-07T05:45:09Z"}
{"level":"info","msg":"{\"ev\":\"req\",\"route\":\"history\",\"status\":200,\"t\":1791351909469,\"ms\":5.6}","source":"console","time":"2026-10-07T05:45:09Z"}
{"level":"info","msg":"{\"ev\":\"req\",\"route\":\"problem_list\",\"status\":200,\"t\":1791351909568,\"ms\":4.4}","source":"console","time":"2026-10-07T05:45:09Z"}
{"level":"info","msg":"{\"ev\":\"req\",\"route\":\"problem_detail\",\"status\":200,\"t\":1791351909668,\"ms\":3.9}","source":"console","time":"2026-10-07T05:45:09Z"}
{"level":"info","msg":"{\"ev\":\"req\",\"route\":\"history\",\"status\":200,\"t\":1791351909776,\"ms\":11.4}","source":"console","time":"2026-10-07T05:45:09Z"}
{"level":"info","msg":"{\"ev\":\"req\",\"route\":\"problem_list\",\"status\":200,\"t\":1791351909872,\"ms\":9}","source":"console","time":"2026-10-07T05:45:09Z"}
{"level":"info","msg":"{\"ev\":\"req\",\"route\":\"problem_detail\",\"status\":200,\"t\":1791351909972,\"ms\":8.4}","source":"console","time":"2026-10-07T05:45:09Z"}
{"level":"info","msg":"{\"ev\":\"req\",\"route\":\"history\",\"status\":200,\"t\":1791351910078,\"ms\":13.5}","source":"console","time":"2026-10-07T05:45:10Z"}
{"level":"info","msg":"{\"ev\":\"req\",\"route\":\"problem_list\",\"status\":200,\"t\":1791351910172,\"ms\":8}","source":"console","time":"2026-10-07T05:45:10Z"}
{"level":"info","msg":"{\"ev\":\"req\",\"route\":\"problem_detail\",\"status\":200,\"t\":1791351910271,\"ms\":7.5}","source":"console","time":"2026-10-07T05:45:10Z"}
{"level":"info","msg":"{\"ev\":\"req\",\"route\":\"history\",\"status\":200,\"t\":1791351910376,\"ms\":12}","source":"console","time":"2026-10-07T05:45:10Z"}
{"level":"info","msg":"{\"ev\":\"req\",\"route\":\"problem_list\",\"status\":200,\"t\":1791351910473,\"ms\":8.7}","source":"console","time":"2026-10-07T05:45:10Z"}
{"level":"info","msg":"{\"ev\":\"req\",\"route\":\"problem_detail\",\"status\":200,\"t\":1791351910571,\"ms\":6.7}","source":"console","time":"2026-10-07T05:45:10Z"}
{"level":"info","msg":"{\"ev\":\"req\",\"route\":\"history\",\"status\":200,\"t\":1791351910674,\"ms\":10.2}","source":"console","time":"2026-10-07T05:45:10Z"}
{"level":"info","msg":"{\"ev\":\"req\",\"route\":\"submit\",\"status\":200,\"t\":1791351910686,\"ms\":22}","source":"console","time":"2026-10-07T05:45:10Z"}
{"level":"info","msg":"{\"ev\":\"accepted\",\"id\":\"6a70de63-9c98-4126-8f6a-4dae3b9be7b6\",\"t\":1791351910686}","source":"console","time":"2026-10-07T05:45:10Z"}
{"level":"info","msg":"{\"ev\":\"req\",\"route\":\"problem_list\",\"status\":200,\"t\":1791351910770,\"ms\":6.3}","source":"console","time":"2026-10-07T05:45:10Z"}
{"level":"info","msg":"{\"ev\":\"req\",\"route\":\"problem_detail\",\"status\":200,\"t\":1791351910869,\"ms\":5.2}","source":"console","time":"2026-10-07T05:45:10Z"}
{"level":"info","msg":"{\"ev\":\"req\",\"route\":\"history\",\"status\":200,\"t\":1791351910979,\"ms\":16.1}","source":"console","time":"2026-10-07T05:45:10Z"}
{"level":"info","msg":"{\"ev\":\"req\",\"route\":\"problem_list\",\"status\":200,\"t\":1791351911070,\"ms\":6}","source":"console","time":"2026-10-07T05:45:11Z"}
{"level":"info","msg":"{\"ev\":\"req\",\"route\":\"problem_detail\",\"status\":200,\"t\":1791351911169,\"ms\":5.5}","source":"console","time":"2026-10-07T05:45:11Z"}
{"level":"info","msg":"{\"ev\":\"req\",\"route\":\"history\",\"status\":200,\"t\":1791351911270,\"ms\":6.1}","source":"console","time":"2026-10-07T05:45:11Z"}
{"level":"info","msg":"{\"ev\":\"req\",\"route\":\"problem_list\",\"status\":200,\"t\":1791351911367,\"ms\":3.3}","source":"console","time":"2026-10-07T05:45:11Z"}
{"level":"info","msg":"{\"ev\":\"req\",\"route\":\"problem_detail\",\"status\":200,\"t\":1791351911468,\"ms\":4.6}","source":"console","time":"2026-10-07T05:45:11Z"}
{"level":"info","msg":"{\"ev\":\"req\",\"route\":\"history\",\"status\":200,\"t\":1791351911571,\"ms\":7.2}","source":"console","time":"2026-10-07T05:45:11Z"}
{"level":"info","msg":"{\"ev\":\"req\",\"route\":\"problem_list\",\"status\":200,\"t\":1791351911667,\"ms\":3.2}","source":"console","time":"2026-10-07T05:45:11Z"}
{"level":"info","msg":"{\"ev\":\"req\",\"route\":\"problem_detail\",\"status\":200,\"t\":1791351911772,\"ms\":7.6}","source":"console","time":"2026-10-07T05:45:11Z"}
{"level":"info","msg":"{\"ev\":\"req\",\"route\":\"history\",\"status\":200,\"t\":1791351911875,\"ms\":11}","source":"console","time":"2026-10-07T05:45:11Z"}
{"level":"info","msg":"{\"ev\":\"req\",\"route\":\"problem_list\",\"status\":200,\"t\":1791351911972,\"ms\":7.6}","source":"console","time":"2026-10-07T05:45:11Z"}
{"level":"info","msg":"{\"ev\":\"req\",\"route\":\"problem_detail\",\"status\":200,\"t\":1791351912071,\"ms\":7.3}","source":"console","time":"2026-10-07T05:45:12Z"}
{"level":"info","msg":"{\"ev\":\"req\",\"route\":\"history\",\"status\":200,\"t\":1791351912170,\"ms\":5.4}","source":"console","time":"2026-10-07T05:45:12Z"}
{"level":"info","msg":"{\"ev\":\"req\",\"route\":\"problem_list\",\"status\":200,\"t\":1791351912272,\"ms\":8.9}","source":"console","time":"2026-10-07T05:45:12Z"}
{"level":"info","msg":"{\"ev\":\"req\",\"route\":\"submit\",\"status\":200,\"t\":1791351912363,\"ms\":32}","source":"console","time":"2026-10-07T05:45:12Z"}
{"level":"info","msg":"{\"ev\":\"accepted\",\"id\":\"b220cee5-52c9-4e8f-9507-45ede6d49b6a\",\"t\":1791351912363}","source":"console","time":"2026-10-07T05:45:12Z"}
{"level":"info","msg":"{\"ev\":\"req\",\"route\":\"problem_detail\",\"status\":200,\"t\":1791351912367,\"ms\":3.2}","source":"console","time":"2026-10-07T05:45:12Z"}
{"level":"info","msg":"{\"ev\":\"req\",\"route\":\"history\",\"status\":200,\"t\":1791351912469,\"ms\":5.2}","source":"console","time":"2026-10-07T05:45:12Z"}
{"level":"info","msg":"{\"ev\":\"req\",\"route\":\"problem_list\",\"status\":200,\"t\":1791351912567,\"ms\":3.5}","source":"console","time":"2026-10-07T05:45:12Z"}
{"level":"info","msg":"{\"ev\":\"req\",\"route\":\"problem_detail\",\"status\":200,\"t\":1791351912668,\"ms\":3.8}","source":"console","time":"2026-10-07T05:45:12Z"}
{"level":"info","msg":"{\"ev\":\"req\",\"route\":\"history\",\"status\":200,\"t\":1791351912769,\"ms\":5.6}","source":"console","time":"2026-10-07T05:45:12Z"}
{"level":"info","msg":"{\"ev\":\"req\",\"route\":\"problem_list\",\"status\":200,\"t\":1791351912868,\"ms\":4.5}","source":"console","time":"2026-10-07T05:45:12Z"}
{"level":"info","msg":"{\"ev\":\"req\",\"route\":\"problem_detail\",\"status\":200,\"t\":1791351912967,\"ms\":3.5}","source":"console","time":"2026-10-07T05:45:12Z"}
{"level":"info","msg":"{\"ev\":\"req\",\"route\":\"history\",\"status\":200,\"t\":1791351913069,\"ms\":5.1}","source":"console","time":"2026-10-07T05:45:13Z"}
{"level":"info","msg":"{\"ev\":\"req\",\"route\":\"problem_list\",\"status\":200,\"t\":1791351913169,\"ms\":5}","source":"console","time":"2026-10-07T05:45:13Z"}
{"level":"info","msg":"{\"ev\":\"req\",\"route\":\"problem_detail\",\"status\":200,\"t\":1791351913272,\"ms\":8.2}","source":"console","time":"2026-10-07T05:45:13Z"}
{"level":"info","msg":"{\"ev\":\"req\",\"route\":\"history\",\"status\":200,\"t\":1791351913375,\"ms\":11}","source":"console","time":"2026-10-07T05:45:13Z"}
{"level":"info","msg":"{\"ev\":\"req\",\"route\":\"problem_list\",\"status\":200,\"t\":1791351913474,\"ms\":9.4}","source":"console","time":"2026-10-07T05:45:13Z"}
{"level":"info","msg":"{\"ev\":\"req\",\"route\":\"problem_detail\",\"status\":200,\"t\":1791351913573,\"ms\":8.5}","source":"console","time":"2026-10-07T05:45:13Z"}
{"level":"info","msg":"{\"ev\":\"req\",\"route\":\"history\",\"status\":200,\"t\":1791351913676,\"ms\":11.8}","source":"console","time":"2026-10-07T05:45:13Z"}
{"level":"info","msg":"{\"ev\":\"req\",\"route\":\"problem_list\",\"status\":200,\"t\":1791351913773,\"ms\":8.9}","source":"console","time":"2026-10-07T05:45:13Z"}
{"level":"info","msg":"{\"ev\":\"req\",\"route\":\"problem_detail\",\"status\":200,\"t\":1791351913872,\"ms\":7.8}","source":"console","time":"2026-10-07T05:45:13Z"}
{"level":"info","msg":"{\"ev\":\"req\",\"route\":\"history\",\"status\":200,\"t\":1791351913976,\"ms\":11.5}","source":"console","time":"2026-10-07T05:45:13Z"}
{"level":"info","msg":"{\"ev\":\"req\",\"route\":\"submit\",\"status\":200,\"t\":1791351914024,\"ms\":26.7}","source":"console","time":"2026-10-07T05:45:14Z"}
{"level":"info","msg":"{\"ev\":\"accepted\",\"id\":\"597241b4-62a2-4740-94fa-b904d1b1c9fc\",\"t\":1791351914024}","source":"console","time":"2026-10-07T05:45:14Z"}
{"level":"info","msg":"{\"ev\":\"req\",\"route\":\"problem_list\",\"status\":200,\"t\":1791351914068,\"ms\":4.7}","source":"console","time":"2026-10-07T05:45:14Z"}
{"level":"info","msg":"{\"ev\":\"req\",\"route\":\"problem_detail\",\"status\":200,\"t\":1791351914169,\"ms\":4.8}","source":"console","time":"2026-10-07T05:45:14Z"}
{"level":"info","msg":"{\"ev\":\"req\",\"route\":\"history\",\"status\":200,\"t\":1791351914271,\"ms\":7.5}","source":"console","time":"2026-10-07T05:45:14Z"}
{"level":"info","msg":"{\"ev\":\"req\",\"route\":\"problem_list\",\"status\":200,\"t\":1791351914367,\"ms\":3.6}","source":"console","time":"2026-10-07T05:45:14Z"}
{"level":"info","msg":"{\"ev\":\"req\",\"route\":\"problem_detail\",\"status\":200,\"t\":1791351914467,\"ms\":3.4}","source":"console","time":"2026-10-07T05:45:14Z"}
{"level":"info","msg":"{\"ev\":\"req\",\"route\":\"history\",\"status\":200,\"t\":1791351914575,\"ms\":11}","source":"console","time":"2026-10-07T05:45:14Z"}
{"level":"info","msg":"{\"ev\":\"req\",\"route\":\"problem_list\",\"status\":200,\"t\":1791351914667,\"ms\":3.2}","source":"console","time":"2026-10-07T05:45:14Z"}
{"level":"info","msg":"{\"ev\":\"req\",\"route\":\"problem_detail\",\"status\":200,\"t\":1791351914772,\"ms\":8.6}","source":"console","time":"2026-10-07T05:45:14Z"}
{"level":"info","msg":"{\"ev\":\"req\",\"route\":\"history\",\"status\":200,\"t\":1791351914872,\"ms\":6.9}","source":"console","time":"2026-10-07T05:45:14Z"}
{"level":"info","msg":"{\"ev\":\"req\",\"route\":\"problem_list\",\"status\":200,\"t\":1791351914974,\"ms\":9.5}","source":"console","time":"2026-10-07T05:45:14Z"}
{"level":"info","msg":"{\"ev\":\"req\",\"route\":\"problem_detail\",\"status\":200,\"t\":1791351915073,\"ms\":9}","source":"console","time":"2026-10-07T05:45:15Z"}
{"level":"info","msg":"{\"ev\":\"req\",\"route\":\"history\",\"status\":200,\"t\":1791351915169,\"ms\":5.1}","source":"console","time":"2026-10-07T05:45:15Z"}
{"level":"info","msg":"{\"ev\":\"req\",\"route\":\"problem_list\",\"status\":200,\"t\":1791351915272,\"ms\":8.2}","source":"console","time":"2026-10-07T05:45:15Z"}
{"level":"info","msg":"{\"ev\":\"req\",\"route\":\"problem_detail\",\"status\":200,\"t\":1791351915372,\"ms\":8.1}","source":"console","time":"2026-10-07T05:45:15Z"}
{"level":"info","msg":"{\"ev\":\"req\",\"route\":\"history\",\"status\":200,\"t\":1791351915475,\"ms\":11.3}","source":"console","time":"2026-10-07T05:45:15Z"}
{"level":"info","msg":"{\"ev\":\"req\",\"route\":\"problem_list\",\"status\":200,\"t\":1791351915573,\"ms\":8.4}","source":"console","time":"2026-10-07T05:45:15Z"}
{"level":"info","msg":"{\"ev\":\"req\",\"route\":\"problem_detail\",\"status\":200,\"t\":1791351915672,\"ms\":8}","source":"console","time":"2026-10-07T05:45:15Z"}
{"level":"info","msg":"{\"ev\":\"req\",\"route\":\"submit\",\"status\":200,\"t\":1791351915696,\"ms\":32.3}","source":"console","time":"2026-10-07T05:45:15Z"}
{"level":"info","msg":"{\"ev\":\"accepted\",\"id\":\"dfc635a1-41a6-42cf-b628-e05970c76419\",\"t\":1791351915696}","source":"console","time":"2026-10-07T05:45:15Z"}
{"level":"info","msg":"{\"ev\":\"req\",\"route\":\"history\",\"status\":200,\"t\":1791351915770,\"ms\":6}","source":"console","time":"2026-10-07T05:45:15Z"}
{"level":"info","msg":"{\"ev\":\"req\",\"route\":\"problem_list\",\"status\":200,\"t\":1791351915867,\"ms\":3.7}","source":"console","time":"2026-10-07T05:45:15Z"}
{"level":"info","msg":"{\"ev\":\"req\",\"route\":\"problem_detail\",\"status\":200,\"t\":1791351915967,\"ms\":3.1}","source":"console","time":"2026-10-07T05:45:15Z"}
{"level":"info","msg":"{\"ev\":\"req\",\"route\":\"history\",\"status\":200,\"t\":1791351916069,\"ms\":5.4}","source":"console","time":"2026-10-07T05:45:16Z"}
{"level":"info","msg":"{\"ev\":\"req\",\"route\":\"problem_list\",\"status\":200,\"t\":1791351916167,\"ms\":3.2}","source":"console","time":"2026-10-07T05:45:16Z"}
{"level":"info","msg":"{\"ev\":\"req\",\"route\":\"problem_detail\",\"status\":200,\"t\":1791351916267,\"ms\":3.6}","source":"console","time":"2026-10-07T05:45:16Z"}
{"level":"info","msg":"{\"ev\":\"req\",\"route\":\"history\",\"status\":200,\"t\":1791351916370,\"ms\":5.5}","source":"console","time":"2026-10-07T05:45:16Z"}
{"level":"info","msg":"{\"ev\":\"req\",\"route\":\"problem_list\",\"status\":200,\"t\":1791351916471,\"ms\":7.3}","source":"console","time":"2026-10-07T05:45:16Z"}
{"level":"info","msg":"{\"ev\":\"req\",\"route\":\"problem_detail\",\"status\":200,\"t\":1791351916571,\"ms\":7.1}","source":"console","time":"2026-10-07T05:45:16Z"}
{"level":"info","msg":"{\"ev\":\"req\",\"route\":\"history\",\"status\":200,\"t\":1791351916675,\"ms\":11.5}","source":"console","time":"2026-10-07T05:45:16Z"}
{"level":"info","msg":"{\"ev\":\"req\",\"route\":\"problem_list\",\"status\":200,\"t\":1791351916785,\"ms\":20.8}","source":"console","time":"2026-10-07T05:45:16Z"}
{"level":"info","msg":"{\"ev\":\"req\",\"route\":\"problem_detail\",\"status\":200,\"t\":1791351916875,\"ms\":10.6}","source":"console","time":"2026-10-07T05:45:16Z"}
{"level":"info","msg":"{\"ev\":\"req\",\"route\":\"history\",\"status\":200,\"t\":1791351916974,\"ms\":10.6}","source":"console","time":"2026-10-07T05:45:16Z"}
{"level":"info","msg":"{\"ev\":\"req\",\"route\":\"problem_list\",\"status\":200,\"t\":1791351917074,\"ms\":10.4}","source":"console","time":"2026-10-07T05:45:17Z"}
{"level":"info","msg":"{\"ev\":\"req\",\"route\":\"problem_detail\",\"status\":200,\"t\":1791351917174,\"ms\":9.1}","source":"console","time":"2026-10-07T05:45:17Z"}
{"level":"info","msg":"{\"ev\":\"req\",\"route\":\"history\",\"status\":200,\"t\":1791351917276,\"ms\":12.8}","source":"console","time":"2026-10-07T05:45:17Z"}
{"level":"info","msg":"{\"ev\":\"req\",\"route\":\"submit\",\"status\":200,\"t\":1791351917351,\"ms\":20.6}","source":"console","time":"2026-10-07T05:45:17Z"}
{"level":"info","msg":"{\"ev\":\"accepted\",\"id\":\"04c5bc29-fc04-42f9-9359-e71e5982bcf5\",\"t\":1791351917351}","source":"console","time":"2026-10-07T05:45:17Z"}
{"level":"info","msg":"{\"ev\":\"req\",\"route\":\"problem_list\",\"status\":200,\"t\":1791351917369,\"ms\":4.6}","source":"console","time":"2026-10-07T05:45:17Z"}
{"level":"info","msg":"{\"ev\":\"req\",\"route\":\"problem_detail\",\"status\":200,\"t\":1791351917470,\"ms\":6.8}","source":"console","time":"2026-10-07T05:45:17Z"}
{"level":"info","msg":"{\"ev\":\"req\",\"route\":\"history\",\"status\":200,\"t\":1791351917581,\"ms\":16.5}","source":"console","time":"2026-10-07T05:45:17Z"}
{"level":"info","msg":"{\"ev\":\"req\",\"route\":\"problem_list\",\"status\":200,\"t\":1791351917674,\"ms\":10.7}","source":"console","time":"2026-10-07T05:45:17Z"}
{"level":"info","msg":"{\"ev\":\"req\",\"route\":\"problem_detail\",\"status\":200,\"t\":1791351917770,\"ms\":5.8}","source":"console","time":"2026-10-07T05:45:17Z"}
{"level":"info","msg":"{\"ev\":\"req\",\"route\":\"history\",\"status\":200,\"t\":1791351917870,\"ms\":6.6}","source":"console","time":"2026-10-07T05:45:17Z"}
{"level":"info","msg":"{\"ev\":\"req\",\"route\":\"problem_list\",\"status\":200,\"t\":1791351917974,\"ms\":9.6}","source":"console","time":"2026-10-07T05:45:17Z"}
{"level":"info","msg":"{\"ev\":\"req\",\"route\":\"problem_detail\",\"status\":200,\"t\":1791351918073,\"ms\":9.1}","source":"console","time":"2026-10-07T05:45:18Z"}
{"level":"info","msg":"{\"ev\":\"req\",\"route\":\"history\",\"status\":200,\"t\":1791351918176,\"ms\":12.5}","source":"console","time":"2026-10-07T05:45:18Z"}
{"level":"info","msg":"{\"ev\":\"req\",\"route\":\"problem_list\",\"status\":200,\"t\":1791351918268,\"ms\":4.2}","source":"console","time":"2026-10-07T05:45:18Z"}
{"level":"info","msg":"{\"ev\":\"req\",\"route\":\"problem_detail\",\"status\":200,\"t\":1791351918371,\"ms\":7.7}","source":"console","time":"2026-10-07T05:45:18Z"}
{"level":"info","msg":"{\"ev\":\"req\",\"route\":\"history\",\"status\":200,\"t\":1791351918476,\"ms\":12.9}","source":"console","time":"2026-10-07T05:45:18Z"}
{"level":"info","msg":"{\"ev\":\"req\",\"route\":\"problem_list\",\"status\":200,\"t\":1791351918572,\"ms\":8.7}","source":"console","time":"2026-10-07T05:45:18Z"}
{"level":"info","msg":"{\"ev\":\"req\",\"route\":\"problem_detail\",\"status\":200,\"t\":1791351918672,\"ms\":7.6}","source":"console","time":"2026-10-07T05:45:18Z"}
{"level":"info","msg":"{\"ev\":\"req\",\"route\":\"history\",\"status\":200,\"t\":1791351918775,\"ms\":11.5}","source":"console","time":"2026-10-07T05:45:18Z"}
{"level":"info","msg":"{\"ev\":\"req\",\"route\":\"problem_list\",\"status\":200,\"t\":1791351918867,\"ms\":3.4}","source":"console","time":"2026-10-07T05:45:18Z"}
{"level":"info","msg":"{\"ev\":\"req\",\"route\":\"problem_detail\",\"status\":200,\"t\":1791351918972,\"ms\":8.3}","source":"console","time":"2026-10-07T05:45:18Z"}
{"level":"info","msg":"{\"ev\":\"req\",\"route\":\"submit\",\"status\":200,\"t\":1791351919027,\"ms\":29.9}","source":"console","time":"2026-10-07T05:45:19Z"}
{"level":"info","msg":"{\"ev\":\"accepted\",\"id\":\"8a26863d-aba8-47a6-8f06-8a1d98225a6f\",\"t\":1791351919027}","source":"console","time":"2026-10-07T05:45:19Z"}
{"level":"info","msg":"{\"ev\":\"req\",\"route\":\"history\",\"status\":200,\"t\":1791351919069,\"ms\":6.3}","source":"console","time":"2026-10-07T05:45:19Z"}
{"level":"info","msg":"{\"ev\":\"req\",\"route\":\"problem_list\",\"status\":200,\"t\":1791351919167,\"ms\":3.7}","source":"console","time":"2026-10-07T05:45:19Z"}
{"level":"info","msg":"{\"ev\":\"req\",\"route\":\"problem_detail\",\"status\":200,\"t\":1791351919267,\"ms\":3.5}","source":"console","time":"2026-10-07T05:45:19Z"}
{"level":"info","msg":"{\"ev\":\"req\",\"route\":\"history\",\"status\":200,\"t\":1791351919369,\"ms\":5}","source":"console","time":"2026-10-07T05:45:19Z"}
{"level":"info","msg":"{\"ev\":\"req\",\"route\":\"problem_list\",\"status\":200,\"t\":1791351919467,\"ms\":3.7}","source":"console","time":"2026-10-07T05:45:19Z"}
{"level":"info","msg":"{\"ev\":\"req\",\"route\":\"problem_detail\",\"status\":200,\"t\":1791351919567,\"ms\":3.4}","source":"console","time":"2026-10-07T05:45:19Z"}
{"level":"info","msg":"{\"ev\":\"req\",\"route\":\"history\",\"status\":200,\"t\":1791351919670,\"ms\":5.5}","source":"console","time":"2026-10-07T05:45:19Z"}
{"level":"info","msg":"{\"ev\":\"req\",\"route\":\"problem_list\",\"status\":200,\"t\":1791351919772,\"ms\":7.7}","source":"console","time":"2026-10-07T05:45:19Z"}
{"level":"info","msg":"{\"ev\":\"req\",\"route\":\"problem_detail\",\"status\":200,\"t\":1791351919872,\"ms\":7.8}","source":"console","time":"2026-10-07T05:45:19Z"}
{"level":"info","msg":"{\"ev\":\"req\",\"route\":\"history\",\"status\":200,\"t\":1791351919977,\"ms\":12.2}","source":"console","time":"2026-10-07T05:45:19Z"}
{"level":"info","msg":"{\"ev\":\"req\",\"route\":\"problem_list\",\"status\":200,\"t\":1791351920073,\"ms\":9}","source":"console","time":"2026-10-07T05:45:20Z"}
{"level":"info","msg":"{\"ev\":\"req\",\"route\":\"problem_detail\",\"status\":200,\"t\":1791351920171,\"ms\":7.6}","source":"console","time":"2026-10-07T05:45:20Z"}
{"level":"info","msg":"{\"ev\":\"req\",\"route\":\"history\",\"status\":200,\"t\":1791351920275,\"ms\":11.1}","source":"console","time":"2026-10-07T05:45:20Z"}
{"level":"info","msg":"{\"ev\":\"req\",\"route\":\"problem_list\",\"status\":200,\"t\":1791351920371,\"ms\":7.8}","source":"console","time":"2026-10-07T05:45:20Z"}
{"level":"info","msg":"{\"ev\":\"req\",\"route\":\"problem_detail\",\"status\":200,\"t\":1791351920472,\"ms\":8.1}","source":"console","time":"2026-10-07T05:45:20Z"}
{"level":"info","msg":"{\"ev\":\"req\",\"route\":\"history\",\"status\":200,\"t\":1791351920574,\"ms\":10.8}","source":"console","time":"2026-10-07T05:45:20Z"}
{"level":"info","msg":"{\"ev\":\"req\",\"route\":\"problem_list\",\"status\":200,\"t\":1791351920673,\"ms\":9}","source":"console","time":"2026-10-07T05:45:20Z"}
{"level":"info","msg":"{\"ev\":\"req\",\"route\":\"submit\",\"status\":200,\"t\":1791351920691,\"ms\":26.9}","source":"console","time":"2026-10-07T05:45:20Z"}
{"level":"info","msg":"{\"ev\":\"accepted\",\"id\":\"9b9e3fd3-75ae-47d1-8cc2-16eba82f37f2\",\"t\":1791351920692}","source":"console","time":"2026-10-07T05:45:20Z"}
{"level":"info","msg":"{\"ev\":\"req\",\"route\":\"problem_detail\",\"status\":200,\"t\":1791351920776,\"ms\":11.7}","source":"console","time":"2026-10-07T05:45:20Z"}
{"level":"info","msg":"{\"ev\":\"req\",\"route\":\"history\",\"status\":200,\"t\":1791351920875,\"ms\":9.9}","source":"console","time":"2026-10-07T05:45:20Z"}
{"level":"info","msg":"{\"ev\":\"req\",\"route\":\"problem_list\",\"status\":200,\"t\":1791351920969,\"ms\":5.1}","source":"console","time":"2026-10-07T05:45:20Z"}
{"level":"info","msg":"{\"ev\":\"req\",\"route\":\"problem_detail\",\"status\":200,\"t\":1791351921068,\"ms\":4.3}","source":"console","time":"2026-10-07T05:45:21Z"}
{"level":"info","msg":"{\"ev\":\"req\",\"route\":\"history\",\"status\":200,\"t\":1791351921171,\"ms\":6.4}","source":"console","time":"2026-10-07T05:45:21Z"}
{"level":"info","msg":"{\"ev\":\"req\",\"route\":\"problem_list\",\"status\":200,\"t\":1791351921267,\"ms\":3.4}","source":"console","time":"2026-10-07T05:45:21Z"}
{"level":"info","msg":"{\"ev\":\"req\",\"route\":\"problem_detail\",\"status\":200,\"t\":1791351921371,\"ms\":7.2}","source":"console","time":"2026-10-07T05:45:21Z"}
{"level":"info","msg":"{\"ev\":\"req\",\"route\":\"history\",\"status\":200,\"t\":1791351921476,\"ms\":11.7}","source":"console","time":"2026-10-07T05:45:21Z"}
{"level":"info","msg":"{\"ev\":\"req\",\"route\":\"problem_list\",\"status\":200,\"t\":1791351921572,\"ms\":8.3}","source":"console","time":"2026-10-07T05:45:21Z"}
{"level":"info","msg":"{\"ev\":\"req\",\"route\":\"problem_detail\",\"status\":200,\"t\":1791351921672,\"ms\":8.9}","source":"console","time":"2026-10-07T05:45:21Z"}
{"level":"info","msg":"{\"ev\":\"req\",\"route\":\"history\",\"status\":200,\"t\":1791351921777,\"ms\":12.4}","source":"console","time":"2026-10-07T05:45:21Z"}
{"level":"info","msg":"{\"ev\":\"req\",\"route\":\"problem_list\",\"status\":200,\"t\":1791351921872,\"ms\":8.4}","source":"console","time":"2026-10-07T05:45:21Z"}
{"level":"info","msg":"{\"ev\":\"req\",\"route\":\"problem_detail\",\"status\":200,\"t\":1791351921971,\"ms\":7.4}","source":"console","time":"2026-10-07T05:45:21Z"}
{"level":"info","msg":"{\"ev\":\"req\",\"route\":\"history\",\"status\":200,\"t\":1791351922070,\"ms\":6}","source":"console","time":"2026-10-07T05:45:22Z"}
{"level":"info","msg":"{\"ev\":\"req\",\"route\":\"problem_list\",\"status\":200,\"t\":1791351922167,\"ms\":3.4}","source":"console","time":"2026-10-07T05:45:22Z"}
{"level":"info","msg":"{\"ev\":\"req\",\"route\":\"problem_detail\",\"status\":200,\"t\":1791351922271,\"ms\":7.3}","source":"console","time":"2026-10-07T05:45:22Z"}
{"level":"info","msg":"{\"ev\":\"req\",\"route\":\"submit\",\"status\":200,\"t\":1791351922349,\"ms\":18.2}","source":"console","time":"2026-10-07T05:45:22Z"}
{"level":"info","msg":"{\"ev\":\"accepted\",\"id\":\"9d1be3eb-62ac-4c01-9863-699aeec2951a\",\"t\":1791351922349}","source":"console","time":"2026-10-07T05:45:22Z"}
{"level":"info","msg":"{\"ev\":\"req\",\"route\":\"history\",\"status\":200,\"t\":1791351922378,\"ms\":14.6}","source":"console","time":"2026-10-07T05:45:22Z"}
{"level":"info","msg":"{\"ev\":\"req\",\"route\":\"problem_list\",\"status\":200,\"t\":1791351922471,\"ms\":6.9}","source":"console","time":"2026-10-07T05:45:22Z"}
{"level":"info","msg":"{\"ev\":\"req\",\"route\":\"problem_detail\",\"status\":200,\"t\":1791351922568,\"ms\":4.5}","source":"console","time":"2026-10-07T05:45:22Z"}
{"level":"info","msg":"{\"ev\":\"req\",\"route\":\"history\",\"status\":200,\"t\":1791351922671,\"ms\":7.1}","source":"console","time":"2026-10-07T05:45:22Z"}
{"level":"info","msg":"{\"ev\":\"req\",\"route\":\"problem_list\",\"status\":200,\"t\":1791351922770,\"ms\":6}","source":"console","time":"2026-10-07T05:45:22Z"}
{"level":"info","msg":"{\"ev\":\"req\",\"route\":\"problem_detail\",\"status\":200,\"t\":1791351922867,\"ms\":4}","source":"console","time":"2026-10-07T05:45:22Z"}
{"level":"info","msg":"{\"ev\":\"req\",\"route\":\"history\",\"status\":200,\"t\":1791351922970,\"ms\":6}","source":"console","time":"2026-10-07T05:45:22Z"}
{"level":"info","msg":"{\"ev\":\"req\",\"route\":\"problem_list\",\"status\":200,\"t\":1791351923068,\"ms\":4.2}","source":"console","time":"2026-10-07T05:45:23Z"}
{"level":"info","msg":"{\"ev\":\"req\",\"route\":\"problem_detail\",\"status\":200,\"t\":1791351923167,\"ms\":3.7}","source":"console","time":"2026-10-07T05:45:23Z"}
{"level":"info","msg":"{\"ev\":\"req\",\"route\":\"history\",\"status\":200,\"t\":1791351923270,\"ms\":6.8}","source":"console","time":"2026-10-07T05:45:23Z"}
{"level":"info","msg":"{\"ev\":\"req\",\"route\":\"problem_list\",\"status\":200,\"t\":1791351923373,\"ms\":8.9}","source":"console","time":"2026-10-07T05:45:23Z"}
{"level":"info","msg":"{\"ev\":\"req\",\"route\":\"problem_detail\",\"status\":200,\"t\":1791351923479,\"ms\":15.3}","source":"console","time":"2026-10-07T05:45:23Z"}
{"level":"info","msg":"{\"ev\":\"req\",\"route\":\"history\",\"status\":200,\"t\":1791351923569,\"ms\":5.2}","source":"console","time":"2026-10-07T05:45:23Z"}
{"level":"info","msg":"{\"ev\":\"req\",\"route\":\"problem_list\",\"status\":200,\"t\":1791351923675,\"ms\":10.4}","source":"console","time":"2026-10-07T05:45:23Z"}
{"level":"info","msg":"{\"ev\":\"req\",\"route\":\"problem_detail\",\"status\":200,\"t\":1791351923772,\"ms\":8.4}","source":"console","time":"2026-10-07T05:45:23Z"}
{"level":"info","msg":"{\"ev\":\"req\",\"route\":\"history\",\"status\":200,\"t\":1791351923869,\"ms\":5.1}","source":"console","time":"2026-10-07T05:45:23Z"}
{"level":"info","msg":"{\"ev\":\"req\",\"route\":\"problem_list\",\"status\":200,\"t\":1791351923973,\"ms\":8.7}","source":"console","time":"2026-10-07T05:45:23Z"}
{"level":"info","msg":"{\"ev\":\"req\",\"route\":\"submit\",\"status\":200,\"t\":1791351924026,\"ms\":28.3}","source":"console","time":"2026-10-07T05:45:24Z"}
{"level":"info","msg":"{\"ev\":\"accepted\",\"id\":\"3d85ac7a-7b4d-4348-b56d-c2500286fe66\",\"t\":1791351924026}","source":"console","time":"2026-10-07T05:45:24Z"}
{"level":"info","msg":"{\"ev\":\"req\",\"route\":\"problem_detail\",\"status\":200,\"t\":1791351924073,\"ms\":9.1}","source":"console","time":"2026-10-07T05:45:24Z"}
{"level":"info","msg":"{\"ev\":\"req\",\"route\":\"history\",\"status\":200,\"t\":1791351924172,\"ms\":7.9}","source":"console","time":"2026-10-07T05:45:24Z"}
{"level":"info","msg":"{\"ev\":\"req\",\"route\":\"problem_list\",\"status\":200,\"t\":1791351924269,\"ms\":5.1}","source":"console","time":"2026-10-07T05:45:24Z"}
{"level":"info","msg":"{\"ev\":\"req\",\"route\":\"problem_detail\",\"status\":200,\"t\":1791351924367,\"ms\":3.4}","source":"console","time":"2026-10-07T05:45:24Z"}
{"level":"info","msg":"{\"ev\":\"req\",\"route\":\"history\",\"status\":200,\"t\":1791351924468,\"ms\":5.2}","source":"console","time":"2026-10-07T05:45:24Z"}
{"level":"info","msg":"{\"ev\":\"req\",\"route\":\"problem_list\",\"status\":200,\"t\":1791351924568,\"ms\":3.6}","source":"console","time":"2026-10-07T05:45:24Z"}
{"level":"info","msg":"{\"ev\":\"req\",\"route\":\"problem_detail\",\"status\":200,\"t\":1791351924667,\"ms\":3.7}","source":"console","time":"2026-10-07T05:45:24Z"}
{"level":"info","msg":"{\"ev\":\"req\",\"route\":\"history\",\"status\":200,\"t\":1791351924777,\"ms\":11.2}","source":"console","time":"2026-10-07T05:45:24Z"}
{"level":"info","msg":"{\"ev\":\"req\",\"route\":\"problem_list\",\"status\":200,\"t\":1791351924873,\"ms\":9}","source":"console","time":"2026-10-07T05:45:24Z"}
{"level":"info","msg":"{\"ev\":\"req\",\"route\":\"problem_detail\",\"status\":200,\"t\":1791351924972,\"ms\":7.3}","source":"console","time":"2026-10-07T05:45:24Z"}
{"level":"info","msg":"{\"ev\":\"req\",\"route\":\"history\",\"status\":200,\"t\":1791351925076,\"ms\":11.5}","source":"console","time":"2026-10-07T05:45:25Z"}
{"level":"info","msg":"{\"ev\":\"req\",\"route\":\"problem_list\",\"status\":200,\"t\":1791351925170,\"ms\":6.6}","source":"console","time":"2026-10-07T05:45:25Z"}
{"level":"info","msg":"{\"ev\":\"req\",\"route\":\"problem_detail\",\"status\":200,\"t\":1791351925267,\"ms\":2.9}","source":"console","time":"2026-10-07T05:45:25Z"}
{"level":"info","msg":"{\"ev\":\"req\",\"route\":\"history\",\"status\":200,\"t\":1791351925375,\"ms\":10.7}","source":"console","time":"2026-10-07T05:45:25Z"}
{"level":"info","msg":"{\"ev\":\"req\",\"route\":\"problem_list\",\"status\":200,\"t\":1791351925472,\"ms\":8}","source":"console","time":"2026-10-07T05:45:25Z"}
{"level":"info","msg":"{\"ev\":\"req\",\"route\":\"problem_detail\",\"status\":200,\"t\":1791351925572,\"ms\":7.5}","source":"console","time":"2026-10-07T05:45:25Z"}
{"level":"info","msg":"{\"ev\":\"req\",\"route\":\"history\",\"status\":200,\"t\":1791351925676,\"ms\":12.4}","source":"console","time":"2026-10-07T05:45:25Z"}
{"level":"info","msg":"{\"ev\":\"req\",\"route\":\"submit\",\"status\":200,\"t\":1791351925689,\"ms\":25.3}","source":"console","time":"2026-10-07T05:45:25Z"}
{"level":"info","msg":"{\"ev\":\"accepted\",\"id\":\"93219401-a8cb-4d39-b2fc-f47d1bc07327\",\"t\":1791351925690}","source":"console","time":"2026-10-07T05:45:25Z"}
{"level":"info","msg":"{\"ev\":\"req\",\"route\":\"problem_list\",\"status\":200,\"t\":1791351925768,\"ms\":3.9}","source":"console","time":"2026-10-07T05:45:25Z"}
{"level":"info","msg":"{\"ev\":\"req\",\"route\":\"problem_detail\",\"status\":200,\"t\":1791351925868,\"ms\":4.1}","source":"console","time":"2026-10-07T05:45:25Z"}
{"level":"info","msg":"{\"ev\":\"req\",\"route\":\"history\",\"status\":200,\"t\":1791351925968,\"ms\":4.8}","source":"console","time":"2026-10-07T05:45:25Z"}
{"level":"info","msg":"{\"ev\":\"req\",\"route\":\"problem_list\",\"status\":200,\"t\":1791351926067,\"ms\":3.4}","source":"console","time":"2026-10-07T05:45:26Z"}
{"level":"info","msg":"{\"ev\":\"req\",\"route\":\"problem_detail\",\"status\":200,\"t\":1791351926167,\"ms\":3.2}","source":"console","time":"2026-10-07T05:45:26Z"}
{"level":"info","msg":"{\"ev\":\"req\",\"route\":\"history\",\"status\":200,\"t\":1791351926271,\"ms\":7.9}","source":"console","time":"2026-10-07T05:45:26Z"}
{"level":"info","msg":"{\"ev\":\"req\",\"route\":\"problem_list\",\"status\":200,\"t\":1791351926369,\"ms\":4.7}","source":"console","time":"2026-10-07T05:45:26Z"}
{"level":"info","msg":"{\"ev\":\"req\",\"route\":\"problem_detail\",\"status\":200,\"t\":1791351926471,\"ms\":6.8}","source":"console","time":"2026-10-07T05:45:26Z"}
{"level":"info","msg":"{\"ev\":\"req\",\"route\":\"history\",\"status\":200,\"t\":1791351926575,\"ms\":11.1}","source":"console","time":"2026-10-07T05:45:26Z"}
{"level":"info","msg":"{\"ev\":\"req\",\"route\":\"problem_list\",\"status\":200,\"t\":1791351926673,\"ms\":9.2}","source":"console","time":"2026-10-07T05:45:26Z"}
{"level":"info","msg":"{\"ev\":\"req\",\"route\":\"problem_detail\",\"status\":200,\"t\":1791351926772,\"ms\":8.3}","source":"console","time":"2026-10-07T05:45:26Z"}
{"level":"info","msg":"{\"ev\":\"req\",\"route\":\"history\",\"status\":200,\"t\":1791351926876,\"ms\":12.3}","source":"console","time":"2026-10-07T05:45:26Z"}
{"level":"info","msg":"{\"ev\":\"req\",\"route\":\"problem_list\",\"status\":200,\"t\":1791351926972,\"ms\":7.8}","source":"console","time":"2026-10-07T05:45:26Z"}
{"level":"info","msg":"{\"ev\":\"req\",\"route\":\"problem_detail\",\"status\":200,\"t\":1791351927072,\"ms\":7.9}","source":"console","time":"2026-10-07T05:45:27Z"}
{"level":"info","msg":"{\"ev\":\"req\",\"route\":\"history\",\"status\":200,\"t\":1791351927174,\"ms\":11.1}","source":"console","time":"2026-10-07T05:45:27Z"}
{"level":"info","msg":"{\"ev\":\"req\",\"route\":\"problem_list\",\"status\":200,\"t\":1791351927272,\"ms\":8.2}","source":"console","time":"2026-10-07T05:45:27Z"}
{"level":"info","msg":"{\"ev\":\"req\",\"route\":\"submit\",\"status\":200,\"t\":1791351927359,\"ms\":28.1}","source":"console","time":"2026-10-07T05:45:27Z"}
{"level":"info","msg":"{\"ev\":\"accepted\",\"id\":\"97b8f3fa-4b6d-41b9-92ac-f55bad36ce67\",\"t\":1791351927359}","source":"console","time":"2026-10-07T05:45:27Z"}
{"level":"info","msg":"{\"ev\":\"req\",\"route\":\"problem_detail\",\"status\":200,\"t\":1791351927368,\"ms\":3.5}","source":"console","time":"2026-10-07T05:45:27Z"}
{"level":"info","msg":"{\"ev\":\"req\",\"route\":\"history\",\"status\":200,\"t\":1791351927471,\"ms\":7.5}","source":"console","time":"2026-10-07T05:45:27Z"}
{"level":"info","msg":"{\"ev\":\"req\",\"route\":\"problem_list\",\"status\":200,\"t\":1791351927572,\"ms\":7.5}","source":"console","time":"2026-10-07T05:45:27Z"}
{"level":"info","msg":"{\"ev\":\"req\",\"route\":\"problem_detail\",\"status\":200,\"t\":1791351927668,\"ms\":4.6}","source":"console","time":"2026-10-07T05:45:27Z"}
{"level":"info","msg":"{\"ev\":\"req\",\"route\":\"history\",\"status\":200,\"t\":1791351927769,\"ms\":5.7}","source":"console","time":"2026-10-07T05:45:27Z"}
{"level":"info","msg":"{\"ev\":\"req\",\"route\":\"problem_list\",\"status\":200,\"t\":1791351927868,\"ms\":3.6}","source":"console","time":"2026-10-07T05:45:27Z"}
{"level":"info","msg":"{\"ev\":\"req\",\"route\":\"problem_detail\",\"status\":200,\"t\":1791351927967,\"ms\":3.3}","source":"console","time":"2026-10-07T05:45:27Z"}
{"level":"info","msg":"{\"ev\":\"req\",\"route\":\"history\",\"status\":200,\"t\":1791351928069,\"ms\":5.3}","source":"console","time":"2026-10-07T05:45:28Z"}
{"level":"info","msg":"{\"ev\":\"req\",\"route\":\"problem_list\",\"status\":200,\"t\":1791351928167,\"ms\":3.2}","source":"console","time":"2026-10-07T05:45:28Z"}
{"level":"info","msg":"{\"ev\":\"req\",\"route\":\"problem_detail\",\"status\":200,\"t\":1791351928272,\"ms\":7.5}","source":"console","time":"2026-10-07T05:45:28Z"}
{"level":"info","msg":"{\"ev\":\"req\",\"route\":\"history\",\"status\":200,\"t\":1791351928375,\"ms\":11.4}","source":"console","time":"2026-10-07T05:45:28Z"}
{"level":"info","msg":"{\"ev\":\"req\",\"route\":\"problem_list\",\"status\":200,\"t\":1791351928467,\"ms\":3.5}","source":"console","time":"2026-10-07T05:45:28Z"}
{"level":"info","msg":"{\"ev\":\"req\",\"route\":\"problem_detail\",\"status\":200,\"t\":1791351928568,\"ms\":3.7}","source":"console","time":"2026-10-07T05:45:28Z"}
{"level":"info","msg":"{\"ev\":\"req\",\"route\":\"history\",\"status\":200,\"t\":1791351928668,\"ms\":4.7}","source":"console","time":"2026-10-07T05:45:28Z"}
{"level":"info","msg":"{\"ev\":\"req\",\"route\":\"problem_list\",\"status\":200,\"t\":1791351928767,\"ms\":3.2}","source":"console","time":"2026-10-07T05:45:28Z"}
{"level":"info","msg":"{\"ev\":\"req\",\"route\":\"problem_detail\",\"status\":200,\"t\":1791351928871,\"ms\":7}","source":"console","time":"2026-10-07T05:45:28Z"}
{"level":"info","msg":"{\"ev\":\"req\",\"route\":\"history\",\"status\":200,\"t\":1791351928976,\"ms\":11.5}","source":"console","time":"2026-10-07T05:45:28Z"}
{"level":"info","msg":"{\"ev\":\"req\",\"route\":\"submit\",\"status\":200,\"t\":1791351929026,\"ms\":28.7}","source":"console","time":"2026-10-07T05:45:29Z"}
{"level":"info","msg":"{\"ev\":\"accepted\",\"id\":\"b12db697-337a-45b1-b641-6bf43145e619\",\"t\":1791351929027}","source":"console","time":"2026-10-07T05:45:29Z"}
{"level":"info","msg":"{\"ev\":\"req\",\"route\":\"problem_list\",\"status\":200,\"t\":1791351929067,\"ms\":3.6}","source":"console","time":"2026-10-07T05:45:29Z"}
{"level":"info","msg":"{\"ev\":\"req\",\"route\":\"problem_detail\",\"status\":200,\"t\":1791351929167,\"ms\":3.3}","source":"console","time":"2026-10-07T05:45:29Z"}
{"level":"info","msg":"{\"ev\":\"req\",\"route\":\"history\",\"status\":200,\"t\":1791351929270,\"ms\":6.6}","source":"console","time":"2026-10-07T05:45:29Z"}
{"level":"info","msg":"{\"ev\":\"req\",\"route\":\"problem_list\",\"status\":200,\"t\":1791351929367,\"ms\":3.5}","source":"console","time":"2026-10-07T05:45:29Z"}
{"level":"info","msg":"{\"ev\":\"req\",\"route\":\"problem_detail\",\"status\":200,\"t\":1791351929468,\"ms\":3.9}","source":"console","time":"2026-10-07T05:45:29Z"}
{"level":"info","msg":"{\"ev\":\"req\",\"route\":\"history\",\"status\":200,\"t\":1791351929570,\"ms\":5.6}","source":"console","time":"2026-10-07T05:45:29Z"}
{"level":"info","msg":"{\"ev\":\"req\",\"route\":\"problem_list\",\"status\":200,\"t\":1791351929666,\"ms\":3.3}","source":"console","time":"2026-10-07T05:45:29Z"}
{"level":"info","msg":"{\"ev\":\"req\",\"route\":\"problem_detail\",\"status\":200,\"t\":1791351929770,\"ms\":6.2}","source":"console","time":"2026-10-07T05:45:29Z"}
{"level":"info","msg":"{\"ev\":\"req\",\"route\":\"history\",\"status\":200,\"t\":1791351929875,\"ms\":11.2}","source":"console","time":"2026-10-07T05:45:29Z"}
{"level":"info","msg":"{\"ev\":\"req\",\"route\":\"problem_list\",\"status\":200,\"t\":1791351929967,\"ms\":3.8}","source":"console","time":"2026-10-07T05:45:29Z"}
{"level":"info","msg":"{\"ev\":\"req\",\"route\":\"problem_detail\",\"status\":200,\"t\":1791351930073,\"ms\":8.3}","source":"console","time":"2026-10-07T05:45:30Z"}
{"level":"info","msg":"{\"ev\":\"req\",\"route\":\"history\",\"status\":200,\"t\":1791351930172,\"ms\":8.5}","source":"console","time":"2026-10-07T05:45:30Z"}
{"level":"info","msg":"{\"ev\":\"req\",\"route\":\"problem_list\",\"status\":200,\"t\":1791351930272,\"ms\":8.6}","source":"console","time":"2026-10-07T05:45:30Z"}
{"level":"info","msg":"{\"ev\":\"req\",\"route\":\"problem_detail\",\"status\":200,\"t\":1791351930371,\"ms\":7}","source":"console","time":"2026-10-07T05:45:30Z"}
{"level":"info","msg":"{\"ev\":\"req\",\"route\":\"history\",\"status\":200,\"t\":1791351930468,\"ms\":4.3}","source":"console","time":"2026-10-07T05:45:30Z"}
{"level":"info","msg":"{\"ev\":\"req\",\"route\":\"problem_list\",\"status\":200,\"t\":1791351930572,\"ms\":7.9}","source":"console","time":"2026-10-07T05:45:30Z"}
{"level":"info","msg":"{\"ev\":\"req\",\"route\":\"problem_detail\",\"status\":200,\"t\":1791351930671,\"ms\":7.9}","source":"console","time":"2026-10-07T05:45:30Z"}
{"level":"info","msg":"{\"ev\":\"req\",\"route\":\"submit\",\"status\":200,\"t\":1791351930684,\"ms\":20.8}","source":"console","time":"2026-10-07T05:45:30Z"}
{"level":"info","msg":"{\"ev\":\"accepted\",\"id\":\"f11cf1d8-4b63-424e-a3c0-ffa7398a21a1\",\"t\":1791351930684}","source":"console","time":"2026-10-07T05:45:30Z"}
{"level":"info","msg":"{\"ev\":\"req\",\"route\":\"history\",\"status\":200,\"t\":1791351930772,\"ms\":8.4}","source":"console","time":"2026-10-07T05:45:30Z"}
{"level":"info","msg":"{\"ev\":\"req\",\"route\":\"problem_list\",\"status\":200,\"t\":1791351930870,\"ms\":6.8}","source":"console","time":"2026-10-07T05:45:30Z"}
{"level":"info","msg":"{\"ev\":\"req\",\"route\":\"problem_detail\",\"status\":200,\"t\":1791351930972,\"ms\":6.6}","source":"console","time":"2026-10-07T05:45:30Z"}
{"level":"info","msg":"{\"ev\":\"req\",\"route\":\"history\",\"status\":200,\"t\":1791351931069,\"ms\":5.7}","source":"console","time":"2026-10-07T05:45:31Z"}
{"level":"info","msg":"{\"ev\":\"req\",\"route\":\"problem_list\",\"status\":200,\"t\":1791351931168,\"ms\":3.8}","source":"console","time":"2026-10-07T05:45:31Z"}
{"level":"info","msg":"{\"ev\":\"req\",\"route\":\"problem_detail\",\"status\":200,\"t\":1791351931271,\"ms\":7.4}","source":"console","time":"2026-10-07T05:45:31Z"}
{"level":"info","msg":"{\"ev\":\"req\",\"route\":\"history\",\"status\":200,\"t\":1791351931375,\"ms\":10.5}","source":"console","time":"2026-10-07T05:45:31Z"}
{"level":"info","msg":"{\"ev\":\"req\",\"route\":\"problem_list\",\"status\":200,\"t\":1791351931472,\"ms\":8.4}","source":"console","time":"2026-10-07T05:45:31Z"}
{"level":"info","msg":"{\"ev\":\"req\",\"route\":\"problem_detail\",\"status\":200,\"t\":1791351931567,\"ms\":3.5}","source":"console","time":"2026-10-07T05:45:31Z"}
{"level":"info","msg":"{\"ev\":\"req\",\"route\":\"history\",\"status\":200,\"t\":1791351931670,\"ms\":5.8}","source":"console","time":"2026-10-07T05:45:31Z"}
{"level":"info","msg":"{\"ev\":\"req\",\"route\":\"problem_list\",\"status\":200,\"t\":1791351931772,\"ms\":8.2}","source":"console","time":"2026-10-07T05:45:31Z"}
{"level":"info","msg":"{\"ev\":\"req\",\"route\":\"problem_detail\",\"status\":200,\"t\":1791351931872,\"ms\":8}","source":"console","time":"2026-10-07T05:45:31Z"}
{"level":"info","msg":"{\"ev\":\"req\",\"route\":\"history\",\"status\":200,\"t\":1791351931975,\"ms\":11.7}","source":"console","time":"2026-10-07T05:45:31Z"}
{"level":"info","msg":"{\"ev\":\"req\",\"route\":\"problem_list\",\"status\":200,\"t\":1791351932067,\"ms\":3.1}","source":"console","time":"2026-10-07T05:45:32Z"}
{"level":"info","msg":"{\"ev\":\"req\",\"route\":\"problem_detail\",\"status\":200,\"t\":1791351932171,\"ms\":7}","source":"console","time":"2026-10-07T05:45:32Z"}
{"level":"info","msg":"{\"ev\":\"req\",\"route\":\"history\",\"status\":200,\"t\":1791351932275,\"ms\":11.1}","source":"console","time":"2026-10-07T05:45:32Z"}
{"level":"info","msg":"{\"ev\":\"req\",\"route\":\"submit\",\"status\":200,\"t\":1791351932362,\"ms\":31}","source":"console","time":"2026-10-07T05:45:32Z"}
{"level":"info","msg":"{\"ev\":\"accepted\",\"id\":\"87a47689-43a9-40dc-9975-38850b4dbbd0\",\"t\":1791351932362}","source":"console","time":"2026-10-07T05:45:32Z"}
{"level":"info","msg":"{\"ev\":\"req\",\"route\":\"problem_list\",\"status\":200,\"t\":1791351932368,\"ms\":4.2}","source":"console","time":"2026-10-07T05:45:32Z"}
{"level":"info","msg":"{\"ev\":\"req\",\"route\":\"problem_detail\",\"status\":200,\"t\":1791351932467,\"ms\":3.7}","source":"console","time":"2026-10-07T05:45:32Z"}
{"level":"info","msg":"{\"ev\":\"req\",\"route\":\"history\",\"status\":200,\"t\":1791351932569,\"ms\":5.4}","source":"console","time":"2026-10-07T05:45:32Z"}
{"level":"info","msg":"{\"ev\":\"req\",\"route\":\"problem_list\",\"status\":200,\"t\":1791351932667,\"ms\":3.6}","source":"console","time":"2026-10-07T05:45:32Z"}
{"level":"info","msg":"{\"ev\":\"req\",\"route\":\"problem_detail\",\"status\":200,\"t\":1791351932768,\"ms\":3.8}","source":"console","time":"2026-10-07T05:45:32Z"}
{"level":"info","msg":"{\"ev\":\"req\",\"route\":\"history\",\"status\":200,\"t\":1791351932870,\"ms\":6.2}","source":"console","time":"2026-10-07T05:45:32Z"}
{"level":"info","msg":"{\"ev\":\"req\",\"route\":\"problem_list\",\"status\":200,\"t\":1791351932968,\"ms\":4.7}","source":"console","time":"2026-10-07T05:45:32Z"}
{"level":"info","msg":"{\"ev\":\"req\",\"route\":\"problem_detail\",\"status\":200,\"t\":1791351933067,\"ms\":3.8}","source":"console","time":"2026-10-07T05:45:33Z"}
{"level":"info","msg":"{\"ev\":\"req\",\"route\":\"history\",\"status\":200,\"t\":1791351933170,\"ms\":5.7}","source":"console","time":"2026-10-07T05:45:33Z"}
{"level":"info","msg":"{\"ev\":\"req\",\"route\":\"problem_list\",\"status\":200,\"t\":1791351933266,\"ms\":3.2}","source":"console","time":"2026-10-07T05:45:33Z"}
{"level":"info","msg":"{\"ev\":\"req\",\"route\":\"problem_detail\",\"status\":200,\"t\":1791351933368,\"ms\":4.1}","source":"console","time":"2026-10-07T05:45:33Z"}
{"level":"info","msg":"{\"ev\":\"req\",\"route\":\"history\",\"status\":200,\"t\":1791351933471,\"ms\":6.9}","source":"console","time":"2026-10-07T05:45:33Z"}
{"level":"info","msg":"{\"ev\":\"req\",\"route\":\"problem_list\",\"status\":200,\"t\":1791351933567,\"ms\":4}","source":"console","time":"2026-10-07T05:45:33Z"}
{"level":"info","msg":"{\"ev\":\"req\",\"route\":\"problem_detail\",\"status\":200,\"t\":1791351933668,\"ms\":4.1}","source":"console","time":"2026-10-07T05:45:33Z"}
{"level":"info","msg":"{\"ev\":\"req\",\"route\":\"history\",\"status\":200,\"t\":1791351933771,\"ms\":7.5}","source":"console","time":"2026-10-07T05:45:33Z"}
{"level":"info","msg":"{\"ev\":\"req\",\"route\":\"problem_list\",\"status\":200,\"t\":1791351933871,\"ms\":7.1}","source":"console","time":"2026-10-07T05:45:33Z"}
{"level":"info","msg":"{\"ev\":\"req\",\"route\":\"problem_detail\",\"status\":200,\"t\":1791351933971,\"ms\":7.5}","source":"console","time":"2026-10-07T05:45:33Z"}
{"level":"info","msg":"{\"ev\":\"req\",\"route\":\"submit\",\"status\":200,\"t\":1791351934027,\"ms\":29.5}","source":"console","time":"2026-10-07T05:45:34Z"}
{"level":"info","msg":"{\"ev\":\"accepted\",\"id\":\"d83426f1-dddb-45f2-8def-5493eea67db3\",\"t\":1791351934027}","source":"console","time":"2026-10-07T05:45:34Z"}
{"level":"info","msg":"{\"ev\":\"req\",\"route\":\"history\",\"status\":200,\"t\":1791351934069,\"ms\":5.6}","source":"console","time":"2026-10-07T05:45:34Z"}
{"level":"info","msg":"{\"ev\":\"req\",\"route\":\"problem_list\",\"status\":200,\"t\":1791351934169,\"ms\":5.5}","source":"console","time":"2026-10-07T05:45:34Z"}
{"level":"info","msg":"{\"ev\":\"req\",\"route\":\"problem_detail\",\"status\":200,\"t\":1791351934269,\"ms\":5.2}","source":"console","time":"2026-10-07T05:45:34Z"}
{"level":"info","msg":"{\"ev\":\"req\",\"route\":\"history\",\"status\":200,\"t\":1791351934370,\"ms\":5.5}","source":"console","time":"2026-10-07T05:45:34Z"}
{"level":"info","msg":"{\"ev\":\"req\",\"route\":\"problem_list\",\"status\":200,\"t\":1791351934468,\"ms\":3.5}","source":"console","time":"2026-10-07T05:45:34Z"}
{"level":"info","msg":"{\"ev\":\"req\",\"route\":\"problem_detail\",\"status\":200,\"t\":1791351934569,\"ms\":5.8}","source":"console","time":"2026-10-07T05:45:34Z"}
{"level":"info","msg":"{\"ev\":\"req\",\"route\":\"history\",\"status\":200,\"t\":1791351934669,\"ms\":4.7}","source":"console","time":"2026-10-07T05:45:34Z"}
{"level":"info","msg":"{\"ev\":\"req\",\"route\":\"problem_list\",\"status\":200,\"t\":1791351934773,\"ms\":9.3}","source":"console","time":"2026-10-07T05:45:34Z"}
{"level":"info","msg":"{\"ev\":\"req\",\"route\":\"problem_detail\",\"status\":200,\"t\":1791351934872,\"ms\":7.5}","source":"console","time":"2026-10-07T05:45:34Z"}
{"level":"info","msg":"{\"ev\":\"req\",\"route\":\"history\",\"status\":200,\"t\":1791351934976,\"ms\":11.4}","source":"console","time":"2026-10-07T05:45:34Z"}
{"level":"info","msg":"{\"ev\":\"req\",\"route\":\"problem_list\",\"status\":200,\"t\":1791351935072,\"ms\":8.6}","source":"console","time":"2026-10-07T05:45:35Z"}
{"level":"info","msg":"{\"ev\":\"req\",\"route\":\"problem_detail\",\"status\":200,\"t\":1791351935169,\"ms\":5.2}","source":"console","time":"2026-10-07T05:45:35Z"}
{"level":"info","msg":"{\"ev\":\"req\",\"route\":\"history\",\"status\":200,\"t\":1791351935270,\"ms\":7}","source":"console","time":"2026-10-07T05:45:35Z"}
{"level":"info","msg":"{\"ev\":\"req\",\"route\":\"problem_list\",\"status\":200,\"t\":1791351935372,\"ms\":8.9}","source":"console","time":"2026-10-07T05:45:35Z"}
{"level":"info","msg":"{\"ev\":\"req\",\"route\":\"problem_detail\",\"status\":200,\"t\":1791351935472,\"ms\":8.6}","source":"console","time":"2026-10-07T05:45:35Z"}
{"level":"info","msg":"{\"ev\":\"req\",\"route\":\"history\",\"status\":200,\"t\":1791351935578,\"ms\":13.7}","source":"console","time":"2026-10-07T05:45:35Z"}
{"level":"info","msg":"{\"ev\":\"req\",\"route\":\"problem_list\",\"status\":200,\"t\":1791351935673,\"ms\":8.7}","source":"console","time":"2026-10-07T05:45:35Z"}
{"level":"info","msg":"{\"ev\":\"req\",\"route\":\"submit\",\"status\":200,\"t\":1791351935685,\"ms\":20.6}","source":"console","time":"2026-10-07T05:45:35Z"}
{"level":"info","msg":"{\"ev\":\"accepted\",\"id\":\"1f8ab59a-d072-4337-b3af-2ced52cd0290\",\"t\":1791351935685}","source":"console","time":"2026-10-07T05:45:35Z"}
