{"level":"info","msg":"{\"ev\":\"setup-done\",\"t\":1791212977907}","source":"console","time":"2026-10-05T15:09:37Z"}
{"level":"info","msg":"{\"ev\":\"accepted\",\"id\":\"dc8441d2-c3a7-497c-958f-4be4c804be9c\",\"t\":1791212981099}","source":"console","time":"2026-10-05T15:09:41Z"}
{"level":"info","msg":"{\"ev\":\"accepted\",\"id\":\"9f3582d1-af61-4ff4-98bc-858e06d9791b\",\"t\":1791212982412}","source":"console","time":"2026-10-05T15:09:42Z"}
{"level":"info","msg":"{\"ev\":\"accepted\",\"id\":\"eab6645a-2ffb-4d6f-8bcf-e9eaa537a544\",\"t\":1791212983423}","source":"console","time":"2026-10-05T15:09:43Z"}
{"level":"info","msg":"{\"ev\":\"accepted\",\"id\":\"c48e07d4-ed77-4f7b-9d06-60986de7d794\",\"t\":1791212984436}","source":"console","time":"2026-10-05T15:09:44Z"}
{"level":"info","msg":"{\"ev\":\"accepted\",\"id\":\"8005fe22-266a-4a9f-87d8-7c17e839aedb\",\"t\":1791212985441}","source":"console","time":"2026-10-05T15:09:45Z"}
{"level":"info","msg":"{\"ev\":\"accepted\",\"id\":\"cec29234-45b7-4c5e-b132-23a517592cf9\",\"t\":1791212986436}","source":"console","time":"2026-10-05T15:09:46Z"}
{"level":"info","msg":"{\"ev\":\"accepted\",\"id\":\"66d0a60c-305d-4fe9-a660-f34ae88e5902\",\"t\":1791212987438}","source":"console","time":"2026-10-05T15:09:47Z"}
{"level":"info","msg":"{\"ev\":\"accepted\",\"id\":\"705808c5-139c-4e6b-9aba-6a9f1e3299be\",\"t\":1791212988440}","source":"console","time":"2026-10-05T15:09:48Z"}
{"level":"info","msg":"{\"ev\":\"accepted\",\"id\":\"5ee56260-f4e4-4327-b661-3a212ae98a2c\",\"t\":1791212989422}","source":"console","time":"2026-10-05T15:09:49Z"}
{"level":"info","msg":"{\"ev\":\"accepted\",\"id\":\"6e3c1c18-9ce4-4335-9872-62f7675471eb\",\"t\":1791212990429}","source":"console","time":"2026-10-05T15:09:50Z"}
{"level":"info","msg":"{\"ev\":\"accepted\",\"id\":\"6fb21e0f-b127-4a24-81bf-d0193a51932a\",\"t\":1791212991434}","source":"console","time":"2026-10-05T15:09:51Z"}
{"level":"info","msg":"{\"ev\":\"accepted\",\"id\":\"1769b3ce-ffde-43c7-90e0-7870694c6112\",\"t\":1791212992437}","source":"console","time":"2026-10-05T15:09:52Z"}
{"level":"info","msg":"{\"ev\":\"accepted\",\"id\":\"c277cc2e-391d-45a5-a99c-a126b84f79f6\",\"t\":1791212993436}","source":"console","time":"2026-10-05T15:09:53Z"}
{"level":"info","msg":"{\"ev\":\"accepted\",\"id\":\"12e86cc6-2bd1-4f51-bd18-3f3840255499\",\"t\":1791212994439}","source":"console","time":"2026-10-05T15:09:54Z"}
{"level":"info","msg":"{\"ev\":\"accepted\",\"id\":\"92bacc2d-4d6e-45c4-bdec-f7d359de2704\",\"t\":1791212995427}","source":"console","time":"2026-10-05T15:09:55Z"}
{"level":"info","msg":"{\"ev\":\"accepted\",\"id\":\"507df89b-991d-4711-90ab-83f4093c7d79\",\"t\":1791212996437}","source":"console","time":"2026-10-05T15:09:56Z"}
{"level":"info","msg":"{\"ev\":\"accepted\",\"id\":\"51ac5aca-a59e-4e47-8c29-9ca68c7edc99\",\"t\":1791212997433}","source":"console","time":"2026-10-05T15:09:57Z"}
{"level":"info","msg":"{\"ev\":\"accepted\",\"id\":\"f2c57d4e-84d4-443c-8f32-13b6bf90e865\",\"t\":1791212998431}","source":"console","time":"2026-10-05T15:09:58Z"}
{"level":"info","msg":"{\"ev\":\"accepted\",\"id\":\"5fd76c6f-3899-4f80-89b8-e01a26f6db9e\",\"t\":1791212999440}","source":"console","time":"2026-10-05T15:09:59Z"}
{"level":"info","msg":"{\"ev\":\"accepted\",\"id\":\"b0839604-0a5f-4e7b-a168-8d7a824b24c6\",\"t\":1791213000438}","source":"console","time":"2026-10-05T15:10:00Z"}
{"level":"info","msg":"{\"ev\":\"accepted\",\"id\":\"ac8bd444-6601-45d3-961f-b2b07d579977\",\"t\":1791213001436}","source":"console","time":"2026-10-05T15:10:01Z"}
{"level":"info","msg":"{\"ev\":\"accepted\",\"id\":\"42ab34ab-175b-4139-a075-8ac4d244edb0\",\"t\":1791213002438}","source":"console","time":"2026-10-05T15:10:02Z"}
{"level":"info","msg":"{\"ev\":\"accepted\",\"id\":\"91e62ad9-22a6-4603-8fc7-ddc9dddeb292\",\"t\":1791213003430}","source":"console","time":"2026-10-05T15:10:03Z"}
{"level":"info","msg":"{\"ev\":\"accepted\",\"id\":\"71ae59cc-6604-4d2c-b6e9-c3abe8f4f501\",\"t\":1791213004437}","source":"console","time":"2026-10-05T15:10:04Z"}
{"level":"info","msg":"{\"ev\":\"accepted\",\"id\":\"ac5e1e61-12ad-472c-a464-e0c45a3112b2\",\"t\":1791213005437}","source":"console","time":"2026-10-05T15:10:05Z"}
{"level":"info","msg":"{\"ev\":\"accepted\",\"id\":\"14847000-c9f0-4830-8043-b8cfc3359313\",\"t\":1791213006434}","source":"console","time":"2026-10-05T15:10:06Z"}
{"level":"info","msg":"{\"ev\":\"accepted\",\"id\":\"e6fc7e69-cf43-4522-a6cc-df3902ca5ecc\",\"t\":1791213007436}","source":"console","time":"2026-10-05T15:10:07Z"}
{"level":"info","msg":"{\"ev\":\"accepted\",\"id\":\"55b22e4d-d90e-46b2-a796-7422b91754ad\",\"t\":1791213008432}","source":"console","time":"2026-10-05T15:10:08Z"}
{"level":"info","msg":"{\"ev\":\"accepted\",\"id\":\"d1ef319a-f38f-4615-af48-d27e40d9b425\",\"t\":1791213009436}","source":"console","time":"2026-10-05T15:10:09Z"}
{"level":"info","msg":"{\"ev\":\"accepted\",\"id\":\"5ad90fc0-7525-4022-b3bd-5bbc6f808fb0\",\"t\":1791213010436}","source":"console","time":"2026-10-05T15:10:10Z"}
{"level":"info","msg":"{\"ev\":\"accepted\",\"id\":\"b1f773b1-640c-45f6-af45-97abf78354a0\",\"t\":1791213011423}","source":"console","time":"2026-10-05T15:10:11Z"}
{"level":"info","msg":"{\"ev\":\"accepted\",\"id\":\"135dd98b-2b21-4a4f-b946-90f819f2ae76\",\"t\":1791213012435}","source":"console","time":"2026-10-05T15:10:12Z"}
{"level":"info","msg":"{\"ev\":\"accepted\",\"id\":\"bb04286c-920d-467e-aeee-62b6d0f35a72\",\"t\":1791213013432}","source":"console","time":"2026-10-05T15:10:13Z"}
{"level":"info","msg":"{\"ev\":\"accepted\",\"id\":\"e9b883f4-b942-4874-bcdc-f12c160a25be\",\"t\":1791213014425}","source":"console","time":"2026-10-05T15:10:14Z"}
{"level":"info","msg":"{\"ev\":\"accepted\",\"id\":\"95ce5c79-fe25-43f4-b6e8-fa0afe928472\",\"t\":1791213015436}","source":"console","time":"2026-10-05T15:10:15Z"}
{"level":"info","msg":"{\"ev\":\"accepted\",\"id\":\"3b71d350-4334-48f0-bb1a-84c5ea8d9f31\",\"t\":1791213016437}","source":"console","time":"2026-10-05T15:10:16Z"}
{"level":"info","msg":"{\"ev\":\"accepted\",\"id\":\"0e7b43cb-b97c-4092-a38a-b4cce67b7f9d\",\"t\":1791213017421}","source":"console","time":"2026-10-05T15:10:17Z"}
{"level":"info","msg":"{\"ev\":\"accepted\",\"id\":\"0c4a2b4c-f3f6-43ee-a470-6aba803f9bb7\",\"t\":1791213018438}","source":"console","time":"2026-10-05T15:10:18Z"}
{"level":"info","msg":"{\"ev\":\"accepted\",\"id\":\"79c732f1-96ad-4cdf-97b8-cfa48ef23fa2\",\"t\":1791213019436}","source":"console","time":"2026-10-05T15:10:19Z"}
{"level":"info","msg":"{\"ev\":\"accepted\",\"id\":\"6c62c910-06b6-4073-ae47-d52cea85299e\",\"t\":1791213020426}","source":"console","time":"2026-10-05T15:10:20Z"}
{"level":"info","msg":"{\"ev\":\"accepted\",\"id\":\"ae32e8b5-400c-4db1-a506-2496fce01fd6\",\"t\":1791213021432}","source":"console","time":"2026-10-05T15:10:21Z"}
{"level":"info","msg":"{\"ev\":\"accepted\",\"id\":\"33c34721-6fb7-4551-8162-45d6ade50663\",\"t\":1791213022435}","source":"console","time":"2026-10-05T15:10:22Z"}
{"level":"info","msg":"{\"ev\":\"accepted\",\"id\":\"7f7f93f3-00af-43e3-9011-2e38deb154ca\",\"t\":1791213023423}","source":"console","time":"2026-10-05T15:10:23Z"}
{"level":"info","msg":"{\"ev\":\"accepted\",\"id\":\"d5790d12-881c-48de-8ace-b454b1c4f5bf\",\"t\":1791213024435}","source":"console","time":"2026-10-05T15:10:24Z"}
{"level":"info","msg":"{\"ev\":\"accepted\",\"id\":\"b58c2bb0-f4e2-4634-a0e3-c48037004f96\",\"t\":1791213025425}","source":"console","time":"2026-10-05T15:10:25Z"}
{"level":"info","msg":"{\"ev\":\"accepted\",\"id\":\"9d065641-a246-46db-b83f-6a7d5b0d0fe1\",\"t\":1791213026441}","source":"console","time":"2026-10-05T15:10:26Z"}
{"level":"info","msg":"{\"ev\":\"accepted\",\"id\":\"ab02a91a-af3c-4105-a5ba-3fe842ecab7a\",\"t\":1791213027437}","source":"console","time":"2026-10-05T15:10:27Z"}
{"level":"info","msg":"{\"ev\":\"accepted\",\"id\":\"fb414986-bfaa-4a10-b7cf-4c1f97431a79\",\"t\":1791213028437}","source":"console","time":"2026-10-05T15:10:28Z"}
{"level":"info","msg":"{\"ev\":\"accepted\",\"id\":\"57e80878-55e7-4f63-92e9-e718c49c0b1b\",\"t\":1791213029425}","source":"console","time":"2026-10-05T15:10:29Z"}
{"level":"info","msg":"{\"ev\":\"accepted\",\"id\":\"8e8e3421-7b70-40ca-9b52-99973506a4cc\",\"t\":1791213030424}","source":"console","time":"2026-10-05T15:10:30Z"}
{"level":"info","msg":"{\"ev\":\"accepted\",\"id\":\"7c879073-18ae-46f9-acb2-44e0de5e7eac\",\"t\":1791213031437}","source":"console","time":"2026-10-05T15:10:31Z"}
{"level":"info","msg":"{\"ev\":\"accepted\",\"id\":\"5ee891a6-96a4-4d3b-9101-2eeba3b17f9f\",\"t\":1791213032421}","source":"console","time":"2026-10-05T15:10:32Z"}
{"level":"info","msg":"{\"ev\":\"accepted\",\"id\":\"fdaacd67-161f-4a28-ae6a-4b396d09aa9c\",\"t\":1791213033430}","source":"console","time":"2026-10-05T15:10:33Z"}
{"level":"info","msg":"{\"ev\":\"accepted\",\"id\":\"8e31efa6-812d-4f95-8927-23cbac51792a\",\"t\":1791213034438}","source":"console","time":"2026-10-05T15:10:34Z"}
{"level":"info","msg":"{\"ev\":\"accepted\",\"id\":\"17ac7816-0446-4308-a00b-5f98747cd691\",\"t\":1791213035434}","source":"console","time":"2026-10-05T15:10:35Z"}
{"level":"info","msg":"{\"ev\":\"accepted\",\"id\":\"fb2b0673-434d-4d2c-87c5-faa19b13f14a\",\"t\":1791213036422}","source":"console","time":"2026-10-05T15:10:36Z"}
{"level":"info","msg":"{\"ev\":\"accepted\",\"id\":\"7d6a5009-96f1-4fd0-8344-686d39ff5ad4\",\"t\":1791213037436}","source":"console","time":"2026-10-05T15:10:37Z"}
{"level":"info","msg":"{\"ev\":\"accepted\",\"id\":\"808f8bb0-b580-4e1a-bd51-6ddeff0361d1\",\"t\":1791213038422}","source":"console","time":"2026-10-05T15:10:38Z"}
{"level":"info","msg":"{\"ev\":\"accepted\",\"id\":\"bdbde901-56e2-42b9-a4cd-766b2fc4e436\",\"t\":1791213039435}","source":"console","time":"2026-10-05T15:10:39Z"}
{"level":"info","msg":"{\"ev\":\"accepted\",\"id\":\"d79997e4-f229-48ac-9fa7-735d894e1366\",\"t\":1791213040435}","source":"console","time":"2026-10-05T15:10:40Z"}
{"level":"info","msg":"{\"ev\":\"accepted\",\"id\":\"f109d019-8d6b-4ee7-b974-4e9496a651bc\",\"t\":1791213041435}","source":"console","time":"2026-10-05T15:10:41Z"}
{"level":"info","msg":"{\"ev\":\"accepted\",\"id\":\"ebbdad57-01bc-42bd-a248-f39a2a7f7770\",\"t\":1791213042433}","source":"console","time":"2026-10-05T15:10:42Z"}
{"level":"info","msg":"{\"ev\":\"accepted\",\"id\":\"1e754aa0-64db-4501-8970-2c212a4301d0\",\"t\":1791213043431}","source":"console","time":"2026-10-05T15:10:43Z"}
{"level":"info","msg":"{\"ev\":\"accepted\",\"id\":\"406c5827-9a4b-4460-b72c-2123c3a8e87d\",\"t\":1791213044433}","source":"console","time":"2026-10-05T15:10:44Z"}
{"level":"info","msg":"{\"ev\":\"accepted\",\"id\":\"96bb6c80-8eec-4962-830b-f86311c2483d\",\"t\":1791213045430}","source":"console","time":"2026-10-05T15:10:45Z"}
{"level":"info","msg":"{\"ev\":\"accepted\",\"id\":\"9022c374-9c75-4341-a0a2-0cefa1256600\",\"t\":1791213046431}","source":"console","time":"2026-10-05T15:10:46Z"}
{"level":"info","msg":"{\"ev\":\"accepted\",\"id\":\"4b9a950f-c4e9-41c4-a35d-fc9597a5eea5\",\"t\":1791213047429}","source":"console","time":"2026-10-05T15:10:47Z"}
{"level":"info","msg":"{\"ev\":\"accepted\",\"id\":\"8ffdc606-3b33-4193-8d43-5b3bd2622e9e\",\"t\":1791213048431}","source":"console","time":"2026-10-05T15:10:48Z"}
{"level":"info","msg":"{\"ev\":\"accepted\",\"id\":\"49865d14-8ed3-4fb6-be92-94fdfaa9c81d\",\"t\":1791213049422}","source":"console","time":"2026-10-05T15:10:49Z"}
{"level":"info","msg":"{\"ev\":\"accepted\",\"id\":\"206912a0-22a4-4dfa-93da-eff9534baaeb\",\"t\":1791213050435}","source":"console","time":"2026-10-05T15:10:50Z"}
{"level":"info","msg":"{\"ev\":\"accepted\",\"id\":\"825c8396-e41d-439c-a073-e3449947f8cc\",\"t\":1791213051433}","source":"console","time":"2026-10-05T15:10:51Z"}
{"level":"info","msg":"{\"ev\":\"accepted\",\"id\":\"03f5b843-c872-407d-938d-4cf7810dde57\",\"t\":1791213052433}","source":"console","time":"2026-10-05T15:10:52Z"}
{"level":"info","msg":"{\"ev\":\"accepted\",\"id\":\"08dfc420-267f-4dc8-b8c9-f30958ede0b9\",\"t\":1791213053447}","source":"console","time":"2026-10-05T15:10:53Z"}
{"level":"info","msg":"{\"ev\":\"accepted\",\"id\":\"de2d018a-1333-42b2-a179-5e6652637693\",\"t\":1791213054437}","source":"console","time":"2026-10-05T15:10:54Z"}
{"level":"info","msg":"{\"ev\":\"accepted\",\"id\":\"14422f6c-bc16-4ceb-a901-46f3fb292f18\",\"t\":1791213055422}","source":"console","time":"2026-10-05T15:10:55Z"}
{"level":"info","msg":"{\"ev\":\"accepted\",\"id\":\"fb3f870b-00d8-4d7f-a4cb-1429ddcb2be5\",\"t\":1791213056429}","source":"console","time":"2026-10-05T15:10:56Z"}
{"level":"info","msg":"{\"ev\":\"accepted\",\"id\":\"7d05bb21-d3a1-439e-b0d0-224962c8b50a\",\"t\":1791213057436}","source":"console","time":"2026-10-05T15:10:57Z"}
{"level":"info","msg":"{\"ev\":\"accepted\",\"id\":\"d2830225-d9a7-42c5-a477-193939bf5f4a\",\"t\":1791213058437}","source":"console","time":"2026-10-05T15:10:58Z"}
{"level":"info","msg":"{\"ev\":\"accepted\",\"id\":\"e548e39f-f97d-4653-820d-f48360219b2b\",\"t\":1791213059427}","source":"console","time":"2026-10-05T15:10:59Z"}
{"level":"info","msg":"{\"ev\":\"accepted\",\"id\":\"e6dbf7a1-c113-46ad-9555-52e4bf484405\",\"t\":1791213060429}","source":"console","time":"2026-10-05T15:11:00Z"}
{"level":"info","msg":"{\"ev\":\"accepted\",\"id\":\"a461f368-6896-4b8d-949f-b5fdd3210dec\",\"t\":1791213061424}","source":"console","time":"2026-10-05T15:11:01Z"}
{"level":"info","msg":"{\"ev\":\"accepted\",\"id\":\"bdbf1220-51e8-4531-94aa-895350a57ebb\",\"t\":1791213062424}","source":"console","time":"2026-10-05T15:11:02Z"}
{"level":"info","msg":"{\"ev\":\"accepted\",\"id\":\"ba156a7f-b25c-4a90-8b39-e390959b40f2\",\"t\":1791213063428}","source":"console","time":"2026-10-05T15:11:03Z"}
{"level":"info","msg":"{\"ev\":\"accepted\",\"id\":\"680c1326-8a73-4249-8fdc-7eda2e84459c\",\"t\":1791213064424}","source":"console","time":"2026-10-05T15:11:04Z"}
{"level":"info","msg":"{\"ev\":\"accepted\",\"id\":\"ba27a5d4-7cf6-4f72-a297-8c8d7a85780a\",\"t\":1791213065428}","source":"console","time":"2026-10-05T15:11:05Z"}
{"level":"info","msg":"{\"ev\":\"accepted\",\"id\":\"e0388b91-3d4b-4912-a338-18757a99dada\",\"t\":1791213066421}","source":"console","time":"2026-10-05T15:11:06Z"}
{"level":"info","msg":"{\"ev\":\"accepted\",\"id\":\"5b8d319e-80e1-47b4-b538-6df12df05e4a\",\"t\":1791213067433}","source":"console","time":"2026-10-05T15:11:07Z"}
{"level":"info","msg":"{\"ev\":\"accepted\",\"id\":\"4efc6b31-3181-4562-b04a-66292f1049ca\",\"t\":1791213068435}","source":"console","time":"2026-10-05T15:11:08Z"}
{"level":"info","msg":"{\"ev\":\"accepted\",\"id\":\"d08818af-dbc1-4d23-9edb-c36d5e00aa56\",\"t\":1791213069424}","source":"console","time":"2026-10-05T15:11:09Z"}
{"level":"info","msg":"{\"ev\":\"accepted\",\"id\":\"259549c4-67ec-4bfd-811d-72917406b14d\",\"t\":1791213070424}","source":"console","time":"2026-10-05T15:11:10Z"}
{"level":"info","msg":"{\"ev\":\"accepted\",\"id\":\"13a0df30-e5ff-4305-8731-fc37612c8311\",\"t\":1791213071432}","source":"console","time":"2026-10-05T15:11:11Z"}
{"level":"info","msg":"{\"ev\":\"accepted\",\"id\":\"58023664-8502-4ef1-8359-fd5f0d29c47c\",\"t\":1791213072422}","source":"console","time":"2026-10-05T15:11:12Z"}
{"level":"info","msg":"{\"ev\":\"accepted\",\"id\":\"3030567d-13f7-414d-b84e-b4780d71bc7b\",\"t\":1791213073421}","source":"console","time":"2026-10-05T15:11:13Z"}
{"level":"info","msg":"{\"ev\":\"accepted\",\"id\":\"e800ee9f-f750-46be-8e83-207f6cfb9680\",\"t\":1791213074436}","source":"console","time":"2026-10-05T15:11:14Z"}
{"level":"info","msg":"{\"ev\":\"accepted\",\"id\":\"658c949f-d824-4a37-b9fa-25a3904b78c0\",\"t\":1791213075423}","source":"console","time":"2026-10-05T15:11:15Z"}
{"level":"info","msg":"{\"ev\":\"accepted\",\"id\":\"a759130c-3aea-4669-9e6d-8a02b7534eb5\",\"t\":1791213076434}","source":"console","time":"2026-10-05T15:11:16Z"}
{"level":"info","msg":"{\"ev\":\"accepted\",\"id\":\"ed6a0cf1-54f9-4d36-9abf-f1c2365f9607\",\"t\":1791213077433}","source":"console","time":"2026-10-05T15:11:17Z"}
{"level":"info","msg":"{\"ev\":\"accepted\",\"id\":\"d695711e-7b26-44f5-a31a-5c234148f422\",\"t\":1791213078434}","source":"console","time":"2026-10-05T15:11:18Z"}
{"level":"info","msg":"{\"ev\":\"accepted\",\"id\":\"419a5fcf-f032-492d-bb82-5eb30bd3e292\",\"t\":1791213079435}","source":"console","time":"2026-10-05T15:11:19Z"}
{"level":"info","msg":"{\"ev\":\"accepted\",\"id\":\"0fdb72e3-7126-4af5-9174-c7c25a014e1b\",\"t\":1791213080439}","source":"console","time":"2026-10-05T15:11:20Z"}
{"level":"info","msg":"{\"ev\":\"accepted\",\"id\":\"19c90a60-07ba-4193-b576-f467e21a19e7\",\"t\":1791213081435}","source":"console","time":"2026-10-05T15:11:21Z"}
{"level":"info","msg":"{\"ev\":\"accepted\",\"id\":\"c70652e5-7280-42fc-887c-f76f39af278b\",\"t\":1791213082425}","source":"console","time":"2026-10-05T15:11:22Z"}
{"level":"info","msg":"{\"ev\":\"accepted\",\"id\":\"363e358d-f84f-4c1e-8651-3c8ebff7973b\",\"t\":1791213083437}","source":"console","time":"2026-10-05T15:11:23Z"}
{"level":"info","msg":"{\"ev\":\"accepted\",\"id\":\"a6d34349-c50c-4a0f-ae69-bf52da8741ce\",\"t\":1791213084424}","source":"console","time":"2026-10-05T15:11:24Z"}
{"level":"info","msg":"{\"ev\":\"accepted\",\"id\":\"ec7f1226-2b16-4dfb-b1d4-3960060e8163\",\"t\":1791213085437}","source":"console","time":"2026-10-05T15:11:25Z"}
{"level":"info","msg":"{\"ev\":\"accepted\",\"id\":\"e803b4a4-268b-4da2-bd75-0f0ef62cfdc1\",\"t\":1791213086430}","source":"console","time":"2026-10-05T15:11:26Z"}
{"level":"info","msg":"{\"ev\":\"accepted\",\"id\":\"8cdeced0-6902-4f88-be23-64391fbd134a\",\"t\":1791213087431}","source":"console","time":"2026-10-05T15:11:27Z"}
{"level":"info","msg":"{\"ev\":\"accepted\",\"id\":\"3db622d1-e422-4d6b-9a37-efcc149fe7c4\",\"t\":1791213088434}","source":"console","time":"2026-10-05T15:11:28Z"}
{"level":"info","msg":"{\"ev\":\"accepted\",\"id\":\"1b069fc8-ea72-428e-a419-8dea9ec74480\",\"t\":1791213089434}","source":"console","time":"2026-10-05T15:11:29Z"}
{"level":"info","msg":"{\"ev\":\"accepted\",\"id\":\"56515034-161c-4c0d-b03d-61b69391f046\",\"t\":1791213090423}","source":"console","time":"2026-10-05T15:11:30Z"}
{"level":"info","msg":"{\"ev\":\"accepted\",\"id\":\"a2145024-8940-4da6-a401-948059606044\",\"t\":1791213091423}","source":"console","time":"2026-10-05T15:11:31Z"}
{"level":"info","msg":"{\"ev\":\"accepted\",\"id\":\"52d9ccb0-6fcc-4a2b-9331-31d945bfa80b\",\"t\":1791213092435}","source":"console","time":"2026-10-05T15:11:32Z"}
{"level":"info","msg":"{\"ev\":\"accepted\",\"id\":\"d4f20b6d-25c2-4d21-a73e-3092c630d108\",\"t\":1791213093424}","source":"console","time":"2026-10-05T15:11:33Z"}
{"level":"info","msg":"{\"ev\":\"accepted\",\"id\":\"2c8a2326-60c4-47b5-af5b-8fadd39f6fda\",\"t\":1791213094423}","source":"console","time":"2026-10-05T15:11:34Z"}
{"level":"info","msg":"{\"ev\":\"accepted\",\"id\":\"1d648ca0-0af4-4912-a600-e620dda9f1a9\",\"t\":1791213095434}","source":"console","time":"2026-10-05T15:11:35Z"}
{"level":"info","msg":"{\"ev\":\"accepted\",\"id\":\"6431b9f1-3b88-418b-995d-1c1fd92ed572\",\"t\":1791213096427}","source":"console","time":"2026-10-05T15:11:36Z"}
{"level":"info","msg":"{\"ev\":\"accepted\",\"id\":\"c9e2ffa2-83e1-4418-8028-4f53febfb93b\",\"t\":1791213097434}","source":"console","time":"2026-10-05T15:11:37Z"}
{"level":"info","msg":"{\"ev\":\"accepted\",\"id\":\"fb62ecce-2e9f-4785-a1df-031e71ac45f4\",\"t\":1791213098433}","source":"console","time":"2026-10-05T15:11:38Z"}
{"level":"info","msg":"{\"ev\":\"accepted\",\"id\":\"db143be8-8468-4152-be67-8962b110a689\",\"t\":1791213099432}","source":"console","time":"2026-10-05T15:11:39Z"}
{"level":"info","msg":"{\"ev\":\"accepted\",\"id\":\"f776fd98-320d-4674-8361-2bf6f586fb68\",\"t\":1791213100434}","source":"console","time":"2026-10-05T15:11:40Z"}
{"level":"info","msg":"{\"ev\":\"accepted\",\"id\":\"2ca0e8ed-c4f1-4334-a885-5d24ed980313\",\"t\":1791213101436}","source":"console","time":"2026-10-05T15:11:41Z"}
{"level":"info","msg":"{\"ev\":\"accepted\",\"id\":\"bf4e484f-ad97-49ce-878c-f2ba54b84e09\",\"t\":1791213102435}","source":"console","time":"2026-10-05T15:11:42Z"}
{"level":"info","msg":"{\"ev\":\"accepted\",\"id\":\"04b26201-b748-4ca9-bf96-d4219b3bccef\",\"t\":1791213103429}","source":"console","time":"2026-10-05T15:11:43Z"}
{"level":"info","msg":"{\"ev\":\"accepted\",\"id\":\"d4a55975-28d0-48b8-aaed-f558c36a75f7\",\"t\":1791213104421}","source":"console","time":"2026-10-05T15:11:44Z"}
{"level":"info","msg":"{\"ev\":\"accepted\",\"id\":\"46d76393-b3eb-4627-a7f4-fad6ed9292ec\",\"t\":1791213105430}","source":"console","time":"2026-10-05T15:11:45Z"}
{"level":"info","msg":"{\"ev\":\"accepted\",\"id\":\"faca2005-6815-40a3-87e4-98153caf73a3\",\"t\":1791213106420}","source":"console","time":"2026-10-05T15:11:46Z"}
{"level":"info","msg":"{\"ev\":\"accepted\",\"id\":\"65df6321-fc16-433b-b108-917bb4c59a22\",\"t\":1791213107422}","source":"console","time":"2026-10-05T15:11:47Z"}
{"level":"info","msg":"{\"ev\":\"accepted\",\"id\":\"edac9de6-b3bf-4e7a-aa1d-292670b30bc6\",\"t\":1791213108415}","source":"console","time":"2026-10-05T15:11:48Z"}
{"level":"info","msg":"{\"ev\":\"accepted\",\"id\":\"0d01fb09-c36b-4a48-bda1-7dd52e77e45b\",\"t\":1791213109251}","source":"console","time":"2026-10-05T15:11:49Z"}
{"level":"info","msg":"{\"ev\":\"accepted\",\"id\":\"8e6592b3-19cb-4aa4-9cc4-b6aaf5554326\",\"t\":1791213110007}","source":"console","time":"2026-10-05T15:11:50Z"}
{"level":"info","msg":"{\"ev\":\"accepted\",\"id\":\"bc3e4e70-0c99-4aae-9af5-8a27495cd855\",\"t\":1791213110680}","source":"console","time":"2026-10-05T15:11:50Z"}
{"level":"info","msg":"{\"ev\":\"accepted\",\"id\":\"3c2e29be-337f-4b15-a406-3d5c4f22cbfa\",\"t\":1791213111292}","source":"console","time":"2026-10-05T15:11:51Z"}
{"level":"info","msg":"{\"ev\":\"accepted\",\"id\":\"1550d950-33a1-4793-bfa8-d5511795f6ef\",\"t\":1791213111869}","source":"console","time":"2026-10-05T15:11:51Z"}
{"level":"info","msg":"{\"ev\":\"accepted\",\"id\":\"a8046296-7294-4a00-a529-e661ca9ca7a4\",\"t\":1791213112413}","source":"console","time":"2026-10-05T15:11:52Z"}
{"level":"info","msg":"{\"ev\":\"accepted\",\"id\":\"60f87588-a409-4fe9-9460-e5acb2cac25b\",\"t\":1791213112935}","source":"console","time":"2026-10-05T15:11:52Z"}
{"level":"info","msg":"{\"ev\":\"accepted\",\"id\":\"33b06a81-4135-48ea-b0a3-0161c19de097\",\"t\":1791213113425}","source":"console","time":"2026-10-05T15:11:53Z"}
{"level":"info","msg":"{\"ev\":\"accepted\",\"id\":\"969c833d-17d7-470b-bd68-52f22408ea74\",\"t\":1791213113928}","source":"console","time":"2026-10-05T15:11:53Z"}
{"level":"info","msg":"{\"ev\":\"accepted\",\"id\":\"647f924b-6d8a-451a-a8ea-4ce3e326c3c7\",\"t\":1791213114428}","source":"console","time":"2026-10-05T15:11:54Z"}
{"level":"info","msg":"{\"ev\":\"accepted\",\"id\":\"f341b698-81a5-4d16-a088-8cb1b29a91cc\",\"t\":1791213114927}","source":"console","time":"2026-10-05T15:11:54Z"}
{"level":"info","msg":"{\"ev\":\"accepted\",\"id\":\"2862b676-fecd-47d8-b3cb-54348c675022\",\"t\":1791213115427}","source":"console","time":"2026-10-05T15:11:55Z"}
{"level":"info","msg":"{\"ev\":\"accepted\",\"id\":\"23db273a-3915-42d8-9c86-6e13818f6314\",\"t\":1791213115929}","source":"console","time":"2026-10-05T15:11:55Z"}
{"level":"info","msg":"{\"ev\":\"accepted\",\"id\":\"f9a1b68e-bf76-49d1-82b0-eb4ace6331ab\",\"t\":1791213116433}","source":"console","time":"2026-10-05T15:11:56Z"}
{"level":"info","msg":"{\"ev\":\"accepted\",\"id\":\"0ede8eb9-a4cc-4d20-b036-49d98a868fd5\",\"t\":1791213116949}","source":"console","time":"2026-10-05T15:11:56Z"}
{"level":"info","msg":"{\"ev\":\"accepted\",\"id\":\"b5f92cc3-c284-4347-af9f-8b6e0944ca5b\",\"t\":1791213117437}","source":"console","time":"2026-10-05T15:11:57Z"}
{"level":"info","msg":"{\"ev\":\"accepted\",\"id\":\"0885cfef-d731-4c0d-af29-24377afad470\",\"t\":1791213117921}","source":"console","time":"2026-10-05T15:11:57Z"}
{"level":"info","msg":"{\"ev\":\"accepted\",\"id\":\"cdfa75bb-f9e2-4788-9630-f5f1263b7075\",\"t\":1791213118429}","source":"console","time":"2026-10-05T15:11:58Z"}
{"level":"info","msg":"{\"ev\":\"accepted\",\"id\":\"1019f962-800b-4ac2-932d-4a2f40c0e971\",\"t\":1791213118932}","source":"console","time":"2026-10-05T15:11:58Z"}
{"level":"info","msg":"{\"ev\":\"accepted\",\"id\":\"bc3b3b27-3452-49b7-aaf5-9954dc8319ca\",\"t\":1791213119465}","source":"console","time":"2026-10-05T15:11:59Z"}
{"level":"info","msg":"{\"ev\":\"accepted\",\"id\":\"bd53b7cd-c046-4042-8c9d-a1965897ac84\",\"t\":1791213119932}","source":"console","time":"2026-10-05T15:11:59Z"}
{"level":"info","msg":"{\"ev\":\"accepted\",\"id\":\"d289e199-1d46-464f-ba1f-06cf5d6652ea\",\"t\":1791213120425}","source":"console","time":"2026-10-05T15:12:00Z"}
{"level":"info","msg":"{\"ev\":\"accepted\",\"id\":\"c0a25aa3-5da1-4954-bb1b-0c3ba120a73b\",\"t\":1791213120928}","source":"console","time":"2026-10-05T15:12:00Z"}
{"level":"info","msg":"{\"ev\":\"accepted\",\"id\":\"50cb0c47-49e9-48a6-aa10-2a9b917d389b\",\"t\":1791213121446}","source":"console","time":"2026-10-05T15:12:01Z"}
{"level":"info","msg":"{\"ev\":\"accepted\",\"id\":\"341ebf2e-d41a-4a3d-947b-0999a9ff9f43\",\"t\":1791213121929}","source":"console","time":"2026-10-05T15:12:01Z"}
{"level":"info","msg":"{\"ev\":\"accepted\",\"id\":\"85148044-10cc-403b-b220-35f7d56cfa97\",\"t\":1791213122443}","source":"console","time":"2026-10-05T15:12:02Z"}
{"level":"info","msg":"{\"ev\":\"accepted\",\"id\":\"53704f2e-f649-4db1-9135-00e59f6b3c11\",\"t\":1791213122953}","source":"console","time":"2026-10-05T15:12:02Z"}
{"level":"info","msg":"{\"ev\":\"accepted\",\"id\":\"d1240b30-99b2-4050-9c55-47cade3b5a01\",\"t\":1791213123439}","source":"console","time":"2026-10-05T15:12:03Z"}
{"level":"info","msg":"{\"ev\":\"accepted\",\"id\":\"bf2376f1-3568-4a94-9813-ea7e6ce1606b\",\"t\":1791213123940}","source":"console","time":"2026-10-05T15:12:03Z"}
{"level":"info","msg":"{\"ev\":\"accepted\",\"id\":\"8406b34e-2607-4ccd-93fd-a55e7bfeafdc\",\"t\":1791213124434}","source":"console","time":"2026-10-05T15:12:04Z"}
{"level":"info","msg":"{\"ev\":\"accepted\",\"id\":\"d3478d3e-6c96-435d-9922-9b449753e6ac\",\"t\":1791213124923}","source":"console","time":"2026-10-05T15:12:04Z"}
{"level":"info","msg":"{\"ev\":\"accepted\",\"id\":\"ffee3877-f485-43a3-b427-104e65c01a6f\",\"t\":1791213125422}","source":"console","time":"2026-10-05T15:12:05Z"}
{"level":"info","msg":"{\"ev\":\"accepted\",\"id\":\"7bfaa1c8-1af3-4a16-b44c-5085d762751d\",\"t\":1791213125932}","source":"console","time":"2026-10-05T15:12:05Z"}
{"level":"info","msg":"{\"ev\":\"accepted\",\"id\":\"de517bae-1d72-4ae4-843d-57c9de55e32b\",\"t\":1791213126440}","source":"console","time":"2026-10-05T15:12:06Z"}
{"level":"info","msg":"{\"ev\":\"accepted\",\"id\":\"de5608a8-d568-4509-b318-d7a42db113f8\",\"t\":1791213126927}","source":"console","time":"2026-10-05T15:12:06Z"}
{"level":"info","msg":"{\"ev\":\"accepted\",\"id\":\"5ec2f74c-b454-42b0-8996-a9e7c09f29f4\",\"t\":1791213127452}","source":"console","time":"2026-10-05T15:12:07Z"}
{"level":"info","msg":"{\"ev\":\"accepted\",\"id\":\"047ca2e9-b6da-4e75-b6a6-24d91f560939\",\"t\":1791213127956}","source":"console","time":"2026-10-05T15:12:07Z"}
{"level":"info","msg":"{\"ev\":\"accepted\",\"id\":\"8971ba4d-f9f5-45e1-9776-21732c86c2d0\",\"t\":1791213128454}","source":"console","time":"2026-10-05T15:12:08Z"}
{"level":"info","msg":"{\"ev\":\"accepted\",\"id\":\"1ee6a016-eab1-48ab-8796-e76494438535\",\"t\":1791213128928}","source":"console","time":"2026-10-05T15:12:08Z"}
{"level":"info","msg":"{\"ev\":\"accepted\",\"id\":\"85f6a588-b1fa-47d7-aaa6-45fc593922c9\",\"t\":1791213129434}","source":"console","time":"2026-10-05T15:12:09Z"}
{"level":"info","msg":"{\"ev\":\"accepted\",\"id\":\"89714905-f809-4d36-9bbb-fee709717b9f\",\"t\":1791213129923}","source":"console","time":"2026-10-05T15:12:09Z"}
{"level":"info","msg":"{\"ev\":\"accepted\",\"id\":\"b41015fb-23aa-46d2-9e77-1c927b5f8c49\",\"t\":1791213130424}","source":"console","time":"2026-10-05T15:12:10Z"}
{"level":"info","msg":"{\"ev\":\"accepted\",\"id\":\"40f4d407-c40a-48ee-bddf-7d1c71554e02\",\"t\":1791213130947}","source":"console","time":"2026-10-05T15:12:10Z"}
{"level":"info","msg":"{\"ev\":\"accepted\",\"id\":\"b64460e0-9947-43c9-9c5c-23c088e3446a\",\"t\":1791213131454}","source":"console","time":"2026-10-05T15:12:11Z"}
{"level":"info","msg":"{\"ev\":\"accepted\",\"id\":\"75f28704-4285-45be-86ec-1ffb074e51a1\",\"t\":1791213131944}","source":"console","time":"2026-10-05T15:12:11Z"}
{"level":"info","msg":"{\"ev\":\"accepted\",\"id\":\"94dee048-8ab6-4e73-b70a-8359ba48399c\",\"t\":1791213132427}","source":"console","time":"2026-10-05T15:12:12Z"}
{"level":"info","msg":"{\"ev\":\"accepted\",\"id\":\"cf5fe18b-2c16-40eb-9aa5-6d33c93e1183\",\"t\":1791213132931}","source":"console","time":"2026-10-05T15:12:12Z"}
{"level":"info","msg":"{\"ev\":\"accepted\",\"id\":\"acac67c4-c32f-4e06-ba90-98ab79c79274\",\"t\":1791213133430}","source":"console","time":"2026-10-05T15:12:13Z"}
{"level":"info","msg":"{\"ev\":\"accepted\",\"id\":\"19d7a8be-1a05-448c-8571-ea8f7ac894a1\",\"t\":1791213133922}","source":"console","time":"2026-10-05T15:12:13Z"}
{"level":"info","msg":"{\"ev\":\"accepted\",\"id\":\"eb88f2fc-8475-4ad0-97a9-a8c965976ed6\",\"t\":1791213134429}","source":"console","time":"2026-10-05T15:12:14Z"}
{"level":"info","msg":"{\"ev\":\"accepted\",\"id\":\"bdad69fe-b9b0-446b-990e-cdcc352acfe2\",\"t\":1791213134935}","source":"console","time":"2026-10-05T15:12:14Z"}
{"level":"info","msg":"{\"ev\":\"accepted\",\"id\":\"222296f1-903c-4dcb-af6b-79d8b72be9dc\",\"t\":1791213135453}","source":"console","time":"2026-10-05T15:12:15Z"}
{"level":"info","msg":"{\"ev\":\"accepted\",\"id\":\"ef42b42b-95db-4f17-aa3c-2dd149215a34\",\"t\":1791213135945}","source":"console","time":"2026-10-05T15:12:15Z"}
{"level":"info","msg":"{\"ev\":\"accepted\",\"id\":\"a24901a6-bcd8-45b2-ac73-d89e4b256f6e\",\"t\":1791213136424}","source":"console","time":"2026-10-05T15:12:16Z"}
{"level":"info","msg":"{\"ev\":\"accepted\",\"id\":\"236199c4-ca42-442d-955a-66d63816ef9a\",\"t\":1791213136926}","source":"console","time":"2026-10-05T15:12:16Z"}
{"level":"info","msg":"{\"ev\":\"accepted\",\"id\":\"2750abca-d2b7-4798-a4ea-8b6765e5d039\",\"t\":1791213137445}","source":"console","time":"2026-10-05T15:12:17Z"}
{"level":"info","msg":"{\"ev\":\"accepted\",\"id\":\"f10eb07b-2e8d-40a0-80d1-13e4c32d8362\",\"t\":1791213137938}","source":"console","time":"2026-10-05T15:12:17Z"}
{"level":"info","msg":"{\"ev\":\"accepted\",\"id\":\"2f4afc29-7d03-4866-8627-2e0b27f1470a\",\"t\":1791213138427}","source":"console","time":"2026-10-05T15:12:18Z"}
{"level":"info","msg":"{\"ev\":\"accepted\",\"id\":\"1c95d90f-38a5-4617-8d73-b7d668afcc8f\",\"t\":1791213138924}","source":"console","time":"2026-10-05T15:12:18Z"}
{"level":"info","msg":"{\"ev\":\"accepted\",\"id\":\"e1820a4d-b146-46be-9193-639c494e9be8\",\"t\":1791213139426}","source":"console","time":"2026-10-05T15:12:19Z"}
{"level":"info","msg":"{\"ev\":\"accepted\",\"id\":\"31260421-0fc5-426c-a897-e1672e19ff46\",\"t\":1791213139943}","source":"console","time":"2026-10-05T15:12:19Z"}
{"level":"info","msg":"{\"ev\":\"accepted\",\"id\":\"a7824a6f-5cfd-46a5-87c4-87cbca1e27a9\",\"t\":1791213140445}","source":"console","time":"2026-10-05T15:12:20Z"}
{"level":"info","msg":"{\"ev\":\"accepted\",\"id\":\"e29cb220-cba2-48bb-8b95-fb3ea6b89627\",\"t\":1791213140925}","source":"console","time":"2026-10-05T15:12:20Z"}
{"level":"info","msg":"{\"ev\":\"accepted\",\"id\":\"b315becd-e762-4b98-b17b-3f40e7cd9c95\",\"t\":1791213141426}","source":"console","time":"2026-10-05T15:12:21Z"}
{"level":"info","msg":"{\"ev\":\"accepted\",\"id\":\"416718fb-39e6-4605-aaa2-64ab266c40bf\",\"t\":1791213141925}","source":"console","time":"2026-10-05T15:12:21Z"}
{"level":"info","msg":"{\"ev\":\"accepted\",\"id\":\"c3813a12-5c61-4b32-8e2d-325988c25f78\",\"t\":1791213142426}","source":"console","time":"2026-10-05T15:12:22Z"}
{"level":"info","msg":"{\"ev\":\"accepted\",\"id\":\"dbd205be-8512-4baf-abda-be97bf601670\",\"t\":1791213142922}","source":"console","time":"2026-10-05T15:12:22Z"}
{"level":"info","msg":"{\"ev\":\"accepted\",\"id\":\"fa3a77d4-d540-41d0-9d76-b301f21b4962\",\"t\":1791213143436}","source":"console","time":"2026-10-05T15:12:23Z"}
{"level":"info","msg":"{\"ev\":\"accepted\",\"id\":\"40ba50c9-7605-4b01-850a-906b14f60182\",\"t\":1791213143923}","source":"console","time":"2026-10-05T15:12:23Z"}
{"level":"info","msg":"{\"ev\":\"accepted\",\"id\":\"0fa543ec-2ccd-4524-9a55-99ddfcf28b2f\",\"t\":1791213144433}","source":"console","time":"2026-10-05T15:12:24Z"}
{"level":"info","msg":"{\"ev\":\"accepted\",\"id\":\"7f3970b3-3ac3-4dea-9bf9-479ec1eb3549\",\"t\":1791213144924}","source":"console","time":"2026-10-05T15:12:24Z"}
{"level":"info","msg":"{\"ev\":\"accepted\",\"id\":\"548b402f-0b35-4151-a806-363c0648bafb\",\"t\":1791213145436}","source":"console","time":"2026-10-05T15:12:25Z"}
{"level":"info","msg":"{\"ev\":\"accepted\",\"id\":\"7ee6bd0a-b74b-46c8-b7bd-199b206190a3\",\"t\":1791213145933}","source":"console","time":"2026-10-05T15:12:25Z"}
{"level":"info","msg":"{\"ev\":\"accepted\",\"id\":\"6827f762-6a7a-429b-9114-0b7884d6841a\",\"t\":1791213146439}","source":"console","time":"2026-10-05T15:12:26Z"}
{"level":"info","msg":"{\"ev\":\"accepted\",\"id\":\"2d8f90a4-783a-46a4-a1f7-f535bd2600b9\",\"t\":1791213146930}","source":"console","time":"2026-10-05T15:12:26Z"}
{"level":"info","msg":"{\"ev\":\"accepted\",\"id\":\"d1adecaa-643b-438d-99ed-ba4d43bf61fd\",\"t\":1791213147465}","source":"console","time":"2026-10-05T15:12:27Z"}
{"level":"info","msg":"{\"ev\":\"accepted\",\"id\":\"f377864e-35e9-4c0a-a9de-4db6309a5cb9\",\"t\":1791213147948}","source":"console","time":"2026-10-05T15:12:27Z"}
{"level":"info","msg":"{\"ev\":\"accepted\",\"id\":\"0fc97148-e9e7-4f3e-a1ea-97488611f4b0\",\"t\":1791213148426}","source":"console","time":"2026-10-05T15:12:28Z"}
{"level":"info","msg":"{\"ev\":\"accepted\",\"id\":\"205d89de-b98a-4a38-a1e6-27c4078f427a\",\"t\":1791213148978}","source":"console","time":"2026-10-05T15:12:28Z"}
{"level":"info","msg":"{\"ev\":\"accepted\",\"id\":\"20915bff-4fdf-4a57-89fc-183aa3d58d23\",\"t\":1791213149469}","source":"console","time":"2026-10-05T15:12:29Z"}
{"level":"info","msg":"{\"ev\":\"accepted\",\"id\":\"a4c23cfb-0339-4f4d-a70a-06953b195eac\",\"t\":1791213149922}","source":"console","time":"2026-10-05T15:12:29Z"}
{"level":"info","msg":"{\"ev\":\"accepted\",\"id\":\"9b0e215c-30b3-47c6-90f3-dd0b32e60b2f\",\"t\":1791213150424}","source":"console","time":"2026-10-05T15:12:30Z"}
{"level":"info","msg":"{\"ev\":\"accepted\",\"id\":\"213bad77-b7fc-4e99-aea4-ca781483e0bd\",\"t\":1791213150926}","source":"console","time":"2026-10-05T15:12:30Z"}
{"level":"info","msg":"{\"ev\":\"accepted\",\"id\":\"25ead2aa-eae9-4b9c-a4b9-afaed731a129\",\"t\":1791213151444}","source":"console","time":"2026-10-05T15:12:31Z"}
{"level":"info","msg":"{\"ev\":\"accepted\",\"id\":\"e433399d-1c31-4511-931a-25fefb8dd48a\",\"t\":1791213151938}","source":"console","time":"2026-10-05T15:12:31Z"}
{"level":"info","msg":"{\"ev\":\"accepted\",\"id\":\"97089395-a99a-407b-b758-fc1ff57c207b\",\"t\":1791213152450}","source":"console","time":"2026-10-05T15:12:32Z"}
{"level":"info","msg":"{\"ev\":\"accepted\",\"id\":\"dc244ce6-3446-48bb-a651-ae3ef9c7aacd\",\"t\":1791213152931}","source":"console","time":"2026-10-05T15:12:32Z"}
{"level":"info","msg":"{\"ev\":\"accepted\",\"id\":\"667012a0-a5c4-4e53-9736-9b32b651efe4\",\"t\":1791213153429}","source":"console","time":"2026-10-05T15:12:33Z"}
{"level":"info","msg":"{\"ev\":\"accepted\",\"id\":\"f877a457-c84c-4943-8750-7b5bd3e9b29e\",\"t\":1791213153924}","source":"console","time":"2026-10-05T15:12:33Z"}
{"level":"info","msg":"{\"ev\":\"accepted\",\"id\":\"36dfb610-1a7a-443d-8127-c4adb4510663\",\"t\":1791213154427}","source":"console","time":"2026-10-05T15:12:34Z"}
{"level":"info","msg":"{\"ev\":\"accepted\",\"id\":\"756b3ba9-ce81-4cfb-ade1-f2a5449c5616\",\"t\":1791213154929}","source":"console","time":"2026-10-05T15:12:34Z"}
{"level":"info","msg":"{\"ev\":\"accepted\",\"id\":\"241fac74-2a71-4b48-98b7-99d92a81a4c7\",\"t\":1791213155431}","source":"console","time":"2026-10-05T15:12:35Z"}
{"level":"info","msg":"{\"ev\":\"accepted\",\"id\":\"6602d4ce-7bca-480f-9863-e0b830131afa\",\"t\":1791213155929}","source":"console","time":"2026-10-05T15:12:35Z"}
{"level":"info","msg":"{\"ev\":\"accepted\",\"id\":\"80f4d6eb-baae-4965-a489-45fe5da4603c\",\"t\":1791213156429}","source":"console","time":"2026-10-05T15:12:36Z"}
{"level":"info","msg":"{\"ev\":\"accepted\",\"id\":\"c204f396-fa95-4f52-a3e0-fb49413bdb24\",\"t\":1791213156942}","source":"console","time":"2026-10-05T15:12:36Z"}
{"level":"info","msg":"{\"ev\":\"accepted\",\"id\":\"5b593ed5-5883-4a23-95a4-8a188dd99e19\",\"t\":1791213157429}","source":"console","time":"2026-10-05T15:12:37Z"}
{"level":"info","msg":"{\"ev\":\"accepted\",\"id\":\"12f35a0c-d84f-47a1-8e65-b3ebf5983984\",\"t\":1791213157923}","source":"console","time":"2026-10-05T15:12:37Z"}
{"level":"info","msg":"{\"ev\":\"accepted\",\"id\":\"33305288-7e64-4718-8d9d-be8480f70c22\",\"t\":1791213158452}","source":"console","time":"2026-10-05T15:12:38Z"}
{"level":"info","msg":"{\"ev\":\"accepted\",\"id\":\"18eef24c-9610-43f3-87af-5307682f15ec\",\"t\":1791213158926}","source":"console","time":"2026-10-05T15:12:38Z"}
{"level":"info","msg":"{\"ev\":\"accepted\",\"id\":\"261241d3-cacd-4f53-bf22-b43477228644\",\"t\":1791213159432}","source":"console","time":"2026-10-05T15:12:39Z"}
{"level":"info","msg":"{\"ev\":\"accepted\",\"id\":\"cc0fef36-a41c-4cbd-80dc-38eeffb8ec5e\",\"t\":1791213159922}","source":"console","time":"2026-10-05T15:12:39Z"}
{"level":"info","msg":"{\"ev\":\"accepted\",\"id\":\"16120975-2cad-4a55-b134-4f037d78899d\",\"t\":1791213160431}","source":"console","time":"2026-10-05T15:12:40Z"}
{"level":"info","msg":"{\"ev\":\"accepted\",\"id\":\"8bf47180-7842-48c0-beee-0d4340909fba\",\"t\":1791213160931}","source":"console","time":"2026-10-05T15:12:40Z"}
{"level":"info","msg":"{\"ev\":\"accepted\",\"id\":\"43f52c2d-69d8-4847-a6b8-de18385f6dad\",\"t\":1791213161428}","source":"console","time":"2026-10-05T15:12:41Z"}
{"level":"info","msg":"{\"ev\":\"accepted\",\"id\":\"1c660862-95aa-4f46-9ea4-337b945dde35\",\"t\":1791213161936}","source":"console","time":"2026-10-05T15:12:41Z"}
{"level":"info","msg":"{\"ev\":\"accepted\",\"id\":\"628b662b-651d-4d1a-9bf1-f5b31f548170\",\"t\":1791213162429}","source":"console","time":"2026-10-05T15:12:42Z"}
{"level":"info","msg":"{\"ev\":\"accepted\",\"id\":\"a53f6765-81e5-450e-8db9-14574c09b1fc\",\"t\":1791213162923}","source":"console","time":"2026-10-05T15:12:42Z"}
{"level":"info","msg":"{\"ev\":\"accepted\",\"id\":\"9e17ba0b-946d-4040-a8be-d8645e55c99f\",\"t\":1791213163439}","source":"console","time":"2026-10-05T15:12:43Z"}
{"level":"info","msg":"{\"ev\":\"accepted\",\"id\":\"a9b3b1e4-9df1-4349-be30-594d97d22502\",\"t\":1791213163946}","source":"console","time":"2026-10-05T15:12:43Z"}
{"level":"info","msg":"{\"ev\":\"accepted\",\"id\":\"90fbc948-1b84-4fa2-9afb-f5da953ddcd7\",\"t\":1791213164442}","source":"console","time":"2026-10-05T15:12:44Z"}
{"level":"info","msg":"{\"ev\":\"accepted\",\"id\":\"3e51641d-45a3-4eae-adc9-4fc174cb6dcb\",\"t\":1791213164944}","source":"console","time":"2026-10-05T15:12:44Z"}
{"level":"info","msg":"{\"ev\":\"accepted\",\"id\":\"9d099890-26ec-4790-87ad-2612bb42be56\",\"t\":1791213165427}","source":"console","time":"2026-10-05T15:12:45Z"}
{"level":"info","msg":"{\"ev\":\"accepted\",\"id\":\"d50ac727-b68f-4fe0-8383-31940f0207bd\",\"t\":1791213165959}","source":"console","time":"2026-10-05T15:12:45Z"}
{"level":"info","msg":"{\"ev\":\"accepted\",\"id\":\"1b44ef5e-1158-41dc-ab22-5355106a345e\",\"t\":1791213166451}","source":"console","time":"2026-10-05T15:12:46Z"}
{"level":"info","msg":"{\"ev\":\"accepted\",\"id\":\"09ed5863-3b3f-4432-aa6a-af159ed02db9\",\"t\":1791213166923}","source":"console","time":"2026-10-05T15:12:46Z"}
{"level":"info","msg":"{\"ev\":\"accepted\",\"id\":\"a7a645bf-9b22-49db-9363-abfd8d24b0a3\",\"t\":1791213167432}","source":"console","time":"2026-10-05T15:12:47Z"}
{"level":"info","msg":"{\"ev\":\"accepted\",\"id\":\"374e4b78-a97c-4919-956d-ca417df8dbe0\",\"t\":1791213167923}","source":"console","time":"2026-10-05T15:12:47Z"}
{"level":"info","msg":"{\"ev\":\"accepted\",\"id\":\"e1168259-a301-4fb5-b32b-1dc8f067dfb5\",\"t\":1791213168435}","source":"console","time":"2026-10-05T15:12:48Z"}
{"level":"info","msg":"{\"ev\":\"accepted\",\"id\":\"4cdeef67-4d2e-4357-938c-5ea5a6ec6fef\",\"t\":1791213168928}","source":"console","time":"2026-10-05T15:12:48Z"}
{"level":"info","msg":"{\"ev\":\"accepted\",\"id\":\"d682ab36-0887-4e36-869d-fea26549ecc5\",\"t\":1791213169428}","source":"console","time":"2026-10-05T15:12:49Z"}
{"level":"info","msg":"{\"ev\":\"accepted\",\"id\":\"dc4d7cca-eb1d-4843-9bef-7ac54dc8b83b\",\"t\":1791213169932}","source":"console","time":"2026-10-05T15:12:49Z"}
{"level":"info","msg":"{\"ev\":\"accepted\",\"id\":\"e8e4f5d8-92de-4bcc-9857-0f41ee7cc895\",\"t\":1791213170426}","source":"console","time":"2026-10-05T15:12:50Z"}
{"level":"info","msg":"{\"ev\":\"accepted\",\"id\":\"b6decd05-9931-4f92-b807-3ca9120d965c\",\"t\":1791213170924}","source":"console","time":"2026-10-05T15:12:50Z"}
{"level":"info","msg":"{\"ev\":\"accepted\",\"id\":\"c8fd25b3-0690-4c8a-9252-709860f9380e\",\"t\":1791213171432}","source":"console","time":"2026-10-05T15:12:51Z"}
{"level":"info","msg":"{\"ev\":\"accepted\",\"id\":\"21a72cca-961b-41a2-ba87-ef5d2b883a5b\",\"t\":1791213171925}","source":"console","time":"2026-10-05T15:12:51Z"}
{"level":"info","msg":"{\"ev\":\"accepted\",\"id\":\"e307b22f-4909-4ba3-bab4-ac49dacf361e\",\"t\":1791213172428}","source":"console","time":"2026-10-05T15:12:52Z"}
{"level":"info","msg":"{\"ev\":\"accepted\",\"id\":\"a4376a78-f4fe-4039-b4de-b704f4a53187\",\"t\":1791213172922}","source":"console","time":"2026-10-05T15:12:52Z"}
{"level":"info","msg":"{\"ev\":\"accepted\",\"id\":\"3ef5e03c-fbe0-4d3a-96bb-0b5def90751b\",\"t\":1791213173425}","source":"console","time":"2026-10-05T15:12:53Z"}
{"level":"info","msg":"{\"ev\":\"accepted\",\"id\":\"bc0faeca-6b34-4819-aef2-2e26c1fa9fa1\",\"t\":1791213173884}","source":"console","time":"2026-10-05T15:12:53Z"}
{"level":"info","msg":"{\"ev\":\"accepted\",\"id\":\"1ade67af-430f-4ff1-89a7-4aee5e22a374\",\"t\":1791213174326}","source":"console","time":"2026-10-05T15:12:54Z"}
{"level":"info","msg":"{\"ev\":\"accepted\",\"id\":\"d8ea8289-42dc-4333-bbc1-1ca0748f4964\",\"t\":1791213174780}","source":"console","time":"2026-10-05T15:12:54Z"}
{"level":"info","msg":"{\"ev\":\"accepted\",\"id\":\"a4ccba26-6bc5-4e6b-8a0b-51ff45fbaa4a\",\"t\":1791213175176}","source":"console","time":"2026-10-05T15:12:55Z"}
{"level":"info","msg":"{\"ev\":\"accepted\",\"id\":\"62975846-bad1-48b9-9a92-836370cc8de4\",\"t\":1791213175602}","source":"console","time":"2026-10-05T15:12:55Z"}
{"level":"info","msg":"{\"ev\":\"accepted\",\"id\":\"9c05cbd7-5262-4360-8563-568a2d02d972\",\"t\":1791213175979}","source":"console","time":"2026-10-05T15:12:55Z"}
{"level":"info","msg":"{\"ev\":\"accepted\",\"id\":\"c32c2112-fbc3-4f3b-a240-05a08440e3ba\",\"t\":1791213176350}","source":"console","time":"2026-10-05T15:12:56Z"}
{"level":"info","msg":"{\"ev\":\"accepted\",\"id\":\"e54d8af5-a7c1-4d62-8810-bd603efe2edb\",\"t\":1791213176721}","source":"console","time":"2026-10-05T15:12:56Z"}
{"level":"info","msg":"{\"ev\":\"accepted\",\"id\":\"d5b423cc-3c7f-4372-923e-8c14f7cf0cef\",\"t\":1791213177103}","source":"console","time":"2026-10-05T15:12:57Z"}
{"level":"info","msg":"{\"ev\":\"accepted\",\"id\":\"3183e317-0a98-4743-a278-0eb4d0f8ee2d\",\"t\":1791213177437}","source":"console","time":"2026-10-05T15:12:57Z"}
{"level":"info","msg":"{\"ev\":\"accepted\",\"id\":\"8fdb9aa5-bfe6-44f8-8221-3f16a62dae75\",\"t\":1791213177766}","source":"console","time":"2026-10-05T15:12:57Z"}
{"level":"info","msg":"{\"ev\":\"accepted\",\"id\":\"93c1df6d-a934-45ba-b34a-76e3dc59319e\",\"t\":1791213178090}","source":"console","time":"2026-10-05T15:12:58Z"}
{"level":"info","msg":"{\"ev\":\"accepted\",\"id\":\"59beff42-132a-48f0-b4e2-3c39bab90439\",\"t\":1791213178428}","source":"console","time":"2026-10-05T15:12:58Z"}
{"level":"info","msg":"{\"ev\":\"accepted\",\"id\":\"065c386d-6830-4c8a-a633-757f97bd3d32\",\"t\":1791213178776}","source":"console","time":"2026-10-05T15:12:58Z"}
{"level":"info","msg":"{\"ev\":\"accepted\",\"id\":\"8195966c-bf62-4994-b9ed-9eb7eb79898d\",\"t\":1791213179103}","source":"console","time":"2026-10-05T15:12:59Z"}
{"level":"info","msg":"{\"ev\":\"accepted\",\"id\":\"d57b6532-4205-4125-ae7b-735ec1b99a20\",\"t\":1791213179433}","source":"console","time":"2026-10-05T15:12:59Z"}
{"level":"info","msg":"{\"ev\":\"accepted\",\"id\":\"c131fb74-acf4-4197-85a8-45b877d7a3d6\",\"t\":1791213179761}","source":"console","time":"2026-10-05T15:12:59Z"}
{"level":"info","msg":"{\"ev\":\"accepted\",\"id\":\"57579840-7f7b-4cb1-8d82-d4f457be0883\",\"t\":1791213180092}","source":"console","time":"2026-10-05T15:13:00Z"}
{"level":"info","msg":"{\"ev\":\"accepted\",\"id\":\"db535891-2fac-4f12-b27f-f2e21b6386fc\",\"t\":1791213180423}","source":"console","time":"2026-10-05T15:13:00Z"}
{"level":"info","msg":"{\"ev\":\"accepted\",\"id\":\"726b3f5f-62d5-441e-8836-36bad67470c1\",\"t\":1791213180756}","source":"console","time":"2026-10-05T15:13:00Z"}
{"level":"info","msg":"{\"ev\":\"accepted\",\"id\":\"c9046505-1a44-40f7-8bab-ed96b971fe20\",\"t\":1791213181092}","source":"console","time":"2026-10-05T15:13:01Z"}
{"level":"info","msg":"{\"ev\":\"accepted\",\"id\":\"220d21c7-acfc-4de7-9e97-82f85ec9f03f\",\"t\":1791213181425}","source":"console","time":"2026-10-05T15:13:01Z"}
{"level":"info","msg":"{\"ev\":\"accepted\",\"id\":\"f4bee4c2-7de6-41b8-8663-321d6d5f51d6\",\"t\":1791213181756}","source":"console","time":"2026-10-05T15:13:01Z"}
{"level":"info","msg":"{\"ev\":\"accepted\",\"id\":\"0c4ca07d-3039-43cf-9609-4ecaff6e12aa\",\"t\":1791213182118}","source":"console","time":"2026-10-05T15:13:02Z"}
{"level":"info","msg":"{\"ev\":\"accepted\",\"id\":\"2c72bb0d-a181-4b00-b48b-ea614a27b2c3\",\"t\":1791213182425}","source":"console","time":"2026-10-05T15:13:02Z"}
{"level":"info","msg":"{\"ev\":\"accepted\",\"id\":\"d3bf2c01-ece4-420a-b6d2-13b4b94961d5\",\"t\":1791213182757}","source":"console","time":"2026-10-05T15:13:02Z"}
{"level":"info","msg":"{\"ev\":\"accepted\",\"id\":\"c47af65b-1ffc-4564-8ff0-ced5df9c0cf8\",\"t\":1791213183090}","source":"console","time":"2026-10-05T15:13:03Z"}
{"level":"info","msg":"{\"ev\":\"accepted\",\"id\":\"87e5af2f-5f88-4284-87aa-367c29660e95\",\"t\":1791213183423}","source":"console","time":"2026-10-05T15:13:03Z"}
{"level":"info","msg":"{\"ev\":\"accepted\",\"id\":\"b35ea9f9-3a98-46fc-8f59-7da52a99d26d\",\"t\":1791213183756}","source":"console","time":"2026-10-05T15:13:03Z"}
{"level":"info","msg":"{\"ev\":\"accepted\",\"id\":\"99e2b4da-57ce-4081-9edc-0cfe1ffd8ea3\",\"t\":1791213184091}","source":"console","time":"2026-10-05T15:13:04Z"}
{"level":"info","msg":"{\"ev\":\"accepted\",\"id\":\"18e2c2ca-914c-402a-a482-9b9fefc78fe7\",\"t\":1791213184424}","source":"console","time":"2026-10-05T15:13:04Z"}
{"level":"info","msg":"{\"ev\":\"accepted\",\"id\":\"54a180d2-0231-4224-95d5-f2cfb3f705e9\",\"t\":1791213184756}","source":"console","time":"2026-10-05T15:13:04Z"}
{"level":"info","msg":"{\"ev\":\"accepted\",\"id\":\"e8b52e12-05d0-4922-8f91-08d650d3f5f4\",\"t\":1791213185096}","source":"console","time":"2026-10-05T15:13:05Z"}
{"level":"info","msg":"{\"ev\":\"accepted\",\"id\":\"5d805558-f15d-4746-a996-4ed608509bed\",\"t\":1791213185430}","source":"console","time":"2026-10-05T15:13:05Z"}
{"level":"info","msg":"{\"ev\":\"accepted\",\"id\":\"f5f4d3ec-f77f-40fc-b709-f9ce5bbe44d2\",\"t\":1791213185758}","source":"console","time":"2026-10-05T15:13:05Z"}
{"level":"info","msg":"{\"ev\":\"accepted\",\"id\":\"20378937-2d59-4c26-a690-824754f0b0df\",\"t\":1791213186113}","source":"console","time":"2026-10-05T15:13:06Z"}
{"level":"info","msg":"{\"ev\":\"accepted\",\"id\":\"6e2c8218-edd6-4f9b-8a8b-debc7973c6ff\",\"t\":1791213186446}","source":"console","time":"2026-10-05T15:13:06Z"}
{"level":"info","msg":"{\"ev\":\"accepted\",\"id\":\"0ff85d55-8114-419a-9c3a-65f62606173e\",\"t\":1791213186766}","source":"console","time":"2026-10-05T15:13:06Z"}
{"level":"info","msg":"{\"ev\":\"accepted\",\"id\":\"24ea3691-fc40-4a44-8abe-17e0978872c3\",\"t\":1791213187093}","source":"console","time":"2026-10-05T15:13:07Z"}
{"level":"info","msg":"{\"ev\":\"accepted\",\"id\":\"208ca7e4-f077-4b2a-ae5b-3372292d3afb\",\"t\":1791213187433}","source":"console","time":"2026-10-05T15:13:07Z"}
{"level":"info","msg":"{\"ev\":\"accepted\",\"id\":\"d4893aa7-5bce-4bb9-a391-de0c9f319685\",\"t\":1791213187759}","source":"console","time":"2026-10-05T15:13:07Z"}
{"level":"info","msg":"{\"ev\":\"accepted\",\"id\":\"9b75ae18-020f-4a41-9f5c-813eccab2476\",\"t\":1791213188094}","source":"console","time":"2026-10-05T15:13:08Z"}
{"level":"info","msg":"{\"ev\":\"accepted\",\"id\":\"361d9633-8a35-4752-b4a9-664de7987c09\",\"t\":1791213188445}","source":"console","time":"2026-10-05T15:13:08Z"}
{"level":"info","msg":"{\"ev\":\"accepted\",\"id\":\"0c99969f-95c1-469a-ac5a-ec41996c5470\",\"t\":1791213188773}","source":"console","time":"2026-10-05T15:13:08Z"}
{"level":"info","msg":"{\"ev\":\"accepted\",\"id\":\"cde726e3-d256-4b8d-a266-1f4eff142b71\",\"t\":1791213189109}","source":"console","time":"2026-10-05T15:13:09Z"}
{"level":"info","msg":"{\"ev\":\"accepted\",\"id\":\"f16af9dd-8348-498c-a4c9-e4c53bd70291\",\"t\":1791213189444}","source":"console","time":"2026-10-05T15:13:09Z"}
{"level":"info","msg":"{\"ev\":\"accepted\",\"id\":\"ea6aa27a-47c3-42ea-b1ad-a67463b0f1c9\",\"t\":1791213189766}","source":"console","time":"2026-10-05T15:13:09Z"}
{"level":"info","msg":"{\"ev\":\"accepted\",\"id\":\"7a53555c-dfc5-4980-a051-e7c333b74e43\",\"t\":1791213190096}","source":"console","time":"2026-10-05T15:13:10Z"}
{"level":"info","msg":"{\"ev\":\"accepted\",\"id\":\"c55cce53-f255-43c4-be2d-44f897a7a452\",\"t\":1791213190425}","source":"console","time":"2026-10-05T15:13:10Z"}
{"level":"info","msg":"{\"ev\":\"accepted\",\"id\":\"f05573b4-5aa7-4a75-bc47-a965273b7be4\",\"t\":1791213190759}","source":"console","time":"2026-10-05T15:13:10Z"}
{"level":"info","msg":"{\"ev\":\"accepted\",\"id\":\"26847b7d-7753-4ade-9b0a-743d47304bf8\",\"t\":1791213191090}","source":"console","time":"2026-10-05T15:13:11Z"}
{"level":"info","msg":"{\"ev\":\"accepted\",\"id\":\"62304aa5-57a0-4914-bcdf-b3f87a8d70f1\",\"t\":1791213191423}","source":"console","time":"2026-10-05T15:13:11Z"}
{"level":"info","msg":"{\"ev\":\"accepted\",\"id\":\"2682b9e2-09ad-47a4-aba6-4ea9bb245b87\",\"t\":1791213191764}","source":"console","time":"2026-10-05T15:13:11Z"}
{"level":"info","msg":"{\"ev\":\"accepted\",\"id\":\"1cf418ed-e4ad-452b-b9b1-8f444d47aa49\",\"t\":1791213192100}","source":"console","time":"2026-10-05T15:13:12Z"}
{"level":"info","msg":"{\"ev\":\"accepted\",\"id\":\"7476ab26-4ec5-4519-a12a-24aaaae15c97\",\"t\":1791213192443}","source":"console","time":"2026-10-05T15:13:12Z"}
{"level":"info","msg":"{\"ev\":\"accepted\",\"id\":\"253f3406-7935-49c1-9af3-3346b221ed8d\",\"t\":1791213192766}","source":"console","time":"2026-10-05T15:13:12Z"}
{"level":"info","msg":"{\"ev\":\"accepted\",\"id\":\"cfcf1604-667d-4795-ad74-8fe6b2499de9\",\"t\":1791213193096}","source":"console","time":"2026-10-05T15:13:13Z"}
{"level":"info","msg":"{\"ev\":\"accepted\",\"id\":\"dab18deb-ffbd-4c24-9698-19e3f573a078\",\"t\":1791213193430}","source":"console","time":"2026-10-05T15:13:13Z"}
{"level":"info","msg":"{\"ev\":\"accepted\",\"id\":\"65df6f46-77dc-4892-a527-987fac00707e\",\"t\":1791213193773}","source":"console","time":"2026-10-05T15:13:13Z"}
{"level":"info","msg":"{\"ev\":\"accepted\",\"id\":\"9581bd25-f82a-4b48-9577-c28ee71f723b\",\"t\":1791213194101}","source":"console","time":"2026-10-05T15:13:14Z"}
{"level":"info","msg":"{\"ev\":\"accepted\",\"id\":\"e498246f-83b9-4d97-95f6-e38b33ed917a\",\"t\":1791213194426}","source":"console","time":"2026-10-05T15:13:14Z"}
{"level":"info","msg":"{\"ev\":\"accepted\",\"id\":\"ec19bec3-c8af-48cd-a792-4e2bdcbd0dcd\",\"t\":1791213194756}","source":"console","time":"2026-10-05T15:13:14Z"}
{"level":"info","msg":"{\"ev\":\"accepted\",\"id\":\"aa143998-d3ff-4095-847f-44b649da725e\",\"t\":1791213195090}","source":"console","time":"2026-10-05T15:13:15Z"}
{"level":"info","msg":"{\"ev\":\"accepted\",\"id\":\"6b4a2d43-a86a-430c-86ad-e828de888595\",\"t\":1791213195436}","source":"console","time":"2026-10-05T15:13:15Z"}
{"level":"info","msg":"{\"ev\":\"accepted\",\"id\":\"3c9b0371-8273-4019-b5ee-c548503ccc37\",\"t\":1791213195801}","source":"console","time":"2026-10-05T15:13:15Z"}
{"level":"info","msg":"{\"ev\":\"accepted\",\"id\":\"072cb645-a52a-4b5d-990d-6dedf0d1163f\",\"t\":1791213196111}","source":"console","time":"2026-10-05T15:13:16Z"}
{"level":"info","msg":"{\"ev\":\"accepted\",\"id\":\"90124b67-f71d-45bc-9754-7dab3f67be25\",\"t\":1791213196442}","source":"console","time":"2026-10-05T15:13:16Z"}
{"level":"info","msg":"{\"ev\":\"accepted\",\"id\":\"9d93be03-4fc8-46ab-a3aa-7deaf66de2f1\",\"t\":1791213196756}","source":"console","time":"2026-10-05T15:13:16Z"}
{"level":"info","msg":"{\"ev\":\"accepted\",\"id\":\"733653aa-6063-4ba9-9f43-83c21e57ded6\",\"t\":1791213197096}","source":"console","time":"2026-10-05T15:13:17Z"}
{"level":"info","msg":"{\"ev\":\"accepted\",\"id\":\"c545afae-8988-4064-a6f8-70a1ec310e09\",\"t\":1791213197475}","source":"console","time":"2026-10-05T15:13:17Z"}
{"level":"info","msg":"{\"ev\":\"accepted\",\"id\":\"e3fca077-3cc9-45e1-a40a-12abf69c8edf\",\"t\":1791213197787}","source":"console","time":"2026-10-05T15:13:17Z"}
{"level":"info","msg":"{\"ev\":\"accepted\",\"id\":\"74e59301-0134-485c-a81b-57a571608dc0\",\"t\":1791213198090}","source":"console","time":"2026-10-05T15:13:18Z"}
{"level":"info","msg":"{\"ev\":\"accepted\",\"id\":\"faf11a40-0a72-496c-8e60-e189a102e832\",\"t\":1791213198436}","source":"console","time":"2026-10-05T15:13:18Z"}
{"level":"info","msg":"{\"ev\":\"accepted\",\"id\":\"70b6cf15-6933-4ffa-8754-dcb70f5ddf3e\",\"t\":1791213198758}","source":"console","time":"2026-10-05T15:13:18Z"}
{"level":"info","msg":"{\"ev\":\"accepted\",\"id\":\"e0642d0e-abc8-4336-9552-c60575cb2306\",\"t\":1791213199089}","source":"console","time":"2026-10-05T15:13:19Z"}
{"level":"info","msg":"{\"ev\":\"accepted\",\"id\":\"fdd2f401-b03f-47af-bd07-5c0e654e1a0d\",\"t\":1791213199425}","source":"console","time":"2026-10-05T15:13:19Z"}
{"level":"info","msg":"{\"ev\":\"accepted\",\"id\":\"c72438b9-167d-4bd3-b06a-e442f23783a9\",\"t\":1791213199755}","source":"console","time":"2026-10-05T15:13:19Z"}
{"level":"info","msg":"{\"ev\":\"accepted\",\"id\":\"4793d9f7-5d58-460c-917d-836685186059\",\"t\":1791213200088}","source":"console","time":"2026-10-05T15:13:20Z"}
{"level":"info","msg":"{\"ev\":\"accepted\",\"id\":\"03b37673-0bb9-4107-9b1d-d33884563922\",\"t\":1791213200435}","source":"console","time":"2026-10-05T15:13:20Z"}
{"level":"info","msg":"{\"ev\":\"accepted\",\"id\":\"c027852f-bfe9-47e2-8252-233bcb5db571\",\"t\":1791213200761}","source":"console","time":"2026-10-05T15:13:20Z"}
{"level":"info","msg":"{\"ev\":\"accepted\",\"id\":\"7860ec2f-d6ab-4fae-b0fd-099ac54f8412\",\"t\":1791213201096}","source":"console","time":"2026-10-05T15:13:21Z"}
{"level":"info","msg":"{\"ev\":\"accepted\",\"id\":\"77597120-86f2-4127-89c3-68be975b606a\",\"t\":1791213201431}","source":"console","time":"2026-10-05T15:13:21Z"}
{"level":"info","msg":"{\"ev\":\"accepted\",\"id\":\"5735556f-9b4c-4ae7-bfd7-527b04b4451a\",\"t\":1791213201760}","source":"console","time":"2026-10-05T15:13:21Z"}
{"level":"info","msg":"{\"ev\":\"accepted\",\"id\":\"7f961c25-e004-48f7-b7f6-1ab06f4658bd\",\"t\":1791213202089}","source":"console","time":"2026-10-05T15:13:22Z"}
{"level":"info","msg":"{\"ev\":\"accepted\",\"id\":\"b51637e8-dc9e-4854-a9f1-1180a888adef\",\"t\":1791213202439}","source":"console","time":"2026-10-05T15:13:22Z"}
{"level":"info","msg":"{\"ev\":\"accepted\",\"id\":\"def1bb41-e378-4335-9b5a-f4669b86d9a9\",\"t\":1791213202757}","source":"console","time":"2026-10-05T15:13:22Z"}
{"level":"info","msg":"{\"ev\":\"accepted\",\"id\":\"6d37276e-ceb4-4ebe-aaa9-065bf38aa91a\",\"t\":1791213203097}","source":"console","time":"2026-10-05T15:13:23Z"}
{"level":"info","msg":"{\"ev\":\"accepted\",\"id\":\"3552bab5-d0f7-4c6a-8e83-41b23bf52713\",\"t\":1791213203423}","source":"console","time":"2026-10-05T15:13:23Z"}
{"level":"info","msg":"{\"ev\":\"accepted\",\"id\":\"09c01bbb-1ea0-4c8e-8582-0374ffb6a3b5\",\"t\":1791213203765}","source":"console","time":"2026-10-05T15:13:23Z"}
{"level":"info","msg":"{\"ev\":\"accepted\",\"id\":\"c3febfb1-c6a0-4a05-9d76-a8534138bb79\",\"t\":1791213204095}","source":"console","time":"2026-10-05T15:13:24Z"}
{"level":"info","msg":"{\"ev\":\"accepted\",\"id\":\"dd6c1d1c-79c2-4150-a050-4a3cfe020ef5\",\"t\":1791213204445}","source":"console","time":"2026-10-05T15:13:24Z"}
{"level":"info","msg":"{\"ev\":\"accepted\",\"id\":\"050dded2-ebbd-437f-a144-ac542e75be6d\",\"t\":1791213204772}","source":"console","time":"2026-10-05T15:13:24Z"}
{"level":"info","msg":"{\"ev\":\"accepted\",\"id\":\"e54074d2-b90a-429c-8b8e-a5752acf47e4\",\"t\":1791213205115}","source":"console","time":"2026-10-05T15:13:25Z"}
{"level":"info","msg":"{\"ev\":\"accepted\",\"id\":\"2a318700-3ad9-47ce-bece-8a359d0ff133\",\"t\":1791213205431}","source":"console","time":"2026-10-05T15:13:25Z"}
{"level":"info","msg":"{\"ev\":\"accepted\",\"id\":\"31396989-34dc-46e9-b2a9-a9b9941da47d\",\"t\":1791213205758}","source":"console","time":"2026-10-05T15:13:25Z"}
{"level":"info","msg":"{\"ev\":\"accepted\",\"id\":\"e7bc8514-f2bc-4f69-8ccc-4dfa8357cdc4\",\"t\":1791213206090}","source":"console","time":"2026-10-05T15:13:26Z"}
{"level":"info","msg":"{\"ev\":\"accepted\",\"id\":\"fb2d2115-38a6-4b5c-a46c-12495adc8e07\",\"t\":1791213206423}","source":"console","time":"2026-10-05T15:13:26Z"}
{"level":"info","msg":"{\"ev\":\"accepted\",\"id\":\"ae9b5467-64d5-416b-a25d-b8b66a1f6887\",\"t\":1791213206758}","source":"console","time":"2026-10-05T15:13:26Z"}
{"level":"info","msg":"{\"ev\":\"accepted\",\"id\":\"ba25020a-ed0e-4dc3-881d-a35ac2f2f583\",\"t\":1791213207096}","source":"console","time":"2026-10-05T15:13:27Z"}
{"level":"info","msg":"{\"ev\":\"accepted\",\"id\":\"700e7340-9708-424b-801f-a9f3a456cd1a\",\"t\":1791213207424}","source":"console","time":"2026-10-05T15:13:27Z"}
{"level":"info","msg":"{\"ev\":\"accepted\",\"id\":\"546ee796-ef2d-4575-9c62-8a5f8b698b11\",\"t\":1791213207755}","source":"console","time":"2026-10-05T15:13:27Z"}
{"level":"info","msg":"{\"ev\":\"accepted\",\"id\":\"567263df-4a1b-4b15-a160-d446d42b834c\",\"t\":1791213208091}","source":"console","time":"2026-10-05T15:13:28Z"}
{"level":"info","msg":"{\"ev\":\"accepted\",\"id\":\"b22e6615-a3db-428c-a3b5-1412218e4f1f\",\"t\":1791213208424}","source":"console","time":"2026-10-05T15:13:28Z"}
{"level":"info","msg":"{\"ev\":\"accepted\",\"id\":\"f9b903e0-ec67-4c77-a173-53bc7282dc5c\",\"t\":1791213208777}","source":"console","time":"2026-10-05T15:13:28Z"}
{"level":"info","msg":"{\"ev\":\"accepted\",\"id\":\"28de3698-f304-4ea4-b7c0-833319668087\",\"t\":1791213209121}","source":"console","time":"2026-10-05T15:13:29Z"}
{"level":"info","msg":"{\"ev\":\"accepted\",\"id\":\"52de3e25-12d4-41e3-a447-b04b87b9a13a\",\"t\":1791213209430}","source":"console","time":"2026-10-05T15:13:29Z"}
{"level":"info","msg":"{\"ev\":\"accepted\",\"id\":\"df4016d0-632a-4d63-bab0-20ba508fb54e\",\"t\":1791213209782}","source":"console","time":"2026-10-05T15:13:29Z"}
{"level":"info","msg":"{\"ev\":\"accepted\",\"id\":\"86b5d34f-9d17-46f6-bbc9-c805d350a6ec\",\"t\":1791213210109}","source":"console","time":"2026-10-05T15:13:30Z"}
{"level":"info","msg":"{\"ev\":\"accepted\",\"id\":\"8bb7db06-8f9a-4255-8964-7e5c89e2012c\",\"t\":1791213210451}","source":"console","time":"2026-10-05T15:13:30Z"}
{"level":"info","msg":"{\"ev\":\"accepted\",\"id\":\"09d05f90-a849-4a89-be64-27c9b26dc89f\",\"t\":1791213210773}","source":"console","time":"2026-10-05T15:13:30Z"}
{"level":"info","msg":"{\"ev\":\"accepted\",\"id\":\"a2566e0e-85ef-4605-9917-a60e0c1b5b6e\",\"t\":1791213211091}","source":"console","time":"2026-10-05T15:13:31Z"}
{"level":"info","msg":"{\"ev\":\"accepted\",\"id\":\"130c14d5-024e-4fdf-a7f1-f18f45795cad\",\"t\":1791213211431}","source":"console","time":"2026-10-05T15:13:31Z"}
{"level":"info","msg":"{\"ev\":\"accepted\",\"id\":\"ef555a9e-fb6f-41b8-9f74-52d39cfa2c29\",\"t\":1791213211764}","source":"console","time":"2026-10-05T15:13:31Z"}
{"level":"info","msg":"{\"ev\":\"accepted\",\"id\":\"0e59aa2a-e3df-4217-9ff4-51007c4501ea\",\"t\":1791213212091}","source":"console","time":"2026-10-05T15:13:32Z"}
{"level":"info","msg":"{\"ev\":\"accepted\",\"id\":\"defcef3d-d9e8-415c-a556-503b1907a7d5\",\"t\":1791213212430}","source":"console","time":"2026-10-05T15:13:32Z"}
{"level":"info","msg":"{\"ev\":\"accepted\",\"id\":\"258b76e6-ed39-4b15-8dcf-4b126e09b4f4\",\"t\":1791213212765}","source":"console","time":"2026-10-05T15:13:32Z"}
{"level":"info","msg":"{\"ev\":\"accepted\",\"id\":\"c6162c46-92b5-40c5-b15d-ffe47834b7ce\",\"t\":1791213213112}","source":"console","time":"2026-10-05T15:13:33Z"}
{"level":"info","msg":"{\"ev\":\"accepted\",\"id\":\"a5805fb5-74de-491f-9a6a-6d86d4035ee5\",\"t\":1791213213448}","source":"console","time":"2026-10-05T15:13:33Z"}
{"level":"info","msg":"{\"ev\":\"accepted\",\"id\":\"5c0dca53-1015-492e-a2ad-7086f1a74a46\",\"t\":1791213213773}","source":"console","time":"2026-10-05T15:13:33Z"}
{"level":"info","msg":"{\"ev\":\"accepted\",\"id\":\"8101f028-9a78-4128-a2a7-16094e8c9b33\",\"t\":1791213214101}","source":"console","time":"2026-10-05T15:13:34Z"}
{"level":"info","msg":"{\"ev\":\"accepted\",\"id\":\"7fa685e2-bcfa-4f94-ac9c-6e9cdf59a212\",\"t\":1791213214429}","source":"console","time":"2026-10-05T15:13:34Z"}
{"level":"info","msg":"{\"ev\":\"accepted\",\"id\":\"07480887-631e-4b3d-b031-78241fd54d98\",\"t\":1791213214768}","source":"console","time":"2026-10-05T15:13:34Z"}
{"level":"info","msg":"{\"ev\":\"accepted\",\"id\":\"10d07802-1fa5-4c91-b5d3-989a8d333c68\",\"t\":1791213215097}","source":"console","time":"2026-10-05T15:13:35Z"}
{"level":"info","msg":"{\"ev\":\"accepted\",\"id\":\"8d0e7263-42c4-420e-b34e-b37cb55f713d\",\"t\":1791213215430}","source":"console","time":"2026-10-05T15:13:35Z"}
{"level":"info","msg":"{\"ev\":\"accepted\",\"id\":\"0191f5da-2841-4e4b-ae56-372121c1d77d\",\"t\":1791213215760}","source":"console","time":"2026-10-05T15:13:35Z"}
{"level":"info","msg":"{\"ev\":\"accepted\",\"id\":\"46ca8e09-fe1c-4012-9fe7-a8091c29d5b6\",\"t\":1791213216092}","source":"console","time":"2026-10-05T15:13:36Z"}
{"level":"info","msg":"{\"ev\":\"accepted\",\"id\":\"8f751d9e-ccb0-4155-9683-af84fe5ca1ca\",\"t\":1791213216442}","source":"console","time":"2026-10-05T15:13:36Z"}
{"level":"info","msg":"{\"ev\":\"accepted\",\"id\":\"08913e5b-5ebe-4f70-b0c7-8d0cc7e6f282\",\"t\":1791213216757}","source":"console","time":"2026-10-05T15:13:36Z"}
{"level":"info","msg":"{\"ev\":\"accepted\",\"id\":\"6bc0a58a-0a53-400d-b7d5-54b0b4cd0bd7\",\"t\":1791213217101}","source":"console","time":"2026-10-05T15:13:37Z"}
{"level":"info","msg":"{\"ev\":\"accepted\",\"id\":\"0ee7b73d-d0b1-4f53-b9ef-ea8d0d0de503\",\"t\":1791213217426}","source":"console","time":"2026-10-05T15:13:37Z"}
{"level":"info","msg":"{\"ev\":\"accepted\",\"id\":\"132a4763-06e9-4f66-b8e4-af85674e8cdd\",\"t\":1791213217771}","source":"console","time":"2026-10-05T15:13:37Z"}
{"level":"info","msg":"{\"ev\":\"accepted\",\"id\":\"ef5a11e9-9839-4f49-92e9-f3458770212d\",\"t\":1791213218098}","source":"console","time":"2026-10-05T15:13:38Z"}
{"level":"info","msg":"{\"ev\":\"accepted\",\"id\":\"cccabaab-418b-4c9c-b006-22c4cc9a1b51\",\"t\":1791213218425}","source":"console","time":"2026-10-05T15:13:38Z"}
{"level":"info","msg":"{\"ev\":\"accepted\",\"id\":\"76432b94-f718-4b27-b8a0-4d3da0258d19\",\"t\":1791213218776}","source":"console","time":"2026-10-05T15:13:38Z"}
{"level":"info","msg":"{\"ev\":\"accepted\",\"id\":\"d69cd433-f833-4f17-aac7-4998631b833c\",\"t\":1791213219105}","source":"console","time":"2026-10-05T15:13:39Z"}
{"level":"info","msg":"{\"ev\":\"accepted\",\"id\":\"2f0f1d56-0bd3-46fd-a393-2fe31f3ec050\",\"t\":1791213219429}","source":"console","time":"2026-10-05T15:13:39Z"}
{"level":"info","msg":"{\"ev\":\"accepted\",\"id\":\"fb79a2f0-5db1-4936-a894-3aa95f846d1d\",\"t\":1791213219756}","source":"console","time":"2026-10-05T15:13:39Z"}
{"level":"info","msg":"{\"ev\":\"accepted\",\"id\":\"8ff849ae-8c94-4288-8e1f-152d7b64f2ff\",\"t\":1791213220089}","source":"console","time":"2026-10-05T15:13:40Z"}
{"level":"info","msg":"{\"ev\":\"accepted\",\"id\":\"b38f1be4-a9be-4c5a-a961-41ee6fdac36e\",\"t\":1791213220421}","source":"console","time":"2026-10-05T15:13:40Z"}
{"level":"info","msg":"{\"ev\":\"accepted\",\"id\":\"bb68a673-a6ee-4115-beec-c21015dde53f\",\"t\":1791213220767}","source":"console","time":"2026-10-05T15:13:40Z"}
{"level":"info","msg":"{\"ev\":\"accepted\",\"id\":\"78bc1c4e-0bc3-42d9-b577-9928d2b6b3db\",\"t\":1791213221096}","source":"console","time":"2026-10-05T15:13:41Z"}
{"level":"info","msg":"{\"ev\":\"accepted\",\"id\":\"b57bdbe2-f2a5-466e-afec-37364bd401e6\",\"t\":1791213221423}","source":"console","time":"2026-10-05T15:13:41Z"}
{"level":"info","msg":"{\"ev\":\"accepted\",\"id\":\"dc33e900-9b43-477c-b48c-a5ad6b21bc5b\",\"t\":1791213221777}","source":"console","time":"2026-10-05T15:13:41Z"}
{"level":"info","msg":"{\"ev\":\"accepted\",\"id\":\"6365c58d-f14b-4ae9-b0e2-f03c3f60d037\",\"t\":1791213222089}","source":"console","time":"2026-10-05T15:13:42Z"}
{"level":"info","msg":"{\"ev\":\"accepted\",\"id\":\"d0b11f83-016f-4047-86bb-b8c2cacbdfd1\",\"t\":1791213222423}","source":"console","time":"2026-10-05T15:13:42Z"}
{"level":"info","msg":"{\"ev\":\"accepted\",\"id\":\"52922700-8fde-4428-a269-59457a6983d9\",\"t\":1791213222759}","source":"console","time":"2026-10-05T15:13:42Z"}
{"level":"info","msg":"{\"ev\":\"accepted\",\"id\":\"a4c8da4b-c39f-42c6-924d-58ce77c5380a\",\"t\":1791213223093}","source":"console","time":"2026-10-05T15:13:43Z"}
{"level":"info","msg":"{\"ev\":\"accepted\",\"id\":\"1e3453ac-25f6-4c54-b4a5-057152ae5567\",\"t\":1791213223431}","source":"console","time":"2026-10-05T15:13:43Z"}
{"level":"info","msg":"{\"ev\":\"accepted\",\"id\":\"826353c2-27de-40c3-abbb-3331356d380e\",\"t\":1791213223771}","source":"console","time":"2026-10-05T15:13:43Z"}
{"level":"info","msg":"{\"ev\":\"accepted\",\"id\":\"7358a3ad-1edd-4e6a-9bbe-608353c2b968\",\"t\":1791213224104}","source":"console","time":"2026-10-05T15:13:44Z"}
{"level":"info","msg":"{\"ev\":\"accepted\",\"id\":\"d4b768f8-bf45-4be7-bcdd-1d9b318badbc\",\"t\":1791213224424}","source":"console","time":"2026-10-05T15:13:44Z"}
{"level":"info","msg":"{\"ev\":\"accepted\",\"id\":\"fa66b646-e15d-4121-b37c-6b4c60441ec9\",\"t\":1791213224799}","source":"console","time":"2026-10-05T15:13:44Z"}
{"level":"info","msg":"{\"ev\":\"accepted\",\"id\":\"01735ebe-68cf-447e-b6ed-a1c9e976d3e5\",\"t\":1791213225110}","source":"console","time":"2026-10-05T15:13:45Z"}
{"level":"info","msg":"{\"ev\":\"accepted\",\"id\":\"73a149b8-6650-4ba4-bc94-f21370c467a0\",\"t\":1791213225434}","source":"console","time":"2026-10-05T15:13:45Z"}
{"level":"info","msg":"{\"ev\":\"accepted\",\"id\":\"3ebe3bd0-7ab1-4a6f-9766-bff89d6bcf9e\",\"t\":1791213225790}","source":"console","time":"2026-10-05T15:13:45Z"}
{"level":"info","msg":"{\"ev\":\"accepted\",\"id\":\"6b64b27d-a426-402a-9c11-ee800df16a2b\",\"t\":1791213226110}","source":"console","time":"2026-10-05T15:13:46Z"}
{"level":"info","msg":"{\"ev\":\"accepted\",\"id\":\"aa8f4b67-6bd4-45ff-8482-8bb7aaf9d70f\",\"t\":1791213226436}","source":"console","time":"2026-10-05T15:13:46Z"}
{"level":"info","msg":"{\"ev\":\"accepted\",\"id\":\"fe70c89e-259e-4e65-836c-04bf0ea18264\",\"t\":1791213226759}","source":"console","time":"2026-10-05T15:13:46Z"}
{"level":"info","msg":"{\"ev\":\"accepted\",\"id\":\"02f14cac-9617-4fa1-b494-8a03696b0a15\",\"t\":1791213227113}","source":"console","time":"2026-10-05T15:13:47Z"}
{"level":"info","msg":"{\"ev\":\"accepted\",\"id\":\"bbae397f-e1f4-470e-b64c-c6256d21c1db\",\"t\":1791213227439}","source":"console","time":"2026-10-05T15:13:47Z"}
{"level":"info","msg":"{\"ev\":\"accepted\",\"id\":\"b248fd0c-ce46-452e-888b-8bc92269e7a8\",\"t\":1791213227775}","source":"console","time":"2026-10-05T15:13:47Z"}
{"level":"info","msg":"{\"ev\":\"accepted\",\"id\":\"ffc58c49-563b-49fe-9fc1-bbf866c0ff18\",\"t\":1791213228093}","source":"console","time":"2026-10-05T15:13:48Z"}
{"level":"info","msg":"{\"ev\":\"accepted\",\"id\":\"af7d8e00-3982-4579-b2f9-3251f28e1e2e\",\"t\":1791213228422}","source":"console","time":"2026-10-05T15:13:48Z"}
{"level":"info","msg":"{\"ev\":\"accepted\",\"id\":\"57fe0d08-7e91-4898-b72b-f7fcb7934a22\",\"t\":1791213228757}","source":"console","time":"2026-10-05T15:13:48Z"}
{"level":"info","msg":"{\"ev\":\"accepted\",\"id\":\"d3410e5c-7cdc-451d-9fcc-71bae6f7a04e\",\"t\":1791213229090}","source":"console","time":"2026-10-05T15:13:49Z"}
{"level":"info","msg":"{\"ev\":\"accepted\",\"id\":\"7d52448e-928e-448a-ab2c-dbab31d85f7c\",\"t\":1791213229435}","source":"console","time":"2026-10-05T15:13:49Z"}
{"level":"info","msg":"{\"ev\":\"accepted\",\"id\":\"a0e88a70-a84e-48fe-9c84-db2d400be7db\",\"t\":1791213229774}","source":"console","time":"2026-10-05T15:13:49Z"}
{"level":"info","msg":"{\"ev\":\"accepted\",\"id\":\"b0059609-6f06-4021-bed6-4ac34554bd04\",\"t\":1791213230108}","source":"console","time":"2026-10-05T15:13:50Z"}
{"level":"info","msg":"{\"ev\":\"accepted\",\"id\":\"4be79669-7bc2-45ce-9dd6-006f78394420\",\"t\":1791213230438}","source":"console","time":"2026-10-05T15:13:50Z"}
{"level":"info","msg":"{\"ev\":\"accepted\",\"id\":\"8e8ad5cd-e724-44f3-baa4-c7e599a7292f\",\"t\":1791213230756}","source":"console","time":"2026-10-05T15:13:50Z"}
{"level":"info","msg":"{\"ev\":\"accepted\",\"id\":\"2d82955d-9b62-42e6-bd83-26859dc62868\",\"t\":1791213231093}","source":"console","time":"2026-10-05T15:13:51Z"}
{"level":"info","msg":"{\"ev\":\"accepted\",\"id\":\"41f2abdc-7eed-4205-95eb-b8eb30bf98d2\",\"t\":1791213231425}","source":"console","time":"2026-10-05T15:13:51Z"}
{"level":"info","msg":"{\"ev\":\"accepted\",\"id\":\"0a78c14a-0199-4085-9877-db14d768824e\",\"t\":1791213231754}","source":"console","time":"2026-10-05T15:13:51Z"}
{"level":"info","msg":"{\"ev\":\"accepted\",\"id\":\"53989a30-317a-4435-a29c-9ae3db4fbb21\",\"t\":1791213232089}","source":"console","time":"2026-10-05T15:13:52Z"}
{"level":"info","msg":"{\"ev\":\"accepted\",\"id\":\"ffd8931e-cf10-4050-8da8-b9802f202711\",\"t\":1791213232423}","source":"console","time":"2026-10-05T15:13:52Z"}
{"level":"info","msg":"{\"ev\":\"accepted\",\"id\":\"6ec39e4b-006b-4d96-9528-0bc82ec7531e\",\"t\":1791213232759}","source":"console","time":"2026-10-05T15:13:52Z"}
{"level":"info","msg":"{\"ev\":\"accepted\",\"id\":\"5115f1c5-2583-4dd5-ba3c-4755bbd5f7c0\",\"t\":1791213233100}","source":"console","time":"2026-10-05T15:13:53Z"}
{"level":"info","msg":"{\"ev\":\"accepted\",\"id\":\"bbb507a4-5373-4c98-9b3a-4ce4222ddf38\",\"t\":1791213233441}","source":"console","time":"2026-10-05T15:13:53Z"}
{"level":"info","msg":"{\"ev\":\"accepted\",\"id\":\"c725bd97-b528-44c7-b9eb-5a8bfddd5a9a\",\"t\":1791213233761}","source":"console","time":"2026-10-05T15:13:53Z"}
{"level":"info","msg":"{\"ev\":\"accepted\",\"id\":\"c66e1e6d-4faa-42ba-ab5d-01333d80d14d\",\"t\":1791213234099}","source":"console","time":"2026-10-05T15:13:54Z"}
{"level":"info","msg":"{\"ev\":\"accepted\",\"id\":\"a83ba61a-5779-4009-a132-d16327d0ac56\",\"t\":1791213234423}","source":"console","time":"2026-10-05T15:13:54Z"}
{"level":"info","msg":"{\"ev\":\"accepted\",\"id\":\"1000d190-ebe9-4308-af21-8040026039d6\",\"t\":1791213234756}","source":"console","time":"2026-10-05T15:13:54Z"}
{"level":"info","msg":"{\"ev\":\"accepted\",\"id\":\"94f15672-7b36-4119-97ca-969027986244\",\"t\":1791213235093}","source":"console","time":"2026-10-05T15:13:55Z"}
{"level":"info","msg":"{\"ev\":\"accepted\",\"id\":\"235dcda4-405e-4cd7-9043-0c04e54326f6\",\"t\":1791213235426}","source":"console","time":"2026-10-05T15:13:55Z"}
{"level":"info","msg":"{\"ev\":\"accepted\",\"id\":\"e0f90b5a-cf08-47f8-bc40-15e5744eb4e4\",\"t\":1791213235767}","source":"console","time":"2026-10-05T15:13:55Z"}
{"level":"info","msg":"{\"ev\":\"accepted\",\"id\":\"5d612167-e0bf-492f-8aa0-50d685e0d0a4\",\"t\":1791213236095}","source":"console","time":"2026-10-05T15:13:56Z"}
{"level":"info","msg":"{\"ev\":\"accepted\",\"id\":\"1aef40f8-c6e1-4586-b4e9-ac73b644fdd6\",\"t\":1791213236422}","source":"console","time":"2026-10-05T15:13:56Z"}
{"level":"info","msg":"{\"ev\":\"accepted\",\"id\":\"66df50ab-5688-456f-ab8e-df7897e3aa1e\",\"t\":1791213236774}","source":"console","time":"2026-10-05T15:13:56Z"}
{"level":"info","msg":"{\"ev\":\"accepted\",\"id\":\"98d0d690-7621-4c1a-a443-2b065292a7c6\",\"t\":1791213237113}","source":"console","time":"2026-10-05T15:13:57Z"}
{"level":"info","msg":"{\"ev\":\"accepted\",\"id\":\"b30b58f7-92ff-4a31-bb64-cd26b0063abd\",\"t\":1791213237430}","source":"console","time":"2026-10-05T15:13:57Z"}
{"level":"info","msg":"{\"ev\":\"accepted\",\"id\":\"57e796b0-ef93-46e9-9351-35c75771dd2a\",\"t\":1791213237774}","source":"console","time":"2026-10-05T15:13:57Z"}
{"level":"info","msg":"{\"ev\":\"accepted\",\"id\":\"93552517-f96b-4b4c-8010-c77325433d7b\",\"t\":1791213238090}","source":"console","time":"2026-10-05T15:13:58Z"}
{"level":"info","msg":"{\"ev\":\"accepted\",\"id\":\"c614f94e-7a67-4920-b74e-24617216d677\",\"t\":1791213238418}","source":"console","time":"2026-10-05T15:13:58Z"}
{"level":"info","msg":"{\"ev\":\"accepted\",\"id\":\"4cb7dadc-490f-4693-acff-237c651d7d29\",\"t\":1791213238733}","source":"console","time":"2026-10-05T15:13:58Z"}
{"level":"info","msg":"{\"ev\":\"accepted\",\"id\":\"bc327297-33b3-4b44-81aa-ea621b501323\",\"t\":1791213239053}","source":"console","time":"2026-10-05T15:13:59Z"}
{"level":"info","msg":"{\"ev\":\"accepted\",\"id\":\"7f3ea932-e23f-4f68-81eb-ea1e82c90995\",\"t\":1791213239356}","source":"console","time":"2026-10-05T15:13:59Z"}
{"level":"info","msg":"{\"ev\":\"accepted\",\"id\":\"3192a8b3-7c77-4228-b724-9232d1fcc8da\",\"t\":1791213239660}","source":"console","time":"2026-10-05T15:13:59Z"}
{"level":"info","msg":"{\"ev\":\"accepted\",\"id\":\"69b2a3a1-6e4d-4996-b381-3470791cf73c\",\"t\":1791213239950}","source":"console","time":"2026-10-05T15:13:59Z"}
{"level":"info","msg":"{\"ev\":\"accepted\",\"id\":\"3ce8a4ae-6801-49ba-a929-50778c91fa5a\",\"t\":1791213240250}","source":"console","time":"2026-10-05T15:14:00Z"}
{"level":"info","msg":"{\"ev\":\"accepted\",\"id\":\"c67193e1-70ba-483a-9194-ce387330b7f9\",\"t\":1791213240532}","source":"console","time":"2026-10-05T15:14:00Z"}
{"level":"info","msg":"{\"ev\":\"accepted\",\"id\":\"2e290054-d3a0-482e-bc9d-fa80972500c9\",\"t\":1791213240811}","source":"console","time":"2026-10-05T15:14:00Z"}
{"level":"info","msg":"{\"ev\":\"accepted\",\"id\":\"ff687645-5cf7-4dca-b217-d097f96b2094\",\"t\":1791213241095}","source":"console","time":"2026-10-05T15:14:01Z"}
{"level":"info","msg":"{\"ev\":\"accepted\",\"id\":\"42ec9875-fea2-4c41-9d21-8bb928070e5c\",\"t\":1791213241372}","source":"console","time":"2026-10-05T15:14:01Z"}
{"level":"info","msg":"{\"ev\":\"accepted\",\"id\":\"96f8194a-fb62-41a6-a44c-909e5886073e\",\"t\":1791213241660}","source":"console","time":"2026-10-05T15:14:01Z"}
{"level":"info","msg":"{\"ev\":\"accepted\",\"id\":\"94bd7a5f-0e10-4a3f-8c06-74f853211ff0\",\"t\":1791213241922}","source":"console","time":"2026-10-05T15:14:01Z"}
{"level":"info","msg":"{\"ev\":\"accepted\",\"id\":\"580da76d-119f-46d3-97b1-83dfebac3472\",\"t\":1791213242165}","source":"console","time":"2026-10-05T15:14:02Z"}
{"level":"info","msg":"{\"ev\":\"accepted\",\"id\":\"aab91ee8-37e7-4436-a395-5afc9bd0ed41\",\"t\":1791213242437}","source":"console","time":"2026-10-05T15:14:02Z"}
{"level":"info","msg":"{\"ev\":\"accepted\",\"id\":\"c9a90604-8b10-4121-be1a-8ed63a2a5456\",\"t\":1791213242688}","source":"console","time":"2026-10-05T15:14:02Z"}
{"level":"info","msg":"{\"ev\":\"accepted\",\"id\":\"daaa7367-3e6d-4d45-afe5-3cc715a9db55\",\"t\":1791213242929}","source":"console","time":"2026-10-05T15:14:02Z"}
{"level":"info","msg":"{\"ev\":\"accepted\",\"id\":\"a16bc7f7-6c9d-4a08-9735-07b624bebab5\",\"t\":1791213243184}","source":"console","time":"2026-10-05T15:14:03Z"}
{"level":"info","msg":"{\"ev\":\"accepted\",\"id\":\"d7ae50a0-9725-4292-934e-9ace3aae9af0\",\"t\":1791213243453}","source":"console","time":"2026-10-05T15:14:03Z"}
{"level":"info","msg":"{\"ev\":\"accepted\",\"id\":\"6755e760-2afa-4d40-8eae-a2d4b0669403\",\"t\":1791213243696}","source":"console","time":"2026-10-05T15:14:03Z"}
{"level":"info","msg":"{\"ev\":\"accepted\",\"id\":\"b6747d70-64b6-4a69-a868-531d95d47bd7\",\"t\":1791213243955}","source":"console","time":"2026-10-05T15:14:03Z"}
{"level":"info","msg":"{\"ev\":\"accepted\",\"id\":\"59159d23-f42c-46ce-b8d6-9920b12d07f9\",\"t\":1791213244182}","source":"console","time":"2026-10-05T15:14:04Z"}
{"level":"info","msg":"{\"ev\":\"accepted\",\"id\":\"2b42d444-20c5-4efe-ba14-1183c384cb25\",\"t\":1791213244424}","source":"console","time":"2026-10-05T15:14:04Z"}
{"level":"info","msg":"{\"ev\":\"accepted\",\"id\":\"4ac8acdb-c3fe-4a81-9e58-5e7ae0da538d\",\"t\":1791213244690}","source":"console","time":"2026-10-05T15:14:04Z"}
{"level":"info","msg":"{\"ev\":\"accepted\",\"id\":\"00d868d6-03be-4933-b1c0-925bbaf00bc5\",\"t\":1791213244978}","source":"console","time":"2026-10-05T15:14:04Z"}
{"level":"info","msg":"{\"ev\":\"accepted\",\"id\":\"25d15524-498b-4a96-aacb-59b6aa0ec549\",\"t\":1791213245203}","source":"console","time":"2026-10-05T15:14:05Z"}
{"level":"info","msg":"{\"ev\":\"accepted\",\"id\":\"f28c9adc-6768-427e-bbe2-45810aa8875a\",\"t\":1791213245432}","source":"console","time":"2026-10-05T15:14:05Z"}
{"level":"info","msg":"{\"ev\":\"accepted\",\"id\":\"be6a34d4-4205-4b48-8755-fb6c70e35ee9\",\"t\":1791213245676}","source":"console","time":"2026-10-05T15:14:05Z"}
{"level":"info","msg":"{\"ev\":\"accepted\",\"id\":\"92d904b9-dfec-4630-93bc-d3b58b23c0b7\",\"t\":1791213245924}","source":"console","time":"2026-10-05T15:14:05Z"}
{"level":"info","msg":"{\"ev\":\"accepted\",\"id\":\"11b367f5-1f32-43f6-95a9-78a94ba2c672\",\"t\":1791213246183}","source":"console","time":"2026-10-05T15:14:06Z"}
{"level":"info","msg":"{\"ev\":\"accepted\",\"id\":\"317e4b3c-6552-44a0-b90e-449f6ad0e275\",\"t\":1791213246435}","source":"console","time":"2026-10-05T15:14:06Z"}
{"level":"info","msg":"{\"ev\":\"accepted\",\"id\":\"053496d6-51f9-45a3-9383-551c23ae3f7d\",\"t\":1791213246673}","source":"console","time":"2026-10-05T15:14:06Z"}
{"level":"info","msg":"{\"ev\":\"accepted\",\"id\":\"3a428942-d0f0-45f3-91d2-6313d361ccd7\",\"t\":1791213246925}","source":"console","time":"2026-10-05T15:14:06Z"}
{"level":"info","msg":"{\"ev\":\"accepted\",\"id\":\"dce58048-19ba-43e6-bded-378405eff3a6\",\"t\":1791213247172}","source":"console","time":"2026-10-05T15:14:07Z"}
{"level":"info","msg":"{\"ev\":\"accepted\",\"id\":\"abd78654-857d-45b8-b128-6cfde789a3af\",\"t\":1791213247423}","source":"console","time":"2026-10-05T15:14:07Z"}
{"level":"info","msg":"{\"ev\":\"accepted\",\"id\":\"373affc7-7c0d-42d1-80ff-9d6939f1ede7\",\"t\":1791213247671}","source":"console","time":"2026-10-05T15:14:07Z"}
{"level":"info","msg":"{\"ev\":\"accepted\",\"id\":\"d7a22647-4e99-4a86-b335-4502d2ec00d6\",\"t\":1791213247923}","source":"console","time":"2026-10-05T15:14:07Z"}
{"level":"info","msg":"{\"ev\":\"accepted\",\"id\":\"ac9358cd-fafa-4e15-a6ba-98f90040351a\",\"t\":1791213248204}","source":"console","time":"2026-10-05T15:14:08Z"}
{"level":"info","msg":"{\"ev\":\"accepted\",\"id\":\"64d1e57e-067b-4385-bdc7-b0fc4f1cad25\",\"t\":1791213248454}","source":"console","time":"2026-10-05T15:14:08Z"}
{"level":"info","msg":"{\"ev\":\"accepted\",\"id\":\"4f4b9887-e35f-44b2-9048-fb781f99accf\",\"t\":1791213248693}","source":"console","time":"2026-10-05T15:14:08Z"}
{"level":"info","msg":"{\"ev\":\"accepted\",\"id\":\"494792e7-05f8-45e3-b7e4-7dd2718af6d8\",\"t\":1791213248939}","source":"console","time":"2026-10-05T15:14:08Z"}
{"level":"info","msg":"{\"ev\":\"accepted\",\"id\":\"208f87ef-0e79-4537-9002-31703d41de83\",\"t\":1791213249193}","source":"console","time":"2026-10-05T15:14:09Z"}
{"level":"info","msg":"{\"ev\":\"accepted\",\"id\":\"8477485a-4e28-49d2-aecb-9b31e302ba18\",\"t\":1791213249428}","source":"console","time":"2026-10-05T15:14:09Z"}
{"level":"info","msg":"{\"ev\":\"accepted\",\"id\":\"f42c32c2-19c1-46ca-a8fb-ba01c0310bd7\",\"t\":1791213249697}","source":"console","time":"2026-10-05T15:14:09Z"}
{"level":"info","msg":"{\"ev\":\"accepted\",\"id\":\"b73d19f6-1550-4e28-9dd2-b1bc81161ad9\",\"t\":1791213249935}","source":"console","time":"2026-10-05T15:14:09Z"}
{"level":"info","msg":"{\"ev\":\"accepted\",\"id\":\"9c261e3e-7f0a-400a-a30c-ce57229ccbfd\",\"t\":1791213250183}","source":"console","time":"2026-10-05T15:14:10Z"}
{"level":"info","msg":"{\"ev\":\"accepted\",\"id\":\"9b88a09d-0167-478b-ab1c-472418f4b815\",\"t\":1791213250453}","source":"console","time":"2026-10-05T15:14:10Z"}
{"level":"info","msg":"{\"ev\":\"accepted\",\"id\":\"5699a9da-e714-4a1b-9e0d-dc81d1ae71ca\",\"t\":1791213250688}","source":"console","time":"2026-10-05T15:14:10Z"}
{"level":"info","msg":"{\"ev\":\"accepted\",\"id\":\"3c102106-b1c1-434a-8509-f36ebeee0b41\",\"t\":1791213250925}","source":"console","time":"2026-10-05T15:14:10Z"}
{"level":"info","msg":"{\"ev\":\"accepted\",\"id\":\"526863e1-1aaa-41d1-9e39-1cc5d44096d9\",\"t\":1791213251237}","source":"console","time":"2026-10-05T15:14:11Z"}
{"level":"info","msg":"{\"ev\":\"accepted\",\"id\":\"d7d6b9e5-79d7-4492-a837-726ed07c4186\",\"t\":1791213251434}","source":"console","time":"2026-10-05T15:14:11Z"}
{"level":"info","msg":"{\"ev\":\"accepted\",\"id\":\"8bf285d7-1403-4e08-8909-8aee0fae946c\",\"t\":1791213251675}","source":"console","time":"2026-10-05T15:14:11Z"}
{"level":"info","msg":"{\"ev\":\"accepted\",\"id\":\"f8bf1c0d-7bc5-4cb5-aaa4-1b8ae71632c3\",\"t\":1791213251923}","source":"console","time":"2026-10-05T15:14:11Z"}
{"level":"info","msg":"{\"ev\":\"accepted\",\"id\":\"58cc65d2-e069-45bb-bfd3-6e3fa442f240\",\"t\":1791213252171}","source":"console","time":"2026-10-05T15:14:12Z"}
{"level":"info","msg":"{\"ev\":\"accepted\",\"id\":\"17dbb3b7-4628-4e2d-a216-31e24438286b\",\"t\":1791213252421}","source":"console","time":"2026-10-05T15:14:12Z"}
{"level":"info","msg":"{\"ev\":\"accepted\",\"id\":\"707dcdd0-4edb-4edc-b3c2-4abd3656af9f\",\"t\":1791213252673}","source":"console","time":"2026-10-05T15:14:12Z"}
{"level":"info","msg":"{\"ev\":\"accepted\",\"id\":\"b1df5d2f-8d7a-4f09-90ba-65d6c31378f4\",\"t\":1791213252934}","source":"console","time":"2026-10-05T15:14:12Z"}
{"level":"info","msg":"{\"ev\":\"accepted\",\"id\":\"d5afc15a-31fd-4823-ba18-f8cf0644f01b\",\"t\":1791213253171}","source":"console","time":"2026-10-05T15:14:13Z"}
{"level":"info","msg":"{\"ev\":\"accepted\",\"id\":\"35078cc9-9199-41ad-9b80-7449782fed5c\",\"t\":1791213253424}","source":"console","time":"2026-10-05T15:14:13Z"}
{"level":"info","msg":"{\"ev\":\"accepted\",\"id\":\"6a409cb9-922b-41b9-99aa-ada0d8f28bf9\",\"t\":1791213253673}","source":"console","time":"2026-10-05T15:14:13Z"}
{"level":"info","msg":"{\"ev\":\"accepted\",\"id\":\"1b4d4f71-74fc-45ce-ad9f-b88b5966112c\",\"t\":1791213253926}","source":"console","time":"2026-10-05T15:14:13Z"}
{"level":"info","msg":"{\"ev\":\"accepted\",\"id\":\"127e938a-5f6a-4c80-890b-70213540e77d\",\"t\":1791213254172}","source":"console","time":"2026-10-05T15:14:14Z"}
{"level":"info","msg":"{\"ev\":\"accepted\",\"id\":\"6c456eab-1348-44a5-86f9-57c08782c54c\",\"t\":1791213254422}","source":"console","time":"2026-10-05T15:14:14Z"}
{"level":"info","msg":"{\"ev\":\"accepted\",\"id\":\"11f1fae2-28a4-4082-b46c-cce0ad373ddf\",\"t\":1791213254672}","source":"console","time":"2026-10-05T15:14:14Z"}
{"level":"info","msg":"{\"ev\":\"accepted\",\"id\":\"0c8e0cc4-2fc7-4e60-ae73-e74ee88e58d0\",\"t\":1791213254923}","source":"console","time":"2026-10-05T15:14:14Z"}
{"level":"info","msg":"{\"ev\":\"accepted\",\"id\":\"e74942de-07b2-4518-86b8-7044d0015013\",\"t\":1791213255192}","source":"console","time":"2026-10-05T15:14:15Z"}
{"level":"info","msg":"{\"ev\":\"accepted\",\"id\":\"2ce4af21-63bf-41d9-a4f7-a4ed21d8afaa\",\"t\":1791213255422}","source":"console","time":"2026-10-05T15:14:15Z"}
{"level":"info","msg":"{\"ev\":\"accepted\",\"id\":\"3500d9fe-d924-4f3c-9a31-27e1367fe901\",\"t\":1791213255720}","source":"console","time":"2026-10-05T15:14:15Z"}
{"level":"info","msg":"{\"ev\":\"accepted\",\"id\":\"6819c70d-d735-497d-861b-189575666923\",\"t\":1791213255936}","source":"console","time":"2026-10-05T15:14:15Z"}
{"level":"info","msg":"{\"ev\":\"accepted\",\"id\":\"7ba5503b-0a41-4059-af77-cb587a8e5989\",\"t\":1791213256177}","source":"console","time":"2026-10-05T15:14:16Z"}
{"level":"info","msg":"{\"ev\":\"accepted\",\"id\":\"51199bf2-0c50-45ee-85f4-0cb26e1bbefb\",\"t\":1791213256422}","source":"console","time":"2026-10-05T15:14:16Z"}
{"level":"info","msg":"{\"ev\":\"accepted\",\"id\":\"b063e979-308b-495a-9564-99444281400e\",\"t\":1791213256673}","source":"console","time":"2026-10-05T15:14:16Z"}
{"level":"info","msg":"{\"ev\":\"accepted\",\"id\":\"d6571f5e-6926-4830-a624-385e4236d389\",\"t\":1791213256924}","source":"console","time":"2026-10-05T15:14:16Z"}
{"level":"info","msg":"{\"ev\":\"accepted\",\"id\":\"6d343c34-efcf-4941-861e-42f4ad84ddbb\",\"t\":1791213257173}","source":"console","time":"2026-10-05T15:14:17Z"}
{"level":"info","msg":"{\"ev\":\"accepted\",\"id\":\"52c6749f-85f1-4511-b8c0-6cbdd9a5e846\",\"t\":1791213257428}","source":"console","time":"2026-10-05T15:14:17Z"}
{"level":"info","msg":"{\"ev\":\"accepted\",\"id\":\"ee2fc289-8d81-4498-9a04-331f73fb22ff\",\"t\":1791213257685}","source":"console","time":"2026-10-05T15:14:17Z"}
{"level":"info","msg":"{\"ev\":\"accepted\",\"id\":\"5cc84cc4-7d17-4b1b-b521-a3e4c36f3c02\",\"t\":1791213257924}","source":"console","time":"2026-10-05T15:14:17Z"}
{"level":"info","msg":"{\"ev\":\"accepted\",\"id\":\"f8b5f704-72f2-4228-94bb-14dcbe3cde87\",\"t\":1791213258180}","source":"console","time":"2026-10-05T15:14:18Z"}
{"level":"info","msg":"{\"ev\":\"accepted\",\"id\":\"84b9b565-ff84-423a-90b6-5994f54834ce\",\"t\":1791213258442}","source":"console","time":"2026-10-05T15:14:18Z"}
{"level":"info","msg":"{\"ev\":\"accepted\",\"id\":\"af05d951-f875-4a82-a891-82e86b707220\",\"t\":1791213258694}","source":"console","time":"2026-10-05T15:14:18Z"}
{"level":"info","msg":"{\"ev\":\"accepted\",\"id\":\"7b3e53c7-f886-414f-91ec-a7dfeebca7c2\",\"t\":1791213258940}","source":"console","time":"2026-10-05T15:14:18Z"}
{"level":"info","msg":"{\"ev\":\"accepted\",\"id\":\"dc463609-26ad-4027-a296-9a7d323717d0\",\"t\":1791213259190}","source":"console","time":"2026-10-05T15:14:19Z"}
{"level":"info","msg":"{\"ev\":\"accepted\",\"id\":\"6eff7602-6b0f-4f6d-8cb4-2bba74aa122b\",\"t\":1791213259426}","source":"console","time":"2026-10-05T15:14:19Z"}
{"level":"info","msg":"{\"ev\":\"accepted\",\"id\":\"91c4c7a1-75c4-42e9-b6f6-f835b9a772d7\",\"t\":1791213259678}","source":"console","time":"2026-10-05T15:14:19Z"}
{"level":"info","msg":"{\"ev\":\"accepted\",\"id\":\"e4f99f30-3f8b-4e6f-a60a-9667561b2ad6\",\"t\":1791213259928}","source":"console","time":"2026-10-05T15:14:19Z"}
{"level":"info","msg":"{\"ev\":\"accepted\",\"id\":\"d4e3e0a2-ccfa-4195-bb8c-c3e748e55447\",\"t\":1791213260173}","source":"console","time":"2026-10-05T15:14:20Z"}
{"level":"info","msg":"{\"ev\":\"accepted\",\"id\":\"052ebc1b-b007-4516-8730-8207e7522145\",\"t\":1791213260423}","source":"console","time":"2026-10-05T15:14:20Z"}
{"level":"info","msg":"{\"ev\":\"accepted\",\"id\":\"67dde7c9-56f9-4812-9f6a-45b3508fe6d3\",\"t\":1791213260678}","source":"console","time":"2026-10-05T15:14:20Z"}
{"level":"info","msg":"{\"ev\":\"accepted\",\"id\":\"b254dc33-776d-4e48-8441-c9d6ee10029d\",\"t\":1791213260934}","source":"console","time":"2026-10-05T15:14:20Z"}
{"level":"info","msg":"{\"ev\":\"accepted\",\"id\":\"7d8e79eb-8022-4260-b85b-a5a9a48c6ca3\",\"t\":1791213261183}","source":"console","time":"2026-10-05T15:14:21Z"}
{"level":"info","msg":"{\"ev\":\"accepted\",\"id\":\"c7dde2a1-01f9-408d-a4c3-e51a35c6eaf7\",\"t\":1791213261428}","source":"console","time":"2026-10-05T15:14:21Z"}
{"level":"info","msg":"{\"ev\":\"accepted\",\"id\":\"6b397916-69a4-4d46-a96d-bb6b2fccbee1\",\"t\":1791213261677}","source":"console","time":"2026-10-05T15:14:21Z"}
{"level":"info","msg":"{\"ev\":\"accepted\",\"id\":\"9abaa189-bee7-4ae5-a31c-dd7e03940486\",\"t\":1791213261938}","source":"console","time":"2026-10-05T15:14:21Z"}
{"level":"info","msg":"{\"ev\":\"accepted\",\"id\":\"c7851555-80a0-4b12-9e6a-74068cce638b\",\"t\":1791213262197}","source":"console","time":"2026-10-05T15:14:22Z"}
{"level":"info","msg":"{\"ev\":\"accepted\",\"id\":\"0689bd3c-6f98-4ac3-a37b-5848aa1aa6f2\",\"t\":1791213262435}","source":"console","time":"2026-10-05T15:14:22Z"}
{"level":"info","msg":"{\"ev\":\"accepted\",\"id\":\"66dd1eec-92c9-4b91-98d7-66da25b08c46\",\"t\":1791213262703}","source":"console","time":"2026-10-05T15:14:22Z"}
{"level":"info","msg":"{\"ev\":\"accepted\",\"id\":\"1b6f0a8d-fcce-4988-8c23-6b6b1ddad141\",\"t\":1791213262934}","source":"console","time":"2026-10-05T15:14:22Z"}
{"level":"info","msg":"{\"ev\":\"accepted\",\"id\":\"531a55dd-5f38-48b8-8939-bc7c74ae0c35\",\"t\":1791213263174}","source":"console","time":"2026-10-05T15:14:23Z"}
{"level":"info","msg":"{\"ev\":\"accepted\",\"id\":\"8586430c-bb9e-4d29-9a8b-0c23e9681b2b\",\"t\":1791213263422}","source":"console","time":"2026-10-05T15:14:23Z"}
{"level":"info","msg":"{\"ev\":\"accepted\",\"id\":\"49be7419-1e7f-4195-b7a0-4a5a43423095\",\"t\":1791213263673}","source":"console","time":"2026-10-05T15:14:23Z"}
{"level":"info","msg":"{\"ev\":\"accepted\",\"id\":\"41dfa65c-1443-4074-a15a-fad37659b516\",\"t\":1791213263922}","source":"console","time":"2026-10-05T15:14:23Z"}
{"level":"info","msg":"{\"ev\":\"accepted\",\"id\":\"1ec037d8-ef27-42d4-a64d-475b010a53fa\",\"t\":1791213264171}","source":"console","time":"2026-10-05T15:14:24Z"}
{"level":"info","msg":"{\"ev\":\"accepted\",\"id\":\"392785e5-6cab-4833-95f6-f4fdbc9994e4\",\"t\":1791213264439}","source":"console","time":"2026-10-05T15:14:24Z"}
{"level":"info","msg":"{\"ev\":\"accepted\",\"id\":\"f2995164-54bc-4a16-b086-f383cabc948e\",\"t\":1791213264692}","source":"console","time":"2026-10-05T15:14:24Z"}
{"level":"info","msg":"{\"ev\":\"accepted\",\"id\":\"63066632-4f0f-49a9-9616-507de31417d6\",\"t\":1791213264944}","source":"console","time":"2026-10-05T15:14:24Z"}
{"level":"info","msg":"{\"ev\":\"accepted\",\"id\":\"76b9f0fe-0ee8-4029-9ef4-6455d3c5763d\",\"t\":1791213265185}","source":"console","time":"2026-10-05T15:14:25Z"}
{"level":"info","msg":"{\"ev\":\"accepted\",\"id\":\"2f08c76d-6052-4780-83ff-917d0d141a89\",\"t\":1791213265433}","source":"console","time":"2026-10-05T15:14:25Z"}
{"level":"info","msg":"{\"ev\":\"accepted\",\"id\":\"472f5bf0-8a6d-4783-980d-2869490d6084\",\"t\":1791213265673}","source":"console","time":"2026-10-05T15:14:25Z"}
{"level":"info","msg":"{\"ev\":\"accepted\",\"id\":\"95f073c1-47ac-4408-b236-440ec96bb3cd\",\"t\":1791213265930}","source":"console","time":"2026-10-05T15:14:25Z"}
{"level":"info","msg":"{\"ev\":\"accepted\",\"id\":\"5cfc8b70-68c8-4398-a59b-cdd6c183a04e\",\"t\":1791213266181}","source":"console","time":"2026-10-05T15:14:26Z"}
{"level":"info","msg":"{\"ev\":\"accepted\",\"id\":\"b69d2090-aac7-4da3-90d0-fa64e4d98d38\",\"t\":1791213266424}","source":"console","time":"2026-10-05T15:14:26Z"}
{"level":"info","msg":"{\"ev\":\"accepted\",\"id\":\"50719027-70fb-4490-82fe-c997c2f3ae39\",\"t\":1791213266672}","source":"console","time":"2026-10-05T15:14:26Z"}
{"level":"info","msg":"{\"ev\":\"accepted\",\"id\":\"2373c6a4-6571-4818-9828-07cf4f9a0b0c\",\"t\":1791213266921}","source":"console","time":"2026-10-05T15:14:26Z"}
{"level":"info","msg":"{\"ev\":\"accepted\",\"id\":\"cf8680aa-7fc8-428d-a641-6a8fcaa605bf\",\"t\":1791213267174}","source":"console","time":"2026-10-05T15:14:27Z"}
{"level":"info","msg":"{\"ev\":\"accepted\",\"id\":\"d93cd74a-d840-4e79-ac50-f067a014d00a\",\"t\":1791213267432}","source":"console","time":"2026-10-05T15:14:27Z"}
{"level":"info","msg":"{\"ev\":\"accepted\",\"id\":\"a85c90e6-9e8d-4458-95d2-6277d0b0efbb\",\"t\":1791213267676}","source":"console","time":"2026-10-05T15:14:27Z"}
{"level":"info","msg":"{\"ev\":\"accepted\",\"id\":\"4501c097-f412-443b-812a-c29eda66e649\",\"t\":1791213267923}","source":"console","time":"2026-10-05T15:14:27Z"}
{"level":"info","msg":"{\"ev\":\"accepted\",\"id\":\"a92e3f6d-0d68-4f90-a795-efdb5ea943b3\",\"t\":1791213268179}","source":"console","time":"2026-10-05T15:14:28Z"}
{"level":"info","msg":"{\"ev\":\"accepted\",\"id\":\"fc017b22-749f-4548-a3c8-aeee0c282aef\",\"t\":1791213268430}","source":"console","time":"2026-10-05T15:14:28Z"}
{"level":"info","msg":"{\"ev\":\"accepted\",\"id\":\"8024676d-bc2b-4a82-9b3f-440894d8db04\",\"t\":1791213268672}","source":"console","time":"2026-10-05T15:14:28Z"}
{"level":"info","msg":"{\"ev\":\"accepted\",\"id\":\"ddf0418f-5336-4cc6-8fc2-cbcc60340865\",\"t\":1791213268924}","source":"console","time":"2026-10-05T15:14:28Z"}
{"level":"info","msg":"{\"ev\":\"accepted\",\"id\":\"464d527e-22db-4434-b9ea-b1a12a97f06a\",\"t\":1791213269173}","source":"console","time":"2026-10-05T15:14:29Z"}
{"level":"info","msg":"{\"ev\":\"accepted\",\"id\":\"90278bbd-fb47-4622-a320-859ce8df3869\",\"t\":1791213269428}","source":"console","time":"2026-10-05T15:14:29Z"}
{"level":"info","msg":"{\"ev\":\"accepted\",\"id\":\"eb768ec2-c7d4-4dc7-b508-c1f8cdc7f889\",\"t\":1791213269674}","source":"console","time":"2026-10-05T15:14:29Z"}
{"level":"info","msg":"{\"ev\":\"accepted\",\"id\":\"2866f243-9be6-4b30-a5fc-a1049eb26576\",\"t\":1791213269928}","source":"console","time":"2026-10-05T15:14:29Z"}
{"level":"info","msg":"{\"ev\":\"accepted\",\"id\":\"0a9581ac-bed6-4959-b03b-9246213aa1c5\",\"t\":1791213270184}","source":"console","time":"2026-10-05T15:14:30Z"}
{"level":"info","msg":"{\"ev\":\"accepted\",\"id\":\"ee284c16-ee5b-4740-810b-0ae3c0f565c8\",\"t\":1791213270429}","source":"console","time":"2026-10-05T15:14:30Z"}
{"level":"info","msg":"{\"ev\":\"accepted\",\"id\":\"85f6c053-b1d4-4ef5-8c23-91c766aa8974\",\"t\":1791213270698}","source":"console","time":"2026-10-05T15:14:30Z"}
{"level":"info","msg":"{\"ev\":\"accepted\",\"id\":\"3a4984a3-b017-44f5-80be-116017b38c99\",\"t\":1791213270947}","source":"console","time":"2026-10-05T15:14:30Z"}
{"level":"info","msg":"{\"ev\":\"accepted\",\"id\":\"d4d2f02a-d1b3-4a67-8078-50f900683234\",\"t\":1791213271177}","source":"console","time":"2026-10-05T15:14:31Z"}
{"level":"info","msg":"{\"ev\":\"accepted\",\"id\":\"c391141a-7d6e-4aab-bc1a-1ac41176fe19\",\"t\":1791213271423}","source":"console","time":"2026-10-05T15:14:31Z"}
{"level":"info","msg":"{\"ev\":\"accepted\",\"id\":\"30f75680-d3d4-4010-b43b-690384069d38\",\"t\":1791213271688}","source":"console","time":"2026-10-05T15:14:31Z"}
{"level":"info","msg":"{\"ev\":\"accepted\",\"id\":\"1fca1e44-1732-4dd8-9c66-9a7dceb70d18\",\"t\":1791213271925}","source":"console","time":"2026-10-05T15:14:31Z"}
{"level":"info","msg":"{\"ev\":\"accepted\",\"id\":\"2e5b7d1a-6435-47d5-8aa9-9714d9223320\",\"t\":1791213272174}","source":"console","time":"2026-10-05T15:14:32Z"}
{"level":"info","msg":"{\"ev\":\"accepted\",\"id\":\"0e11c2a4-2b9f-4b53-a8d7-0aa98689d2d3\",\"t\":1791213272437}","source":"console","time":"2026-10-05T15:14:32Z"}
{"level":"info","msg":"{\"ev\":\"accepted\",\"id\":\"09d1db03-fda6-4126-804b-9b7badf13052\",\"t\":1791213272672}","source":"console","time":"2026-10-05T15:14:32Z"}
{"level":"info","msg":"{\"ev\":\"accepted\",\"id\":\"b99ed56a-2955-4f7c-ba03-936fe784806f\",\"t\":1791213272921}","source":"console","time":"2026-10-05T15:14:32Z"}
{"level":"info","msg":"{\"ev\":\"accepted\",\"id\":\"94f79611-08bd-4030-98ff-5c43cb4690cd\",\"t\":1791213273171}","source":"console","time":"2026-10-05T15:14:33Z"}
{"level":"info","msg":"{\"ev\":\"accepted\",\"id\":\"523d8056-38db-475d-8b67-5b8925712992\",\"t\":1791213273423}","source":"console","time":"2026-10-05T15:14:33Z"}
{"level":"info","msg":"{\"ev\":\"accepted\",\"id\":\"b8c359be-2f8d-45c6-b7ae-9725d2fc4dca\",\"t\":1791213273676}","source":"console","time":"2026-10-05T15:14:33Z"}
{"level":"info","msg":"{\"ev\":\"accepted\",\"id\":\"63bc6cbd-300f-418c-8525-9fa825c9cbbd\",\"t\":1791213273927}","source":"console","time":"2026-10-05T15:14:33Z"}
{"level":"info","msg":"{\"ev\":\"accepted\",\"id\":\"12a9fee0-a5b7-4837-b767-5c511d29df42\",\"t\":1791213274176}","source":"console","time":"2026-10-05T15:14:34Z"}
{"level":"info","msg":"{\"ev\":\"accepted\",\"id\":\"33aff11a-0843-4a14-818d-f2e7cb471039\",\"t\":1791213274426}","source":"console","time":"2026-10-05T15:14:34Z"}
{"level":"info","msg":"{\"ev\":\"accepted\",\"id\":\"e1d39cc5-098b-463d-8ca6-e3ee72a58cc9\",\"t\":1791213274678}","source":"console","time":"2026-10-05T15:14:34Z"}
{"level":"info","msg":"{\"ev\":\"accepted\",\"id\":\"8c033e66-47cb-4b74-b9ea-5bd1cfdbf2f5\",\"t\":1791213274922}","source":"console","time":"2026-10-05T15:14:34Z"}
{"level":"info","msg":"{\"ev\":\"accepted\",\"id\":\"cabe5616-0f9f-47eb-ab67-e79715d8d0da\",\"t\":1791213275181}","source":"console","time":"2026-10-05T15:14:35Z"}
{"level":"info","msg":"{\"ev\":\"accepted\",\"id\":\"c4330c29-1517-4b30-91b1-d8c9eb7dcb06\",\"t\":1791213275439}","source":"console","time":"2026-10-05T15:14:35Z"}
{"level":"info","msg":"{\"ev\":\"accepted\",\"id\":\"daba1e13-985f-4eab-b34b-bcba588d8f54\",\"t\":1791213275674}","source":"console","time":"2026-10-05T15:14:35Z"}
{"level":"info","msg":"{\"ev\":\"accepted\",\"id\":\"b7385db3-91b8-4be1-993f-97a5c6f49f28\",\"t\":1791213275924}","source":"console","time":"2026-10-05T15:14:35Z"}
{"level":"info","msg":"{\"ev\":\"accepted\",\"id\":\"3ec5c3ba-5582-4aca-832d-89ccc8beaf71\",\"t\":1791213276171}","source":"console","time":"2026-10-05T15:14:36Z"}
{"level":"info","msg":"{\"ev\":\"accepted\",\"id\":\"6d657d4e-7fd0-441b-9507-dc6f553983f7\",\"t\":1791213276422}","source":"console","time":"2026-10-05T15:14:36Z"}
{"level":"info","msg":"{\"ev\":\"accepted\",\"id\":\"481955d9-5152-46bb-a097-8f7c9a1a9e86\",\"t\":1791213276671}","source":"console","time":"2026-10-05T15:14:36Z"}
{"level":"info","msg":"{\"ev\":\"accepted\",\"id\":\"188799d3-ce7d-4271-b76f-3790f950ab2a\",\"t\":1791213276942}","source":"console","time":"2026-10-05T15:14:36Z"}
{"level":"info","msg":"{\"ev\":\"accepted\",\"id\":\"43eea467-6691-4e8a-ac6a-cf4b37985709\",\"t\":1791213277178}","source":"console","time":"2026-10-05T15:14:37Z"}
{"level":"info","msg":"{\"ev\":\"accepted\",\"id\":\"c7c4e454-e4f2-41c3-aaaa-fed2fe9e449d\",\"t\":1791213277468}","source":"console","time":"2026-10-05T15:14:37Z"}
{"level":"info","msg":"{\"ev\":\"accepted\",\"id\":\"634c6dca-d681-4c00-bf81-1ef66b9b0182\",\"t\":1791213277681}","source":"console","time":"2026-10-05T15:14:37Z"}
{"level":"info","msg":"{\"ev\":\"accepted\",\"id\":\"c74ec3b7-a2c1-40c2-929b-b6c5e2f83a0a\",\"t\":1791213277952}","source":"console","time":"2026-10-05T15:14:37Z"}
{"level":"info","msg":"{\"ev\":\"accepted\",\"id\":\"2cc96bdf-9b12-47b7-862c-ccdd10c326d8\",\"t\":1791213278204}","source":"console","time":"2026-10-05T15:14:38Z"}
{"level":"info","msg":"{\"ev\":\"accepted\",\"id\":\"17079b7d-1e01-4ea0-8a7c-ada02eb569bc\",\"t\":1791213278429}","source":"console","time":"2026-10-05T15:14:38Z"}
{"level":"info","msg":"{\"ev\":\"accepted\",\"id\":\"39c22271-ade3-495e-83ee-a9ad7a95d637\",\"t\":1791213278672}","source":"console","time":"2026-10-05T15:14:38Z"}
{"level":"info","msg":"{\"ev\":\"accepted\",\"id\":\"84bdd773-219c-498a-866e-0fe463a64afb\",\"t\":1791213278937}","source":"console","time":"2026-10-05T15:14:38Z"}
{"level":"info","msg":"{\"ev\":\"accepted\",\"id\":\"e10d75de-9ff0-4933-9737-752d9ce04fb9\",\"t\":1791213279188}","source":"console","time":"2026-10-05T15:14:39Z"}
{"level":"info","msg":"{\"ev\":\"accepted\",\"id\":\"169fbcd2-18fc-4155-9e66-30ed1a897c5e\",\"t\":1791213279428}","source":"console","time":"2026-10-05T15:14:39Z"}
{"level":"info","msg":"{\"ev\":\"accepted\",\"id\":\"771b489e-719c-4706-8a88-d2c382b029e2\",\"t\":1791213279671}","source":"console","time":"2026-10-05T15:14:39Z"}
{"level":"info","msg":"{\"ev\":\"accepted\",\"id\":\"89f82a9e-f45f-4ded-a662-69541bc977c6\",\"t\":1791213279930}","source":"console","time":"2026-10-05T15:14:39Z"}
{"level":"info","msg":"{\"ev\":\"accepted\",\"id\":\"c5456325-b042-4a4a-92a8-5b5904e59dd5\",\"t\":1791213280193}","source":"console","time":"2026-10-05T15:14:40Z"}
{"level":"info","msg":"{\"ev\":\"accepted\",\"id\":\"6de52ab6-9596-4fb4-87d3-3d1eb8bd2b33\",\"t\":1791213280443}","source":"console","time":"2026-10-05T15:14:40Z"}
{"level":"info","msg":"{\"ev\":\"accepted\",\"id\":\"1e50b424-369d-42d8-9779-ce117337e85e\",\"t\":1791213280687}","source":"console","time":"2026-10-05T15:14:40Z"}
{"level":"info","msg":"{\"ev\":\"accepted\",\"id\":\"9c4d2f3e-35b7-4cb5-bbc5-a38af424f67b\",\"t\":1791213280925}","source":"console","time":"2026-10-05T15:14:40Z"}
{"level":"info","msg":"{\"ev\":\"accepted\",\"id\":\"3083f63f-c5f2-4dc1-bb04-b2bc7de4bd7e\",\"t\":1791213281174}","source":"console","time":"2026-10-05T15:14:41Z"}
{"level":"info","msg":"{\"ev\":\"accepted\",\"id\":\"747f5209-247e-4418-8e91-99afca4f2026\",\"t\":1791213281459}","source":"console","time":"2026-10-05T15:14:41Z"}
{"level":"info","msg":"{\"ev\":\"accepted\",\"id\":\"503c10e8-eaf6-4de6-bfe6-23fcbea04391\",\"t\":1791213281695}","source":"console","time":"2026-10-05T15:14:41Z"}
{"level":"info","msg":"{\"ev\":\"accepted\",\"id\":\"a921a12d-0f39-4283-b926-ec3b8dd7c676\",\"t\":1791213281951}","source":"console","time":"2026-10-05T15:14:41Z"}
{"level":"info","msg":"{\"ev\":\"accepted\",\"id\":\"7cd6cf9b-de67-4b45-838b-590709dfcc45\",\"t\":1791213282192}","source":"console","time":"2026-10-05T15:14:42Z"}
{"level":"info","msg":"{\"ev\":\"accepted\",\"id\":\"66ae6ea1-0092-4758-b2de-47fb88e18932\",\"t\":1791213282427}","source":"console","time":"2026-10-05T15:14:42Z"}
{"level":"info","msg":"{\"ev\":\"accepted\",\"id\":\"a8ef6a3b-62c3-47a4-989c-94d19e4d09d6\",\"t\":1791213282679}","source":"console","time":"2026-10-05T15:14:42Z"}
{"level":"info","msg":"{\"ev\":\"accepted\",\"id\":\"8eb48a68-91c4-4853-aaf9-fb89208ce7d4\",\"t\":1791213282926}","source":"console","time":"2026-10-05T15:14:42Z"}
{"level":"info","msg":"{\"ev\":\"accepted\",\"id\":\"a5baf2a2-b653-43a8-9ab8-54fa9cb5b7c0\",\"t\":1791213283179}","source":"console","time":"2026-10-05T15:14:43Z"}
{"level":"info","msg":"{\"ev\":\"accepted\",\"id\":\"1b8fb22f-fb4b-44b1-8093-c70e7d184206\",\"t\":1791213283422}","source":"console","time":"2026-10-05T15:14:43Z"}
{"level":"info","msg":"{\"ev\":\"accepted\",\"id\":\"5597f7cf-0337-45ca-827d-645a1bab1234\",\"t\":1791213283671}","source":"console","time":"2026-10-05T15:14:43Z"}
{"level":"info","msg":"{\"ev\":\"accepted\",\"id\":\"2904d417-59ec-45b8-9e91-71e219e923de\",\"t\":1791213283923}","source":"console","time":"2026-10-05T15:14:43Z"}
{"level":"info","msg":"{\"ev\":\"accepted\",\"id\":\"9768e33f-fd04-4a20-bbb3-0bc84a1f5f22\",\"t\":1791213284172}","source":"console","time":"2026-10-05T15:14:44Z"}
{"level":"info","msg":"{\"ev\":\"accepted\",\"id\":\"bb902b48-bd22-4595-b8c0-13e878089dbe\",\"t\":1791213284425}","source":"console","time":"2026-10-05T15:14:44Z"}
{"level":"info","msg":"{\"ev\":\"accepted\",\"id\":\"0e4c080a-d2e1-4393-9a70-7a7b48794c9e\",\"t\":1791213284680}","source":"console","time":"2026-10-05T15:14:44Z"}
{"level":"info","msg":"{\"ev\":\"accepted\",\"id\":\"248d087d-e762-4e91-88d4-4241af48d337\",\"t\":1791213284922}","source":"console","time":"2026-10-05T15:14:44Z"}
{"level":"info","msg":"{\"ev\":\"accepted\",\"id\":\"6bf60c8b-4083-4440-8185-826ff3f81bf1\",\"t\":1791213285174}","source":"console","time":"2026-10-05T15:14:45Z"}
{"level":"info","msg":"{\"ev\":\"accepted\",\"id\":\"1cd6f076-92cb-48fd-a11f-70ca503a2d03\",\"t\":1791213285429}","source":"console","time":"2026-10-05T15:14:45Z"}
{"level":"info","msg":"{\"ev\":\"accepted\",\"id\":\"49d55845-0e45-4a70-9b66-0e26c513c84b\",\"t\":1791213285688}","source":"console","time":"2026-10-05T15:14:45Z"}
{"level":"info","msg":"{\"ev\":\"accepted\",\"id\":\"9704b2b6-cb2c-4975-be3c-832628f7c2a1\",\"t\":1791213285931}","source":"console","time":"2026-10-05T15:14:45Z"}
{"level":"info","msg":"{\"ev\":\"accepted\",\"id\":\"0e265521-d41e-4b4e-8d7f-fae30023deac\",\"t\":1791213286184}","source":"console","time":"2026-10-05T15:14:46Z"}
{"level":"info","msg":"{\"ev\":\"accepted\",\"id\":\"6ac27e6a-8b9c-4e9f-8525-52271cf62c9d\",\"t\":1791213286425}","source":"console","time":"2026-10-05T15:14:46Z"}
{"level":"info","msg":"{\"ev\":\"accepted\",\"id\":\"72fc46fe-ffb9-42cd-94d3-435d0eacf2ca\",\"t\":1791213286671}","source":"console","time":"2026-10-05T15:14:46Z"}
{"level":"info","msg":"{\"ev\":\"accepted\",\"id\":\"f7f93075-2d45-42e7-ae41-a8819d1eb51d\",\"t\":1791213286937}","source":"console","time":"2026-10-05T15:14:46Z"}
{"level":"info","msg":"{\"ev\":\"accepted\",\"id\":\"355a88b7-81b4-4f26-b281-7d7b38f0333a\",\"t\":1791213287186}","source":"console","time":"2026-10-05T15:14:47Z"}
{"level":"info","msg":"{\"ev\":\"accepted\",\"id\":\"eaf8539a-485d-43f1-ab9e-0c534479473f\",\"t\":1791213287431}","source":"console","time":"2026-10-05T15:14:47Z"}
{"level":"info","msg":"{\"ev\":\"accepted\",\"id\":\"b1f95c57-a6e8-4ea1-9411-dcf754df0152\",\"t\":1791213287672}","source":"console","time":"2026-10-05T15:14:47Z"}
{"level":"info","msg":"{\"ev\":\"accepted\",\"id\":\"1c887b6a-debd-4c54-9053-1a488bde6977\",\"t\":1791213287921}","source":"console","time":"2026-10-05T15:14:47Z"}
{"level":"info","msg":"{\"ev\":\"accepted\",\"id\":\"3ebc4291-da4f-42eb-a0a4-5eb0efa61b80\",\"t\":1791213288173}","source":"console","time":"2026-10-05T15:14:48Z"}
{"level":"info","msg":"{\"ev\":\"accepted\",\"id\":\"b81454a5-dfeb-40f0-bb49-e192b8fd20d1\",\"t\":1791213288424}","source":"console","time":"2026-10-05T15:14:48Z"}
{"level":"info","msg":"{\"ev\":\"accepted\",\"id\":\"6c63ce33-7ecc-4680-a5e0-b9030cda82e1\",\"t\":1791213288674}","source":"console","time":"2026-10-05T15:14:48Z"}
{"level":"info","msg":"{\"ev\":\"accepted\",\"id\":\"e26b477e-d0d4-4159-a8ae-a2c112f32b16\",\"t\":1791213288930}","source":"console","time":"2026-10-05T15:14:48Z"}
{"level":"info","msg":"{\"ev\":\"accepted\",\"id\":\"64a196e6-4591-4184-91a5-762ff933fd78\",\"t\":1791213289174}","source":"console","time":"2026-10-05T15:14:49Z"}
{"level":"info","msg":"{\"ev\":\"accepted\",\"id\":\"518e5fec-e4b7-4d26-b645-e9d9a9d412a2\",\"t\":1791213289428}","source":"console","time":"2026-10-05T15:14:49Z"}
{"level":"info","msg":"{\"ev\":\"accepted\",\"id\":\"0dc8e75e-b214-4f32-b453-b1a2395fc3b2\",\"t\":1791213289672}","source":"console","time":"2026-10-05T15:14:49Z"}
{"level":"info","msg":"{\"ev\":\"accepted\",\"id\":\"d6b00488-cece-4d0b-835e-1f17c2308ce2\",\"t\":1791213289922}","source":"console","time":"2026-10-05T15:14:49Z"}
{"level":"info","msg":"{\"ev\":\"accepted\",\"id\":\"acc6aa85-3f37-4aa8-a9aa-092151daf5a8\",\"t\":1791213290171}","source":"console","time":"2026-10-05T15:14:50Z"}
{"level":"info","msg":"{\"ev\":\"accepted\",\"id\":\"0735207b-1a12-4e20-89c2-f771039981b9\",\"t\":1791213290422}","source":"console","time":"2026-10-05T15:14:50Z"}
{"level":"info","msg":"{\"ev\":\"accepted\",\"id\":\"d5bbd7d0-ac29-4c3b-9166-1c1fa177aab1\",\"t\":1791213290675}","source":"console","time":"2026-10-05T15:14:50Z"}
{"level":"info","msg":"{\"ev\":\"accepted\",\"id\":\"223a87e8-94b1-4bc5-a4b0-a0335cee1ca9\",\"t\":1791213290921}","source":"console","time":"2026-10-05T15:14:50Z"}
{"level":"info","msg":"{\"ev\":\"accepted\",\"id\":\"979488e6-6624-43ed-92b5-91a1cc16603c\",\"t\":1791213291171}","source":"console","time":"2026-10-05T15:14:51Z"}
{"level":"info","msg":"{\"ev\":\"accepted\",\"id\":\"4025ec55-98eb-43aa-8342-55571831b378\",\"t\":1791213291423}","source":"console","time":"2026-10-05T15:14:51Z"}
{"level":"info","msg":"{\"ev\":\"accepted\",\"id\":\"d6bb707c-3da6-429a-a7a0-b3a22cd0a08c\",\"t\":1791213291686}","source":"console","time":"2026-10-05T15:14:51Z"}
{"level":"info","msg":"{\"ev\":\"accepted\",\"id\":\"697602da-12f8-4f50-a63b-d51432996110\",\"t\":1791213291962}","source":"console","time":"2026-10-05T15:14:51Z"}
{"level":"info","msg":"{\"ev\":\"accepted\",\"id\":\"e7b2e680-bb27-41bd-a8be-e838c923c398\",\"t\":1791213292198}","source":"console","time":"2026-10-05T15:14:52Z"}
{"level":"info","msg":"{\"ev\":\"accepted\",\"id\":\"e823b5c1-ddc4-47a3-a84f-515e4a902b1b\",\"t\":1791213292437}","source":"console","time":"2026-10-05T15:14:52Z"}
{"level":"info","msg":"{\"ev\":\"accepted\",\"id\":\"844729ed-97d0-4655-8127-60875f34ff3d\",\"t\":1791213292675}","source":"console","time":"2026-10-05T15:14:52Z"}
{"level":"info","msg":"{\"ev\":\"accepted\",\"id\":\"a3beab75-fd58-44ef-9780-10d2f5b42437\",\"t\":1791213292922}","source":"console","time":"2026-10-05T15:14:52Z"}
{"level":"info","msg":"{\"ev\":\"accepted\",\"id\":\"c9e1b6f8-2c9c-41bd-9087-f12fe47e09b8\",\"t\":1791213293175}","source":"console","time":"2026-10-05T15:14:53Z"}
{"level":"info","msg":"{\"ev\":\"accepted\",\"id\":\"66a50ed4-c0fd-466e-ad41-1d78f98a246b\",\"t\":1791213293422}","source":"console","time":"2026-10-05T15:14:53Z"}
{"level":"info","msg":"{\"ev\":\"accepted\",\"id\":\"eb3cfe29-a746-478b-9716-d1b71b04795e\",\"t\":1791213293672}","source":"console","time":"2026-10-05T15:14:53Z"}
{"level":"info","msg":"{\"ev\":\"accepted\",\"id\":\"e7619520-2283-4e17-af4a-87013df4df87\",\"t\":1791213293931}","source":"console","time":"2026-10-05T15:14:53Z"}
{"level":"info","msg":"{\"ev\":\"accepted\",\"id\":\"d1a6bdf0-3c59-445a-b641-37d9269ba60c\",\"t\":1791213294186}","source":"console","time":"2026-10-05T15:14:54Z"}
{"level":"info","msg":"{\"ev\":\"accepted\",\"id\":\"9fe2d8a2-06a4-46ba-96ee-8336ccead86c\",\"t\":1791213294436}","source":"console","time":"2026-10-05T15:14:54Z"}
{"level":"info","msg":"{\"ev\":\"accepted\",\"id\":\"cc13066e-5efd-4953-a443-9c23fca80ccf\",\"t\":1791213294705}","source":"console","time":"2026-10-05T15:14:54Z"}
{"level":"info","msg":"{\"ev\":\"accepted\",\"id\":\"d2a3759a-e334-4592-8183-9b8705d03244\",\"t\":1791213294924}","source":"console","time":"2026-10-05T15:14:54Z"}
{"level":"info","msg":"{\"ev\":\"accepted\",\"id\":\"46d109e7-76b5-45f3-983b-89622e779bcc\",\"t\":1791213295170}","source":"console","time":"2026-10-05T15:14:55Z"}
{"level":"info","msg":"{\"ev\":\"accepted\",\"id\":\"bb0c0fc7-774d-47d4-8299-914b08bfc46d\",\"t\":1791213295423}","source":"console","time":"2026-10-05T15:14:55Z"}
{"level":"info","msg":"{\"ev\":\"accepted\",\"id\":\"95e7315d-6cbc-4037-b376-be3f24f1e8fa\",\"t\":1791213295675}","source":"console","time":"2026-10-05T15:14:55Z"}
{"level":"info","msg":"{\"ev\":\"accepted\",\"id\":\"705b779e-96fb-4cdb-a720-b605c7f1d75d\",\"t\":1791213295922}","source":"console","time":"2026-10-05T15:14:55Z"}
{"level":"info","msg":"{\"ev\":\"accepted\",\"id\":\"c3a240fc-66cc-4b80-9bc9-a315a8393781\",\"t\":1791213296176}","source":"console","time":"2026-10-05T15:14:56Z"}
{"level":"info","msg":"{\"ev\":\"accepted\",\"id\":\"dd4eb4a1-ff7d-46cf-abe9-10e56e1a3eb9\",\"t\":1791213296453}","source":"console","time":"2026-10-05T15:14:56Z"}
{"level":"info","msg":"{\"ev\":\"accepted\",\"id\":\"acc4f233-37d2-40fb-99d2-c45316ef4b52\",\"t\":1791213296692}","source":"console","time":"2026-10-05T15:14:56Z"}
{"level":"info","msg":"{\"ev\":\"accepted\",\"id\":\"d4bccf41-cc9e-483a-8943-b8ac464561ad\",\"t\":1791213296957}","source":"console","time":"2026-10-05T15:14:56Z"}
{"level":"info","msg":"{\"ev\":\"accepted\",\"id\":\"13579801-6d96-49a9-8c0c-5f2871494914\",\"t\":1791213297196}","source":"console","time":"2026-10-05T15:14:57Z"}
{"level":"info","msg":"{\"ev\":\"accepted\",\"id\":\"000060b4-be46-455c-947f-6aad5e00c4f5\",\"t\":1791213297433}","source":"console","time":"2026-10-05T15:14:57Z"}
{"level":"info","msg":"{\"ev\":\"accepted\",\"id\":\"3b28c656-5c00-4e86-b536-e9721a4cf5fd\",\"t\":1791213297696}","source":"console","time":"2026-10-05T15:14:57Z"}
{"level":"info","msg":"{\"ev\":\"accepted\",\"id\":\"6e2fbf73-d4d5-4ad2-b970-92f48c5be546\",\"t\":1791213297937}","source":"console","time":"2026-10-05T15:14:57Z"}
{"level":"info","msg":"{\"ev\":\"accepted\",\"id\":\"f1d7b284-f95a-4058-9b03-b3b705055601\",\"t\":1791213298185}","source":"console","time":"2026-10-05T15:14:58Z"}
{"level":"info","msg":"{\"ev\":\"accepted\",\"id\":\"e661ae4b-2ad3-454b-b3eb-847dd1502732\",\"t\":1791213298428}","source":"console","time":"2026-10-05T15:14:58Z"}
{"level":"info","msg":"{\"ev\":\"accepted\",\"id\":\"3d2f7958-f0e1-4c37-bab0-5c73f0c3af3e\",\"t\":1791213298675}","source":"console","time":"2026-10-05T15:14:58Z"}
{"level":"info","msg":"{\"ev\":\"accepted\",\"id\":\"ab1460f5-8cb8-4712-b772-0b4355fa69d9\",\"t\":1791213298925}","source":"console","time":"2026-10-05T15:14:58Z"}
{"level":"info","msg":"{\"ev\":\"accepted\",\"id\":\"86a22f23-fc78-4bde-8ffc-24a0b9ccd78e\",\"t\":1791213299171}","source":"console","time":"2026-10-05T15:14:59Z"}
{"level":"info","msg":"{\"ev\":\"accepted\",\"id\":\"d609d6ff-5aeb-47b8-a884-1ed5a47e6d17\",\"t\":1791213299420}","source":"console","time":"2026-10-05T15:14:59Z"}
{"level":"info","msg":"{\"ev\":\"accepted\",\"id\":\"8eeb013c-1e8d-43c2-8d69-5b0225cada8a\",\"t\":1791213299693}","source":"console","time":"2026-10-05T15:14:59Z"}
{"level":"info","msg":"{\"ev\":\"accepted\",\"id\":\"c6466133-2b39-401d-a79f-8ffd3f6ff804\",\"t\":1791213299924}","source":"console","time":"2026-10-05T15:14:59Z"}
{"level":"info","msg":"{\"ev\":\"accepted\",\"id\":\"c52e3c0f-edab-4507-b7ef-eeb6d9263f75\",\"t\":1791213300187}","source":"console","time":"2026-10-05T15:15:00Z"}
{"level":"info","msg":"{\"ev\":\"accepted\",\"id\":\"5ba0139c-9042-46f8-858b-07baa78449bf\",\"t\":1791213300444}","source":"console","time":"2026-10-05T15:15:00Z"}
{"level":"info","msg":"{\"ev\":\"accepted\",\"id\":\"44f2203b-7967-48eb-b97b-32f2ba96f3df\",\"t\":1791213300693}","source":"console","time":"2026-10-05T15:15:00Z"}
{"level":"info","msg":"{\"ev\":\"accepted\",\"id\":\"4f647629-16c2-4d44-a4b7-5890a13aab6e\",\"t\":1791213300942}","source":"console","time":"2026-10-05T15:15:00Z"}
{"level":"info","msg":"{\"ev\":\"accepted\",\"id\":\"9320e628-621d-4210-878a-80b4ef7926a5\",\"t\":1791213301193}","source":"console","time":"2026-10-05T15:15:01Z"}
{"level":"info","msg":"{\"ev\":\"accepted\",\"id\":\"15d48d57-f0d4-47a4-bae3-1a1f17c3b757\",\"t\":1791213301426}","source":"console","time":"2026-10-05T15:15:01Z"}
{"level":"info","msg":"{\"ev\":\"accepted\",\"id\":\"15615476-5809-4856-9b36-6f31d4bfc2ee\",\"t\":1791213301672}","source":"console","time":"2026-10-05T15:15:01Z"}
{"level":"info","msg":"{\"ev\":\"accepted\",\"id\":\"10013d32-2d80-42b8-bb7d-44c3415c0008\",\"t\":1791213301932}","source":"console","time":"2026-10-05T15:15:01Z"}
{"level":"info","msg":"{\"ev\":\"accepted\",\"id\":\"78f9ce49-85b9-4529-b656-a5f201367814\",\"t\":1791213302176}","source":"console","time":"2026-10-05T15:15:02Z"}
{"level":"info","msg":"{\"ev\":\"accepted\",\"id\":\"3711875b-5a1b-4715-bf09-6212087e9677\",\"t\":1791213302425}","source":"console","time":"2026-10-05T15:15:02Z"}
{"level":"info","msg":"{\"ev\":\"accepted\",\"id\":\"02ab8ce6-5e2d-4634-8924-1941f4554bf9\",\"t\":1791213302672}","source":"console","time":"2026-10-05T15:15:02Z"}
