{"level":"info","msg":"{\"ev\":\"setup-done\",\"t\":1791216297880}","source":"console","time":"2026-10-05T16:04:57Z"}
{"level":"info","msg":"{\"ev\":\"accepted\",\"id\":\"8801e6d0-17e1-493c-88b3-f12572d476d4\",\"t\":1791216302383}","source":"console","time":"2026-10-05T16:05:02Z"}
{"level":"info","msg":"{\"ev\":\"accepted\",\"id\":\"793db6f3-4141-4001-b3ca-048f07675b13\",\"t\":1791216304403}","source":"console","time":"2026-10-05T16:05:04Z"}
{"level":"info","msg":"{\"ev\":\"accepted\",\"id\":\"a52654ad-2482-4b91-874b-000d57281627\",\"t\":1791216306396}","source":"console","time":"2026-10-05T16:05:06Z"}
{"level":"info","msg":"{\"ev\":\"accepted\",\"id\":\"688463c1-d467-497f-87f1-d7ff35faeaa7\",\"t\":1791216308406}","source":"console","time":"2026-10-05T16:05:08Z"}
{"level":"info","msg":"{\"ev\":\"accepted\",\"id\":\"4a22a71d-7dea-49f7-a13f-a3789728a4a7\",\"t\":1791216310405}","source":"console","time":"2026-10-05T16:05:10Z"}
{"level":"info","msg":"{\"ev\":\"accepted\",\"id\":\"45f4a022-eef9-4ab4-8f39-24bdcbbff623\",\"t\":1791216312398}","source":"console","time":"2026-10-05T16:05:12Z"}
{"level":"info","msg":"{\"ev\":\"accepted\",\"id\":\"ad081951-2210-44e3-abbd-f661b717a738\",\"t\":1791216314405}","source":"console","time":"2026-10-05T16:05:14Z"}
{"level":"info","msg":"{\"ev\":\"accepted\",\"id\":\"e528e727-1671-4643-b154-72ccea57d1a0\",\"t\":1791216316399}","source":"console","time":"2026-10-05T16:05:16Z"}
{"level":"info","msg":"{\"ev\":\"accepted\",\"id\":\"ee017e0c-884f-4a0f-9115-ec96ac2b0857\",\"t\":1791216318400}","source":"console","time":"2026-10-05T16:05:18Z"}
{"level":"info","msg":"{\"ev\":\"accepted\",\"id\":\"4f96df93-5f77-4033-b9f6-672115f6360a\",\"t\":1791216320400}","source":"console","time":"2026-10-05T16:05:20Z"}
{"level":"info","msg":"{\"ev\":\"accepted\",\"id\":\"d5101ba3-b7cf-4ab3-8b2b-f2a30ca47ea2\",\"t\":1791216322405}","source":"console","time":"2026-10-05T16:05:22Z"}
{"level":"info","msg":"{\"ev\":\"accepted\",\"id\":\"8132f7a3-cf2b-4d2f-859a-b988a2bb7259\",\"t\":1791216324404}","source":"console","time":"2026-10-05T16:05:24Z"}
{"level":"info","msg":"{\"ev\":\"accepted\",\"id\":\"f5ba2c31-6de5-48fc-adc7-f17ace1b1bd9\",\"t\":1791216326405}","source":"console","time":"2026-10-05T16:05:26Z"}
{"level":"info","msg":"{\"ev\":\"accepted\",\"id\":\"babd8099-f452-43df-97f7-ecd63698d1ae\",\"t\":1791216328390}","source":"console","time":"2026-10-05T16:05:28Z"}
{"level":"info","msg":"{\"ev\":\"accepted\",\"id\":\"bf6d55b5-c004-4735-bc36-4efddea1c718\",\"t\":1791216330404}","source":"console","time":"2026-10-05T16:05:30Z"}
{"level":"info","msg":"{\"ev\":\"accepted\",\"id\":\"de141848-f9f5-4dfd-a65d-4e5374c920d6\",\"t\":1791216332405}","source":"console","time":"2026-10-05T16:05:32Z"}
{"level":"info","msg":"{\"ev\":\"accepted\",\"id\":\"4fdcc739-d74b-4406-b396-e6137e238caa\",\"t\":1791216334392}","source":"console","time":"2026-10-05T16:05:34Z"}
{"level":"info","msg":"{\"ev\":\"accepted\",\"id\":\"58c1617b-c87c-4587-89b8-fd3a1de1ef5a\",\"t\":1791216336398}","source":"console","time":"2026-10-05T16:05:36Z"}
{"level":"info","msg":"{\"ev\":\"accepted\",\"id\":\"54462953-92d2-4486-998d-f47a34645b88\",\"t\":1791216338398}","source":"console","time":"2026-10-05T16:05:38Z"}
{"level":"info","msg":"{\"ev\":\"accepted\",\"id\":\"ee77afd5-615c-498f-b40c-d07106f75cbc\",\"t\":1791216340392}","source":"console","time":"2026-10-05T16:05:40Z"}
{"level":"info","msg":"{\"ev\":\"accepted\",\"id\":\"8c66a9cd-d8a1-47f6-80aa-929719067a45\",\"t\":1791216342401}","source":"console","time":"2026-10-05T16:05:42Z"}
{"level":"info","msg":"{\"ev\":\"accepted\",\"id\":\"77e18613-30a1-4c57-b46b-a6889a53691d\",\"t\":1791216344401}","source":"console","time":"2026-10-05T16:05:44Z"}
{"level":"info","msg":"{\"ev\":\"accepted\",\"id\":\"c2a00ccc-cce2-4455-b76d-248d7c6583c0\",\"t\":1791216346389}","source":"console","time":"2026-10-05T16:05:46Z"}
{"level":"info","msg":"{\"ev\":\"accepted\",\"id\":\"6a6592e8-b86b-4da4-b207-6a7acb8d800c\",\"t\":1791216348401}","source":"console","time":"2026-10-05T16:05:48Z"}
{"level":"info","msg":"{\"ev\":\"accepted\",\"id\":\"a789da0b-83de-4934-8172-4566a3439398\",\"t\":1791216350401}","source":"console","time":"2026-10-05T16:05:50Z"}
{"level":"info","msg":"{\"ev\":\"accepted\",\"id\":\"f66db325-8d12-4e04-82f0-5229bc624c41\",\"t\":1791216352399}","source":"console","time":"2026-10-05T16:05:52Z"}
{"level":"info","msg":"{\"ev\":\"accepted\",\"id\":\"ce8d8b07-eef4-4b4b-a82d-de309f60d6db\",\"t\":1791216354404}","source":"console","time":"2026-10-05T16:05:54Z"}
{"level":"info","msg":"{\"ev\":\"accepted\",\"id\":\"2c56a608-68e0-4a1e-82c5-e27e558b93ea\",\"t\":1791216356389}","source":"console","time":"2026-10-05T16:05:56Z"}
{"level":"info","msg":"{\"ev\":\"accepted\",\"id\":\"5a8fa42a-c894-4174-a844-9c6fe656e60a\",\"t\":1791216358395}","source":"console","time":"2026-10-05T16:05:58Z"}
{"level":"info","msg":"{\"ev\":\"accepted\",\"id\":\"1a2a25c6-2596-4638-a444-34b5c9ae0753\",\"t\":1791216360395}","source":"console","time":"2026-10-05T16:06:00Z"}
{"level":"info","msg":"{\"ev\":\"accepted\",\"id\":\"a4568127-16e1-4a51-bc53-f804d09fa9d2\",\"t\":1791216362396}","source":"console","time":"2026-10-05T16:06:02Z"}
{"level":"info","msg":"{\"ev\":\"accepted\",\"id\":\"2efcc0ed-6fef-4c29-b3fb-14a8b0bbeb23\",\"t\":1791216364404}","source":"console","time":"2026-10-05T16:06:04Z"}
{"level":"info","msg":"{\"ev\":\"accepted\",\"id\":\"a9144513-4674-4d91-b3c3-8815619e9adc\",\"t\":1791216366391}","source":"console","time":"2026-10-05T16:06:06Z"}
{"level":"info","msg":"{\"ev\":\"accepted\",\"id\":\"b64e8668-6a2e-4755-bac2-46ffd5d63bf0\",\"t\":1791216368390}","source":"console","time":"2026-10-05T16:06:08Z"}
{"level":"info","msg":"{\"ev\":\"accepted\",\"id\":\"22c89c7c-e7c8-48e9-ab4f-10522b5aaf77\",\"t\":1791216370395}","source":"console","time":"2026-10-05T16:06:10Z"}
{"level":"info","msg":"{\"ev\":\"accepted\",\"id\":\"49c383d5-3e0c-4bbd-b6f6-a4796a7beafa\",\"t\":1791216372395}","source":"console","time":"2026-10-05T16:06:12Z"}
{"level":"info","msg":"{\"ev\":\"accepted\",\"id\":\"16ef9174-04a4-4c69-ad75-3503821777a7\",\"t\":1791216374398}","source":"console","time":"2026-10-05T16:06:14Z"}
{"level":"info","msg":"{\"ev\":\"accepted\",\"id\":\"4e3380dc-78c8-44ac-9253-5c85ce010177\",\"t\":1791216376392}","source":"console","time":"2026-10-05T16:06:16Z"}
{"level":"info","msg":"{\"ev\":\"accepted\",\"id\":\"4bfbdeca-99f8-431e-bd7a-7b8a7f282c4c\",\"t\":1791216378393}","source":"console","time":"2026-10-05T16:06:18Z"}
{"level":"info","msg":"{\"ev\":\"accepted\",\"id\":\"9a28b360-700d-41b2-b137-2fa302692872\",\"t\":1791216380396}","source":"console","time":"2026-10-05T16:06:20Z"}
{"level":"info","msg":"{\"ev\":\"accepted\",\"id\":\"7cad4fa9-e1db-4a30-af4f-7d9fe03fc7e3\",\"t\":1791216382396}","source":"console","time":"2026-10-05T16:06:22Z"}
{"level":"info","msg":"{\"ev\":\"accepted\",\"id\":\"d02c0479-cae0-4064-b3ae-abc60be10698\",\"t\":1791216384400}","source":"console","time":"2026-10-05T16:06:24Z"}
{"level":"info","msg":"{\"ev\":\"accepted\",\"id\":\"e4668cf4-5796-4387-b834-54fa7ca80436\",\"t\":1791216386397}","source":"console","time":"2026-10-05T16:06:26Z"}
{"level":"info","msg":"{\"ev\":\"accepted\",\"id\":\"058db92a-500b-4ff1-8313-8a9fd95d283e\",\"t\":1791216388389}","source":"console","time":"2026-10-05T16:06:28Z"}
{"level":"info","msg":"{\"ev\":\"accepted\",\"id\":\"dce85895-c3c6-473e-ac40-74dba1f7ec71\",\"t\":1791216390392}","source":"console","time":"2026-10-05T16:06:30Z"}
{"level":"info","msg":"{\"ev\":\"accepted\",\"id\":\"e65ebca2-bcdb-480a-890f-65207caa2120\",\"t\":1791216392400}","source":"console","time":"2026-10-05T16:06:32Z"}
{"level":"info","msg":"{\"ev\":\"accepted\",\"id\":\"caff75ba-29c8-4e36-bc43-69d4958892a3\",\"t\":1791216394400}","source":"console","time":"2026-10-05T16:06:34Z"}
{"level":"info","msg":"{\"ev\":\"accepted\",\"id\":\"857a1204-7e64-4a96-85b4-3737e0b1f107\",\"t\":1791216396399}","source":"console","time":"2026-10-05T16:06:36Z"}
{"level":"info","msg":"{\"ev\":\"accepted\",\"id\":\"4ed7e896-5d50-4380-8eef-7f3a3e5abb6f\",\"t\":1791216398390}","source":"console","time":"2026-10-05T16:06:38Z"}
{"level":"info","msg":"{\"ev\":\"accepted\",\"id\":\"fac67fc9-675e-42d9-94e5-949d4ef8ebdd\",\"t\":1791216400389}","source":"console","time":"2026-10-05T16:06:40Z"}
{"level":"info","msg":"{\"ev\":\"accepted\",\"id\":\"164b6d81-e2ed-475a-b29a-ecb981513e8b\",\"t\":1791216402398}","source":"console","time":"2026-10-05T16:06:42Z"}
{"level":"info","msg":"{\"ev\":\"accepted\",\"id\":\"cd007c6e-fed7-4c67-8964-4c9fd1670686\",\"t\":1791216404400}","source":"console","time":"2026-10-05T16:06:44Z"}
{"level":"info","msg":"{\"ev\":\"accepted\",\"id\":\"4fc92650-5dcc-429a-bacc-919ab4edb552\",\"t\":1791216406395}","source":"console","time":"2026-10-05T16:06:46Z"}
{"level":"info","msg":"{\"ev\":\"accepted\",\"id\":\"85c1b68d-7fa1-430f-ae5b-ef1aa49420d2\",\"t\":1791216408392}","source":"console","time":"2026-10-05T16:06:48Z"}
{"level":"info","msg":"{\"ev\":\"accepted\",\"id\":\"627636e8-dc0a-4f32-a495-f9f684e719c7\",\"t\":1791216410402}","source":"console","time":"2026-10-05T16:06:50Z"}
{"level":"info","msg":"{\"ev\":\"accepted\",\"id\":\"d4b00ea7-07cc-4ca2-a2b7-50673d3dc48b\",\"t\":1791216412390}","source":"console","time":"2026-10-05T16:06:52Z"}
{"level":"info","msg":"{\"ev\":\"accepted\",\"id\":\"c0b635a7-01a2-44a3-bcab-24281ab6faa6\",\"t\":1791216414396}","source":"console","time":"2026-10-05T16:06:54Z"}
{"level":"info","msg":"{\"ev\":\"accepted\",\"id\":\"7922af67-6a02-483b-a5af-58188b5c0bf7\",\"t\":1791216416396}","source":"console","time":"2026-10-05T16:06:56Z"}
{"level":"info","msg":"{\"ev\":\"accepted\",\"id\":\"120c765f-516e-4c6d-a203-a6570b78c5b9\",\"t\":1791216418401}","source":"console","time":"2026-10-05T16:06:58Z"}
{"level":"info","msg":"{\"ev\":\"accepted\",\"id\":\"91f35f05-b2c3-4663-97c5-7d5c71f949ca\",\"t\":1791216420396}","source":"console","time":"2026-10-05T16:07:00Z"}
{"level":"info","msg":"{\"ev\":\"accepted\",\"id\":\"c546d1cf-7072-4790-8252-2bcf667c0e8a\",\"t\":1791216422397}","source":"console","time":"2026-10-05T16:07:02Z"}
{"level":"info","msg":"{\"ev\":\"accepted\",\"id\":\"087048db-539b-4867-a95b-455b729ae0cd\",\"t\":1791216424399}","source":"console","time":"2026-10-05T16:07:04Z"}
{"level":"info","msg":"{\"ev\":\"accepted\",\"id\":\"d506c569-21c8-4744-ab62-89fe6ae1f0a2\",\"t\":1791216426399}","source":"console","time":"2026-10-05T16:07:06Z"}
{"level":"info","msg":"{\"ev\":\"accepted\",\"id\":\"67e67857-3956-47f2-b74e-73d19686997d\",\"t\":1791216428398}","source":"console","time":"2026-10-05T16:07:08Z"}
{"level":"info","msg":"{\"ev\":\"accepted\",\"id\":\"ee7c6d0b-194c-46ce-8379-b0312e0951ac\",\"t\":1791216430400}","source":"console","time":"2026-10-05T16:07:10Z"}
{"level":"info","msg":"{\"ev\":\"accepted\",\"id\":\"a4c71631-339e-4103-beeb-76d76fdb6041\",\"t\":1791216432400}","source":"console","time":"2026-10-05T16:07:12Z"}
{"level":"info","msg":"{\"ev\":\"accepted\",\"id\":\"17fff08f-cc79-4504-af55-e420efc99266\",\"t\":1791216434390}","source":"console","time":"2026-10-05T16:07:14Z"}
{"level":"info","msg":"{\"ev\":\"accepted\",\"id\":\"c14f3621-ef53-4f31-8aa8-7086c1a8ad93\",\"t\":1791216436398}","source":"console","time":"2026-10-05T16:07:16Z"}
{"level":"info","msg":"{\"ev\":\"accepted\",\"id\":\"18115946-8c52-402a-9fe3-017dbfef117f\",\"t\":1791216438399}","source":"console","time":"2026-10-05T16:07:18Z"}
{"level":"info","msg":"{\"ev\":\"accepted\",\"id\":\"e3891548-0a4f-4dd1-84ea-34594d435488\",\"t\":1791216440398}","source":"console","time":"2026-10-05T16:07:20Z"}
{"level":"info","msg":"{\"ev\":\"accepted\",\"id\":\"ebe60691-2464-4757-b55c-5a26b30582f2\",\"t\":1791216442398}","source":"console","time":"2026-10-05T16:07:22Z"}
{"level":"info","msg":"{\"ev\":\"accepted\",\"id\":\"ce4f54f4-eed2-497e-a2a2-541ffec992f9\",\"t\":1791216444399}","source":"console","time":"2026-10-05T16:07:24Z"}
{"level":"info","msg":"{\"ev\":\"accepted\",\"id\":\"8e42ddbc-ab07-4227-93cf-f7d698b6bed4\",\"t\":1791216446390}","source":"console","time":"2026-10-05T16:07:26Z"}
{"level":"info","msg":"{\"ev\":\"accepted\",\"id\":\"d6981403-ef91-467f-baf0-0a8bc50aef04\",\"t\":1791216448396}","source":"console","time":"2026-10-05T16:07:28Z"}
{"level":"info","msg":"{\"ev\":\"accepted\",\"id\":\"e85827a3-a0fd-433f-9d03-e86280d20914\",\"t\":1791216450390}","source":"console","time":"2026-10-05T16:07:30Z"}
{"level":"info","msg":"{\"ev\":\"accepted\",\"id\":\"7d9481f3-aa6b-4bcf-a96f-14cbe957a7c6\",\"t\":1791216452399}","source":"console","time":"2026-10-05T16:07:32Z"}
{"level":"info","msg":"{\"ev\":\"accepted\",\"id\":\"4316ea22-4fc4-40fe-be85-43b83f53ea15\",\"t\":1791216454400}","source":"console","time":"2026-10-05T16:07:34Z"}
{"level":"info","msg":"{\"ev\":\"accepted\",\"id\":\"142b9591-1c78-4f90-8ba4-8a80d12af555\",\"t\":1791216456399}","source":"console","time":"2026-10-05T16:07:36Z"}
{"level":"info","msg":"{\"ev\":\"accepted\",\"id\":\"0467227b-9c18-4673-a91f-5982a554d42d\",\"t\":1791216458396}","source":"console","time":"2026-10-05T16:07:38Z"}
{"level":"info","msg":"{\"ev\":\"accepted\",\"id\":\"c4e155d4-6dbb-483d-8ee3-3f4950a5572e\",\"t\":1791216460399}","source":"console","time":"2026-10-05T16:07:40Z"}
{"level":"info","msg":"{\"ev\":\"accepted\",\"id\":\"7c98fb6b-86bc-4049-bf27-389f51f87b27\",\"t\":1791216462398}","source":"console","time":"2026-10-05T16:07:42Z"}
{"level":"info","msg":"{\"ev\":\"accepted\",\"id\":\"267c94ad-84ce-4827-aa3c-2175680b5596\",\"t\":1791216464399}","source":"console","time":"2026-10-05T16:07:44Z"}
{"level":"info","msg":"{\"ev\":\"accepted\",\"id\":\"dc03c2ef-a1cb-4341-8e24-72a682f7133e\",\"t\":1791216466397}","source":"console","time":"2026-10-05T16:07:46Z"}
{"level":"info","msg":"{\"ev\":\"accepted\",\"id\":\"ae7bdcfe-abe0-4973-ae44-818e199d112f\",\"t\":1791216468390}","source":"console","time":"2026-10-05T16:07:48Z"}
{"level":"info","msg":"{\"ev\":\"accepted\",\"id\":\"194d2051-68d2-4ccc-b849-ccfb436eafb5\",\"t\":1791216470397}","source":"console","time":"2026-10-05T16:07:50Z"}
{"level":"info","msg":"{\"ev\":\"accepted\",\"id\":\"ec1ffbc6-1974-4f41-8fdb-b5bd2db8d6a6\",\"t\":1791216472398}","source":"console","time":"2026-10-05T16:07:52Z"}
{"level":"info","msg":"{\"ev\":\"accepted\",\"id\":\"d3cb0d39-e850-407c-9850-cabad20e00af\",\"t\":1791216474389}","source":"console","time":"2026-10-05T16:07:54Z"}
{"level":"info","msg":"{\"ev\":\"accepted\",\"id\":\"00f775a6-83ce-4802-bbf8-218d7736bd65\",\"t\":1791216476399}","source":"console","time":"2026-10-05T16:07:56Z"}
{"level":"info","msg":"{\"ev\":\"accepted\",\"id\":\"313bdac8-52e0-4ac2-b3db-479f3d3cdc12\",\"t\":1791216478397}","source":"console","time":"2026-10-05T16:07:58Z"}
{"level":"info","msg":"{\"ev\":\"accepted\",\"id\":\"19afdb2a-3e88-43f2-a4bd-1b8d672a8c3f\",\"t\":1791216480399}","source":"console","time":"2026-10-05T16:08:00Z"}
{"level":"info","msg":"{\"ev\":\"accepted\",\"id\":\"8e0bb233-f900-4564-bbbe-950f8d9d3bdb\",\"t\":1791216482406}","source":"console","time":"2026-10-05T16:08:02Z"}
{"level":"info","msg":"{\"ev\":\"accepted\",\"id\":\"7eadcab0-0f54-4140-9df5-fa0a7881b035\",\"t\":1791216484399}","source":"console","time":"2026-10-05T16:08:04Z"}
{"level":"info","msg":"{\"ev\":\"accepted\",\"id\":\"877afcf0-bff0-46fa-b076-db6c6a21acfe\",\"t\":1791216486397}","source":"console","time":"2026-10-05T16:08:06Z"}
{"level":"info","msg":"{\"ev\":\"accepted\",\"id\":\"8cd8bdab-3f4f-4d6b-a7c1-903281cde8a5\",\"t\":1791216488398}","source":"console","time":"2026-10-05T16:08:08Z"}
{"level":"info","msg":"{\"ev\":\"accepted\",\"id\":\"bda10569-64f1-427e-8a09-eab1c01f9f39\",\"t\":1791216490389}","source":"console","time":"2026-10-05T16:08:10Z"}
{"level":"info","msg":"{\"ev\":\"accepted\",\"id\":\"a14e69bc-da52-46b9-9218-c85f25fab61d\",\"t\":1791216492395}","source":"console","time":"2026-10-05T16:08:12Z"}
{"level":"info","msg":"{\"ev\":\"accepted\",\"id\":\"6f783724-40d1-4547-9248-3ecfde3212e5\",\"t\":1791216494399}","source":"console","time":"2026-10-05T16:08:14Z"}
{"level":"info","msg":"{\"ev\":\"accepted\",\"id\":\"ee5fab91-3523-4dfa-a765-e7ae615efed4\",\"t\":1791216496400}","source":"console","time":"2026-10-05T16:08:16Z"}
{"level":"info","msg":"{\"ev\":\"accepted\",\"id\":\"06020c93-d5e5-4222-8bae-6e2c3f5b090e\",\"t\":1791216498399}","source":"console","time":"2026-10-05T16:08:18Z"}
{"level":"info","msg":"{\"ev\":\"accepted\",\"id\":\"a82995b4-51cb-4b51-9c4c-5432aa3d8b36\",\"t\":1791216500400}","source":"console","time":"2026-10-05T16:08:20Z"}
{"level":"info","msg":"{\"ev\":\"accepted\",\"id\":\"15e667e0-cdc6-4892-9fa2-56e28294c454\",\"t\":1791216502401}","source":"console","time":"2026-10-05T16:08:22Z"}
{"level":"info","msg":"{\"ev\":\"accepted\",\"id\":\"c8b565e7-de17-4516-8050-837a2b1d2a0c\",\"t\":1791216504405}","source":"console","time":"2026-10-05T16:08:24Z"}
{"level":"info","msg":"{\"ev\":\"accepted\",\"id\":\"5026a660-b078-496a-8971-7cd48a3b4b4b\",\"t\":1791216506399}","source":"console","time":"2026-10-05T16:08:26Z"}
{"level":"info","msg":"{\"ev\":\"accepted\",\"id\":\"6fd428eb-c1db-4a2c-a26f-cd2ba33c456c\",\"t\":1791216508396}","source":"console","time":"2026-10-05T16:08:28Z"}
{"level":"info","msg":"{\"ev\":\"accepted\",\"id\":\"c37f5c15-cae3-4e4e-b84a-8a8f5f20086c\",\"t\":1791216510398}","source":"console","time":"2026-10-05T16:08:30Z"}
{"level":"info","msg":"{\"ev\":\"accepted\",\"id\":\"fd0d1c45-811a-4433-a956-4f8a7f19d257\",\"t\":1791216512390}","source":"console","time":"2026-10-05T16:08:32Z"}
{"level":"info","msg":"{\"ev\":\"accepted\",\"id\":\"7fd33601-85f9-44a1-88b3-b6138b7714f3\",\"t\":1791216514397}","source":"console","time":"2026-10-05T16:08:34Z"}
{"level":"info","msg":"{\"ev\":\"accepted\",\"id\":\"a96c79cb-b6a7-4ad9-9a14-98f51220e884\",\"t\":1791216516399}","source":"console","time":"2026-10-05T16:08:36Z"}
{"level":"info","msg":"{\"ev\":\"accepted\",\"id\":\"1c0c6260-d820-46a3-978a-6e5a4245dc23\",\"t\":1791216518400}","source":"console","time":"2026-10-05T16:08:38Z"}
{"level":"info","msg":"{\"ev\":\"accepted\",\"id\":\"e90d7d96-5998-4468-a362-77a788b8785b\",\"t\":1791216520399}","source":"console","time":"2026-10-05T16:08:40Z"}
{"level":"info","msg":"{\"ev\":\"accepted\",\"id\":\"6154f6f5-7a14-4b98-8aec-608754218a71\",\"t\":1791216522388}","source":"console","time":"2026-10-05T16:08:42Z"}
{"level":"info","msg":"{\"ev\":\"accepted\",\"id\":\"cf317468-16a5-48c6-bed1-5e83c08e258e\",\"t\":1791216524389}","source":"console","time":"2026-10-05T16:08:44Z"}
{"level":"info","msg":"{\"ev\":\"accepted\",\"id\":\"c6c9b997-f2f0-4cad-ae70-912afd4011c6\",\"t\":1791216526396}","source":"console","time":"2026-10-05T16:08:46Z"}
{"level":"info","msg":"{\"ev\":\"accepted\",\"id\":\"98e3b03d-51b5-4303-aafa-a8f08952b357\",\"t\":1791216528401}","source":"console","time":"2026-10-05T16:08:48Z"}
{"level":"info","msg":"{\"ev\":\"accepted\",\"id\":\"49e57cdc-63b3-4539-8918-a9a678b8174a\",\"t\":1791216530399}","source":"console","time":"2026-10-05T16:08:50Z"}
{"level":"info","msg":"{\"ev\":\"accepted\",\"id\":\"0da4de18-aaa5-4256-8d01-72877498b5e3\",\"t\":1791216532388}","source":"console","time":"2026-10-05T16:08:52Z"}
{"level":"info","msg":"{\"ev\":\"accepted\",\"id\":\"af1e91e9-7980-4a4d-bf20-f17ff11ee6cc\",\"t\":1791216534397}","source":"console","time":"2026-10-05T16:08:54Z"}
{"level":"info","msg":"{\"ev\":\"accepted\",\"id\":\"dfefaf36-07ba-4f6e-bb6d-35ec70b29a7d\",\"t\":1791216536399}","source":"console","time":"2026-10-05T16:08:56Z"}
{"level":"info","msg":"{\"ev\":\"accepted\",\"id\":\"9b11173d-56e7-417c-bde4-d1022471ab8c\",\"t\":1791216538399}","source":"console","time":"2026-10-05T16:08:58Z"}
{"level":"info","msg":"{\"ev\":\"accepted\",\"id\":\"8ae479b7-631a-4b1d-a81e-3e0c39ff1342\",\"t\":1791216540398}","source":"console","time":"2026-10-05T16:09:00Z"}
{"level":"info","msg":"{\"ev\":\"accepted\",\"id\":\"7d3c7491-6dd2-4a73-a58f-350b6f6d9a7a\",\"t\":1791216542398}","source":"console","time":"2026-10-05T16:09:02Z"}
{"level":"info","msg":"{\"ev\":\"accepted\",\"id\":\"88854cc9-ae57-41aa-9db9-02d2b70a0a67\",\"t\":1791216544400}","source":"console","time":"2026-10-05T16:09:04Z"}
{"level":"info","msg":"{\"ev\":\"accepted\",\"id\":\"4602722f-138d-465e-9bcf-24c3ac4b1e99\",\"t\":1791216546399}","source":"console","time":"2026-10-05T16:09:06Z"}
{"level":"info","msg":"{\"ev\":\"accepted\",\"id\":\"3442240f-9e68-44dc-af11-3935aee46659\",\"t\":1791216548384}","source":"console","time":"2026-10-05T16:09:08Z"}
{"level":"info","msg":"{\"ev\":\"accepted\",\"id\":\"7c741323-d838-4d1f-9b8b-79493b654dac\",\"t\":1791216550111}","source":"console","time":"2026-10-05T16:09:10Z"}
{"level":"info","msg":"{\"ev\":\"accepted\",\"id\":\"fc7b9f16-2251-4d63-894c-a5031baec5f5\",\"t\":1791216551577}","source":"console","time":"2026-10-05T16:09:11Z"}
{"level":"info","msg":"{\"ev\":\"accepted\",\"id\":\"77c79d05-75e1-4190-893a-aff340f9d051\",\"t\":1791216552894}","source":"console","time":"2026-10-05T16:09:12Z"}
{"level":"info","msg":"{\"ev\":\"accepted\",\"id\":\"99668937-ce49-4f3e-b106-e3d057599b95\",\"t\":1791216554142}","source":"console","time":"2026-10-05T16:09:14Z"}
{"level":"info","msg":"{\"ev\":\"accepted\",\"id\":\"3d6fc4d0-d06f-4c39-967c-3c25d562b7a6\",\"t\":1791216555396}","source":"console","time":"2026-10-05T16:09:15Z"}
{"level":"info","msg":"{\"ev\":\"accepted\",\"id\":\"d0a74ec0-09e8-4626-b307-2c337d5ccfd3\",\"t\":1791216556643}","source":"console","time":"2026-10-05T16:09:16Z"}
{"level":"info","msg":"{\"ev\":\"accepted\",\"id\":\"b5ed5345-80dd-428a-8e6b-5abbade125cf\",\"t\":1791216557898}","source":"console","time":"2026-10-05T16:09:17Z"}
{"level":"info","msg":"{\"ev\":\"accepted\",\"id\":\"61caa404-0a99-4d19-ba74-ae60dffaccbf\",\"t\":1791216559153}","source":"console","time":"2026-10-05T16:09:19Z"}
{"level":"info","msg":"{\"ev\":\"accepted\",\"id\":\"d3fd79f2-0f87-48ac-985c-00c29a2cba70\",\"t\":1791216560406}","source":"console","time":"2026-10-05T16:09:20Z"}
{"level":"info","msg":"{\"ev\":\"accepted\",\"id\":\"272a0e23-07f5-4e03-b1f4-584a58e7d587\",\"t\":1791216561658}","source":"console","time":"2026-10-05T16:09:21Z"}
{"level":"info","msg":"{\"ev\":\"accepted\",\"id\":\"cb3d9264-7812-47db-a511-89b5cf24a854\",\"t\":1791216562899}","source":"console","time":"2026-10-05T16:09:22Z"}
{"level":"info","msg":"{\"ev\":\"accepted\",\"id\":\"6b7265cb-1d74-4105-8a18-09b223a9e159\",\"t\":1791216564150}","source":"console","time":"2026-10-05T16:09:24Z"}
{"level":"info","msg":"{\"ev\":\"accepted\",\"id\":\"02570757-517b-4a42-b0ef-86a29b95dc36\",\"t\":1791216565395}","source":"console","time":"2026-10-05T16:09:25Z"}
{"level":"info","msg":"{\"ev\":\"accepted\",\"id\":\"80442aea-3613-482d-b4da-aa3395e8df75\",\"t\":1791216566652}","source":"console","time":"2026-10-05T16:09:26Z"}
{"level":"info","msg":"{\"ev\":\"accepted\",\"id\":\"cce40df9-fdaa-4054-95ec-778135bebe2b\",\"t\":1791216567889}","source":"console","time":"2026-10-05T16:09:27Z"}
{"level":"info","msg":"{\"ev\":\"accepted\",\"id\":\"e398cc62-2332-49a1-b5a0-0dca46491594\",\"t\":1791216569144}","source":"console","time":"2026-10-05T16:09:29Z"}
{"level":"info","msg":"{\"ev\":\"accepted\",\"id\":\"014f3665-88d3-43a0-ad1d-7cdbab728cb1\",\"t\":1791216570400}","source":"console","time":"2026-10-05T16:09:30Z"}
{"level":"info","msg":"{\"ev\":\"accepted\",\"id\":\"7f47aff2-6663-4bf4-b015-1aee58249a28\",\"t\":1791216571653}","source":"console","time":"2026-10-05T16:09:31Z"}
{"level":"info","msg":"{\"ev\":\"accepted\",\"id\":\"662b0d92-3437-4b68-8c7a-aa65401fddc1\",\"t\":1791216572899}","source":"console","time":"2026-10-05T16:09:32Z"}
{"level":"info","msg":"{\"ev\":\"accepted\",\"id\":\"9b56f1a2-3438-4013-9bc9-82e0119fae65\",\"t\":1791216574144}","source":"console","time":"2026-10-05T16:09:34Z"}
{"level":"info","msg":"{\"ev\":\"accepted\",\"id\":\"2fab714f-805f-43e5-975c-a52a5d3902e9\",\"t\":1791216575399}","source":"console","time":"2026-10-05T16:09:35Z"}
{"level":"info","msg":"{\"ev\":\"accepted\",\"id\":\"13f3c229-c4b4-4f7d-8683-1279b6003525\",\"t\":1791216576653}","source":"console","time":"2026-10-05T16:09:36Z"}
{"level":"info","msg":"{\"ev\":\"accepted\",\"id\":\"fb4f6d82-5603-4284-8d16-224797ab90e4\",\"t\":1791216577899}","source":"console","time":"2026-10-05T16:09:37Z"}
{"level":"info","msg":"{\"ev\":\"accepted\",\"id\":\"e87b9af3-a0d0-4560-98b1-c8614ff54fdb\",\"t\":1791216579144}","source":"console","time":"2026-10-05T16:09:39Z"}
{"level":"info","msg":"{\"ev\":\"accepted\",\"id\":\"7723dcbd-ff27-4e5f-8a02-3d42f7fa632b\",\"t\":1791216580396}","source":"console","time":"2026-10-05T16:09:40Z"}
{"level":"info","msg":"{\"ev\":\"accepted\",\"id\":\"4dd65b07-d0b1-4933-866e-cb05df5d1ec9\",\"t\":1791216581653}","source":"console","time":"2026-10-05T16:09:41Z"}
{"level":"info","msg":"{\"ev\":\"accepted\",\"id\":\"7b7e28d7-affb-453c-a583-3fe67f500c27\",\"t\":1791216582897}","source":"console","time":"2026-10-05T16:09:42Z"}
{"level":"info","msg":"{\"ev\":\"accepted\",\"id\":\"5b3dfe5b-03dc-434d-baf9-0b0ea8866c8f\",\"t\":1791216584145}","source":"console","time":"2026-10-05T16:09:44Z"}
{"level":"info","msg":"{\"ev\":\"accepted\",\"id\":\"94457ff4-2dc9-4195-92d8-b2413d4ced2d\",\"t\":1791216585399}","source":"console","time":"2026-10-05T16:09:45Z"}
{"level":"info","msg":"{\"ev\":\"accepted\",\"id\":\"1fdfc1b5-b20d-4e3d-a11f-7a8f01a5c688\",\"t\":1791216586648}","source":"console","time":"2026-10-05T16:09:46Z"}
{"level":"info","msg":"{\"ev\":\"accepted\",\"id\":\"1ea3b174-e2ec-4ecf-82ed-09632fb94fce\",\"t\":1791216587900}","source":"console","time":"2026-10-05T16:09:47Z"}
{"level":"info","msg":"{\"ev\":\"accepted\",\"id\":\"8f21318e-59eb-44d3-bd3a-4505e0c48d71\",\"t\":1791216589152}","source":"console","time":"2026-10-05T16:09:49Z"}
{"level":"info","msg":"{\"ev\":\"accepted\",\"id\":\"b244c5cc-d5ed-4449-8922-1ac56c74e940\",\"t\":1791216590389}","source":"console","time":"2026-10-05T16:09:50Z"}
{"level":"info","msg":"{\"ev\":\"accepted\",\"id\":\"6c528ca0-c07f-4b8c-abad-ed9b21eb5923\",\"t\":1791216591655}","source":"console","time":"2026-10-05T16:09:51Z"}
{"level":"info","msg":"{\"ev\":\"accepted\",\"id\":\"9f7ad527-2b8f-4cc7-88a3-ddf2730e2d61\",\"t\":1791216592900}","source":"console","time":"2026-10-05T16:09:52Z"}
{"level":"info","msg":"{\"ev\":\"accepted\",\"id\":\"e25ea7fc-a219-4366-bb0d-571e0d1d26e0\",\"t\":1791216594139}","source":"console","time":"2026-10-05T16:09:54Z"}
{"level":"info","msg":"{\"ev\":\"accepted\",\"id\":\"4398831a-4c7c-4d49-a4c5-6bba25b9976a\",\"t\":1791216595395}","source":"console","time":"2026-10-05T16:09:55Z"}
{"level":"info","msg":"{\"ev\":\"accepted\",\"id\":\"d723c81d-143a-40c7-bcb0-804aa5dcb073\",\"t\":1791216596652}","source":"console","time":"2026-10-05T16:09:56Z"}
{"level":"info","msg":"{\"ev\":\"accepted\",\"id\":\"742c5873-5b74-4b45-b44b-ad3599c12c2a\",\"t\":1791216597898}","source":"console","time":"2026-10-05T16:09:57Z"}
{"level":"info","msg":"{\"ev\":\"accepted\",\"id\":\"1313d6d3-3a12-4306-b6d8-a90af215a924\",\"t\":1791216599149}","source":"console","time":"2026-10-05T16:09:59Z"}
{"level":"info","msg":"{\"ev\":\"accepted\",\"id\":\"6a266b60-e96e-4b73-a479-18c921e53af1\",\"t\":1791216600398}","source":"console","time":"2026-10-05T16:10:00Z"}
{"level":"info","msg":"{\"ev\":\"accepted\",\"id\":\"2b8e69d0-3f55-46cd-a4c5-e540f4a52266\",\"t\":1791216601646}","source":"console","time":"2026-10-05T16:10:01Z"}
{"level":"info","msg":"{\"ev\":\"accepted\",\"id\":\"4ff98566-69aa-4e00-a0a7-4e03d26ad022\",\"t\":1791216602896}","source":"console","time":"2026-10-05T16:10:02Z"}
{"level":"info","msg":"{\"ev\":\"accepted\",\"id\":\"c27c928d-2a3b-43f1-b597-f69d06843ccd\",\"t\":1791216604143}","source":"console","time":"2026-10-05T16:10:04Z"}
{"level":"info","msg":"{\"ev\":\"accepted\",\"id\":\"e18ad151-2c8b-4561-9a26-bc47ae0b8d37\",\"t\":1791216605397}","source":"console","time":"2026-10-05T16:10:05Z"}
{"level":"info","msg":"{\"ev\":\"accepted\",\"id\":\"dc03cc94-35dc-406d-9076-41a936091917\",\"t\":1791216606639}","source":"console","time":"2026-10-05T16:10:06Z"}
{"level":"info","msg":"{\"ev\":\"accepted\",\"id\":\"af9ecd13-e81f-4f6a-a0c6-338b3368375d\",\"t\":1791216607889}","source":"console","time":"2026-10-05T16:10:07Z"}
{"level":"info","msg":"{\"ev\":\"accepted\",\"id\":\"43acebcf-dd97-4d81-b47a-e2ac504787a8\",\"t\":1791216609149}","source":"console","time":"2026-10-05T16:10:09Z"}
{"level":"info","msg":"{\"ev\":\"accepted\",\"id\":\"8e7260a3-94a8-457e-8ff6-5113bf5e517f\",\"t\":1791216610399}","source":"console","time":"2026-10-05T16:10:10Z"}
{"level":"info","msg":"{\"ev\":\"accepted\",\"id\":\"9b335ff5-c83e-4a3c-ba62-232b2042db0b\",\"t\":1791216611651}","source":"console","time":"2026-10-05T16:10:11Z"}
{"level":"info","msg":"{\"ev\":\"accepted\",\"id\":\"0303dbc0-d6b5-414b-a1f9-c4f15d528ce1\",\"t\":1791216612891}","source":"console","time":"2026-10-05T16:10:12Z"}
{"level":"info","msg":"{\"ev\":\"accepted\",\"id\":\"cd641543-f8ae-4b73-9441-995563d4246b\",\"t\":1791216614142}","source":"console","time":"2026-10-05T16:10:14Z"}
{"level":"info","msg":"{\"ev\":\"accepted\",\"id\":\"907c6649-5205-4893-8ae9-f7d8f94bc0a7\",\"t\":1791216615401}","source":"console","time":"2026-10-05T16:10:15Z"}
{"level":"info","msg":"{\"ev\":\"accepted\",\"id\":\"cf077771-19e3-4da8-975d-905f213a54ff\",\"t\":1791216616649}","source":"console","time":"2026-10-05T16:10:16Z"}
{"level":"info","msg":"{\"ev\":\"accepted\",\"id\":\"b9a241ad-c47f-499a-a51d-fa066e2709c3\",\"t\":1791216617891}","source":"console","time":"2026-10-05T16:10:17Z"}
{"level":"info","msg":"{\"ev\":\"accepted\",\"id\":\"0e428b7b-aa55-4ee6-8c39-65b8ea727494\",\"t\":1791216619142}","source":"console","time":"2026-10-05T16:10:19Z"}
{"level":"info","msg":"{\"ev\":\"accepted\",\"id\":\"b6174531-359f-4e4f-b6ce-a2b336bb6959\",\"t\":1791216620399}","source":"console","time":"2026-10-05T16:10:20Z"}
{"level":"info","msg":"{\"ev\":\"accepted\",\"id\":\"b2b4b796-2049-43c6-ba5f-52e2d3a0f455\",\"t\":1791216621650}","source":"console","time":"2026-10-05T16:10:21Z"}
{"level":"info","msg":"{\"ev\":\"accepted\",\"id\":\"70d88781-403c-41f3-8db6-fa62a39f4889\",\"t\":1791216622896}","source":"console","time":"2026-10-05T16:10:22Z"}
{"level":"info","msg":"{\"ev\":\"accepted\",\"id\":\"d6362719-ee41-40cb-bf63-1a4338e88ca3\",\"t\":1791216624143}","source":"console","time":"2026-10-05T16:10:24Z"}
{"level":"info","msg":"{\"ev\":\"accepted\",\"id\":\"6f0e8acb-e63b-474d-a69b-6b258d0978ef\",\"t\":1791216625399}","source":"console","time":"2026-10-05T16:10:25Z"}
{"level":"info","msg":"{\"ev\":\"accepted\",\"id\":\"3811538e-f839-4f4e-8620-6980397d9eec\",\"t\":1791216626653}","source":"console","time":"2026-10-05T16:10:26Z"}
{"level":"info","msg":"{\"ev\":\"accepted\",\"id\":\"3cd07673-b55d-4a2e-8c44-c973a4dea4cc\",\"t\":1791216627899}","source":"console","time":"2026-10-05T16:10:27Z"}
{"level":"info","msg":"{\"ev\":\"accepted\",\"id\":\"1d9a7dca-94c2-4dbd-839a-196d76efc979\",\"t\":1791216629142}","source":"console","time":"2026-10-05T16:10:29Z"}
{"level":"info","msg":"{\"ev\":\"accepted\",\"id\":\"2b985762-743c-4da2-82d7-64264cd8c0d3\",\"t\":1791216630396}","source":"console","time":"2026-10-05T16:10:30Z"}
{"level":"info","msg":"{\"ev\":\"accepted\",\"id\":\"d07a5d27-2c4b-48b5-b0df-5b14d3d24f88\",\"t\":1791216631651}","source":"console","time":"2026-10-05T16:10:31Z"}
{"level":"info","msg":"{\"ev\":\"accepted\",\"id\":\"f1a13ffe-57b3-493a-a610-0453bff474b8\",\"t\":1791216632895}","source":"console","time":"2026-10-05T16:10:32Z"}
{"level":"info","msg":"{\"ev\":\"accepted\",\"id\":\"0e204b8b-1042-4b5b-88b2-608d5604d424\",\"t\":1791216634142}","source":"console","time":"2026-10-05T16:10:34Z"}
{"level":"info","msg":"{\"ev\":\"accepted\",\"id\":\"f1126983-cc29-422b-a55f-8ce3eed61fae\",\"t\":1791216635389}","source":"console","time":"2026-10-05T16:10:35Z"}
{"level":"info","msg":"{\"ev\":\"accepted\",\"id\":\"e8141f0f-fa91-460d-bcae-87540ff4c1ca\",\"t\":1791216636639}","source":"console","time":"2026-10-05T16:10:36Z"}
{"level":"info","msg":"{\"ev\":\"accepted\",\"id\":\"14c53147-1e53-4237-9300-f5c8536db82f\",\"t\":1791216637899}","source":"console","time":"2026-10-05T16:10:37Z"}
{"level":"info","msg":"{\"ev\":\"accepted\",\"id\":\"5dfae604-f86c-4b1f-919e-f02d49778904\",\"t\":1791216639146}","source":"console","time":"2026-10-05T16:10:39Z"}
{"level":"info","msg":"{\"ev\":\"accepted\",\"id\":\"666b39e3-888b-44ab-af66-75609e2878e3\",\"t\":1791216640398}","source":"console","time":"2026-10-05T16:10:40Z"}
{"level":"info","msg":"{\"ev\":\"accepted\",\"id\":\"e74ffc14-7a99-4edd-8c2c-a7fbbabf42b5\",\"t\":1791216641642}","source":"console","time":"2026-10-05T16:10:41Z"}
{"level":"info","msg":"{\"ev\":\"accepted\",\"id\":\"1bc760b8-5702-4a59-b826-a506aa274e39\",\"t\":1791216642896}","source":"console","time":"2026-10-05T16:10:42Z"}
{"level":"info","msg":"{\"ev\":\"accepted\",\"id\":\"d2e68f0f-72a3-42de-bce6-47317f5045a1\",\"t\":1791216644144}","source":"console","time":"2026-10-05T16:10:44Z"}
{"level":"info","msg":"{\"ev\":\"accepted\",\"id\":\"f043532b-de1d-4748-abbc-f956c65f4767\",\"t\":1791216645394}","source":"console","time":"2026-10-05T16:10:45Z"}
{"level":"info","msg":"{\"ev\":\"accepted\",\"id\":\"e0ec441c-682a-472b-a1b0-8520b53be196\",\"t\":1791216646652}","source":"console","time":"2026-10-05T16:10:46Z"}
{"level":"info","msg":"{\"ev\":\"accepted\",\"id\":\"80b8807c-4004-451c-aed9-7d1cc2ca8642\",\"t\":1791216647897}","source":"console","time":"2026-10-05T16:10:47Z"}
{"level":"info","msg":"{\"ev\":\"accepted\",\"id\":\"bb92d7e5-af13-4516-9d80-fafadf6070e0\",\"t\":1791216649149}","source":"console","time":"2026-10-05T16:10:49Z"}
{"level":"info","msg":"{\"ev\":\"accepted\",\"id\":\"c133fb35-e250-4c40-8b3f-4d7f36e17295\",\"t\":1791216650389}","source":"console","time":"2026-10-05T16:10:50Z"}
{"level":"info","msg":"{\"ev\":\"accepted\",\"id\":\"4a808888-9c06-4b6b-ac02-1b4b754dd6ee\",\"t\":1791216651654}","source":"console","time":"2026-10-05T16:10:51Z"}
{"level":"info","msg":"{\"ev\":\"accepted\",\"id\":\"c3d4ab67-ef22-4a5b-a50c-00d0a3468c34\",\"t\":1791216652898}","source":"console","time":"2026-10-05T16:10:52Z"}
{"level":"info","msg":"{\"ev\":\"accepted\",\"id\":\"31d3b6ba-ee8e-4b9e-b564-f6cc18c1d48b\",\"t\":1791216654143}","source":"console","time":"2026-10-05T16:10:54Z"}
{"level":"info","msg":"{\"ev\":\"accepted\",\"id\":\"766562ed-becf-43ef-af22-507e00f85742\",\"t\":1791216655390}","source":"console","time":"2026-10-05T16:10:55Z"}
{"level":"info","msg":"{\"ev\":\"accepted\",\"id\":\"b928bf0f-153b-4d70-bb50-ca2203bc9f30\",\"t\":1791216656649}","source":"console","time":"2026-10-05T16:10:56Z"}
{"level":"info","msg":"{\"ev\":\"accepted\",\"id\":\"5701e36a-cd7c-440d-baf1-6484c82a5f49\",\"t\":1791216657902}","source":"console","time":"2026-10-05T16:10:57Z"}
{"level":"info","msg":"{\"ev\":\"accepted\",\"id\":\"e44f5f50-178e-48c0-b246-d55a49c168ac\",\"t\":1791216659144}","source":"console","time":"2026-10-05T16:10:59Z"}
{"level":"info","msg":"{\"ev\":\"accepted\",\"id\":\"a0a0881c-de26-4950-910b-ca0861d39589\",\"t\":1791216660399}","source":"console","time":"2026-10-05T16:11:00Z"}
{"level":"info","msg":"{\"ev\":\"accepted\",\"id\":\"cb233f62-b27e-4b94-81c8-475b345d586e\",\"t\":1791216661652}","source":"console","time":"2026-10-05T16:11:01Z"}
{"level":"info","msg":"{\"ev\":\"accepted\",\"id\":\"8fe3d314-4e77-46c4-bb81-1e0f7cb8b6c9\",\"t\":1791216662889}","source":"console","time":"2026-10-05T16:11:02Z"}
{"level":"info","msg":"{\"ev\":\"accepted\",\"id\":\"71f88ec2-1a38-479c-8935-d58fa7c5d148\",\"t\":1791216664148}","source":"console","time":"2026-10-05T16:11:04Z"}
{"level":"info","msg":"{\"ev\":\"accepted\",\"id\":\"fa646933-b532-4c16-b0ba-d63c92737f1a\",\"t\":1791216665396}","source":"console","time":"2026-10-05T16:11:05Z"}
{"level":"info","msg":"{\"ev\":\"accepted\",\"id\":\"173fb66c-6ed1-4f5d-9c4d-571eb683004b\",\"t\":1791216666650}","source":"console","time":"2026-10-05T16:11:06Z"}
{"level":"info","msg":"{\"ev\":\"accepted\",\"id\":\"1972c95b-fe98-48bd-9aa3-0e548d45f678\",\"t\":1791216667897}","source":"console","time":"2026-10-05T16:11:07Z"}
{"level":"info","msg":"{\"ev\":\"accepted\",\"id\":\"46220e0a-58e3-4c20-b4ec-6be7c20e9293\",\"t\":1791216669150}","source":"console","time":"2026-10-05T16:11:09Z"}
{"level":"info","msg":"{\"ev\":\"accepted\",\"id\":\"f3c4528e-833e-4851-ba52-e0c436f97316\",\"t\":1791216670399}","source":"console","time":"2026-10-05T16:11:10Z"}
{"level":"info","msg":"{\"ev\":\"accepted\",\"id\":\"482f5e82-5abd-49ed-84db-a9b5b71219d4\",\"t\":1791216671653}","source":"console","time":"2026-10-05T16:11:11Z"}
{"level":"info","msg":"{\"ev\":\"accepted\",\"id\":\"3badadd8-2939-4b83-9fb4-5736581e02af\",\"t\":1791216672890}","source":"console","time":"2026-10-05T16:11:12Z"}
{"level":"info","msg":"{\"ev\":\"accepted\",\"id\":\"b79a5a2a-2fff-4720-9bba-2d1836ccd464\",\"t\":1791216674144}","source":"console","time":"2026-10-05T16:11:14Z"}
{"level":"info","msg":"{\"ev\":\"accepted\",\"id\":\"9312b094-f97b-4ecd-b55a-63e8b99aa1c5\",\"t\":1791216675397}","source":"console","time":"2026-10-05T16:11:15Z"}
{"level":"info","msg":"{\"ev\":\"accepted\",\"id\":\"8f853814-ba64-4d89-aa71-41bed8bbbf4f\",\"t\":1791216676651}","source":"console","time":"2026-10-05T16:11:16Z"}
{"level":"info","msg":"{\"ev\":\"accepted\",\"id\":\"54ec3edb-adf1-47df-8730-776692f56ec0\",\"t\":1791216677889}","source":"console","time":"2026-10-05T16:11:17Z"}
{"level":"info","msg":"{\"ev\":\"accepted\",\"id\":\"9c462c31-bd07-4ca5-a256-c93eef1a9f93\",\"t\":1791216679145}","source":"console","time":"2026-10-05T16:11:19Z"}
{"level":"info","msg":"{\"ev\":\"accepted\",\"id\":\"c9dd175d-1585-41b8-bb8a-d3adc54e450f\",\"t\":1791216680402}","source":"console","time":"2026-10-05T16:11:20Z"}
{"level":"info","msg":"{\"ev\":\"accepted\",\"id\":\"52c37f5c-5b2b-4123-af59-cd167cacb962\",\"t\":1791216681653}","source":"console","time":"2026-10-05T16:11:21Z"}
{"level":"info","msg":"{\"ev\":\"accepted\",\"id\":\"9c731195-c751-400e-bc16-cb7288834160\",\"t\":1791216682899}","source":"console","time":"2026-10-05T16:11:22Z"}
{"level":"info","msg":"{\"ev\":\"accepted\",\"id\":\"aca0666f-33b9-426f-b93a-84117e3f34dd\",\"t\":1791216684142}","source":"console","time":"2026-10-05T16:11:24Z"}
{"level":"info","msg":"{\"ev\":\"accepted\",\"id\":\"f1cbd194-3d58-4a2e-8663-916ab01a674a\",\"t\":1791216685403}","source":"console","time":"2026-10-05T16:11:25Z"}
{"level":"info","msg":"{\"ev\":\"accepted\",\"id\":\"1a331557-c514-48f4-b45a-e660120f7ca5\",\"t\":1791216686649}","source":"console","time":"2026-10-05T16:11:26Z"}
{"level":"info","msg":"{\"ev\":\"accepted\",\"id\":\"8d45298a-ba38-4295-a022-c17df5cf8979\",\"t\":1791216687898}","source":"console","time":"2026-10-05T16:11:27Z"}
{"level":"info","msg":"{\"ev\":\"accepted\",\"id\":\"69920207-0a28-426a-9b67-0100ecae4a2a\",\"t\":1791216689151}","source":"console","time":"2026-10-05T16:11:29Z"}
{"level":"info","msg":"{\"ev\":\"accepted\",\"id\":\"3adbc53c-94f4-4a4f-9617-7007df376122\",\"t\":1791216690390}","source":"console","time":"2026-10-05T16:11:30Z"}
{"level":"info","msg":"{\"ev\":\"accepted\",\"id\":\"9c666635-a804-4438-bcd1-7b65b7531237\",\"t\":1791216691652}","source":"console","time":"2026-10-05T16:11:31Z"}
{"level":"info","msg":"{\"ev\":\"accepted\",\"id\":\"0bc6cc23-b68d-43b4-b543-73bcfd6906b8\",\"t\":1791216692900}","source":"console","time":"2026-10-05T16:11:32Z"}
{"level":"info","msg":"{\"ev\":\"accepted\",\"id\":\"e4615062-9f2a-4718-99a8-d4b9a03e27c8\",\"t\":1791216694146}","source":"console","time":"2026-10-05T16:11:34Z"}
{"level":"info","msg":"{\"ev\":\"accepted\",\"id\":\"20b0b4fd-1bea-4cb5-8a77-535e254f71ab\",\"t\":1791216695405}","source":"console","time":"2026-10-05T16:11:35Z"}
{"level":"info","msg":"{\"ev\":\"accepted\",\"id\":\"807b7804-f84b-4476-b779-bc09de54be27\",\"t\":1791216696642}","source":"console","time":"2026-10-05T16:11:36Z"}
{"level":"info","msg":"{\"ev\":\"accepted\",\"id\":\"fad7a9da-edc4-4a0b-9f03-af0c838b0cfc\",\"t\":1791216697900}","source":"console","time":"2026-10-05T16:11:37Z"}
{"level":"info","msg":"{\"ev\":\"accepted\",\"id\":\"8e13b38a-79c5-4577-a33e-0e2cdaa12837\",\"t\":1791216699151}","source":"console","time":"2026-10-05T16:11:39Z"}
{"level":"info","msg":"{\"ev\":\"accepted\",\"id\":\"f9645842-dc02-4770-8290-962a16cb093a\",\"t\":1791216700392}","source":"console","time":"2026-10-05T16:11:40Z"}
{"level":"info","msg":"{\"ev\":\"accepted\",\"id\":\"cb9d0052-b273-49d8-9754-d3cbaffd3478\",\"t\":1791216701644}","source":"console","time":"2026-10-05T16:11:41Z"}
{"level":"info","msg":"{\"ev\":\"accepted\",\"id\":\"d594eeeb-9204-49f1-9f87-5face19b5cf0\",\"t\":1791216702899}","source":"console","time":"2026-10-05T16:11:42Z"}
{"level":"info","msg":"{\"ev\":\"accepted\",\"id\":\"6dd098a8-a704-4510-8a54-6e942a10e5fa\",\"t\":1791216704147}","source":"console","time":"2026-10-05T16:11:44Z"}
{"level":"info","msg":"{\"ev\":\"accepted\",\"id\":\"628eab5b-dc72-4e58-84c6-72c8f22d1587\",\"t\":1791216705393}","source":"console","time":"2026-10-05T16:11:45Z"}
{"level":"info","msg":"{\"ev\":\"accepted\",\"id\":\"cb2799fa-3047-4ef5-9993-2c02eb0f66dc\",\"t\":1791216706639}","source":"console","time":"2026-10-05T16:11:46Z"}
{"level":"info","msg":"{\"ev\":\"accepted\",\"id\":\"5d806363-980c-4dde-bb81-d99777f48d31\",\"t\":1791216707897}","source":"console","time":"2026-10-05T16:11:47Z"}
{"level":"info","msg":"{\"ev\":\"accepted\",\"id\":\"fdf2b06b-711b-41dd-bb3d-01a5011e90aa\",\"t\":1791216709150}","source":"console","time":"2026-10-05T16:11:49Z"}
{"level":"info","msg":"{\"ev\":\"accepted\",\"id\":\"b80e9ed5-adbc-4037-856f-2d305ea7936b\",\"t\":1791216710406}","source":"console","time":"2026-10-05T16:11:50Z"}
{"level":"info","msg":"{\"ev\":\"accepted\",\"id\":\"83e77046-ad8b-42f7-aa46-330fb44e9979\",\"t\":1791216711649}","source":"console","time":"2026-10-05T16:11:51Z"}
{"level":"info","msg":"{\"ev\":\"accepted\",\"id\":\"5602c59b-43b5-4088-99a6-ab5b6cc83c96\",\"t\":1791216712894}","source":"console","time":"2026-10-05T16:11:52Z"}
{"level":"info","msg":"{\"ev\":\"accepted\",\"id\":\"8d41fd44-2640-4fa8-bada-403846594339\",\"t\":1791216714138}","source":"console","time":"2026-10-05T16:11:54Z"}
{"level":"info","msg":"{\"ev\":\"accepted\",\"id\":\"0a8dd245-182b-427f-b4a2-280b5374704c\",\"t\":1791216715407}","source":"console","time":"2026-10-05T16:11:55Z"}
{"level":"info","msg":"{\"ev\":\"accepted\",\"id\":\"ab298f6e-7afc-427d-b224-ac14c701cbe7\",\"t\":1791216716653}","source":"console","time":"2026-10-05T16:11:56Z"}
{"level":"info","msg":"{\"ev\":\"accepted\",\"id\":\"9c7edad9-a83a-4748-972e-9ee6d5c68f61\",\"t\":1791216717900}","source":"console","time":"2026-10-05T16:11:57Z"}
{"level":"info","msg":"{\"ev\":\"accepted\",\"id\":\"428ff503-23f4-4622-b739-f940cf958766\",\"t\":1791216719151}","source":"console","time":"2026-10-05T16:11:59Z"}
{"level":"info","msg":"{\"ev\":\"accepted\",\"id\":\"24f7795a-5b96-4db7-8411-29c773f37ede\",\"t\":1791216720407}","source":"console","time":"2026-10-05T16:12:00Z"}
{"level":"info","msg":"{\"ev\":\"accepted\",\"id\":\"120197fb-d213-49e8-8f16-43ce9ca3f532\",\"t\":1791216721643}","source":"console","time":"2026-10-05T16:12:01Z"}
{"level":"info","msg":"{\"ev\":\"accepted\",\"id\":\"4707f51c-233a-4747-b508-9cbb53910546\",\"t\":1791216722898}","source":"console","time":"2026-10-05T16:12:02Z"}
{"level":"info","msg":"{\"ev\":\"accepted\",\"id\":\"da14ba41-8ad3-4ae8-b95b-ac340b4ca738\",\"t\":1791216724144}","source":"console","time":"2026-10-05T16:12:04Z"}
{"level":"info","msg":"{\"ev\":\"accepted\",\"id\":\"1623def7-e53a-46da-8675-0ace47cfc2ce\",\"t\":1791216725409}","source":"console","time":"2026-10-05T16:12:05Z"}
{"level":"info","msg":"{\"ev\":\"accepted\",\"id\":\"2c5432bb-9045-4816-afbb-2e6ceb72d841\",\"t\":1791216726646}","source":"console","time":"2026-10-05T16:12:06Z"}
{"level":"info","msg":"{\"ev\":\"accepted\",\"id\":\"d87466b2-4e93-41ec-a19a-3b7512863813\",\"t\":1791216727894}","source":"console","time":"2026-10-05T16:12:07Z"}
{"level":"info","msg":"{\"ev\":\"accepted\",\"id\":\"ef12b179-86dd-4f71-a591-eb76efb12cd2\",\"t\":1791216729144}","source":"console","time":"2026-10-05T16:12:09Z"}
{"level":"info","msg":"{\"ev\":\"accepted\",\"id\":\"e87a443a-5ce9-4c0c-b8bc-42afb165bad0\",\"t\":1791216730410}","source":"console","time":"2026-10-05T16:12:10Z"}
{"level":"info","msg":"{\"ev\":\"accepted\",\"id\":\"76093ddf-a854-4140-a122-b0d245ed3734\",\"t\":1791216731652}","source":"console","time":"2026-10-05T16:12:11Z"}
{"level":"info","msg":"{\"ev\":\"accepted\",\"id\":\"b7f5c432-6c14-4868-a927-8847f3b8ee32\",\"t\":1791216732900}","source":"console","time":"2026-10-05T16:12:12Z"}
{"level":"info","msg":"{\"ev\":\"accepted\",\"id\":\"348fae32-a93e-4e18-8c08-1d7ec2c11f3f\",\"t\":1791216734099}","source":"console","time":"2026-10-05T16:12:14Z"}
{"level":"info","msg":"{\"ev\":\"accepted\",\"id\":\"3b6828ae-dc45-4518-a357-bfed4d91a161\",\"t\":1791216735195}","source":"console","time":"2026-10-05T16:12:15Z"}
{"level":"info","msg":"{\"ev\":\"accepted\",\"id\":\"67d83d98-ea24-451b-a511-f1156c552895\",\"t\":1791216736228}","source":"console","time":"2026-10-05T16:12:16Z"}
{"level":"info","msg":"{\"ev\":\"accepted\",\"id\":\"b583da8a-9b4a-4376-8f1f-991c5db3d367\",\"t\":1791216737199}","source":"console","time":"2026-10-05T16:12:17Z"}
{"level":"info","msg":"{\"ev\":\"accepted\",\"id\":\"db2d5db0-ad45-4599-a142-e828365dcf91\",\"t\":1791216738122}","source":"console","time":"2026-10-05T16:12:18Z"}
{"level":"info","msg":"{\"ev\":\"accepted\",\"id\":\"63c3b317-ab27-4705-b8f7-1d26e6690391\",\"t\":1791216739030}","source":"console","time":"2026-10-05T16:12:19Z"}
{"level":"info","msg":"{\"ev\":\"accepted\",\"id\":\"18275f73-a3e2-40f3-877b-689acbf6d52d\",\"t\":1791216739940}","source":"console","time":"2026-10-05T16:12:19Z"}
{"level":"info","msg":"{\"ev\":\"accepted\",\"id\":\"6e1e7a1f-587e-48da-a09d-d580c4d6fa64\",\"t\":1791216740851}","source":"console","time":"2026-10-05T16:12:20Z"}
{"level":"info","msg":"{\"ev\":\"accepted\",\"id\":\"7aafe0d4-4c93-4c3b-88a7-6d21d0a7f8ca\",\"t\":1791216741759}","source":"console","time":"2026-10-05T16:12:21Z"}
{"level":"info","msg":"{\"ev\":\"accepted\",\"id\":\"ca4755bf-0207-4c8d-9325-a26295925b16\",\"t\":1791216742667}","source":"console","time":"2026-10-05T16:12:22Z"}
{"level":"info","msg":"{\"ev\":\"accepted\",\"id\":\"709fa6eb-f06a-40f4-bf09-ea14f2a4d9d8\",\"t\":1791216743588}","source":"console","time":"2026-10-05T16:12:23Z"}
{"level":"info","msg":"{\"ev\":\"accepted\",\"id\":\"d81c48a1-5b9c-4ef6-b0db-e2aa72d17fb1\",\"t\":1791216744490}","source":"console","time":"2026-10-05T16:12:24Z"}
{"level":"info","msg":"{\"ev\":\"accepted\",\"id\":\"d842a8f7-4fe5-4a1f-9825-e2a775fce840\",\"t\":1791216745399}","source":"console","time":"2026-10-05T16:12:25Z"}
{"level":"info","msg":"{\"ev\":\"accepted\",\"id\":\"d12a80db-40f7-4062-b9e3-f092e43d183d\",\"t\":1791216746303}","source":"console","time":"2026-10-05T16:12:26Z"}
{"level":"info","msg":"{\"ev\":\"accepted\",\"id\":\"9a376b11-05dd-4df8-bc40-c829b3f3e205\",\"t\":1791216747217}","source":"console","time":"2026-10-05T16:12:27Z"}
{"level":"info","msg":"{\"ev\":\"accepted\",\"id\":\"99eba721-d9c8-4407-93bc-248ed207daa8\",\"t\":1791216748116}","source":"console","time":"2026-10-05T16:12:28Z"}
{"level":"info","msg":"{\"ev\":\"accepted\",\"id\":\"cb9c2514-180d-45f7-a07c-924fdac6d3ac\",\"t\":1791216749035}","source":"console","time":"2026-10-05T16:12:29Z"}
{"level":"info","msg":"{\"ev\":\"accepted\",\"id\":\"746e8291-ff3f-40c6-89c9-030d1c8877a4\",\"t\":1791216749944}","source":"console","time":"2026-10-05T16:12:29Z"}
{"level":"info","msg":"{\"ev\":\"accepted\",\"id\":\"6e6e0c8d-60d3-47a8-91ba-6273bd5576a6\",\"t\":1791216750859}","source":"console","time":"2026-10-05T16:12:30Z"}
{"level":"info","msg":"{\"ev\":\"accepted\",\"id\":\"f6c3e392-f5ea-40cb-bbb2-db111f81ca5a\",\"t\":1791216751767}","source":"console","time":"2026-10-05T16:12:31Z"}
{"level":"info","msg":"{\"ev\":\"accepted\",\"id\":\"5eb3c748-ad06-48bf-9a8e-278e7af30966\",\"t\":1791216752671}","source":"console","time":"2026-10-05T16:12:32Z"}
{"level":"info","msg":"{\"ev\":\"accepted\",\"id\":\"036a2bd7-a256-4485-bc13-02581cfb5db7\",\"t\":1791216753585}","source":"console","time":"2026-10-05T16:12:33Z"}
{"level":"info","msg":"{\"ev\":\"accepted\",\"id\":\"b6e95fdb-e049-493d-bb58-12bffd2fc6b2\",\"t\":1791216754490}","source":"console","time":"2026-10-05T16:12:34Z"}
{"level":"info","msg":"{\"ev\":\"accepted\",\"id\":\"24fcd0d3-6d8d-4c4e-9478-38745569a8f8\",\"t\":1791216755394}","source":"console","time":"2026-10-05T16:12:35Z"}
{"level":"info","msg":"{\"ev\":\"accepted\",\"id\":\"226888a5-3b06-436e-92ea-13246ccfac8d\",\"t\":1791216756311}","source":"console","time":"2026-10-05T16:12:36Z"}
{"level":"info","msg":"{\"ev\":\"accepted\",\"id\":\"f1913294-1d5b-4290-ae4a-77fa5eab1bac\",\"t\":1791216757212}","source":"console","time":"2026-10-05T16:12:37Z"}
{"level":"info","msg":"{\"ev\":\"accepted\",\"id\":\"6c47e4e8-05ae-414f-afc9-f6abd9b934b0\",\"t\":1791216758116}","source":"console","time":"2026-10-05T16:12:38Z"}
{"level":"info","msg":"{\"ev\":\"accepted\",\"id\":\"2946c802-693b-4d76-ae74-ac270a9fb3b6\",\"t\":1791216759032}","source":"console","time":"2026-10-05T16:12:39Z"}
{"level":"info","msg":"{\"ev\":\"accepted\",\"id\":\"391ea0bd-7364-4536-9b18-abba7307528d\",\"t\":1791216759945}","source":"console","time":"2026-10-05T16:12:39Z"}
{"level":"info","msg":"{\"ev\":\"accepted\",\"id\":\"f12d28f8-c0e7-4984-bff3-248cf710becc\",\"t\":1791216760858}","source":"console","time":"2026-10-05T16:12:40Z"}
{"level":"info","msg":"{\"ev\":\"accepted\",\"id\":\"5865e29b-37b3-4e76-95e5-bc5bb05e427c\",\"t\":1791216761768}","source":"console","time":"2026-10-05T16:12:41Z"}
{"level":"info","msg":"{\"ev\":\"accepted\",\"id\":\"d82da034-ff79-4f43-b2bc-b2b1f3508dad\",\"t\":1791216762667}","source":"console","time":"2026-10-05T16:12:42Z"}
{"level":"info","msg":"{\"ev\":\"accepted\",\"id\":\"2494c12d-ed46-4f18-9d44-d5643643ccee\",\"t\":1791216763583}","source":"console","time":"2026-10-05T16:12:43Z"}
{"level":"info","msg":"{\"ev\":\"accepted\",\"id\":\"156aa540-f227-404c-8727-c190102c4989\",\"t\":1791216764489}","source":"console","time":"2026-10-05T16:12:44Z"}
{"level":"info","msg":"{\"ev\":\"accepted\",\"id\":\"4b63adb7-9e22-4442-b1e9-6e263c6042b5\",\"t\":1791216765399}","source":"console","time":"2026-10-05T16:12:45Z"}
{"level":"info","msg":"{\"ev\":\"accepted\",\"id\":\"e999ea50-018b-43db-8a8c-7876aee534a0\",\"t\":1791216766301}","source":"console","time":"2026-10-05T16:12:46Z"}
{"level":"info","msg":"{\"ev\":\"accepted\",\"id\":\"d89126de-a807-4675-8674-77fb94aa7fb7\",\"t\":1791216767215}","source":"console","time":"2026-10-05T16:12:47Z"}
{"level":"info","msg":"{\"ev\":\"accepted\",\"id\":\"ebbc3667-901d-4094-90dc-70d351d6d1aa\",\"t\":1791216768128}","source":"console","time":"2026-10-05T16:12:48Z"}
{"level":"info","msg":"{\"ev\":\"accepted\",\"id\":\"0397bb03-3639-47ef-b30a-a2465ab6645a\",\"t\":1791216769025}","source":"console","time":"2026-10-05T16:12:49Z"}
{"level":"info","msg":"{\"ev\":\"accepted\",\"id\":\"a848fc32-2aec-4cf6-90d3-33d0d24337a1\",\"t\":1791216769944}","source":"console","time":"2026-10-05T16:12:49Z"}
{"level":"info","msg":"{\"ev\":\"accepted\",\"id\":\"882b810a-fab7-4d5e-852d-dec85066dbc4\",\"t\":1791216770854}","source":"console","time":"2026-10-05T16:12:50Z"}
{"level":"info","msg":"{\"ev\":\"accepted\",\"id\":\"5bf56fc4-078a-4e4e-9470-f4aa2890f15e\",\"t\":1791216771765}","source":"console","time":"2026-10-05T16:12:51Z"}
{"level":"info","msg":"{\"ev\":\"accepted\",\"id\":\"5d656446-bc7f-4646-a130-6c96c94e3653\",\"t\":1791216772674}","source":"console","time":"2026-10-05T16:12:52Z"}
{"level":"info","msg":"{\"ev\":\"accepted\",\"id\":\"aa1cdc8b-34b0-4512-8441-ee0319c421b3\",\"t\":1791216773583}","source":"console","time":"2026-10-05T16:12:53Z"}
{"level":"info","msg":"{\"ev\":\"accepted\",\"id\":\"da7871e5-f517-4b9f-9561-6fa2f3823167\",\"t\":1791216774492}","source":"console","time":"2026-10-05T16:12:54Z"}
{"level":"info","msg":"{\"ev\":\"accepted\",\"id\":\"b2bd238c-6295-4151-ad28-c4fd291d118e\",\"t\":1791216775404}","source":"console","time":"2026-10-05T16:12:55Z"}
{"level":"info","msg":"{\"ev\":\"accepted\",\"id\":\"19e2fa46-bdff-4161-a595-fd4666fdbce9\",\"t\":1791216776303}","source":"console","time":"2026-10-05T16:12:56Z"}
{"level":"info","msg":"{\"ev\":\"accepted\",\"id\":\"2a3da7d5-452d-4cf5-88e5-b039c5103a18\",\"t\":1791216777219}","source":"console","time":"2026-10-05T16:12:57Z"}
{"level":"info","msg":"{\"ev\":\"accepted\",\"id\":\"83a56a62-b6f4-4457-92fd-8e333e4e1cd5\",\"t\":1791216778123}","source":"console","time":"2026-10-05T16:12:58Z"}
{"level":"info","msg":"{\"ev\":\"accepted\",\"id\":\"f3cca9d8-feba-4098-a1ce-4d94635693d3\",\"t\":1791216779037}","source":"console","time":"2026-10-05T16:12:59Z"}
{"level":"info","msg":"{\"ev\":\"accepted\",\"id\":\"2ecd1166-9ac6-4ebb-80cc-6dab740dd5a3\",\"t\":1791216779934}","source":"console","time":"2026-10-05T16:12:59Z"}
{"level":"info","msg":"{\"ev\":\"accepted\",\"id\":\"133f2792-a54d-47f5-84e0-ad01d5bcb993\",\"t\":1791216780856}","source":"console","time":"2026-10-05T16:13:00Z"}
{"level":"info","msg":"{\"ev\":\"accepted\",\"id\":\"41d891ea-4c27-464c-9e90-656b0e7814b9\",\"t\":1791216781759}","source":"console","time":"2026-10-05T16:13:01Z"}
{"level":"info","msg":"{\"ev\":\"accepted\",\"id\":\"a466ca4a-287a-4478-b717-5c7f78936590\",\"t\":1791216782676}","source":"console","time":"2026-10-05T16:13:02Z"}
{"level":"info","msg":"{\"ev\":\"accepted\",\"id\":\"fcc9935e-cdd5-4377-8dfe-47d17e695078\",\"t\":1791216783585}","source":"console","time":"2026-10-05T16:13:03Z"}
{"level":"info","msg":"{\"ev\":\"accepted\",\"id\":\"7efb7953-ed14-4ef7-a3b6-4d92bf5c0e68\",\"t\":1791216784491}","source":"console","time":"2026-10-05T16:13:04Z"}
{"level":"info","msg":"{\"ev\":\"accepted\",\"id\":\"93873d00-77a8-4ff7-93d3-137c2a0ecc1b\",\"t\":1791216785388}","source":"console","time":"2026-10-05T16:13:05Z"}
{"level":"info","msg":"{\"ev\":\"accepted\",\"id\":\"668e5b81-be20-4d33-84b2-a86c8dbf9389\",\"t\":1791216786304}","source":"console","time":"2026-10-05T16:13:06Z"}
{"level":"info","msg":"{\"ev\":\"accepted\",\"id\":\"563a2fe0-4641-468a-8cbf-31a274b9a632\",\"t\":1791216787216}","source":"console","time":"2026-10-05T16:13:07Z"}
{"level":"info","msg":"{\"ev\":\"accepted\",\"id\":\"2120aa99-f9ce-4194-a948-406f19c128e6\",\"t\":1791216788124}","source":"console","time":"2026-10-05T16:13:08Z"}
{"level":"info","msg":"{\"ev\":\"accepted\",\"id\":\"f2d96593-ed48-4d9d-bb71-2251d3d7e066\",\"t\":1791216789026}","source":"console","time":"2026-10-05T16:13:09Z"}
{"level":"info","msg":"{\"ev\":\"accepted\",\"id\":\"29aea7e1-2c39-44a2-9afd-bd9598ae1844\",\"t\":1791216789942}","source":"console","time":"2026-10-05T16:13:09Z"}
{"level":"info","msg":"{\"ev\":\"accepted\",\"id\":\"d1d2a56e-be2e-4b30-be39-92547d866b45\",\"t\":1791216790846}","source":"console","time":"2026-10-05T16:13:10Z"}
{"level":"info","msg":"{\"ev\":\"accepted\",\"id\":\"76ae1a44-7653-437a-baea-f44906349a23\",\"t\":1791216791759}","source":"console","time":"2026-10-05T16:13:11Z"}
{"level":"info","msg":"{\"ev\":\"accepted\",\"id\":\"0d117a4b-398e-40a8-bc79-d985a42edf49\",\"t\":1791216792666}","source":"console","time":"2026-10-05T16:13:12Z"}
{"level":"info","msg":"{\"ev\":\"accepted\",\"id\":\"57f9d6ee-144a-4f40-9904-48b8a508212e\",\"t\":1791216793575}","source":"console","time":"2026-10-05T16:13:13Z"}
{"level":"info","msg":"{\"ev\":\"accepted\",\"id\":\"1b6d370e-cd89-46d1-9177-3d44a630a743\",\"t\":1791216794482}","source":"console","time":"2026-10-05T16:13:14Z"}
{"level":"info","msg":"{\"ev\":\"accepted\",\"id\":\"7306a7ac-800a-4151-b1e3-450346034cfe\",\"t\":1791216795391}","source":"console","time":"2026-10-05T16:13:15Z"}
{"level":"info","msg":"{\"ev\":\"accepted\",\"id\":\"34cfdffd-2acd-4b5c-af0f-44f62e00d068\",\"t\":1791216796304}","source":"console","time":"2026-10-05T16:13:16Z"}
{"level":"info","msg":"{\"ev\":\"accepted\",\"id\":\"aab91e0e-e879-42ab-8c9f-fc63e727a474\",\"t\":1791216797216}","source":"console","time":"2026-10-05T16:13:17Z"}
{"level":"info","msg":"{\"ev\":\"accepted\",\"id\":\"2639d3d1-e2f0-490d-88ca-39f8e1c8e6db\",\"t\":1791216798123}","source":"console","time":"2026-10-05T16:13:18Z"}
{"level":"info","msg":"{\"ev\":\"accepted\",\"id\":\"28fdafcf-76f4-4c0d-b2a9-e92394401023\",\"t\":1791216799035}","source":"console","time":"2026-10-05T16:13:19Z"}
{"level":"info","msg":"{\"ev\":\"accepted\",\"id\":\"c1292489-5958-4cae-a6e3-7a5692d4e833\",\"t\":1791216799942}","source":"console","time":"2026-10-05T16:13:19Z"}
{"level":"info","msg":"{\"ev\":\"accepted\",\"id\":\"999a9dee-d651-46c5-9b52-97dd8b655bbb\",\"t\":1791216800854}","source":"console","time":"2026-10-05T16:13:20Z"}
{"level":"info","msg":"{\"ev\":\"accepted\",\"id\":\"d1be9ada-6196-4a65-9241-299d119568e1\",\"t\":1791216801762}","source":"console","time":"2026-10-05T16:13:21Z"}
{"level":"info","msg":"{\"ev\":\"accepted\",\"id\":\"d2c38348-5f16-4e99-80a1-5ad1e846aea7\",\"t\":1791216802663}","source":"console","time":"2026-10-05T16:13:22Z"}
{"level":"info","msg":"{\"ev\":\"accepted\",\"id\":\"252a0432-2f3d-4c88-a98a-070d2f778725\",\"t\":1791216803576}","source":"console","time":"2026-10-05T16:13:23Z"}
{"level":"info","msg":"{\"ev\":\"accepted\",\"id\":\"b8ec9f2a-000b-4195-a446-b3cf3490b8a9\",\"t\":1791216804481}","source":"console","time":"2026-10-05T16:13:24Z"}
{"level":"info","msg":"{\"ev\":\"accepted\",\"id\":\"6df241d0-e41c-4471-84ee-d6710510fbf9\",\"t\":1791216805391}","source":"console","time":"2026-10-05T16:13:25Z"}
{"level":"info","msg":"{\"ev\":\"accepted\",\"id\":\"f3ad89f1-110f-49a7-b9f4-16d437dc9b3f\",\"t\":1791216806298}","source":"console","time":"2026-10-05T16:13:26Z"}
{"level":"info","msg":"{\"ev\":\"accepted\",\"id\":\"467e687e-083e-4251-99c9-7bb3b0e4beea\",\"t\":1791216807208}","source":"console","time":"2026-10-05T16:13:27Z"}
{"level":"info","msg":"{\"ev\":\"accepted\",\"id\":\"fa8c2fa6-df19-4a97-83ca-a54240f5af27\",\"t\":1791216808117}","source":"console","time":"2026-10-05T16:13:28Z"}
{"level":"info","msg":"{\"ev\":\"accepted\",\"id\":\"5cd32386-6533-45c9-87f2-8eba1dd070f0\",\"t\":1791216809030}","source":"console","time":"2026-10-05T16:13:29Z"}
{"level":"info","msg":"{\"ev\":\"accepted\",\"id\":\"bd6cfcb8-eb4f-49f3-b1bc-7a996b04c70e\",\"t\":1791216809937}","source":"console","time":"2026-10-05T16:13:29Z"}
{"level":"info","msg":"{\"ev\":\"accepted\",\"id\":\"d93bb83d-5028-4e57-be43-34806581171d\",\"t\":1791216810849}","source":"console","time":"2026-10-05T16:13:30Z"}
{"level":"info","msg":"{\"ev\":\"accepted\",\"id\":\"c25779d5-2c6c-4f3b-b617-98307ef4471e\",\"t\":1791216811760}","source":"console","time":"2026-10-05T16:13:31Z"}
{"level":"info","msg":"{\"ev\":\"accepted\",\"id\":\"bcc5a4f1-672e-4d61-a72c-528d412c01ee\",\"t\":1791216812666}","source":"console","time":"2026-10-05T16:13:32Z"}
{"level":"info","msg":"{\"ev\":\"accepted\",\"id\":\"f5110801-62a9-4991-9a84-aeed147f63df\",\"t\":1791216813579}","source":"console","time":"2026-10-05T16:13:33Z"}
{"level":"info","msg":"{\"ev\":\"accepted\",\"id\":\"10d54c30-e36f-4ad5-b923-eec0e379f3a6\",\"t\":1791216814482}","source":"console","time":"2026-10-05T16:13:34Z"}
{"level":"info","msg":"{\"ev\":\"accepted\",\"id\":\"43a7b23d-3c03-42b5-9113-2b52448b34f8\",\"t\":1791216815394}","source":"console","time":"2026-10-05T16:13:35Z"}
{"level":"info","msg":"{\"ev\":\"accepted\",\"id\":\"c11d4c96-8b1a-4e64-827f-45bafe37f0d3\",\"t\":1791216816300}","source":"console","time":"2026-10-05T16:13:36Z"}
{"level":"info","msg":"{\"ev\":\"accepted\",\"id\":\"8ec6377a-c0fb-45cb-ad33-99c7a24b8866\",\"t\":1791216817210}","source":"console","time":"2026-10-05T16:13:37Z"}
{"level":"info","msg":"{\"ev\":\"accepted\",\"id\":\"0b122f25-0076-463b-9c4f-82e706bc09e6\",\"t\":1791216818118}","source":"console","time":"2026-10-05T16:13:38Z"}
{"level":"info","msg":"{\"ev\":\"accepted\",\"id\":\"d08c6508-e0fa-4192-ba15-3999bec6b760\",\"t\":1791216819025}","source":"console","time":"2026-10-05T16:13:39Z"}
{"level":"info","msg":"{\"ev\":\"accepted\",\"id\":\"5efc73c4-b630-438f-b507-7ce510893b96\",\"t\":1791216819942}","source":"console","time":"2026-10-05T16:13:39Z"}
{"level":"info","msg":"{\"ev\":\"accepted\",\"id\":\"de7a0cfd-60e8-40e2-8277-95dcb8700d1e\",\"t\":1791216820851}","source":"console","time":"2026-10-05T16:13:40Z"}
{"level":"info","msg":"{\"ev\":\"accepted\",\"id\":\"e90a75d8-17ce-4621-886f-067aad2e4dff\",\"t\":1791216821763}","source":"console","time":"2026-10-05T16:13:41Z"}
{"level":"info","msg":"{\"ev\":\"accepted\",\"id\":\"3e4d771f-00e0-4897-bdb0-4bb0f2f055ed\",\"t\":1791216822675}","source":"console","time":"2026-10-05T16:13:42Z"}
{"level":"info","msg":"{\"ev\":\"accepted\",\"id\":\"bc94c872-f27c-4af9-86fd-194810efd113\",\"t\":1791216823579}","source":"console","time":"2026-10-05T16:13:43Z"}
{"level":"info","msg":"{\"ev\":\"accepted\",\"id\":\"0f34599d-901d-4f9f-9779-253f3185640c\",\"t\":1791216824480}","source":"console","time":"2026-10-05T16:13:44Z"}
{"level":"info","msg":"{\"ev\":\"accepted\",\"id\":\"0eff3329-df87-4b87-9340-eb23362cf559\",\"t\":1791216825394}","source":"console","time":"2026-10-05T16:13:45Z"}
{"level":"info","msg":"{\"ev\":\"accepted\",\"id\":\"99cb847b-d101-4a48-94a6-129662bc2c3f\",\"t\":1791216826309}","source":"console","time":"2026-10-05T16:13:46Z"}
{"level":"info","msg":"{\"ev\":\"accepted\",\"id\":\"771a0158-c144-4b87-807a-63e60b7ca068\",\"t\":1791216827208}","source":"console","time":"2026-10-05T16:13:47Z"}
{"level":"info","msg":"{\"ev\":\"accepted\",\"id\":\"af3322d6-bf60-432f-a6f9-acc97b00d2cf\",\"t\":1791216828123}","source":"console","time":"2026-10-05T16:13:48Z"}
{"level":"info","msg":"{\"ev\":\"accepted\",\"id\":\"c51c7f6b-1a06-4664-a2bb-5b810d4f77ca\",\"t\":1791216829024}","source":"console","time":"2026-10-05T16:13:49Z"}
{"level":"info","msg":"{\"ev\":\"accepted\",\"id\":\"43bd2f8c-591a-4e7c-84bd-e179b3aefe67\",\"t\":1791216829943}","source":"console","time":"2026-10-05T16:13:49Z"}
{"level":"info","msg":"{\"ev\":\"accepted\",\"id\":\"dd429cb3-72c4-40ca-b177-f80306f7c420\",\"t\":1791216830852}","source":"console","time":"2026-10-05T16:13:50Z"}
{"level":"info","msg":"{\"ev\":\"accepted\",\"id\":\"225f08ac-5c98-446c-9fe8-e6b83bc2c393\",\"t\":1791216831763}","source":"console","time":"2026-10-05T16:13:51Z"}
{"level":"info","msg":"{\"ev\":\"accepted\",\"id\":\"4b610a03-3e49-41bc-824a-3aa87c2a4997\",\"t\":1791216832670}","source":"console","time":"2026-10-05T16:13:52Z"}
{"level":"info","msg":"{\"ev\":\"accepted\",\"id\":\"109b1456-4554-4ec8-8ab5-dc9af80a42bf\",\"t\":1791216833583}","source":"console","time":"2026-10-05T16:13:53Z"}
{"level":"info","msg":"{\"ev\":\"accepted\",\"id\":\"132a53b1-9359-48e4-beab-a306995d5988\",\"t\":1791216834486}","source":"console","time":"2026-10-05T16:13:54Z"}
{"level":"info","msg":"{\"ev\":\"accepted\",\"id\":\"a25e3d9a-31c1-4518-b909-9e13c58d7280\",\"t\":1791216835404}","source":"console","time":"2026-10-05T16:13:55Z"}
{"level":"info","msg":"{\"ev\":\"accepted\",\"id\":\"1dae4f06-4397-4339-bd73-9896c8aa1aaf\",\"t\":1791216836303}","source":"console","time":"2026-10-05T16:13:56Z"}
{"level":"info","msg":"{\"ev\":\"accepted\",\"id\":\"82baf12a-efc7-40e7-adac-3f28fb7813f1\",\"t\":1791216837214}","source":"console","time":"2026-10-05T16:13:57Z"}
{"level":"info","msg":"{\"ev\":\"accepted\",\"id\":\"b6b8ea4d-4296-441d-8315-bab3dd1ddc8a\",\"t\":1791216838120}","source":"console","time":"2026-10-05T16:13:58Z"}
{"level":"info","msg":"{\"ev\":\"accepted\",\"id\":\"e16c68f1-3816-464d-a618-4575e10d47ae\",\"t\":1791216839035}","source":"console","time":"2026-10-05T16:13:59Z"}
{"level":"info","msg":"{\"ev\":\"accepted\",\"id\":\"c1573b7b-4d60-4d2d-b8fd-9581c50ea300\",\"t\":1791216839943}","source":"console","time":"2026-10-05T16:13:59Z"}
{"level":"info","msg":"{\"ev\":\"accepted\",\"id\":\"376abe20-3ff9-429b-bbb3-5c33819e1905\",\"t\":1791216840857}","source":"console","time":"2026-10-05T16:14:00Z"}
{"level":"info","msg":"{\"ev\":\"accepted\",\"id\":\"3a033d27-b55f-43ed-84d1-bbffd436547b\",\"t\":1791216841756}","source":"console","time":"2026-10-05T16:14:01Z"}
{"level":"info","msg":"{\"ev\":\"accepted\",\"id\":\"ca362c68-2846-404c-ba2c-5592c233481d\",\"t\":1791216842668}","source":"console","time":"2026-10-05T16:14:02Z"}
{"level":"info","msg":"{\"ev\":\"accepted\",\"id\":\"17886662-35f8-4d6e-81dd-237ca9b8f26f\",\"t\":1791216843584}","source":"console","time":"2026-10-05T16:14:03Z"}
{"level":"info","msg":"{\"ev\":\"accepted\",\"id\":\"7eb53825-5907-4152-872e-4f1605cb47de\",\"t\":1791216844488}","source":"console","time":"2026-10-05T16:14:04Z"}
{"level":"info","msg":"{\"ev\":\"accepted\",\"id\":\"dd5ebe0b-17e9-4f7e-a483-c447361df1d2\",\"t\":1791216845403}","source":"console","time":"2026-10-05T16:14:05Z"}
{"level":"info","msg":"{\"ev\":\"accepted\",\"id\":\"372e13d8-3e1e-4ba9-9250-971fae254c93\",\"t\":1791216846314}","source":"console","time":"2026-10-05T16:14:06Z"}
{"level":"info","msg":"{\"ev\":\"accepted\",\"id\":\"44d73929-fc3d-4ca1-87ef-d03dbd4c4b26\",\"t\":1791216847211}","source":"console","time":"2026-10-05T16:14:07Z"}
{"level":"info","msg":"{\"ev\":\"accepted\",\"id\":\"f785dd3c-5e3e-46d7-adae-763e16217210\",\"t\":1791216848120}","source":"console","time":"2026-10-05T16:14:08Z"}
{"level":"info","msg":"{\"ev\":\"accepted\",\"id\":\"21d84c21-6ce7-4ecd-a6e1-40248a2ae510\",\"t\":1791216849032}","source":"console","time":"2026-10-05T16:14:09Z"}
{"level":"info","msg":"{\"ev\":\"accepted\",\"id\":\"202cf793-c914-4aa6-acd0-05cdf06d8a26\",\"t\":1791216849942}","source":"console","time":"2026-10-05T16:14:09Z"}
{"level":"info","msg":"{\"ev\":\"accepted\",\"id\":\"82234cc6-0b41-4427-b7dc-d2bfa17fd583\",\"t\":1791216850857}","source":"console","time":"2026-10-05T16:14:10Z"}
{"level":"info","msg":"{\"ev\":\"accepted\",\"id\":\"dd52b411-9320-4239-b5f2-dd5749c191d0\",\"t\":1791216851761}","source":"console","time":"2026-10-05T16:14:11Z"}
{"level":"info","msg":"{\"ev\":\"accepted\",\"id\":\"2eecf48e-bd0a-4faf-bcdd-49a954a05a5a\",\"t\":1791216852671}","source":"console","time":"2026-10-05T16:14:12Z"}
{"level":"info","msg":"{\"ev\":\"accepted\",\"id\":\"3d5ec0f7-69bd-487f-83e8-527bc5cf736e\",\"t\":1791216853585}","source":"console","time":"2026-10-05T16:14:13Z"}
{"level":"info","msg":"{\"ev\":\"accepted\",\"id\":\"2211ae1d-cd7f-469f-bab7-bf9b3d392612\",\"t\":1791216854489}","source":"console","time":"2026-10-05T16:14:14Z"}
{"level":"info","msg":"{\"ev\":\"accepted\",\"id\":\"9163bcc0-3f47-441c-8090-00ebf587cf39\",\"t\":1791216855400}","source":"console","time":"2026-10-05T16:14:15Z"}
{"level":"info","msg":"{\"ev\":\"accepted\",\"id\":\"cf7a0f4a-44a7-43e0-bf10-9a8583ff87bf\",\"t\":1791216856309}","source":"console","time":"2026-10-05T16:14:16Z"}
{"level":"info","msg":"{\"ev\":\"accepted\",\"id\":\"a3fa3c7a-0c78-45f8-8362-f51da2a05e0e\",\"t\":1791216857217}","source":"console","time":"2026-10-05T16:14:17Z"}
{"level":"info","msg":"{\"ev\":\"accepted\",\"id\":\"580242d3-46ef-4e2c-b842-fbe47bcd31bd\",\"t\":1791216858121}","source":"console","time":"2026-10-05T16:14:18Z"}
{"level":"info","msg":"{\"ev\":\"accepted\",\"id\":\"bd41cfa7-d638-4884-9ff2-ae6f939a4af7\",\"t\":1791216859027}","source":"console","time":"2026-10-05T16:14:19Z"}
{"level":"info","msg":"{\"ev\":\"accepted\",\"id\":\"218402ab-c404-4a4f-8fbb-be088adef4eb\",\"t\":1791216859940}","source":"console","time":"2026-10-05T16:14:19Z"}
{"level":"info","msg":"{\"ev\":\"accepted\",\"id\":\"7e482991-5b0f-4744-8e02-18071f10629e\",\"t\":1791216860847}","source":"console","time":"2026-10-05T16:14:20Z"}
{"level":"info","msg":"{\"ev\":\"accepted\",\"id\":\"1e01e26f-b410-41c3-817e-7d228d1b0681\",\"t\":1791216861765}","source":"console","time":"2026-10-05T16:14:21Z"}
{"level":"info","msg":"{\"ev\":\"accepted\",\"id\":\"9cffe487-02b9-4486-9068-df521ab0deda\",\"t\":1791216862671}","source":"console","time":"2026-10-05T16:14:22Z"}
{"level":"info","msg":"{\"ev\":\"accepted\",\"id\":\"3ded255f-9527-45ea-9ed7-8c7217c99504\",\"t\":1791216863582}","source":"console","time":"2026-10-05T16:14:23Z"}
{"level":"info","msg":"{\"ev\":\"accepted\",\"id\":\"2134b055-fa05-449c-ad61-ee611991e8ff\",\"t\":1791216864487}","source":"console","time":"2026-10-05T16:14:24Z"}
{"level":"info","msg":"{\"ev\":\"accepted\",\"id\":\"8e7aef39-74e7-4b05-aff8-d0277e35861c\",\"t\":1791216865401}","source":"console","time":"2026-10-05T16:14:25Z"}
{"level":"info","msg":"{\"ev\":\"accepted\",\"id\":\"32daeb8f-7a02-49fe-86e6-dbd2f62b6246\",\"t\":1791216866311}","source":"console","time":"2026-10-05T16:14:26Z"}
{"level":"info","msg":"{\"ev\":\"accepted\",\"id\":\"a3a26e52-0ee4-49be-8bee-efdaec645e10\",\"t\":1791216867211}","source":"console","time":"2026-10-05T16:14:27Z"}
{"level":"info","msg":"{\"ev\":\"accepted\",\"id\":\"e8976ea6-8b85-4bff-880e-596b91edd660\",\"t\":1791216868128}","source":"console","time":"2026-10-05T16:14:28Z"}
{"level":"info","msg":"{\"ev\":\"accepted\",\"id\":\"ec9282f3-3d86-451d-8a73-27ba40e94247\",\"t\":1791216869034}","source":"console","time":"2026-10-05T16:14:29Z"}
{"level":"info","msg":"{\"ev\":\"accepted\",\"id\":\"bb87c353-1904-46a8-989c-9e8be4ec4351\",\"t\":1791216869934}","source":"console","time":"2026-10-05T16:14:29Z"}
{"level":"info","msg":"{\"ev\":\"accepted\",\"id\":\"f7873a0d-1d21-4847-8d6c-4437ed860202\",\"t\":1791216870856}","source":"console","time":"2026-10-05T16:14:30Z"}
{"level":"info","msg":"{\"ev\":\"accepted\",\"id\":\"9fc6c624-c1ee-4b5c-b123-b63d00a2c3d7\",\"t\":1791216871767}","source":"console","time":"2026-10-05T16:14:31Z"}
{"level":"info","msg":"{\"ev\":\"accepted\",\"id\":\"a32e1509-284d-4fff-9b15-81da80553d54\",\"t\":1791216872671}","source":"console","time":"2026-10-05T16:14:32Z"}
{"level":"info","msg":"{\"ev\":\"accepted\",\"id\":\"5b9c9760-e6d1-404b-8abe-7454e05b2a70\",\"t\":1791216873582}","source":"console","time":"2026-10-05T16:14:33Z"}
{"level":"info","msg":"{\"ev\":\"accepted\",\"id\":\"f14d131b-53bb-4b90-9e83-eed8df6d9c83\",\"t\":1791216874488}","source":"console","time":"2026-10-05T16:14:34Z"}
{"level":"info","msg":"{\"ev\":\"accepted\",\"id\":\"da03293d-00b9-4bf5-88a3-c5f400f5ec0e\",\"t\":1791216875396}","source":"console","time":"2026-10-05T16:14:35Z"}
{"level":"info","msg":"{\"ev\":\"accepted\",\"id\":\"21fc8d4a-1367-4995-b575-f43634db51d6\",\"t\":1791216876312}","source":"console","time":"2026-10-05T16:14:36Z"}
{"level":"info","msg":"{\"ev\":\"accepted\",\"id\":\"8fab46e5-519a-433a-b99f-ad910ab6cf9f\",\"t\":1791216877211}","source":"console","time":"2026-10-05T16:14:37Z"}
{"level":"info","msg":"{\"ev\":\"accepted\",\"id\":\"e5aaf1a8-a91b-46b7-b0e1-59dc5c42e4e7\",\"t\":1791216878131}","source":"console","time":"2026-10-05T16:14:38Z"}
{"level":"info","msg":"{\"ev\":\"accepted\",\"id\":\"33aa69ea-fc78-4ff8-9698-ea26776baca9\",\"t\":1791216879032}","source":"console","time":"2026-10-05T16:14:39Z"}
{"level":"info","msg":"{\"ev\":\"accepted\",\"id\":\"2aa7fdd7-d584-4056-a9be-ae72bb76ef42\",\"t\":1791216879939}","source":"console","time":"2026-10-05T16:14:39Z"}
{"level":"info","msg":"{\"ev\":\"accepted\",\"id\":\"1e99ccf1-da19-4a92-9f98-0ab2c8e9d701\",\"t\":1791216880855}","source":"console","time":"2026-10-05T16:14:40Z"}
{"level":"info","msg":"{\"ev\":\"accepted\",\"id\":\"8c7988f8-8e66-418e-a8cf-7e370337c86e\",\"t\":1791216881763}","source":"console","time":"2026-10-05T16:14:41Z"}
{"level":"info","msg":"{\"ev\":\"accepted\",\"id\":\"073b98fc-15c4-482a-8976-6c7cd4aac77d\",\"t\":1791216882676}","source":"console","time":"2026-10-05T16:14:42Z"}
{"level":"info","msg":"{\"ev\":\"accepted\",\"id\":\"643d503c-13aa-4fdb-8e5a-9e9488df66f0\",\"t\":1791216883584}","source":"console","time":"2026-10-05T16:14:43Z"}
{"level":"info","msg":"{\"ev\":\"accepted\",\"id\":\"9843d5e7-eaa4-4509-92f8-52395f4ceeb4\",\"t\":1791216884489}","source":"console","time":"2026-10-05T16:14:44Z"}
{"level":"info","msg":"{\"ev\":\"accepted\",\"id\":\"c2ba4641-86c6-4827-8e20-58b6e0eb1173\",\"t\":1791216885401}","source":"console","time":"2026-10-05T16:14:45Z"}
{"level":"info","msg":"{\"ev\":\"accepted\",\"id\":\"8a2a1264-6fc2-4e57-8554-2921c13d2026\",\"t\":1791216886312}","source":"console","time":"2026-10-05T16:14:46Z"}
{"level":"info","msg":"{\"ev\":\"accepted\",\"id\":\"f83b4aea-1581-433b-b05f-6bd8b1c45cd7\",\"t\":1791216887217}","source":"console","time":"2026-10-05T16:14:47Z"}
{"level":"info","msg":"{\"ev\":\"accepted\",\"id\":\"521a13fd-1514-4f86-b0fa-d19e1b494db8\",\"t\":1791216888127}","source":"console","time":"2026-10-05T16:14:48Z"}
{"level":"info","msg":"{\"ev\":\"accepted\",\"id\":\"1daab741-e64b-457e-abae-6db4d93f69b0\",\"t\":1791216889035}","source":"console","time":"2026-10-05T16:14:49Z"}
{"level":"info","msg":"{\"ev\":\"accepted\",\"id\":\"23534af1-afa4-439d-877d-a0941c13bc81\",\"t\":1791216889939}","source":"console","time":"2026-10-05T16:14:49Z"}
{"level":"info","msg":"{\"ev\":\"accepted\",\"id\":\"e7ae0d23-e6a8-4c75-8aa6-e4e6b3ea43e8\",\"t\":1791216890857}","source":"console","time":"2026-10-05T16:14:50Z"}
{"level":"info","msg":"{\"ev\":\"accepted\",\"id\":\"d9b6c44b-cb07-46ff-b140-e123c1ac7e81\",\"t\":1791216891756}","source":"console","time":"2026-10-05T16:14:51Z"}
{"level":"info","msg":"{\"ev\":\"accepted\",\"id\":\"5446ff2b-2b87-4202-a274-c43b6343d10e\",\"t\":1791216892663}","source":"console","time":"2026-10-05T16:14:52Z"}
{"level":"info","msg":"{\"ev\":\"accepted\",\"id\":\"e8efa15d-9ace-49fe-822d-2f09ddd0e9ea\",\"t\":1791216893579}","source":"console","time":"2026-10-05T16:14:53Z"}
{"level":"info","msg":"{\"ev\":\"accepted\",\"id\":\"470575f3-de16-4431-bd47-7394f0759cde\",\"t\":1791216894489}","source":"console","time":"2026-10-05T16:14:54Z"}
{"level":"info","msg":"{\"ev\":\"accepted\",\"id\":\"a676e21d-a5ec-4eb7-91b6-4dbb2da2706d\",\"t\":1791216895402}","source":"console","time":"2026-10-05T16:14:55Z"}
{"level":"info","msg":"{\"ev\":\"accepted\",\"id\":\"40fefa77-29d5-4c71-a5b7-2118dbc3d9a1\",\"t\":1791216896306}","source":"console","time":"2026-10-05T16:14:56Z"}
{"level":"info","msg":"{\"ev\":\"accepted\",\"id\":\"47dd5629-6b84-486b-ab90-9eed227c92b0\",\"t\":1791216897218}","source":"console","time":"2026-10-05T16:14:57Z"}
{"level":"info","msg":"{\"ev\":\"accepted\",\"id\":\"478318d9-3d6a-43f0-a452-a6f01eabc32a\",\"t\":1791216898130}","source":"console","time":"2026-10-05T16:14:58Z"}
{"level":"info","msg":"{\"ev\":\"accepted\",\"id\":\"d233827a-9c8f-4d07-bf5a-22174bbca562\",\"t\":1791216899034}","source":"console","time":"2026-10-05T16:14:59Z"}
{"level":"info","msg":"{\"ev\":\"accepted\",\"id\":\"e7357e48-3833-4757-85df-f06aeaaa53b8\",\"t\":1791216899943}","source":"console","time":"2026-10-05T16:14:59Z"}
{"level":"info","msg":"{\"ev\":\"accepted\",\"id\":\"04caaf92-0625-4637-86b1-bae4880758f6\",\"t\":1791216900854}","source":"console","time":"2026-10-05T16:15:00Z"}
{"level":"info","msg":"{\"ev\":\"accepted\",\"id\":\"46f1b351-728b-49b6-a236-dc051ae81f78\",\"t\":1791216901762}","source":"console","time":"2026-10-05T16:15:01Z"}
{"level":"info","msg":"{\"ev\":\"accepted\",\"id\":\"d8fa7ead-cbd9-4e4d-bd6b-b33b605b2ffa\",\"t\":1791216902674}","source":"console","time":"2026-10-05T16:15:02Z"}
{"level":"info","msg":"{\"ev\":\"accepted\",\"id\":\"a98721d7-3204-42e5-ab9d-dce9d2d52638\",\"t\":1791216903571}","source":"console","time":"2026-10-05T16:15:03Z"}
{"level":"info","msg":"{\"ev\":\"accepted\",\"id\":\"67391c0d-6cf6-419d-b00a-e39c157600ca\",\"t\":1791216904488}","source":"console","time":"2026-10-05T16:15:04Z"}
{"level":"info","msg":"{\"ev\":\"accepted\",\"id\":\"8a273890-4f84-474b-9510-bc813813f3cd\",\"t\":1791216905403}","source":"console","time":"2026-10-05T16:15:05Z"}
{"level":"info","msg":"{\"ev\":\"accepted\",\"id\":\"8b775c77-8ba7-4bb9-acdd-d8bb2b9f5f96\",\"t\":1791216906312}","source":"console","time":"2026-10-05T16:15:06Z"}
{"level":"info","msg":"{\"ev\":\"accepted\",\"id\":\"77c3c9bf-e42b-470e-bb08-18b89c957599\",\"t\":1791216907216}","source":"console","time":"2026-10-05T16:15:07Z"}
{"level":"info","msg":"{\"ev\":\"accepted\",\"id\":\"5667cec5-a7d1-4af1-911e-709b00966617\",\"t\":1791216908129}","source":"console","time":"2026-10-05T16:15:08Z"}
{"level":"info","msg":"{\"ev\":\"accepted\",\"id\":\"8c10bee8-3042-4142-bdc0-626981559848\",\"t\":1791216909034}","source":"console","time":"2026-10-05T16:15:09Z"}
{"level":"info","msg":"{\"ev\":\"accepted\",\"id\":\"ae10c7a3-f929-45d3-9024-efc34461f4ab\",\"t\":1791216909947}","source":"console","time":"2026-10-05T16:15:09Z"}
{"level":"info","msg":"{\"ev\":\"accepted\",\"id\":\"80133b6e-6fa6-44b3-9ceb-b4b9115195e8\",\"t\":1791216910857}","source":"console","time":"2026-10-05T16:15:10Z"}
{"level":"info","msg":"{\"ev\":\"accepted\",\"id\":\"a6547c4c-fe8c-4835-a585-29599c32b0b6\",\"t\":1791216911765}","source":"console","time":"2026-10-05T16:15:11Z"}
{"level":"info","msg":"{\"ev\":\"accepted\",\"id\":\"819f11be-dae9-490b-bf29-6a0f20f7fd8c\",\"t\":1791216912667}","source":"console","time":"2026-10-05T16:15:12Z"}
{"level":"info","msg":"{\"ev\":\"accepted\",\"id\":\"0f3c77c6-59be-432e-b17e-ce27ef8ef10a\",\"t\":1791216913575}","source":"console","time":"2026-10-05T16:15:13Z"}
{"level":"info","msg":"{\"ev\":\"accepted\",\"id\":\"709969bf-a78a-4d63-b864-a920764406b4\",\"t\":1791216914480}","source":"console","time":"2026-10-05T16:15:14Z"}
{"level":"info","msg":"{\"ev\":\"accepted\",\"id\":\"1c221a49-6339-4a8f-a09f-a5bb7802d968\",\"t\":1791216915398}","source":"console","time":"2026-10-05T16:15:15Z"}
{"level":"info","msg":"{\"ev\":\"accepted\",\"id\":\"4aa047c3-bfcf-4684-8967-faffa654194c\",\"t\":1791216916311}","source":"console","time":"2026-10-05T16:15:16Z"}
{"level":"info","msg":"{\"ev\":\"accepted\",\"id\":\"c4e34415-2b33-4af6-9a7d-710ed033f374\",\"t\":1791216917221}","source":"console","time":"2026-10-05T16:15:17Z"}
{"level":"info","msg":"{\"ev\":\"accepted\",\"id\":\"7835cc90-4512-40da-851a-353e25f396ef\",\"t\":1791216918128}","source":"console","time":"2026-10-05T16:15:18Z"}
{"level":"info","msg":"{\"ev\":\"accepted\",\"id\":\"e625b876-1d13-4bf1-88dd-48cb7c10ff66\",\"t\":1791216919013}","source":"console","time":"2026-10-05T16:15:19Z"}
{"level":"info","msg":"{\"ev\":\"accepted\",\"id\":\"37b20be1-d695-435e-a2b2-c26f27ad73c2\",\"t\":1791216919872}","source":"console","time":"2026-10-05T16:15:19Z"}
{"level":"info","msg":"{\"ev\":\"accepted\",\"id\":\"0b2af781-73e2-4ec7-a572-d02aa6cc374b\",\"t\":1791216920711}","source":"console","time":"2026-10-05T16:15:20Z"}
{"level":"info","msg":"{\"ev\":\"accepted\",\"id\":\"f9de1ba8-c8e0-49f2-a143-55313027051d\",\"t\":1791216921521}","source":"console","time":"2026-10-05T16:15:21Z"}
{"level":"info","msg":"{\"ev\":\"accepted\",\"id\":\"9aa9bca0-e934-4c43-ae26-357f00dbc9ff\",\"t\":1791216922317}","source":"console","time":"2026-10-05T16:15:22Z"}
{"level":"info","msg":"{\"ev\":\"accepted\",\"id\":\"d3c9a971-9706-4dbf-8dbd-f33f31ec8fbd\",\"t\":1791216923096}","source":"console","time":"2026-10-05T16:15:23Z"}
{"level":"info","msg":"{\"ev\":\"accepted\",\"id\":\"ec0369d9-8ba1-4085-b2dd-0d72b436bccb\",\"t\":1791216923859}","source":"console","time":"2026-10-05T16:15:23Z"}
{"level":"info","msg":"{\"ev\":\"accepted\",\"id\":\"3daf1dd9-4cc1-4674-8eb8-c002ebe81ede\",\"t\":1791216924625}","source":"console","time":"2026-10-05T16:15:24Z"}
{"level":"info","msg":"{\"ev\":\"accepted\",\"id\":\"6357665d-e919-4aa2-bf44-3e39706e2855\",\"t\":1791216925402}","source":"console","time":"2026-10-05T16:15:25Z"}
{"level":"info","msg":"{\"ev\":\"accepted\",\"id\":\"720b93bf-c595-4daf-aa37-8b994c541dbc\",\"t\":1791216926165}","source":"console","time":"2026-10-05T16:15:26Z"}
{"level":"info","msg":"{\"ev\":\"accepted\",\"id\":\"5006f4c8-ee6a-4a73-a27b-b06f7872cc1a\",\"t\":1791216926932}","source":"console","time":"2026-10-05T16:15:26Z"}
{"level":"info","msg":"{\"ev\":\"accepted\",\"id\":\"c7afe186-b563-4bb4-96b7-4c25a03676ed\",\"t\":1791216927708}","source":"console","time":"2026-10-05T16:15:27Z"}
{"level":"info","msg":"{\"ev\":\"accepted\",\"id\":\"020e23d8-7e70-444b-8357-5f9a5e08a15d\",\"t\":1791216928472}","source":"console","time":"2026-10-05T16:15:28Z"}
{"level":"info","msg":"{\"ev\":\"accepted\",\"id\":\"ef0ec21b-b574-4390-aa23-0110e1d8526d\",\"t\":1791216929240}","source":"console","time":"2026-10-05T16:15:29Z"}
{"level":"info","msg":"{\"ev\":\"accepted\",\"id\":\"bd58ddff-6d27-4c02-94ee-4e3bc3e42139\",\"t\":1791216930007}","source":"console","time":"2026-10-05T16:15:30Z"}
{"level":"info","msg":"{\"ev\":\"accepted\",\"id\":\"060c66be-6b04-4409-bdc3-b4234f8c9207\",\"t\":1791216930781}","source":"console","time":"2026-10-05T16:15:30Z"}
{"level":"info","msg":"{\"ev\":\"accepted\",\"id\":\"52d12eee-8433-4714-a3e4-751c5fa852e0\",\"t\":1791216931551}","source":"console","time":"2026-10-05T16:15:31Z"}
{"level":"info","msg":"{\"ev\":\"accepted\",\"id\":\"ef5bbb21-84df-4247-aba8-edcaa396a386\",\"t\":1791216932322}","source":"console","time":"2026-10-05T16:15:32Z"}
{"level":"info","msg":"{\"ev\":\"accepted\",\"id\":\"4a09bdfb-8b85-4155-9fa0-6c4c9636850e\",\"t\":1791216933091}","source":"console","time":"2026-10-05T16:15:33Z"}
{"level":"info","msg":"{\"ev\":\"accepted\",\"id\":\"a2f0eb23-43d9-45a7-9a00-9e469599b696\",\"t\":1791216933859}","source":"console","time":"2026-10-05T16:15:33Z"}
{"level":"info","msg":"{\"ev\":\"accepted\",\"id\":\"a5f1fef0-4ba1-4ab1-8a11-36dcf0545d15\",\"t\":1791216934632}","source":"console","time":"2026-10-05T16:15:34Z"}
{"level":"info","msg":"{\"ev\":\"accepted\",\"id\":\"66342aa5-5adf-4d93-8237-83c88a2131cf\",\"t\":1791216935396}","source":"console","time":"2026-10-05T16:15:35Z"}
{"level":"info","msg":"{\"ev\":\"accepted\",\"id\":\"34f8d4b2-8264-49e5-bb08-2352fd76ff0a\",\"t\":1791216936162}","source":"console","time":"2026-10-05T16:15:36Z"}
{"level":"info","msg":"{\"ev\":\"accepted\",\"id\":\"7dc8a9db-329d-403c-9564-9638e26c810e\",\"t\":1791216936933}","source":"console","time":"2026-10-05T16:15:36Z"}
{"level":"info","msg":"{\"ev\":\"accepted\",\"id\":\"28efd9eb-0cbd-4ab5-a15e-38c22ec20a4c\",\"t\":1791216937703}","source":"console","time":"2026-10-05T16:15:37Z"}
{"level":"info","msg":"{\"ev\":\"accepted\",\"id\":\"9d616eeb-25e3-4b53-8630-30224f8ef895\",\"t\":1791216938465}","source":"console","time":"2026-10-05T16:15:38Z"}
{"level":"info","msg":"{\"ev\":\"accepted\",\"id\":\"4b66bbe5-7049-4e38-aa81-ab639c29fdc4\",\"t\":1791216939241}","source":"console","time":"2026-10-05T16:15:39Z"}
{"level":"info","msg":"{\"ev\":\"accepted\",\"id\":\"b0d428ad-d433-430c-bf84-e697739a63f1\",\"t\":1791216940011}","source":"console","time":"2026-10-05T16:15:40Z"}
{"level":"info","msg":"{\"ev\":\"accepted\",\"id\":\"17ebb3a0-31ae-4ccc-8910-28836d92684d\",\"t\":1791216940787}","source":"console","time":"2026-10-05T16:15:40Z"}
{"level":"info","msg":"{\"ev\":\"accepted\",\"id\":\"f4d65ddc-3b06-4723-936e-2320e9b607f1\",\"t\":1791216941551}","source":"console","time":"2026-10-05T16:15:41Z"}
{"level":"info","msg":"{\"ev\":\"accepted\",\"id\":\"f326fdf4-6bf3-46df-b290-f9297d583b49\",\"t\":1791216942324}","source":"console","time":"2026-10-05T16:15:42Z"}
{"level":"info","msg":"{\"ev\":\"accepted\",\"id\":\"b0dbb221-3897-4850-b577-d40a2355440f\",\"t\":1791216943092}","source":"console","time":"2026-10-05T16:15:43Z"}
{"level":"info","msg":"{\"ev\":\"accepted\",\"id\":\"fe3e70a5-8d84-405e-9fd6-38212f2623f2\",\"t\":1791216943860}","source":"console","time":"2026-10-05T16:15:43Z"}
{"level":"info","msg":"{\"ev\":\"accepted\",\"id\":\"4ede4f11-9ba6-41d4-a46f-66035c1bdb36\",\"t\":1791216944626}","source":"console","time":"2026-10-05T16:15:44Z"}
{"level":"info","msg":"{\"ev\":\"accepted\",\"id\":\"75e91b03-8fc1-4493-8f0f-ed1d7b8ebf95\",\"t\":1791216945402}","source":"console","time":"2026-10-05T16:15:45Z"}
{"level":"info","msg":"{\"ev\":\"accepted\",\"id\":\"e662421e-c500-4433-9bd0-7b3f5d96389f\",\"t\":1791216946167}","source":"console","time":"2026-10-05T16:15:46Z"}
{"level":"info","msg":"{\"ev\":\"accepted\",\"id\":\"4e79c455-c197-4350-8755-47f7a5da8177\",\"t\":1791216946932}","source":"console","time":"2026-10-05T16:15:46Z"}
{"level":"info","msg":"{\"ev\":\"accepted\",\"id\":\"03fac3c4-44b3-4e62-bb9b-7171bd9b6541\",\"t\":1791216947711}","source":"console","time":"2026-10-05T16:15:47Z"}
{"level":"info","msg":"{\"ev\":\"accepted\",\"id\":\"b704c3dc-5825-4381-beb7-3fe7ba682ca4\",\"t\":1791216948467}","source":"console","time":"2026-10-05T16:15:48Z"}
{"level":"info","msg":"{\"ev\":\"accepted\",\"id\":\"3fa63ccb-57ab-4c79-9e32-7d04767c33f5\",\"t\":1791216949236}","source":"console","time":"2026-10-05T16:15:49Z"}
{"level":"info","msg":"{\"ev\":\"accepted\",\"id\":\"8a5992b3-b10e-45e2-81a0-a1022aee55b3\",\"t\":1791216950012}","source":"console","time":"2026-10-05T16:15:50Z"}
{"level":"info","msg":"{\"ev\":\"accepted\",\"id\":\"7ef31865-1f02-463d-bafc-b18f1d02df89\",\"t\":1791216950787}","source":"console","time":"2026-10-05T16:15:50Z"}
{"level":"info","msg":"{\"ev\":\"accepted\",\"id\":\"9866346f-ff55-4d88-8372-ae365e107746\",\"t\":1791216951549}","source":"console","time":"2026-10-05T16:15:51Z"}
{"level":"info","msg":"{\"ev\":\"accepted\",\"id\":\"584880ef-0ce9-45c6-8709-48c2364b8a1a\",\"t\":1791216952318}","source":"console","time":"2026-10-05T16:15:52Z"}
{"level":"info","msg":"{\"ev\":\"accepted\",\"id\":\"b47764f8-f7b5-410c-8a87-113cd5d4b4aa\",\"t\":1791216953093}","source":"console","time":"2026-10-05T16:15:53Z"}
{"level":"info","msg":"{\"ev\":\"accepted\",\"id\":\"a33e3bbb-427f-44e2-b2e4-99f940397ef3\",\"t\":1791216953854}","source":"console","time":"2026-10-05T16:15:53Z"}
{"level":"info","msg":"{\"ev\":\"accepted\",\"id\":\"cd01f6e7-3a7c-4210-862b-97de972aa064\",\"t\":1791216954633}","source":"console","time":"2026-10-05T16:15:54Z"}
{"level":"info","msg":"{\"ev\":\"accepted\",\"id\":\"5d36cf1c-0fd9-430c-8a50-4e3cb045a06d\",\"t\":1791216955405}","source":"console","time":"2026-10-05T16:15:55Z"}
{"level":"info","msg":"{\"ev\":\"accepted\",\"id\":\"03fa836c-b413-420a-81d5-2ef7d8067a9c\",\"t\":1791216956170}","source":"console","time":"2026-10-05T16:15:56Z"}
{"level":"info","msg":"{\"ev\":\"accepted\",\"id\":\"3f8c4b61-ff48-4836-8372-aad229edc5fb\",\"t\":1791216956932}","source":"console","time":"2026-10-05T16:15:56Z"}
{"level":"info","msg":"{\"ev\":\"accepted\",\"id\":\"9efca2e2-2fa6-410c-a93e-127bf7d953e6\",\"t\":1791216957709}","source":"console","time":"2026-10-05T16:15:57Z"}
{"level":"info","msg":"{\"ev\":\"accepted\",\"id\":\"91101675-75d0-4f72-964c-768fd726f5a5\",\"t\":1791216958474}","source":"console","time":"2026-10-05T16:15:58Z"}
{"level":"info","msg":"{\"ev\":\"accepted\",\"id\":\"f21b516a-9a29-4524-a6a0-7ded2c8d4314\",\"t\":1791216959239}","source":"console","time":"2026-10-05T16:15:59Z"}
{"level":"info","msg":"{\"ev\":\"accepted\",\"id\":\"212b95b2-d8a4-48ac-bef0-edc8084ed4c0\",\"t\":1791216960013}","source":"console","time":"2026-10-05T16:16:00Z"}
{"level":"info","msg":"{\"ev\":\"accepted\",\"id\":\"aed2ddde-5ff3-4b6f-8f8f-194c2ea53b90\",\"t\":1791216960774}","source":"console","time":"2026-10-05T16:16:00Z"}
{"level":"info","msg":"{\"ev\":\"accepted\",\"id\":\"940bfc94-76cf-47eb-a61f-fb2dc3cb934c\",\"t\":1791216961551}","source":"console","time":"2026-10-05T16:16:01Z"}
{"level":"info","msg":"{\"ev\":\"accepted\",\"id\":\"33a2e43d-afd5-4999-9686-075c287946a6\",\"t\":1791216962321}","source":"console","time":"2026-10-05T16:16:02Z"}
{"level":"info","msg":"{\"ev\":\"accepted\",\"id\":\"e8346e3a-1c2b-4f6b-98c6-7c637af3a0b8\",\"t\":1791216963080}","source":"console","time":"2026-10-05T16:16:03Z"}
{"level":"info","msg":"{\"ev\":\"accepted\",\"id\":\"805cbd4b-a432-4f39-b1d9-dc4b995322a2\",\"t\":1791216963856}","source":"console","time":"2026-10-05T16:16:03Z"}
{"level":"info","msg":"{\"ev\":\"accepted\",\"id\":\"94bdfe6e-65f7-4533-959c-b6a46232a637\",\"t\":1791216964629}","source":"console","time":"2026-10-05T16:16:04Z"}
{"level":"info","msg":"{\"ev\":\"accepted\",\"id\":\"e93de36d-21ce-4609-ae24-bc7a893351b4\",\"t\":1791216965402}","source":"console","time":"2026-10-05T16:16:05Z"}
{"level":"info","msg":"{\"ev\":\"accepted\",\"id\":\"b3c17ca6-8e0f-445f-834a-11d3130ecf2d\",\"t\":1791216966164}","source":"console","time":"2026-10-05T16:16:06Z"}
{"level":"info","msg":"{\"ev\":\"accepted\",\"id\":\"38d72a17-547e-4ff4-907d-8d4942fa5b2f\",\"t\":1791216966932}","source":"console","time":"2026-10-05T16:16:06Z"}
{"level":"info","msg":"{\"ev\":\"accepted\",\"id\":\"38ea69c9-df4f-478e-83a9-894ff1c6f0fd\",\"t\":1791216967698}","source":"console","time":"2026-10-05T16:16:07Z"}
{"level":"info","msg":"{\"ev\":\"accepted\",\"id\":\"bd09c8ec-2921-42d2-8462-52b06c125ef3\",\"t\":1791216968470}","source":"console","time":"2026-10-05T16:16:08Z"}
{"level":"info","msg":"{\"ev\":\"accepted\",\"id\":\"c773a50f-52a1-402f-9262-7ff1361dd0c8\",\"t\":1791216969234}","source":"console","time":"2026-10-05T16:16:09Z"}
{"level":"info","msg":"{\"ev\":\"accepted\",\"id\":\"1e66d65a-727a-4f59-bb5a-4c98d6822586\",\"t\":1791216970014}","source":"console","time":"2026-10-05T16:16:10Z"}
{"level":"info","msg":"{\"ev\":\"accepted\",\"id\":\"bc14b407-61d4-4f77-917e-ef99b311514e\",\"t\":1791216970782}","source":"console","time":"2026-10-05T16:16:10Z"}
{"level":"info","msg":"{\"ev\":\"accepted\",\"id\":\"225b046f-dfb8-461d-98e3-316c8c02b62d\",\"t\":1791216971543}","source":"console","time":"2026-10-05T16:16:11Z"}
{"level":"info","msg":"{\"ev\":\"accepted\",\"id\":\"47b9edcf-4f54-477c-a0ef-9f513978ba02\",\"t\":1791216972315}","source":"console","time":"2026-10-05T16:16:12Z"}
{"level":"info","msg":"{\"ev\":\"accepted\",\"id\":\"9cf6b315-e2c6-45f5-a53e-7cf2965408a3\",\"t\":1791216973081}","source":"console","time":"2026-10-05T16:16:13Z"}
{"level":"info","msg":"{\"ev\":\"accepted\",\"id\":\"8041636e-4c74-46ae-a344-046c2128161f\",\"t\":1791216973860}","source":"console","time":"2026-10-05T16:16:13Z"}
{"level":"info","msg":"{\"ev\":\"accepted\",\"id\":\"5a21576c-b0f1-4139-81bf-1e30d93efea3\",\"t\":1791216974631}","source":"console","time":"2026-10-05T16:16:14Z"}
{"level":"info","msg":"{\"ev\":\"accepted\",\"id\":\"3cd32c44-8e29-4494-9cb3-6a760ea258ce\",\"t\":1791216975397}","source":"console","time":"2026-10-05T16:16:15Z"}
{"level":"info","msg":"{\"ev\":\"accepted\",\"id\":\"7dcebb3b-7052-49f5-be8b-463348761aaf\",\"t\":1791216976173}","source":"console","time":"2026-10-05T16:16:16Z"}
{"level":"info","msg":"{\"ev\":\"accepted\",\"id\":\"351baedf-8cc0-4343-a901-8814372a2a4f\",\"t\":1791216976939}","source":"console","time":"2026-10-05T16:16:16Z"}
{"level":"info","msg":"{\"ev\":\"accepted\",\"id\":\"c0a60f9f-d154-4f81-8d7f-a972877396c6\",\"t\":1791216977710}","source":"console","time":"2026-10-05T16:16:17Z"}
{"level":"info","msg":"{\"ev\":\"accepted\",\"id\":\"6b7456d7-24b4-4e8f-ba84-99fadd64dacd\",\"t\":1791216978473}","source":"console","time":"2026-10-05T16:16:18Z"}
{"level":"info","msg":"{\"ev\":\"accepted\",\"id\":\"4c746a72-7ea0-4222-8761-d2661152b964\",\"t\":1791216979241}","source":"console","time":"2026-10-05T16:16:19Z"}
{"level":"info","msg":"{\"ev\":\"accepted\",\"id\":\"ef2eeeb4-4266-4a74-87bb-feced16e7bd7\",\"t\":1791216980009}","source":"console","time":"2026-10-05T16:16:20Z"}
{"level":"info","msg":"{\"ev\":\"accepted\",\"id\":\"71099ae9-ebab-4f1b-b9ea-be8919393ad3\",\"t\":1791216980788}","source":"console","time":"2026-10-05T16:16:20Z"}
{"level":"info","msg":"{\"ev\":\"accepted\",\"id\":\"30fd9632-04cc-4d9d-befe-1dcd0a95a3e3\",\"t\":1791216981544}","source":"console","time":"2026-10-05T16:16:21Z"}
{"level":"info","msg":"{\"ev\":\"accepted\",\"id\":\"85d5e773-3691-4758-babc-460bc275b92d\",\"t\":1791216982317}","source":"console","time":"2026-10-05T16:16:22Z"}
{"level":"info","msg":"{\"ev\":\"accepted\",\"id\":\"658a2b31-6ac5-47dc-b52e-6cd5055bac33\",\"t\":1791216983085}","source":"console","time":"2026-10-05T16:16:23Z"}
{"level":"info","msg":"{\"ev\":\"accepted\",\"id\":\"8a18ec1e-f245-4728-bebc-82b602befbc7\",\"t\":1791216983855}","source":"console","time":"2026-10-05T16:16:23Z"}
{"level":"info","msg":"{\"ev\":\"accepted\",\"id\":\"1b7315a9-707a-491e-97c9-3a295ee7ed03\",\"t\":1791216984624}","source":"console","time":"2026-10-05T16:16:24Z"}
{"level":"info","msg":"{\"ev\":\"accepted\",\"id\":\"14563ff5-62d6-4f42-8f33-35f51b8588be\",\"t\":1791216985403}","source":"console","time":"2026-10-05T16:16:25Z"}
{"level":"info","msg":"{\"ev\":\"accepted\",\"id\":\"74fc6af4-a7a6-43a8-bed6-e14713f3195e\",\"t\":1791216986171}","source":"console","time":"2026-10-05T16:16:26Z"}
{"level":"info","msg":"{\"ev\":\"accepted\",\"id\":\"64b90e9b-fd2b-456b-83a7-118a51798e77\",\"t\":1791216986937}","source":"console","time":"2026-10-05T16:16:26Z"}
{"level":"info","msg":"{\"ev\":\"accepted\",\"id\":\"330f98e1-851b-4a97-922b-ae4c39216e9d\",\"t\":1791216987699}","source":"console","time":"2026-10-05T16:16:27Z"}
{"level":"info","msg":"{\"ev\":\"accepted\",\"id\":\"ea1eeca8-6b2a-4707-8a0c-622f6f036088\",\"t\":1791216988473}","source":"console","time":"2026-10-05T16:16:28Z"}
{"level":"info","msg":"{\"ev\":\"accepted\",\"id\":\"488c0a97-207c-46de-984d-4f3010af0eae\",\"t\":1791216989248}","source":"console","time":"2026-10-05T16:16:29Z"}
{"level":"info","msg":"{\"ev\":\"accepted\",\"id\":\"a59bb2fa-10d5-47b4-9ffa-682d028046a4\",\"t\":1791216990014}","source":"console","time":"2026-10-05T16:16:30Z"}
{"level":"info","msg":"{\"ev\":\"accepted\",\"id\":\"03977b59-c9eb-4b78-8384-148c5359e502\",\"t\":1791216990782}","source":"console","time":"2026-10-05T16:16:30Z"}
{"level":"info","msg":"{\"ev\":\"accepted\",\"id\":\"c24c6bd4-be2f-43ea-ad1c-a2dfa3297002\",\"t\":1791216991552}","source":"console","time":"2026-10-05T16:16:31Z"}
{"level":"info","msg":"{\"ev\":\"accepted\",\"id\":\"4057f8f3-bca9-4504-a7ff-66c568683ed5\",\"t\":1791216992316}","source":"console","time":"2026-10-05T16:16:32Z"}
{"level":"info","msg":"{\"ev\":\"accepted\",\"id\":\"732be45b-e7cf-4839-91db-514493242e76\",\"t\":1791216993086}","source":"console","time":"2026-10-05T16:16:33Z"}
{"level":"info","msg":"{\"ev\":\"accepted\",\"id\":\"0beca895-db9c-4829-b796-103d0d043880\",\"t\":1791216993852}","source":"console","time":"2026-10-05T16:16:33Z"}
{"level":"info","msg":"{\"ev\":\"accepted\",\"id\":\"82fc0ccc-2cb9-46c3-bff2-9b2feec746d9\",\"t\":1791216994624}","source":"console","time":"2026-10-05T16:16:34Z"}
{"level":"info","msg":"{\"ev\":\"accepted\",\"id\":\"ab5d37db-0b2b-447c-be82-854ac887edd9\",\"t\":1791216995398}","source":"console","time":"2026-10-05T16:16:35Z"}
{"level":"info","msg":"{\"ev\":\"accepted\",\"id\":\"0ef307ff-c8a7-438e-af7a-af90faf30559\",\"t\":1791216996172}","source":"console","time":"2026-10-05T16:16:36Z"}
{"level":"info","msg":"{\"ev\":\"accepted\",\"id\":\"f03c876b-07f5-42ca-baa4-ec66d2850def\",\"t\":1791216996937}","source":"console","time":"2026-10-05T16:16:36Z"}
{"level":"info","msg":"{\"ev\":\"accepted\",\"id\":\"54ea77fa-bbf3-4372-be6a-48f18256980b\",\"t\":1791216997704}","source":"console","time":"2026-10-05T16:16:37Z"}
{"level":"info","msg":"{\"ev\":\"accepted\",\"id\":\"85e2e69e-89d1-4eae-a739-4b4c84780fc8\",\"t\":1791216998473}","source":"console","time":"2026-10-05T16:16:38Z"}
{"level":"info","msg":"{\"ev\":\"accepted\",\"id\":\"b0d0b8a8-2733-4030-a535-bf4261f26433\",\"t\":1791216999246}","source":"console","time":"2026-10-05T16:16:39Z"}
{"level":"info","msg":"{\"ev\":\"accepted\",\"id\":\"a5752cb6-2798-4791-b1d1-421d5504836e\",\"t\":1791217000008}","source":"console","time":"2026-10-05T16:16:40Z"}
{"level":"info","msg":"{\"ev\":\"accepted\",\"id\":\"152dff2a-c401-4253-b35d-f765ea6a5fb3\",\"t\":1791217000783}","source":"console","time":"2026-10-05T16:16:40Z"}
{"level":"info","msg":"{\"ev\":\"accepted\",\"id\":\"12f513e9-ba4e-4c92-a0e8-e1b79638e21a\",\"t\":1791217001547}","source":"console","time":"2026-10-05T16:16:41Z"}
{"level":"info","msg":"{\"ev\":\"accepted\",\"id\":\"322d1225-4bb3-49a9-805c-914be84b5416\",\"t\":1791217002324}","source":"console","time":"2026-10-05T16:16:42Z"}
{"level":"info","msg":"{\"ev\":\"accepted\",\"id\":\"44eb49f3-30c0-4add-ac4e-689186dd4b54\",\"t\":1791217003083}","source":"console","time":"2026-10-05T16:16:43Z"}
{"level":"info","msg":"{\"ev\":\"accepted\",\"id\":\"f57e45bf-e5a6-4c8d-ae26-87afde9877e5\",\"t\":1791217003859}","source":"console","time":"2026-10-05T16:16:43Z"}
{"level":"info","msg":"{\"ev\":\"accepted\",\"id\":\"e0320f69-8b9a-47cd-8325-3beefe3277a2\",\"t\":1791217004626}","source":"console","time":"2026-10-05T16:16:44Z"}
{"level":"info","msg":"{\"ev\":\"accepted\",\"id\":\"097ebf53-1f9d-4d3a-ae32-c48716f569af\",\"t\":1791217005400}","source":"console","time":"2026-10-05T16:16:45Z"}
{"level":"info","msg":"{\"ev\":\"accepted\",\"id\":\"960bcc8e-070a-4ec3-be77-4e0f7c8393ea\",\"t\":1791217006171}","source":"console","time":"2026-10-05T16:16:46Z"}
{"level":"info","msg":"{\"ev\":\"accepted\",\"id\":\"573d006e-ec1e-4d2c-8cf4-6470a54cb12e\",\"t\":1791217006937}","source":"console","time":"2026-10-05T16:16:46Z"}
{"level":"info","msg":"{\"ev\":\"accepted\",\"id\":\"c281cdd0-cc5f-447c-ad28-cdf3a05e2d7c\",\"t\":1791217007701}","source":"console","time":"2026-10-05T16:16:47Z"}
{"level":"info","msg":"{\"ev\":\"accepted\",\"id\":\"bac757cd-9b15-4daf-9978-901ba7670142\",\"t\":1791217008474}","source":"console","time":"2026-10-05T16:16:48Z"}
{"level":"info","msg":"{\"ev\":\"accepted\",\"id\":\"44a63aae-3708-4810-97ce-f8a3d00c11a2\",\"t\":1791217009243}","source":"console","time":"2026-10-05T16:16:49Z"}
{"level":"info","msg":"{\"ev\":\"accepted\",\"id\":\"fab9c715-9917-4429-b67e-1eb95627060b\",\"t\":1791217010014}","source":"console","time":"2026-10-05T16:16:50Z"}
{"level":"info","msg":"{\"ev\":\"accepted\",\"id\":\"fe7a31d8-60cc-489e-970d-6d6ecd933044\",\"t\":1791217010779}","source":"console","time":"2026-10-05T16:16:50Z"}
{"level":"info","msg":"{\"ev\":\"accepted\",\"id\":\"e5655250-9321-4e12-8b28-3b229cf90a93\",\"t\":1791217011550}","source":"console","time":"2026-10-05T16:16:51Z"}
{"level":"info","msg":"{\"ev\":\"accepted\",\"id\":\"e647f4dd-c608-45f3-973f-d4a20c4bbeea\",\"t\":1791217012313}","source":"console","time":"2026-10-05T16:16:52Z"}
{"level":"info","msg":"{\"ev\":\"accepted\",\"id\":\"9d52efbc-8ce9-41ba-882a-16c5e8b2ce43\",\"t\":1791217013092}","source":"console","time":"2026-10-05T16:16:53Z"}
{"level":"info","msg":"{\"ev\":\"accepted\",\"id\":\"9f8e118d-bc20-4efc-af9a-45ff3a1e641b\",\"t\":1791217013859}","source":"console","time":"2026-10-05T16:16:53Z"}
{"level":"info","msg":"{\"ev\":\"accepted\",\"id\":\"fd29ab46-1d7a-4597-b84e-3343ab7c7f6d\",\"t\":1791217014629}","source":"console","time":"2026-10-05T16:16:54Z"}
{"level":"info","msg":"{\"ev\":\"accepted\",\"id\":\"7b48516b-c4bb-4b07-bf4c-b78a4e6760d9\",\"t\":1791217015394}","source":"console","time":"2026-10-05T16:16:55Z"}
{"level":"info","msg":"{\"ev\":\"accepted\",\"id\":\"57f69d76-11b9-4fd0-8945-72a5e11fa41c\",\"t\":1791217016253}","source":"console","time":"2026-10-05T16:16:56Z"}
{"level":"info","msg":"{\"ev\":\"accepted\",\"id\":\"8ce95c43-c6ab-4ad9-9a0b-aafd4511ae89\",\"t\":1791217017003}","source":"console","time":"2026-10-05T16:16:57Z"}
{"level":"info","msg":"{\"ev\":\"accepted\",\"id\":\"29371b98-e32d-449c-8aa1-8fa6c3c747a0\",\"t\":1791217017814}","source":"console","time":"2026-10-05T16:16:57Z"}
{"level":"info","msg":"{\"ev\":\"accepted\",\"id\":\"4d5988d2-3703-41e9-9a72-c0c0efaec89e\",\"t\":1791217018549}","source":"console","time":"2026-10-05T16:16:58Z"}
{"level":"info","msg":"{\"ev\":\"accepted\",\"id\":\"1bbd8d7d-1651-4814-9c8a-190906adb191\",\"t\":1791217019321}","source":"console","time":"2026-10-05T16:16:59Z"}
{"level":"info","msg":"{\"ev\":\"accepted\",\"id\":\"e37b8856-5d76-4052-b6fb-2530c43e46f9\",\"t\":1791217020093}","source":"console","time":"2026-10-05T16:17:00Z"}
{"level":"info","msg":"{\"ev\":\"accepted\",\"id\":\"242f0dd1-042a-46a3-9451-2046147ad220\",\"t\":1791217020858}","source":"console","time":"2026-10-05T16:17:00Z"}
{"level":"info","msg":"{\"ev\":\"accepted\",\"id\":\"c0c9dfea-e8e1-4d0e-a00c-adaa4bb2d081\",\"t\":1791217021622}","source":"console","time":"2026-10-05T16:17:01Z"}
{"level":"info","msg":"{\"ev\":\"accepted\",\"id\":\"85dfc071-f1a8-4394-b29c-603a3bae0818\",\"t\":1791217022385}","source":"console","time":"2026-10-05T16:17:02Z"}
{"level":"info","msg":"{\"ev\":\"accepted\",\"id\":\"095cd809-6cb1-48ea-b29e-f388ee116ef6\",\"t\":1791217023165}","source":"console","time":"2026-10-05T16:17:03Z"}
{"level":"info","msg":"{\"ev\":\"accepted\",\"id\":\"605f5f9f-95c0-4ba2-96bd-ac2389bf8313\",\"t\":1791217023942}","source":"console","time":"2026-10-05T16:17:03Z"}
{"level":"info","msg":"{\"ev\":\"accepted\",\"id\":\"a84f4e32-ed5c-4836-b63d-6c794c39c71f\",\"t\":1791217024695}","source":"console","time":"2026-10-05T16:17:04Z"}
{"level":"info","msg":"{\"ev\":\"accepted\",\"id\":\"4289ef52-fdd0-4058-b51d-ae9874130cf2\",\"t\":1791217025466}","source":"console","time":"2026-10-05T16:17:05Z"}
{"level":"info","msg":"{\"ev\":\"accepted\",\"id\":\"d06bdb0b-8e6c-449a-a05a-f422757a1838\",\"t\":1791217026230}","source":"console","time":"2026-10-05T16:17:06Z"}
{"level":"info","msg":"{\"ev\":\"accepted\",\"id\":\"16f32605-5707-4c3b-a4a8-b87e8b96312e\",\"t\":1791217027032}","source":"console","time":"2026-10-05T16:17:07Z"}
{"level":"info","msg":"{\"ev\":\"accepted\",\"id\":\"863d2e47-c132-4a33-ace2-600cc39cecce\",\"t\":1791217027777}","source":"console","time":"2026-10-05T16:17:07Z"}
{"level":"info","msg":"{\"ev\":\"accepted\",\"id\":\"e5b66d4b-ae7a-49e5-87eb-aad5dd157827\",\"t\":1791217028557}","source":"console","time":"2026-10-05T16:17:08Z"}
{"level":"info","msg":"{\"ev\":\"accepted\",\"id\":\"98f04f68-9985-4a3f-b3d6-6539b1b39527\",\"t\":1791217029315}","source":"console","time":"2026-10-05T16:17:09Z"}
{"level":"info","msg":"{\"ev\":\"accepted\",\"id\":\"61565c62-0e71-4950-a446-727666c6b685\",\"t\":1791217030095}","source":"console","time":"2026-10-05T16:17:10Z"}
{"level":"info","msg":"{\"ev\":\"accepted\",\"id\":\"faf78a53-1a60-47f3-b53a-96fea7944e91\",\"t\":1791217030855}","source":"console","time":"2026-10-05T16:17:10Z"}
{"level":"info","msg":"{\"ev\":\"accepted\",\"id\":\"361b5e17-13d4-4d96-a566-f1a772f70579\",\"t\":1791217031611}","source":"console","time":"2026-10-05T16:17:11Z"}
{"level":"info","msg":"{\"ev\":\"accepted\",\"id\":\"24ab9ff2-0509-4230-bb42-03353fd1113e\",\"t\":1791217032393}","source":"console","time":"2026-10-05T16:17:12Z"}
{"level":"info","msg":"{\"ev\":\"accepted\",\"id\":\"202035ab-dfd6-4435-9462-f41d31ee242a\",\"t\":1791217033165}","source":"console","time":"2026-10-05T16:17:13Z"}
{"level":"info","msg":"{\"ev\":\"accepted\",\"id\":\"0e7805f7-1534-4396-9c52-49f24f11a8a9\",\"t\":1791217033928}","source":"console","time":"2026-10-05T16:17:13Z"}
{"level":"info","msg":"{\"ev\":\"accepted\",\"id\":\"09b162d2-c144-4ca7-bd11-b1630782b601\",\"t\":1791217034692}","source":"console","time":"2026-10-05T16:17:14Z"}
{"level":"info","msg":"{\"ev\":\"accepted\",\"id\":\"67a03e8a-79b4-4467-8526-923bc8629a13\",\"t\":1791217035467}","source":"console","time":"2026-10-05T16:17:15Z"}
{"level":"info","msg":"{\"ev\":\"accepted\",\"id\":\"90e85d42-1c3a-4eca-9cc4-83f42d3060f9\",\"t\":1791217036241}","source":"console","time":"2026-10-05T16:17:16Z"}
{"level":"info","msg":"{\"ev\":\"accepted\",\"id\":\"e4d3dfcc-98e8-4088-8b8a-c067252d9a5d\",\"t\":1791217037001}","source":"console","time":"2026-10-05T16:17:17Z"}
{"level":"info","msg":"{\"ev\":\"accepted\",\"id\":\"994efe9c-41e4-4142-854a-ee3fd2f6c5d0\",\"t\":1791217037775}","source":"console","time":"2026-10-05T16:17:17Z"}
{"level":"info","msg":"{\"ev\":\"accepted\",\"id\":\"af2422ad-47e7-4372-bc99-87e08255b2e2\",\"t\":1791217038550}","source":"console","time":"2026-10-05T16:17:18Z"}
{"level":"info","msg":"{\"ev\":\"accepted\",\"id\":\"384174e0-62fa-425d-8a55-25fabe4ecfa2\",\"t\":1791217039325}","source":"console","time":"2026-10-05T16:17:19Z"}
{"level":"info","msg":"{\"ev\":\"accepted\",\"id\":\"3ad23136-2590-4559-9ea7-50f17c4856d3\",\"t\":1791217040079}","source":"console","time":"2026-10-05T16:17:20Z"}
{"level":"info","msg":"{\"ev\":\"accepted\",\"id\":\"d53b016d-734d-47a7-97da-a4dccf1e6293\",\"t\":1791217040857}","source":"console","time":"2026-10-05T16:17:20Z"}
{"level":"info","msg":"{\"ev\":\"accepted\",\"id\":\"273cb25e-7f21-42e4-8fde-2de6c9e1c7cf\",\"t\":1791217041624}","source":"console","time":"2026-10-05T16:17:21Z"}
{"level":"info","msg":"{\"ev\":\"accepted\",\"id\":\"dc6c7654-3b1c-46ca-88ea-5cb289fc8917\",\"t\":1791217042406}","source":"console","time":"2026-10-05T16:17:22Z"}
{"level":"info","msg":"{\"ev\":\"accepted\",\"id\":\"68ab2d90-1288-496a-a8d2-3f78c8d7eefa\",\"t\":1791217043157}","source":"console","time":"2026-10-05T16:17:23Z"}
{"level":"info","msg":"{\"ev\":\"accepted\",\"id\":\"6d240ceb-673e-4557-ae15-87d87840f7a5\",\"t\":1791217043932}","source":"console","time":"2026-10-05T16:17:23Z"}
{"level":"info","msg":"{\"ev\":\"accepted\",\"id\":\"da8c965d-6497-444e-9489-39327efe1f87\",\"t\":1791217044705}","source":"console","time":"2026-10-05T16:17:24Z"}
{"level":"info","msg":"{\"ev\":\"accepted\",\"id\":\"7efafacf-09e1-4cf7-9120-0b5b12d85f15\",\"t\":1791217045488}","source":"console","time":"2026-10-05T16:17:25Z"}
{"level":"info","msg":"{\"ev\":\"accepted\",\"id\":\"4d7f0e74-40e0-4583-ba28-1b34e4bb3834\",\"t\":1791217046236}","source":"console","time":"2026-10-05T16:17:26Z"}
{"level":"info","msg":"{\"ev\":\"accepted\",\"id\":\"f56c4b94-d883-4b58-b1a7-e03f7e276a56\",\"t\":1791217047015}","source":"console","time":"2026-10-05T16:17:27Z"}
{"level":"info","msg":"{\"ev\":\"accepted\",\"id\":\"6a2c0fe8-de86-4051-b346-1dfa89904355\",\"t\":1791217047782}","source":"console","time":"2026-10-05T16:17:27Z"}
{"level":"info","msg":"{\"ev\":\"accepted\",\"id\":\"f9fc9ede-7ecb-4314-8e25-7889c2f70772\",\"t\":1791217048550}","source":"console","time":"2026-10-05T16:17:28Z"}
{"level":"info","msg":"{\"ev\":\"accepted\",\"id\":\"5eb19c0c-8e0d-4db5-9745-5372391b2b3d\",\"t\":1791217049340}","source":"console","time":"2026-10-05T16:17:29Z"}
{"level":"info","msg":"{\"ev\":\"accepted\",\"id\":\"5f8eef2b-1bb6-4d15-8a9f-e00f5ab7175c\",\"t\":1791217050101}","source":"console","time":"2026-10-05T16:17:30Z"}
{"level":"info","msg":"{\"ev\":\"accepted\",\"id\":\"dae74678-f593-48ca-8658-501014ae5461\",\"t\":1791217050861}","source":"console","time":"2026-10-05T16:17:30Z"}
{"level":"info","msg":"{\"ev\":\"accepted\",\"id\":\"ce867bda-3749-41bf-8848-7ba5939a8f2c\",\"t\":1791217051631}","source":"console","time":"2026-10-05T16:17:31Z"}
{"level":"info","msg":"{\"ev\":\"accepted\",\"id\":\"6c4244bb-67f8-45dd-a3e6-3511da4e23d2\",\"t\":1791217052390}","source":"console","time":"2026-10-05T16:17:32Z"}
{"level":"info","msg":"{\"ev\":\"accepted\",\"id\":\"b1f8dd22-4972-4d7a-8bc3-3f9c74bc1205\",\"t\":1791217053169}","source":"console","time":"2026-10-05T16:17:33Z"}
{"level":"info","msg":"{\"ev\":\"accepted\",\"id\":\"ca8a7c53-e62d-482b-af22-90ac45b59d4c\",\"t\":1791217053944}","source":"console","time":"2026-10-05T16:17:33Z"}
{"level":"info","msg":"{\"ev\":\"accepted\",\"id\":\"8da63ff3-1bb1-4fd0-ae12-db3ed237bac0\",\"t\":1791217054733}","source":"console","time":"2026-10-05T16:17:34Z"}
{"level":"info","msg":"{\"ev\":\"accepted\",\"id\":\"ce290044-1513-404b-af51-b2feac93a421\",\"t\":1791217055501}","source":"console","time":"2026-10-05T16:17:35Z"}
{"level":"info","msg":"{\"ev\":\"accepted\",\"id\":\"3f4b8411-5a9a-4f75-83bd-71a1b4f8d283\",\"t\":1791217056350}","source":"console","time":"2026-10-05T16:17:36Z"}
{"level":"info","msg":"{\"ev\":\"accepted\",\"id\":\"cc4a36b3-1b52-4b50-bd94-16e7aafeb57c\",\"t\":1791217057081}","source":"console","time":"2026-10-05T16:17:37Z"}
{"level":"info","msg":"{\"ev\":\"accepted\",\"id\":\"52023655-38bc-44ce-8ffb-aa7a09107ceb\",\"t\":1791217057835}","source":"console","time":"2026-10-05T16:17:37Z"}
{"level":"info","msg":"{\"ev\":\"accepted\",\"id\":\"c9900adf-ef62-43c3-87d0-35b46b132a7e\",\"t\":1791217058621}","source":"console","time":"2026-10-05T16:17:38Z"}
{"level":"info","msg":"{\"ev\":\"accepted\",\"id\":\"9c76d3d9-bdb6-4810-aa7e-990a2ab9e778\",\"t\":1791217059461}","source":"console","time":"2026-10-05T16:17:39Z"}
{"level":"info","msg":"{\"ev\":\"accepted\",\"id\":\"16fed208-849e-464e-809f-73c5149e1a58\",\"t\":1791217060162}","source":"console","time":"2026-10-05T16:17:40Z"}
{"level":"info","msg":"{\"ev\":\"accepted\",\"id\":\"0de4c13e-82c3-4d2d-b780-310826e62d27\",\"t\":1791217060930}","source":"console","time":"2026-10-05T16:17:40Z"}
{"level":"info","msg":"{\"ev\":\"accepted\",\"id\":\"02245ad8-eab4-45c1-972b-526c47ac682f\",\"t\":1791217061682}","source":"console","time":"2026-10-05T16:17:41Z"}
{"level":"info","msg":"{\"ev\":\"accepted\",\"id\":\"5fdfea8e-6f7a-427d-ac18-606d0a8d213d\",\"t\":1791217062494}","source":"console","time":"2026-10-05T16:17:42Z"}
{"level":"info","msg":"{\"ev\":\"accepted\",\"id\":\"d550aa6c-1cce-438a-a134-886b0d7f838b\",\"t\":1791217063256}","source":"console","time":"2026-10-05T16:17:43Z"}
{"level":"info","msg":"{\"ev\":\"accepted\",\"id\":\"7dd2095f-4876-4141-a42b-2adc7ab95412\",\"t\":1791217063973}","source":"console","time":"2026-10-05T16:17:43Z"}
{"level":"info","msg":"{\"ev\":\"accepted\",\"id\":\"7ffdb6ea-6436-4c92-a1ad-5b1ebfbf71d0\",\"t\":1791217064778}","source":"console","time":"2026-10-05T16:17:44Z"}
{"level":"info","msg":"{\"ev\":\"accepted\",\"id\":\"9d0145da-71f5-4620-9153-3224436e9a21\",\"t\":1791217065673}","source":"console","time":"2026-10-05T16:17:45Z"}
{"level":"info","msg":"{\"ev\":\"accepted\",\"id\":\"c7e37381-f9ce-4926-8dc0-93b27c25b5de\",\"t\":1791217066354}","source":"console","time":"2026-10-05T16:17:46Z"}
{"level":"info","msg":"{\"ev\":\"accepted\",\"id\":\"d2a29669-fecc-4753-9204-e06333e5110e\",\"t\":1791217067098}","source":"console","time":"2026-10-05T16:17:47Z"}
{"level":"info","msg":"{\"ev\":\"accepted\",\"id\":\"d63b5232-3f80-45d6-9ab5-d063641326be\",\"t\":1791217067855}","source":"console","time":"2026-10-05T16:17:47Z"}
{"level":"info","msg":"{\"ev\":\"accepted\",\"id\":\"6d30a77a-1667-4226-9d0f-701aab8dc2c2\",\"t\":1791217068625}","source":"console","time":"2026-10-05T16:17:48Z"}
{"level":"info","msg":"{\"ev\":\"accepted\",\"id\":\"65066de1-97a2-40ce-ab2f-56d788556683\",\"t\":1791217069368}","source":"console","time":"2026-10-05T16:17:49Z"}
{"level":"info","msg":"{\"ev\":\"accepted\",\"id\":\"cf40d051-3d1b-4c4f-90ed-21fbc7228ccf\",\"t\":1791217070157}","source":"console","time":"2026-10-05T16:17:50Z"}
{"level":"info","msg":"{\"ev\":\"accepted\",\"id\":\"cef180ad-7feb-4891-a27b-201fdc6711a1\",\"t\":1791217070927}","source":"console","time":"2026-10-05T16:17:50Z"}
{"level":"info","msg":"{\"ev\":\"accepted\",\"id\":\"db5dba8b-6fbf-4787-b7c7-b7579d5b804f\",\"t\":1791217071715}","source":"console","time":"2026-10-05T16:17:51Z"}
{"level":"info","msg":"{\"ev\":\"accepted\",\"id\":\"d303c5ab-4788-4e39-8d86-ce7b34c2b20b\",\"t\":1791217072492}","source":"console","time":"2026-10-05T16:17:52Z"}
{"level":"info","msg":"{\"ev\":\"accepted\",\"id\":\"98c68da1-6835-495f-bcbf-f835ebfb1b49\",\"t\":1791217073331}","source":"console","time":"2026-10-05T16:17:53Z"}
{"level":"info","msg":"{\"ev\":\"accepted\",\"id\":\"a1380f14-0afa-4b59-ad04-fb063e45ab8a\",\"t\":1791217074109}","source":"console","time":"2026-10-05T16:17:54Z"}
{"level":"info","msg":"{\"ev\":\"accepted\",\"id\":\"0dbea056-be1a-4efd-b7a5-f5ead2265a03\",\"t\":1791217074841}","source":"console","time":"2026-10-05T16:17:54Z"}
{"level":"info","msg":"{\"ev\":\"accepted\",\"id\":\"a0824137-7023-4bbd-b32c-f0de098deb0d\",\"t\":1791217075558}","source":"console","time":"2026-10-05T16:17:55Z"}
{"level":"info","msg":"{\"ev\":\"accepted\",\"id\":\"1aaacf6d-2e04-402c-9f65-44b79916ea0e\",\"t\":1791217076313}","source":"console","time":"2026-10-05T16:17:56Z"}
{"level":"info","msg":"{\"ev\":\"accepted\",\"id\":\"65081cc2-06cb-4c7b-b70c-353b1b3a7b60\",\"t\":1791217077083}","source":"console","time":"2026-10-05T16:17:57Z"}
{"level":"info","msg":"{\"ev\":\"accepted\",\"id\":\"775ed6ec-c0e0-44f6-9aae-932e0ff2d086\",\"t\":1791217077876}","source":"console","time":"2026-10-05T16:17:57Z"}
{"level":"info","msg":"{\"ev\":\"accepted\",\"id\":\"5463b238-b66b-49af-899d-b5e2d1eb23c7\",\"t\":1791217078680}","source":"console","time":"2026-10-05T16:17:58Z"}
{"level":"info","msg":"{\"ev\":\"accepted\",\"id\":\"f3bcc14d-fb80-4414-b565-2c8f38cf79d5\",\"t\":1791217079420}","source":"console","time":"2026-10-05T16:17:59Z"}
{"level":"info","msg":"{\"ev\":\"accepted\",\"id\":\"97309953-6b0c-49a0-b8ba-a528ad71f959\",\"t\":1791217080243}","source":"console","time":"2026-10-05T16:18:00Z"}
{"level":"info","msg":"{\"ev\":\"accepted\",\"id\":\"58cdc30a-1d28-4258-ad34-5fae4347bfd7\",\"t\":1791217080936}","source":"console","time":"2026-10-05T16:18:00Z"}
{"level":"info","msg":"{\"ev\":\"accepted\",\"id\":\"2b7fd7e1-a771-4b61-9635-6f553723901f\",\"t\":1791217081679}","source":"console","time":"2026-10-05T16:18:01Z"}
{"level":"info","msg":"{\"ev\":\"accepted\",\"id\":\"11d0ddef-3ead-4e3d-99e6-8059f6a3d34c\",\"t\":1791217082472}","source":"console","time":"2026-10-05T16:18:02Z"}
{"level":"info","msg":"{\"ev\":\"accepted\",\"id\":\"36ebc6b9-2898-4254-adc1-77bb1f69cbf8\",\"t\":1791217083244}","source":"console","time":"2026-10-05T16:18:03Z"}
{"level":"info","msg":"{\"ev\":\"accepted\",\"id\":\"9f43e958-a8ec-4654-b804-3766ae6f02ac\",\"t\":1791217084007}","source":"console","time":"2026-10-05T16:18:04Z"}
{"level":"info","msg":"{\"ev\":\"accepted\",\"id\":\"fec67cbf-4df7-49dd-9a1f-ae75335c0228\",\"t\":1791217084848}","source":"console","time":"2026-10-05T16:18:04Z"}
{"level":"info","msg":"{\"ev\":\"accepted\",\"id\":\"363f0bc3-c7fd-48e7-898d-acd74ba84a42\",\"t\":1791217085604}","source":"console","time":"2026-10-05T16:18:05Z"}
{"level":"info","msg":"{\"ev\":\"accepted\",\"id\":\"e395d337-d766-4c0b-befd-1e0d9ffe5b9e\",\"t\":1791217086331}","source":"console","time":"2026-10-05T16:18:06Z"}
{"level":"info","msg":"{\"ev\":\"accepted\",\"id\":\"1bb85028-24d6-4b07-b62f-9840cad9bf1f\",\"t\":1791217087128}","source":"console","time":"2026-10-05T16:18:07Z"}
{"level":"info","msg":"{\"ev\":\"accepted\",\"id\":\"e7c95663-1fbf-402f-863f-caba1df82454\",\"t\":1791217087868}","source":"console","time":"2026-10-05T16:18:07Z"}
{"level":"info","msg":"{\"ev\":\"accepted\",\"id\":\"9cf7da99-9053-4b96-8d1e-fee8e8dfe7dc\",\"t\":1791217088633}","source":"console","time":"2026-10-05T16:18:08Z"}
{"level":"info","msg":"{\"ev\":\"accepted\",\"id\":\"cc8eb9eb-1ab3-496e-81e4-d1e66896c1bd\",\"t\":1791217089389}","source":"console","time":"2026-10-05T16:18:09Z"}
{"level":"info","msg":"{\"ev\":\"accepted\",\"id\":\"8544a1c9-7bf5-438f-8113-556c5653ec90\",\"t\":1791217090112}","source":"console","time":"2026-10-05T16:18:10Z"}
{"level":"info","msg":"{\"ev\":\"accepted\",\"id\":\"b3e15497-c665-48f3-9dcc-453dcafa6815\",\"t\":1791217090876}","source":"console","time":"2026-10-05T16:18:10Z"}
{"level":"info","msg":"{\"ev\":\"accepted\",\"id\":\"f88f0e17-886b-4fb0-a436-9f8fe887ace1\",\"t\":1791217091697}","source":"console","time":"2026-10-05T16:18:11Z"}
{"level":"info","msg":"{\"ev\":\"accepted\",\"id\":\"e920d60a-d00a-4471-a3ca-49c1f3662ca3\",\"t\":1791217092444}","source":"console","time":"2026-10-05T16:18:12Z"}
{"level":"info","msg":"{\"ev\":\"accepted\",\"id\":\"5bf8d3a3-826d-48b3-91a4-975a9f82672d\",\"t\":1791217093249}","source":"console","time":"2026-10-05T16:18:13Z"}
{"level":"info","msg":"{\"ev\":\"accepted\",\"id\":\"b3264220-c720-461c-a277-1d426bfe2581\",\"t\":1791217094022}","source":"console","time":"2026-10-05T16:18:14Z"}
{"level":"info","msg":"{\"ev\":\"accepted\",\"id\":\"d7c6bbf5-96ee-4143-abe0-1c096ec17971\",\"t\":1791217094790}","source":"console","time":"2026-10-05T16:18:14Z"}
{"level":"info","msg":"{\"ev\":\"accepted\",\"id\":\"57197de4-1ad2-4bf7-976e-9f541e280625\",\"t\":1791217095554}","source":"console","time":"2026-10-05T16:18:15Z"}
{"level":"info","msg":"{\"ev\":\"accepted\",\"id\":\"43187d43-4787-4fe7-ad9d-f61bc899617f\",\"t\":1791217096308}","source":"console","time":"2026-10-05T16:18:16Z"}
{"level":"info","msg":"{\"ev\":\"accepted\",\"id\":\"b144ebd1-2fdf-4dff-9035-180b1af6b8fb\",\"t\":1791217097105}","source":"console","time":"2026-10-05T16:18:17Z"}
{"level":"info","msg":"{\"ev\":\"accepted\",\"id\":\"8054ced4-319a-477e-9045-58dd593c1d82\",\"t\":1791217097859}","source":"console","time":"2026-10-05T16:18:17Z"}
{"level":"info","msg":"{\"ev\":\"accepted\",\"id\":\"2f5d0d50-b22d-4980-bafe-f347275a7424\",\"t\":1791217098630}","source":"console","time":"2026-10-05T16:18:18Z"}
{"level":"info","msg":"{\"ev\":\"accepted\",\"id\":\"9d06b867-1a7d-4b70-898f-7d5a077b911a\",\"t\":1791217099363}","source":"console","time":"2026-10-05T16:18:19Z"}
{"level":"info","msg":"{\"ev\":\"accepted\",\"id\":\"fc171e2c-cd72-450f-98a1-f7b2b4ef35c2\",\"t\":1791217100123}","source":"console","time":"2026-10-05T16:18:20Z"}
{"level":"info","msg":"{\"ev\":\"accepted\",\"id\":\"f9ad96dd-cbc8-41a4-abf4-1350cf7bcb56\",\"t\":1791217100872}","source":"console","time":"2026-10-05T16:18:20Z"}
{"level":"info","msg":"{\"ev\":\"accepted\",\"id\":\"24efb5b2-aaa3-40a0-a476-c499f5b47eef\",\"t\":1791217101638}","source":"console","time":"2026-10-05T16:18:21Z"}
{"level":"info","msg":"{\"ev\":\"accepted\",\"id\":\"bdf1e9a7-c2b7-4d71-81b4-f6c5fde7d7e4\",\"t\":1791217102433}","source":"console","time":"2026-10-05T16:18:22Z"}
