{"level":"info","msg":"{\"ev\":\"setup-done\",\"t\":1791225084590}","source":"console","time":"2026-10-05T18:31:24Z"}
{"level":"info","msg":"{\"ev\":\"accepted\",\"id\":\"12c57e41-0ed1-4da1-a6b0-2507c8d52110\",\"t\":1791225087624}","source":"console","time":"2026-10-05T18:31:27Z"}
{"level":"info","msg":"{\"ev\":\"accepted\",\"id\":\"43f1cb85-7e58-4520-b079-dc0654cd68c1\",\"t\":1791225088870}","source":"console","time":"2026-10-05T18:31:28Z"}
{"level":"info","msg":"{\"ev\":\"accepted\",\"id\":\"37a82b26-a099-4aef-8a6e-3ce43b7e247f\",\"t\":1791225089841}","source":"console","time":"2026-10-05T18:31:29Z"}
{"level":"info","msg":"{\"ev\":\"accepted\",\"id\":\"7d2c1d4e-5594-4edd-975c-051793af75cb\",\"t\":1791225090749}","source":"console","time":"2026-10-05T18:31:30Z"}
{"level":"info","msg":"{\"ev\":\"accepted\",\"id\":\"d4ddc0b1-a8d9-437f-b5b4-32ec3dc3301d\",\"t\":1791225091653}","source":"console","time":"2026-10-05T18:31:31Z"}
{"level":"info","msg":"{\"ev\":\"accepted\",\"id\":\"2c016e30-47d6-457a-a1ae-4cd6edf59ef2\",\"t\":1791225092569}","source":"console","time":"2026-10-05T18:31:32Z"}
{"level":"info","msg":"{\"ev\":\"accepted\",\"id\":\"41e953d7-4e16-46e9-847b-90887d39a6d7\",\"t\":1791225093473}","source":"console","time":"2026-10-05T18:31:33Z"}
{"level":"info","msg":"{\"ev\":\"accepted\",\"id\":\"26476b5d-8048-4761-aa32-a1f2a8229cd4\",\"t\":1791225094378}","source":"console","time":"2026-10-05T18:31:34Z"}
{"level":"info","msg":"{\"ev\":\"accepted\",\"id\":\"3cdaf329-bde6-46e3-98c6-c06f400cdef0\",\"t\":1791225095297}","source":"console","time":"2026-10-05T18:31:35Z"}
{"level":"info","msg":"{\"ev\":\"accepted\",\"id\":\"a4ea2acb-018e-4b05-a320-4b7d7c6d71b3\",\"t\":1791225096204}","source":"console","time":"2026-10-05T18:31:36Z"}
{"level":"info","msg":"{\"ev\":\"accepted\",\"id\":\"41108467-a23f-4a9c-a4c5-25cfb4f74dad\",\"t\":1791225097098}","source":"console","time":"2026-10-05T18:31:37Z"}
{"level":"info","msg":"{\"ev\":\"accepted\",\"id\":\"59ebf324-dc57-43e6-9db5-976cb43c436b\",\"t\":1791225098012}","source":"console","time":"2026-10-05T18:31:38Z"}
{"level":"info","msg":"{\"ev\":\"accepted\",\"id\":\"1f7b0fdb-fb0c-4e00-a5d5-b38954446996\",\"t\":1791225098924}","source":"console","time":"2026-10-05T18:31:38Z"}
{"level":"info","msg":"{\"ev\":\"accepted\",\"id\":\"d82368a5-f6bf-4916-b678-d08f3fd74a9b\",\"t\":1791225099838}","source":"console","time":"2026-10-05T18:31:39Z"}
{"level":"info","msg":"{\"ev\":\"accepted\",\"id\":\"e1507f93-4523-401d-a10a-5608b9f85392\",\"t\":1791225100749}","source":"console","time":"2026-10-05T18:31:40Z"}
{"level":"info","msg":"{\"ev\":\"accepted\",\"id\":\"faf8fc37-4398-4819-83d5-4141744f7cae\",\"t\":1791225101651}","source":"console","time":"2026-10-05T18:31:41Z"}
{"level":"info","msg":"{\"ev\":\"accepted\",\"id\":\"198c79c8-900b-4c0b-bd44-b75d0ad97229\",\"t\":1791225102568}","source":"console","time":"2026-10-05T18:31:42Z"}
{"level":"info","msg":"{\"ev\":\"accepted\",\"id\":\"83f71e68-d6e2-4955-a16f-8e836431e1ca\",\"t\":1791225103479}","source":"console","time":"2026-10-05T18:31:43Z"}
{"level":"info","msg":"{\"ev\":\"accepted\",\"id\":\"cdfdb389-9a47-43b3-b7ea-8bd7005a67e8\",\"t\":1791225104380}","source":"console","time":"2026-10-05T18:31:44Z"}
{"level":"info","msg":"{\"ev\":\"accepted\",\"id\":\"906f86bf-2518-42c1-978c-c104cce868a1\",\"t\":1791225105291}","source":"console","time":"2026-10-05T18:31:45Z"}
{"level":"info","msg":"{\"ev\":\"accepted\",\"id\":\"ccd93788-205f-4bcd-b1a2-886330cc5cc0\",\"t\":1791225106200}","source":"console","time":"2026-10-05T18:31:46Z"}
{"level":"info","msg":"{\"ev\":\"accepted\",\"id\":\"a8a842e7-48f2-4f26-afe1-89229ca8c8a0\",\"t\":1791225107102}","source":"console","time":"2026-10-05T18:31:47Z"}
{"level":"info","msg":"{\"ev\":\"accepted\",\"id\":\"102cb946-e77b-4f0b-94d8-bea5d55c001f\",\"t\":1791225108015}","source":"console","time":"2026-10-05T18:31:48Z"}
{"level":"info","msg":"{\"ev\":\"accepted\",\"id\":\"a93dcd10-6565-48df-91eb-97388d2319c0\",\"t\":1791225108916}","source":"console","time":"2026-10-05T18:31:48Z"}
{"level":"info","msg":"{\"ev\":\"accepted\",\"id\":\"29b99376-1065-47d7-8582-d22950de0f18\",\"t\":1791225109840}","source":"console","time":"2026-10-05T18:31:49Z"}
{"level":"info","msg":"{\"ev\":\"accepted\",\"id\":\"9049308f-b87e-414b-8aff-fb04e746b29f\",\"t\":1791225110748}","source":"console","time":"2026-10-05T18:31:50Z"}
{"level":"info","msg":"{\"ev\":\"accepted\",\"id\":\"870d2b2c-ce10-4c62-8785-1c5882f12089\",\"t\":1791225111655}","source":"console","time":"2026-10-05T18:31:51Z"}
{"level":"info","msg":"{\"ev\":\"accepted\",\"id\":\"c7b25778-0bb9-4835-86ec-ffba658451eb\",\"t\":1791225112564}","source":"console","time":"2026-10-05T18:31:52Z"}
{"level":"info","msg":"{\"ev\":\"accepted\",\"id\":\"77753cae-93d4-4f7e-bc32-b728fcb5d19e\",\"t\":1791225113467}","source":"console","time":"2026-10-05T18:31:53Z"}
{"level":"info","msg":"{\"ev\":\"accepted\",\"id\":\"b32867f3-52d5-48bc-ac97-7a17f1609b7c\",\"t\":1791225114378}","source":"console","time":"2026-10-05T18:31:54Z"}
{"level":"info","msg":"{\"ev\":\"accepted\",\"id\":\"fdd19665-3167-4e84-b948-354ea292ba95\",\"t\":1791225115291}","source":"console","time":"2026-10-05T18:31:55Z"}
{"level":"info","msg":"{\"ev\":\"accepted\",\"id\":\"58efbd0d-d8d5-4379-bbbd-cd5ea1cc0736\",\"t\":1791225116193}","source":"console","time":"2026-10-05T18:31:56Z"}
{"level":"info","msg":"{\"ev\":\"accepted\",\"id\":\"8c22bc4d-5d47-43be-9658-67a729f39166\",\"t\":1791225117107}","source":"console","time":"2026-10-05T18:31:57Z"}
{"level":"info","msg":"{\"ev\":\"accepted\",\"id\":\"b4a4fbb1-69b9-4895-92cd-d040898b1a67\",\"t\":1791225118007}","source":"console","time":"2026-10-05T18:31:58Z"}
{"level":"info","msg":"{\"ev\":\"accepted\",\"id\":\"552b4409-8fae-41e1-bf04-b364dcdc33b4\",\"t\":1791225118925}","source":"console","time":"2026-10-05T18:31:58Z"}
{"level":"info","msg":"{\"ev\":\"accepted\",\"id\":\"be2687ea-8fd4-432d-835c-faee2f6a0633\",\"t\":1791225119831}","source":"console","time":"2026-10-05T18:31:59Z"}
{"level":"info","msg":"{\"ev\":\"accepted\",\"id\":\"d5c2831a-2938-4a75-8b21-a336f30515fd\",\"t\":1791225120749}","source":"console","time":"2026-10-05T18:32:00Z"}
{"level":"info","msg":"{\"ev\":\"accepted\",\"id\":\"4aad90b4-2f6c-4085-b129-8dab4efe7787\",\"t\":1791225121658}","source":"console","time":"2026-10-05T18:32:01Z"}
{"level":"info","msg":"{\"ev\":\"accepted\",\"id\":\"61a3e379-be9c-479c-861c-95ca8d9c79a1\",\"t\":1791225122566}","source":"console","time":"2026-10-05T18:32:02Z"}
{"level":"info","msg":"{\"ev\":\"accepted\",\"id\":\"9b17d67f-b135-4240-bdc1-bb7b4bdb4f33\",\"t\":1791225123467}","source":"console","time":"2026-10-05T18:32:03Z"}
{"level":"info","msg":"{\"ev\":\"accepted\",\"id\":\"fb326a27-750f-466e-9f18-a3b730777be5\",\"t\":1791225124378}","source":"console","time":"2026-10-05T18:32:04Z"}
{"level":"info","msg":"{\"ev\":\"accepted\",\"id\":\"bbbb50d6-f71b-41de-8eae-373380ec6ff9\",\"t\":1791225125284}","source":"console","time":"2026-10-05T18:32:05Z"}
{"level":"info","msg":"{\"ev\":\"accepted\",\"id\":\"1ae6e3d3-b8de-4623-8eae-61017383c9ba\",\"t\":1791225126200}","source":"console","time":"2026-10-05T18:32:06Z"}
{"level":"info","msg":"{\"ev\":\"accepted\",\"id\":\"af2cbc0f-0f0c-4092-b527-fa1d5ba0bc94\",\"t\":1791225127109}","source":"console","time":"2026-10-05T18:32:07Z"}
{"level":"info","msg":"{\"ev\":\"accepted\",\"id\":\"ed71bd06-21df-4d5d-9d22-a47dec19bec7\",\"t\":1791225128012}","source":"console","time":"2026-10-05T18:32:08Z"}
{"level":"info","msg":"{\"ev\":\"accepted\",\"id\":\"a3bea89f-74fe-4cb3-b058-65d581e35288\",\"t\":1791225128925}","source":"console","time":"2026-10-05T18:32:08Z"}
{"level":"info","msg":"{\"ev\":\"accepted\",\"id\":\"fd6e7e90-2dd4-4de4-b15f-f4c395ac7498\",\"t\":1791225129840}","source":"console","time":"2026-10-05T18:32:09Z"}
{"level":"info","msg":"{\"ev\":\"accepted\",\"id\":\"2d339117-b46d-4147-9823-b9daba22397d\",\"t\":1791225130739}","source":"console","time":"2026-10-05T18:32:10Z"}
{"level":"info","msg":"{\"ev\":\"accepted\",\"id\":\"9983e3c9-bda0-42f5-a039-b8c0f1f8ec96\",\"t\":1791225131649}","source":"console","time":"2026-10-05T18:32:11Z"}
{"level":"info","msg":"{\"ev\":\"accepted\",\"id\":\"3696d746-ff60-4526-bb86-77da0452f6c9\",\"t\":1791225132568}","source":"console","time":"2026-10-05T18:32:12Z"}
{"level":"info","msg":"{\"ev\":\"accepted\",\"id\":\"cb28295b-5f62-4776-92db-4851f09b4719\",\"t\":1791225133470}","source":"console","time":"2026-10-05T18:32:13Z"}
{"level":"info","msg":"{\"ev\":\"accepted\",\"id\":\"483fd3b7-42f5-4382-9ceb-c9a2e8264874\",\"t\":1791225134379}","source":"console","time":"2026-10-05T18:32:14Z"}
{"level":"info","msg":"{\"ev\":\"accepted\",\"id\":\"415b5041-0d93-476a-ace0-4258002ec376\",\"t\":1791225135293}","source":"console","time":"2026-10-05T18:32:15Z"}
{"level":"info","msg":"{\"ev\":\"accepted\",\"id\":\"a7035fa1-53e5-4bae-ae89-d339809c9b43\",\"t\":1791225136201}","source":"console","time":"2026-10-05T18:32:16Z"}
{"level":"info","msg":"{\"ev\":\"accepted\",\"id\":\"cc590378-bef7-4d52-89cd-1cf076567cf9\",\"t\":1791225137111}","source":"console","time":"2026-10-05T18:32:17Z"}
{"level":"info","msg":"{\"ev\":\"accepted\",\"id\":\"72af9b7f-69a9-4fc8-bfd9-99291466d3d3\",\"t\":1791225138018}","source":"console","time":"2026-10-05T18:32:18Z"}
{"level":"info","msg":"{\"ev\":\"accepted\",\"id\":\"aaf3f26e-ebe4-479d-8616-522bb10c836f\",\"t\":1791225138916}","source":"console","time":"2026-10-05T18:32:18Z"}
{"level":"info","msg":"{\"ev\":\"accepted\",\"id\":\"bedb6008-9f0f-426a-adf7-ed71c82afa66\",\"t\":1791225139837}","source":"console","time":"2026-10-05T18:32:19Z"}
{"level":"info","msg":"{\"ev\":\"accepted\",\"id\":\"84c27a74-5591-4500-bfa1-30c9a4a81288\",\"t\":1791225140748}","source":"console","time":"2026-10-05T18:32:20Z"}
{"level":"info","msg":"{\"ev\":\"accepted\",\"id\":\"2ba17266-c352-4167-9994-e31cc8d3e41c\",\"t\":1791225141648}","source":"console","time":"2026-10-05T18:32:21Z"}
{"level":"info","msg":"{\"ev\":\"accepted\",\"id\":\"7e327a44-b21b-42e9-8df0-8303e10de1aa\",\"t\":1791225142560}","source":"console","time":"2026-10-05T18:32:22Z"}
{"level":"info","msg":"{\"ev\":\"accepted\",\"id\":\"30f82bcc-613e-42c7-8419-135aba775368\",\"t\":1791225143467}","source":"console","time":"2026-10-05T18:32:23Z"}
{"level":"info","msg":"{\"ev\":\"accepted\",\"id\":\"1002d91d-766a-4e46-b35c-4a79f022b041\",\"t\":1791225144380}","source":"console","time":"2026-10-05T18:32:24Z"}
{"level":"info","msg":"{\"ev\":\"accepted\",\"id\":\"86e9798c-a98b-44de-977b-766def51b5a8\",\"t\":1791225145293}","source":"console","time":"2026-10-05T18:32:25Z"}
{"level":"info","msg":"{\"ev\":\"accepted\",\"id\":\"4c9b6df2-bd47-41b4-9958-0b60d4603727\",\"t\":1791225146201}","source":"console","time":"2026-10-05T18:32:26Z"}
{"level":"info","msg":"{\"ev\":\"accepted\",\"id\":\"926661ad-2385-488a-88bd-1dac0216c7e6\",\"t\":1791225147107}","source":"console","time":"2026-10-05T18:32:27Z"}
{"level":"info","msg":"{\"ev\":\"accepted\",\"id\":\"9c7d7690-3dfc-4694-aa3c-224c8d7cbbb9\",\"t\":1791225148013}","source":"console","time":"2026-10-05T18:32:28Z"}
{"level":"info","msg":"{\"ev\":\"accepted\",\"id\":\"3240dba2-42da-4bc3-a9ba-b1eb71050cd2\",\"t\":1791225148916}","source":"console","time":"2026-10-05T18:32:28Z"}
{"level":"info","msg":"{\"ev\":\"accepted\",\"id\":\"29596251-bf10-4d0a-b590-109d6bde0dae\",\"t\":1791225149829}","source":"console","time":"2026-10-05T18:32:29Z"}
{"level":"info","msg":"{\"ev\":\"accepted\",\"id\":\"0cac291e-8724-45cb-9976-9fe72529ae31\",\"t\":1791225150748}","source":"console","time":"2026-10-05T18:32:30Z"}
{"level":"info","msg":"{\"ev\":\"accepted\",\"id\":\"f23064ad-2bee-4d6c-8bbd-4905e51a86b7\",\"t\":1791225151653}","source":"console","time":"2026-10-05T18:32:31Z"}
{"level":"info","msg":"{\"ev\":\"accepted\",\"id\":\"2efea5df-33a0-4eb0-af79-9c473a613e7e\",\"t\":1791225152564}","source":"console","time":"2026-10-05T18:32:32Z"}
{"level":"info","msg":"{\"ev\":\"accepted\",\"id\":\"aafb71f9-2068-43b8-85bd-b9f2a797532a\",\"t\":1791225153462}","source":"console","time":"2026-10-05T18:32:33Z"}
{"level":"info","msg":"{\"ev\":\"accepted\",\"id\":\"00342db2-55ea-409b-b961-6c3238433f91\",\"t\":1791225154377}","source":"console","time":"2026-10-05T18:32:34Z"}
{"level":"info","msg":"{\"ev\":\"accepted\",\"id\":\"670a54fe-51ea-414f-8135-5ffdc75c5225\",\"t\":1791225155294}","source":"console","time":"2026-10-05T18:32:35Z"}
{"level":"info","msg":"{\"ev\":\"accepted\",\"id\":\"c64aab7d-92b8-4b0a-ba2f-c6ee7306c1b3\",\"t\":1791225156203}","source":"console","time":"2026-10-05T18:32:36Z"}
{"level":"info","msg":"{\"ev\":\"accepted\",\"id\":\"9d447c0e-631a-4a3a-99a3-90051cc9a8dc\",\"t\":1791225157105}","source":"console","time":"2026-10-05T18:32:37Z"}
{"level":"info","msg":"{\"ev\":\"accepted\",\"id\":\"469a014e-9b76-4789-a71b-f6f1450676f1\",\"t\":1791225158016}","source":"console","time":"2026-10-05T18:32:38Z"}
{"level":"info","msg":"{\"ev\":\"accepted\",\"id\":\"f301f3fc-ac0f-46c2-8d42-1ae385dbe11d\",\"t\":1791225158925}","source":"console","time":"2026-10-05T18:32:38Z"}
{"level":"info","msg":"{\"ev\":\"accepted\",\"id\":\"6ae1274c-2233-4677-a097-fd7d91a1ec36\",\"t\":1791225159838}","source":"console","time":"2026-10-05T18:32:39Z"}
{"level":"info","msg":"{\"ev\":\"accepted\",\"id\":\"91eab022-1b0e-4084-8316-0b916d30d080\",\"t\":1791225160739}","source":"console","time":"2026-10-05T18:32:40Z"}
{"level":"info","msg":"{\"ev\":\"accepted\",\"id\":\"f8dacda7-6018-40f0-89ab-22c592e3d1f3\",\"t\":1791225161654}","source":"console","time":"2026-10-05T18:32:41Z"}
{"level":"info","msg":"{\"ev\":\"accepted\",\"id\":\"bcda7359-3eae-416d-bd8c-7c78974756a2\",\"t\":1791225162565}","source":"console","time":"2026-10-05T18:32:42Z"}
{"level":"info","msg":"{\"ev\":\"accepted\",\"id\":\"d8ad4906-589f-42e9-8d45-dcca1c1b2d0a\",\"t\":1791225163470}","source":"console","time":"2026-10-05T18:32:43Z"}
{"level":"info","msg":"{\"ev\":\"accepted\",\"id\":\"c7257671-1c2b-47b2-a2c6-8a7547c4ce0e\",\"t\":1791225164377}","source":"console","time":"2026-10-05T18:32:44Z"}
{"level":"info","msg":"{\"ev\":\"accepted\",\"id\":\"fef177dd-96bf-4eac-adc3-be09a4936204\",\"t\":1791225165283}","source":"console","time":"2026-10-05T18:32:45Z"}
{"level":"info","msg":"{\"ev\":\"accepted\",\"id\":\"75b012de-7e89-4227-b06c-c3e4332e68d6\",\"t\":1791225166193}","source":"console","time":"2026-10-05T18:32:46Z"}
{"level":"info","msg":"{\"ev\":\"accepted\",\"id\":\"d3071447-af99-47ce-ac37-9cb40d2daa9a\",\"t\":1791225167098}","source":"console","time":"2026-10-05T18:32:47Z"}
{"level":"info","msg":"{\"ev\":\"accepted\",\"id\":\"e453ff64-9df5-4404-aaa1-5f63a9bd97c5\",\"t\":1791225168017}","source":"console","time":"2026-10-05T18:32:48Z"}
{"level":"info","msg":"{\"ev\":\"accepted\",\"id\":\"626fec0b-024e-4b97-8fb3-b5c2a04ff3f6\",\"t\":1791225168924}","source":"console","time":"2026-10-05T18:32:48Z"}
{"level":"info","msg":"{\"ev\":\"accepted\",\"id\":\"90199750-2a77-4eb5-a0fc-71b42649e0e1\",\"t\":1791225169838}","source":"console","time":"2026-10-05T18:32:49Z"}
{"level":"info","msg":"{\"ev\":\"accepted\",\"id\":\"930dacc0-1d79-4124-a70d-92c495563d1e\",\"t\":1791225170740}","source":"console","time":"2026-10-05T18:32:50Z"}
{"level":"info","msg":"{\"ev\":\"accepted\",\"id\":\"d96b4c83-aca2-4f00-9bdd-dcbd42fd245f\",\"t\":1791225171654}","source":"console","time":"2026-10-05T18:32:51Z"}
{"level":"info","msg":"{\"ev\":\"accepted\",\"id\":\"e891ab55-8a9f-4ee2-a6fd-cc1c46c35286\",\"t\":1791225172567}","source":"console","time":"2026-10-05T18:32:52Z"}
{"level":"info","msg":"{\"ev\":\"accepted\",\"id\":\"6b6d41f0-fed6-43c4-b865-6090f27f9447\",\"t\":1791225173468}","source":"console","time":"2026-10-05T18:32:53Z"}
{"level":"info","msg":"{\"ev\":\"accepted\",\"id\":\"226e1c0b-7991-4f34-b963-9c513de387c8\",\"t\":1791225174384}","source":"console","time":"2026-10-05T18:32:54Z"}
{"level":"info","msg":"{\"ev\":\"accepted\",\"id\":\"37a037bc-4f78-44af-8370-660aa7ddc9da\",\"t\":1791225175284}","source":"console","time":"2026-10-05T18:32:55Z"}
{"level":"info","msg":"{\"ev\":\"accepted\",\"id\":\"27a5169f-bdb9-42bc-87ca-25423faf52b0\",\"t\":1791225176200}","source":"console","time":"2026-10-05T18:32:56Z"}
{"level":"info","msg":"{\"ev\":\"accepted\",\"id\":\"f5bdb8b2-1553-44ab-ad84-89d9427b8892\",\"t\":1791225177100}","source":"console","time":"2026-10-05T18:32:57Z"}
{"level":"info","msg":"{\"ev\":\"accepted\",\"id\":\"b2bda63c-f447-4f44-819d-a4af7f38807a\",\"t\":1791225178016}","source":"console","time":"2026-10-05T18:32:58Z"}
{"level":"info","msg":"{\"ev\":\"accepted\",\"id\":\"161b81dc-7811-47e2-9149-362b39602798\",\"t\":1791225178926}","source":"console","time":"2026-10-05T18:32:58Z"}
{"level":"info","msg":"{\"ev\":\"accepted\",\"id\":\"56bc467b-2d87-4d9f-9eb9-220d4e158d1d\",\"t\":1791225179838}","source":"console","time":"2026-10-05T18:32:59Z"}
{"level":"info","msg":"{\"ev\":\"accepted\",\"id\":\"73e13325-faea-4433-81e5-c2a6c418c3e8\",\"t\":1791225180747}","source":"console","time":"2026-10-05T18:33:00Z"}
{"level":"info","msg":"{\"ev\":\"accepted\",\"id\":\"ad40c9a8-234a-4ef0-a912-2eaebd52e642\",\"t\":1791225181657}","source":"console","time":"2026-10-05T18:33:01Z"}
{"level":"info","msg":"{\"ev\":\"accepted\",\"id\":\"12e938eb-d589-4271-b1e4-624a8b4dd6bf\",\"t\":1791225182556}","source":"console","time":"2026-10-05T18:33:02Z"}
{"level":"info","msg":"{\"ev\":\"accepted\",\"id\":\"c1651356-7a59-4fc9-98a3-c376dcf28695\",\"t\":1791225183467}","source":"console","time":"2026-10-05T18:33:03Z"}
{"level":"info","msg":"{\"ev\":\"accepted\",\"id\":\"8c693821-cd86-4383-aae1-bae6b4522177\",\"t\":1791225184379}","source":"console","time":"2026-10-05T18:33:04Z"}
{"level":"info","msg":"{\"ev\":\"accepted\",\"id\":\"c21df458-ae0b-490c-a96b-6c48e21805f3\",\"t\":1791225185293}","source":"console","time":"2026-10-05T18:33:05Z"}
{"level":"info","msg":"{\"ev\":\"accepted\",\"id\":\"81a10200-2672-4d37-82a7-fd833254ce33\",\"t\":1791225186197}","source":"console","time":"2026-10-05T18:33:06Z"}
{"level":"info","msg":"{\"ev\":\"accepted\",\"id\":\"767e3708-858e-4be2-9e8f-8f4389e47d14\",\"t\":1791225187099}","source":"console","time":"2026-10-05T18:33:07Z"}
{"level":"info","msg":"{\"ev\":\"accepted\",\"id\":\"b1966a9d-aff9-48d2-bdb1-1bcb7cc9d7e7\",\"t\":1791225188011}","source":"console","time":"2026-10-05T18:33:08Z"}
{"level":"info","msg":"{\"ev\":\"accepted\",\"id\":\"d5424406-f6a4-48fa-b5d2-9661e8dcba63\",\"t\":1791225188921}","source":"console","time":"2026-10-05T18:33:08Z"}
{"level":"info","msg":"{\"ev\":\"accepted\",\"id\":\"b268b1c5-a3cb-45c1-b92e-23371a1f56ce\",\"t\":1791225189836}","source":"console","time":"2026-10-05T18:33:09Z"}
{"level":"info","msg":"{\"ev\":\"accepted\",\"id\":\"d239ede7-3b71-426f-a6dc-00c7bc547500\",\"t\":1791225190746}","source":"console","time":"2026-10-05T18:33:10Z"}
{"level":"info","msg":"{\"ev\":\"accepted\",\"id\":\"6ac4e9c8-8fc4-41a9-859d-a2d750f76c6b\",\"t\":1791225191656}","source":"console","time":"2026-10-05T18:33:11Z"}
{"level":"info","msg":"{\"ev\":\"accepted\",\"id\":\"42662c45-d35f-407f-ba02-6f758766e771\",\"t\":1791225192557}","source":"console","time":"2026-10-05T18:33:12Z"}
{"level":"info","msg":"{\"ev\":\"accepted\",\"id\":\"d5be5477-e208-4b56-84b7-592ba32be538\",\"t\":1791225193468}","source":"console","time":"2026-10-05T18:33:13Z"}
{"level":"info","msg":"{\"ev\":\"accepted\",\"id\":\"4188c12e-22c3-4951-8e61-ee636a4deab5\",\"t\":1791225194375}","source":"console","time":"2026-10-05T18:33:14Z"}
{"level":"info","msg":"{\"ev\":\"accepted\",\"id\":\"d758fcd6-30aa-4774-95d5-058063973cb2\",\"t\":1791225195294}","source":"console","time":"2026-10-05T18:33:15Z"}
{"level":"info","msg":"{\"ev\":\"accepted\",\"id\":\"064591f0-0006-4b3e-8b23-ce574ac4fdf6\",\"t\":1791225196198}","source":"console","time":"2026-10-05T18:33:16Z"}
{"level":"info","msg":"{\"ev\":\"accepted\",\"id\":\"84a268ab-e4a8-430a-9e7c-2e53c58436b4\",\"t\":1791225197111}","source":"console","time":"2026-10-05T18:33:17Z"}
{"level":"info","msg":"{\"ev\":\"accepted\",\"id\":\"eb2bc23e-f67b-4f1d-8aa6-1143146628e9\",\"t\":1791225198013}","source":"console","time":"2026-10-05T18:33:18Z"}
{"level":"info","msg":"{\"ev\":\"accepted\",\"id\":\"46c40ab4-d5f8-40f1-a938-06d241c5b120\",\"t\":1791225198922}","source":"console","time":"2026-10-05T18:33:18Z"}
{"level":"info","msg":"{\"ev\":\"accepted\",\"id\":\"46f3e356-7d87-4bd9-b3ac-2df7023e8eb7\",\"t\":1791225199836}","source":"console","time":"2026-10-05T18:33:19Z"}
{"level":"info","msg":"{\"ev\":\"accepted\",\"id\":\"38eb00c8-8c6f-4406-a799-6b81f85c0467\",\"t\":1791225200738}","source":"console","time":"2026-10-05T18:33:20Z"}
{"level":"info","msg":"{\"ev\":\"accepted\",\"id\":\"b82a983d-8235-4ff9-9aac-0ebb7ebe0059\",\"t\":1791225201648}","source":"console","time":"2026-10-05T18:33:21Z"}
{"level":"info","msg":"{\"ev\":\"accepted\",\"id\":\"67812df7-7e07-47c2-b398-45e2601292fe\",\"t\":1791225202566}","source":"console","time":"2026-10-05T18:33:22Z"}
{"level":"info","msg":"{\"ev\":\"accepted\",\"id\":\"e9b9e883-1283-4148-81cc-0cea85d4f69b\",\"t\":1791225203465}","source":"console","time":"2026-10-05T18:33:23Z"}
{"level":"info","msg":"{\"ev\":\"accepted\",\"id\":\"09289bf9-3be1-4baa-bbf9-22d774fb5d22\",\"t\":1791225204375}","source":"console","time":"2026-10-05T18:33:24Z"}
{"level":"info","msg":"{\"ev\":\"accepted\",\"id\":\"550785b4-0684-42ba-8353-adddd41a6390\",\"t\":1791225205293}","source":"console","time":"2026-10-05T18:33:25Z"}
{"level":"info","msg":"{\"ev\":\"accepted\",\"id\":\"60d62966-15fb-4260-bdcd-e1cf40947b9c\",\"t\":1791225206199}","source":"console","time":"2026-10-05T18:33:26Z"}
{"level":"info","msg":"{\"ev\":\"accepted\",\"id\":\"ef4661ba-4b3f-4cf1-87bd-8c690bb26647\",\"t\":1791225207110}","source":"console","time":"2026-10-05T18:33:27Z"}
{"level":"info","msg":"{\"ev\":\"accepted\",\"id\":\"21fb4272-6c00-4d2c-a688-03551add577a\",\"t\":1791225208019}","source":"console","time":"2026-10-05T18:33:28Z"}
{"level":"info","msg":"{\"ev\":\"accepted\",\"id\":\"4a032572-bbad-467b-a151-a3011eea10b2\",\"t\":1791225208917}","source":"console","time":"2026-10-05T18:33:28Z"}
{"level":"info","msg":"{\"ev\":\"accepted\",\"id\":\"20901dea-8e02-4fd1-9086-79755a533220\",\"t\":1791225209826}","source":"console","time":"2026-10-05T18:33:29Z"}
{"level":"info","msg":"{\"ev\":\"accepted\",\"id\":\"7d93c988-8e6a-4a85-9c3b-997ecce8849d\",\"t\":1791225210737}","source":"console","time":"2026-10-05T18:33:30Z"}
{"level":"info","msg":"{\"ev\":\"accepted\",\"id\":\"07030d37-d608-4a68-8c8d-4bcbe5e876b9\",\"t\":1791225211653}","source":"console","time":"2026-10-05T18:33:31Z"}
{"level":"info","msg":"{\"ev\":\"accepted\",\"id\":\"952f8548-6ce9-43a9-81c2-1aff7dc1eef8\",\"t\":1791225212565}","source":"console","time":"2026-10-05T18:33:32Z"}
{"level":"info","msg":"{\"ev\":\"accepted\",\"id\":\"da04b514-53b1-49bb-9214-ae92bba46057\",\"t\":1791225213471}","source":"console","time":"2026-10-05T18:33:33Z"}
{"level":"info","msg":"{\"ev\":\"accepted\",\"id\":\"cd551782-2ac7-4c23-8b89-2eab275a7b29\",\"t\":1791225214376}","source":"console","time":"2026-10-05T18:33:34Z"}
{"level":"info","msg":"{\"ev\":\"accepted\",\"id\":\"92aa7c26-e1a8-429a-8114-ec93d27f1b53\",\"t\":1791225215291}","source":"console","time":"2026-10-05T18:33:35Z"}
{"level":"info","msg":"{\"ev\":\"accepted\",\"id\":\"555a414a-55e5-4f57-98ee-1b4e1da66315\",\"t\":1791225216198}","source":"console","time":"2026-10-05T18:33:36Z"}
{"level":"info","msg":"{\"ev\":\"accepted\",\"id\":\"0b7cafb3-08a5-4a0c-ae96-3f032cc8c489\",\"t\":1791225217108}","source":"console","time":"2026-10-05T18:33:37Z"}
{"level":"info","msg":"{\"ev\":\"accepted\",\"id\":\"1a890431-90f4-4c2b-bd2a-834f7014cb43\",\"t\":1791225218020}","source":"console","time":"2026-10-05T18:33:38Z"}
{"level":"info","msg":"{\"ev\":\"accepted\",\"id\":\"9004f2d7-391c-426e-bb4d-051808c053f2\",\"t\":1791225218925}","source":"console","time":"2026-10-05T18:33:38Z"}
{"level":"info","msg":"{\"ev\":\"accepted\",\"id\":\"4ec4d543-933a-43b9-abdc-84cb644d85a4\",\"t\":1791225219830}","source":"console","time":"2026-10-05T18:33:39Z"}
{"level":"info","msg":"{\"ev\":\"accepted\",\"id\":\"4ffe2baf-f701-46e3-9422-3904e7c69696\",\"t\":1791225220739}","source":"console","time":"2026-10-05T18:33:40Z"}
{"level":"info","msg":"{\"ev\":\"accepted\",\"id\":\"b037db27-e45e-459c-83ed-e53694dfe066\",\"t\":1791225221654}","source":"console","time":"2026-10-05T18:33:41Z"}
{"level":"info","msg":"{\"ev\":\"accepted\",\"id\":\"fac98cbe-2f51-401f-8b57-ffcfbdaa616d\",\"t\":1791225222566}","source":"console","time":"2026-10-05T18:33:42Z"}
{"level":"info","msg":"{\"ev\":\"accepted\",\"id\":\"54e6d7ad-7f62-4bc1-9c6b-fcbc2535dc0d\",\"t\":1791225223471}","source":"console","time":"2026-10-05T18:33:43Z"}
{"level":"info","msg":"{\"ev\":\"accepted\",\"id\":\"6cb24805-e312-48ac-8eab-1e3344ca6048\",\"t\":1791225224380}","source":"console","time":"2026-10-05T18:33:44Z"}
{"level":"info","msg":"{\"ev\":\"accepted\",\"id\":\"24d95b2e-64fd-4570-9951-2f4d875634bd\",\"t\":1791225225286}","source":"console","time":"2026-10-05T18:33:45Z"}
{"level":"info","msg":"{\"ev\":\"accepted\",\"id\":\"ff7b4b47-70fb-4a4b-9fbb-b536409298eb\",\"t\":1791225226197}","source":"console","time":"2026-10-05T18:33:46Z"}
{"level":"info","msg":"{\"ev\":\"accepted\",\"id\":\"5a19a7f9-bb7b-48bf-99ff-8a02e22963a5\",\"t\":1791225227111}","source":"console","time":"2026-10-05T18:33:47Z"}
{"level":"info","msg":"{\"ev\":\"accepted\",\"id\":\"ca86610f-28f0-4f77-b53c-83761de58ad8\",\"t\":1791225228018}","source":"console","time":"2026-10-05T18:33:48Z"}
{"level":"info","msg":"{\"ev\":\"accepted\",\"id\":\"38a42315-0de7-41fd-8a08-17c3791fd095\",\"t\":1791225228925}","source":"console","time":"2026-10-05T18:33:48Z"}
{"level":"info","msg":"{\"ev\":\"accepted\",\"id\":\"d921c939-1dab-493e-bd66-190960dc6ba9\",\"t\":1791225229835}","source":"console","time":"2026-10-05T18:33:49Z"}
{"level":"info","msg":"{\"ev\":\"accepted\",\"id\":\"9e20f5b0-1a7d-44d0-b16f-d6be052ff30f\",\"t\":1791225230743}","source":"console","time":"2026-10-05T18:33:50Z"}
{"level":"info","msg":"{\"ev\":\"accepted\",\"id\":\"b7e44193-8d3d-4293-854d-b55c705ab832\",\"t\":1791225231649}","source":"console","time":"2026-10-05T18:33:51Z"}
{"level":"info","msg":"{\"ev\":\"accepted\",\"id\":\"ea49017d-1ef6-41e8-9b14-19c409b8be0e\",\"t\":1791225232558}","source":"console","time":"2026-10-05T18:33:52Z"}
{"level":"info","msg":"{\"ev\":\"accepted\",\"id\":\"367b7d06-b3e1-40da-bce4-145220c0f5c2\",\"t\":1791225233471}","source":"console","time":"2026-10-05T18:33:53Z"}
{"level":"info","msg":"{\"ev\":\"accepted\",\"id\":\"0cc490c4-d429-4dde-8262-9f735d51281f\",\"t\":1791225234377}","source":"console","time":"2026-10-05T18:33:54Z"}
{"level":"info","msg":"{\"ev\":\"accepted\",\"id\":\"b01f9753-fef1-4718-8e39-6443c9e05fec\",\"t\":1791225235283}","source":"console","time":"2026-10-05T18:33:55Z"}
{"level":"info","msg":"{\"ev\":\"accepted\",\"id\":\"a1fba5c2-01c1-4b01-b6e2-c318776c9e0f\",\"t\":1791225236203}","source":"console","time":"2026-10-05T18:33:56Z"}
{"level":"info","msg":"{\"ev\":\"accepted\",\"id\":\"ea8e02f2-1bb9-4e5a-a3f9-91c84f9d4f54\",\"t\":1791225237102}","source":"console","time":"2026-10-05T18:33:57Z"}
{"level":"info","msg":"{\"ev\":\"accepted\",\"id\":\"bf858ee9-0486-4feb-8fa8-4b04da37ab1e\",\"t\":1791225238022}","source":"console","time":"2026-10-05T18:33:58Z"}
{"level":"info","msg":"{\"ev\":\"accepted\",\"id\":\"913724d8-1def-4aa6-b072-6455d2e9e99c\",\"t\":1791225238921}","source":"console","time":"2026-10-05T18:33:58Z"}
{"level":"info","msg":"{\"ev\":\"accepted\",\"id\":\"c158a939-c5f9-4bf5-abc8-72ef9faf0aa3\",\"t\":1791225239837}","source":"console","time":"2026-10-05T18:33:59Z"}
{"level":"info","msg":"{\"ev\":\"accepted\",\"id\":\"51ab7f81-e111-4df0-8d32-156f3ba0dc04\",\"t\":1791225240742}","source":"console","time":"2026-10-05T18:34:00Z"}
{"level":"info","msg":"{\"ev\":\"accepted\",\"id\":\"acbfaca2-c454-4824-a882-67a1b415ec42\",\"t\":1791225241657}","source":"console","time":"2026-10-05T18:34:01Z"}
{"level":"info","msg":"{\"ev\":\"accepted\",\"id\":\"10d4d994-1600-4455-bc28-ecb79db36d07\",\"t\":1791225242558}","source":"console","time":"2026-10-05T18:34:02Z"}
{"level":"info","msg":"{\"ev\":\"accepted\",\"id\":\"2f3ddc4d-ba89-46e9-95b9-046ca9eef5b4\",\"t\":1791225243472}","source":"console","time":"2026-10-05T18:34:03Z"}
{"level":"info","msg":"{\"ev\":\"accepted\",\"id\":\"c7a0d9ef-a207-4ed3-a7a5-e507e5d86039\",\"t\":1791225244379}","source":"console","time":"2026-10-05T18:34:04Z"}
{"level":"info","msg":"{\"ev\":\"accepted\",\"id\":\"6a20263c-f4f5-49e5-bd1b-791e12e497de\",\"t\":1791225245294}","source":"console","time":"2026-10-05T18:34:05Z"}
{"level":"info","msg":"{\"ev\":\"accepted\",\"id\":\"c6f54a1f-0638-417d-a83c-b5d1c46a5bb3\",\"t\":1791225246200}","source":"console","time":"2026-10-05T18:34:06Z"}
{"level":"info","msg":"{\"ev\":\"accepted\",\"id\":\"d6e0e0a0-7c4b-4c2a-9f89-2cbbb011bf47\",\"t\":1791225247111}","source":"console","time":"2026-10-05T18:34:07Z"}
{"level":"info","msg":"{\"ev\":\"accepted\",\"id\":\"59f49cbe-d557-4dbb-ab7b-e3aa5f8a8c46\",\"t\":1791225248011}","source":"console","time":"2026-10-05T18:34:08Z"}
{"level":"info","msg":"{\"ev\":\"accepted\",\"id\":\"0a94754f-f70d-4ad1-98a8-b7db950ed073\",\"t\":1791225248923}","source":"console","time":"2026-10-05T18:34:08Z"}
{"level":"info","msg":"{\"ev\":\"accepted\",\"id\":\"b7722e2b-5a3d-40d8-8700-9edba53afc4a\",\"t\":1791225249829}","source":"console","time":"2026-10-05T18:34:09Z"}
{"level":"info","msg":"{\"ev\":\"accepted\",\"id\":\"2abae03d-7636-4090-b62a-330dfa156d01\",\"t\":1791225250746}","source":"console","time":"2026-10-05T18:34:10Z"}
{"level":"info","msg":"{\"ev\":\"accepted\",\"id\":\"6ebe918f-fcac-4638-88bd-0322d70f15c9\",\"t\":1791225251657}","source":"console","time":"2026-10-05T18:34:11Z"}
{"level":"info","msg":"{\"ev\":\"accepted\",\"id\":\"cc58b3cd-c500-4484-af8c-7c548d3b089a\",\"t\":1791225252565}","source":"console","time":"2026-10-05T18:34:12Z"}
{"level":"info","msg":"{\"ev\":\"accepted\",\"id\":\"014ed2e9-de6a-4a71-8c56-f96348f00076\",\"t\":1791225253462}","source":"console","time":"2026-10-05T18:34:13Z"}
{"level":"info","msg":"{\"ev\":\"accepted\",\"id\":\"6d89f5b9-a712-4c0d-a35c-8c616ff265b0\",\"t\":1791225254376}","source":"console","time":"2026-10-05T18:34:14Z"}
{"level":"info","msg":"{\"ev\":\"accepted\",\"id\":\"c8c2bbf1-d76f-4205-9022-8809dc031367\",\"t\":1791225255290}","source":"console","time":"2026-10-05T18:34:15Z"}
{"level":"info","msg":"{\"ev\":\"accepted\",\"id\":\"1e80c457-22f5-4756-bd1f-67cb9e0aab40\",\"t\":1791225256202}","source":"console","time":"2026-10-05T18:34:16Z"}
{"level":"info","msg":"{\"ev\":\"accepted\",\"id\":\"58ce503e-9a06-42eb-b71b-68325bae994e\",\"t\":1791225257108}","source":"console","time":"2026-10-05T18:34:17Z"}
{"level":"info","msg":"{\"ev\":\"accepted\",\"id\":\"2fcdf285-c4e5-4360-8a87-064b737a5d4a\",\"t\":1791225258012}","source":"console","time":"2026-10-05T18:34:18Z"}
{"level":"info","msg":"{\"ev\":\"accepted\",\"id\":\"9dcc9188-aca4-4e2a-9f9c-16fe6f722bf0\",\"t\":1791225258917}","source":"console","time":"2026-10-05T18:34:18Z"}
{"level":"info","msg":"{\"ev\":\"accepted\",\"id\":\"8376aafd-0d0a-48c5-b55d-34721e66c9a8\",\"t\":1791225259836}","source":"console","time":"2026-10-05T18:34:19Z"}
{"level":"info","msg":"{\"ev\":\"accepted\",\"id\":\"6dbde7f2-1cf1-41f2-a105-7933d801720a\",\"t\":1791225260746}","source":"console","time":"2026-10-05T18:34:20Z"}
{"level":"info","msg":"{\"ev\":\"accepted\",\"id\":\"f26691ba-5c6f-49e6-8c35-433c5f748f67\",\"t\":1791225261656}","source":"console","time":"2026-10-05T18:34:21Z"}
{"level":"info","msg":"{\"ev\":\"accepted\",\"id\":\"632b508f-2f72-4c15-9d0b-ea3f3d0540e2\",\"t\":1791225262566}","source":"console","time":"2026-10-05T18:34:22Z"}
{"level":"info","msg":"{\"ev\":\"accepted\",\"id\":\"509ea787-9c67-454c-95a5-1f8b5056d015\",\"t\":1791225263463}","source":"console","time":"2026-10-05T18:34:23Z"}
{"level":"info","msg":"{\"ev\":\"accepted\",\"id\":\"f0714bb0-d524-4c5b-adc7-0352fa941548\",\"t\":1791225264376}","source":"console","time":"2026-10-05T18:34:24Z"}
{"level":"info","msg":"{\"ev\":\"accepted\",\"id\":\"38e52dcb-8faf-41d8-8954-5587ed9490ce\",\"t\":1791225265294}","source":"console","time":"2026-10-05T18:34:25Z"}
{"level":"info","msg":"{\"ev\":\"accepted\",\"id\":\"643cc6a6-32c5-4b5d-b02d-26c08589d08a\",\"t\":1791225266194}","source":"console","time":"2026-10-05T18:34:26Z"}
{"level":"info","msg":"{\"ev\":\"accepted\",\"id\":\"ec740959-201b-4f8f-b411-6bf4f722c4b2\",\"t\":1791225267108}","source":"console","time":"2026-10-05T18:34:27Z"}
{"level":"info","msg":"{\"ev\":\"accepted\",\"id\":\"f668036d-9c05-4c53-9fa3-af6c1dbdf612\",\"t\":1791225268007}","source":"console","time":"2026-10-05T18:34:28Z"}
{"level":"info","msg":"{\"ev\":\"accepted\",\"id\":\"3d3cfc8a-4acc-4f1e-9dad-aff058e0394d\",\"t\":1791225268924}","source":"console","time":"2026-10-05T18:34:28Z"}
{"level":"info","msg":"{\"ev\":\"accepted\",\"id\":\"5ccc635e-18af-4068-975a-8a2063c470d4\",\"t\":1791225269838}","source":"console","time":"2026-10-05T18:34:29Z"}
{"level":"info","msg":"{\"ev\":\"accepted\",\"id\":\"bf0d0b33-96af-44fc-add4-b8e1c8b233c4\",\"t\":1791225270742}","source":"console","time":"2026-10-05T18:34:30Z"}
{"level":"info","msg":"{\"ev\":\"accepted\",\"id\":\"3ff4cfd1-b3af-4035-9034-1e2698665a09\",\"t\":1791225271656}","source":"console","time":"2026-10-05T18:34:31Z"}
{"level":"info","msg":"{\"ev\":\"accepted\",\"id\":\"63cbf86e-e176-45a5-8268-de541aa572da\",\"t\":1791225272565}","source":"console","time":"2026-10-05T18:34:32Z"}
{"level":"info","msg":"{\"ev\":\"accepted\",\"id\":\"261554fd-24d8-4560-875d-4af3608e8cbd\",\"t\":1791225273470}","source":"console","time":"2026-10-05T18:34:33Z"}
{"level":"info","msg":"{\"ev\":\"accepted\",\"id\":\"a0ae649d-3560-4812-ae74-128cffa66f38\",\"t\":1791225274374}","source":"console","time":"2026-10-05T18:34:34Z"}
{"level":"info","msg":"{\"ev\":\"accepted\",\"id\":\"053aff62-bc2b-436e-af64-d7159fa0f4a2\",\"t\":1791225275282}","source":"console","time":"2026-10-05T18:34:35Z"}
{"level":"info","msg":"{\"ev\":\"accepted\",\"id\":\"f64acf0c-5098-49db-8e8e-a2e0e640cc14\",\"t\":1791225276189}","source":"console","time":"2026-10-05T18:34:36Z"}
{"level":"info","msg":"{\"ev\":\"accepted\",\"id\":\"d92093ee-d9ae-44a1-aa1d-9a538d6f6704\",\"t\":1791225277110}","source":"console","time":"2026-10-05T18:34:37Z"}
{"level":"info","msg":"{\"ev\":\"accepted\",\"id\":\"f1f6d58b-8328-4efa-b69e-3883d1e27dad\",\"t\":1791225278007}","source":"console","time":"2026-10-05T18:34:38Z"}
{"level":"info","msg":"{\"ev\":\"accepted\",\"id\":\"844eccca-62ff-4d70-acf2-04447356ab8b\",\"t\":1791225278923}","source":"console","time":"2026-10-05T18:34:38Z"}
{"level":"info","msg":"{\"ev\":\"accepted\",\"id\":\"fc0a1724-6a71-46d9-bfef-1381de78f349\",\"t\":1791225279832}","source":"console","time":"2026-10-05T18:34:39Z"}
{"level":"info","msg":"{\"ev\":\"accepted\",\"id\":\"48517671-0015-45e4-9cbb-11ae240311fd\",\"t\":1791225280748}","source":"console","time":"2026-10-05T18:34:40Z"}
{"level":"info","msg":"{\"ev\":\"accepted\",\"id\":\"a87ba8b5-beec-4e8a-8a42-aa719dfaa09f\",\"t\":1791225281651}","source":"console","time":"2026-10-05T18:34:41Z"}
{"level":"info","msg":"{\"ev\":\"accepted\",\"id\":\"bdc1d245-9f91-4c4b-9151-ae7e86b549a9\",\"t\":1791225282566}","source":"console","time":"2026-10-05T18:34:42Z"}
{"level":"info","msg":"{\"ev\":\"accepted\",\"id\":\"67bb457b-c9a9-4d43-a5bd-dc223f6a85cf\",\"t\":1791225283470}","source":"console","time":"2026-10-05T18:34:43Z"}
{"level":"info","msg":"{\"ev\":\"accepted\",\"id\":\"8f76198b-03dd-4f6c-99bf-a1e1533e0828\",\"t\":1791225284380}","source":"console","time":"2026-10-05T18:34:44Z"}
{"level":"info","msg":"{\"ev\":\"accepted\",\"id\":\"6c744b68-8232-4731-b8fe-e6f7c5395ae8\",\"t\":1791225285292}","source":"console","time":"2026-10-05T18:34:45Z"}
{"level":"info","msg":"{\"ev\":\"accepted\",\"id\":\"6291e8aa-b444-49c9-8bb9-89afda3a0b4f\",\"t\":1791225286201}","source":"console","time":"2026-10-05T18:34:46Z"}
{"level":"info","msg":"{\"ev\":\"accepted\",\"id\":\"ae373132-946e-4308-927c-bcfad2f550a8\",\"t\":1791225287100}","source":"console","time":"2026-10-05T18:34:47Z"}
{"level":"info","msg":"{\"ev\":\"accepted\",\"id\":\"35fc6fa6-94df-4433-92c2-e09b07a659c8\",\"t\":1791225288014}","source":"console","time":"2026-10-05T18:34:48Z"}
{"level":"info","msg":"{\"ev\":\"accepted\",\"id\":\"90c7ea95-4302-4cd9-976d-f1abee50cebe\",\"t\":1791225288925}","source":"console","time":"2026-10-05T18:34:48Z"}
{"level":"info","msg":"{\"ev\":\"accepted\",\"id\":\"927f5ba4-8636-4b66-8f85-9a2bb9c2e808\",\"t\":1791225289839}","source":"console","time":"2026-10-05T18:34:49Z"}
{"level":"info","msg":"{\"ev\":\"accepted\",\"id\":\"ac59c396-e979-4c48-989e-9ed41ebdc965\",\"t\":1791225290747}","source":"console","time":"2026-10-05T18:34:50Z"}
{"level":"info","msg":"{\"ev\":\"accepted\",\"id\":\"e55c50c1-f2f2-4da2-b29e-2af1a6f9374d\",\"t\":1791225291657}","source":"console","time":"2026-10-05T18:34:51Z"}
{"level":"info","msg":"{\"ev\":\"accepted\",\"id\":\"a50043ad-b738-4d06-99cd-af6daf50c219\",\"t\":1791225292565}","source":"console","time":"2026-10-05T18:34:52Z"}
{"level":"info","msg":"{\"ev\":\"accepted\",\"id\":\"c54ca92e-a041-4029-b491-da0bdd564d97\",\"t\":1791225293467}","source":"console","time":"2026-10-05T18:34:53Z"}
{"level":"info","msg":"{\"ev\":\"accepted\",\"id\":\"f375abf1-25bc-445c-a346-c1a725656be9\",\"t\":1791225294383}","source":"console","time":"2026-10-05T18:34:54Z"}
{"level":"info","msg":"{\"ev\":\"accepted\",\"id\":\"fc16ed5c-7f53-4884-acaa-a27a278d8ff2\",\"t\":1791225295283}","source":"console","time":"2026-10-05T18:34:55Z"}
{"level":"info","msg":"{\"ev\":\"accepted\",\"id\":\"95197756-600e-4c31-928a-db1e87a3ad51\",\"t\":1791225296202}","source":"console","time":"2026-10-05T18:34:56Z"}
{"level":"info","msg":"{\"ev\":\"accepted\",\"id\":\"323a4b6e-da56-457d-8ae3-4f79147db0a2\",\"t\":1791225297104}","source":"console","time":"2026-10-05T18:34:57Z"}
{"level":"info","msg":"{\"ev\":\"accepted\",\"id\":\"78b02f4b-6cd2-4431-bf84-d234bb814c9b\",\"t\":1791225298008}","source":"console","time":"2026-10-05T18:34:58Z"}
{"level":"info","msg":"{\"ev\":\"accepted\",\"id\":\"0f2c3caa-6103-4642-8094-a5b376d38f3b\",\"t\":1791225298922}","source":"console","time":"2026-10-05T18:34:58Z"}
{"level":"info","msg":"{\"ev\":\"accepted\",\"id\":\"903f1fc5-1141-4656-a3ed-26c792dd136d\",\"t\":1791225299831}","source":"console","time":"2026-10-05T18:34:59Z"}
{"level":"info","msg":"{\"ev\":\"accepted\",\"id\":\"e2937434-fe61-4421-a803-6d305e171db3\",\"t\":1791225300743}","source":"console","time":"2026-10-05T18:35:00Z"}
{"level":"info","msg":"{\"ev\":\"accepted\",\"id\":\"45a04b6e-4375-4365-8fc7-4a17699e3667\",\"t\":1791225301647}","source":"console","time":"2026-10-05T18:35:01Z"}
{"level":"info","msg":"{\"ev\":\"accepted\",\"id\":\"4fad515b-54de-4585-bce4-b78a4954ccbe\",\"t\":1791225302565}","source":"console","time":"2026-10-05T18:35:02Z"}
{"level":"info","msg":"{\"ev\":\"accepted\",\"id\":\"f2bd13c5-b84b-492a-af86-4f16233dead4\",\"t\":1791225303470}","source":"console","time":"2026-10-05T18:35:03Z"}
{"level":"info","msg":"{\"ev\":\"accepted\",\"id\":\"f64856d4-1585-4de1-9e2f-ef361e8fc0f9\",\"t\":1791225304383}","source":"console","time":"2026-10-05T18:35:04Z"}
{"level":"info","msg":"{\"ev\":\"accepted\",\"id\":\"4c10adb3-35b9-453e-b300-ee96c5c3ba42\",\"t\":1791225305293}","source":"console","time":"2026-10-05T18:35:05Z"}
{"level":"info","msg":"{\"ev\":\"accepted\",\"id\":\"c81cbca3-9803-405f-b437-cba0952f3435\",\"t\":1791225306202}","source":"console","time":"2026-10-05T18:35:06Z"}
{"level":"info","msg":"{\"ev\":\"accepted\",\"id\":\"67671121-5054-4673-9d12-bd6ed7c6ff02\",\"t\":1791225307103}","source":"console","time":"2026-10-05T18:35:07Z"}
{"level":"info","msg":"{\"ev\":\"accepted\",\"id\":\"6c117ed6-260f-4e1b-8783-43ea2cb4c518\",\"t\":1791225308014}","source":"console","time":"2026-10-05T18:35:08Z"}
{"level":"info","msg":"{\"ev\":\"accepted\",\"id\":\"4573177e-0329-4eec-bac2-4c063112d494\",\"t\":1791225308929}","source":"console","time":"2026-10-05T18:35:08Z"}
{"level":"info","msg":"{\"ev\":\"accepted\",\"id\":\"5e308217-f2a1-4ede-9f2a-8aa1b4b2de5b\",\"t\":1791225309831}","source":"console","time":"2026-10-05T18:35:09Z"}
{"level":"info","msg":"{\"ev\":\"accepted\",\"id\":\"67188579-d450-4a82-bc43-4be6a086433f\",\"t\":1791225310748}","source":"console","time":"2026-10-05T18:35:10Z"}
{"level":"info","msg":"{\"ev\":\"accepted\",\"id\":\"e0c63ddf-4c54-4d0e-a258-76d23242cc00\",\"t\":1791225311650}","source":"console","time":"2026-10-05T18:35:11Z"}
{"level":"info","msg":"{\"ev\":\"accepted\",\"id\":\"0ce232a3-89f8-49b6-a2c8-ecc4d07744bb\",\"t\":1791225312564}","source":"console","time":"2026-10-05T18:35:12Z"}
{"level":"info","msg":"{\"ev\":\"accepted\",\"id\":\"2f41d4c3-05cf-4855-a403-ac176b3eac67\",\"t\":1791225313464}","source":"console","time":"2026-10-05T18:35:13Z"}
{"level":"info","msg":"{\"ev\":\"accepted\",\"id\":\"b7d16913-d548-4567-8208-8174a3f7880d\",\"t\":1791225314384}","source":"console","time":"2026-10-05T18:35:14Z"}
{"level":"info","msg":"{\"ev\":\"accepted\",\"id\":\"4f104589-d3d5-4d2a-ba74-a20a4f1c8255\",\"t\":1791225315289}","source":"console","time":"2026-10-05T18:35:15Z"}
{"level":"info","msg":"{\"ev\":\"accepted\",\"id\":\"c34d5e0e-ac48-4619-ad2f-83e9ca626ba4\",\"t\":1791225316201}","source":"console","time":"2026-10-05T18:35:16Z"}
{"level":"info","msg":"{\"ev\":\"accepted\",\"id\":\"426f31e3-fa38-44b8-bb76-fc78259e8072\",\"t\":1791225317102}","source":"console","time":"2026-10-05T18:35:17Z"}
{"level":"info","msg":"{\"ev\":\"accepted\",\"id\":\"cfec1565-5d33-4ed4-92aa-60ff83d736df\",\"t\":1791225318017}","source":"console","time":"2026-10-05T18:35:18Z"}
{"level":"info","msg":"{\"ev\":\"accepted\",\"id\":\"f2e6f1d7-171d-4233-9425-fcd809bac57a\",\"t\":1791225318932}","source":"console","time":"2026-10-05T18:35:18Z"}
{"level":"info","msg":"{\"ev\":\"accepted\",\"id\":\"05d766e2-4d7c-4cdb-9592-c26d3e39116a\",\"t\":1791225319825}","source":"console","time":"2026-10-05T18:35:19Z"}
{"level":"info","msg":"{\"ev\":\"accepted\",\"id\":\"c22004ba-5de1-495d-b328-5c1d59531473\",\"t\":1791225320740}","source":"console","time":"2026-10-05T18:35:20Z"}
{"level":"info","msg":"{\"ev\":\"accepted\",\"id\":\"4046f97c-0f96-457a-b8de-8a2810807222\",\"t\":1791225321649}","source":"console","time":"2026-10-05T18:35:21Z"}
{"level":"info","msg":"{\"ev\":\"accepted\",\"id\":\"ea89cc99-438b-407d-aa01-1e4c61d44b00\",\"t\":1791225322564}","source":"console","time":"2026-10-05T18:35:22Z"}
{"level":"info","msg":"{\"ev\":\"accepted\",\"id\":\"f7d7f504-defb-4b38-b300-a9ee46f21718\",\"t\":1791225323470}","source":"console","time":"2026-10-05T18:35:23Z"}
{"level":"info","msg":"{\"ev\":\"accepted\",\"id\":\"41ed574b-34af-458d-9f54-8f7d4afc48cf\",\"t\":1791225324383}","source":"console","time":"2026-10-05T18:35:24Z"}
{"level":"info","msg":"{\"ev\":\"accepted\",\"id\":\"d6c2e1cb-898b-4caa-adfb-1173503b3131\",\"t\":1791225325292}","source":"console","time":"2026-10-05T18:35:25Z"}
{"level":"info","msg":"{\"ev\":\"accepted\",\"id\":\"7039f850-c4a9-4306-b486-dcf9076bcb8c\",\"t\":1791225326197}","source":"console","time":"2026-10-05T18:35:26Z"}
{"level":"info","msg":"{\"ev\":\"accepted\",\"id\":\"92435cc1-4153-47e4-843c-580202a5548f\",\"t\":1791225327107}","source":"console","time":"2026-10-05T18:35:27Z"}
{"level":"info","msg":"{\"ev\":\"accepted\",\"id\":\"95a3b43b-d2bf-4296-b72a-fc92cbaa180c\",\"t\":1791225328013}","source":"console","time":"2026-10-05T18:35:28Z"}
{"level":"info","msg":"{\"ev\":\"accepted\",\"id\":\"9538dc1c-f92b-4991-b58e-51ab67165051\",\"t\":1791225328919}","source":"console","time":"2026-10-05T18:35:28Z"}
{"level":"info","msg":"{\"ev\":\"accepted\",\"id\":\"fe9bb8d1-fb1a-4f24-9591-c284a0970cca\",\"t\":1791225329837}","source":"console","time":"2026-10-05T18:35:29Z"}
{"level":"info","msg":"{\"ev\":\"accepted\",\"id\":\"a9faece3-eb64-4718-91a0-e1c8b749e9c2\",\"t\":1791225330748}","source":"console","time":"2026-10-05T18:35:30Z"}
{"level":"info","msg":"{\"ev\":\"accepted\",\"id\":\"44b9af11-86c1-40d5-8f29-1bd7b6b36e36\",\"t\":1791225331648}","source":"console","time":"2026-10-05T18:35:31Z"}
{"level":"info","msg":"{\"ev\":\"accepted\",\"id\":\"952d940e-fdae-44fa-9705-ec4f4c8f79f5\",\"t\":1791225332558}","source":"console","time":"2026-10-05T18:35:32Z"}
{"level":"info","msg":"{\"ev\":\"accepted\",\"id\":\"6d757547-2f2b-458d-b3b7-a036c86590a6\",\"t\":1791225333469}","source":"console","time":"2026-10-05T18:35:33Z"}
{"level":"info","msg":"{\"ev\":\"accepted\",\"id\":\"f1a82bff-f54f-48e2-9260-7f0cd8587ae1\",\"t\":1791225334384}","source":"console","time":"2026-10-05T18:35:34Z"}
{"level":"info","msg":"{\"ev\":\"accepted\",\"id\":\"742c4a15-b113-4fd5-9496-6348415a879b\",\"t\":1791225335260}","source":"console","time":"2026-10-05T18:35:35Z"}
{"level":"info","msg":"{\"ev\":\"accepted\",\"id\":\"466a30a5-7b1c-47dd-ba87-09774ae3428b\",\"t\":1791225336093}","source":"console","time":"2026-10-05T18:35:36Z"}
{"level":"info","msg":"{\"ev\":\"accepted\",\"id\":\"8bdabeea-4507-4076-b554-82e7904ab049\",\"t\":1791225336878}","source":"console","time":"2026-10-05T18:35:36Z"}
{"level":"info","msg":"{\"ev\":\"accepted\",\"id\":\"50cbda8b-d18f-4593-8035-5f4adc8c4623\",\"t\":1791225337602}","source":"console","time":"2026-10-05T18:35:37Z"}
{"level":"info","msg":"{\"ev\":\"accepted\",\"id\":\"0681d2bd-b617-4297-a910-aa24e8238364\",\"t\":1791225338299}","source":"console","time":"2026-10-05T18:35:38Z"}
{"level":"info","msg":"{\"ev\":\"accepted\",\"id\":\"315950fe-dc08-4860-89ed-987be43bc2f0\",\"t\":1791225338962}","source":"console","time":"2026-10-05T18:35:38Z"}
{"level":"info","msg":"{\"ev\":\"accepted\",\"id\":\"75007917-ae3b-4afa-b2ea-651c60c65c8c\",\"t\":1791225339605}","source":"console","time":"2026-10-05T18:35:39Z"}
{"level":"info","msg":"{\"ev\":\"accepted\",\"id\":\"28d38ce4-d6dc-4f38-9eb7-9573a872d44a\",\"t\":1791225340227}","source":"console","time":"2026-10-05T18:35:40Z"}
{"level":"info","msg":"{\"ev\":\"accepted\",\"id\":\"7716aae1-6375-4ce3-9388-c9809593b018\",\"t\":1791225340853}","source":"console","time":"2026-10-05T18:35:40Z"}
{"level":"info","msg":"{\"ev\":\"accepted\",\"id\":\"b39d8159-c358-4851-957e-a86a9ba59728\",\"t\":1791225341474}","source":"console","time":"2026-10-05T18:35:41Z"}
{"level":"info","msg":"{\"ev\":\"accepted\",\"id\":\"f5634f89-ffc2-48ad-a765-2bf8b6d776df\",\"t\":1791225342102}","source":"console","time":"2026-10-05T18:35:42Z"}
{"level":"info","msg":"{\"ev\":\"accepted\",\"id\":\"5d1c0f92-e0a7-44f4-9ad2-7c8780a51259\",\"t\":1791225342725}","source":"console","time":"2026-10-05T18:35:42Z"}
{"level":"info","msg":"{\"ev\":\"accepted\",\"id\":\"b594a21d-e32c-4ec3-8d7d-95ec20d3283b\",\"t\":1791225343354}","source":"console","time":"2026-10-05T18:35:43Z"}
{"level":"info","msg":"{\"ev\":\"accepted\",\"id\":\"42f6b81d-0db5-48d4-b23d-8867e3ce33c8\",\"t\":1791225343974}","source":"console","time":"2026-10-05T18:35:43Z"}
{"level":"info","msg":"{\"ev\":\"accepted\",\"id\":\"3159e7ac-bd5a-44d3-a9a2-fb857c298b5b\",\"t\":1791225344598}","source":"console","time":"2026-10-05T18:35:44Z"}
{"level":"info","msg":"{\"ev\":\"accepted\",\"id\":\"1008f838-cf0b-4475-a0a4-9689f08f4aa0\",\"t\":1791225345225}","source":"console","time":"2026-10-05T18:35:45Z"}
{"level":"info","msg":"{\"ev\":\"accepted\",\"id\":\"bcf65465-b6e7-4f99-9215-3ed6ae1af7e1\",\"t\":1791225345859}","source":"console","time":"2026-10-05T18:35:45Z"}
{"level":"info","msg":"{\"ev\":\"accepted\",\"id\":\"350ef622-80b2-41fe-9aab-34ac41fefc2b\",\"t\":1791225346474}","source":"console","time":"2026-10-05T18:35:46Z"}
{"level":"info","msg":"{\"ev\":\"accepted\",\"id\":\"eb12a12e-91c4-49ea-bad6-735365e31a54\",\"t\":1791225347102}","source":"console","time":"2026-10-05T18:35:47Z"}
{"level":"info","msg":"{\"ev\":\"accepted\",\"id\":\"de2e806d-49d4-4c25-8493-aaf126d040a5\",\"t\":1791225347723}","source":"console","time":"2026-10-05T18:35:47Z"}
{"level":"info","msg":"{\"ev\":\"accepted\",\"id\":\"43c1df63-a7a3-4683-92e7-ef3ce8c7e85c\",\"t\":1791225348353}","source":"console","time":"2026-10-05T18:35:48Z"}
{"level":"info","msg":"{\"ev\":\"accepted\",\"id\":\"b40f7e97-57e5-49d3-9040-ba2795ab032d\",\"t\":1791225348973}","source":"console","time":"2026-10-05T18:35:48Z"}
{"level":"info","msg":"{\"ev\":\"accepted\",\"id\":\"bef870c9-4a5f-49b3-aa8e-e63c66e78e6e\",\"t\":1791225349607}","source":"console","time":"2026-10-05T18:35:49Z"}
{"level":"info","msg":"{\"ev\":\"accepted\",\"id\":\"1a00dbdf-01be-478f-8e1a-ff8f8c3e9bb0\",\"t\":1791225350225}","source":"console","time":"2026-10-05T18:35:50Z"}
{"level":"info","msg":"{\"ev\":\"accepted\",\"id\":\"0b9aab3b-1bb0-403b-958e-d4062e3e52f8\",\"t\":1791225350848}","source":"console","time":"2026-10-05T18:35:50Z"}
{"level":"info","msg":"{\"ev\":\"accepted\",\"id\":\"6939d614-de29-4b56-86be-e6d413d4acf9\",\"t\":1791225351473}","source":"console","time":"2026-10-05T18:35:51Z"}
{"level":"info","msg":"{\"ev\":\"accepted\",\"id\":\"cdfeed85-98b0-4a14-a0fd-d6e16bfe12e3\",\"t\":1791225352102}","source":"console","time":"2026-10-05T18:35:52Z"}
{"level":"info","msg":"{\"ev\":\"accepted\",\"id\":\"97eb6272-7d7f-46d7-8168-830f89c60e38\",\"t\":1791225352724}","source":"console","time":"2026-10-05T18:35:52Z"}
{"level":"info","msg":"{\"ev\":\"accepted\",\"id\":\"09fbc662-a091-47d6-8fdb-5f2946fa225a\",\"t\":1791225353355}","source":"console","time":"2026-10-05T18:35:53Z"}
{"level":"info","msg":"{\"ev\":\"accepted\",\"id\":\"7e37ea85-477c-469a-9d72-e43574b58502\",\"t\":1791225353975}","source":"console","time":"2026-10-05T18:35:53Z"}
{"level":"info","msg":"{\"ev\":\"accepted\",\"id\":\"b6c550f5-488c-479b-ba22-0a7a6195128d\",\"t\":1791225354614}","source":"console","time":"2026-10-05T18:35:54Z"}
{"level":"info","msg":"{\"ev\":\"accepted\",\"id\":\"5531bbc7-ead0-409b-b529-27ada703cd1b\",\"t\":1791225355223}","source":"console","time":"2026-10-05T18:35:55Z"}
{"level":"info","msg":"{\"ev\":\"accepted\",\"id\":\"e780711d-1d81-4155-ac78-4c66f11f2b38\",\"t\":1791225355855}","source":"console","time":"2026-10-05T18:35:55Z"}
{"level":"info","msg":"{\"ev\":\"accepted\",\"id\":\"0ef08242-9365-4198-8515-d3fff1b17646\",\"t\":1791225356474}","source":"console","time":"2026-10-05T18:35:56Z"}
{"level":"info","msg":"{\"ev\":\"accepted\",\"id\":\"879bb72e-5549-4599-a69b-e9b77a3e0ce8\",\"t\":1791225357099}","source":"console","time":"2026-10-05T18:35:57Z"}
{"level":"info","msg":"{\"ev\":\"accepted\",\"id\":\"c73cc5f2-81b3-4b86-8913-6f7e97493a83\",\"t\":1791225357723}","source":"console","time":"2026-10-05T18:35:57Z"}
{"level":"info","msg":"{\"ev\":\"accepted\",\"id\":\"67acf183-cd16-4b52-8a62-a28b3fb41157\",\"t\":1791225358353}","source":"console","time":"2026-10-05T18:35:58Z"}
{"level":"info","msg":"{\"ev\":\"accepted\",\"id\":\"e3fdac94-18c3-416f-85a1-62528d6b8a78\",\"t\":1791225358973}","source":"console","time":"2026-10-05T18:35:58Z"}
{"level":"info","msg":"{\"ev\":\"accepted\",\"id\":\"47b1cc6b-790b-41a7-92a2-72d368be6b1d\",\"t\":1791225359599}","source":"console","time":"2026-10-05T18:35:59Z"}
{"level":"info","msg":"{\"ev\":\"accepted\",\"id\":\"7994eeac-53a5-40d8-acfd-52a8cb585d5e\",\"t\":1791225360224}","source":"console","time":"2026-10-05T18:36:00Z"}
{"level":"info","msg":"{\"ev\":\"accepted\",\"id\":\"f6baeb1d-29e1-4d02-bbc5-3688ec4c808a\",\"t\":1791225360848}","source":"console","time":"2026-10-05T18:36:00Z"}
{"level":"info","msg":"{\"ev\":\"accepted\",\"id\":\"f3e57403-5374-4370-baf1-ba4171756bb8\",\"t\":1791225361475}","source":"console","time":"2026-10-05T18:36:01Z"}
{"level":"info","msg":"{\"ev\":\"accepted\",\"id\":\"2f61dbc6-0ff9-482c-b663-cc10ac225afb\",\"t\":1791225362108}","source":"console","time":"2026-10-05T18:36:02Z"}
{"level":"info","msg":"{\"ev\":\"accepted\",\"id\":\"d09a17a5-c2ad-4a81-8181-bcfeb1257410\",\"t\":1791225362729}","source":"console","time":"2026-10-05T18:36:02Z"}
{"level":"info","msg":"{\"ev\":\"accepted\",\"id\":\"11c3572d-667f-4ca8-9922-1e1fa4c63d72\",\"t\":1791225363357}","source":"console","time":"2026-10-05T18:36:03Z"}
{"level":"info","msg":"{\"ev\":\"accepted\",\"id\":\"ff075fe5-a030-4efd-8130-8a1ed06ca7cf\",\"t\":1791225363973}","source":"console","time":"2026-10-05T18:36:03Z"}
{"level":"info","msg":"{\"ev\":\"accepted\",\"id\":\"fa1b6aba-8705-45df-a0d3-8e8d9524f5d6\",\"t\":1791225364602}","source":"console","time":"2026-10-05T18:36:04Z"}
{"level":"info","msg":"{\"ev\":\"accepted\",\"id\":\"981fb219-f4fe-4fac-864f-0d8ccc38a8d5\",\"t\":1791225365228}","source":"console","time":"2026-10-05T18:36:05Z"}
{"level":"info","msg":"{\"ev\":\"accepted\",\"id\":\"cd441f8f-ccb9-41f7-aefd-38064938e56f\",\"t\":1791225365866}","source":"console","time":"2026-10-05T18:36:05Z"}
{"level":"info","msg":"{\"ev\":\"accepted\",\"id\":\"8b61c658-250b-4881-8dc6-47cbdee2202c\",\"t\":1791225366473}","source":"console","time":"2026-10-05T18:36:06Z"}
{"level":"info","msg":"{\"ev\":\"accepted\",\"id\":\"c5c56b8a-b9ec-41c1-bb8f-3ed4033a937d\",\"t\":1791225367100}","source":"console","time":"2026-10-05T18:36:07Z"}
{"level":"info","msg":"{\"ev\":\"accepted\",\"id\":\"7ce507fe-54a9-44bd-b42a-19e581bff439\",\"t\":1791225367723}","source":"console","time":"2026-10-05T18:36:07Z"}
{"level":"info","msg":"{\"ev\":\"accepted\",\"id\":\"ac3d3efd-1133-4045-8de3-1263f4d42622\",\"t\":1791225368348}","source":"console","time":"2026-10-05T18:36:08Z"}
{"level":"info","msg":"{\"ev\":\"accepted\",\"id\":\"4ee89296-d474-43de-99f9-219290c728ab\",\"t\":1791225368974}","source":"console","time":"2026-10-05T18:36:08Z"}
{"level":"info","msg":"{\"ev\":\"accepted\",\"id\":\"8d38242d-91bf-4227-94df-c9287eda6cce\",\"t\":1791225369598}","source":"console","time":"2026-10-05T18:36:09Z"}
{"level":"info","msg":"{\"ev\":\"accepted\",\"id\":\"d91cc303-2682-438c-b3c3-213af7f25143\",\"t\":1791225370224}","source":"console","time":"2026-10-05T18:36:10Z"}
{"level":"info","msg":"{\"ev\":\"accepted\",\"id\":\"7e1cd407-2ac6-4da2-8be2-b69a6355a675\",\"t\":1791225370848}","source":"console","time":"2026-10-05T18:36:10Z"}
{"level":"info","msg":"{\"ev\":\"accepted\",\"id\":\"bae3275f-924b-424f-a947-f577a77e3563\",\"t\":1791225371474}","source":"console","time":"2026-10-05T18:36:11Z"}
{"level":"info","msg":"{\"ev\":\"accepted\",\"id\":\"8694eaa8-ad94-4b0c-ae6e-012191ba41c7\",\"t\":1791225372103}","source":"console","time":"2026-10-05T18:36:12Z"}
{"level":"info","msg":"{\"ev\":\"accepted\",\"id\":\"ce917faa-966f-4346-ba7b-319418dc83a3\",\"t\":1791225372724}","source":"console","time":"2026-10-05T18:36:12Z"}
{"level":"info","msg":"{\"ev\":\"accepted\",\"id\":\"420f2259-088f-44b0-bd16-04549200b58d\",\"t\":1791225373349}","source":"console","time":"2026-10-05T18:36:13Z"}
{"level":"info","msg":"{\"ev\":\"accepted\",\"id\":\"e0590e13-055b-41f0-bc60-dc3d3cb3eb85\",\"t\":1791225373974}","source":"console","time":"2026-10-05T18:36:13Z"}
{"level":"info","msg":"{\"ev\":\"accepted\",\"id\":\"8a16fedb-0248-49f0-8799-b3eb1a9d04b5\",\"t\":1791225374598}","source":"console","time":"2026-10-05T18:36:14Z"}
{"level":"info","msg":"{\"ev\":\"accepted\",\"id\":\"6b2cd021-e465-4e94-85f9-0a696af4792f\",\"t\":1791225375224}","source":"console","time":"2026-10-05T18:36:15Z"}
{"level":"info","msg":"{\"ev\":\"accepted\",\"id\":\"1ef06da2-3692-4d36-a709-e7896e2bdb5a\",\"t\":1791225375853}","source":"console","time":"2026-10-05T18:36:15Z"}
{"level":"info","msg":"{\"ev\":\"accepted\",\"id\":\"57d3c337-cfd3-472b-8142-9cc4f64b9423\",\"t\":1791225376473}","source":"console","time":"2026-10-05T18:36:16Z"}
{"level":"info","msg":"{\"ev\":\"accepted\",\"id\":\"f8bc0446-555b-4b51-a599-0cf8e41a6aaa\",\"t\":1791225377100}","source":"console","time":"2026-10-05T18:36:17Z"}
{"level":"info","msg":"{\"ev\":\"accepted\",\"id\":\"d35f8c58-1d6f-4274-9a26-3c161e4e989b\",\"t\":1791225377726}","source":"console","time":"2026-10-05T18:36:17Z"}
{"level":"info","msg":"{\"ev\":\"accepted\",\"id\":\"e511749e-887e-4224-8df5-7b5991e2d09a\",\"t\":1791225378352}","source":"console","time":"2026-10-05T18:36:18Z"}
{"level":"info","msg":"{\"ev\":\"accepted\",\"id\":\"8ee1c6d9-93fa-47d1-a05a-c36bf1fe2b96\",\"t\":1791225378974}","source":"console","time":"2026-10-05T18:36:18Z"}
{"level":"info","msg":"{\"ev\":\"accepted\",\"id\":\"5f74c62c-cc86-40a9-b50e-7d190a7849d4\",\"t\":1791225379599}","source":"console","time":"2026-10-05T18:36:19Z"}
{"level":"info","msg":"{\"ev\":\"accepted\",\"id\":\"4a96bfc6-7620-41c2-a9c5-dcf87d86645c\",\"t\":1791225380224}","source":"console","time":"2026-10-05T18:36:20Z"}
{"level":"info","msg":"{\"ev\":\"accepted\",\"id\":\"fec7c6ad-b319-409f-9165-9a7d33bde5a8\",\"t\":1791225380848}","source":"console","time":"2026-10-05T18:36:20Z"}
{"level":"info","msg":"{\"ev\":\"accepted\",\"id\":\"6e549336-078d-45c1-bdae-6c02c364de46\",\"t\":1791225381474}","source":"console","time":"2026-10-05T18:36:21Z"}
{"level":"info","msg":"{\"ev\":\"accepted\",\"id\":\"16fb86fc-79d4-4579-8910-a73b62fca4e0\",\"t\":1791225382099}","source":"console","time":"2026-10-05T18:36:22Z"}
{"level":"info","msg":"{\"ev\":\"accepted\",\"id\":\"f184c13c-aa40-4df3-95f6-ef414c499c7d\",\"t\":1791225382723}","source":"console","time":"2026-10-05T18:36:22Z"}
{"level":"info","msg":"{\"ev\":\"accepted\",\"id\":\"39fa41f1-bd80-4b47-84e9-bd996e69beb0\",\"t\":1791225383356}","source":"console","time":"2026-10-05T18:36:23Z"}
{"level":"info","msg":"{\"ev\":\"accepted\",\"id\":\"06255201-8ca5-4610-943d-a6ea8e786f8e\",\"t\":1791225383974}","source":"console","time":"2026-10-05T18:36:23Z"}
{"level":"info","msg":"{\"ev\":\"accepted\",\"id\":\"e5c2884b-e68a-4691-b006-4fcce62a6dab\",\"t\":1791225384604}","source":"console","time":"2026-10-05T18:36:24Z"}
{"level":"info","msg":"{\"ev\":\"accepted\",\"id\":\"2996c8a3-fffa-422b-99d0-09d56abcdafe\",\"t\":1791225385225}","source":"console","time":"2026-10-05T18:36:25Z"}
{"level":"info","msg":"{\"ev\":\"accepted\",\"id\":\"6b6728fe-95ea-4620-a743-6defcb838748\",\"t\":1791225385853}","source":"console","time":"2026-10-05T18:36:25Z"}
{"level":"info","msg":"{\"ev\":\"accepted\",\"id\":\"34798ebc-d50d-441b-a860-93a208cfdf16\",\"t\":1791225386474}","source":"console","time":"2026-10-05T18:36:26Z"}
{"level":"info","msg":"{\"ev\":\"accepted\",\"id\":\"33dbe0ae-feae-4410-b731-469c37278501\",\"t\":1791225387099}","source":"console","time":"2026-10-05T18:36:27Z"}
{"level":"info","msg":"{\"ev\":\"accepted\",\"id\":\"b94d60d1-73cd-4ba5-8be2-4f6eafcc1da4\",\"t\":1791225387724}","source":"console","time":"2026-10-05T18:36:27Z"}
{"level":"info","msg":"{\"ev\":\"accepted\",\"id\":\"4091da95-c9b6-4588-a8a7-81d754726794\",\"t\":1791225388350}","source":"console","time":"2026-10-05T18:36:28Z"}
{"level":"info","msg":"{\"ev\":\"accepted\",\"id\":\"b8744260-580b-42e3-a231-b6863c58416c\",\"t\":1791225388976}","source":"console","time":"2026-10-05T18:36:28Z"}
{"level":"info","msg":"{\"ev\":\"accepted\",\"id\":\"29c2402d-cef9-426b-89a5-e2a165c337f5\",\"t\":1791225389602}","source":"console","time":"2026-10-05T18:36:29Z"}
{"level":"info","msg":"{\"ev\":\"accepted\",\"id\":\"caacfafd-0d74-4049-a00b-204253f8f62b\",\"t\":1791225390223}","source":"console","time":"2026-10-05T18:36:30Z"}
{"level":"info","msg":"{\"ev\":\"accepted\",\"id\":\"d235e9e3-f36b-4bf1-b678-31be94bbb16a\",\"t\":1791225390856}","source":"console","time":"2026-10-05T18:36:30Z"}
{"level":"info","msg":"{\"ev\":\"accepted\",\"id\":\"d53159d5-ee48-4e5e-9c0d-54e31a88582e\",\"t\":1791225391473}","source":"console","time":"2026-10-05T18:36:31Z"}
{"level":"info","msg":"{\"ev\":\"accepted\",\"id\":\"d9d03064-add4-4703-88bd-49a8e2b88a7a\",\"t\":1791225392110}","source":"console","time":"2026-10-05T18:36:32Z"}
{"level":"info","msg":"{\"ev\":\"accepted\",\"id\":\"a364f50e-f4a2-42b2-97ec-ff65826a09dd\",\"t\":1791225392727}","source":"console","time":"2026-10-05T18:36:32Z"}
{"level":"info","msg":"{\"ev\":\"accepted\",\"id\":\"531aed51-a129-4738-bd17-85d9b0407190\",\"t\":1791225393360}","source":"console","time":"2026-10-05T18:36:33Z"}
{"level":"info","msg":"{\"ev\":\"accepted\",\"id\":\"d6bdda1b-02f0-497e-a459-c3adbc821e4c\",\"t\":1791225393980}","source":"console","time":"2026-10-05T18:36:33Z"}
{"level":"info","msg":"{\"ev\":\"accepted\",\"id\":\"865d634a-f38d-4be2-91ab-0a61764d3d3a\",\"t\":1791225394603}","source":"console","time":"2026-10-05T18:36:34Z"}
{"level":"info","msg":"{\"ev\":\"accepted\",\"id\":\"25f07cf6-3d2f-4d2c-9f87-873eab53913b\",\"t\":1791225395224}","source":"console","time":"2026-10-05T18:36:35Z"}
{"level":"info","msg":"{\"ev\":\"accepted\",\"id\":\"6b121d00-0fb5-4712-880a-92af9ee31779\",\"t\":1791225395850}","source":"console","time":"2026-10-05T18:36:35Z"}
{"level":"info","msg":"{\"ev\":\"accepted\",\"id\":\"e789c180-ff43-45cc-a7e3-359cad624bf1\",\"t\":1791225396474}","source":"console","time":"2026-10-05T18:36:36Z"}
{"level":"info","msg":"{\"ev\":\"accepted\",\"id\":\"c9a3e3e6-9a53-44a3-8a69-00822cd2095a\",\"t\":1791225397100}","source":"console","time":"2026-10-05T18:36:37Z"}
{"level":"info","msg":"{\"ev\":\"accepted\",\"id\":\"41241a11-2091-4589-b6c2-ef5af369176d\",\"t\":1791225397724}","source":"console","time":"2026-10-05T18:36:37Z"}
{"level":"info","msg":"{\"ev\":\"accepted\",\"id\":\"4e3245d9-fd96-4b9d-ae31-af3d9f1104dc\",\"t\":1791225398349}","source":"console","time":"2026-10-05T18:36:38Z"}
{"level":"info","msg":"{\"ev\":\"accepted\",\"id\":\"73377b9d-e78f-4a2a-afdf-f3cfc75b5c4c\",\"t\":1791225398974}","source":"console","time":"2026-10-05T18:36:38Z"}
{"level":"info","msg":"{\"ev\":\"accepted\",\"id\":\"d3a6d18e-dd84-490f-b4ce-efa293648ee2\",\"t\":1791225399604}","source":"console","time":"2026-10-05T18:36:39Z"}
{"level":"info","msg":"{\"ev\":\"accepted\",\"id\":\"df57833c-4b59-4c74-ab8b-bb4d7f8c1208\",\"t\":1791225400226}","source":"console","time":"2026-10-05T18:36:40Z"}
{"level":"info","msg":"{\"ev\":\"accepted\",\"id\":\"a86138f1-444f-4e87-9ca2-e22ae0c03ed1\",\"t\":1791225400855}","source":"console","time":"2026-10-05T18:36:40Z"}
{"level":"info","msg":"{\"ev\":\"accepted\",\"id\":\"94890108-b703-4dc6-8568-b02a39971048\",\"t\":1791225401473}","source":"console","time":"2026-10-05T18:36:41Z"}
{"level":"info","msg":"{\"ev\":\"accepted\",\"id\":\"0d27356c-cf29-4c26-9e89-de83dee376a0\",\"t\":1791225402106}","source":"console","time":"2026-10-05T18:36:42Z"}
{"level":"info","msg":"{\"ev\":\"accepted\",\"id\":\"b43980c3-369e-4ddb-a2ce-0c03786c3798\",\"t\":1791225402723}","source":"console","time":"2026-10-05T18:36:42Z"}
{"level":"info","msg":"{\"ev\":\"accepted\",\"id\":\"cda6f27c-8702-4b79-b37c-3e9bd475bd96\",\"t\":1791225403349}","source":"console","time":"2026-10-05T18:36:43Z"}
{"level":"info","msg":"{\"ev\":\"accepted\",\"id\":\"33b85c68-49ec-448c-b514-dc430fdcb0e5\",\"t\":1791225403973}","source":"console","time":"2026-10-05T18:36:43Z"}
{"level":"info","msg":"{\"ev\":\"accepted\",\"id\":\"ef52a272-6895-4fcc-b378-9adc19c66ae4\",\"t\":1791225404599}","source":"console","time":"2026-10-05T18:36:44Z"}
{"level":"info","msg":"{\"ev\":\"accepted\",\"id\":\"4d18b576-914f-40d9-8d88-009848a66822\",\"t\":1791225405224}","source":"console","time":"2026-10-05T18:36:45Z"}
{"level":"info","msg":"{\"ev\":\"accepted\",\"id\":\"b7e7768e-d1df-433c-8e55-a01b96f61d11\",\"t\":1791225405852}","source":"console","time":"2026-10-05T18:36:45Z"}
{"level":"info","msg":"{\"ev\":\"accepted\",\"id\":\"8c841435-3479-473c-bbc6-43c70eb73f4d\",\"t\":1791225406474}","source":"console","time":"2026-10-05T18:36:46Z"}
{"level":"info","msg":"{\"ev\":\"accepted\",\"id\":\"955c12d2-20d6-42d7-9e4c-6b2bfeb6bc56\",\"t\":1791225407103}","source":"console","time":"2026-10-05T18:36:47Z"}
{"level":"info","msg":"{\"ev\":\"accepted\",\"id\":\"4c27c473-784f-422b-afa6-77310d2544a2\",\"t\":1791225407723}","source":"console","time":"2026-10-05T18:36:47Z"}
{"level":"info","msg":"{\"ev\":\"accepted\",\"id\":\"30f9c801-a9ae-478e-b759-500379714f19\",\"t\":1791225408352}","source":"console","time":"2026-10-05T18:36:48Z"}
{"level":"info","msg":"{\"ev\":\"accepted\",\"id\":\"070d08e7-2bec-4dfb-a73f-fb019be4c29d\",\"t\":1791225408974}","source":"console","time":"2026-10-05T18:36:48Z"}
{"level":"info","msg":"{\"ev\":\"accepted\",\"id\":\"113a25bd-6ff2-4220-a67b-79e4871753ab\",\"t\":1791225409608}","source":"console","time":"2026-10-05T18:36:49Z"}
{"level":"info","msg":"{\"ev\":\"accepted\",\"id\":\"7981a806-4462-40b0-9e1e-9010d1264c0a\",\"t\":1791225410227}","source":"console","time":"2026-10-05T18:36:50Z"}
{"level":"info","msg":"{\"ev\":\"accepted\",\"id\":\"b888c504-d259-4f0b-abbf-59ec55876140\",\"t\":1791225410856}","source":"console","time":"2026-10-05T18:36:50Z"}
{"level":"info","msg":"{\"ev\":\"accepted\",\"id\":\"d544f97f-5e74-4c25-9585-b4a2a01b18d5\",\"t\":1791225411476}","source":"console","time":"2026-10-05T18:36:51Z"}
{"level":"info","msg":"{\"ev\":\"accepted\",\"id\":\"ec3e5b38-0e01-4d90-9f9a-64ad9678c7c6\",\"t\":1791225412103}","source":"console","time":"2026-10-05T18:36:52Z"}
{"level":"info","msg":"{\"ev\":\"accepted\",\"id\":\"3721e26c-3d97-4161-87d7-7c87382c9cbc\",\"t\":1791225412729}","source":"console","time":"2026-10-05T18:36:52Z"}
{"level":"info","msg":"{\"ev\":\"accepted\",\"id\":\"8c43ba2e-c677-48ba-aac0-9bfc46c9e1b3\",\"t\":1791225413353}","source":"console","time":"2026-10-05T18:36:53Z"}
{"level":"info","msg":"{\"ev\":\"accepted\",\"id\":\"e3f6bf0d-36ba-4c17-b311-c4595e7c1210\",\"t\":1791225413973}","source":"console","time":"2026-10-05T18:36:53Z"}
{"level":"info","msg":"{\"ev\":\"accepted\",\"id\":\"a3ce0015-ab7c-411f-a726-e43c8c97b0c0\",\"t\":1791225414602}","source":"console","time":"2026-10-05T18:36:54Z"}
{"level":"info","msg":"{\"ev\":\"accepted\",\"id\":\"42f562fe-c0ee-47c1-8251-5de2c74a1bd9\",\"t\":1791225415224}","source":"console","time":"2026-10-05T18:36:55Z"}
{"level":"info","msg":"{\"ev\":\"accepted\",\"id\":\"b0ac20d5-4671-4745-b7f9-0a886e30c9a9\",\"t\":1791225415852}","source":"console","time":"2026-10-05T18:36:55Z"}
{"level":"info","msg":"{\"ev\":\"accepted\",\"id\":\"71bee00a-70c2-45e8-9f89-2ea5ad16f509\",\"t\":1791225416473}","source":"console","time":"2026-10-05T18:36:56Z"}
{"level":"info","msg":"{\"ev\":\"accepted\",\"id\":\"42c712a1-1da9-487e-999b-2526c5e557cb\",\"t\":1791225417108}","source":"console","time":"2026-10-05T18:36:57Z"}
{"level":"info","msg":"{\"ev\":\"accepted\",\"id\":\"ac88c9f1-5c6e-4459-be41-3cd1a337c32c\",\"t\":1791225417723}","source":"console","time":"2026-10-05T18:36:57Z"}
{"level":"info","msg":"{\"ev\":\"accepted\",\"id\":\"1854e5e3-9205-4b00-85bc-59ae4d24f1f4\",\"t\":1791225418354}","source":"console","time":"2026-10-05T18:36:58Z"}
{"level":"info","msg":"{\"ev\":\"accepted\",\"id\":\"efa6561c-60a1-4d06-b13e-e3be9d5e1049\",\"t\":1791225418974}","source":"console","time":"2026-10-05T18:36:58Z"}
{"level":"info","msg":"{\"ev\":\"accepted\",\"id\":\"5756e2ed-cc66-4bd6-95e0-0f866843faa0\",\"t\":1791225419601}","source":"console","time":"2026-10-05T18:36:59Z"}
{"level":"info","msg":"{\"ev\":\"accepted\",\"id\":\"88058883-84a6-48bf-8f73-f71298dd4dea\",\"t\":1791225420224}","source":"console","time":"2026-10-05T18:37:00Z"}
{"level":"info","msg":"{\"ev\":\"accepted\",\"id\":\"daba2c85-21e5-48bb-bb3d-ac26a0deabfb\",\"t\":1791225420849}","source":"console","time":"2026-10-05T18:37:00Z"}
{"level":"info","msg":"{\"ev\":\"accepted\",\"id\":\"a3f4bc14-b60b-43f7-a6c3-c11051aa8f73\",\"t\":1791225421474}","source":"console","time":"2026-10-05T18:37:01Z"}
{"level":"info","msg":"{\"ev\":\"accepted\",\"id\":\"1cb8d13b-6f6a-4a17-bed6-5ad71822b56b\",\"t\":1791225422104}","source":"console","time":"2026-10-05T18:37:02Z"}
{"level":"info","msg":"{\"ev\":\"accepted\",\"id\":\"5eb91ca1-e5ca-4cba-9428-1f9b4a7d9289\",\"t\":1791225422729}","source":"console","time":"2026-10-05T18:37:02Z"}
{"level":"info","msg":"{\"ev\":\"accepted\",\"id\":\"683eb806-82ea-4b8e-92fb-0f17787eac92\",\"t\":1791225423355}","source":"console","time":"2026-10-05T18:37:03Z"}
{"level":"info","msg":"{\"ev\":\"accepted\",\"id\":\"143f838b-e979-4466-8c03-f392019df2b2\",\"t\":1791225423973}","source":"console","time":"2026-10-05T18:37:03Z"}
{"level":"info","msg":"{\"ev\":\"accepted\",\"id\":\"7721a3af-4831-4bbe-b0c9-870b64ad472c\",\"t\":1791225424604}","source":"console","time":"2026-10-05T18:37:04Z"}
{"level":"info","msg":"{\"ev\":\"accepted\",\"id\":\"45b8fc5c-041a-4c89-a933-0578598efab8\",\"t\":1791225425228}","source":"console","time":"2026-10-05T18:37:05Z"}
{"level":"info","msg":"{\"ev\":\"accepted\",\"id\":\"c0040d8d-37c6-43cf-8588-6d4e3addd194\",\"t\":1791225425849}","source":"console","time":"2026-10-05T18:37:05Z"}
{"level":"info","msg":"{\"ev\":\"accepted\",\"id\":\"dc7399a0-1774-4138-a033-86aca83ba488\",\"t\":1791225426474}","source":"console","time":"2026-10-05T18:37:06Z"}
{"level":"info","msg":"{\"ev\":\"accepted\",\"id\":\"d05452df-bb9b-467a-97c3-483bd1a4d903\",\"t\":1791225427104}","source":"console","time":"2026-10-05T18:37:07Z"}
{"level":"info","msg":"{\"ev\":\"accepted\",\"id\":\"8d20856d-8de9-4e15-852f-97e8fa82b770\",\"t\":1791225427728}","source":"console","time":"2026-10-05T18:37:07Z"}
{"level":"info","msg":"{\"ev\":\"accepted\",\"id\":\"98d7df40-cec7-4b56-b6f4-33363380fa41\",\"t\":1791225428349}","source":"console","time":"2026-10-05T18:37:08Z"}
{"level":"info","msg":"{\"ev\":\"accepted\",\"id\":\"48cf5ffe-474f-4882-87fa-120547f0a85e\",\"t\":1791225428974}","source":"console","time":"2026-10-05T18:37:08Z"}
{"level":"info","msg":"{\"ev\":\"accepted\",\"id\":\"4fc6dccc-3cda-43bd-8351-c27f5cf26265\",\"t\":1791225429598}","source":"console","time":"2026-10-05T18:37:09Z"}
{"level":"info","msg":"{\"ev\":\"accepted\",\"id\":\"db7daab3-8ea4-44e4-aff9-23ccde1c98c3\",\"t\":1791225430224}","source":"console","time":"2026-10-05T18:37:10Z"}
{"level":"info","msg":"{\"ev\":\"accepted\",\"id\":\"29b0a416-1943-488f-a3eb-b18373a86596\",\"t\":1791225430861}","source":"console","time":"2026-10-05T18:37:10Z"}
{"level":"info","msg":"{\"ev\":\"accepted\",\"id\":\"2b1197b2-2e13-4c83-aa2c-57cbafdfb546\",\"t\":1791225431474}","source":"console","time":"2026-10-05T18:37:11Z"}
{"level":"info","msg":"{\"ev\":\"accepted\",\"id\":\"885f6622-c9ae-4a30-866d-82ea2a81e04a\",\"t\":1791225432102}","source":"console","time":"2026-10-05T18:37:12Z"}
{"level":"info","msg":"{\"ev\":\"accepted\",\"id\":\"b1b382e3-cf43-4a54-acea-15a7911ead5a\",\"t\":1791225432728}","source":"console","time":"2026-10-05T18:37:12Z"}
{"level":"info","msg":"{\"ev\":\"accepted\",\"id\":\"fb4d9b7c-1929-4051-ae56-12f62cc71fb7\",\"t\":1791225433353}","source":"console","time":"2026-10-05T18:37:13Z"}
{"level":"info","msg":"{\"ev\":\"accepted\",\"id\":\"a02d2cda-ba54-4c92-8ff9-03b79f761029\",\"t\":1791225433976}","source":"console","time":"2026-10-05T18:37:13Z"}
{"level":"info","msg":"{\"ev\":\"accepted\",\"id\":\"f8f3e1eb-4d9e-445b-97c3-e7dfceb09588\",\"t\":1791225434607}","source":"console","time":"2026-10-05T18:37:14Z"}
{"level":"info","msg":"{\"ev\":\"accepted\",\"id\":\"3605db2f-ebf6-4436-a685-ee4200954820\",\"t\":1791225435227}","source":"console","time":"2026-10-05T18:37:15Z"}
{"level":"info","msg":"{\"ev\":\"accepted\",\"id\":\"c21a52de-ba92-4f78-abbe-0e149162f3d8\",\"t\":1791225435859}","source":"console","time":"2026-10-05T18:37:15Z"}
{"level":"info","msg":"{\"ev\":\"accepted\",\"id\":\"c4c536bd-b15c-4fec-860a-c9a61decc837\",\"t\":1791225436473}","source":"console","time":"2026-10-05T18:37:16Z"}
{"level":"info","msg":"{\"ev\":\"accepted\",\"id\":\"e549dc4c-02e1-4935-a41f-12e584600a33\",\"t\":1791225437106}","source":"console","time":"2026-10-05T18:37:17Z"}
{"level":"info","msg":"{\"ev\":\"accepted\",\"id\":\"6bdd4768-b4ba-48ce-ae04-3af2b34c8c2b\",\"t\":1791225437728}","source":"console","time":"2026-10-05T18:37:17Z"}
{"level":"info","msg":"{\"ev\":\"accepted\",\"id\":\"c7218854-9dbb-41c8-99b0-e681c219fb45\",\"t\":1791225438350}","source":"console","time":"2026-10-05T18:37:18Z"}
{"level":"info","msg":"{\"ev\":\"accepted\",\"id\":\"e269546e-d8f9-45f3-8550-2b45f37ecc2c\",\"t\":1791225438974}","source":"console","time":"2026-10-05T18:37:18Z"}
{"level":"info","msg":"{\"ev\":\"accepted\",\"id\":\"9059e939-763a-4fcf-80ba-20bea9e37079\",\"t\":1791225439599}","source":"console","time":"2026-10-05T18:37:19Z"}
{"level":"info","msg":"{\"ev\":\"accepted\",\"id\":\"30b2e4f0-0474-47e1-aa10-c1bca8e75531\",\"t\":1791225440223}","source":"console","time":"2026-10-05T18:37:20Z"}
{"level":"info","msg":"{\"ev\":\"accepted\",\"id\":\"115fdf23-6f40-44f3-bb5c-b0e9ea4ff788\",\"t\":1791225440849}","source":"console","time":"2026-10-05T18:37:20Z"}
{"level":"info","msg":"{\"ev\":\"accepted\",\"id\":\"ff7c66ed-09b6-4d0e-b506-49b318adb02f\",\"t\":1791225441474}","source":"console","time":"2026-10-05T18:37:21Z"}
{"level":"info","msg":"{\"ev\":\"accepted\",\"id\":\"d337708d-df69-404e-ad4f-9bee41d76987\",\"t\":1791225442098}","source":"console","time":"2026-10-05T18:37:22Z"}
{"level":"info","msg":"{\"ev\":\"accepted\",\"id\":\"70c74e78-8c5d-4889-8477-68cff7306d9f\",\"t\":1791225442723}","source":"console","time":"2026-10-05T18:37:22Z"}
{"level":"info","msg":"{\"ev\":\"accepted\",\"id\":\"af0f801a-0f4e-4ead-8c4a-db7be641dd4a\",\"t\":1791225443352}","source":"console","time":"2026-10-05T18:37:23Z"}
{"level":"info","msg":"{\"ev\":\"accepted\",\"id\":\"79ac1281-0549-4deb-81b4-7cf982ec193c\",\"t\":1791225443973}","source":"console","time":"2026-10-05T18:37:23Z"}
{"level":"info","msg":"{\"ev\":\"accepted\",\"id\":\"646d4e74-9751-4cfb-a5ee-31dafa2af1eb\",\"t\":1791225444599}","source":"console","time":"2026-10-05T18:37:24Z"}
{"level":"info","msg":"{\"ev\":\"accepted\",\"id\":\"33957f91-25ed-4d7b-b7b8-9cfd07c1907e\",\"t\":1791225445224}","source":"console","time":"2026-10-05T18:37:25Z"}
{"level":"info","msg":"{\"ev\":\"accepted\",\"id\":\"4d9c5e60-c205-4d56-8ba6-78d0a2cd6c00\",\"t\":1791225445854}","source":"console","time":"2026-10-05T18:37:25Z"}
{"level":"info","msg":"{\"ev\":\"accepted\",\"id\":\"19d73d7a-48c5-4414-8e41-598d45afdcf1\",\"t\":1791225446474}","source":"console","time":"2026-10-05T18:37:26Z"}
{"level":"info","msg":"{\"ev\":\"accepted\",\"id\":\"5b65b0f6-d5fc-4759-97bd-6b273d6c82b3\",\"t\":1791225447104}","source":"console","time":"2026-10-05T18:37:27Z"}
{"level":"info","msg":"{\"ev\":\"accepted\",\"id\":\"c9add3c4-b605-48a5-aa3a-2e43d02c1b50\",\"t\":1791225447728}","source":"console","time":"2026-10-05T18:37:27Z"}
{"level":"info","msg":"{\"ev\":\"accepted\",\"id\":\"f14d22b7-ec9a-4e85-a6de-98bd571e6aa0\",\"t\":1791225448349}","source":"console","time":"2026-10-05T18:37:28Z"}
{"level":"info","msg":"{\"ev\":\"accepted\",\"id\":\"c2e695a6-ef82-4d64-9168-3c364f07f304\",\"t\":1791225448974}","source":"console","time":"2026-10-05T18:37:28Z"}
{"level":"info","msg":"{\"ev\":\"accepted\",\"id\":\"7bc0d64d-4138-41aa-aab6-b466b00456f9\",\"t\":1791225449598}","source":"console","time":"2026-10-05T18:37:29Z"}
{"level":"info","msg":"{\"ev\":\"accepted\",\"id\":\"8dda7d67-52b0-4de5-b1ba-f8158547f4b6\",\"t\":1791225450223}","source":"console","time":"2026-10-05T18:37:30Z"}
{"level":"info","msg":"{\"ev\":\"accepted\",\"id\":\"f0f761ca-d4f7-44dc-84ce-c218f82de695\",\"t\":1791225450848}","source":"console","time":"2026-10-05T18:37:30Z"}
{"level":"info","msg":"{\"ev\":\"accepted\",\"id\":\"83977994-918d-4339-93bc-d99d03963c80\",\"t\":1791225451474}","source":"console","time":"2026-10-05T18:37:31Z"}
{"level":"info","msg":"{\"ev\":\"accepted\",\"id\":\"a04a9851-db21-4a71-91cf-e61cee31a2bf\",\"t\":1791225452103}","source":"console","time":"2026-10-05T18:37:32Z"}
{"level":"info","msg":"{\"ev\":\"accepted\",\"id\":\"afabd1fd-717e-4bef-bf0c-e3f5bf4dfe1c\",\"t\":1791225452727}","source":"console","time":"2026-10-05T18:37:32Z"}
{"level":"info","msg":"{\"ev\":\"accepted\",\"id\":\"cd8634d1-07b4-492f-a643-b04f089f5d19\",\"t\":1791225453354}","source":"console","time":"2026-10-05T18:37:33Z"}
{"level":"info","msg":"{\"ev\":\"accepted\",\"id\":\"36195561-2556-4b22-9869-0f32046e7040\",\"t\":1791225453974}","source":"console","time":"2026-10-05T18:37:33Z"}
{"level":"info","msg":"{\"ev\":\"accepted\",\"id\":\"eb3601ea-849f-43eb-b273-00406a38500d\",\"t\":1791225454605}","source":"console","time":"2026-10-05T18:37:34Z"}
{"level":"info","msg":"{\"ev\":\"accepted\",\"id\":\"101dbeb3-8705-4293-99cb-13941e65490b\",\"t\":1791225455223}","source":"console","time":"2026-10-05T18:37:35Z"}
{"level":"info","msg":"{\"ev\":\"accepted\",\"id\":\"342350cc-f609-4912-8614-9ffe05cbd9d5\",\"t\":1791225455854}","source":"console","time":"2026-10-05T18:37:35Z"}
{"level":"info","msg":"{\"ev\":\"accepted\",\"id\":\"06d3537c-062a-4dc9-af32-75327323eb11\",\"t\":1791225456473}","source":"console","time":"2026-10-05T18:37:36Z"}
{"level":"info","msg":"{\"ev\":\"accepted\",\"id\":\"63d5d69c-54a9-45b9-a8c1-62d16f2a5d32\",\"t\":1791225457103}","source":"console","time":"2026-10-05T18:37:37Z"}
{"level":"info","msg":"{\"ev\":\"accepted\",\"id\":\"c83414e9-256f-4241-97ff-6e7f58554365\",\"t\":1791225457728}","source":"console","time":"2026-10-05T18:37:37Z"}
{"level":"info","msg":"{\"ev\":\"accepted\",\"id\":\"4621f609-0bdd-4b17-aed0-bc975cdbd41f\",\"t\":1791225458353}","source":"console","time":"2026-10-05T18:37:38Z"}
{"level":"info","msg":"{\"ev\":\"accepted\",\"id\":\"1928c4c9-4193-4f36-a798-a2c9927455f0\",\"t\":1791225458973}","source":"console","time":"2026-10-05T18:37:38Z"}
{"level":"info","msg":"{\"ev\":\"accepted\",\"id\":\"a93b868d-db49-46ff-8572-2f321e01cedd\",\"t\":1791225459599}","source":"console","time":"2026-10-05T18:37:39Z"}
{"level":"info","msg":"{\"ev\":\"accepted\",\"id\":\"d893238c-5b90-46f9-a312-e3f759f6f541\",\"t\":1791225460228}","source":"console","time":"2026-10-05T18:37:40Z"}
{"level":"info","msg":"{\"ev\":\"accepted\",\"id\":\"0824f7dc-3304-4d0a-b1b2-d52c3540d2ab\",\"t\":1791225460854}","source":"console","time":"2026-10-05T18:37:40Z"}
{"level":"info","msg":"{\"ev\":\"accepted\",\"id\":\"b8780262-5d36-4b41-a84f-1abd7616d52f\",\"t\":1791225461473}","source":"console","time":"2026-10-05T18:37:41Z"}
{"level":"info","msg":"{\"ev\":\"accepted\",\"id\":\"6e12e8d2-152b-4b5b-9aef-92fb8509a6ab\",\"t\":1791225462099}","source":"console","time":"2026-10-05T18:37:42Z"}
{"level":"info","msg":"{\"ev\":\"accepted\",\"id\":\"53117ff3-ede8-43c8-875e-3167a38e3a74\",\"t\":1791225462723}","source":"console","time":"2026-10-05T18:37:42Z"}
{"level":"info","msg":"{\"ev\":\"accepted\",\"id\":\"17237a6c-2f07-46bf-b290-b3866e419eb0\",\"t\":1791225463354}","source":"console","time":"2026-10-05T18:37:43Z"}
{"level":"info","msg":"{\"ev\":\"accepted\",\"id\":\"677299c8-d91a-47a6-b965-4c2995c90ca9\",\"t\":1791225463974}","source":"console","time":"2026-10-05T18:37:43Z"}
{"level":"info","msg":"{\"ev\":\"accepted\",\"id\":\"f9f8a8f2-0343-44ca-a1a6-245d1e4f47ae\",\"t\":1791225464603}","source":"console","time":"2026-10-05T18:37:44Z"}
{"level":"info","msg":"{\"ev\":\"accepted\",\"id\":\"08684be4-d76a-4b08-abb9-880671ce0970\",\"t\":1791225465223}","source":"console","time":"2026-10-05T18:37:45Z"}
{"level":"info","msg":"{\"ev\":\"accepted\",\"id\":\"6d030135-8192-445e-9f11-bebc82f4a5bd\",\"t\":1791225465853}","source":"console","time":"2026-10-05T18:37:45Z"}
{"level":"info","msg":"{\"ev\":\"accepted\",\"id\":\"1537862c-b936-4d63-99ad-e5f566af1e3e\",\"t\":1791225466474}","source":"console","time":"2026-10-05T18:37:46Z"}
{"level":"info","msg":"{\"ev\":\"accepted\",\"id\":\"4b691154-b197-4051-a70c-f49da86ad619\",\"t\":1791225467103}","source":"console","time":"2026-10-05T18:37:47Z"}
{"level":"info","msg":"{\"ev\":\"accepted\",\"id\":\"717be7dd-4927-4305-aa47-72ba2d8d2a0a\",\"t\":1791225467728}","source":"console","time":"2026-10-05T18:37:47Z"}
{"level":"info","msg":"{\"ev\":\"accepted\",\"id\":\"594205b7-294d-4bbf-a369-dc81fd70d532\",\"t\":1791225468354}","source":"console","time":"2026-10-05T18:37:48Z"}
{"level":"info","msg":"{\"ev\":\"accepted\",\"id\":\"60f36596-3a84-4610-a080-b549e241dba1\",\"t\":1791225468975}","source":"console","time":"2026-10-05T18:37:48Z"}
{"level":"info","msg":"{\"ev\":\"accepted\",\"id\":\"3f24e341-9edf-4ce9-8b63-96fc9bdc1405\",\"t\":1791225469599}","source":"console","time":"2026-10-05T18:37:49Z"}
{"level":"info","msg":"{\"ev\":\"accepted\",\"id\":\"ff6ca4b5-b62d-4a33-9dd9-94036b17d875\",\"t\":1791225470228}","source":"console","time":"2026-10-05T18:37:50Z"}
{"level":"info","msg":"{\"ev\":\"accepted\",\"id\":\"e828e349-713d-4393-953a-862f65786d40\",\"t\":1791225470854}","source":"console","time":"2026-10-05T18:37:50Z"}
{"level":"info","msg":"{\"ev\":\"accepted\",\"id\":\"148ab847-4a25-4dd0-bac4-5e1eb2d4d91a\",\"t\":1791225471473}","source":"console","time":"2026-10-05T18:37:51Z"}
{"level":"info","msg":"{\"ev\":\"accepted\",\"id\":\"c78f9ebe-6898-4c7a-8615-7e70f827fa0e\",\"t\":1791225472102}","source":"console","time":"2026-10-05T18:37:52Z"}
{"level":"info","msg":"{\"ev\":\"accepted\",\"id\":\"65d8b251-1718-4772-8219-367224c8d84a\",\"t\":1791225472727}","source":"console","time":"2026-10-05T18:37:52Z"}
{"level":"info","msg":"{\"ev\":\"accepted\",\"id\":\"5f54a7b2-8455-4fc3-a7c9-719c1c88c090\",\"t\":1791225473353}","source":"console","time":"2026-10-05T18:37:53Z"}
{"level":"info","msg":"{\"ev\":\"accepted\",\"id\":\"2de9ba34-c0d6-45ef-804a-3a815980b018\",\"t\":1791225473974}","source":"console","time":"2026-10-05T18:37:53Z"}
{"level":"info","msg":"{\"ev\":\"accepted\",\"id\":\"6c017229-9ad7-467c-b262-3decd8053177\",\"t\":1791225474602}","source":"console","time":"2026-10-05T18:37:54Z"}
{"level":"info","msg":"{\"ev\":\"accepted\",\"id\":\"2faeecf7-5d0a-4a60-ab7b-b81885f67554\",\"t\":1791225475228}","source":"console","time":"2026-10-05T18:37:55Z"}
{"level":"info","msg":"{\"ev\":\"accepted\",\"id\":\"510f7bdb-6c42-49de-8ba5-55d23137d00c\",\"t\":1791225475852}","source":"console","time":"2026-10-05T18:37:55Z"}
{"level":"info","msg":"{\"ev\":\"accepted\",\"id\":\"45db7bc2-c8a8-424b-a775-a4999dc98cb7\",\"t\":1791225476474}","source":"console","time":"2026-10-05T18:37:56Z"}
{"level":"info","msg":"{\"ev\":\"accepted\",\"id\":\"54ad391e-48b4-4bd1-a532-bf470a4aee0c\",\"t\":1791225477103}","source":"console","time":"2026-10-05T18:37:57Z"}
{"level":"info","msg":"{\"ev\":\"accepted\",\"id\":\"c8c2b992-a254-4ee9-9076-290e0fac3398\",\"t\":1791225477728}","source":"console","time":"2026-10-05T18:37:57Z"}
{"level":"info","msg":"{\"ev\":\"accepted\",\"id\":\"615af2f0-57f6-4c20-9ac0-bfb195aea009\",\"t\":1791225478352}","source":"console","time":"2026-10-05T18:37:58Z"}
{"level":"info","msg":"{\"ev\":\"accepted\",\"id\":\"83ecf0fc-a41a-4b4c-9e90-217f7a1ece98\",\"t\":1791225478973}","source":"console","time":"2026-10-05T18:37:58Z"}
{"level":"info","msg":"{\"ev\":\"accepted\",\"id\":\"08395084-bb12-4d47-b674-d493f84afdbe\",\"t\":1791225479604}","source":"console","time":"2026-10-05T18:37:59Z"}
{"level":"info","msg":"{\"ev\":\"accepted\",\"id\":\"a3186bc0-5c41-4879-a97c-5d018ca849ef\",\"t\":1791225480226}","source":"console","time":"2026-10-05T18:38:00Z"}
{"level":"info","msg":"{\"ev\":\"accepted\",\"id\":\"23fa09db-493b-4be7-b681-a1d271411f79\",\"t\":1791225480850}","source":"console","time":"2026-10-05T18:38:00Z"}
{"level":"info","msg":"{\"ev\":\"accepted\",\"id\":\"6b00f96b-0a5b-401d-8b49-6644fa72cdb7\",\"t\":1791225481475}","source":"console","time":"2026-10-05T18:38:01Z"}
{"level":"info","msg":"{\"ev\":\"accepted\",\"id\":\"277d9c46-bf37-4064-8941-5731090dd753\",\"t\":1791225482100}","source":"console","time":"2026-10-05T18:38:02Z"}
{"level":"info","msg":"{\"ev\":\"accepted\",\"id\":\"5219be6f-9893-4fdd-b828-0e3243ca9ae2\",\"t\":1791225482727}","source":"console","time":"2026-10-05T18:38:02Z"}
{"level":"info","msg":"{\"ev\":\"accepted\",\"id\":\"aa40550b-1235-4d2f-99f2-01a2b86da0d6\",\"t\":1791225483352}","source":"console","time":"2026-10-05T18:38:03Z"}
{"level":"info","msg":"{\"ev\":\"accepted\",\"id\":\"b6f36478-0478-4ac7-828b-7e867ecc2855\",\"t\":1791225483974}","source":"console","time":"2026-10-05T18:38:03Z"}
{"level":"info","msg":"{\"ev\":\"accepted\",\"id\":\"5e0f4dde-b725-4bf5-9dfb-7ee7abe37271\",\"t\":1791225484599}","source":"console","time":"2026-10-05T18:38:04Z"}
{"level":"info","msg":"{\"ev\":\"accepted\",\"id\":\"0512dd9b-6ae2-43b1-9aaf-5ba5c77b4b58\",\"t\":1791225485224}","source":"console","time":"2026-10-05T18:38:05Z"}
{"level":"info","msg":"{\"ev\":\"accepted\",\"id\":\"011919d2-c919-431e-a5a7-58f88cb288a7\",\"t\":1791225485849}","source":"console","time":"2026-10-05T18:38:05Z"}
{"level":"info","msg":"{\"ev\":\"accepted\",\"id\":\"1bb73613-0495-4496-b51e-3b32c6887f42\",\"t\":1791225486473}","source":"console","time":"2026-10-05T18:38:06Z"}
{"level":"info","msg":"{\"ev\":\"accepted\",\"id\":\"66b47911-94a2-4774-9ed8-b8f7cd9d4bc3\",\"t\":1791225487100}","source":"console","time":"2026-10-05T18:38:07Z"}
{"level":"info","msg":"{\"ev\":\"accepted\",\"id\":\"72d87c0c-d45f-4f0b-8237-e9d957e15b80\",\"t\":1791225487723}","source":"console","time":"2026-10-05T18:38:07Z"}
{"level":"info","msg":"{\"ev\":\"accepted\",\"id\":\"6096b363-c417-4b53-baba-6c1d8c259bf5\",\"t\":1791225488351}","source":"console","time":"2026-10-05T18:38:08Z"}
{"level":"info","msg":"{\"ev\":\"accepted\",\"id\":\"95f35610-2895-42e3-8f2e-41fef71905f4\",\"t\":1791225488973}","source":"console","time":"2026-10-05T18:38:08Z"}
{"level":"info","msg":"{\"ev\":\"accepted\",\"id\":\"8ec2d890-98a4-4cdd-b9c9-32403a4d82b0\",\"t\":1791225489599}","source":"console","time":"2026-10-05T18:38:09Z"}
{"level":"info","msg":"{\"ev\":\"accepted\",\"id\":\"fe805999-e416-4610-9788-21b5291cc6d0\",\"t\":1791225490229}","source":"console","time":"2026-10-05T18:38:10Z"}
{"level":"info","msg":"{\"ev\":\"accepted\",\"id\":\"7c38c69b-5492-4dd1-8acc-40d31232d41c\",\"t\":1791225490850}","source":"console","time":"2026-10-05T18:38:10Z"}
{"level":"info","msg":"{\"ev\":\"accepted\",\"id\":\"6f5e3d3a-ff85-402d-9785-49a8eab381c0\",\"t\":1791225491477}","source":"console","time":"2026-10-05T18:38:11Z"}
{"level":"info","msg":"{\"ev\":\"accepted\",\"id\":\"6d9324c4-e805-4d61-8301-3a281f09782c\",\"t\":1791225492105}","source":"console","time":"2026-10-05T18:38:12Z"}
{"level":"info","msg":"{\"ev\":\"accepted\",\"id\":\"7244c85c-4700-4846-9ed9-9f3081001ce7\",\"t\":1791225492728}","source":"console","time":"2026-10-05T18:38:12Z"}
{"level":"info","msg":"{\"ev\":\"accepted\",\"id\":\"816a4d99-0eae-49be-87dc-8bafd83dbc57\",\"t\":1791225493354}","source":"console","time":"2026-10-05T18:38:13Z"}
{"level":"info","msg":"{\"ev\":\"accepted\",\"id\":\"f71cd1d6-f15b-454c-917d-a15517a8862e\",\"t\":1791225493973}","source":"console","time":"2026-10-05T18:38:13Z"}
{"level":"info","msg":"{\"ev\":\"accepted\",\"id\":\"f1460aba-09ab-4f8e-8a33-3807758e9f43\",\"t\":1791225494603}","source":"console","time":"2026-10-05T18:38:14Z"}
{"level":"info","msg":"{\"ev\":\"accepted\",\"id\":\"353c2ca8-2fb7-4346-ac4b-c289acb6691d\",\"t\":1791225495227}","source":"console","time":"2026-10-05T18:38:15Z"}
{"level":"info","msg":"{\"ev\":\"accepted\",\"id\":\"6a7a1a6d-0abc-4f4c-8c40-de9932f3d569\",\"t\":1791225495854}","source":"console","time":"2026-10-05T18:38:15Z"}
{"level":"info","msg":"{\"ev\":\"accepted\",\"id\":\"2867a129-25bc-4159-b46e-1fba408ca9cf\",\"t\":1791225496473}","source":"console","time":"2026-10-05T18:38:16Z"}
{"level":"info","msg":"{\"ev\":\"accepted\",\"id\":\"5854d80b-7d58-414d-973a-5fa287c49a5e\",\"t\":1791225497105}","source":"console","time":"2026-10-05T18:38:17Z"}
{"level":"info","msg":"{\"ev\":\"accepted\",\"id\":\"18376cd0-8e68-4c9d-bb40-12829ac85e66\",\"t\":1791225497727}","source":"console","time":"2026-10-05T18:38:17Z"}
{"level":"info","msg":"{\"ev\":\"accepted\",\"id\":\"bbf91dc1-c8e7-4daf-bea3-12006939a40c\",\"t\":1791225498354}","source":"console","time":"2026-10-05T18:38:18Z"}
{"level":"info","msg":"{\"ev\":\"accepted\",\"id\":\"84091577-7556-44e6-a33a-eef14e9353a4\",\"t\":1791225498974}","source":"console","time":"2026-10-05T18:38:18Z"}
{"level":"info","msg":"{\"ev\":\"accepted\",\"id\":\"9563ccbb-d438-4886-9dab-d6e33d272fb6\",\"t\":1791225499601}","source":"console","time":"2026-10-05T18:38:19Z"}
{"level":"info","msg":"{\"ev\":\"accepted\",\"id\":\"8ced8e9f-8b05-4151-ac73-305e67160e70\",\"t\":1791225500224}","source":"console","time":"2026-10-05T18:38:20Z"}
{"level":"info","msg":"{\"ev\":\"accepted\",\"id\":\"b8fda5d4-f752-45d5-83ad-46a300e09a47\",\"t\":1791225500853}","source":"console","time":"2026-10-05T18:38:20Z"}
{"level":"info","msg":"{\"ev\":\"accepted\",\"id\":\"c467d05e-1df2-4cf0-9e82-c07054c9c734\",\"t\":1791225501474}","source":"console","time":"2026-10-05T18:38:21Z"}
{"level":"info","msg":"{\"ev\":\"accepted\",\"id\":\"6292d0a8-d4a9-42df-b04d-a9ce5ff615c7\",\"t\":1791225502103}","source":"console","time":"2026-10-05T18:38:22Z"}
{"level":"info","msg":"{\"ev\":\"accepted\",\"id\":\"07e79e54-202a-4def-bdd0-1cd552278006\",\"t\":1791225502728}","source":"console","time":"2026-10-05T18:38:22Z"}
{"level":"info","msg":"{\"ev\":\"accepted\",\"id\":\"5644dc50-53b6-436c-accf-f81e92c1b859\",\"t\":1791225503356}","source":"console","time":"2026-10-05T18:38:23Z"}
{"level":"info","msg":"{\"ev\":\"accepted\",\"id\":\"413497ce-4579-4077-a648-9ea2a16e5807\",\"t\":1791225503973}","source":"console","time":"2026-10-05T18:38:23Z"}
{"level":"info","msg":"{\"ev\":\"accepted\",\"id\":\"ddcab157-4aff-4302-9be0-5e6b28a86db1\",\"t\":1791225504598}","source":"console","time":"2026-10-05T18:38:24Z"}
{"level":"info","msg":"{\"ev\":\"accepted\",\"id\":\"6066e08b-11db-4e77-9d75-2f3bda292ab1\",\"t\":1791225505222}","source":"console","time":"2026-10-05T18:38:25Z"}
{"level":"info","msg":"{\"ev\":\"accepted\",\"id\":\"b1669844-61fc-4dde-b28a-09b8fb1634c5\",\"t\":1791225505856}","source":"console","time":"2026-10-05T18:38:25Z"}
{"level":"info","msg":"{\"ev\":\"accepted\",\"id\":\"6fadaa5c-d968-4d7f-9fcf-e2f986a3b832\",\"t\":1791225506473}","source":"console","time":"2026-10-05T18:38:26Z"}
{"level":"info","msg":"{\"ev\":\"accepted\",\"id\":\"dbd457ff-3c2f-41f6-8eae-96be805108e6\",\"t\":1791225507099}","source":"console","time":"2026-10-05T18:38:27Z"}
{"level":"info","msg":"{\"ev\":\"accepted\",\"id\":\"9e96446f-599a-4087-9506-60a979916418\",\"t\":1791225507728}","source":"console","time":"2026-10-05T18:38:27Z"}
{"level":"info","msg":"{\"ev\":\"accepted\",\"id\":\"453bcb8c-d055-40d7-a81d-ebfb2bad397d\",\"t\":1791225508353}","source":"console","time":"2026-10-05T18:38:28Z"}
{"level":"info","msg":"{\"ev\":\"accepted\",\"id\":\"e06f8aaf-a208-4c35-b053-5fd3e2ffce97\",\"t\":1791225508976}","source":"console","time":"2026-10-05T18:38:28Z"}
{"level":"info","msg":"{\"ev\":\"accepted\",\"id\":\"b0146fce-0115-4dbc-8315-cf7d8664f578\",\"t\":1791225509604}","source":"console","time":"2026-10-05T18:38:29Z"}
{"level":"info","msg":"{\"ev\":\"accepted\",\"id\":\"20ffb689-e613-4b83-a429-46020c43b6cd\",\"t\":1791225510223}","source":"console","time":"2026-10-05T18:38:30Z"}
{"level":"info","msg":"{\"ev\":\"accepted\",\"id\":\"d7c510a0-d844-40da-ad3e-62ca120310c9\",\"t\":1791225510860}","source":"console","time":"2026-10-05T18:38:30Z"}
{"level":"info","msg":"{\"ev\":\"accepted\",\"id\":\"ef40656a-7c7d-45e6-b016-504eb256a013\",\"t\":1791225511473}","source":"console","time":"2026-10-05T18:38:31Z"}
{"level":"info","msg":"{\"ev\":\"accepted\",\"id\":\"d1e1a817-64c5-4ddd-8d8e-715cce9b8515\",\"t\":1791225512103}","source":"console","time":"2026-10-05T18:38:32Z"}
{"level":"info","msg":"{\"ev\":\"accepted\",\"id\":\"d875b47f-ccad-4ba4-9ab4-83f2dfd8a7c9\",\"t\":1791225512728}","source":"console","time":"2026-10-05T18:38:32Z"}
{"level":"info","msg":"{\"ev\":\"accepted\",\"id\":\"6da98f82-9da8-41c6-976b-be3cd40c5aa5\",\"t\":1791225513353}","source":"console","time":"2026-10-05T18:38:33Z"}
{"level":"info","msg":"{\"ev\":\"accepted\",\"id\":\"95388b79-38de-4e61-b396-d3cf559b711b\",\"t\":1791225513974}","source":"console","time":"2026-10-05T18:38:33Z"}
{"level":"info","msg":"{\"ev\":\"accepted\",\"id\":\"8e0a1faf-60e7-4e7e-a2f0-c38c7c890b3f\",\"t\":1791225514606}","source":"console","time":"2026-10-05T18:38:34Z"}
{"level":"info","msg":"{\"ev\":\"accepted\",\"id\":\"4a06aeab-9577-45f2-afe1-f6be22fe4622\",\"t\":1791225515228}","source":"console","time":"2026-10-05T18:38:35Z"}
{"level":"info","msg":"{\"ev\":\"accepted\",\"id\":\"d442e910-b4b1-4e2d-a956-c97ea26f507a\",\"t\":1791225515851}","source":"console","time":"2026-10-05T18:38:35Z"}
{"level":"info","msg":"{\"ev\":\"accepted\",\"id\":\"1a5280ac-65bf-4d1d-bd92-851ac4b5d7d4\",\"t\":1791225516474}","source":"console","time":"2026-10-05T18:38:36Z"}
{"level":"info","msg":"{\"ev\":\"accepted\",\"id\":\"253a4ff4-49e0-4db1-adeb-a22a5641dc5b\",\"t\":1791225517100}","source":"console","time":"2026-10-05T18:38:37Z"}
{"level":"info","msg":"{\"ev\":\"accepted\",\"id\":\"cfc0e56d-53f5-464f-8daa-7f71640c7f08\",\"t\":1791225517724}","source":"console","time":"2026-10-05T18:38:37Z"}
{"level":"info","msg":"{\"ev\":\"accepted\",\"id\":\"16e7f8ce-6962-4ee3-9e5d-3f04ad36b47f\",\"t\":1791225518350}","source":"console","time":"2026-10-05T18:38:38Z"}
{"level":"info","msg":"{\"ev\":\"accepted\",\"id\":\"25eae31c-d8c9-4786-9e31-a41ca9e9f229\",\"t\":1791225518974}","source":"console","time":"2026-10-05T18:38:38Z"}
{"level":"info","msg":"{\"ev\":\"accepted\",\"id\":\"89d1cffd-f503-4c46-9747-654ed1d2205b\",\"t\":1791225519599}","source":"console","time":"2026-10-05T18:38:39Z"}
{"level":"info","msg":"{\"ev\":\"accepted\",\"id\":\"dbc4642b-554e-45cc-b295-b0fb5b9b49da\",\"t\":1791225520212}","source":"console","time":"2026-10-05T18:38:40Z"}
{"level":"info","msg":"{\"ev\":\"accepted\",\"id\":\"12905e1c-9ee2-4ca7-97f9-2a0b3907d283\",\"t\":1791225520805}","source":"console","time":"2026-10-05T18:38:40Z"}
{"level":"info","msg":"{\"ev\":\"accepted\",\"id\":\"d07229ff-3b4f-4fec-9441-e2a5a63c5ccc\",\"t\":1791225521379}","source":"console","time":"2026-10-05T18:38:41Z"}
{"level":"info","msg":"{\"ev\":\"accepted\",\"id\":\"938ead91-467c-436c-9e4b-2325874bfd69\",\"t\":1791225521930}","source":"console","time":"2026-10-05T18:38:41Z"}
{"level":"info","msg":"{\"ev\":\"accepted\",\"id\":\"702f81bf-3f62-4fad-a9a4-c31f6b1782ea\",\"t\":1791225522466}","source":"console","time":"2026-10-05T18:38:42Z"}
{"level":"info","msg":"{\"ev\":\"accepted\",\"id\":\"aef8f461-dcd3-4b77-8258-3fcf309071bd\",\"t\":1791225522993}","source":"console","time":"2026-10-05T18:38:42Z"}
{"level":"info","msg":"{\"ev\":\"accepted\",\"id\":\"f92a0f52-17bf-4db4-9e61-1c768deb1033\",\"t\":1791225523498}","source":"console","time":"2026-10-05T18:38:43Z"}
{"level":"info","msg":"{\"ev\":\"accepted\",\"id\":\"02ed886f-3d0e-4d63-9e7c-8f3d94bda108\",\"t\":1791225523997}","source":"console","time":"2026-10-05T18:38:43Z"}
{"level":"info","msg":"{\"ev\":\"accepted\",\"id\":\"b362f6c1-0882-4cee-bef8-e58e526ea1ed\",\"t\":1791225524479}","source":"console","time":"2026-10-05T18:38:44Z"}
{"level":"info","msg":"{\"ev\":\"accepted\",\"id\":\"dc0214fb-a2f4-4b5f-9ec5-10a7b7b4152c\",\"t\":1791225524960}","source":"console","time":"2026-10-05T18:38:44Z"}
{"level":"info","msg":"{\"ev\":\"accepted\",\"id\":\"a994991e-6fd1-4f9d-bc1b-5268f7a927ee\",\"t\":1791225525436}","source":"console","time":"2026-10-05T18:38:45Z"}
{"level":"info","msg":"{\"ev\":\"accepted\",\"id\":\"fb070449-e99a-4e1d-a817-576c47954410\",\"t\":1791225525921}","source":"console","time":"2026-10-05T18:38:45Z"}
{"level":"info","msg":"{\"ev\":\"accepted\",\"id\":\"6356772e-c7f6-4a00-952a-c40c62ddb48b\",\"t\":1791225526392}","source":"console","time":"2026-10-05T18:38:46Z"}
{"level":"info","msg":"{\"ev\":\"accepted\",\"id\":\"fadb16de-46ef-4367-89a5-efd0ad12ae5d\",\"t\":1791225526882}","source":"console","time":"2026-10-05T18:38:46Z"}
{"level":"info","msg":"{\"ev\":\"accepted\",\"id\":\"6ebbfc0d-d3f3-4652-9faa-a2c4930e57a0\",\"t\":1791225527339}","source":"console","time":"2026-10-05T18:38:47Z"}
{"level":"info","msg":"{\"ev\":\"accepted\",\"id\":\"48467605-b462-4bfb-a0b1-dc897c97a12d\",\"t\":1791225527824}","source":"console","time":"2026-10-05T18:38:47Z"}
{"level":"info","msg":"{\"ev\":\"accepted\",\"id\":\"8ab047e3-3efb-4fab-8f78-234e68182ee8\",\"t\":1791225528297}","source":"console","time":"2026-10-05T18:38:48Z"}
{"level":"info","msg":"{\"ev\":\"accepted\",\"id\":\"0eb5cedf-2cfe-4e47-b174-5741536a1d10\",\"t\":1791225528775}","source":"console","time":"2026-10-05T18:38:48Z"}
{"level":"info","msg":"{\"ev\":\"accepted\",\"id\":\"124d54ee-1eac-43bc-9a6f-367272b7b44a\",\"t\":1791225529244}","source":"console","time":"2026-10-05T18:38:49Z"}
{"level":"info","msg":"{\"ev\":\"accepted\",\"id\":\"ef4bc185-5334-41b1-b145-4cac08ac9229\",\"t\":1791225529726}","source":"console","time":"2026-10-05T18:38:49Z"}
{"level":"info","msg":"{\"ev\":\"accepted\",\"id\":\"75ca6a84-1bfc-472b-a3a9-f283b107087e\",\"t\":1791225530196}","source":"console","time":"2026-10-05T18:38:50Z"}
{"level":"info","msg":"{\"ev\":\"accepted\",\"id\":\"6972ad6f-a435-407a-9452-daa7b5fb0a47\",\"t\":1791225530674}","source":"console","time":"2026-10-05T18:38:50Z"}
{"level":"info","msg":"{\"ev\":\"accepted\",\"id\":\"99579d54-51e0-42e0-a5cd-bbec448ae881\",\"t\":1791225531147}","source":"console","time":"2026-10-05T18:38:51Z"}
{"level":"info","msg":"{\"ev\":\"accepted\",\"id\":\"8968017c-4386-4c3d-8333-3cb59d1e2fbb\",\"t\":1791225531626}","source":"console","time":"2026-10-05T18:38:51Z"}
{"level":"info","msg":"{\"ev\":\"accepted\",\"id\":\"c35f5aee-32ae-4373-ad52-0cc2fcd6f887\",\"t\":1791225532100}","source":"console","time":"2026-10-05T18:38:52Z"}
{"level":"info","msg":"{\"ev\":\"accepted\",\"id\":\"0814b068-1670-4541-b320-12bfb7a72000\",\"t\":1791225532579}","source":"console","time":"2026-10-05T18:38:52Z"}
{"level":"info","msg":"{\"ev\":\"accepted\",\"id\":\"2e174a2d-8d02-43c8-abbc-0ee350f1714d\",\"t\":1791225533052}","source":"console","time":"2026-10-05T18:38:53Z"}
{"level":"info","msg":"{\"ev\":\"accepted\",\"id\":\"e556053c-52ef-4be1-8ada-fcbaf305a759\",\"t\":1791225533531}","source":"console","time":"2026-10-05T18:38:53Z"}
{"level":"info","msg":"{\"ev\":\"accepted\",\"id\":\"c58c0c42-66cd-4988-bcdb-fad2389f07ee\",\"t\":1791225534005}","source":"console","time":"2026-10-05T18:38:54Z"}
{"level":"info","msg":"{\"ev\":\"accepted\",\"id\":\"1649599f-2c3b-46ec-849f-34c483a6bdcd\",\"t\":1791225534479}","source":"console","time":"2026-10-05T18:38:54Z"}
{"level":"info","msg":"{\"ev\":\"accepted\",\"id\":\"5ae45d7d-c512-46c7-b99a-b6e298f3a7fb\",\"t\":1791225534962}","source":"console","time":"2026-10-05T18:38:54Z"}
{"level":"info","msg":"{\"ev\":\"accepted\",\"id\":\"acbb9521-362a-4426-a17f-5be2a3d196a2\",\"t\":1791225535441}","source":"console","time":"2026-10-05T18:38:55Z"}
{"level":"info","msg":"{\"ev\":\"accepted\",\"id\":\"f724a0b3-30b9-422a-b21f-044f19c54dee\",\"t\":1791225535915}","source":"console","time":"2026-10-05T18:38:55Z"}
{"level":"info","msg":"{\"ev\":\"accepted\",\"id\":\"ccad38c1-c03f-4f72-adda-3b2120dfd510\",\"t\":1791225536389}","source":"console","time":"2026-10-05T18:38:56Z"}
{"level":"info","msg":"{\"ev\":\"accepted\",\"id\":\"02dcecae-389f-4fa2-81ea-41e2cd84d41f\",\"t\":1791225536861}","source":"console","time":"2026-10-05T18:38:56Z"}
{"level":"info","msg":"{\"ev\":\"accepted\",\"id\":\"f34fe384-0cf8-41f8-b998-bd34663ab8c7\",\"t\":1791225537344}","source":"console","time":"2026-10-05T18:38:57Z"}
{"level":"info","msg":"{\"ev\":\"accepted\",\"id\":\"f9083d06-5347-48c6-bc80-0e2022149474\",\"t\":1791225537818}","source":"console","time":"2026-10-05T18:38:57Z"}
{"level":"info","msg":"{\"ev\":\"accepted\",\"id\":\"1479b3aa-c403-4669-8488-a1167c943d0f\",\"t\":1791225538312}","source":"console","time":"2026-10-05T18:38:58Z"}
{"level":"info","msg":"{\"ev\":\"accepted\",\"id\":\"515dcf4c-5c95-438f-8291-ba850f950199\",\"t\":1791225538770}","source":"console","time":"2026-10-05T18:38:58Z"}
{"level":"info","msg":"{\"ev\":\"accepted\",\"id\":\"2d4d003e-76a4-4a78-ac9d-e38a6dee93b6\",\"t\":1791225539254}","source":"console","time":"2026-10-05T18:38:59Z"}
{"level":"info","msg":"{\"ev\":\"accepted\",\"id\":\"22539351-80da-4cc8-8a25-23ed6d09ea35\",\"t\":1791225539719}","source":"console","time":"2026-10-05T18:38:59Z"}
{"level":"info","msg":"{\"ev\":\"accepted\",\"id\":\"6805e672-a129-4a59-98d5-b5047b1b47db\",\"t\":1791225540209}","source":"console","time":"2026-10-05T18:39:00Z"}
{"level":"info","msg":"{\"ev\":\"accepted\",\"id\":\"0b9e7f81-604f-4f66-a23c-82a6018619bb\",\"t\":1791225540675}","source":"console","time":"2026-10-05T18:39:00Z"}
{"level":"info","msg":"{\"ev\":\"accepted\",\"id\":\"5300855b-8642-4923-8813-d5bf1a8b324e\",\"t\":1791225541150}","source":"console","time":"2026-10-05T18:39:01Z"}
{"level":"info","msg":"{\"ev\":\"accepted\",\"id\":\"5d1a1de9-5351-4f36-b681-f49a516155bf\",\"t\":1791225541623}","source":"console","time":"2026-10-05T18:39:01Z"}
{"level":"info","msg":"{\"ev\":\"accepted\",\"id\":\"18b9fbef-0f1a-4d38-bebb-57e4ea1552c3\",\"t\":1791225542101}","source":"console","time":"2026-10-05T18:39:02Z"}
{"level":"info","msg":"{\"ev\":\"accepted\",\"id\":\"6d0ffbf9-ff48-499b-a304-ecbb5213142f\",\"t\":1791225542576}","source":"console","time":"2026-10-05T18:39:02Z"}
{"level":"info","msg":"{\"ev\":\"accepted\",\"id\":\"324acfc5-a316-4151-b6bc-772bba21615e\",\"t\":1791225543059}","source":"console","time":"2026-10-05T18:39:03Z"}
{"level":"info","msg":"{\"ev\":\"accepted\",\"id\":\"98c1a271-9997-4e98-9dbf-c71190bc7791\",\"t\":1791225543527}","source":"console","time":"2026-10-05T18:39:03Z"}
{"level":"info","msg":"{\"ev\":\"accepted\",\"id\":\"8ce9295f-ef51-4b65-a285-2a50d5461f0c\",\"t\":1791225544007}","source":"console","time":"2026-10-05T18:39:04Z"}
{"level":"info","msg":"{\"ev\":\"accepted\",\"id\":\"d00a9907-25cd-48c0-9628-2944d71bbda4\",\"t\":1791225544480}","source":"console","time":"2026-10-05T18:39:04Z"}
{"level":"info","msg":"{\"ev\":\"accepted\",\"id\":\"a86843fc-9e93-4107-876f-54ebe1fd2e48\",\"t\":1791225544961}","source":"console","time":"2026-10-05T18:39:04Z"}
{"level":"info","msg":"{\"ev\":\"accepted\",\"id\":\"fee56a61-b4b5-4278-befc-d05c5f6c8802\",\"t\":1791225545432}","source":"console","time":"2026-10-05T18:39:05Z"}
{"level":"info","msg":"{\"ev\":\"accepted\",\"id\":\"74fd9fa0-ef7f-40f7-be6e-d8d0f2fedf5c\",\"t\":1791225545915}","source":"console","time":"2026-10-05T18:39:05Z"}
{"level":"info","msg":"{\"ev\":\"accepted\",\"id\":\"f46f9a11-6d0d-4b0b-b10d-6def5fb300af\",\"t\":1791225546389}","source":"console","time":"2026-10-05T18:39:06Z"}
{"level":"info","msg":"{\"ev\":\"accepted\",\"id\":\"7d68121b-be26-4c33-8d93-c8c53e353d50\",\"t\":1791225546864}","source":"console","time":"2026-10-05T18:39:06Z"}
{"level":"info","msg":"{\"ev\":\"accepted\",\"id\":\"a8854ea6-aa42-4f99-a5bb-7832af4cc360\",\"t\":1791225547336}","source":"console","time":"2026-10-05T18:39:07Z"}
{"level":"info","msg":"{\"ev\":\"accepted\",\"id\":\"cf08887a-04eb-4db2-a52d-8cba21548f50\",\"t\":1791225547823}","source":"console","time":"2026-10-05T18:39:07Z"}
{"level":"info","msg":"{\"ev\":\"accepted\",\"id\":\"ca3d9f89-9850-4a3a-b261-c38ad94c7ada\",\"t\":1791225548288}","source":"console","time":"2026-10-05T18:39:08Z"}
{"level":"info","msg":"{\"ev\":\"accepted\",\"id\":\"1beecbf4-e045-4a45-b61e-f6408662456f\",\"t\":1791225548765}","source":"console","time":"2026-10-05T18:39:08Z"}
{"level":"info","msg":"{\"ev\":\"accepted\",\"id\":\"1642a31f-d543-41b1-a2e0-38b1a297f5d3\",\"t\":1791225549243}","source":"console","time":"2026-10-05T18:39:09Z"}
{"level":"info","msg":"{\"ev\":\"accepted\",\"id\":\"f21e013e-d79b-4368-831a-8f9acfdeccb9\",\"t\":1791225549737}","source":"console","time":"2026-10-05T18:39:09Z"}
{"level":"info","msg":"{\"ev\":\"accepted\",\"id\":\"072ffb9a-6e22-4644-b285-1c4adc60df7b\",\"t\":1791225550232}","source":"console","time":"2026-10-05T18:39:10Z"}
{"level":"info","msg":"{\"ev\":\"accepted\",\"id\":\"b342310b-2a6e-4623-9905-ea562bf35d3d\",\"t\":1791225550687}","source":"console","time":"2026-10-05T18:39:10Z"}
{"level":"info","msg":"{\"ev\":\"accepted\",\"id\":\"1c47a9dc-4c2f-46b4-9622-43b6badef7ec\",\"t\":1791225551155}","source":"console","time":"2026-10-05T18:39:11Z"}
{"level":"info","msg":"{\"ev\":\"accepted\",\"id\":\"f8b3c679-496c-4f23-990f-5f21c3502d7c\",\"t\":1791225551647}","source":"console","time":"2026-10-05T18:39:11Z"}
{"level":"info","msg":"{\"ev\":\"accepted\",\"id\":\"de4e055a-f6ca-4392-8d2f-c278439c389a\",\"t\":1791225552111}","source":"console","time":"2026-10-05T18:39:12Z"}
{"level":"info","msg":"{\"ev\":\"accepted\",\"id\":\"b04ae8a1-aa8f-4f09-87a2-8a5a7482ea2c\",\"t\":1791225552584}","source":"console","time":"2026-10-05T18:39:12Z"}
{"level":"info","msg":"{\"ev\":\"accepted\",\"id\":\"c0e3a385-72be-4089-9b18-392fa8f6c95a\",\"t\":1791225553059}","source":"console","time":"2026-10-05T18:39:13Z"}
{"level":"info","msg":"{\"ev\":\"accepted\",\"id\":\"2b57a948-4233-44cf-b18f-6e3f97e90319\",\"t\":1791225553533}","source":"console","time":"2026-10-05T18:39:13Z"}
{"level":"info","msg":"{\"ev\":\"accepted\",\"id\":\"2d6e09cd-e802-4d88-b31b-eee70478446b\",\"t\":1791225554010}","source":"console","time":"2026-10-05T18:39:14Z"}
{"level":"info","msg":"{\"ev\":\"accepted\",\"id\":\"ed511b2f-e93d-46e6-b7e1-897dc3bc6c51\",\"t\":1791225554489}","source":"console","time":"2026-10-05T18:39:14Z"}
{"level":"info","msg":"{\"ev\":\"accepted\",\"id\":\"5193263a-07ad-4b05-8dc3-890f6b54e773\",\"t\":1791225554959}","source":"console","time":"2026-10-05T18:39:14Z"}
{"level":"info","msg":"{\"ev\":\"accepted\",\"id\":\"e68a4f97-8cf0-458f-a390-ed0bf987cc12\",\"t\":1791225555442}","source":"console","time":"2026-10-05T18:39:15Z"}
{"level":"info","msg":"{\"ev\":\"accepted\",\"id\":\"437cabd0-93b4-4d92-9aa3-b3e6d99ec982\",\"t\":1791225555913}","source":"console","time":"2026-10-05T18:39:15Z"}
{"level":"info","msg":"{\"ev\":\"accepted\",\"id\":\"63293616-ca86-49d0-8a5e-e5fff602c394\",\"t\":1791225556409}","source":"console","time":"2026-10-05T18:39:16Z"}
{"level":"info","msg":"{\"ev\":\"accepted\",\"id\":\"e0a344e1-1997-4b5f-bd29-1209b7214ff5\",\"t\":1791225556868}","source":"console","time":"2026-10-05T18:39:16Z"}
{"level":"info","msg":"{\"ev\":\"accepted\",\"id\":\"29505913-75ee-4ed2-b8bb-abaffe2edb42\",\"t\":1791225557345}","source":"console","time":"2026-10-05T18:39:17Z"}
{"level":"info","msg":"{\"ev\":\"accepted\",\"id\":\"0a19ab63-2239-40a5-9460-eab6e90cb6a4\",\"t\":1791225557813}","source":"console","time":"2026-10-05T18:39:17Z"}
{"level":"info","msg":"{\"ev\":\"accepted\",\"id\":\"59bb2094-13be-4d9e-a470-e0405eeb3beb\",\"t\":1791225558305}","source":"console","time":"2026-10-05T18:39:18Z"}
{"level":"info","msg":"{\"ev\":\"accepted\",\"id\":\"0b48eee6-9d85-42ed-82b4-70e0798835d7\",\"t\":1791225558767}","source":"console","time":"2026-10-05T18:39:18Z"}
{"level":"info","msg":"{\"ev\":\"accepted\",\"id\":\"b3958c89-06e6-40a7-9221-265621fa9be7\",\"t\":1791225559241}","source":"console","time":"2026-10-05T18:39:19Z"}
{"level":"info","msg":"{\"ev\":\"accepted\",\"id\":\"9f8b27e0-b9ed-4808-8f8f-aeec0fa9bf53\",\"t\":1791225559725}","source":"console","time":"2026-10-05T18:39:19Z"}
{"level":"info","msg":"{\"ev\":\"accepted\",\"id\":\"9a98916e-a54b-4e83-a622-a5d56767d272\",\"t\":1791225560217}","source":"console","time":"2026-10-05T18:39:20Z"}
{"level":"info","msg":"{\"ev\":\"accepted\",\"id\":\"30d6e222-e81f-40c1-bb10-3f7d960c700e\",\"t\":1791225560675}","source":"console","time":"2026-10-05T18:39:20Z"}
{"level":"info","msg":"{\"ev\":\"accepted\",\"id\":\"795bc262-c1ef-4fbf-9e48-0e712c68fea3\",\"t\":1791225561156}","source":"console","time":"2026-10-05T18:39:21Z"}
{"level":"info","msg":"{\"ev\":\"accepted\",\"id\":\"5481846e-87dc-4d96-aa4b-70d371e00e2f\",\"t\":1791225561625}","source":"console","time":"2026-10-05T18:39:21Z"}
{"level":"info","msg":"{\"ev\":\"accepted\",\"id\":\"46147a37-29fb-45cb-a421-0412fc912240\",\"t\":1791225562104}","source":"console","time":"2026-10-05T18:39:22Z"}
{"level":"info","msg":"{\"ev\":\"accepted\",\"id\":\"0d530567-c0d0-42fb-a28c-6dc83a7c07f5\",\"t\":1791225562577}","source":"console","time":"2026-10-05T18:39:22Z"}
{"level":"info","msg":"{\"ev\":\"accepted\",\"id\":\"8d16af07-7b18-41f0-9bb1-cbab6bbd19a5\",\"t\":1791225563073}","source":"console","time":"2026-10-05T18:39:23Z"}
{"level":"info","msg":"{\"ev\":\"accepted\",\"id\":\"bea92c05-4580-4908-8f2f-5e15a88e4e25\",\"t\":1791225563534}","source":"console","time":"2026-10-05T18:39:23Z"}
{"level":"info","msg":"{\"ev\":\"accepted\",\"id\":\"dbec382f-c2be-441f-ae3d-af6a1a2f5724\",\"t\":1791225564009}","source":"console","time":"2026-10-05T18:39:24Z"}
{"level":"info","msg":"{\"ev\":\"accepted\",\"id\":\"2d7a9e5c-c0fa-4c2a-bd25-04075a1a7092\",\"t\":1791225564484}","source":"console","time":"2026-10-05T18:39:24Z"}
{"level":"info","msg":"{\"ev\":\"accepted\",\"id\":\"ed2d934e-d5e0-4d4b-a1fb-c79de5a05999\",\"t\":1791225564970}","source":"console","time":"2026-10-05T18:39:24Z"}
{"level":"info","msg":"{\"ev\":\"accepted\",\"id\":\"340e8bdc-7138-4664-bf12-da45d94a636f\",\"t\":1791225565433}","source":"console","time":"2026-10-05T18:39:25Z"}
{"level":"info","msg":"{\"ev\":\"accepted\",\"id\":\"af2c6b76-416a-4ac2-b98e-16a22d77e19e\",\"t\":1791225565915}","source":"console","time":"2026-10-05T18:39:25Z"}
{"level":"info","msg":"{\"ev\":\"accepted\",\"id\":\"835b7821-5a1e-4bb3-b80f-9932955e3711\",\"t\":1791225566384}","source":"console","time":"2026-10-05T18:39:26Z"}
{"level":"info","msg":"{\"ev\":\"accepted\",\"id\":\"afd7af55-8e9b-43d9-8a92-0e9a3117c880\",\"t\":1791225566865}","source":"console","time":"2026-10-05T18:39:26Z"}
{"level":"info","msg":"{\"ev\":\"accepted\",\"id\":\"23ebd675-a9d3-4826-86ad-6d046c21658b\",\"t\":1791225567344}","source":"console","time":"2026-10-05T18:39:27Z"}
{"level":"info","msg":"{\"ev\":\"accepted\",\"id\":\"159a1d5c-2290-4e2e-a4a1-80f8857b10f1\",\"t\":1791225567849}","source":"console","time":"2026-10-05T18:39:27Z"}
{"level":"info","msg":"{\"ev\":\"accepted\",\"id\":\"1245466a-9662-4c2e-b9b3-05e29b27f492\",\"t\":1791225568294}","source":"console","time":"2026-10-05T18:39:28Z"}
{"level":"info","msg":"{\"ev\":\"accepted\",\"id\":\"b63b57a0-1b74-46d0-a257-483b83507d8f\",\"t\":1791225568767}","source":"console","time":"2026-10-05T18:39:28Z"}
{"level":"info","msg":"{\"ev\":\"accepted\",\"id\":\"1c64be20-b0c9-4912-8d07-cadee8920f7e\",\"t\":1791225569245}","source":"console","time":"2026-10-05T18:39:29Z"}
{"level":"info","msg":"{\"ev\":\"accepted\",\"id\":\"ff158b11-1d5c-425b-b53e-b6bc829a8918\",\"t\":1791225569722}","source":"console","time":"2026-10-05T18:39:29Z"}
{"level":"info","msg":"{\"ev\":\"accepted\",\"id\":\"6b806749-5a8e-43fd-8a4a-bbc67ba6045f\",\"t\":1791225570202}","source":"console","time":"2026-10-05T18:39:30Z"}
{"level":"info","msg":"{\"ev\":\"accepted\",\"id\":\"cdec772c-193d-4cff-829c-8b56dc53cfc0\",\"t\":1791225570690}","source":"console","time":"2026-10-05T18:39:30Z"}
{"level":"info","msg":"{\"ev\":\"accepted\",\"id\":\"6536c940-2d86-4516-833b-437d3c2e62df\",\"t\":1791225571167}","source":"console","time":"2026-10-05T18:39:31Z"}
{"level":"info","msg":"{\"ev\":\"accepted\",\"id\":\"7038c378-45c3-421d-8eba-697d2953e48a\",\"t\":1791225571644}","source":"console","time":"2026-10-05T18:39:31Z"}
{"level":"info","msg":"{\"ev\":\"accepted\",\"id\":\"68277535-0ae6-4fe1-943a-4340db284a2a\",\"t\":1791225572106}","source":"console","time":"2026-10-05T18:39:32Z"}
{"level":"info","msg":"{\"ev\":\"accepted\",\"id\":\"9241252d-1e7f-4940-8c90-59b28bbd4648\",\"t\":1791225572608}","source":"console","time":"2026-10-05T18:39:32Z"}
{"level":"info","msg":"{\"ev\":\"accepted\",\"id\":\"ff45dd8d-62c8-4134-a71d-700b526536e4\",\"t\":1791225573057}","source":"console","time":"2026-10-05T18:39:33Z"}
{"level":"info","msg":"{\"ev\":\"accepted\",\"id\":\"57078864-f028-468b-8075-938e413c0605\",\"t\":1791225573537}","source":"console","time":"2026-10-05T18:39:33Z"}
{"level":"info","msg":"{\"ev\":\"accepted\",\"id\":\"f618b8b4-8da1-4f6a-82ef-deb82d9bd133\",\"t\":1791225574005}","source":"console","time":"2026-10-05T18:39:34Z"}
{"level":"info","msg":"{\"ev\":\"accepted\",\"id\":\"edc828f4-90c1-4da7-bd65-2cd7023b0ac1\",\"t\":1791225574482}","source":"console","time":"2026-10-05T18:39:34Z"}
{"level":"info","msg":"{\"ev\":\"accepted\",\"id\":\"765bf190-2fa8-4a37-8991-9421ac1c4672\",\"t\":1791225574985}","source":"console","time":"2026-10-05T18:39:34Z"}
{"level":"info","msg":"{\"ev\":\"accepted\",\"id\":\"7ee6ccee-bf5c-4f15-8ea5-233f5bd05cda\",\"t\":1791225575450}","source":"console","time":"2026-10-05T18:39:35Z"}
{"level":"info","msg":"{\"ev\":\"accepted\",\"id\":\"1b9d05c1-c344-4978-b9e8-7f7d9dded0de\",\"t\":1791225575922}","source":"console","time":"2026-10-05T18:39:35Z"}
{"level":"info","msg":"{\"ev\":\"accepted\",\"id\":\"0bde69ae-b3d1-492e-833b-b56a60e8d1ce\",\"t\":1791225576387}","source":"console","time":"2026-10-05T18:39:36Z"}
{"level":"info","msg":"{\"ev\":\"accepted\",\"id\":\"9ecca14c-da93-42d6-8b19-e7b3f59f07b7\",\"t\":1791225576870}","source":"console","time":"2026-10-05T18:39:36Z"}
{"level":"info","msg":"{\"ev\":\"accepted\",\"id\":\"27985a70-f91c-4028-ba7a-94cfb98a4661\",\"t\":1791225577343}","source":"console","time":"2026-10-05T18:39:37Z"}
{"level":"info","msg":"{\"ev\":\"accepted\",\"id\":\"f4c21f21-6dd8-4274-a276-b2fc0e0d5644\",\"t\":1791225577829}","source":"console","time":"2026-10-05T18:39:37Z"}
{"level":"info","msg":"{\"ev\":\"accepted\",\"id\":\"ee08e1b4-debf-4ac6-8ed0-186ea7518411\",\"t\":1791225578291}","source":"console","time":"2026-10-05T18:39:38Z"}
{"level":"info","msg":"{\"ev\":\"accepted\",\"id\":\"78ec8d34-b762-44e9-b8b5-990339977235\",\"t\":1791225578773}","source":"console","time":"2026-10-05T18:39:38Z"}
{"level":"info","msg":"{\"ev\":\"accepted\",\"id\":\"d12d3f0e-0d6d-4e7f-b407-798043746c18\",\"t\":1791225579242}","source":"console","time":"2026-10-05T18:39:39Z"}
{"level":"info","msg":"{\"ev\":\"accepted\",\"id\":\"97ac70e7-f126-4ef5-b86b-61168ef92188\",\"t\":1791225579719}","source":"console","time":"2026-10-05T18:39:39Z"}
{"level":"info","msg":"{\"ev\":\"accepted\",\"id\":\"30bbb415-766b-4b8c-8b76-df17c421b35a\",\"t\":1791225580201}","source":"console","time":"2026-10-05T18:39:40Z"}
{"level":"info","msg":"{\"ev\":\"accepted\",\"id\":\"e343d2a8-59a7-48a2-beb1-abb462bc6c5b\",\"t\":1791225580670}","source":"console","time":"2026-10-05T18:39:40Z"}
{"level":"info","msg":"{\"ev\":\"accepted\",\"id\":\"6a7eb7ef-f316-4266-86af-1a7e2829b95a\",\"t\":1791225581146}","source":"console","time":"2026-10-05T18:39:41Z"}
{"level":"info","msg":"{\"ev\":\"accepted\",\"id\":\"544c658f-7ef0-4dbc-8cad-07138601a905\",\"t\":1791225581623}","source":"console","time":"2026-10-05T18:39:41Z"}
{"level":"info","msg":"{\"ev\":\"accepted\",\"id\":\"4e1da6d0-b35c-494b-9c28-315df826012f\",\"t\":1791225582102}","source":"console","time":"2026-10-05T18:39:42Z"}
{"level":"info","msg":"{\"ev\":\"accepted\",\"id\":\"9eb839d3-68dc-4c98-ab67-1d2c934da8b6\",\"t\":1791225582576}","source":"console","time":"2026-10-05T18:39:42Z"}
{"level":"info","msg":"{\"ev\":\"accepted\",\"id\":\"cdb74982-629a-4ea7-a53c-0c4ff8b39526\",\"t\":1791225583052}","source":"console","time":"2026-10-05T18:39:43Z"}
{"level":"info","msg":"{\"ev\":\"accepted\",\"id\":\"68d0e3d2-7e06-44db-8cb0-1b50d38d35a4\",\"t\":1791225583540}","source":"console","time":"2026-10-05T18:39:43Z"}
{"level":"info","msg":"{\"ev\":\"accepted\",\"id\":\"03944f22-5ef3-434b-92fe-92855f4958d7\",\"t\":1791225584034}","source":"console","time":"2026-10-05T18:39:44Z"}
{"level":"info","msg":"{\"ev\":\"accepted\",\"id\":\"164a2e15-f903-4e06-85cf-01144a382e93\",\"t\":1791225584485}","source":"console","time":"2026-10-05T18:39:44Z"}
{"level":"info","msg":"{\"ev\":\"accepted\",\"id\":\"ab83a6ac-3121-44ea-ad32-121a729016ca\",\"t\":1791225584961}","source":"console","time":"2026-10-05T18:39:44Z"}
{"level":"info","msg":"{\"ev\":\"accepted\",\"id\":\"6a6eceb8-dedd-4875-8e8a-8bd09c35ac10\",\"t\":1791225585443}","source":"console","time":"2026-10-05T18:39:45Z"}
{"level":"info","msg":"{\"ev\":\"accepted\",\"id\":\"70c8db25-84e2-40c7-b07c-aa4a5f07b21b\",\"t\":1791225585930}","source":"console","time":"2026-10-05T18:39:45Z"}
{"level":"info","msg":"{\"ev\":\"accepted\",\"id\":\"b4c8a5b3-268b-4ef5-9686-0b67ed06d586\",\"t\":1791225586389}","source":"console","time":"2026-10-05T18:39:46Z"}
{"level":"info","msg":"{\"ev\":\"accepted\",\"id\":\"30c965e9-b0c9-499e-ab0c-c028d7738da7\",\"t\":1791225586867}","source":"console","time":"2026-10-05T18:39:46Z"}
{"level":"info","msg":"{\"ev\":\"accepted\",\"id\":\"ea394788-e334-43ee-84f1-b71ee78c8bec\",\"t\":1791225587347}","source":"console","time":"2026-10-05T18:39:47Z"}
{"level":"info","msg":"{\"ev\":\"accepted\",\"id\":\"f99d7dc7-f4cd-4dd2-8455-4a9d66295026\",\"t\":1791225587828}","source":"console","time":"2026-10-05T18:39:47Z"}
{"level":"info","msg":"{\"ev\":\"accepted\",\"id\":\"f0e9c330-c9b8-47fd-9919-27c41f2620b5\",\"t\":1791225588326}","source":"console","time":"2026-10-05T18:39:48Z"}
{"level":"info","msg":"{\"ev\":\"accepted\",\"id\":\"0bdf205d-f708-48b8-9c31-d7f52f968393\",\"t\":1791225588776}","source":"console","time":"2026-10-05T18:39:48Z"}
{"level":"info","msg":"{\"ev\":\"accepted\",\"id\":\"910ce100-dee6-4414-8959-5ba83c4aceaf\",\"t\":1791225589245}","source":"console","time":"2026-10-05T18:39:49Z"}
{"level":"info","msg":"{\"ev\":\"accepted\",\"id\":\"e89343c2-a043-474f-8355-ec81d9d3a4b5\",\"t\":1791225589720}","source":"console","time":"2026-10-05T18:39:49Z"}
{"level":"info","msg":"{\"ev\":\"accepted\",\"id\":\"6a6657f1-e704-4f52-b58b-0a377ad241e6\",\"t\":1791225590198}","source":"console","time":"2026-10-05T18:39:50Z"}
{"level":"info","msg":"{\"ev\":\"accepted\",\"id\":\"e2467b89-7a6f-437e-a042-d5f0311f11b1\",\"t\":1791225590672}","source":"console","time":"2026-10-05T18:39:50Z"}
{"level":"info","msg":"{\"ev\":\"accepted\",\"id\":\"e74520f1-49aa-40b6-8dd4-eb8f8a203153\",\"t\":1791225591151}","source":"console","time":"2026-10-05T18:39:51Z"}
{"level":"info","msg":"{\"ev\":\"accepted\",\"id\":\"b66543d5-cf7e-44e0-88c7-216e6ad1c8a5\",\"t\":1791225591630}","source":"console","time":"2026-10-05T18:39:51Z"}
{"level":"info","msg":"{\"ev\":\"accepted\",\"id\":\"c9f044dc-87d5-4e7f-ae18-abac576203a3\",\"t\":1791225592102}","source":"console","time":"2026-10-05T18:39:52Z"}
{"level":"info","msg":"{\"ev\":\"accepted\",\"id\":\"bd167a7d-efc2-40af-8a3e-0d000642d2e2\",\"t\":1791225592577}","source":"console","time":"2026-10-05T18:39:52Z"}
{"level":"info","msg":"{\"ev\":\"accepted\",\"id\":\"1775053e-15f3-41cc-aacf-d6fcf166a674\",\"t\":1791225593052}","source":"console","time":"2026-10-05T18:39:53Z"}
{"level":"info","msg":"{\"ev\":\"accepted\",\"id\":\"4c7fe870-daef-4aff-8b15-2f68476887a2\",\"t\":1791225593528}","source":"console","time":"2026-10-05T18:39:53Z"}
{"level":"info","msg":"{\"ev\":\"accepted\",\"id\":\"8916dc36-0990-4214-ac00-954f8c597bab\",\"t\":1791225594008}","source":"console","time":"2026-10-05T18:39:54Z"}
{"level":"info","msg":"{\"ev\":\"accepted\",\"id\":\"ba3f4d59-6a11-4d6c-a4ab-b42711fdf4a7\",\"t\":1791225594517}","source":"console","time":"2026-10-05T18:39:54Z"}
{"level":"info","msg":"{\"ev\":\"accepted\",\"id\":\"398f7869-95d0-459e-be83-e7a66ba58b2d\",\"t\":1791225594977}","source":"console","time":"2026-10-05T18:39:54Z"}
{"level":"info","msg":"{\"ev\":\"accepted\",\"id\":\"012f2cd7-19af-427c-912b-57d8a43e26c1\",\"t\":1791225595437}","source":"console","time":"2026-10-05T18:39:55Z"}
{"level":"info","msg":"{\"ev\":\"accepted\",\"id\":\"f4b7ca20-a6e6-477b-b41f-573f4068233d\",\"t\":1791225595909}","source":"console","time":"2026-10-05T18:39:55Z"}
{"level":"info","msg":"{\"ev\":\"accepted\",\"id\":\"e09f3a6f-60f2-4ebc-a472-a99dd413f094\",\"t\":1791225596403}","source":"console","time":"2026-10-05T18:39:56Z"}
{"level":"info","msg":"{\"ev\":\"accepted\",\"id\":\"e247ea03-0f2f-4366-bc08-2a7755110b57\",\"t\":1791225596885}","source":"console","time":"2026-10-05T18:39:56Z"}
{"level":"info","msg":"{\"ev\":\"accepted\",\"id\":\"3a4d1708-ccfc-475c-a367-a30c92ab6127\",\"t\":1791225597353}","source":"console","time":"2026-10-05T18:39:57Z"}
{"level":"info","msg":"{\"ev\":\"accepted\",\"id\":\"6c9cc443-c4c9-4c40-97d6-1dcb168f6783\",\"t\":1791225597824}","source":"console","time":"2026-10-05T18:39:57Z"}
{"level":"info","msg":"{\"ev\":\"accepted\",\"id\":\"bad7a970-0a82-42fb-82f4-1b74aa998e05\",\"t\":1791225598304}","source":"console","time":"2026-10-05T18:39:58Z"}
{"level":"info","msg":"{\"ev\":\"accepted\",\"id\":\"aedb6143-80e5-4619-b395-b22b540a14d5\",\"t\":1791225598769}","source":"console","time":"2026-10-05T18:39:58Z"}
{"level":"info","msg":"{\"ev\":\"accepted\",\"id\":\"a662462a-3648-4ac2-a0f1-7e883c460d48\",\"t\":1791225599246}","source":"console","time":"2026-10-05T18:39:59Z"}
{"level":"info","msg":"{\"ev\":\"accepted\",\"id\":\"a546f2ec-5e92-47e8-af47-f08b9a9bec2e\",\"t\":1791225599728}","source":"console","time":"2026-10-05T18:39:59Z"}
{"level":"info","msg":"{\"ev\":\"accepted\",\"id\":\"2df0b59f-1959-467b-8426-e2fa3b9f2ea2\",\"t\":1791225600210}","source":"console","time":"2026-10-05T18:40:00Z"}
{"level":"info","msg":"{\"ev\":\"accepted\",\"id\":\"9b585998-d35e-492b-82aa-49c237a8840a\",\"t\":1791225600684}","source":"console","time":"2026-10-05T18:40:00Z"}
{"level":"info","msg":"{\"ev\":\"accepted\",\"id\":\"03489cfa-3245-48fb-bc72-ce7ddd9e13a8\",\"t\":1791225601153}","source":"console","time":"2026-10-05T18:40:01Z"}
{"level":"info","msg":"{\"ev\":\"accepted\",\"id\":\"0a5e1427-617c-48ce-8bee-77ee7523df80\",\"t\":1791225601623}","source":"console","time":"2026-10-05T18:40:01Z"}
{"level":"info","msg":"{\"ev\":\"accepted\",\"id\":\"1ad83e4c-804f-4812-87af-29c57f916e4d\",\"t\":1791225602110}","source":"console","time":"2026-10-05T18:40:02Z"}
{"level":"info","msg":"{\"ev\":\"accepted\",\"id\":\"ded4b00f-a06e-4680-acff-03887a1193ce\",\"t\":1791225602577}","source":"console","time":"2026-10-05T18:40:02Z"}
{"level":"info","msg":"{\"ev\":\"accepted\",\"id\":\"7f1b3da1-b6a1-4130-ae30-52b5fed12390\",\"t\":1791225603061}","source":"console","time":"2026-10-05T18:40:03Z"}
{"level":"info","msg":"{\"ev\":\"accepted\",\"id\":\"9a92cb58-e06d-475f-90c8-50eb5f4cd6a2\",\"t\":1791225603531}","source":"console","time":"2026-10-05T18:40:03Z"}
{"level":"info","msg":"{\"ev\":\"accepted\",\"id\":\"50a1956a-1a74-45b3-ae1e-ccd2d0f536e4\",\"t\":1791225604005}","source":"console","time":"2026-10-05T18:40:04Z"}
{"level":"info","msg":"{\"ev\":\"accepted\",\"id\":\"812a6b89-a635-4ee0-974a-382674860253\",\"t\":1791225604488}","source":"console","time":"2026-10-05T18:40:04Z"}
{"level":"info","msg":"{\"ev\":\"accepted\",\"id\":\"57937f12-9a00-4aba-a413-c83f183d0cd0\",\"t\":1791225604971}","source":"console","time":"2026-10-05T18:40:04Z"}
{"level":"info","msg":"{\"ev\":\"accepted\",\"id\":\"683f859a-8242-4bc3-955d-e3ec6da0beaf\",\"t\":1791225605437}","source":"console","time":"2026-10-05T18:40:05Z"}
{"level":"info","msg":"{\"ev\":\"accepted\",\"id\":\"3f1fdc07-91be-4dd1-8073-55df90972502\",\"t\":1791225605913}","source":"console","time":"2026-10-05T18:40:05Z"}
{"level":"info","msg":"{\"ev\":\"accepted\",\"id\":\"d7fcf510-19da-497d-8f0a-6c1529da61be\",\"t\":1791225606391}","source":"console","time":"2026-10-05T18:40:06Z"}
{"level":"info","msg":"{\"ev\":\"accepted\",\"id\":\"602f348a-9d01-40fc-bb00-8e39d74ff791\",\"t\":1791225606862}","source":"console","time":"2026-10-05T18:40:06Z"}
{"level":"info","msg":"{\"ev\":\"accepted\",\"id\":\"83f59c57-8a2d-4d0c-b0f5-8a0ed7a4fdf2\",\"t\":1791225607340}","source":"console","time":"2026-10-05T18:40:07Z"}
{"level":"info","msg":"{\"ev\":\"accepted\",\"id\":\"3f9b7517-387e-4374-9b5a-4e26cbd204f6\",\"t\":1791225607815}","source":"console","time":"2026-10-05T18:40:07Z"}
{"level":"info","msg":"{\"ev\":\"accepted\",\"id\":\"15a681b5-4e98-46aa-9fa3-4368be28b07a\",\"t\":1791225608288}","source":"console","time":"2026-10-05T18:40:08Z"}
{"level":"info","msg":"{\"ev\":\"accepted\",\"id\":\"73042798-d8bc-4ce9-a466-089f0968dca2\",\"t\":1791225608770}","source":"console","time":"2026-10-05T18:40:08Z"}
{"level":"info","msg":"{\"ev\":\"accepted\",\"id\":\"4c3d917e-1481-4580-8eb6-6b477862db89\",\"t\":1791225609244}","source":"console","time":"2026-10-05T18:40:09Z"}
{"level":"info","msg":"{\"ev\":\"accepted\",\"id\":\"3ff47c61-5fa7-4ca5-8170-59bbb120e68b\",\"t\":1791225609720}","source":"console","time":"2026-10-05T18:40:09Z"}
{"level":"info","msg":"{\"ev\":\"accepted\",\"id\":\"3a0c69ad-8aac-414d-8658-d82fd59ed4b8\",\"t\":1791225610194}","source":"console","time":"2026-10-05T18:40:10Z"}
{"level":"info","msg":"{\"ev\":\"accepted\",\"id\":\"35086331-f35d-4bb1-90c1-8c7ee3e34958\",\"t\":1791225610674}","source":"console","time":"2026-10-05T18:40:10Z"}
{"level":"info","msg":"{\"ev\":\"accepted\",\"id\":\"1c96dbae-350b-4cc6-923f-90889d9542bb\",\"t\":1791225611148}","source":"console","time":"2026-10-05T18:40:11Z"}
{"level":"info","msg":"{\"ev\":\"accepted\",\"id\":\"76401d01-adbb-4de2-b1e3-bdc219af7447\",\"t\":1791225611640}","source":"console","time":"2026-10-05T18:40:11Z"}
{"level":"info","msg":"{\"ev\":\"accepted\",\"id\":\"dce1cf5b-67d2-4683-b362-d54e5c15456b\",\"t\":1791225612111}","source":"console","time":"2026-10-05T18:40:12Z"}
{"level":"info","msg":"{\"ev\":\"accepted\",\"id\":\"5a36dcf7-89c0-452c-9880-bdc906c4da22\",\"t\":1791225612577}","source":"console","time":"2026-10-05T18:40:12Z"}
{"level":"info","msg":"{\"ev\":\"accepted\",\"id\":\"64be7d54-f8cd-4307-a686-e50404f2a6fa\",\"t\":1791225613052}","source":"console","time":"2026-10-05T18:40:13Z"}
{"level":"info","msg":"{\"ev\":\"accepted\",\"id\":\"70457ed9-b0df-4510-a980-3d9fe410649b\",\"t\":1791225613564}","source":"console","time":"2026-10-05T18:40:13Z"}
{"level":"info","msg":"{\"ev\":\"accepted\",\"id\":\"cda18577-0dc9-48ca-aa89-295a82d8ee59\",\"t\":1791225614012}","source":"console","time":"2026-10-05T18:40:14Z"}
{"level":"info","msg":"{\"ev\":\"accepted\",\"id\":\"f42c42a7-5b09-4683-972d-b2eae9e762b3\",\"t\":1791225614481}","source":"console","time":"2026-10-05T18:40:14Z"}
{"level":"info","msg":"{\"ev\":\"accepted\",\"id\":\"f2eb1ea5-965b-4378-8292-0099c7437255\",\"t\":1791225614973}","source":"console","time":"2026-10-05T18:40:14Z"}
{"level":"info","msg":"{\"ev\":\"accepted\",\"id\":\"7b406517-5ccb-419b-8ae9-9618b42a9516\",\"t\":1791225615432}","source":"console","time":"2026-10-05T18:40:15Z"}
{"level":"info","msg":"{\"ev\":\"accepted\",\"id\":\"efef0122-ee11-4075-bc8e-b59d3cee6314\",\"t\":1791225615921}","source":"console","time":"2026-10-05T18:40:15Z"}
{"level":"info","msg":"{\"ev\":\"accepted\",\"id\":\"83179231-ce97-4c88-b2f0-13b816d6b585\",\"t\":1791225616397}","source":"console","time":"2026-10-05T18:40:16Z"}
{"level":"info","msg":"{\"ev\":\"accepted\",\"id\":\"5e54059c-8c9d-42e9-8d83-93a7b7cc09bc\",\"t\":1791225616867}","source":"console","time":"2026-10-05T18:40:16Z"}
{"level":"info","msg":"{\"ev\":\"accepted\",\"id\":\"f685c1cb-9431-4569-ae58-4663973d5c2a\",\"t\":1791225617337}","source":"console","time":"2026-10-05T18:40:17Z"}
{"level":"info","msg":"{\"ev\":\"accepted\",\"id\":\"8d52f12b-3dc7-4596-9ce1-0db158b57d72\",\"t\":1791225617816}","source":"console","time":"2026-10-05T18:40:17Z"}
{"level":"info","msg":"{\"ev\":\"accepted\",\"id\":\"91ba8543-94e3-41e2-95be-9c19f1baf272\",\"t\":1791225618322}","source":"console","time":"2026-10-05T18:40:18Z"}
{"level":"info","msg":"{\"ev\":\"accepted\",\"id\":\"fefbec2c-6143-43fe-a2e5-a52e8d0a4910\",\"t\":1791225618775}","source":"console","time":"2026-10-05T18:40:18Z"}
{"level":"info","msg":"{\"ev\":\"accepted\",\"id\":\"007f291f-3566-4c0c-b18a-f3a72e2bea4c\",\"t\":1791225619256}","source":"console","time":"2026-10-05T18:40:19Z"}
{"level":"info","msg":"{\"ev\":\"accepted\",\"id\":\"4aa7d06e-feb1-4d76-82af-43e4a67625cb\",\"t\":1791225619722}","source":"console","time":"2026-10-05T18:40:19Z"}
{"level":"info","msg":"{\"ev\":\"accepted\",\"id\":\"bce7ebf6-138d-46a0-a0f8-dd95e28b7a70\",\"t\":1791225620200}","source":"console","time":"2026-10-05T18:40:20Z"}
{"level":"info","msg":"{\"ev\":\"accepted\",\"id\":\"11f70e25-7243-449f-8ed1-d3450bf32c1f\",\"t\":1791225620672}","source":"console","time":"2026-10-05T18:40:20Z"}
{"level":"info","msg":"{\"ev\":\"accepted\",\"id\":\"45545b09-499d-4539-a224-0af7b9ef1929\",\"t\":1791225621158}","source":"console","time":"2026-10-05T18:40:21Z"}
{"level":"info","msg":"{\"ev\":\"accepted\",\"id\":\"b7906a38-a506-4e6a-8bd4-52776370ea47\",\"t\":1791225621632}","source":"console","time":"2026-10-05T18:40:21Z"}
{"level":"info","msg":"{\"ev\":\"accepted\",\"id\":\"fb8dc377-2f60-40b0-8fd0-182779c5a9fe\",\"t\":1791225622098}","source":"console","time":"2026-10-05T18:40:22Z"}
{"level":"info","msg":"{\"ev\":\"accepted\",\"id\":\"53d84066-99e9-4a0c-9cfb-9e7b376ea188\",\"t\":1791225622582}","source":"console","time":"2026-10-05T18:40:22Z"}
{"level":"info","msg":"{\"ev\":\"accepted\",\"id\":\"d8b13150-f19f-4705-862e-457bc8019792\",\"t\":1791225623072}","source":"console","time":"2026-10-05T18:40:23Z"}
{"level":"info","msg":"{\"ev\":\"accepted\",\"id\":\"b61a8c4c-701c-4838-897c-f8ff816d7e58\",\"t\":1791225623530}","source":"console","time":"2026-10-05T18:40:23Z"}
{"level":"info","msg":"{\"ev\":\"accepted\",\"id\":\"f3ca82c5-3416-4dca-a696-73f3869212de\",\"t\":1791225624034}","source":"console","time":"2026-10-05T18:40:24Z"}
{"level":"info","msg":"{\"ev\":\"accepted\",\"id\":\"9509d859-1ee4-4441-975f-0600b06a7ee5\",\"t\":1791225624486}","source":"console","time":"2026-10-05T18:40:24Z"}
{"level":"info","msg":"{\"ev\":\"accepted\",\"id\":\"c2f67319-c67c-4685-9dfc-bdcf26f6b81c\",\"t\":1791225624965}","source":"console","time":"2026-10-05T18:40:24Z"}
{"level":"info","msg":"{\"ev\":\"accepted\",\"id\":\"fd5e9fab-8286-440f-bc60-4f2f771c2d02\",\"t\":1791225625437}","source":"console","time":"2026-10-05T18:40:25Z"}
{"level":"info","msg":"{\"ev\":\"accepted\",\"id\":\"13799c40-1217-49d1-96ed-27f75ccd29e2\",\"t\":1791225625923}","source":"console","time":"2026-10-05T18:40:25Z"}
{"level":"info","msg":"{\"ev\":\"accepted\",\"id\":\"276012d7-2ba4-4b65-bc91-b657ba637706\",\"t\":1791225626419}","source":"console","time":"2026-10-05T18:40:26Z"}
{"level":"info","msg":"{\"ev\":\"accepted\",\"id\":\"c8d6a1fe-1ebb-45d0-b2ef-0fb3c2a2e057\",\"t\":1791225626889}","source":"console","time":"2026-10-05T18:40:26Z"}
{"level":"info","msg":"{\"ev\":\"accepted\",\"id\":\"8a5ead0a-760a-4dd2-a0dc-c98c45a95379\",\"t\":1791225627361}","source":"console","time":"2026-10-05T18:40:27Z"}
{"level":"info","msg":"{\"ev\":\"accepted\",\"id\":\"587cf648-439d-408b-aab1-ae3b7a3ed0a7\",\"t\":1791225627822}","source":"console","time":"2026-10-05T18:40:27Z"}
{"level":"info","msg":"{\"ev\":\"accepted\",\"id\":\"9aae274b-014c-4eae-95ca-78370276f150\",\"t\":1791225628297}","source":"console","time":"2026-10-05T18:40:28Z"}
{"level":"info","msg":"{\"ev\":\"accepted\",\"id\":\"f5c75453-bbc9-454b-9fc8-3c4ecbbc464c\",\"t\":1791225628774}","source":"console","time":"2026-10-05T18:40:28Z"}
{"level":"info","msg":"{\"ev\":\"accepted\",\"id\":\"25605a53-61a0-47b6-9052-fd60c10cad1e\",\"t\":1791225629246}","source":"console","time":"2026-10-05T18:40:29Z"}
{"level":"info","msg":"{\"ev\":\"accepted\",\"id\":\"9de1aad1-1149-44b5-b901-6b5e09040678\",\"t\":1791225629743}","source":"console","time":"2026-10-05T18:40:29Z"}
{"level":"info","msg":"{\"ev\":\"accepted\",\"id\":\"cb1b0063-9963-4e20-97e0-fe3e03b93b23\",\"t\":1791225630202}","source":"console","time":"2026-10-05T18:40:30Z"}
{"level":"info","msg":"{\"ev\":\"accepted\",\"id\":\"7841a56b-2a36-4ff6-a606-ab0ae1eeaf32\",\"t\":1791225630683}","source":"console","time":"2026-10-05T18:40:30Z"}
{"level":"info","msg":"{\"ev\":\"accepted\",\"id\":\"e1006e94-a3ef-4f50-8e2b-360c2676bb28\",\"t\":1791225631149}","source":"console","time":"2026-10-05T18:40:31Z"}
{"level":"info","msg":"{\"ev\":\"accepted\",\"id\":\"2ebbec89-d54d-48a2-aaf1-bcbaf4d4add2\",\"t\":1791225631648}","source":"console","time":"2026-10-05T18:40:31Z"}
{"level":"info","msg":"{\"ev\":\"accepted\",\"id\":\"0942842a-f73c-42a3-908d-7d173cf5a271\",\"t\":1791225632102}","source":"console","time":"2026-10-05T18:40:32Z"}
{"level":"info","msg":"{\"ev\":\"accepted\",\"id\":\"fa0a25e0-6525-42a0-abc2-9b7c32f40838\",\"t\":1791225632577}","source":"console","time":"2026-10-05T18:40:32Z"}
{"level":"info","msg":"{\"ev\":\"accepted\",\"id\":\"1c9413ea-7549-406a-8aba-c25d8ce7a94c\",\"t\":1791225633054}","source":"console","time":"2026-10-05T18:40:33Z"}
{"level":"info","msg":"{\"ev\":\"accepted\",\"id\":\"de812a01-b7c3-4e80-ada5-258d1428fb5f\",\"t\":1791225633533}","source":"console","time":"2026-10-05T18:40:33Z"}
{"level":"info","msg":"{\"ev\":\"accepted\",\"id\":\"2f7d6642-0dbc-4cf3-b148-2d9bef871d6a\",\"t\":1791225634005}","source":"console","time":"2026-10-05T18:40:34Z"}
{"level":"info","msg":"{\"ev\":\"accepted\",\"id\":\"98586823-d5a3-44fb-ac05-54b0e9a84478\",\"t\":1791225634481}","source":"console","time":"2026-10-05T18:40:34Z"}
{"level":"info","msg":"{\"ev\":\"accepted\",\"id\":\"77dcbd64-928b-4df4-a7ad-2b7123bd1c6a\",\"t\":1791225634968}","source":"console","time":"2026-10-05T18:40:34Z"}
{"level":"info","msg":"{\"ev\":\"accepted\",\"id\":\"d46f023f-7c2f-439b-9792-379710ccd495\",\"t\":1791225635438}","source":"console","time":"2026-10-05T18:40:35Z"}
{"level":"info","msg":"{\"ev\":\"accepted\",\"id\":\"328d65b2-76fb-4df8-a296-f4bb560b1856\",\"t\":1791225635925}","source":"console","time":"2026-10-05T18:40:35Z"}
{"level":"info","msg":"{\"ev\":\"accepted\",\"id\":\"c5f4f4b2-2544-4800-82eb-8f3ae1e07d13\",\"t\":1791225636404}","source":"console","time":"2026-10-05T18:40:36Z"}
{"level":"info","msg":"{\"ev\":\"accepted\",\"id\":\"3cf3b9b3-d332-4ed9-9b06-69510bf17bce\",\"t\":1791225636881}","source":"console","time":"2026-10-05T18:40:36Z"}
{"level":"info","msg":"{\"ev\":\"accepted\",\"id\":\"129884af-7203-455c-ab94-7685fb0e637e\",\"t\":1791225637358}","source":"console","time":"2026-10-05T18:40:37Z"}
{"level":"info","msg":"{\"ev\":\"accepted\",\"id\":\"61c363d2-5ae2-45f3-8696-6cda92830ebf\",\"t\":1791225637817}","source":"console","time":"2026-10-05T18:40:37Z"}
{"level":"info","msg":"{\"ev\":\"accepted\",\"id\":\"c805f9af-6ffd-4b06-aa41-bf7d4ecf190c\",\"t\":1791225638290}","source":"console","time":"2026-10-05T18:40:38Z"}
{"level":"info","msg":"{\"ev\":\"accepted\",\"id\":\"f6607506-06ac-41ad-98f2-f956be1e9515\",\"t\":1791225638766}","source":"console","time":"2026-10-05T18:40:38Z"}
{"level":"info","msg":"{\"ev\":\"accepted\",\"id\":\"086278bf-e3e2-4b72-bda3-2fe02cdc0c00\",\"t\":1791225639252}","source":"console","time":"2026-10-05T18:40:39Z"}
{"level":"info","msg":"{\"ev\":\"accepted\",\"id\":\"ef31bb03-0c99-4cd3-9d56-fbafb92363d3\",\"t\":1791225639724}","source":"console","time":"2026-10-05T18:40:39Z"}
{"level":"info","msg":"{\"ev\":\"accepted\",\"id\":\"74d23d73-dd05-4739-81c1-52d9fda15cfe\",\"t\":1791225640196}","source":"console","time":"2026-10-05T18:40:40Z"}
{"level":"info","msg":"{\"ev\":\"accepted\",\"id\":\"92854166-6eaf-4a93-abd2-5b994750c93a\",\"t\":1791225640683}","source":"console","time":"2026-10-05T18:40:40Z"}
{"level":"info","msg":"{\"ev\":\"accepted\",\"id\":\"323c5fab-5f77-426b-a388-562cf794bbf8\",\"t\":1791225641150}","source":"console","time":"2026-10-05T18:40:41Z"}
{"level":"info","msg":"{\"ev\":\"accepted\",\"id\":\"78861f7b-d315-46bb-a06f-bbbdc90af4b2\",\"t\":1791225641625}","source":"console","time":"2026-10-05T18:40:41Z"}
{"level":"info","msg":"{\"ev\":\"accepted\",\"id\":\"fd718493-6a06-4ffc-a8b1-0fa7b70af97e\",\"t\":1791225642122}","source":"console","time":"2026-10-05T18:40:42Z"}
{"level":"info","msg":"{\"ev\":\"accepted\",\"id\":\"64514557-352f-496a-9b3b-734db65f3640\",\"t\":1791225642593}","source":"console","time":"2026-10-05T18:40:42Z"}
{"level":"info","msg":"{\"ev\":\"accepted\",\"id\":\"f9460e40-725e-47f6-901f-f882ae5b19bc\",\"t\":1791225643054}","source":"console","time":"2026-10-05T18:40:43Z"}
{"level":"info","msg":"{\"ev\":\"accepted\",\"id\":\"58bbbfdd-aad1-4436-9f3d-29f9b4072dba\",\"t\":1791225643529}","source":"console","time":"2026-10-05T18:40:43Z"}
{"level":"info","msg":"{\"ev\":\"accepted\",\"id\":\"e8532a77-7ea2-4ac3-a266-edf1a71818cc\",\"t\":1791225644013}","source":"console","time":"2026-10-05T18:40:44Z"}
{"level":"info","msg":"{\"ev\":\"accepted\",\"id\":\"974d3f59-7229-4bf7-8635-f8c4ecef8db6\",\"t\":1791225644496}","source":"console","time":"2026-10-05T18:40:44Z"}
{"level":"info","msg":"{\"ev\":\"accepted\",\"id\":\"de243bab-747b-4d2f-8ede-206a5978bf2e\",\"t\":1791225644981}","source":"console","time":"2026-10-05T18:40:44Z"}
{"level":"info","msg":"{\"ev\":\"accepted\",\"id\":\"7cf5c290-adc3-42a4-914c-988b1a991440\",\"t\":1791225645441}","source":"console","time":"2026-10-05T18:40:45Z"}
{"level":"info","msg":"{\"ev\":\"accepted\",\"id\":\"e7fe4cd5-f216-49e6-922d-8b40d43db96c\",\"t\":1791225645923}","source":"console","time":"2026-10-05T18:40:45Z"}
{"level":"info","msg":"{\"ev\":\"accepted\",\"id\":\"4ab19fc5-4dd2-4010-b845-2f9fd87c28c2\",\"t\":1791225646397}","source":"console","time":"2026-10-05T18:40:46Z"}
{"level":"info","msg":"{\"ev\":\"accepted\",\"id\":\"a96ef582-47b8-40d3-9998-ad89997c962a\",\"t\":1791225646868}","source":"console","time":"2026-10-05T18:40:46Z"}
{"level":"info","msg":"{\"ev\":\"accepted\",\"id\":\"447ede60-707b-48e2-925f-a52a2a6b78e7\",\"t\":1791225647341}","source":"console","time":"2026-10-05T18:40:47Z"}
{"level":"info","msg":"{\"ev\":\"accepted\",\"id\":\"c6526618-56dd-4112-b0e0-66ccd2844a00\",\"t\":1791225647820}","source":"console","time":"2026-10-05T18:40:47Z"}
{"level":"info","msg":"{\"ev\":\"accepted\",\"id\":\"1fcf9da9-2a19-4be4-88cb-4f3f9bd040cc\",\"t\":1791225648295}","source":"console","time":"2026-10-05T18:40:48Z"}
{"level":"info","msg":"{\"ev\":\"accepted\",\"id\":\"7fa813af-fa31-4176-9908-38fd47871ad1\",\"t\":1791225648780}","source":"console","time":"2026-10-05T18:40:48Z"}
{"level":"info","msg":"{\"ev\":\"accepted\",\"id\":\"117690dd-df9c-4ab1-b02f-6d811bc04131\",\"t\":1791225649258}","source":"console","time":"2026-10-05T18:40:49Z"}
{"level":"info","msg":"{\"ev\":\"accepted\",\"id\":\"196a26ed-d0df-4094-a98e-10f9cddd54b4\",\"t\":1791225649739}","source":"console","time":"2026-10-05T18:40:49Z"}
{"level":"info","msg":"{\"ev\":\"accepted\",\"id\":\"091a54a5-aae4-4a84-8e89-46c78ddcabb1\",\"t\":1791225650202}","source":"console","time":"2026-10-05T18:40:50Z"}
{"level":"info","msg":"{\"ev\":\"accepted\",\"id\":\"233aeef1-f5dd-42e5-81ea-91cc6a370722\",\"t\":1791225650689}","source":"console","time":"2026-10-05T18:40:50Z"}
{"level":"info","msg":"{\"ev\":\"accepted\",\"id\":\"1a1d5682-7457-4d2d-9754-25a1e82f70f9\",\"t\":1791225651149}","source":"console","time":"2026-10-05T18:40:51Z"}
{"level":"info","msg":"{\"ev\":\"accepted\",\"id\":\"0849ed21-a179-454e-9049-849f2d5fcc5e\",\"t\":1791225651629}","source":"console","time":"2026-10-05T18:40:51Z"}
{"level":"info","msg":"{\"ev\":\"accepted\",\"id\":\"04776c81-fdc0-476e-b82a-24d6dd8fdaec\",\"t\":1791225652099}","source":"console","time":"2026-10-05T18:40:52Z"}
{"level":"info","msg":"{\"ev\":\"accepted\",\"id\":\"e4a08182-4a53-49e3-b2e3-6adca21e301c\",\"t\":1791225652592}","source":"console","time":"2026-10-05T18:40:52Z"}
{"level":"info","msg":"{\"ev\":\"accepted\",\"id\":\"14ad6535-656b-4cf3-a51d-dee0743448b8\",\"t\":1791225653061}","source":"console","time":"2026-10-05T18:40:53Z"}
{"level":"info","msg":"{\"ev\":\"accepted\",\"id\":\"9ede2e8f-03bb-4e8b-b4ed-4646148b348c\",\"t\":1791225653528}","source":"console","time":"2026-10-05T18:40:53Z"}
{"level":"info","msg":"{\"ev\":\"accepted\",\"id\":\"17e30198-ab5f-4a06-8bcf-af938506783d\",\"t\":1791225654012}","source":"console","time":"2026-10-05T18:40:54Z"}
{"level":"info","msg":"{\"ev\":\"accepted\",\"id\":\"c3adcedc-5408-47c1-a4da-aa9432ff6586\",\"t\":1791225654486}","source":"console","time":"2026-10-05T18:40:54Z"}
{"level":"info","msg":"{\"ev\":\"accepted\",\"id\":\"a32d1e9c-ca5e-4f66-8f97-d0ecf10bfc49\",\"t\":1791225654960}","source":"console","time":"2026-10-05T18:40:54Z"}
{"level":"info","msg":"{\"ev\":\"accepted\",\"id\":\"a567e6ee-2a5c-44b5-92b1-3966a2fe40ac\",\"t\":1791225655436}","source":"console","time":"2026-10-05T18:40:55Z"}
{"level":"info","msg":"{\"ev\":\"accepted\",\"id\":\"3146f4f0-cd8b-477e-a609-57dcf36c58f5\",\"t\":1791225655909}","source":"console","time":"2026-10-05T18:40:55Z"}
{"level":"info","msg":"{\"ev\":\"accepted\",\"id\":\"96d44da4-127d-406e-b88d-30f3941a77a7\",\"t\":1791225656394}","source":"console","time":"2026-10-05T18:40:56Z"}
{"level":"info","msg":"{\"ev\":\"accepted\",\"id\":\"4cfbcc57-fa83-45fe-a58b-1603e89300e5\",\"t\":1791225656868}","source":"console","time":"2026-10-05T18:40:56Z"}
{"level":"info","msg":"{\"ev\":\"accepted\",\"id\":\"1dc35513-1f64-46b2-9e42-5184e9e6f07f\",\"t\":1791225657350}","source":"console","time":"2026-10-05T18:40:57Z"}
{"level":"info","msg":"{\"ev\":\"accepted\",\"id\":\"6a3f8ddd-b8d7-4b5e-93e5-3bdd78987056\",\"t\":1791225657824}","source":"console","time":"2026-10-05T18:40:57Z"}
{"level":"info","msg":"{\"ev\":\"accepted\",\"id\":\"2a289553-c367-4199-ae33-fcfcf01353f1\",\"t\":1791225658310}","source":"console","time":"2026-10-05T18:40:58Z"}
{"level":"info","msg":"{\"ev\":\"accepted\",\"id\":\"97fdde37-d08b-4cdd-ae41-65ae14a7dac1\",\"t\":1791225658771}","source":"console","time":"2026-10-05T18:40:58Z"}
{"level":"info","msg":"{\"ev\":\"accepted\",\"id\":\"ab58a9ef-fd82-41e3-abff-f04cc50940c8\",\"t\":1791225659245}","source":"console","time":"2026-10-05T18:40:59Z"}
{"level":"info","msg":"{\"ev\":\"accepted\",\"id\":\"5a0164ea-db64-4b7e-a44e-e3f0c1018fc7\",\"t\":1791225659719}","source":"console","time":"2026-10-05T18:40:59Z"}
{"level":"info","msg":"{\"ev\":\"accepted\",\"id\":\"1da1dac6-3a9a-4a0e-8b0f-7d97070223bc\",\"t\":1791225660223}","source":"console","time":"2026-10-05T18:41:00Z"}
{"level":"info","msg":"{\"ev\":\"accepted\",\"id\":\"b88ca458-54d8-4205-9960-4e59228f5edb\",\"t\":1791225660685}","source":"console","time":"2026-10-05T18:41:00Z"}
{"level":"info","msg":"{\"ev\":\"accepted\",\"id\":\"c0621a46-8535-4028-a4b8-c1b03666ee68\",\"t\":1791225661167}","source":"console","time":"2026-10-05T18:41:01Z"}
{"level":"info","msg":"{\"ev\":\"accepted\",\"id\":\"db4a04e3-1813-4847-be98-959927dd542e\",\"t\":1791225661625}","source":"console","time":"2026-10-05T18:41:01Z"}
{"level":"info","msg":"{\"ev\":\"accepted\",\"id\":\"9ecb9884-30bf-47cc-b8f4-3bfdb2b645e6\",\"t\":1791225662102}","source":"console","time":"2026-10-05T18:41:02Z"}
{"level":"info","msg":"{\"ev\":\"accepted\",\"id\":\"2de933c7-df61-443d-8d6b-2dc9eabe7f2a\",\"t\":1791225662590}","source":"console","time":"2026-10-05T18:41:02Z"}
{"level":"info","msg":"{\"ev\":\"accepted\",\"id\":\"7ff29e7e-088a-4a5f-924c-416460eaff37\",\"t\":1791225663069}","source":"console","time":"2026-10-05T18:41:03Z"}
{"level":"info","msg":"{\"ev\":\"accepted\",\"id\":\"170c9ac1-917b-4b18-89b6-a6e051101255\",\"t\":1791225663533}","source":"console","time":"2026-10-05T18:41:03Z"}
{"level":"info","msg":"{\"ev\":\"accepted\",\"id\":\"8a68c183-51f7-4dd6-b661-cc34c7b62b7a\",\"t\":1791225664004}","source":"console","time":"2026-10-05T18:41:04Z"}
{"level":"info","msg":"{\"ev\":\"accepted\",\"id\":\"f767733b-20d1-42cf-8aa7-2c90f6648485\",\"t\":1791225664486}","source":"console","time":"2026-10-05T18:41:04Z"}
{"level":"info","msg":"{\"ev\":\"accepted\",\"id\":\"e61f5052-f603-43da-bc06-24f5242cd64c\",\"t\":1791225664970}","source":"console","time":"2026-10-05T18:41:04Z"}
{"level":"info","msg":"{\"ev\":\"accepted\",\"id\":\"db28d8e1-54c5-4732-a185-d840b106aaa3\",\"t\":1791225665447}","source":"console","time":"2026-10-05T18:41:05Z"}
{"level":"info","msg":"{\"ev\":\"accepted\",\"id\":\"2efc622f-27f6-430c-a05d-559f47e0f193\",\"t\":1791225665929}","source":"console","time":"2026-10-05T18:41:05Z"}
{"level":"info","msg":"{\"ev\":\"accepted\",\"id\":\"c841b88c-e32e-43d4-af6f-a252b1f95c9b\",\"t\":1791225666388}","source":"console","time":"2026-10-05T18:41:06Z"}
{"level":"info","msg":"{\"ev\":\"accepted\",\"id\":\"0ce66b94-ed69-418c-9223-c9add914211c\",\"t\":1791225666866}","source":"console","time":"2026-10-05T18:41:06Z"}
{"level":"info","msg":"{\"ev\":\"accepted\",\"id\":\"9f607653-e164-4acc-89b5-eca34b1b840c\",\"t\":1791225667343}","source":"console","time":"2026-10-05T18:41:07Z"}
{"level":"info","msg":"{\"ev\":\"accepted\",\"id\":\"43ed4314-b68f-4910-a577-6a6bdfaf010c\",\"t\":1791225667819}","source":"console","time":"2026-10-05T18:41:07Z"}
{"level":"info","msg":"{\"ev\":\"accepted\",\"id\":\"a581c07e-171b-40bc-a528-65c9d95119a7\",\"t\":1791225668292}","source":"console","time":"2026-10-05T18:41:08Z"}
{"level":"info","msg":"{\"ev\":\"accepted\",\"id\":\"f2384eb2-9c5c-4dd1-aafc-1dde060781f8\",\"t\":1791225668768}","source":"console","time":"2026-10-05T18:41:08Z"}
{"level":"info","msg":"{\"ev\":\"accepted\",\"id\":\"6a91cbf5-bdd3-4fac-ac6e-8c7a9c349538\",\"t\":1791225669243}","source":"console","time":"2026-10-05T18:41:09Z"}
{"level":"info","msg":"{\"ev\":\"accepted\",\"id\":\"40fa6b69-63fa-496c-8e4d-71d6183469f2\",\"t\":1791225669723}","source":"console","time":"2026-10-05T18:41:09Z"}
{"level":"info","msg":"{\"ev\":\"accepted\",\"id\":\"085b9fa9-e862-4131-944e-b9e45a8dcefe\",\"t\":1791225670194}","source":"console","time":"2026-10-05T18:41:10Z"}
{"level":"info","msg":"{\"ev\":\"accepted\",\"id\":\"1941c98e-cda9-4260-9693-4a4a44ef472c\",\"t\":1791225670678}","source":"console","time":"2026-10-05T18:41:10Z"}
{"level":"info","msg":"{\"ev\":\"accepted\",\"id\":\"a2a20be5-d25a-4b47-86ff-f0f14f256d05\",\"t\":1791225671154}","source":"console","time":"2026-10-05T18:41:11Z"}
{"level":"info","msg":"{\"ev\":\"accepted\",\"id\":\"322b24b0-1332-44e9-969e-39fd9f0243ff\",\"t\":1791225671634}","source":"console","time":"2026-10-05T18:41:11Z"}
{"level":"info","msg":"{\"ev\":\"accepted\",\"id\":\"2cb0a3c1-0df7-4e58-a14e-d1c1fdf93b90\",\"t\":1791225672101}","source":"console","time":"2026-10-05T18:41:12Z"}
{"level":"info","msg":"{\"ev\":\"accepted\",\"id\":\"a8c70c3e-3460-4bc0-b24b-f77abcf30adf\",\"t\":1791225672594}","source":"console","time":"2026-10-05T18:41:12Z"}
{"level":"info","msg":"{\"ev\":\"accepted\",\"id\":\"9da5c411-3677-477c-be58-45db1267e9fe\",\"t\":1791225673057}","source":"console","time":"2026-10-05T18:41:13Z"}
{"level":"info","msg":"{\"ev\":\"accepted\",\"id\":\"d3856e2a-1dfa-4e7d-babd-c30de42d7989\",\"t\":1791225673542}","source":"console","time":"2026-10-05T18:41:13Z"}
{"level":"info","msg":"{\"ev\":\"accepted\",\"id\":\"e0e8f3ce-f156-4a11-892e-e247c06b4442\",\"t\":1791225674009}","source":"console","time":"2026-10-05T18:41:14Z"}
{"level":"info","msg":"{\"ev\":\"accepted\",\"id\":\"c5b8c92f-ef50-44b4-82cb-9d4e35379c74\",\"t\":1791225674479}","source":"console","time":"2026-10-05T18:41:14Z"}
{"level":"info","msg":"{\"ev\":\"accepted\",\"id\":\"5e228be2-bfff-48e7-b756-aed1a726fbd0\",\"t\":1791225674962}","source":"console","time":"2026-10-05T18:41:14Z"}
{"level":"info","msg":"{\"ev\":\"accepted\",\"id\":\"6c0afc4b-8ed7-4318-a47b-5e2412b37f63\",\"t\":1791225675447}","source":"console","time":"2026-10-05T18:41:15Z"}
{"level":"info","msg":"{\"ev\":\"accepted\",\"id\":\"f393292a-25f9-42cd-a033-137a02639d6c\",\"t\":1791225675910}","source":"console","time":"2026-10-05T18:41:15Z"}
{"level":"info","msg":"{\"ev\":\"accepted\",\"id\":\"be56a93a-f375-49e3-ab37-b66cf656bb60\",\"t\":1791225676398}","source":"console","time":"2026-10-05T18:41:16Z"}
{"level":"info","msg":"{\"ev\":\"accepted\",\"id\":\"871b2ab2-fb39-49c7-96f4-0e87dd6acd43\",\"t\":1791225676876}","source":"console","time":"2026-10-05T18:41:16Z"}
{"level":"info","msg":"{\"ev\":\"accepted\",\"id\":\"fecdec5e-b614-43cf-b2bb-d78a904aae8c\",\"t\":1791225677340}","source":"console","time":"2026-10-05T18:41:17Z"}
{"level":"info","msg":"{\"ev\":\"accepted\",\"id\":\"e91da983-82d3-4cd3-8a4f-fbbc5b22b6f8\",\"t\":1791225677814}","source":"console","time":"2026-10-05T18:41:17Z"}
{"level":"info","msg":"{\"ev\":\"accepted\",\"id\":\"b8e88bc0-ad9b-49cb-9bbf-ae0810122021\",\"t\":1791225678295}","source":"console","time":"2026-10-05T18:41:18Z"}
{"level":"info","msg":"{\"ev\":\"accepted\",\"id\":\"86b7987d-a74f-40ae-9b35-0b50dc98b959\",\"t\":1791225678766}","source":"console","time":"2026-10-05T18:41:18Z"}
{"level":"info","msg":"{\"ev\":\"accepted\",\"id\":\"d09020dd-8947-4b3d-b737-2da19c210f87\",\"t\":1791225679247}","source":"console","time":"2026-10-05T18:41:19Z"}
{"level":"info","msg":"{\"ev\":\"accepted\",\"id\":\"b871376a-9be8-41ef-b22b-1d6696c3b8fb\",\"t\":1791225679724}","source":"console","time":"2026-10-05T18:41:19Z"}
{"level":"info","msg":"{\"ev\":\"accepted\",\"id\":\"55438c50-681f-454b-b298-357bfafca4fc\",\"t\":1791225680197}","source":"console","time":"2026-10-05T18:41:20Z"}
{"level":"info","msg":"{\"ev\":\"accepted\",\"id\":\"c4083961-72ad-4602-89d2-43070ad64a71\",\"t\":1791225680671}","source":"console","time":"2026-10-05T18:41:20Z"}
{"level":"info","msg":"{\"ev\":\"accepted\",\"id\":\"553fa5ff-9367-4703-807e-d12c635aec75\",\"t\":1791225681153}","source":"console","time":"2026-10-05T18:41:21Z"}
{"level":"info","msg":"{\"ev\":\"accepted\",\"id\":\"b6ddae82-92a6-496e-97ec-f14fbd6d6459\",\"t\":1791225681625}","source":"console","time":"2026-10-05T18:41:21Z"}
{"level":"info","msg":"{\"ev\":\"accepted\",\"id\":\"57b83a0f-673d-48d0-9faf-8822b7dfdceb\",\"t\":1791225682099}","source":"console","time":"2026-10-05T18:41:22Z"}
{"level":"info","msg":"{\"ev\":\"accepted\",\"id\":\"f5de5b94-b719-497b-bd9e-cb7712f38423\",\"t\":1791225682577}","source":"console","time":"2026-10-05T18:41:22Z"}
{"level":"info","msg":"{\"ev\":\"accepted\",\"id\":\"b481de38-419e-4f95-b5ad-545c2244f15f\",\"t\":1791225683051}","source":"console","time":"2026-10-05T18:41:23Z"}
{"level":"info","msg":"{\"ev\":\"accepted\",\"id\":\"54cc05e3-7f43-4570-9b07-2c001fb25ebd\",\"t\":1791225683530}","source":"console","time":"2026-10-05T18:41:23Z"}
{"level":"info","msg":"{\"ev\":\"accepted\",\"id\":\"1f2b0e44-fdc1-4bdd-a943-f64dfaff9a68\",\"t\":1791225684035}","source":"console","time":"2026-10-05T18:41:24Z"}
{"level":"info","msg":"{\"ev\":\"accepted\",\"id\":\"559f86e4-2b29-447d-820c-2801a28daac9\",\"t\":1791225684482}","source":"console","time":"2026-10-05T18:41:24Z"}
{"level":"info","msg":"{\"ev\":\"accepted\",\"id\":\"f280dac9-d563-4f5c-8f87-74a63d02d6c9\",\"t\":1791225684964}","source":"console","time":"2026-10-05T18:41:24Z"}
{"level":"info","msg":"{\"ev\":\"accepted\",\"id\":\"eb3de2fd-33fb-4494-bc13-3143961c9b36\",\"t\":1791225685438}","source":"console","time":"2026-10-05T18:41:25Z"}
{"level":"info","msg":"{\"ev\":\"accepted\",\"id\":\"9efcb263-bbe9-4100-92fd-ab6836c460da\",\"t\":1791225685918}","source":"console","time":"2026-10-05T18:41:25Z"}
{"level":"info","msg":"{\"ev\":\"accepted\",\"id\":\"9727d92d-771e-4a5f-98cf-42332ba03915\",\"t\":1791225686395}","source":"console","time":"2026-10-05T18:41:26Z"}
{"level":"info","msg":"{\"ev\":\"accepted\",\"id\":\"e443e8d4-d711-467b-b99c-23fb603d45a3\",\"t\":1791225686887}","source":"console","time":"2026-10-05T18:41:26Z"}
{"level":"info","msg":"{\"ev\":\"accepted\",\"id\":\"ce06af28-ddf5-47ea-9ce1-26546e068312\",\"t\":1791225687343}","source":"console","time":"2026-10-05T18:41:27Z"}
{"level":"info","msg":"{\"ev\":\"accepted\",\"id\":\"a500dbac-00fe-4145-b720-67585a9b88ef\",\"t\":1791225687827}","source":"console","time":"2026-10-05T18:41:27Z"}
{"level":"info","msg":"{\"ev\":\"accepted\",\"id\":\"2d08e68a-4985-4bce-a503-0ed4e73a9f97\",\"t\":1791225688294}","source":"console","time":"2026-10-05T18:41:28Z"}
{"level":"info","msg":"{\"ev\":\"accepted\",\"id\":\"099a8a27-691a-4408-b46c-4fb2efb24d05\",\"t\":1791225688768}","source":"console","time":"2026-10-05T18:41:28Z"}
{"level":"info","msg":"{\"ev\":\"accepted\",\"id\":\"c6d0a7c1-509a-434f-bd25-51750285e1f5\",\"t\":1791225689244}","source":"console","time":"2026-10-05T18:41:29Z"}
{"level":"info","msg":"{\"ev\":\"accepted\",\"id\":\"589c8c61-72a1-4d08-a78f-f1926314c3eb\",\"t\":1791225689737}","source":"console","time":"2026-10-05T18:41:29Z"}
{"level":"info","msg":"{\"ev\":\"accepted\",\"id\":\"b135baec-0a15-4c73-aa25-c155741342de\",\"t\":1791225690234}","source":"console","time":"2026-10-05T18:41:30Z"}
{"level":"info","msg":"{\"ev\":\"accepted\",\"id\":\"be519fba-07ce-4d96-b12d-b2366393c593\",\"t\":1791225690699}","source":"console","time":"2026-10-05T18:41:30Z"}
{"level":"info","msg":"{\"ev\":\"accepted\",\"id\":\"74fb71c7-60ea-4ea4-b1f2-58348c345a8d\",\"t\":1791225691171}","source":"console","time":"2026-10-05T18:41:31Z"}
{"level":"info","msg":"{\"ev\":\"accepted\",\"id\":\"bbd027c8-6bc6-4f1c-bba3-c7685bec7cf7\",\"t\":1791225691629}","source":"console","time":"2026-10-05T18:41:31Z"}
{"level":"info","msg":"{\"ev\":\"accepted\",\"id\":\"e6181790-dc2a-4d18-abb3-90ea71839d3c\",\"t\":1791225692111}","source":"console","time":"2026-10-05T18:41:32Z"}
{"level":"info","msg":"{\"ev\":\"accepted\",\"id\":\"72551d9a-f1f9-42c4-8286-f39903ad80c3\",\"t\":1791225692583}","source":"console","time":"2026-10-05T18:41:32Z"}
{"level":"info","msg":"{\"ev\":\"accepted\",\"id\":\"86a73f03-bd80-4de3-8bcf-58562f1dee74\",\"t\":1791225693074}","source":"console","time":"2026-10-05T18:41:33Z"}
{"level":"info","msg":"{\"ev\":\"accepted\",\"id\":\"24c882c6-644f-49ee-b45b-17700b7bd5f5\",\"t\":1791225693543}","source":"console","time":"2026-10-05T18:41:33Z"}
{"level":"info","msg":"{\"ev\":\"accepted\",\"id\":\"869012c1-d6cf-43b7-ac73-6e959460ea4c\",\"t\":1791225694024}","source":"console","time":"2026-10-05T18:41:34Z"}
{"level":"info","msg":"{\"ev\":\"accepted\",\"id\":\"9e088f4d-ebd0-4b69-863d-3648b7aea8d8\",\"t\":1791225694498}","source":"console","time":"2026-10-05T18:41:34Z"}
{"level":"info","msg":"{\"ev\":\"accepted\",\"id\":\"0c7fe526-7c5f-4894-874a-0edb86ab48cd\",\"t\":1791225694973}","source":"console","time":"2026-10-05T18:41:34Z"}
{"level":"info","msg":"{\"ev\":\"accepted\",\"id\":\"d2c4cff0-b4ad-4640-ac9d-ce26aec37d91\",\"t\":1791225695450}","source":"console","time":"2026-10-05T18:41:35Z"}
{"level":"info","msg":"{\"ev\":\"accepted\",\"id\":\"87d1f16f-31de-4272-b713-31e2d0c2e4d9\",\"t\":1791225695916}","source":"console","time":"2026-10-05T18:41:35Z"}
{"level":"info","msg":"{\"ev\":\"accepted\",\"id\":\"cd78ae03-694d-49df-998b-98c67a422f53\",\"t\":1791225696408}","source":"console","time":"2026-10-05T18:41:36Z"}
{"level":"info","msg":"{\"ev\":\"accepted\",\"id\":\"dfcd9920-9d10-43db-bd16-bebcf99a1d27\",\"t\":1791225696868}","source":"console","time":"2026-10-05T18:41:36Z"}
{"level":"info","msg":"{\"ev\":\"accepted\",\"id\":\"92b753e3-00b8-475d-89c0-fe241aafc9c8\",\"t\":1791225697359}","source":"console","time":"2026-10-05T18:41:37Z"}
{"level":"info","msg":"{\"ev\":\"accepted\",\"id\":\"1b54f486-60dd-460b-a52e-35b032d01460\",\"t\":1791225697820}","source":"console","time":"2026-10-05T18:41:37Z"}
{"level":"info","msg":"{\"ev\":\"accepted\",\"id\":\"42ea357c-09a9-47fe-ae86-0ce3109f0eec\",\"t\":1791225698301}","source":"console","time":"2026-10-05T18:41:38Z"}
{"level":"info","msg":"{\"ev\":\"accepted\",\"id\":\"17ec6acb-4430-420e-af99-1113fad62f74\",\"t\":1791225698773}","source":"console","time":"2026-10-05T18:41:38Z"}
{"level":"info","msg":"{\"ev\":\"accepted\",\"id\":\"a8c7bd75-8dc9-4510-9092-d3a8b70d788f\",\"t\":1791225699258}","source":"console","time":"2026-10-05T18:41:39Z"}
{"level":"info","msg":"{\"ev\":\"accepted\",\"id\":\"74c60177-fe0c-4f25-85e4-113ed8329efa\",\"t\":1791225699720}","source":"console","time":"2026-10-05T18:41:39Z"}
{"level":"info","msg":"{\"ev\":\"accepted\",\"id\":\"1c857178-ed55-44f1-ac73-448075293347\",\"t\":1791225700208}","source":"console","time":"2026-10-05T18:41:40Z"}
{"level":"info","msg":"{\"ev\":\"accepted\",\"id\":\"6268a6a9-33e4-459b-b0ce-5c36fef36daf\",\"t\":1791225700679}","source":"console","time":"2026-10-05T18:41:40Z"}
{"level":"info","msg":"{\"ev\":\"accepted\",\"id\":\"d563bf1b-8091-4017-9fee-452858cb0cf7\",\"t\":1791225701156}","source":"console","time":"2026-10-05T18:41:41Z"}
{"level":"info","msg":"{\"ev\":\"accepted\",\"id\":\"68776e91-d5d0-408f-af06-9d58b77105f1\",\"t\":1791225701625}","source":"console","time":"2026-10-05T18:41:41Z"}
{"level":"info","msg":"{\"ev\":\"accepted\",\"id\":\"1db678d1-2f63-4e75-8b1c-ce63d59a945e\",\"t\":1791225702108}","source":"console","time":"2026-10-05T18:41:42Z"}
{"level":"info","msg":"{\"ev\":\"accepted\",\"id\":\"920b765e-0853-4e05-a683-cabd1bcac09d\",\"t\":1791225702577}","source":"console","time":"2026-10-05T18:41:42Z"}
{"level":"info","msg":"{\"ev\":\"accepted\",\"id\":\"cddb4c8a-ce75-46d1-a732-19adb435c5a0\",\"t\":1791225703054}","source":"console","time":"2026-10-05T18:41:43Z"}
{"level":"info","msg":"{\"ev\":\"accepted\",\"id\":\"8646185e-b700-479b-b4a6-a1b34f916407\",\"t\":1791225703536}","source":"console","time":"2026-10-05T18:41:43Z"}
{"level":"info","msg":"{\"ev\":\"accepted\",\"id\":\"0f4bd399-2562-42a4-9f5d-06f4a87da0ce\",\"t\":1791225704010}","source":"console","time":"2026-10-05T18:41:44Z"}
{"level":"info","msg":"{\"ev\":\"accepted\",\"id\":\"fc63b6b6-e8f9-4038-aa2c-3f81092a441b\",\"t\":1791225704486}","source":"console","time":"2026-10-05T18:41:44Z"}
{"level":"info","msg":"{\"ev\":\"accepted\",\"id\":\"ef7aaad7-edc7-41f0-a9f5-458fc96d7928\",\"t\":1791225704956}","source":"console","time":"2026-10-05T18:41:44Z"}
{"level":"info","msg":"{\"ev\":\"accepted\",\"id\":\"6e44431d-dbbb-4ca5-83cd-e9a98085b811\",\"t\":1791225705422}","source":"console","time":"2026-10-05T18:41:45Z"}
{"level":"info","msg":"{\"ev\":\"accepted\",\"id\":\"66faba5b-7eeb-457e-a095-194eac2e4155\",\"t\":1791225705870}","source":"console","time":"2026-10-05T18:41:45Z"}
{"level":"info","msg":"{\"ev\":\"accepted\",\"id\":\"ca547484-a2e0-4971-b014-6c0e61f294dd\",\"t\":1791225706316}","source":"console","time":"2026-10-05T18:41:46Z"}
{"level":"info","msg":"{\"ev\":\"accepted\",\"id\":\"f1146c2a-c7d6-4288-9b49-ba77f6c6b190\",\"t\":1791225706750}","source":"console","time":"2026-10-05T18:41:46Z"}
{"level":"info","msg":"{\"ev\":\"accepted\",\"id\":\"6f5fbdd7-3629-4dfb-a469-9314bc68cfcf\",\"t\":1791225707179}","source":"console","time":"2026-10-05T18:41:47Z"}
{"level":"info","msg":"{\"ev\":\"accepted\",\"id\":\"936bdefc-e9e9-483c-8f18-d279dc40b348\",\"t\":1791225707612}","source":"console","time":"2026-10-05T18:41:47Z"}
{"level":"info","msg":"{\"ev\":\"accepted\",\"id\":\"1a5cabbe-a5a3-4137-abeb-3eaf799f84aa\",\"t\":1791225708019}","source":"console","time":"2026-10-05T18:41:48Z"}
{"level":"info","msg":"{\"ev\":\"accepted\",\"id\":\"87ae48c6-1b7b-495b-898a-2783c6288b78\",\"t\":1791225708425}","source":"console","time":"2026-10-05T18:41:48Z"}
{"level":"info","msg":"{\"ev\":\"accepted\",\"id\":\"972479d3-556a-4067-b3dc-7deb719af8dd\",\"t\":1791225708825}","source":"console","time":"2026-10-05T18:41:48Z"}
{"level":"info","msg":"{\"ev\":\"accepted\",\"id\":\"df55809d-ad17-40d6-9bf5-55cc7a38e5aa\",\"t\":1791225709238}","source":"console","time":"2026-10-05T18:41:49Z"}
{"level":"info","msg":"{\"ev\":\"accepted\",\"id\":\"8761e8b2-331e-46a0-b9fe-7910f345db47\",\"t\":1791225709614}","source":"console","time":"2026-10-05T18:41:49Z"}
{"level":"info","msg":"{\"ev\":\"accepted\",\"id\":\"cb8b33a3-2763-4833-87fd-ace73bedd0da\",\"t\":1791225710017}","source":"console","time":"2026-10-05T18:41:50Z"}
{"level":"info","msg":"{\"ev\":\"accepted\",\"id\":\"3e80bb70-4875-42ce-84b1-12a79fb2ba33\",\"t\":1791225710383}","source":"console","time":"2026-10-05T18:41:50Z"}
{"level":"info","msg":"{\"ev\":\"accepted\",\"id\":\"ea06748e-a2b0-4e6b-8a85-21760bcbb247\",\"t\":1791225710771}","source":"console","time":"2026-10-05T18:41:50Z"}
{"level":"info","msg":"{\"ev\":\"accepted\",\"id\":\"8ac3f38b-217c-4a06-a3c7-f7cfc109fba2\",\"t\":1791225711151}","source":"console","time":"2026-10-05T18:41:51Z"}
{"level":"info","msg":"{\"ev\":\"accepted\",\"id\":\"045cfc9a-7000-4a4a-a1f3-085340808e55\",\"t\":1791225711532}","source":"console","time":"2026-10-05T18:41:51Z"}
{"level":"info","msg":"{\"ev\":\"accepted\",\"id\":\"42f0dd49-8cca-4904-8be9-75eb1bfcfaac\",\"t\":1791225711913}","source":"console","time":"2026-10-05T18:41:51Z"}
{"level":"info","msg":"{\"ev\":\"accepted\",\"id\":\"59c24037-4b80-41b0-b7cf-e609bf68e8d5\",\"t\":1791225712294}","source":"console","time":"2026-10-05T18:41:52Z"}
{"level":"info","msg":"{\"ev\":\"accepted\",\"id\":\"5d6c17da-26fb-4828-89af-3774ab653ca3\",\"t\":1791225712730}","source":"console","time":"2026-10-05T18:41:52Z"}
{"level":"info","msg":"{\"ev\":\"accepted\",\"id\":\"52740141-6a31-4695-b4b7-1d8c65304db3\",\"t\":1791225713080}","source":"console","time":"2026-10-05T18:41:53Z"}
{"level":"info","msg":"{\"ev\":\"accepted\",\"id\":\"4924ba17-d85a-40ad-8252-3da192983803\",\"t\":1791225713463}","source":"console","time":"2026-10-05T18:41:53Z"}
{"level":"info","msg":"{\"ev\":\"accepted\",\"id\":\"83d498a1-6adb-4b38-9876-fdd72ddccd55\",\"t\":1791225713847}","source":"console","time":"2026-10-05T18:41:53Z"}
{"level":"info","msg":"{\"ev\":\"accepted\",\"id\":\"5ee077e2-f3e4-4bc0-b105-50e94c610449\",\"t\":1791225714231}","source":"console","time":"2026-10-05T18:41:54Z"}
{"level":"info","msg":"{\"ev\":\"accepted\",\"id\":\"f2fe3874-2d7b-4a51-ad21-de44dc9009df\",\"t\":1791225714607}","source":"console","time":"2026-10-05T18:41:54Z"}
{"level":"info","msg":"{\"ev\":\"accepted\",\"id\":\"854937ec-6bd1-427d-a280-c77b23d6ff07\",\"t\":1791225715002}","source":"console","time":"2026-10-05T18:41:55Z"}
{"level":"info","msg":"{\"ev\":\"accepted\",\"id\":\"a962f64a-2b3f-4e84-96ee-d8cae3b4b69f\",\"t\":1791225715388}","source":"console","time":"2026-10-05T18:41:55Z"}
{"level":"info","msg":"{\"ev\":\"accepted\",\"id\":\"3f2a929e-39b0-4662-a97a-02313d99f4f4\",\"t\":1791225715772}","source":"console","time":"2026-10-05T18:41:55Z"}
{"level":"info","msg":"{\"ev\":\"accepted\",\"id\":\"8353f155-c0b4-4bd7-969b-ed9e5987a39c\",\"t\":1791225716151}","source":"console","time":"2026-10-05T18:41:56Z"}
{"level":"info","msg":"{\"ev\":\"accepted\",\"id\":\"9af15e2a-a208-47b7-a2c6-2894d32ca9ea\",\"t\":1791225716524}","source":"console","time":"2026-10-05T18:41:56Z"}
{"level":"info","msg":"{\"ev\":\"accepted\",\"id\":\"b581f5dc-4ea5-432b-a6b6-5eeeee4d469f\",\"t\":1791225716913}","source":"console","time":"2026-10-05T18:41:56Z"}
{"level":"info","msg":"{\"ev\":\"accepted\",\"id\":\"8d579d19-8046-4c4b-bff6-425ad36798d4\",\"t\":1791225717297}","source":"console","time":"2026-10-05T18:41:57Z"}
{"level":"info","msg":"{\"ev\":\"accepted\",\"id\":\"c8097b21-edae-44ab-9523-81ef28d27de0\",\"t\":1791225717698}","source":"console","time":"2026-10-05T18:41:57Z"}
{"level":"info","msg":"{\"ev\":\"accepted\",\"id\":\"eb999019-493e-4288-8c0f-9b0505f81809\",\"t\":1791225718072}","source":"console","time":"2026-10-05T18:41:58Z"}
{"level":"info","msg":"{\"ev\":\"accepted\",\"id\":\"92f2c02c-c26c-4bf7-a43f-a9e83a191cad\",\"t\":1791225718461}","source":"console","time":"2026-10-05T18:41:58Z"}
{"level":"info","msg":"{\"ev\":\"accepted\",\"id\":\"a3316a44-7364-4059-87c5-1c73ab953722\",\"t\":1791225718844}","source":"console","time":"2026-10-05T18:41:58Z"}
{"level":"info","msg":"{\"ev\":\"accepted\",\"id\":\"ed88ed94-450a-4e4e-9819-3c8727387584\",\"t\":1791225719216}","source":"console","time":"2026-10-05T18:41:59Z"}
{"level":"info","msg":"{\"ev\":\"accepted\",\"id\":\"275a03b2-1d9f-4d76-9fc7-3b730ea2e04f\",\"t\":1791225719603}","source":"console","time":"2026-10-05T18:41:59Z"}
{"level":"info","msg":"{\"ev\":\"accepted\",\"id\":\"18ded25a-6d27-411b-8126-aa80da36480c\",\"t\":1791225719998}","source":"console","time":"2026-10-05T18:41:59Z"}
{"level":"info","msg":"{\"ev\":\"accepted\",\"id\":\"b16b3794-849a-43d8-b109-21fe69483fa2\",\"t\":1791225720392}","source":"console","time":"2026-10-05T18:42:00Z"}
{"level":"info","msg":"{\"ev\":\"accepted\",\"id\":\"ff814138-ee3e-48d2-b503-205b0617293b\",\"t\":1791225720795}","source":"console","time":"2026-10-05T18:42:00Z"}
{"level":"info","msg":"{\"ev\":\"accepted\",\"id\":\"2d3259ea-e5d4-4ba1-9098-fd13ca9a76c6\",\"t\":1791225721147}","source":"console","time":"2026-10-05T18:42:01Z"}
{"level":"info","msg":"{\"ev\":\"accepted\",\"id\":\"1448e8a3-9f14-4138-bea2-b882fb00e321\",\"t\":1791225721530}","source":"console","time":"2026-10-05T18:42:01Z"}
{"level":"info","msg":"{\"ev\":\"accepted\",\"id\":\"5f04694d-dfff-4991-adce-83f469b4326d\",\"t\":1791225721916}","source":"console","time":"2026-10-05T18:42:01Z"}
{"level":"info","msg":"{\"ev\":\"accepted\",\"id\":\"4674341a-1efc-4595-8242-f2e607db7b3f\",\"t\":1791225722330}","source":"console","time":"2026-10-05T18:42:02Z"}
{"level":"info","msg":"{\"ev\":\"accepted\",\"id\":\"e9bc390d-58a1-47c3-9c1f-356bed60093c\",\"t\":1791225722684}","source":"console","time":"2026-10-05T18:42:02Z"}
{"level":"info","msg":"{\"ev\":\"accepted\",\"id\":\"5a680b7d-6bd7-47c7-8d9b-6bcfdddf1553\",\"t\":1791225723068}","source":"console","time":"2026-10-05T18:42:03Z"}
{"level":"info","msg":"{\"ev\":\"accepted\",\"id\":\"2acbdaa8-00f7-4b8d-969a-a52c9e17164c\",\"t\":1791225723457}","source":"console","time":"2026-10-05T18:42:03Z"}
{"level":"info","msg":"{\"ev\":\"accepted\",\"id\":\"99d4d7d8-b5a4-44ef-8d19-030305980759\",\"t\":1791225723839}","source":"console","time":"2026-10-05T18:42:03Z"}
{"level":"info","msg":"{\"ev\":\"accepted\",\"id\":\"3cb6843e-f09a-41c1-b9d3-66380e92207b\",\"t\":1791225724227}","source":"console","time":"2026-10-05T18:42:04Z"}
{"level":"info","msg":"{\"ev\":\"accepted\",\"id\":\"83640df8-6801-4781-9b2e-1a986fcfaacc\",\"t\":1791225724614}","source":"console","time":"2026-10-05T18:42:04Z"}
{"level":"info","msg":"{\"ev\":\"accepted\",\"id\":\"f925f58e-50c5-4581-a54c-6b9b3b99cab8\",\"t\":1791225724994}","source":"console","time":"2026-10-05T18:42:04Z"}
{"level":"info","msg":"{\"ev\":\"accepted\",\"id\":\"0cb8350e-7368-4463-b86a-2d2bdfa8a6b9\",\"t\":1791225725380}","source":"console","time":"2026-10-05T18:42:05Z"}
{"level":"info","msg":"{\"ev\":\"accepted\",\"id\":\"af182280-33d2-43ed-94b3-980750f44a34\",\"t\":1791225725755}","source":"console","time":"2026-10-05T18:42:05Z"}
{"level":"info","msg":"{\"ev\":\"accepted\",\"id\":\"b9659aeb-59eb-4c90-ad41-8c5dead3f4c5\",\"t\":1791225726167}","source":"console","time":"2026-10-05T18:42:06Z"}
{"level":"info","msg":"{\"ev\":\"accepted\",\"id\":\"fe9bc877-16d6-4212-932e-0b7663401dc0\",\"t\":1791225726535}","source":"console","time":"2026-10-05T18:42:06Z"}
{"level":"info","msg":"{\"ev\":\"accepted\",\"id\":\"4751cd59-bcd8-4cac-8c81-39b59e402c01\",\"t\":1791225726916}","source":"console","time":"2026-10-05T18:42:06Z"}
{"level":"info","msg":"{\"ev\":\"accepted\",\"id\":\"9195cfc0-4047-4d02-b86f-aff44fac345e\",\"t\":1791225727299}","source":"console","time":"2026-10-05T18:42:07Z"}
{"level":"info","msg":"{\"ev\":\"accepted\",\"id\":\"582af67c-17ed-4988-8298-45c8ce56ae5a\",\"t\":1791225727681}","source":"console","time":"2026-10-05T18:42:07Z"}
{"level":"info","msg":"{\"ev\":\"accepted\",\"id\":\"9a56a5fb-ff43-44bb-9d9b-a8d289410b5c\",\"t\":1791225728065}","source":"console","time":"2026-10-05T18:42:08Z"}
{"level":"info","msg":"{\"ev\":\"accepted\",\"id\":\"5c2021b3-3544-4cbf-b91f-18347ce400bc\",\"t\":1791225728458}","source":"console","time":"2026-10-05T18:42:08Z"}
{"level":"info","msg":"{\"ev\":\"accepted\",\"id\":\"3b58b8c0-e4c8-4cf9-9243-f0d5692447f1\",\"t\":1791225728847}","source":"console","time":"2026-10-05T18:42:08Z"}
{"level":"info","msg":"{\"ev\":\"accepted\",\"id\":\"907757e2-b9d7-4e65-b8b9-bfcf21c6ecae\",\"t\":1791225729223}","source":"console","time":"2026-10-05T18:42:09Z"}
{"level":"info","msg":"{\"ev\":\"accepted\",\"id\":\"3acf16fe-6e0c-47e8-b002-1a5bc8caeb7a\",\"t\":1791225729606}","source":"console","time":"2026-10-05T18:42:09Z"}
{"level":"info","msg":"{\"ev\":\"accepted\",\"id\":\"b74d0413-53ee-461a-aa8f-96ba5f699a00\",\"t\":1791225730001}","source":"console","time":"2026-10-05T18:42:10Z"}
{"level":"info","msg":"{\"ev\":\"accepted\",\"id\":\"0d863eed-d130-42b9-b2ef-4f0273b84117\",\"t\":1791225730381}","source":"console","time":"2026-10-05T18:42:10Z"}
{"level":"info","msg":"{\"ev\":\"accepted\",\"id\":\"0cea9bc0-cec6-4868-a1e3-e49ace09ef2b\",\"t\":1791225730761}","source":"console","time":"2026-10-05T18:42:10Z"}
{"level":"info","msg":"{\"ev\":\"accepted\",\"id\":\"66659153-2892-4139-bd82-0c9c8a5185a2\",\"t\":1791225731141}","source":"console","time":"2026-10-05T18:42:11Z"}
{"level":"info","msg":"{\"ev\":\"accepted\",\"id\":\"37b573ee-a9c3-4b87-bcb8-16d012abc7d1\",\"t\":1791225731542}","source":"console","time":"2026-10-05T18:42:11Z"}
{"level":"info","msg":"{\"ev\":\"accepted\",\"id\":\"953c4c93-cfa5-4324-aabe-73df95a237aa\",\"t\":1791225731931}","source":"console","time":"2026-10-05T18:42:11Z"}
{"level":"info","msg":"{\"ev\":\"accepted\",\"id\":\"7a0dacd2-c956-43e5-b967-5f59ee6a749d\",\"t\":1791225732305}","source":"console","time":"2026-10-05T18:42:12Z"}
{"level":"info","msg":"{\"ev\":\"accepted\",\"id\":\"ff6cc972-55e5-4a29-9f15-cc9fa8075231\",\"t\":1791225732697}","source":"console","time":"2026-10-05T18:42:12Z"}
{"level":"info","msg":"{\"ev\":\"accepted\",\"id\":\"b5e42223-f4bc-4b57-b5f1-890cee540281\",\"t\":1791225733077}","source":"console","time":"2026-10-05T18:42:13Z"}
{"level":"info","msg":"{\"ev\":\"accepted\",\"id\":\"6a45fd1a-49d7-4c62-9b86-1288a72a5fe2\",\"t\":1791225733459}","source":"console","time":"2026-10-05T18:42:13Z"}
{"level":"info","msg":"{\"ev\":\"accepted\",\"id\":\"232f4158-499f-4870-b974-281ef420742b\",\"t\":1791225733846}","source":"console","time":"2026-10-05T18:42:13Z"}
{"level":"info","msg":"{\"ev\":\"accepted\",\"id\":\"c345a02b-b778-4ced-93be-2f64989de096\",\"t\":1791225734231}","source":"console","time":"2026-10-05T18:42:14Z"}
{"level":"info","msg":"{\"ev\":\"accepted\",\"id\":\"eb282810-cd00-47ca-8b68-996f2deb9145\",\"t\":1791225734609}","source":"console","time":"2026-10-05T18:42:14Z"}
{"level":"info","msg":"{\"ev\":\"accepted\",\"id\":\"4688e5eb-4af1-4e3f-9349-5a4b53130473\",\"t\":1791225735006}","source":"console","time":"2026-10-05T18:42:15Z"}
{"level":"info","msg":"{\"ev\":\"accepted\",\"id\":\"9110ec39-6c75-492a-aa67-008459a2f0a1\",\"t\":1791225735380}","source":"console","time":"2026-10-05T18:42:15Z"}
{"level":"info","msg":"{\"ev\":\"accepted\",\"id\":\"9b2f7328-a0d5-4730-a885-f58593bd9cfe\",\"t\":1791225735756}","source":"console","time":"2026-10-05T18:42:15Z"}
{"level":"info","msg":"{\"ev\":\"accepted\",\"id\":\"35237bd4-f793-4992-9a04-765b10ed8445\",\"t\":1791225736159}","source":"console","time":"2026-10-05T18:42:16Z"}
{"level":"info","msg":"{\"ev\":\"accepted\",\"id\":\"2494de60-85b5-4007-adce-4099906a7826\",\"t\":1791225736538}","source":"console","time":"2026-10-05T18:42:16Z"}
{"level":"info","msg":"{\"ev\":\"accepted\",\"id\":\"ea97e181-2728-48aa-ad0e-8bc4bbff5c11\",\"t\":1791225736929}","source":"console","time":"2026-10-05T18:42:16Z"}
{"level":"info","msg":"{\"ev\":\"accepted\",\"id\":\"d524c84d-6313-4d30-94cf-ae9efeb9e4a8\",\"t\":1791225737298}","source":"console","time":"2026-10-05T18:42:17Z"}
{"level":"info","msg":"{\"ev\":\"accepted\",\"id\":\"48e02bbf-8538-4116-a703-71b0401f2a81\",\"t\":1791225737690}","source":"console","time":"2026-10-05T18:42:17Z"}
{"level":"info","msg":"{\"ev\":\"accepted\",\"id\":\"0b3bbd53-aef1-4d9c-a840-b3d0019ac0e7\",\"t\":1791225738072}","source":"console","time":"2026-10-05T18:42:18Z"}
{"level":"info","msg":"{\"ev\":\"accepted\",\"id\":\"c6efd91f-4a20-4b02-abf3-99a006b8349a\",\"t\":1791225738463}","source":"console","time":"2026-10-05T18:42:18Z"}
{"level":"info","msg":"{\"ev\":\"accepted\",\"id\":\"f9d460fe-1331-4904-a8e7-755020f0115f\",\"t\":1791225738838}","source":"console","time":"2026-10-05T18:42:18Z"}
{"level":"info","msg":"{\"ev\":\"accepted\",\"id\":\"6c0e20a1-4d0c-4b3f-8318-0102932edb7e\",\"t\":1791225739228}","source":"console","time":"2026-10-05T18:42:19Z"}
{"level":"info","msg":"{\"ev\":\"accepted\",\"id\":\"2b44552d-f4ef-4f39-9570-9ad25f2a1d58\",\"t\":1791225739613}","source":"console","time":"2026-10-05T18:42:19Z"}
{"level":"info","msg":"{\"ev\":\"accepted\",\"id\":\"0508b066-f299-48c2-ba70-30827b7b76fe\",\"t\":1791225740001}","source":"console","time":"2026-10-05T18:42:20Z"}
{"level":"info","msg":"{\"ev\":\"accepted\",\"id\":\"8370dbcf-3d12-4c3f-b85a-504e1b8a7262\",\"t\":1791225740386}","source":"console","time":"2026-10-05T18:42:20Z"}
{"level":"info","msg":"{\"ev\":\"accepted\",\"id\":\"5fe1827a-b4a4-4740-bdb7-564da3917b15\",\"t\":1791225740779}","source":"console","time":"2026-10-05T18:42:20Z"}
{"level":"info","msg":"{\"ev\":\"accepted\",\"id\":\"6621f91b-d1e2-442b-a6c9-53476d45c316\",\"t\":1791225741155}","source":"console","time":"2026-10-05T18:42:21Z"}
{"level":"info","msg":"{\"ev\":\"accepted\",\"id\":\"879cf788-4eb9-4088-8320-342181dfe782\",\"t\":1791225741527}","source":"console","time":"2026-10-05T18:42:21Z"}
{"level":"info","msg":"{\"ev\":\"accepted\",\"id\":\"2cc48d35-407f-40f0-83fa-5b288bffbdbb\",\"t\":1791225741933}","source":"console","time":"2026-10-05T18:42:21Z"}
{"level":"info","msg":"{\"ev\":\"accepted\",\"id\":\"8f3f8180-a53d-446e-b73f-1f6b90685558\",\"t\":1791225742309}","source":"console","time":"2026-10-05T18:42:22Z"}
{"level":"info","msg":"{\"ev\":\"accepted\",\"id\":\"ae8d4172-4b29-47d3-b60c-12bb45859c13\",\"t\":1791225742687}","source":"console","time":"2026-10-05T18:42:22Z"}
{"level":"info","msg":"{\"ev\":\"accepted\",\"id\":\"0094d00e-3ec2-4832-b864-ecaa0c07c9a4\",\"t\":1791225743062}","source":"console","time":"2026-10-05T18:42:23Z"}
{"level":"info","msg":"{\"ev\":\"accepted\",\"id\":\"274c0780-4275-4a06-bc6c-e905fca492f9\",\"t\":1791225743452}","source":"console","time":"2026-10-05T18:42:23Z"}
{"level":"info","msg":"{\"ev\":\"accepted\",\"id\":\"c4343c89-ae79-43f0-87b7-88266b704348\",\"t\":1791225743836}","source":"console","time":"2026-10-05T18:42:23Z"}
{"level":"info","msg":"{\"ev\":\"accepted\",\"id\":\"3fb220c8-0793-40f1-8656-b77f4313a933\",\"t\":1791225744221}","source":"console","time":"2026-10-05T18:42:24Z"}
{"level":"info","msg":"{\"ev\":\"accepted\",\"id\":\"b22690e3-2c68-43a9-8e85-948318b03e64\",\"t\":1791225744630}","source":"console","time":"2026-10-05T18:42:24Z"}
{"level":"info","msg":"{\"ev\":\"accepted\",\"id\":\"83d26e11-93f0-441e-beff-b2da9a0c8da0\",\"t\":1791225745010}","source":"console","time":"2026-10-05T18:42:25Z"}
{"level":"info","msg":"{\"ev\":\"accepted\",\"id\":\"34e79109-b775-45be-a49b-70fc66442a26\",\"t\":1791225745394}","source":"console","time":"2026-10-05T18:42:25Z"}
{"level":"info","msg":"{\"ev\":\"accepted\",\"id\":\"4c25b2ad-b238-49cf-b5c1-026d0c9e16de\",\"t\":1791225745782}","source":"console","time":"2026-10-05T18:42:25Z"}
{"level":"info","msg":"{\"ev\":\"accepted\",\"id\":\"243b9e0b-5307-4312-af23-1f8b3b71b307\",\"t\":1791225746166}","source":"console","time":"2026-10-05T18:42:26Z"}
{"level":"info","msg":"{\"ev\":\"accepted\",\"id\":\"23511166-2298-4cbb-ba22-044cdbb0e7cb\",\"t\":1791225746559}","source":"console","time":"2026-10-05T18:42:26Z"}
{"level":"info","msg":"{\"ev\":\"accepted\",\"id\":\"fae2ada9-2d42-4c32-ab95-552e59d75da3\",\"t\":1791225746927}","source":"console","time":"2026-10-05T18:42:26Z"}
{"level":"info","msg":"{\"ev\":\"accepted\",\"id\":\"206bec5e-e00b-4739-a95c-fd756359348a\",\"t\":1791225747319}","source":"console","time":"2026-10-05T18:42:27Z"}
{"level":"info","msg":"{\"ev\":\"accepted\",\"id\":\"d57b75a3-0f49-4992-a71c-fcc83b4fb0d9\",\"t\":1791225747707}","source":"console","time":"2026-10-05T18:42:27Z"}
{"level":"info","msg":"{\"ev\":\"accepted\",\"id\":\"b004edb5-7f74-46c6-a956-64c38cf41755\",\"t\":1791225748092}","source":"console","time":"2026-10-05T18:42:28Z"}
{"level":"info","msg":"{\"ev\":\"accepted\",\"id\":\"4d0d799f-b3e3-458d-a33a-ce3b07fb5653\",\"t\":1791225748461}","source":"console","time":"2026-10-05T18:42:28Z"}
{"level":"info","msg":"{\"ev\":\"accepted\",\"id\":\"55588cc0-f84b-45d1-a69f-16e1fb48cbf2\",\"t\":1791225748844}","source":"console","time":"2026-10-05T18:42:28Z"}
{"level":"info","msg":"{\"ev\":\"accepted\",\"id\":\"0ccf85cb-b462-49e3-bbee-59b8b1ec6fb1\",\"t\":1791225749228}","source":"console","time":"2026-10-05T18:42:29Z"}
{"level":"info","msg":"{\"ev\":\"accepted\",\"id\":\"8801cc64-989c-44d8-9104-2c200c416fb9\",\"t\":1791225749616}","source":"console","time":"2026-10-05T18:42:29Z"}
{"level":"info","msg":"{\"ev\":\"accepted\",\"id\":\"5bdc56c4-f0ce-481e-91d0-9bcdb8192b60\",\"t\":1791225750001}","source":"console","time":"2026-10-05T18:42:30Z"}
{"level":"info","msg":"{\"ev\":\"accepted\",\"id\":\"0285d8a5-fcce-42b3-a632-a8a6918c6c7a\",\"t\":1791225750378}","source":"console","time":"2026-10-05T18:42:30Z"}
{"level":"info","msg":"{\"ev\":\"accepted\",\"id\":\"22e9f5ff-2c05-473a-8458-0c855a3bcc93\",\"t\":1791225750762}","source":"console","time":"2026-10-05T18:42:30Z"}
{"level":"info","msg":"{\"ev\":\"accepted\",\"id\":\"ba675b11-b8ca-4da6-a0df-db43a356c3e1\",\"t\":1791225751142}","source":"console","time":"2026-10-05T18:42:31Z"}
{"level":"info","msg":"{\"ev\":\"accepted\",\"id\":\"f55dd9ab-cbf0-42fd-83eb-7b7bdbdd3cce\",\"t\":1791225751532}","source":"console","time":"2026-10-05T18:42:31Z"}
{"level":"info","msg":"{\"ev\":\"accepted\",\"id\":\"f262a74d-3002-4b1e-98b2-c5dbc2d15e80\",\"t\":1791225751917}","source":"console","time":"2026-10-05T18:42:31Z"}
{"level":"info","msg":"{\"ev\":\"accepted\",\"id\":\"70735cce-80f4-4092-9f8a-a160a166cb84\",\"t\":1791225752310}","source":"console","time":"2026-10-05T18:42:32Z"}
{"level":"info","msg":"{\"ev\":\"accepted\",\"id\":\"415ae0ef-ed13-4104-9e3c-2e82bb6a07aa\",\"t\":1791225752697}","source":"console","time":"2026-10-05T18:42:32Z"}
{"level":"info","msg":"{\"ev\":\"accepted\",\"id\":\"76a65417-c7ec-4c45-84ab-7aa55e440ef1\",\"t\":1791225753080}","source":"console","time":"2026-10-05T18:42:33Z"}
{"level":"info","msg":"{\"ev\":\"accepted\",\"id\":\"de1192c8-aaaf-430d-8f2b-2cdf52e53a38\",\"t\":1791225753463}","source":"console","time":"2026-10-05T18:42:33Z"}
{"level":"info","msg":"{\"ev\":\"accepted\",\"id\":\"6a3bdda0-6aeb-4050-a908-0cc47428adf6\",\"t\":1791225753839}","source":"console","time":"2026-10-05T18:42:33Z"}
{"level":"info","msg":"{\"ev\":\"accepted\",\"id\":\"c046a07b-fae3-4984-9802-55a4bc3559d7\",\"t\":1791225754234}","source":"console","time":"2026-10-05T18:42:34Z"}
{"level":"info","msg":"{\"ev\":\"accepted\",\"id\":\"5b6d2500-019f-467a-a200-5a7ff8f7cf5f\",\"t\":1791225754614}","source":"console","time":"2026-10-05T18:42:34Z"}
{"level":"info","msg":"{\"ev\":\"accepted\",\"id\":\"41c916dd-cee0-4f2b-b9dc-c90128e7b241\",\"t\":1791225755009}","source":"console","time":"2026-10-05T18:42:35Z"}
{"level":"info","msg":"{\"ev\":\"accepted\",\"id\":\"7594c59b-359f-4df9-bb03-d37bcdf9603a\",\"t\":1791225755392}","source":"console","time":"2026-10-05T18:42:35Z"}
{"level":"info","msg":"{\"ev\":\"accepted\",\"id\":\"3e5e029b-4eb8-4220-baf8-0130e4ee212a\",\"t\":1791225755777}","source":"console","time":"2026-10-05T18:42:35Z"}
{"level":"info","msg":"{\"ev\":\"accepted\",\"id\":\"9eaa15eb-78b9-417b-8304-2c547155629e\",\"t\":1791225756163}","source":"console","time":"2026-10-05T18:42:36Z"}
{"level":"info","msg":"{\"ev\":\"accepted\",\"id\":\"32468e64-7951-417f-b4fb-9b8e98e1ccfc\",\"t\":1791225756545}","source":"console","time":"2026-10-05T18:42:36Z"}
{"level":"info","msg":"{\"ev\":\"accepted\",\"id\":\"84d316bb-4a7b-41da-93a6-0194cc9885fa\",\"t\":1791225756934}","source":"console","time":"2026-10-05T18:42:36Z"}
{"level":"info","msg":"{\"ev\":\"accepted\",\"id\":\"c632fef8-3f12-4bcc-a735-0ccd0ff6b6d1\",\"t\":1791225757306}","source":"console","time":"2026-10-05T18:42:37Z"}
{"level":"info","msg":"{\"ev\":\"accepted\",\"id\":\"a395c901-962e-4c76-bc71-b664ec0d4c29\",\"t\":1791225757680}","source":"console","time":"2026-10-05T18:42:37Z"}
{"level":"info","msg":"{\"ev\":\"accepted\",\"id\":\"1878439a-8f2b-4d65-8bb9-d7512c33566e\",\"t\":1791225758072}","source":"console","time":"2026-10-05T18:42:38Z"}
{"level":"info","msg":"{\"ev\":\"accepted\",\"id\":\"2c4b10ae-8523-43d8-b78d-c87362bc496f\",\"t\":1791225758456}","source":"console","time":"2026-10-05T18:42:38Z"}
{"level":"info","msg":"{\"ev\":\"accepted\",\"id\":\"087eb224-518a-4016-9e42-b6a16f43ff93\",\"t\":1791225758837}","source":"console","time":"2026-10-05T18:42:38Z"}
{"level":"info","msg":"{\"ev\":\"accepted\",\"id\":\"97283a44-f052-49ae-9731-ed3afd62bf75\",\"t\":1791225759229}","source":"console","time":"2026-10-05T18:42:39Z"}
{"level":"info","msg":"{\"ev\":\"accepted\",\"id\":\"03487c69-f05b-4b6f-9b1a-60e67d946b84\",\"t\":1791225759605}","source":"console","time":"2026-10-05T18:42:39Z"}
{"level":"info","msg":"{\"ev\":\"accepted\",\"id\":\"8c27b76b-7454-4914-903d-48e6526b17eb\",\"t\":1791225759992}","source":"console","time":"2026-10-05T18:42:39Z"}
{"level":"info","msg":"{\"ev\":\"accepted\",\"id\":\"10bcb9e4-5565-41fb-89e2-1cda03c615e6\",\"t\":1791225760376}","source":"console","time":"2026-10-05T18:42:40Z"}
{"level":"info","msg":"{\"ev\":\"accepted\",\"id\":\"3ca2c914-6c32-4575-b602-b9a4b7460d77\",\"t\":1791225760765}","source":"console","time":"2026-10-05T18:42:40Z"}
{"level":"info","msg":"{\"ev\":\"accepted\",\"id\":\"cc32ad69-ac32-4048-a0de-5103a1b8cf77\",\"t\":1791225761156}","source":"console","time":"2026-10-05T18:42:41Z"}
{"level":"info","msg":"{\"ev\":\"accepted\",\"id\":\"7d7cf42d-9147-4596-a3f4-0f3bc33cc883\",\"t\":1791225761544}","source":"console","time":"2026-10-05T18:42:41Z"}
{"level":"info","msg":"{\"ev\":\"accepted\",\"id\":\"869e24be-6c93-41d2-b4c1-3daa777d2d49\",\"t\":1791225761916}","source":"console","time":"2026-10-05T18:42:41Z"}
{"level":"info","msg":"{\"ev\":\"accepted\",\"id\":\"cc3fbb74-5ca5-417d-bf7d-7fceb41e1256\",\"t\":1791225762309}","source":"console","time":"2026-10-05T18:42:42Z"}
{"level":"info","msg":"{\"ev\":\"accepted\",\"id\":\"790704c6-a9c2-4809-ad3c-98fb8bf44311\",\"t\":1791225762688}","source":"console","time":"2026-10-05T18:42:42Z"}
{"level":"info","msg":"{\"ev\":\"accepted\",\"id\":\"5157266b-5ab9-4a8e-a055-83470a62da01\",\"t\":1791225763076}","source":"console","time":"2026-10-05T18:42:43Z"}
{"level":"info","msg":"{\"ev\":\"accepted\",\"id\":\"fdc0c3c6-32d2-4edc-ae5f-b8dca95c87d3\",\"t\":1791225763459}","source":"console","time":"2026-10-05T18:42:43Z"}
{"level":"info","msg":"{\"ev\":\"accepted\",\"id\":\"bc7c7c0c-ee0b-4c18-8187-cc4bce8d1a89\",\"t\":1791225763837}","source":"console","time":"2026-10-05T18:42:43Z"}
{"level":"info","msg":"{\"ev\":\"accepted\",\"id\":\"5a14421d-ed87-466e-ac05-2e8f3829009f\",\"t\":1791225764244}","source":"console","time":"2026-10-05T18:42:44Z"}
{"level":"info","msg":"{\"ev\":\"accepted\",\"id\":\"e8b82d8f-1604-4230-9c9a-ad58c3603e4e\",\"t\":1791225764609}","source":"console","time":"2026-10-05T18:42:44Z"}
{"level":"info","msg":"{\"ev\":\"accepted\",\"id\":\"3e89bd3b-3c8d-4aad-8016-97f5aabed1d2\",\"t\":1791225764999}","source":"console","time":"2026-10-05T18:42:44Z"}
{"level":"info","msg":"{\"ev\":\"accepted\",\"id\":\"089f4020-9b64-4f4a-9783-3cd2b7758e78\",\"t\":1791225765380}","source":"console","time":"2026-10-05T18:42:45Z"}
{"level":"info","msg":"{\"ev\":\"accepted\",\"id\":\"d64edf6b-f3ae-4e9d-a7fc-ebcab750d96f\",\"t\":1791225765777}","source":"console","time":"2026-10-05T18:42:45Z"}
{"level":"info","msg":"{\"ev\":\"accepted\",\"id\":\"63c56c94-5f1f-436c-8861-fd6a3daaa4de\",\"t\":1791225766150}","source":"console","time":"2026-10-05T18:42:46Z"}
{"level":"info","msg":"{\"ev\":\"accepted\",\"id\":\"19700448-5e05-4dd9-8d02-012e4cea6d9f\",\"t\":1791225766542}","source":"console","time":"2026-10-05T18:42:46Z"}
{"level":"info","msg":"{\"ev\":\"accepted\",\"id\":\"6bf33b92-2746-4b59-88cb-b7735322c53c\",\"t\":1791225766922}","source":"console","time":"2026-10-05T18:42:46Z"}
{"level":"info","msg":"{\"ev\":\"accepted\",\"id\":\"2b66732c-d484-45c0-b086-3a96415f2ca7\",\"t\":1791225767306}","source":"console","time":"2026-10-05T18:42:47Z"}
{"level":"info","msg":"{\"ev\":\"accepted\",\"id\":\"2254c85c-9b9d-4b5c-8475-c387c6812fa3\",\"t\":1791225767696}","source":"console","time":"2026-10-05T18:42:47Z"}
{"level":"info","msg":"{\"ev\":\"accepted\",\"id\":\"2b84611d-7971-4a08-99e7-d54f5f1f69e0\",\"t\":1791225768078}","source":"console","time":"2026-10-05T18:42:48Z"}
{"level":"info","msg":"{\"ev\":\"accepted\",\"id\":\"e81fd569-db38-4ab3-9daa-6597141457e7\",\"t\":1791225768465}","source":"console","time":"2026-10-05T18:42:48Z"}
{"level":"info","msg":"{\"ev\":\"accepted\",\"id\":\"3078be3f-aac7-4ac9-a908-3d56f095f556\",\"t\":1791225768842}","source":"console","time":"2026-10-05T18:42:48Z"}
{"level":"info","msg":"{\"ev\":\"accepted\",\"id\":\"7c9e12ae-9ea5-414c-9bcd-9c377f0d9e33\",\"t\":1791225769224}","source":"console","time":"2026-10-05T18:42:49Z"}
{"level":"info","msg":"{\"ev\":\"accepted\",\"id\":\"c3959d45-cae5-4bbb-ae75-8e78936271c1\",\"t\":1791225769612}","source":"console","time":"2026-10-05T18:42:49Z"}
{"level":"info","msg":"{\"ev\":\"accepted\",\"id\":\"a6c41fb8-9a2f-4a20-a99c-9622fe3db0f7\",\"t\":1791225769996}","source":"console","time":"2026-10-05T18:42:49Z"}
{"level":"info","msg":"{\"ev\":\"accepted\",\"id\":\"4d47e231-e9dc-4810-87d2-b441034be2a1\",\"t\":1791225770375}","source":"console","time":"2026-10-05T18:42:50Z"}
{"level":"info","msg":"{\"ev\":\"accepted\",\"id\":\"a58e3a95-cceb-45f3-91d5-e71e9393648a\",\"t\":1791225770764}","source":"console","time":"2026-10-05T18:42:50Z"}
{"level":"info","msg":"{\"ev\":\"accepted\",\"id\":\"bfec1bf3-d2cd-4f33-9146-a8b013d80f7c\",\"t\":1791225771143}","source":"console","time":"2026-10-05T18:42:51Z"}
{"level":"info","msg":"{\"ev\":\"accepted\",\"id\":\"3796fd7a-33e1-41c2-ac09-dc6dc86b3f46\",\"t\":1791225771525}","source":"console","time":"2026-10-05T18:42:51Z"}
{"level":"info","msg":"{\"ev\":\"accepted\",\"id\":\"85513aed-7eb2-4a90-92f4-a09c45db7f9a\",\"t\":1791225771928}","source":"console","time":"2026-10-05T18:42:51Z"}
{"level":"info","msg":"{\"ev\":\"accepted\",\"id\":\"b3b29e50-cd02-4a4c-969f-d58055d8b63e\",\"t\":1791225772310}","source":"console","time":"2026-10-05T18:42:52Z"}
{"level":"info","msg":"{\"ev\":\"accepted\",\"id\":\"1406cefc-36b8-44ce-a692-097309c423eb\",\"t\":1791225772686}","source":"console","time":"2026-10-05T18:42:52Z"}
{"level":"info","msg":"{\"ev\":\"accepted\",\"id\":\"11b5c6e0-1228-47dc-ac91-b726f82e734f\",\"t\":1791225773120}","source":"console","time":"2026-10-05T18:42:53Z"}
{"level":"info","msg":"{\"ev\":\"accepted\",\"id\":\"48404fd4-2e61-4338-89e8-f4b85f8b5391\",\"t\":1791225773465}","source":"console","time":"2026-10-05T18:42:53Z"}
{"level":"info","msg":"{\"ev\":\"accepted\",\"id\":\"98b19678-d6ce-4652-bc64-b2a01164d8e1\",\"t\":1791225773849}","source":"console","time":"2026-10-05T18:42:53Z"}
{"level":"info","msg":"{\"ev\":\"accepted\",\"id\":\"d25661fe-98da-4e72-ae99-a59be184e52a\",\"t\":1791225774227}","source":"console","time":"2026-10-05T18:42:54Z"}
{"level":"info","msg":"{\"ev\":\"accepted\",\"id\":\"bac819a7-6d06-4f22-a012-b50bdc60937c\",\"t\":1791225774618}","source":"console","time":"2026-10-05T18:42:54Z"}
{"level":"info","msg":"{\"ev\":\"accepted\",\"id\":\"1b406fe5-9b43-495e-afd2-2420aca2273e\",\"t\":1791225775010}","source":"console","time":"2026-10-05T18:42:55Z"}
{"level":"info","msg":"{\"ev\":\"accepted\",\"id\":\"8b26bb2e-3bca-43cd-9d97-15a67fe95541\",\"t\":1791225775379}","source":"console","time":"2026-10-05T18:42:55Z"}
{"level":"info","msg":"{\"ev\":\"accepted\",\"id\":\"10bce678-41fd-4c1d-bcef-53600170d688\",\"t\":1791225775756}","source":"console","time":"2026-10-05T18:42:55Z"}
{"level":"info","msg":"{\"ev\":\"accepted\",\"id\":\"852441c6-7bc3-4ae1-b8d3-8b7c0477b5b9\",\"t\":1791225776164}","source":"console","time":"2026-10-05T18:42:56Z"}
{"level":"info","msg":"{\"ev\":\"accepted\",\"id\":\"ca1ecad5-7ab5-4f66-aad1-2efcab7127e7\",\"t\":1791225776541}","source":"console","time":"2026-10-05T18:42:56Z"}
{"level":"info","msg":"{\"ev\":\"accepted\",\"id\":\"3eb056e8-aeb1-46c1-b188-4c48e05ce06d\",\"t\":1791225776908}","source":"console","time":"2026-10-05T18:42:56Z"}
{"level":"info","msg":"{\"ev\":\"accepted\",\"id\":\"3c522975-6946-42ad-8a4f-67f164b8afe8\",\"t\":1791225777304}","source":"console","time":"2026-10-05T18:42:57Z"}
{"level":"info","msg":"{\"ev\":\"accepted\",\"id\":\"1e204883-85f5-4088-92e1-c876841af37c\",\"t\":1791225777686}","source":"console","time":"2026-10-05T18:42:57Z"}
{"level":"info","msg":"{\"ev\":\"accepted\",\"id\":\"6a09695d-b731-4b69-bd1e-36b4bb29bb78\",\"t\":1791225778071}","source":"console","time":"2026-10-05T18:42:58Z"}
{"level":"info","msg":"{\"ev\":\"accepted\",\"id\":\"cc807bdf-42ac-4ce3-b801-f7a2f6bc3867\",\"t\":1791225778454}","source":"console","time":"2026-10-05T18:42:58Z"}
{"level":"info","msg":"{\"ev\":\"accepted\",\"id\":\"86425e28-37c5-442a-9889-7718c66e5ab4\",\"t\":1791225778838}","source":"console","time":"2026-10-05T18:42:58Z"}
{"level":"info","msg":"{\"ev\":\"accepted\",\"id\":\"aed4f088-24c4-4f1d-bda0-3cb216b5efcc\",\"t\":1791225779234}","source":"console","time":"2026-10-05T18:42:59Z"}
{"level":"info","msg":"{\"ev\":\"accepted\",\"id\":\"cefb0ada-edd6-4dc2-9bb0-84b19734310e\",\"t\":1791225779605}","source":"console","time":"2026-10-05T18:42:59Z"}
{"level":"info","msg":"{\"ev\":\"accepted\",\"id\":\"2ddbce08-efa2-495b-a35a-5affe559607a\",\"t\":1791225779994}","source":"console","time":"2026-10-05T18:42:59Z"}
{"level":"info","msg":"{\"ev\":\"accepted\",\"id\":\"bca80ef7-6b8a-4be7-bd6f-788f5ee81757\",\"t\":1791225780374}","source":"console","time":"2026-10-05T18:43:00Z"}
{"level":"info","msg":"{\"ev\":\"accepted\",\"id\":\"d33ac5e4-aee5-4653-aa70-3f1cfa77323e\",\"t\":1791225780765}","source":"console","time":"2026-10-05T18:43:00Z"}
{"level":"info","msg":"{\"ev\":\"accepted\",\"id\":\"c010546e-3966-4b91-9abf-c69e3f796a48\",\"t\":1791225781145}","source":"console","time":"2026-10-05T18:43:01Z"}
{"level":"info","msg":"{\"ev\":\"accepted\",\"id\":\"831fcaa1-2fb1-4ec6-b22a-65049b208ab0\",\"t\":1791225781525}","source":"console","time":"2026-10-05T18:43:01Z"}
{"level":"info","msg":"{\"ev\":\"accepted\",\"id\":\"29c97df9-ef86-4b71-b3d5-c065793f8fca\",\"t\":1791225781925}","source":"console","time":"2026-10-05T18:43:01Z"}
{"level":"info","msg":"{\"ev\":\"accepted\",\"id\":\"babe1cbc-9e75-4c93-9d84-523a459662e2\",\"t\":1791225782303}","source":"console","time":"2026-10-05T18:43:02Z"}
{"level":"info","msg":"{\"ev\":\"accepted\",\"id\":\"30d7a64d-ce29-442d-9137-333521f0c14a\",\"t\":1791225782689}","source":"console","time":"2026-10-05T18:43:02Z"}
{"level":"info","msg":"{\"ev\":\"accepted\",\"id\":\"f3d77452-1910-47aa-87d4-18bf0e0e28e8\",\"t\":1791225783073}","source":"console","time":"2026-10-05T18:43:03Z"}
{"level":"info","msg":"{\"ev\":\"accepted\",\"id\":\"6f7386f2-71b7-4585-bee1-bbdcf4b09781\",\"t\":1791225783459}","source":"console","time":"2026-10-05T18:43:03Z"}
{"level":"info","msg":"{\"ev\":\"accepted\",\"id\":\"4e9e4b13-6107-4dbb-9f03-1ce26288dffc\",\"t\":1791225783847}","source":"console","time":"2026-10-05T18:43:03Z"}
{"level":"info","msg":"{\"ev\":\"accepted\",\"id\":\"f55c8aaa-f657-436e-97d3-57c7522af566\",\"t\":1791225784236}","source":"console","time":"2026-10-05T18:43:04Z"}
{"level":"info","msg":"{\"ev\":\"accepted\",\"id\":\"e8a4b42d-4d20-48a0-aa83-226610f0545e\",\"t\":1791225784622}","source":"console","time":"2026-10-05T18:43:04Z"}
{"level":"info","msg":"{\"ev\":\"accepted\",\"id\":\"d481b800-f35c-4673-8039-90649d6f17c5\",\"t\":1791225785007}","source":"console","time":"2026-10-05T18:43:05Z"}
{"level":"info","msg":"{\"ev\":\"accepted\",\"id\":\"98dc9e36-cfc0-4193-9867-5e5ee60f0e44\",\"t\":1791225785380}","source":"console","time":"2026-10-05T18:43:05Z"}
{"level":"info","msg":"{\"ev\":\"accepted\",\"id\":\"bc154c15-0e2b-4006-9f7e-37bcad8b8a44\",\"t\":1791225785765}","source":"console","time":"2026-10-05T18:43:05Z"}
{"level":"info","msg":"{\"ev\":\"accepted\",\"id\":\"bff3ef9a-c5f9-4d1a-8a06-9cde91ddee33\",\"t\":1791225786145}","source":"console","time":"2026-10-05T18:43:06Z"}
{"level":"info","msg":"{\"ev\":\"accepted\",\"id\":\"3f4a2c57-bb4e-4e19-9551-f843dbc3c1c5\",\"t\":1791225786536}","source":"console","time":"2026-10-05T18:43:06Z"}
{"level":"info","msg":"{\"ev\":\"accepted\",\"id\":\"8b393f6b-50b9-4ec4-bdfd-71f7fb8d05b8\",\"t\":1791225786926}","source":"console","time":"2026-10-05T18:43:06Z"}
{"level":"info","msg":"{\"ev\":\"accepted\",\"id\":\"af13d963-bf7d-438b-885a-9ab3ed19b04e\",\"t\":1791225787328}","source":"console","time":"2026-10-05T18:43:07Z"}
{"level":"info","msg":"{\"ev\":\"accepted\",\"id\":\"163a29b4-f05e-4c6b-8752-e9584085dba0\",\"t\":1791225787696}","source":"console","time":"2026-10-05T18:43:07Z"}
{"level":"info","msg":"{\"ev\":\"accepted\",\"id\":\"cb1b0ac0-1aef-4770-b6b9-fd339c391927\",\"t\":1791225788081}","source":"console","time":"2026-10-05T18:43:08Z"}
{"level":"info","msg":"{\"ev\":\"accepted\",\"id\":\"9240a559-171c-459e-bbcc-33a77d3520fd\",\"t\":1791225788469}","source":"console","time":"2026-10-05T18:43:08Z"}
{"level":"info","msg":"{\"ev\":\"accepted\",\"id\":\"60ec165e-9e02-4652-a8f7-eb9254962ebc\",\"t\":1791225788847}","source":"console","time":"2026-10-05T18:43:08Z"}
{"level":"info","msg":"{\"ev\":\"accepted\",\"id\":\"e208adcc-e737-4502-a37a-e9682a57c9bc\",\"t\":1791225789218}","source":"console","time":"2026-10-05T18:43:09Z"}
{"level":"info","msg":"{\"ev\":\"accepted\",\"id\":\"ba0179b2-a441-4bc3-a0ae-cfa6e9ad0107\",\"t\":1791225789624}","source":"console","time":"2026-10-05T18:43:09Z"}
{"level":"info","msg":"{\"ev\":\"accepted\",\"id\":\"628ce858-93b9-45f3-bb14-dccdceb0d4dc\",\"t\":1791225790005}","source":"console","time":"2026-10-05T18:43:10Z"}
{"level":"info","msg":"{\"ev\":\"accepted\",\"id\":\"b288b221-fd20-44bc-9f70-03213972efe2\",\"t\":1791225790389}","source":"console","time":"2026-10-05T18:43:10Z"}
{"level":"info","msg":"{\"ev\":\"accepted\",\"id\":\"2b753990-09e4-4633-8767-c35c7053dcac\",\"t\":1791225790763}","source":"console","time":"2026-10-05T18:43:10Z"}
{"level":"info","msg":"{\"ev\":\"accepted\",\"id\":\"8abeefa3-4d51-45b2-9db9-b9838c1db65a\",\"t\":1791225791156}","source":"console","time":"2026-10-05T18:43:11Z"}
{"level":"info","msg":"{\"ev\":\"accepted\",\"id\":\"d91222c1-d4e2-4668-9cbf-59fdb96cb4db\",\"t\":1791225791537}","source":"console","time":"2026-10-05T18:43:11Z"}
{"level":"info","msg":"{\"ev\":\"accepted\",\"id\":\"d5943222-a3ec-4234-8054-2ef0100b0a30\",\"t\":1791225791932}","source":"console","time":"2026-10-05T18:43:11Z"}
{"level":"info","msg":"{\"ev\":\"accepted\",\"id\":\"7b2cb6d4-b8ad-4b46-bc6f-979cf29e6731\",\"t\":1791225792316}","source":"console","time":"2026-10-05T18:43:12Z"}
{"level":"info","msg":"{\"ev\":\"accepted\",\"id\":\"3a03df60-eccf-46da-a080-9bd183229d07\",\"t\":1791225792686}","source":"console","time":"2026-10-05T18:43:12Z"}
{"level":"info","msg":"{\"ev\":\"accepted\",\"id\":\"c3052958-154f-43a5-93c1-21208e6e6aea\",\"t\":1791225793069}","source":"console","time":"2026-10-05T18:43:13Z"}
{"level":"info","msg":"{\"ev\":\"accepted\",\"id\":\"40aac953-17f9-45cc-a307-aa027659d9ca\",\"t\":1791225793451}","source":"console","time":"2026-10-05T18:43:13Z"}
{"level":"info","msg":"{\"ev\":\"accepted\",\"id\":\"0d720950-542b-4b32-9f4e-6b861ace9dd2\",\"t\":1791225793840}","source":"console","time":"2026-10-05T18:43:13Z"}
{"level":"info","msg":"{\"ev\":\"accepted\",\"id\":\"33a23c7b-4566-44ca-b6ae-c89394922adf\",\"t\":1791225794223}","source":"console","time":"2026-10-05T18:43:14Z"}
{"level":"info","msg":"{\"ev\":\"accepted\",\"id\":\"6dfc49bc-ed2d-4fc7-917f-e37eb544cf84\",\"t\":1791225794610}","source":"console","time":"2026-10-05T18:43:14Z"}
{"level":"info","msg":"{\"ev\":\"accepted\",\"id\":\"415d98dc-4a1a-444c-9f7a-a631bdc8d0ee\",\"t\":1791225794992}","source":"console","time":"2026-10-05T18:43:14Z"}
{"level":"info","msg":"{\"ev\":\"accepted\",\"id\":\"e047750a-f1ce-4e08-b7e9-602eed23ccfd\",\"t\":1791225795385}","source":"console","time":"2026-10-05T18:43:15Z"}
{"level":"info","msg":"{\"ev\":\"accepted\",\"id\":\"71976d1c-5050-4646-979c-7893646996ea\",\"t\":1791225795767}","source":"console","time":"2026-10-05T18:43:15Z"}
{"level":"info","msg":"{\"ev\":\"accepted\",\"id\":\"6269e367-25a1-4587-89b4-e6fce9d06119\",\"t\":1791225796148}","source":"console","time":"2026-10-05T18:43:16Z"}
{"level":"info","msg":"{\"ev\":\"accepted\",\"id\":\"642d9f97-a734-4c9b-890c-da880dbb50f7\",\"t\":1791225796535}","source":"console","time":"2026-10-05T18:43:16Z"}
{"level":"info","msg":"{\"ev\":\"accepted\",\"id\":\"d1fc13e7-9d7c-4101-8706-212d9371e0b7\",\"t\":1791225796913}","source":"console","time":"2026-10-05T18:43:16Z"}
{"level":"info","msg":"{\"ev\":\"accepted\",\"id\":\"58c92a0c-ca6a-4f4c-b60c-2bd45933ebfe\",\"t\":1791225797302}","source":"console","time":"2026-10-05T18:43:17Z"}
{"level":"info","msg":"{\"ev\":\"accepted\",\"id\":\"a4181cef-87ad-4920-97de-9aa691e22ce4\",\"t\":1791225797694}","source":"console","time":"2026-10-05T18:43:17Z"}
{"level":"info","msg":"{\"ev\":\"accepted\",\"id\":\"c12cb976-e678-4c84-b4c9-4b4db5ba402b\",\"t\":1791225798080}","source":"console","time":"2026-10-05T18:43:18Z"}
{"level":"info","msg":"{\"ev\":\"accepted\",\"id\":\"96cb3b0d-e97f-4fae-b5f3-85af413451f1\",\"t\":1791225798476}","source":"console","time":"2026-10-05T18:43:18Z"}
{"level":"info","msg":"{\"ev\":\"accepted\",\"id\":\"76edf3ed-2a65-498a-bc26-e67eaa5870da\",\"t\":1791225798839}","source":"console","time":"2026-10-05T18:43:18Z"}
{"level":"info","msg":"{\"ev\":\"accepted\",\"id\":\"3e315c1f-9d0d-44ff-ae89-6225ff89cc14\",\"t\":1791225799235}","source":"console","time":"2026-10-05T18:43:19Z"}
{"level":"info","msg":"{\"ev\":\"accepted\",\"id\":\"0f59f39f-72d8-4d61-803c-9706ae9ad6a7\",\"t\":1791225799616}","source":"console","time":"2026-10-05T18:43:19Z"}
{"level":"info","msg":"{\"ev\":\"accepted\",\"id\":\"5e932ebf-dd60-4a7c-8681-6c32103bfcb3\",\"t\":1791225800000}","source":"console","time":"2026-10-05T18:43:20Z"}
{"level":"info","msg":"{\"ev\":\"accepted\",\"id\":\"dbed8432-f597-4bd4-aba0-9550f2274f45\",\"t\":1791225800406}","source":"console","time":"2026-10-05T18:43:20Z"}
{"level":"info","msg":"{\"ev\":\"accepted\",\"id\":\"04ec0d97-233b-4c36-b13f-8bfaa95ad59d\",\"t\":1791225800763}","source":"console","time":"2026-10-05T18:43:20Z"}
{"level":"info","msg":"{\"ev\":\"accepted\",\"id\":\"1b275028-45f0-4be9-aa53-eec1bc3bba7d\",\"t\":1791225801153}","source":"console","time":"2026-10-05T18:43:21Z"}
{"level":"info","msg":"{\"ev\":\"accepted\",\"id\":\"b70bd7de-0ba3-488e-9d73-a93d8ae2c691\",\"t\":1791225801706}","source":"console","time":"2026-10-05T18:43:21Z"}
{"level":"info","msg":"{\"ev\":\"accepted\",\"id\":\"f470229f-f4fe-4f21-86e4-1ca95b1b8950\",\"t\":1791225802116}","source":"console","time":"2026-10-05T18:43:22Z"}
{"level":"info","msg":"{\"ev\":\"accepted\",\"id\":\"cfa374c1-6ec7-42af-8c74-cdb9fea532bb\",\"t\":1791225802485}","source":"console","time":"2026-10-05T18:43:22Z"}
{"level":"info","msg":"{\"ev\":\"accepted\",\"id\":\"b012294b-ef99-484f-8c52-2b0ea1971743\",\"t\":1791225802852}","source":"console","time":"2026-10-05T18:43:22Z"}
{"level":"info","msg":"{\"ev\":\"accepted\",\"id\":\"0586be49-837c-4dc9-95c1-840355e6f31e\",\"t\":1791225803246}","source":"console","time":"2026-10-05T18:43:23Z"}
{"level":"info","msg":"{\"ev\":\"accepted\",\"id\":\"f84b3be4-659c-4491-a291-5d279fd1380d\",\"t\":1791225803617}","source":"console","time":"2026-10-05T18:43:23Z"}
{"level":"info","msg":"{\"ev\":\"accepted\",\"id\":\"f51f9812-2903-48f4-ae15-20f4c70625e1\",\"t\":1791225804002}","source":"console","time":"2026-10-05T18:43:24Z"}
{"level":"info","msg":"{\"ev\":\"accepted\",\"id\":\"627ffe81-e870-432c-bf96-010ab8c4e0b7\",\"t\":1791225804382}","source":"console","time":"2026-10-05T18:43:24Z"}
{"level":"info","msg":"{\"ev\":\"accepted\",\"id\":\"94a4a11b-6823-4ed3-b29f-17634e60d3a3\",\"t\":1791225804754}","source":"console","time":"2026-10-05T18:43:24Z"}
{"level":"info","msg":"{\"ev\":\"accepted\",\"id\":\"c4814cc0-4994-44ce-9efb-178f66443dfc\",\"t\":1791225805143}","source":"console","time":"2026-10-05T18:43:25Z"}
{"level":"info","msg":"{\"ev\":\"accepted\",\"id\":\"a21301a1-1c04-4ba9-8801-b0e27dac09f2\",\"t\":1791225805566}","source":"console","time":"2026-10-05T18:43:25Z"}
{"level":"info","msg":"{\"ev\":\"accepted\",\"id\":\"90e6ed43-ce77-48e9-9cf1-affc73f27c54\",\"t\":1791225805936}","source":"console","time":"2026-10-05T18:43:25Z"}
{"level":"info","msg":"{\"ev\":\"accepted\",\"id\":\"4ddae375-8303-430f-80ae-ed11dbb7651b\",\"t\":1791225806298}","source":"console","time":"2026-10-05T18:43:26Z"}
{"level":"info","msg":"{\"ev\":\"accepted\",\"id\":\"e7942c8d-b1a2-44eb-a9b1-f8ff3b791cd9\",\"t\":1791225806706}","source":"console","time":"2026-10-05T18:43:26Z"}
{"level":"info","msg":"{\"ev\":\"accepted\",\"id\":\"45032edb-6534-4f49-87c3-82890cc3f5c5\",\"t\":1791225807079}","source":"console","time":"2026-10-05T18:43:27Z"}
{"level":"info","msg":"{\"ev\":\"accepted\",\"id\":\"713eaa58-4fd7-4fe0-8b12-3e76ada5de57\",\"t\":1791225807480}","source":"console","time":"2026-10-05T18:43:27Z"}
{"level":"info","msg":"{\"ev\":\"accepted\",\"id\":\"a739e11e-4d2b-49d5-8f5e-49c03371d595\",\"t\":1791225807868}","source":"console","time":"2026-10-05T18:43:27Z"}
{"level":"info","msg":"{\"ev\":\"accepted\",\"id\":\"9391fab7-7b35-49f4-90de-166210a059f8\",\"t\":1791225808235}","source":"console","time":"2026-10-05T18:43:28Z"}
{"level":"info","msg":"{\"ev\":\"accepted\",\"id\":\"893812dd-e736-4ffe-b22a-be7b3fae18b4\",\"t\":1791225808632}","source":"console","time":"2026-10-05T18:43:28Z"}
{"level":"info","msg":"{\"ev\":\"accepted\",\"id\":\"bc7d6209-0dde-491f-b327-4b83555b04c6\",\"t\":1791225808997}","source":"console","time":"2026-10-05T18:43:28Z"}
{"level":"info","msg":"{\"ev\":\"accepted\",\"id\":\"24d2418a-f8f0-41b0-a7dd-bd6be27f7eeb\",\"t\":1791225809399}","source":"console","time":"2026-10-05T18:43:29Z"}
{"level":"info","msg":"{\"ev\":\"accepted\",\"id\":\"a4917557-b8b3-4cad-81e8-8b2f9f9c5c99\",\"t\":1791225809804}","source":"console","time":"2026-10-05T18:43:29Z"}
{"level":"info","msg":"{\"ev\":\"accepted\",\"id\":\"52078ef8-2892-44a4-9339-978dbcadd65c\",\"t\":1791225810192}","source":"console","time":"2026-10-05T18:43:30Z"}
{"level":"info","msg":"{\"ev\":\"accepted\",\"id\":\"a2a849d5-04e4-4eb9-9c4d-537e67abcc54\",\"t\":1791225810542}","source":"console","time":"2026-10-05T18:43:30Z"}
{"level":"info","msg":"{\"ev\":\"accepted\",\"id\":\"ae972316-958c-4992-a78e-1376cb9d2733\",\"t\":1791225810920}","source":"console","time":"2026-10-05T18:43:30Z"}
{"level":"info","msg":"{\"ev\":\"accepted\",\"id\":\"7a5c4ecb-7cea-4dfb-9ab7-f943879a7580\",\"t\":1791225811329}","source":"console","time":"2026-10-05T18:43:31Z"}
{"level":"info","msg":"{\"ev\":\"accepted\",\"id\":\"56a010c0-4fa1-4bf3-8362-b8ac49422880\",\"t\":1791225811694}","source":"console","time":"2026-10-05T18:43:31Z"}
{"level":"info","msg":"{\"ev\":\"accepted\",\"id\":\"9428243c-5fcc-4cf5-a158-68ded920ab61\",\"t\":1791225812053}","source":"console","time":"2026-10-05T18:43:32Z"}
{"level":"info","msg":"{\"ev\":\"accepted\",\"id\":\"4b8184e6-eb3f-4d20-9868-591063b53e4e\",\"t\":1791225812434}","source":"console","time":"2026-10-05T18:43:32Z"}
{"level":"info","msg":"{\"ev\":\"accepted\",\"id\":\"0b1f744c-e327-447f-94f3-f4cc37a1fff0\",\"t\":1791225812830}","source":"console","time":"2026-10-05T18:43:32Z"}
{"level":"info","msg":"{\"ev\":\"accepted\",\"id\":\"a31b112b-003f-49c1-87a3-05bcbfa5ee74\",\"t\":1791225813217}","source":"console","time":"2026-10-05T18:43:33Z"}
{"level":"info","msg":"{\"ev\":\"accepted\",\"id\":\"8d1bc411-efbd-4a22-a9cf-cccbd79937e8\",\"t\":1791225813609}","source":"console","time":"2026-10-05T18:43:33Z"}
{"level":"info","msg":"{\"ev\":\"accepted\",\"id\":\"842c5a06-a1bd-4a4c-b2e5-e0036630bac8\",\"t\":1791225814007}","source":"console","time":"2026-10-05T18:43:34Z"}
{"level":"info","msg":"{\"ev\":\"accepted\",\"id\":\"563c2133-a016-43ed-924d-84f9aa6c3e72\",\"t\":1791225814406}","source":"console","time":"2026-10-05T18:43:34Z"}
{"level":"info","msg":"{\"ev\":\"accepted\",\"id\":\"f11c3afd-fbd2-457b-b7c4-e42f2cb8eb04\",\"t\":1791225814768}","source":"console","time":"2026-10-05T18:43:34Z"}
{"level":"info","msg":"{\"ev\":\"accepted\",\"id\":\"78abc24e-ab24-4807-8a5b-ed7d38f489cb\",\"t\":1791225815153}","source":"console","time":"2026-10-05T18:43:35Z"}
{"level":"info","msg":"{\"ev\":\"accepted\",\"id\":\"8f927fe6-45fe-4ac9-87b5-1aa0db9cd584\",\"t\":1791225815564}","source":"console","time":"2026-10-05T18:43:35Z"}
{"level":"info","msg":"{\"ev\":\"accepted\",\"id\":\"39b7062b-36c9-42e9-924e-a8fab22f6511\",\"t\":1791225815917}","source":"console","time":"2026-10-05T18:43:35Z"}
{"level":"info","msg":"{\"ev\":\"accepted\",\"id\":\"bcc1cfbc-6371-4c52-9b54-5c592d6e667d\",\"t\":1791225816320}","source":"console","time":"2026-10-05T18:43:36Z"}
{"level":"info","msg":"{\"ev\":\"accepted\",\"id\":\"2e60bd92-d7e6-4358-a851-0a1f9514dcc0\",\"t\":1791225816675}","source":"console","time":"2026-10-05T18:43:36Z"}
{"level":"info","msg":"{\"ev\":\"accepted\",\"id\":\"3a5c2cb5-e2a1-4dd9-b4b1-a02bf6064c13\",\"t\":1791225817077}","source":"console","time":"2026-10-05T18:43:37Z"}
{"level":"info","msg":"{\"ev\":\"accepted\",\"id\":\"8572c96e-a5e6-464c-a009-e518f474fe47\",\"t\":1791225817445}","source":"console","time":"2026-10-05T18:43:37Z"}
{"level":"info","msg":"{\"ev\":\"accepted\",\"id\":\"f8fac07d-ca91-4655-ae77-6bb20219da52\",\"t\":1791225817854}","source":"console","time":"2026-10-05T18:43:37Z"}
{"level":"info","msg":"{\"ev\":\"accepted\",\"id\":\"ea97f8a1-988a-4e08-94cb-1f4496a25cc9\",\"t\":1791225818258}","source":"console","time":"2026-10-05T18:43:38Z"}
{"level":"info","msg":"{\"ev\":\"accepted\",\"id\":\"e5c4618a-7226-4352-8401-8367532109d0\",\"t\":1791225818615}","source":"console","time":"2026-10-05T18:43:38Z"}
{"level":"info","msg":"{\"ev\":\"accepted\",\"id\":\"4be328a3-afbd-4d81-9c91-2f0f10ef8856\",\"t\":1791225819005}","source":"console","time":"2026-10-05T18:43:39Z"}
{"level":"info","msg":"{\"ev\":\"accepted\",\"id\":\"d0d82487-1070-4c21-987b-488de5889f92\",\"t\":1791225819411}","source":"console","time":"2026-10-05T18:43:39Z"}
{"level":"info","msg":"{\"ev\":\"accepted\",\"id\":\"36b5d353-e943-4259-9e37-356cd0de0c4e\",\"t\":1791225819773}","source":"console","time":"2026-10-05T18:43:39Z"}
{"level":"info","msg":"{\"ev\":\"accepted\",\"id\":\"faa0b344-9a3b-4057-a4b6-ecc681d8ed13\",\"t\":1791225820177}","source":"console","time":"2026-10-05T18:43:40Z"}
{"level":"info","msg":"{\"ev\":\"accepted\",\"id\":\"4db872a5-4558-476e-983d-4bbca370ece2\",\"t\":1791225820525}","source":"console","time":"2026-10-05T18:43:40Z"}
{"level":"info","msg":"{\"ev\":\"accepted\",\"id\":\"7ded0db0-ce5d-49b1-a39d-d992acb78df1\",\"t\":1791225820920}","source":"console","time":"2026-10-05T18:43:40Z"}
{"level":"info","msg":"{\"ev\":\"accepted\",\"id\":\"2de66c6b-c2a6-42ab-afa7-0a04cd28ac1d\",\"t\":1791225821350}","source":"console","time":"2026-10-05T18:43:41Z"}
{"level":"info","msg":"{\"ev\":\"accepted\",\"id\":\"85e1b977-a05d-4246-a06c-e640b64f6c08\",\"t\":1791225821707}","source":"console","time":"2026-10-05T18:43:41Z"}
{"level":"info","msg":"{\"ev\":\"accepted\",\"id\":\"19204f98-1985-45e0-a063-f497c9ad28e5\",\"t\":1791225822094}","source":"console","time":"2026-10-05T18:43:42Z"}
{"level":"info","msg":"{\"ev\":\"accepted\",\"id\":\"f61e4a49-807e-4fff-acc3-4a9fce26d235\",\"t\":1791225822476}","source":"console","time":"2026-10-05T18:43:42Z"}
{"level":"info","msg":"{\"ev\":\"accepted\",\"id\":\"31c54eca-ea7c-4a1a-ad70-8a979c7b3311\",\"t\":1791225822840}","source":"console","time":"2026-10-05T18:43:42Z"}
{"level":"info","msg":"{\"ev\":\"accepted\",\"id\":\"523b2468-2178-4b52-a651-5d278ec1c9e7\",\"t\":1791225823229}","source":"console","time":"2026-10-05T18:43:43Z"}
{"level":"info","msg":"{\"ev\":\"accepted\",\"id\":\"d28a7e2f-0aa9-42b0-9ffa-c001abde1cc3\",\"t\":1791225823611}","source":"console","time":"2026-10-05T18:43:43Z"}
{"level":"info","msg":"{\"ev\":\"accepted\",\"id\":\"53851f4a-6340-47b1-98cc-a6bc545d1476\",\"t\":1791225824005}","source":"console","time":"2026-10-05T18:43:44Z"}
{"level":"info","msg":"{\"ev\":\"accepted\",\"id\":\"78089408-35b3-4882-9a65-13fbc1ebd86b\",\"t\":1791225824372}","source":"console","time":"2026-10-05T18:43:44Z"}
{"level":"info","msg":"{\"ev\":\"accepted\",\"id\":\"49e22fbc-9ad7-42ce-94bc-ad30684cf115\",\"t\":1791225824749}","source":"console","time":"2026-10-05T18:43:44Z"}
{"level":"info","msg":"{\"ev\":\"accepted\",\"id\":\"63e6105a-e753-4b4e-b7fc-493b48d8acb4\",\"t\":1791225825183}","source":"console","time":"2026-10-05T18:43:45Z"}
{"level":"info","msg":"{\"ev\":\"accepted\",\"id\":\"b7795791-e2c7-4e52-8655-8decae97144e\",\"t\":1791225825597}","source":"console","time":"2026-10-05T18:43:45Z"}
{"level":"info","msg":"{\"ev\":\"accepted\",\"id\":\"163b39f2-1300-4eae-ad6a-5d304bb914fd\",\"t\":1791225825927}","source":"console","time":"2026-10-05T18:43:45Z"}
{"level":"info","msg":"{\"ev\":\"accepted\",\"id\":\"11a78795-8a73-4cb7-906a-c7f323700d91\",\"t\":1791225826299}","source":"console","time":"2026-10-05T18:43:46Z"}
{"level":"info","msg":"{\"ev\":\"accepted\",\"id\":\"966fa77f-579e-42fe-a904-1a89ea82e6d7\",\"t\":1791225826692}","source":"console","time":"2026-10-05T18:43:46Z"}
{"level":"info","msg":"{\"ev\":\"accepted\",\"id\":\"116a2b00-2192-4c08-abe6-79c387dd207c\",\"t\":1791225827097}","source":"console","time":"2026-10-05T18:43:47Z"}
{"level":"info","msg":"{\"ev\":\"accepted\",\"id\":\"3cc10ebb-0e87-4d8b-bcd6-02f57e7ca6ee\",\"t\":1791225827479}","source":"console","time":"2026-10-05T18:43:47Z"}
{"level":"info","msg":"{\"ev\":\"accepted\",\"id\":\"449073e4-ea4a-49ae-becf-50f84aa4275e\",\"t\":1791225827844}","source":"console","time":"2026-10-05T18:43:47Z"}
{"level":"info","msg":"{\"ev\":\"accepted\",\"id\":\"d23d6038-b065-4dbf-9eef-f2c2bf83aca5\",\"t\":1791225828214}","source":"console","time":"2026-10-05T18:43:48Z"}
{"level":"info","msg":"{\"ev\":\"accepted\",\"id\":\"ba76a44c-8f3f-4c87-8b27-e420d7455171\",\"t\":1791225828617}","source":"console","time":"2026-10-05T18:43:48Z"}
{"level":"info","msg":"{\"ev\":\"accepted\",\"id\":\"9122686b-03ed-4365-898d-416b85a8811a\",\"t\":1791225828984}","source":"console","time":"2026-10-05T18:43:48Z"}
{"level":"info","msg":"{\"ev\":\"accepted\",\"id\":\"35db24d4-87da-443c-ab69-902150317f02\",\"t\":1791225829373}","source":"console","time":"2026-10-05T18:43:49Z"}
{"level":"info","msg":"{\"ev\":\"accepted\",\"id\":\"011bc1e7-22ab-44f8-8efc-5efc7f110521\",\"t\":1791225829755}","source":"console","time":"2026-10-05T18:43:49Z"}
{"level":"info","msg":"{\"ev\":\"accepted\",\"id\":\"0ddab9ef-abbf-42f4-8f86-fefa4ba0f37c\",\"t\":1791225830150}","source":"console","time":"2026-10-05T18:43:50Z"}
{"level":"info","msg":"{\"ev\":\"accepted\",\"id\":\"b3c6f8c2-1a8f-4461-84b3-0292fd86b2bf\",\"t\":1791225830538}","source":"console","time":"2026-10-05T18:43:50Z"}
{"level":"info","msg":"{\"ev\":\"accepted\",\"id\":\"39ca0873-8308-4224-93be-aafc6b9fd053\",\"t\":1791225830926}","source":"console","time":"2026-10-05T18:43:50Z"}
{"level":"info","msg":"{\"ev\":\"accepted\",\"id\":\"a27ab620-314e-422a-b3f7-023740279685\",\"t\":1791225831376}","source":"console","time":"2026-10-05T18:43:51Z"}
{"level":"info","msg":"{\"ev\":\"accepted\",\"id\":\"2853b699-820e-433b-a13f-8e4b6283bfbd\",\"t\":1791225831706}","source":"console","time":"2026-10-05T18:43:51Z"}
{"level":"info","msg":"{\"ev\":\"accepted\",\"id\":\"fd5cb224-7094-42c6-bdee-df184bb2d838\",\"t\":1791225832065}","source":"console","time":"2026-10-05T18:43:52Z"}
{"level":"info","msg":"{\"ev\":\"accepted\",\"id\":\"5e6b948f-cf8f-4b4e-8fc6-7465a42f17f5\",\"t\":1791225832457}","source":"console","time":"2026-10-05T18:43:52Z"}
{"level":"info","msg":"{\"ev\":\"accepted\",\"id\":\"f1b9c16a-b964-4c33-880a-7bb6d52fc7a6\",\"t\":1791225832830}","source":"console","time":"2026-10-05T18:43:52Z"}
{"level":"info","msg":"{\"ev\":\"accepted\",\"id\":\"49d06d76-a4eb-42b0-a3ef-7f5764c67b89\",\"t\":1791225833233}","source":"console","time":"2026-10-05T18:43:53Z"}
{"level":"info","msg":"{\"ev\":\"accepted\",\"id\":\"45c06eb8-9759-4943-9a4b-9d99aede2c06\",\"t\":1791225833611}","source":"console","time":"2026-10-05T18:43:53Z"}
{"level":"info","msg":"{\"ev\":\"accepted\",\"id\":\"19711408-90ea-424a-87e2-5f5cb3a62554\",\"t\":1791225833998}","source":"console","time":"2026-10-05T18:43:53Z"}
{"level":"info","msg":"{\"ev\":\"accepted\",\"id\":\"dd5d10b5-15e7-44ce-8000-0db358899d74\",\"t\":1791225834388}","source":"console","time":"2026-10-05T18:43:54Z"}
{"level":"info","msg":"{\"ev\":\"accepted\",\"id\":\"8fbb43c2-c59e-4513-99be-cdab714770dd\",\"t\":1791225834788}","source":"console","time":"2026-10-05T18:43:54Z"}
{"level":"info","msg":"{\"ev\":\"accepted\",\"id\":\"1e317883-bb04-47b9-ab8f-c162c3a459d2\",\"t\":1791225835151}","source":"console","time":"2026-10-05T18:43:55Z"}
{"level":"info","msg":"{\"ev\":\"accepted\",\"id\":\"21a6b1a8-d442-471d-b089-83c511bd3c94\",\"t\":1791225835544}","source":"console","time":"2026-10-05T18:43:55Z"}
{"level":"info","msg":"{\"ev\":\"accepted\",\"id\":\"b7068018-b9eb-42d9-ad6e-aa38c6ef30b0\",\"t\":1791225835913}","source":"console","time":"2026-10-05T18:43:55Z"}
{"level":"info","msg":"{\"ev\":\"accepted\",\"id\":\"1d8308c3-d042-4a70-8da4-6b7408ee6b1d\",\"t\":1791225836330}","source":"console","time":"2026-10-05T18:43:56Z"}
{"level":"info","msg":"{\"ev\":\"accepted\",\"id\":\"4264b5b7-989e-41e3-a5d3-4abe961e00fa\",\"t\":1791225836704}","source":"console","time":"2026-10-05T18:43:56Z"}
{"level":"info","msg":"{\"ev\":\"accepted\",\"id\":\"710c120e-2cc1-4e09-a9c8-9ce3de49433f\",\"t\":1791225837089}","source":"console","time":"2026-10-05T18:43:57Z"}
{"level":"info","msg":"{\"ev\":\"accepted\",\"id\":\"ff0617d5-bbdd-48f7-8edb-45f79d15c1b8\",\"t\":1791225837496}","source":"console","time":"2026-10-05T18:43:57Z"}
{"level":"info","msg":"{\"ev\":\"accepted\",\"id\":\"a76b5123-c5dc-4b29-8daa-7296413571c2\",\"t\":1791225837868}","source":"console","time":"2026-10-05T18:43:57Z"}
{"level":"info","msg":"{\"ev\":\"accepted\",\"id\":\"ac775748-cf6d-4181-9428-6e02a74c9913\",\"t\":1791225838252}","source":"console","time":"2026-10-05T18:43:58Z"}
{"level":"info","msg":"{\"ev\":\"accepted\",\"id\":\"4ebdec19-1c24-4e44-be36-380940575469\",\"t\":1791225838618}","source":"console","time":"2026-10-05T18:43:58Z"}
{"level":"info","msg":"{\"ev\":\"accepted\",\"id\":\"38c9eb66-26c4-45b1-bd97-1f9c4fb3aa7b\",\"t\":1791225839049}","source":"console","time":"2026-10-05T18:43:59Z"}
{"level":"info","msg":"{\"ev\":\"accepted\",\"id\":\"fd668c0c-6064-4b1c-9fd9-e7d815e9bce8\",\"t\":1791225839416}","source":"console","time":"2026-10-05T18:43:59Z"}
{"level":"info","msg":"{\"ev\":\"accepted\",\"id\":\"4c6dcbb3-e9e3-4da3-bef4-09f90e07b8fa\",\"t\":1791225839774}","source":"console","time":"2026-10-05T18:43:59Z"}
{"level":"info","msg":"{\"ev\":\"accepted\",\"id\":\"f90cb3e0-8734-43cd-90fe-d1bbe414292f\",\"t\":1791225840123}","source":"console","time":"2026-10-05T18:44:00Z"}
{"level":"info","msg":"{\"ev\":\"accepted\",\"id\":\"30ab7462-9006-4a61-b820-7203a313cdaf\",\"t\":1791225840514}","source":"console","time":"2026-10-05T18:44:00Z"}
{"level":"info","msg":"{\"ev\":\"accepted\",\"id\":\"b01bd2a5-9f0d-4025-8712-897c5339a6ac\",\"t\":1791225840906}","source":"console","time":"2026-10-05T18:44:00Z"}
{"level":"info","msg":"{\"ev\":\"accepted\",\"id\":\"98aef921-e994-4c17-9ede-229b39e470c9\",\"t\":1791225841289}","source":"console","time":"2026-10-05T18:44:01Z"}
{"level":"info","msg":"{\"ev\":\"accepted\",\"id\":\"112e96ec-f2f1-4bce-b74b-8406b682e999\",\"t\":1791225841677}","source":"console","time":"2026-10-05T18:44:01Z"}
{"level":"info","msg":"{\"ev\":\"accepted\",\"id\":\"2bfed976-11af-4e74-be3c-2cd577007471\",\"t\":1791225842088}","source":"console","time":"2026-10-05T18:44:02Z"}
{"level":"info","msg":"{\"ev\":\"accepted\",\"id\":\"66fd1267-3ab0-4024-b791-f79a45eb459d\",\"t\":1791225842445}","source":"console","time":"2026-10-05T18:44:02Z"}
{"level":"info","msg":"{\"ev\":\"accepted\",\"id\":\"2609cf2a-5d6e-4769-9b9e-ee99d25525cd\",\"t\":1791225842844}","source":"console","time":"2026-10-05T18:44:02Z"}
{"level":"info","msg":"{\"ev\":\"accepted\",\"id\":\"5f390ba3-7f2c-4589-a26e-863bfccc132f\",\"t\":1791225843259}","source":"console","time":"2026-10-05T18:44:03Z"}
{"level":"info","msg":"{\"ev\":\"accepted\",\"id\":\"13a2a6e7-21a2-4bbb-add8-6eca688a03c5\",\"t\":1791225843627}","source":"console","time":"2026-10-05T18:44:03Z"}
{"level":"info","msg":"{\"ev\":\"accepted\",\"id\":\"464460b8-9afe-435d-8fc7-6c92f3cbdee4\",\"t\":1791225843986}","source":"console","time":"2026-10-05T18:44:03Z"}
{"level":"info","msg":"{\"ev\":\"accepted\",\"id\":\"85b72a53-5b67-49f9-bd50-e82035d41f4e\",\"t\":1791225844352}","source":"console","time":"2026-10-05T18:44:04Z"}
{"level":"info","msg":"{\"ev\":\"accepted\",\"id\":\"b337381d-574c-4ddb-bfcc-1bb86c32e9bb\",\"t\":1791225844763}","source":"console","time":"2026-10-05T18:44:04Z"}
{"level":"info","msg":"{\"ev\":\"accepted\",\"id\":\"3f59c6ba-0473-47f8-b08f-bfe3d0228140\",\"t\":1791225845139}","source":"console","time":"2026-10-05T18:44:05Z"}
{"level":"info","msg":"{\"ev\":\"accepted\",\"id\":\"7b580fbd-ebda-4a13-9346-d8afb567d81f\",\"t\":1791225845551}","source":"console","time":"2026-10-05T18:44:05Z"}
{"level":"info","msg":"{\"ev\":\"accepted\",\"id\":\"cb2633cd-8bcf-41d4-a20f-02d342b396eb\",\"t\":1791225845929}","source":"console","time":"2026-10-05T18:44:05Z"}
{"level":"info","msg":"{\"ev\":\"accepted\",\"id\":\"d92590e4-ad9c-45f9-8802-becfdaa3f3cd\",\"t\":1791225846313}","source":"console","time":"2026-10-05T18:44:06Z"}
{"level":"info","msg":"{\"ev\":\"accepted\",\"id\":\"3815be0a-70f3-4529-8882-c6d672e606a4\",\"t\":1791225846704}","source":"console","time":"2026-10-05T18:44:06Z"}
{"level":"info","msg":"{\"ev\":\"accepted\",\"id\":\"a7a3ab17-12b1-44d1-8324-82b851d7c653\",\"t\":1791225847107}","source":"console","time":"2026-10-05T18:44:07Z"}
{"level":"info","msg":"{\"ev\":\"accepted\",\"id\":\"c0efb804-9408-41cd-b922-2843e874160d\",\"t\":1791225847466}","source":"console","time":"2026-10-05T18:44:07Z"}
{"level":"info","msg":"{\"ev\":\"accepted\",\"id\":\"93490685-3d60-4fa8-98d2-33d5fd65d022\",\"t\":1791225847847}","source":"console","time":"2026-10-05T18:44:07Z"}
{"level":"info","msg":"{\"ev\":\"accepted\",\"id\":\"23435286-dbda-4b4c-a14e-e8c2e59af675\",\"t\":1791225848229}","source":"console","time":"2026-10-05T18:44:08Z"}
{"level":"info","msg":"{\"ev\":\"accepted\",\"id\":\"6b588f16-f936-47bf-b7ce-6cecb6019325\",\"t\":1791225848621}","source":"console","time":"2026-10-05T18:44:08Z"}
{"level":"info","msg":"{\"ev\":\"accepted\",\"id\":\"f84d02cc-4082-42c9-ab00-036efc92cf5e\",\"t\":1791225848969}","source":"console","time":"2026-10-05T18:44:08Z"}
{"level":"info","msg":"{\"ev\":\"accepted\",\"id\":\"fdf81217-1cad-49c1-86d3-0898e895b27d\",\"t\":1791225849363}","source":"console","time":"2026-10-05T18:44:09Z"}
{"level":"info","msg":"{\"ev\":\"accepted\",\"id\":\"d26943dc-494a-430f-b047-6800f3e88523\",\"t\":1791225849744}","source":"console","time":"2026-10-05T18:44:09Z"}
{"level":"info","msg":"{\"ev\":\"accepted\",\"id\":\"dc84b33b-e3e7-46da-8899-2fd167b2e764\",\"t\":1791225850180}","source":"console","time":"2026-10-05T18:44:10Z"}
{"level":"info","msg":"{\"ev\":\"accepted\",\"id\":\"64fa7989-41f2-42d1-aa58-756ad9bac067\",\"t\":1791225850548}","source":"console","time":"2026-10-05T18:44:10Z"}
{"level":"info","msg":"{\"ev\":\"accepted\",\"id\":\"0ed78fe6-8722-43b6-8cd0-da907c330b26\",\"t\":1791225850947}","source":"console","time":"2026-10-05T18:44:10Z"}
{"level":"info","msg":"{\"ev\":\"accepted\",\"id\":\"bc5d909a-6098-4a18-9f7b-d1f7b93dc5e1\",\"t\":1791225851299}","source":"console","time":"2026-10-05T18:44:11Z"}
{"level":"info","msg":"{\"ev\":\"accepted\",\"id\":\"02651ecb-c94a-4329-8cb9-5e75549a534f\",\"t\":1791225851786}","source":"console","time":"2026-10-05T18:44:11Z"}
{"level":"info","msg":"{\"ev\":\"accepted\",\"id\":\"8ed884da-b819-4206-a80f-e5bac9dcf770\",\"t\":1791225852152}","source":"console","time":"2026-10-05T18:44:12Z"}
{"level":"info","msg":"{\"ev\":\"accepted\",\"id\":\"7b5d08ed-053e-4907-8916-bdb118caec0c\",\"t\":1791225852499}","source":"console","time":"2026-10-05T18:44:12Z"}
{"level":"info","msg":"{\"ev\":\"accepted\",\"id\":\"f1126a54-cc36-4b08-9920-6c1f5cfd82c0\",\"t\":1791225852839}","source":"console","time":"2026-10-05T18:44:12Z"}
{"level":"info","msg":"{\"ev\":\"accepted\",\"id\":\"efc272f7-cdcf-4487-9230-da6d56ea9af2\",\"t\":1791225853226}","source":"console","time":"2026-10-05T18:44:13Z"}
{"level":"info","msg":"{\"ev\":\"accepted\",\"id\":\"316f7126-6a8f-4549-95c3-a1fa977008cd\",\"t\":1791225853627}","source":"console","time":"2026-10-05T18:44:13Z"}
{"level":"info","msg":"{\"ev\":\"accepted\",\"id\":\"a7c6cca3-09c3-4ba2-a75a-aae0d68c58af\",\"t\":1791225854001}","source":"console","time":"2026-10-05T18:44:14Z"}
{"level":"info","msg":"{\"ev\":\"accepted\",\"id\":\"357d8c92-9b89-46b0-82e1-ae34d5ddd431\",\"t\":1791225854365}","source":"console","time":"2026-10-05T18:44:14Z"}
{"level":"info","msg":"{\"ev\":\"accepted\",\"id\":\"84efbacf-0abf-4ad9-a3ff-5c661ef7afd0\",\"t\":1791225854765}","source":"console","time":"2026-10-05T18:44:14Z"}
{"level":"info","msg":"{\"ev\":\"accepted\",\"id\":\"c38087fc-9531-47fc-a641-d8979e9dc9f8\",\"t\":1791225855139}","source":"console","time":"2026-10-05T18:44:15Z"}
{"level":"info","msg":"{\"ev\":\"accepted\",\"id\":\"3060170a-e805-4ff5-930b-7905c27e3995\",\"t\":1791225855527}","source":"console","time":"2026-10-05T18:44:15Z"}
{"level":"info","msg":"{\"ev\":\"accepted\",\"id\":\"98a483e4-ae7d-4ff2-9a55-86ffa7de5edb\",\"t\":1791225855917}","source":"console","time":"2026-10-05T18:44:15Z"}
{"level":"info","msg":"{\"ev\":\"accepted\",\"id\":\"3c107222-c703-4d6b-baac-31812ce5a2a7\",\"t\":1791225856299}","source":"console","time":"2026-10-05T18:44:16Z"}
{"level":"info","msg":"{\"ev\":\"accepted\",\"id\":\"d3e5cc33-26a9-463b-b8c9-c7827a4f1256\",\"t\":1791225856692}","source":"console","time":"2026-10-05T18:44:16Z"}
{"level":"info","msg":"{\"ev\":\"accepted\",\"id\":\"0840de8d-9434-40c8-82f4-60168d02dad9\",\"t\":1791225857070}","source":"console","time":"2026-10-05T18:44:17Z"}
{"level":"info","msg":"{\"ev\":\"accepted\",\"id\":\"6f8b6c0a-028d-41f7-9c76-0e58a8a74f65\",\"t\":1791225857456}","source":"console","time":"2026-10-05T18:44:17Z"}
{"level":"info","msg":"{\"ev\":\"accepted\",\"id\":\"9cf68dc2-6750-4da2-a953-78e8dec67c7d\",\"t\":1791225857822}","source":"console","time":"2026-10-05T18:44:17Z"}
{"level":"info","msg":"{\"ev\":\"accepted\",\"id\":\"934b2216-6e0a-4236-87e1-a92f69ab4441\",\"t\":1791225858227}","source":"console","time":"2026-10-05T18:44:18Z"}
{"level":"info","msg":"{\"ev\":\"accepted\",\"id\":\"5ccb3178-f8fe-4f6f-95a8-2c6c43062f29\",\"t\":1791225858612}","source":"console","time":"2026-10-05T18:44:18Z"}
{"level":"info","msg":"{\"ev\":\"accepted\",\"id\":\"cfc599c9-716e-44a2-9aac-60d1c6bf6eb6\",\"t\":1791225858992}","source":"console","time":"2026-10-05T18:44:18Z"}
{"level":"info","msg":"{\"ev\":\"accepted\",\"id\":\"f2fedb87-afca-4b3c-af51-7ee913264b29\",\"t\":1791225859381}","source":"console","time":"2026-10-05T18:44:19Z"}
{"level":"info","msg":"{\"ev\":\"accepted\",\"id\":\"614073f9-7548-470a-894b-5788f3de5ef0\",\"t\":1791225859780}","source":"console","time":"2026-10-05T18:44:19Z"}
{"level":"info","msg":"{\"ev\":\"accepted\",\"id\":\"662883f5-8246-4bfd-9a2d-ceda048a650b\",\"t\":1791225860135}","source":"console","time":"2026-10-05T18:44:20Z"}
{"level":"info","msg":"{\"ev\":\"accepted\",\"id\":\"a705f3c4-539c-4c21-bf31-f768949a8df4\",\"t\":1791225860533}","source":"console","time":"2026-10-05T18:44:20Z"}
{"level":"info","msg":"{\"ev\":\"accepted\",\"id\":\"1d7613c8-de99-429b-8247-d01238faaff4\",\"t\":1791225860929}","source":"console","time":"2026-10-05T18:44:20Z"}
{"level":"info","msg":"{\"ev\":\"accepted\",\"id\":\"3088b21e-88b4-4dfb-8c4b-fadfffd3f0b0\",\"t\":1791225861306}","source":"console","time":"2026-10-05T18:44:21Z"}
{"level":"info","msg":"{\"ev\":\"accepted\",\"id\":\"e97cc5aa-f83d-4005-bce8-a795bbb5322e\",\"t\":1791225861700}","source":"console","time":"2026-10-05T18:44:21Z"}
{"level":"info","msg":"{\"ev\":\"accepted\",\"id\":\"7f1e396d-982a-4bcb-a279-1403463156c0\",\"t\":1791225862072}","source":"console","time":"2026-10-05T18:44:22Z"}
{"level":"info","msg":"{\"ev\":\"accepted\",\"id\":\"b045ba62-b21e-4c64-a946-f0768a1e812d\",\"t\":1791225862457}","source":"console","time":"2026-10-05T18:44:22Z"}
{"level":"info","msg":"{\"ev\":\"accepted\",\"id\":\"e8770111-cbd1-4c5d-b1b2-4f9a5523b396\",\"t\":1791225862886}","source":"console","time":"2026-10-05T18:44:22Z"}
{"level":"info","msg":"{\"ev\":\"accepted\",\"id\":\"f0bd8d80-064b-40be-8a61-4d2e5c61c2b6\",\"t\":1791225863252}","source":"console","time":"2026-10-05T18:44:23Z"}
{"level":"info","msg":"{\"ev\":\"accepted\",\"id\":\"46cd4adb-a002-43c0-84b8-732a4a79b827\",\"t\":1791225863630}","source":"console","time":"2026-10-05T18:44:23Z"}
{"level":"info","msg":"{\"ev\":\"accepted\",\"id\":\"aced4a3f-cf81-4d09-b9bd-c4b20d9807ef\",\"t\":1791225864020}","source":"console","time":"2026-10-05T18:44:24Z"}
{"level":"info","msg":"{\"ev\":\"accepted\",\"id\":\"bd5c4583-01a2-4a22-b735-ef000f3b90a1\",\"t\":1791225864378}","source":"console","time":"2026-10-05T18:44:24Z"}
{"level":"info","msg":"{\"ev\":\"accepted\",\"id\":\"4c2e3394-0904-40e0-87ae-9c0e6d5f0f95\",\"t\":1791225864768}","source":"console","time":"2026-10-05T18:44:24Z"}
{"level":"info","msg":"{\"ev\":\"accepted\",\"id\":\"39c2216b-cde4-4f8c-9960-7ead2b3e4543\",\"t\":1791225865168}","source":"console","time":"2026-10-05T18:44:25Z"}
{"level":"info","msg":"{\"ev\":\"accepted\",\"id\":\"61081d6d-2993-4f17-be8e-4d5bb133922e\",\"t\":1791225865568}","source":"console","time":"2026-10-05T18:44:25Z"}
{"level":"info","msg":"{\"ev\":\"accepted\",\"id\":\"1b048456-97d7-4dba-85ec-5aff78058382\",\"t\":1791225865936}","source":"console","time":"2026-10-05T18:44:25Z"}
{"level":"info","msg":"{\"ev\":\"accepted\",\"id\":\"7099deca-d1b5-48ef-a16a-d0d13a3a2b1a\",\"t\":1791225866313}","source":"console","time":"2026-10-05T18:44:26Z"}
{"level":"info","msg":"{\"ev\":\"accepted\",\"id\":\"5a49442d-5595-4f66-8361-e90f6aaf4db1\",\"t\":1791225866702}","source":"console","time":"2026-10-05T18:44:26Z"}
{"level":"info","msg":"{\"ev\":\"accepted\",\"id\":\"473b3807-51a6-4690-ab37-940acf0fc7d6\",\"t\":1791225867117}","source":"console","time":"2026-10-05T18:44:27Z"}
{"level":"info","msg":"{\"ev\":\"accepted\",\"id\":\"133db3c2-e364-4e99-a0b8-32f8de34b156\",\"t\":1791225867499}","source":"console","time":"2026-10-05T18:44:27Z"}
{"level":"info","msg":"{\"ev\":\"accepted\",\"id\":\"bebf8ba2-c496-4fe1-81f7-35386ce2a691\",\"t\":1791225867863}","source":"console","time":"2026-10-05T18:44:27Z"}
{"level":"info","msg":"{\"ev\":\"accepted\",\"id\":\"bdb5831e-3279-41d0-a68b-bbdf47d413d0\",\"t\":1791225868247}","source":"console","time":"2026-10-05T18:44:28Z"}
{"level":"info","msg":"{\"ev\":\"accepted\",\"id\":\"4c2c727a-9a5a-4fa1-a83f-51180a10c2da\",\"t\":1791225868626}","source":"console","time":"2026-10-05T18:44:28Z"}
{"level":"info","msg":"{\"ev\":\"accepted\",\"id\":\"f6854e75-84f7-4b45-90d0-8b013c4985de\",\"t\":1791225869000}","source":"console","time":"2026-10-05T18:44:29Z"}
{"level":"info","msg":"{\"ev\":\"accepted\",\"id\":\"f3415766-09ae-4284-bbf5-fcbef9b620cf\",\"t\":1791225869385}","source":"console","time":"2026-10-05T18:44:29Z"}
{"level":"info","msg":"{\"ev\":\"accepted\",\"id\":\"899af096-9387-4981-9382-14ee5663beff\",\"t\":1791225869775}","source":"console","time":"2026-10-05T18:44:29Z"}
{"level":"info","msg":"{\"ev\":\"accepted\",\"id\":\"2327402f-4c19-4a3f-a4d5-08ea1dee26fe\",\"t\":1791225870157}","source":"console","time":"2026-10-05T18:44:30Z"}
{"level":"info","msg":"{\"ev\":\"accepted\",\"id\":\"d1521a46-f5d8-45d4-ad1a-e006696b5e85\",\"t\":1791225870563}","source":"console","time":"2026-10-05T18:44:30Z"}
{"level":"info","msg":"{\"ev\":\"accepted\",\"id\":\"00900d23-9c5d-46ff-a74a-6de2b4154f42\",\"t\":1791225870952}","source":"console","time":"2026-10-05T18:44:30Z"}
{"level":"info","msg":"{\"ev\":\"accepted\",\"id\":\"dffa7ac2-f882-4c03-bab1-48825194e8a1\",\"t\":1791225871318}","source":"console","time":"2026-10-05T18:44:31Z"}
{"level":"info","msg":"{\"ev\":\"accepted\",\"id\":\"179d79eb-8870-45c3-8276-9f3975c6e8cc\",\"t\":1791225871723}","source":"console","time":"2026-10-05T18:44:31Z"}
{"level":"info","msg":"{\"ev\":\"accepted\",\"id\":\"92e8c07e-6380-4c6d-a67e-4521e0772985\",\"t\":1791225872102}","source":"console","time":"2026-10-05T18:44:32Z"}
{"level":"info","msg":"{\"ev\":\"accepted\",\"id\":\"a7f42126-757c-4e76-92b9-6f1a7a3e28b1\",\"t\":1791225872470}","source":"console","time":"2026-10-05T18:44:32Z"}
{"level":"info","msg":"{\"ev\":\"accepted\",\"id\":\"303dd24b-b85f-494e-b652-4d9d25f90b7a\",\"t\":1791225872859}","source":"console","time":"2026-10-05T18:44:32Z"}
{"level":"info","msg":"{\"ev\":\"accepted\",\"id\":\"eacbcd13-dbf9-42a7-a222-518b32260c3f\",\"t\":1791225873232}","source":"console","time":"2026-10-05T18:44:33Z"}
{"level":"info","msg":"{\"ev\":\"accepted\",\"id\":\"66e5e30a-ada2-4462-9cc3-36782c785991\",\"t\":1791225873625}","source":"console","time":"2026-10-05T18:44:33Z"}
{"level":"info","msg":"{\"ev\":\"accepted\",\"id\":\"21c23fd2-b3c2-49af-be53-8c16fffa2632\",\"t\":1791225874000}","source":"console","time":"2026-10-05T18:44:34Z"}
{"level":"info","msg":"{\"ev\":\"accepted\",\"id\":\"6e06b5d8-053b-4b9b-8a71-5a949eb7ae72\",\"t\":1791225874391}","source":"console","time":"2026-10-05T18:44:34Z"}
{"level":"info","msg":"{\"ev\":\"accepted\",\"id\":\"78c60e10-ea5e-4d7a-ad52-3af1f5872527\",\"t\":1791225874758}","source":"console","time":"2026-10-05T18:44:34Z"}
{"level":"info","msg":"{\"ev\":\"accepted\",\"id\":\"dce3ba58-5323-410e-a9e1-183b11ab059b\",\"t\":1791225875141}","source":"console","time":"2026-10-05T18:44:35Z"}
{"level":"info","msg":"{\"ev\":\"accepted\",\"id\":\"17ee4c02-e299-4eb2-a90e-e8a9353fde57\",\"t\":1791225875537}","source":"console","time":"2026-10-05T18:44:35Z"}
{"level":"info","msg":"{\"ev\":\"accepted\",\"id\":\"87eb4213-0f3a-4876-8f43-b447b41be8f3\",\"t\":1791225875918}","source":"console","time":"2026-10-05T18:44:35Z"}
{"level":"info","msg":"{\"ev\":\"accepted\",\"id\":\"79c9b66e-83f8-4948-bc45-ca04bc1623bb\",\"t\":1791225876312}","source":"console","time":"2026-10-05T18:44:36Z"}
{"level":"info","msg":"{\"ev\":\"accepted\",\"id\":\"69d667ef-81ac-42dd-9d31-fc3e43699d5d\",\"t\":1791225876689}","source":"console","time":"2026-10-05T18:44:36Z"}
{"level":"info","msg":"{\"ev\":\"accepted\",\"id\":\"eddac2ec-c273-417a-9a78-bb970b57d597\",\"t\":1791225877104}","source":"console","time":"2026-10-05T18:44:37Z"}
{"level":"info","msg":"{\"ev\":\"accepted\",\"id\":\"91f0ec7b-ea51-418f-bd9e-d3e48f637f27\",\"t\":1791225877446}","source":"console","time":"2026-10-05T18:44:37Z"}
{"level":"info","msg":"{\"ev\":\"accepted\",\"id\":\"85d208d3-677c-43f0-8c44-ce750430a40e\",\"t\":1791225877846}","source":"console","time":"2026-10-05T18:44:37Z"}
{"level":"info","msg":"{\"ev\":\"accepted\",\"id\":\"3426e647-a861-4462-93de-07ce1cb10255\",\"t\":1791225878225}","source":"console","time":"2026-10-05T18:44:38Z"}
{"level":"info","msg":"{\"ev\":\"accepted\",\"id\":\"5c3b2128-8faa-40da-9aad-533dc0703183\",\"t\":1791225878456}","source":"console","time":"2026-10-05T18:44:38Z"}
{"level":"info","msg":"{\"ev\":\"accepted\",\"id\":\"ad67508e-4b80-4aec-9ab7-32fa58c1691b\",\"t\":1791225878837}","source":"console","time":"2026-10-05T18:44:38Z"}
{"level":"info","msg":"{\"ev\":\"accepted\",\"id\":\"57aaae31-d19c-4392-bbda-48a9db77a8b6\",\"t\":1791225879226}","source":"console","time":"2026-10-05T18:44:39Z"}
{"level":"info","msg":"{\"ev\":\"accepted\",\"id\":\"80562e63-326b-4327-964a-16d3aaa09188\",\"t\":1791225879607}","source":"console","time":"2026-10-05T18:44:39Z"}
{"level":"info","msg":"{\"ev\":\"accepted\",\"id\":\"af37d782-3114-41d2-8bcd-86d59f7bdd2d\",\"t\":1791225879991}","source":"console","time":"2026-10-05T18:44:39Z"}
{"level":"info","msg":"{\"ev\":\"accepted\",\"id\":\"5a9ff696-c931-4ec5-873e-206e416b9f30\",\"t\":1791225880382}","source":"console","time":"2026-10-05T18:44:40Z"}
{"level":"info","msg":"{\"ev\":\"accepted\",\"id\":\"2476285a-76bc-4637-8d1b-f4ade0851796\",\"t\":1791225880767}","source":"console","time":"2026-10-05T18:44:40Z"}
{"level":"info","msg":"{\"ev\":\"accepted\",\"id\":\"b9345b59-2379-4bca-bf5c-ed581425ae80\",\"t\":1791225881155}","source":"console","time":"2026-10-05T18:44:41Z"}
{"level":"info","msg":"{\"ev\":\"accepted\",\"id\":\"50962885-4a9c-4af0-a922-420bbac77a1b\",\"t\":1791225881527}","source":"console","time":"2026-10-05T18:44:41Z"}
{"level":"info","msg":"{\"ev\":\"accepted\",\"id\":\"ffd1652b-abc3-4969-ac99-b1d947c2e9e7\",\"t\":1791225881914}","source":"console","time":"2026-10-05T18:44:41Z"}
{"level":"info","msg":"{\"ev\":\"accepted\",\"id\":\"5e99235a-74b2-46d2-a5ae-f6cb68ac24a8\",\"t\":1791225882297}","source":"console","time":"2026-10-05T18:44:42Z"}
{"level":"info","msg":"{\"ev\":\"accepted\",\"id\":\"9f2fb095-ee80-4f80-b756-95dd2eaf5bc2\",\"t\":1791225882693}","source":"console","time":"2026-10-05T18:44:42Z"}
{"level":"info","msg":"{\"ev\":\"accepted\",\"id\":\"cd432b15-70be-4ad5-bb8d-5bb6f672c401\",\"t\":1791225883096}","source":"console","time":"2026-10-05T18:44:43Z"}
{"level":"info","msg":"{\"ev\":\"accepted\",\"id\":\"2cda3248-3b94-40f8-aeaf-329eeffa9b4a\",\"t\":1791225883469}","source":"console","time":"2026-10-05T18:44:43Z"}
{"level":"info","msg":"{\"ev\":\"accepted\",\"id\":\"5f09ec56-b3f1-407b-a80c-80ac9b27b500\",\"t\":1791225883842}","source":"console","time":"2026-10-05T18:44:43Z"}
{"level":"info","msg":"{\"ev\":\"accepted\",\"id\":\"20df38dc-52dc-4dd7-9a09-5e340694c1b6\",\"t\":1791225884228}","source":"console","time":"2026-10-05T18:44:44Z"}
{"level":"info","msg":"{\"ev\":\"accepted\",\"id\":\"325cd193-26a4-4f9a-989b-d72f3dc760a5\",\"t\":1791225884605}","source":"console","time":"2026-10-05T18:44:44Z"}
{"level":"info","msg":"{\"ev\":\"accepted\",\"id\":\"6011ab19-f8c1-4259-a085-a8aab0b2a170\",\"t\":1791225885004}","source":"console","time":"2026-10-05T18:44:45Z"}
{"level":"info","msg":"{\"ev\":\"accepted\",\"id\":\"0e28119d-501e-413f-8468-55587bf0bd81\",\"t\":1791225885385}","source":"console","time":"2026-10-05T18:44:45Z"}
{"level":"info","msg":"{\"ev\":\"accepted\",\"id\":\"3f8898ed-155b-48c5-bb8b-e3ac8baa8ddb\",\"t\":1791225885768}","source":"console","time":"2026-10-05T18:44:45Z"}
{"level":"info","msg":"{\"ev\":\"accepted\",\"id\":\"7c7b6ac1-4838-47e1-8e2e-2e3d56162bdb\",\"t\":1791225886169}","source":"console","time":"2026-10-05T18:44:46Z"}
{"level":"info","msg":"{\"ev\":\"accepted\",\"id\":\"a5457beb-515c-448b-a081-ae93b4f9c702\",\"t\":1791225886539}","source":"console","time":"2026-10-05T18:44:46Z"}
{"level":"info","msg":"{\"ev\":\"accepted\",\"id\":\"b9f0eb3c-26e7-420f-bde1-9ce47d38f660\",\"t\":1791225886917}","source":"console","time":"2026-10-05T18:44:46Z"}
{"level":"info","msg":"{\"ev\":\"accepted\",\"id\":\"2a8252bb-2810-415e-b34c-828a21ea3336\",\"t\":1791225887308}","source":"console","time":"2026-10-05T18:44:47Z"}
{"level":"info","msg":"{\"ev\":\"accepted\",\"id\":\"568dc8e2-408d-471e-9bf2-3ed88db420a7\",\"t\":1791225887687}","source":"console","time":"2026-10-05T18:44:47Z"}
{"level":"info","msg":"{\"ev\":\"accepted\",\"id\":\"5df268e3-9498-4388-9bff-a7077d464eb2\",\"t\":1791225888065}","source":"console","time":"2026-10-05T18:44:48Z"}
{"level":"info","msg":"{\"ev\":\"accepted\",\"id\":\"0a580780-78bc-4625-806e-5b6bfda7cd44\",\"t\":1791225888502}","source":"console","time":"2026-10-05T18:44:48Z"}
{"level":"info","msg":"{\"ev\":\"accepted\",\"id\":\"1c6d7081-82e9-4cfa-8e59-9a9b992bebd4\",\"t\":1791225888876}","source":"console","time":"2026-10-05T18:44:48Z"}
{"level":"info","msg":"{\"ev\":\"accepted\",\"id\":\"69b45ea3-da62-4756-9a06-14e6acd31ebe\",\"t\":1791225889235}","source":"console","time":"2026-10-05T18:44:49Z"}
{"level":"info","msg":"{\"ev\":\"accepted\",\"id\":\"70a855ac-698f-4713-ac12-b88a851ca034\",\"t\":1791225889608}","source":"console","time":"2026-10-05T18:44:49Z"}
