{"level":"info","msg":"{\"ev\":\"setup-done\",\"t\":1791218005984}","source":"console","time":"2026-10-05T16:33:25Z"}
{"level":"info","msg":"{\"ev\":\"accepted\",\"id\":\"b088300d-2681-4ac2-82ad-578c7b6a1d9b\",\"t\":1791218009343}","source":"console","time":"2026-10-05T16:33:29Z"}
{"level":"info","msg":"{\"ev\":\"accepted\",\"id\":\"08cda70b-30f8-4743-8abc-4a2e95d66b8e\",\"t\":1791218010714}","source":"console","time":"2026-10-05T16:33:30Z"}
{"level":"info","msg":"{\"ev\":\"accepted\",\"id\":\"978df7ef-414b-40d1-b759-c71dda6fe6ae\",\"t\":1791218011837}","source":"console","time":"2026-10-05T16:33:31Z"}
{"level":"info","msg":"{\"ev\":\"accepted\",\"id\":\"0e9f2f47-f80a-4782-908a-92ec8b54494c\",\"t\":1791218012952}","source":"console","time":"2026-10-05T16:33:32Z"}
{"level":"info","msg":"{\"ev\":\"accepted\",\"id\":\"da271c39-fa9a-4d71-b63a-535cc32e2656\",\"t\":1791218014049}","source":"console","time":"2026-10-05T16:33:34Z"}
{"level":"info","msg":"{\"ev\":\"accepted\",\"id\":\"740f4d4f-c4f6-45bc-96df-674fecd4d3d1\",\"t\":1791218015170}","source":"console","time":"2026-10-05T16:33:35Z"}
{"level":"info","msg":"{\"ev\":\"accepted\",\"id\":\"fa3f8c7b-0259-4b72-94e7-2abf4d3b944c\",\"t\":1791218016281}","source":"console","time":"2026-10-05T16:33:36Z"}
{"level":"info","msg":"{\"ev\":\"accepted\",\"id\":\"28478567-fce2-4308-9637-961b41958b4c\",\"t\":1791218017392}","source":"console","time":"2026-10-05T16:33:37Z"}
{"level":"info","msg":"{\"ev\":\"accepted\",\"id\":\"fa5b717b-013d-465b-9afb-6acd10121c72\",\"t\":1791218018500}","source":"console","time":"2026-10-05T16:33:38Z"}
{"level":"info","msg":"{\"ev\":\"accepted\",\"id\":\"74638f62-7e3b-4b0c-87b8-abab73238464\",\"t\":1791218019613}","source":"console","time":"2026-10-05T16:33:39Z"}
{"level":"info","msg":"{\"ev\":\"accepted\",\"id\":\"3e23578b-6d63-48a4-a68b-b9f067e61977\",\"t\":1791218020716}","source":"console","time":"2026-10-05T16:33:40Z"}
{"level":"info","msg":"{\"ev\":\"accepted\",\"id\":\"e6d43587-8114-471c-be65-c136b948d3dc\",\"t\":1791218021835}","source":"console","time":"2026-10-05T16:33:41Z"}
{"level":"info","msg":"{\"ev\":\"accepted\",\"id\":\"7047aa84-d89b-4f6f-ba98-289c079408e6\",\"t\":1791218022946}","source":"console","time":"2026-10-05T16:33:42Z"}
{"level":"info","msg":"{\"ev\":\"accepted\",\"id\":\"bb634a72-17c9-4455-a07b-8128129af994\",\"t\":1791218024061}","source":"console","time":"2026-10-05T16:33:44Z"}
{"level":"info","msg":"{\"ev\":\"accepted\",\"id\":\"ffb060ab-f2c1-4b38-8ed9-451aa02fb9ab\",\"t\":1791218025169}","source":"console","time":"2026-10-05T16:33:45Z"}
{"level":"info","msg":"{\"ev\":\"accepted\",\"id\":\"456e297a-8c7f-4fe9-9d60-de8744d1e148\",\"t\":1791218026272}","source":"console","time":"2026-10-05T16:33:46Z"}
{"level":"info","msg":"{\"ev\":\"accepted\",\"id\":\"9bd4a60e-7a97-4743-8571-910ec305ae94\",\"t\":1791218027398}","source":"console","time":"2026-10-05T16:33:47Z"}
{"level":"info","msg":"{\"ev\":\"accepted\",\"id\":\"69d810fa-88f6-45c0-9c65-74f8c886d61d\",\"t\":1791218028499}","source":"console","time":"2026-10-05T16:33:48Z"}
{"level":"info","msg":"{\"ev\":\"accepted\",\"id\":\"11ec5480-9881-44a4-8dc0-3227ade3689c\",\"t\":1791218029613}","source":"console","time":"2026-10-05T16:33:49Z"}
{"level":"info","msg":"{\"ev\":\"accepted\",\"id\":\"156dd1b6-6419-4999-a8e9-519e6ea68956\",\"t\":1791218030722}","source":"console","time":"2026-10-05T16:33:50Z"}
{"level":"info","msg":"{\"ev\":\"accepted\",\"id\":\"291a295d-23bb-4402-8183-d8b1d453f60c\",\"t\":1791218031827}","source":"console","time":"2026-10-05T16:33:51Z"}
{"level":"info","msg":"{\"ev\":\"accepted\",\"id\":\"0ec541aa-2639-42d8-b761-7c1401f7cb85\",\"t\":1791218032946}","source":"console","time":"2026-10-05T16:33:52Z"}
{"level":"info","msg":"{\"ev\":\"accepted\",\"id\":\"62c44db1-d52a-4947-9d1a-1b2d84e967bd\",\"t\":1791218034058}","source":"console","time":"2026-10-05T16:33:54Z"}
{"level":"info","msg":"{\"ev\":\"accepted\",\"id\":\"6187ec0f-e7a3-4a92-afdf-9e01d0d2fb8b\",\"t\":1791218035167}","source":"console","time":"2026-10-05T16:33:55Z"}
{"level":"info","msg":"{\"ev\":\"accepted\",\"id\":\"41029fa8-8aaf-499b-b141-ba18ed26c0ba\",\"t\":1791218036279}","source":"console","time":"2026-10-05T16:33:56Z"}
{"level":"info","msg":"{\"ev\":\"accepted\",\"id\":\"6809c53c-e82f-48d5-8ec2-ef040fd338c9\",\"t\":1791218037390}","source":"console","time":"2026-10-05T16:33:57Z"}
{"level":"info","msg":"{\"ev\":\"accepted\",\"id\":\"2e0d377e-4c96-4613-bece-10ac98712aaa\",\"t\":1791218038502}","source":"console","time":"2026-10-05T16:33:58Z"}
{"level":"info","msg":"{\"ev\":\"accepted\",\"id\":\"cc05596e-3553-47c3-91ad-b235adde14ca\",\"t\":1791218039615}","source":"console","time":"2026-10-05T16:33:59Z"}
{"level":"info","msg":"{\"ev\":\"accepted\",\"id\":\"9bae6996-1f1c-4416-88bb-3e86583feedc\",\"t\":1791218040730}","source":"console","time":"2026-10-05T16:34:00Z"}
{"level":"info","msg":"{\"ev\":\"accepted\",\"id\":\"9c376c6f-a0e6-4edb-a357-2162e8e1cf69\",\"t\":1791218041835}","source":"console","time":"2026-10-05T16:34:01Z"}
{"level":"info","msg":"{\"ev\":\"accepted\",\"id\":\"d926fb2e-7dca-4fc5-8f09-f324e8e741ca\",\"t\":1791218042937}","source":"console","time":"2026-10-05T16:34:02Z"}
{"level":"info","msg":"{\"ev\":\"accepted\",\"id\":\"27509260-5c3a-4249-868e-60eefce86807\",\"t\":1791218044056}","source":"console","time":"2026-10-05T16:34:04Z"}
{"level":"info","msg":"{\"ev\":\"accepted\",\"id\":\"96da0182-4cdf-4cf7-ba87-eb1e3e8cecad\",\"t\":1791218045162}","source":"console","time":"2026-10-05T16:34:05Z"}
{"level":"info","msg":"{\"ev\":\"accepted\",\"id\":\"416dc8c5-0d3f-4f18-bbcd-e5422396953c\",\"t\":1791218046280}","source":"console","time":"2026-10-05T16:34:06Z"}
{"level":"info","msg":"{\"ev\":\"accepted\",\"id\":\"ea1ede68-7989-4fec-8155-9185a3ee2e80\",\"t\":1791218047389}","source":"console","time":"2026-10-05T16:34:07Z"}
{"level":"info","msg":"{\"ev\":\"accepted\",\"id\":\"77684efa-c81c-457c-a58b-9f26fa31428a\",\"t\":1791218048503}","source":"console","time":"2026-10-05T16:34:08Z"}
{"level":"info","msg":"{\"ev\":\"accepted\",\"id\":\"d25808c1-0e4c-456e-99e6-bfbdfe3f2d9a\",\"t\":1791218049611}","source":"console","time":"2026-10-05T16:34:09Z"}
{"level":"info","msg":"{\"ev\":\"accepted\",\"id\":\"a391f714-befc-4c70-a730-0d48efc5190d\",\"t\":1791218050719}","source":"console","time":"2026-10-05T16:34:10Z"}
{"level":"info","msg":"{\"ev\":\"accepted\",\"id\":\"71351a13-f285-42dc-829c-07728a27b955\",\"t\":1791218051836}","source":"console","time":"2026-10-05T16:34:11Z"}
{"level":"info","msg":"{\"ev\":\"accepted\",\"id\":\"e6dd600d-d941-4988-b598-c0b2dfdb7021\",\"t\":1791218052952}","source":"console","time":"2026-10-05T16:34:12Z"}
{"level":"info","msg":"{\"ev\":\"accepted\",\"id\":\"d0b68012-58c0-481b-b6ad-7c40526d5768\",\"t\":1791218054049}","source":"console","time":"2026-10-05T16:34:14Z"}
{"level":"info","msg":"{\"ev\":\"accepted\",\"id\":\"fc4d9ccb-1463-42cb-955a-c6fd79ec943c\",\"t\":1791218055169}","source":"console","time":"2026-10-05T16:34:15Z"}
{"level":"info","msg":"{\"ev\":\"accepted\",\"id\":\"6ea82e73-2261-4513-b972-5fc4f76476b4\",\"t\":1791218056280}","source":"console","time":"2026-10-05T16:34:16Z"}
{"level":"info","msg":"{\"ev\":\"accepted\",\"id\":\"4aa7349e-04bb-4130-8e4a-9031d49334f8\",\"t\":1791218057392}","source":"console","time":"2026-10-05T16:34:17Z"}
{"level":"info","msg":"{\"ev\":\"accepted\",\"id\":\"7b805704-2ad5-4992-86b5-71dfbe4fa6da\",\"t\":1791218058502}","source":"console","time":"2026-10-05T16:34:18Z"}
{"level":"info","msg":"{\"ev\":\"accepted\",\"id\":\"7c26187a-474e-472b-b77d-f6304892e739\",\"t\":1791218059611}","source":"console","time":"2026-10-05T16:34:19Z"}
{"level":"info","msg":"{\"ev\":\"accepted\",\"id\":\"52af90df-b50d-4591-9bba-baf70502f37d\",\"t\":1791218060725}","source":"console","time":"2026-10-05T16:34:20Z"}
{"level":"info","msg":"{\"ev\":\"accepted\",\"id\":\"e2862387-074f-4208-8170-e0aafa23626f\",\"t\":1791218061833}","source":"console","time":"2026-10-05T16:34:21Z"}
{"level":"info","msg":"{\"ev\":\"accepted\",\"id\":\"60e43976-3ae9-41bc-b10a-30ffd94bb534\",\"t\":1791218062947}","source":"console","time":"2026-10-05T16:34:22Z"}
{"level":"info","msg":"{\"ev\":\"accepted\",\"id\":\"5ed42973-f288-46a5-a118-5e1d1ceca0a3\",\"t\":1791218064058}","source":"console","time":"2026-10-05T16:34:24Z"}
{"level":"info","msg":"{\"ev\":\"accepted\",\"id\":\"d3d62621-7682-4d3b-bd92-cd62099aaf03\",\"t\":1791218065160}","source":"console","time":"2026-10-05T16:34:25Z"}
{"level":"info","msg":"{\"ev\":\"accepted\",\"id\":\"7213c9e5-89f4-4a30-bb52-5b411201fb40\",\"t\":1791218066280}","source":"console","time":"2026-10-05T16:34:26Z"}
{"level":"info","msg":"{\"ev\":\"accepted\",\"id\":\"356d2648-9f40-4162-8b79-cf8fafde0480\",\"t\":1791218067389}","source":"console","time":"2026-10-05T16:34:27Z"}
{"level":"info","msg":"{\"ev\":\"accepted\",\"id\":\"197362df-3ef7-4d02-8633-a07e45893ce5\",\"t\":1791218068502}","source":"console","time":"2026-10-05T16:34:28Z"}
{"level":"info","msg":"{\"ev\":\"accepted\",\"id\":\"7efe995c-723d-4f3f-9688-12066d8342a4\",\"t\":1791218069610}","source":"console","time":"2026-10-05T16:34:29Z"}
{"level":"info","msg":"{\"ev\":\"accepted\",\"id\":\"50e85b0d-dfa7-4200-bb52-7998e0c897fd\",\"t\":1791218070724}","source":"console","time":"2026-10-05T16:34:30Z"}
{"level":"info","msg":"{\"ev\":\"accepted\",\"id\":\"7f7f502e-74fc-4042-8140-0e41dff9f8eb\",\"t\":1791218071834}","source":"console","time":"2026-10-05T16:34:31Z"}
{"level":"info","msg":"{\"ev\":\"accepted\",\"id\":\"1c79394f-d6ae-4e20-a6e7-024c93bd4251\",\"t\":1791218072947}","source":"console","time":"2026-10-05T16:34:32Z"}
{"level":"info","msg":"{\"ev\":\"accepted\",\"id\":\"110c8757-d2c7-4563-94db-328cf4fceddb\",\"t\":1791218074054}","source":"console","time":"2026-10-05T16:34:34Z"}
{"level":"info","msg":"{\"ev\":\"accepted\",\"id\":\"f565ec49-b774-49c5-882b-1b4953279da7\",\"t\":1791218075169}","source":"console","time":"2026-10-05T16:34:35Z"}
{"level":"info","msg":"{\"ev\":\"accepted\",\"id\":\"8b47542b-4e3c-4395-ac05-6b01fb847360\",\"t\":1791218076272}","source":"console","time":"2026-10-05T16:34:36Z"}
{"level":"info","msg":"{\"ev\":\"accepted\",\"id\":\"db762bbc-738a-4cf0-a5ce-6e8bbd0e8826\",\"t\":1791218077390}","source":"console","time":"2026-10-05T16:34:37Z"}
{"level":"info","msg":"{\"ev\":\"accepted\",\"id\":\"eb4e902e-8f49-44df-afa3-c07b34b94be6\",\"t\":1791218078502}","source":"console","time":"2026-10-05T16:34:38Z"}
{"level":"info","msg":"{\"ev\":\"accepted\",\"id\":\"75d3140f-b42b-4e14-85d3-f10f74d527b7\",\"t\":1791218079612}","source":"console","time":"2026-10-05T16:34:39Z"}
{"level":"info","msg":"{\"ev\":\"accepted\",\"id\":\"81094274-5d43-470e-8eb5-7d64ae029632\",\"t\":1791218080724}","source":"console","time":"2026-10-05T16:34:40Z"}
{"level":"info","msg":"{\"ev\":\"accepted\",\"id\":\"4b2f2050-674d-4a60-9d91-be78eabfdbc1\",\"t\":1791218081833}","source":"console","time":"2026-10-05T16:34:41Z"}
{"level":"info","msg":"{\"ev\":\"accepted\",\"id\":\"ada38b51-8aa6-443f-9907-2f39ccb54731\",\"t\":1791218082943}","source":"console","time":"2026-10-05T16:34:42Z"}
{"level":"info","msg":"{\"ev\":\"accepted\",\"id\":\"1a9daff6-cd0a-4422-81b5-564e03849396\",\"t\":1791218084056}","source":"console","time":"2026-10-05T16:34:44Z"}
{"level":"info","msg":"{\"ev\":\"accepted\",\"id\":\"84b489ef-d8c9-4545-afcd-24bba9a69c6b\",\"t\":1791218085169}","source":"console","time":"2026-10-05T16:34:45Z"}
{"level":"info","msg":"{\"ev\":\"accepted\",\"id\":\"e9976809-4d9a-4419-8023-91f1ac1b1669\",\"t\":1791218086280}","source":"console","time":"2026-10-05T16:34:46Z"}
{"level":"info","msg":"{\"ev\":\"accepted\",\"id\":\"5adf6fa0-745b-4d38-849e-e0bba1d1a5a3\",\"t\":1791218087383}","source":"console","time":"2026-10-05T16:34:47Z"}
{"level":"info","msg":"{\"ev\":\"accepted\",\"id\":\"024e5c7f-0f5f-46ea-b6c0-191dca59d2a6\",\"t\":1791218088507}","source":"console","time":"2026-10-05T16:34:48Z"}
{"level":"info","msg":"{\"ev\":\"accepted\",\"id\":\"14b6bcec-673b-4747-bb32-e411a78a7ab2\",\"t\":1791218089615}","source":"console","time":"2026-10-05T16:34:49Z"}
{"level":"info","msg":"{\"ev\":\"accepted\",\"id\":\"5655d846-f9c2-462f-b1c7-2ac1545f4b1f\",\"t\":1791218090725}","source":"console","time":"2026-10-05T16:34:50Z"}
{"level":"info","msg":"{\"ev\":\"accepted\",\"id\":\"98011f56-7809-4523-bec8-2fcf462ec077\",\"t\":1791218091832}","source":"console","time":"2026-10-05T16:34:51Z"}
{"level":"info","msg":"{\"ev\":\"accepted\",\"id\":\"3e1229dc-4b0d-41c5-80b0-01af4a1eaf27\",\"t\":1791218092947}","source":"console","time":"2026-10-05T16:34:52Z"}
{"level":"info","msg":"{\"ev\":\"accepted\",\"id\":\"4e600816-28d0-4d7b-b356-ee47820d8598\",\"t\":1791218094048}","source":"console","time":"2026-10-05T16:34:54Z"}
{"level":"info","msg":"{\"ev\":\"accepted\",\"id\":\"a22a87de-706e-46fd-9faf-6d15d08f8f97\",\"t\":1791218095171}","source":"console","time":"2026-10-05T16:34:55Z"}
{"level":"info","msg":"{\"ev\":\"accepted\",\"id\":\"61ea79ce-f93d-4ae4-8803-5d9cb0337956\",\"t\":1791218096285}","source":"console","time":"2026-10-05T16:34:56Z"}
{"level":"info","msg":"{\"ev\":\"accepted\",\"id\":\"f97ca995-4df0-4c5a-841d-cdee51ffd5f6\",\"t\":1791218097388}","source":"console","time":"2026-10-05T16:34:57Z"}
{"level":"info","msg":"{\"ev\":\"accepted\",\"id\":\"8268bada-ea00-4960-bfe3-eb7c2c59da1f\",\"t\":1791218098494}","source":"console","time":"2026-10-05T16:34:58Z"}
{"level":"info","msg":"{\"ev\":\"accepted\",\"id\":\"2b86dcc3-a66c-4445-b527-f1d5fb2f2b02\",\"t\":1791218099610}","source":"console","time":"2026-10-05T16:34:59Z"}
{"level":"info","msg":"{\"ev\":\"accepted\",\"id\":\"f2b3c4e4-9108-4376-b6d0-3d8e837485b9\",\"t\":1791218100725}","source":"console","time":"2026-10-05T16:35:00Z"}
{"level":"info","msg":"{\"ev\":\"accepted\",\"id\":\"b4d9c4c5-3cab-46c5-a2d0-2e1a3e807ca2\",\"t\":1791218101835}","source":"console","time":"2026-10-05T16:35:01Z"}
{"level":"info","msg":"{\"ev\":\"accepted\",\"id\":\"4fda5e9c-4ac2-4611-9cfc-2968adbd99bc\",\"t\":1791218102946}","source":"console","time":"2026-10-05T16:35:02Z"}
{"level":"info","msg":"{\"ev\":\"accepted\",\"id\":\"e2a0fe3f-c457-4d5b-ba39-9c461fa89192\",\"t\":1791218104060}","source":"console","time":"2026-10-05T16:35:04Z"}
{"level":"info","msg":"{\"ev\":\"accepted\",\"id\":\"f5c55fd2-0958-4c41-966b-3445b0219898\",\"t\":1791218105167}","source":"console","time":"2026-10-05T16:35:05Z"}
{"level":"info","msg":"{\"ev\":\"accepted\",\"id\":\"147ae227-80df-4e83-b9bf-7eb430161521\",\"t\":1791218106281}","source":"console","time":"2026-10-05T16:35:06Z"}
{"level":"info","msg":"{\"ev\":\"accepted\",\"id\":\"b708d3ad-9d1e-4863-b353-401b9ebc4a84\",\"t\":1791218107390}","source":"console","time":"2026-10-05T16:35:07Z"}
{"level":"info","msg":"{\"ev\":\"accepted\",\"id\":\"68fedbe2-14e7-4b80-892e-b59ca919e79a\",\"t\":1791218108500}","source":"console","time":"2026-10-05T16:35:08Z"}
{"level":"info","msg":"{\"ev\":\"accepted\",\"id\":\"4f7975a8-4366-4347-99aa-081389fd3a4d\",\"t\":1791218109605}","source":"console","time":"2026-10-05T16:35:09Z"}
{"level":"info","msg":"{\"ev\":\"accepted\",\"id\":\"9b180a24-bb7f-438d-a6e0-efae13ee9154\",\"t\":1791218110725}","source":"console","time":"2026-10-05T16:35:10Z"}
{"level":"info","msg":"{\"ev\":\"accepted\",\"id\":\"72889f32-8482-498b-88d1-835417dec220\",\"t\":1791218111835}","source":"console","time":"2026-10-05T16:35:11Z"}
{"level":"info","msg":"{\"ev\":\"accepted\",\"id\":\"09b8bfa0-d5b9-4fc0-b79e-0a938249ae0a\",\"t\":1791218112937}","source":"console","time":"2026-10-05T16:35:12Z"}
{"level":"info","msg":"{\"ev\":\"accepted\",\"id\":\"802e420b-1815-4e56-95a3-34f2c33d6040\",\"t\":1791218114051}","source":"console","time":"2026-10-05T16:35:14Z"}
{"level":"info","msg":"{\"ev\":\"accepted\",\"id\":\"571bb224-e530-441b-92f8-034a3ae5b6c9\",\"t\":1791218115169}","source":"console","time":"2026-10-05T16:35:15Z"}
{"level":"info","msg":"{\"ev\":\"accepted\",\"id\":\"bfb59362-3dc4-4f0e-99a8-a9de3e345a7a\",\"t\":1791218116280}","source":"console","time":"2026-10-05T16:35:16Z"}
{"level":"info","msg":"{\"ev\":\"accepted\",\"id\":\"f893483c-299d-4a64-9c12-a509d47c2496\",\"t\":1791218117392}","source":"console","time":"2026-10-05T16:35:17Z"}
{"level":"info","msg":"{\"ev\":\"accepted\",\"id\":\"01dedec1-1dda-4dbd-8f01-ad9385127d54\",\"t\":1791218118496}","source":"console","time":"2026-10-05T16:35:18Z"}
{"level":"info","msg":"{\"ev\":\"accepted\",\"id\":\"6e26747d-eec6-4cd2-9f84-428467cc6fd9\",\"t\":1791218119612}","source":"console","time":"2026-10-05T16:35:19Z"}
{"level":"info","msg":"{\"ev\":\"accepted\",\"id\":\"4c9242c6-fb11-448a-9f60-edb98467f9b7\",\"t\":1791218120716}","source":"console","time":"2026-10-05T16:35:20Z"}
{"level":"info","msg":"{\"ev\":\"accepted\",\"id\":\"7274a637-6c36-4907-9409-a9a2092502ae\",\"t\":1791218121836}","source":"console","time":"2026-10-05T16:35:21Z"}
{"level":"info","msg":"{\"ev\":\"accepted\",\"id\":\"b9e4dce3-ba7f-4237-858a-719330909e8c\",\"t\":1791218122947}","source":"console","time":"2026-10-05T16:35:22Z"}
{"level":"info","msg":"{\"ev\":\"accepted\",\"id\":\"bcce284d-6a44-4a4d-8a16-e85776715fef\",\"t\":1791218124057}","source":"console","time":"2026-10-05T16:35:24Z"}
{"level":"info","msg":"{\"ev\":\"accepted\",\"id\":\"5b05ddf2-a9ee-407e-ae1e-e257123941c8\",\"t\":1791218125169}","source":"console","time":"2026-10-05T16:35:25Z"}
{"level":"info","msg":"{\"ev\":\"accepted\",\"id\":\"030cbca3-bc88-4125-af78-6771a67de01f\",\"t\":1791218126285}","source":"console","time":"2026-10-05T16:35:26Z"}
{"level":"info","msg":"{\"ev\":\"accepted\",\"id\":\"1983637e-b9e8-4e46-bcec-79b4f582e954\",\"t\":1791218127383}","source":"console","time":"2026-10-05T16:35:27Z"}
{"level":"info","msg":"{\"ev\":\"accepted\",\"id\":\"b3317132-9d92-40d4-a1f2-6051f2356573\",\"t\":1791218128500}","source":"console","time":"2026-10-05T16:35:28Z"}
{"level":"info","msg":"{\"ev\":\"accepted\",\"id\":\"1bf90f14-d048-48eb-8689-8aeb65dd82f0\",\"t\":1791218129611}","source":"console","time":"2026-10-05T16:35:29Z"}
{"level":"info","msg":"{\"ev\":\"accepted\",\"id\":\"afe3751e-96e0-407a-a59a-2c81f90c5c37\",\"t\":1791218130715}","source":"console","time":"2026-10-05T16:35:30Z"}
{"level":"info","msg":"{\"ev\":\"accepted\",\"id\":\"1ec44982-7484-4b36-bc42-d97e70c5bff2\",\"t\":1791218131827}","source":"console","time":"2026-10-05T16:35:31Z"}
{"level":"info","msg":"{\"ev\":\"accepted\",\"id\":\"6e461acf-ab3e-4411-9bee-07e7e4772b07\",\"t\":1791218132947}","source":"console","time":"2026-10-05T16:35:32Z"}
{"level":"info","msg":"{\"ev\":\"accepted\",\"id\":\"40630977-82d1-45e7-9709-a2fa850bfb2b\",\"t\":1791218134058}","source":"console","time":"2026-10-05T16:35:34Z"}
{"level":"info","msg":"{\"ev\":\"accepted\",\"id\":\"ea54347f-45eb-4da6-9fa8-c06a096f6566\",\"t\":1791218135169}","source":"console","time":"2026-10-05T16:35:35Z"}
{"level":"info","msg":"{\"ev\":\"accepted\",\"id\":\"76144ccd-d58e-4629-9ac7-ac7c9a0c5ebf\",\"t\":1791218136281}","source":"console","time":"2026-10-05T16:35:36Z"}
{"level":"info","msg":"{\"ev\":\"accepted\",\"id\":\"e31cf131-121e-42ec-919c-ce76e994f271\",\"t\":1791218137389}","source":"console","time":"2026-10-05T16:35:37Z"}
{"level":"info","msg":"{\"ev\":\"accepted\",\"id\":\"b55f0a06-c523-4f39-9369-18ae383ffc05\",\"t\":1791218138500}","source":"console","time":"2026-10-05T16:35:38Z"}
{"level":"info","msg":"{\"ev\":\"accepted\",\"id\":\"4495771b-16fa-4605-9f53-6deae6b4facb\",\"t\":1791218139612}","source":"console","time":"2026-10-05T16:35:39Z"}
{"level":"info","msg":"{\"ev\":\"accepted\",\"id\":\"7d8fbf2a-d5b5-4eca-9cb6-3da9bfe006fb\",\"t\":1791218140725}","source":"console","time":"2026-10-05T16:35:40Z"}
{"level":"info","msg":"{\"ev\":\"accepted\",\"id\":\"99ef9cbe-a977-4c12-9bdc-e22ff24e0ed3\",\"t\":1791218141837}","source":"console","time":"2026-10-05T16:35:41Z"}
{"level":"info","msg":"{\"ev\":\"accepted\",\"id\":\"3c0a302c-9c59-4be2-aa24-4980ba02c43e\",\"t\":1791218142938}","source":"console","time":"2026-10-05T16:35:42Z"}
{"level":"info","msg":"{\"ev\":\"accepted\",\"id\":\"b518c125-8453-4719-8c4c-11393ff3bb0f\",\"t\":1791218144058}","source":"console","time":"2026-10-05T16:35:44Z"}
{"level":"info","msg":"{\"ev\":\"accepted\",\"id\":\"d84d0803-3d1e-46b0-afb1-78f9a1c5959d\",\"t\":1791218145169}","source":"console","time":"2026-10-05T16:35:45Z"}
{"level":"info","msg":"{\"ev\":\"accepted\",\"id\":\"80434d18-e2ec-4467-bd8c-79251e0e1e23\",\"t\":1791218146277}","source":"console","time":"2026-10-05T16:35:46Z"}
{"level":"info","msg":"{\"ev\":\"accepted\",\"id\":\"e0ea5eaf-7c3e-44ac-93bf-629056652b20\",\"t\":1791218147388}","source":"console","time":"2026-10-05T16:35:47Z"}
{"level":"info","msg":"{\"ev\":\"accepted\",\"id\":\"7628adb9-041b-4a73-aabb-f739e4067814\",\"t\":1791218148499}","source":"console","time":"2026-10-05T16:35:48Z"}
{"level":"info","msg":"{\"ev\":\"accepted\",\"id\":\"94f0f5dd-7daf-412f-84f8-0e2b32f453e8\",\"t\":1791218149604}","source":"console","time":"2026-10-05T16:35:49Z"}
{"level":"info","msg":"{\"ev\":\"accepted\",\"id\":\"45c82577-55e7-48b6-acf8-03b946f7e17b\",\"t\":1791218150722}","source":"console","time":"2026-10-05T16:35:50Z"}
{"level":"info","msg":"{\"ev\":\"accepted\",\"id\":\"9b7c5ce1-2e22-4031-b39d-bc2c7d878d66\",\"t\":1791218151836}","source":"console","time":"2026-10-05T16:35:51Z"}
{"level":"info","msg":"{\"ev\":\"accepted\",\"id\":\"12c39f34-4499-4871-9d43-9720af372b1a\",\"t\":1791218152944}","source":"console","time":"2026-10-05T16:35:52Z"}
{"level":"info","msg":"{\"ev\":\"accepted\",\"id\":\"65d91b87-d2a5-48c3-a7d1-400f52bc049d\",\"t\":1791218154050}","source":"console","time":"2026-10-05T16:35:54Z"}
{"level":"info","msg":"{\"ev\":\"accepted\",\"id\":\"5bb7c41f-6953-409c-98d7-31e59d038092\",\"t\":1791218155161}","source":"console","time":"2026-10-05T16:35:55Z"}
{"level":"info","msg":"{\"ev\":\"accepted\",\"id\":\"a05a1964-08e3-493d-8278-61c410d756e7\",\"t\":1791218156270}","source":"console","time":"2026-10-05T16:35:56Z"}
{"level":"info","msg":"{\"ev\":\"accepted\",\"id\":\"daa3c7f8-316e-4658-8cb6-f33a157ba7ed\",\"t\":1791218157388}","source":"console","time":"2026-10-05T16:35:57Z"}
{"level":"info","msg":"{\"ev\":\"accepted\",\"id\":\"55083e10-1dee-4537-8c3a-42c9c20df3b6\",\"t\":1791218158501}","source":"console","time":"2026-10-05T16:35:58Z"}
{"level":"info","msg":"{\"ev\":\"accepted\",\"id\":\"879d7e27-a561-4db0-a458-c1c1ca3b8a0f\",\"t\":1791218159613}","source":"console","time":"2026-10-05T16:35:59Z"}
{"level":"info","msg":"{\"ev\":\"accepted\",\"id\":\"b7bae701-653d-4922-be1b-e9f8b7d3288f\",\"t\":1791218160724}","source":"console","time":"2026-10-05T16:36:00Z"}
{"level":"info","msg":"{\"ev\":\"accepted\",\"id\":\"0436d81a-56bc-4b9a-8d0d-37cb72199ea8\",\"t\":1791218161833}","source":"console","time":"2026-10-05T16:36:01Z"}
{"level":"info","msg":"{\"ev\":\"accepted\",\"id\":\"909a911b-6df0-4a2a-9908-a7407b6e72f1\",\"t\":1791218162947}","source":"console","time":"2026-10-05T16:36:02Z"}
{"level":"info","msg":"{\"ev\":\"accepted\",\"id\":\"3f8cc8e3-29c5-4581-bbb7-dec1588ebf16\",\"t\":1791218164062}","source":"console","time":"2026-10-05T16:36:04Z"}
{"level":"info","msg":"{\"ev\":\"accepted\",\"id\":\"7de50661-30c5-4431-89f8-79f4a8215d65\",\"t\":1791218165160}","source":"console","time":"2026-10-05T16:36:05Z"}
{"level":"info","msg":"{\"ev\":\"accepted\",\"id\":\"57e483d5-1364-4255-9dec-72f1462d5756\",\"t\":1791218166280}","source":"console","time":"2026-10-05T16:36:06Z"}
{"level":"info","msg":"{\"ev\":\"accepted\",\"id\":\"415df7db-7e31-4bcc-86cd-fa316954299d\",\"t\":1791218167384}","source":"console","time":"2026-10-05T16:36:07Z"}
{"level":"info","msg":"{\"ev\":\"accepted\",\"id\":\"a37172d5-3514-476c-a9a7-1482e088e279\",\"t\":1791218168507}","source":"console","time":"2026-10-05T16:36:08Z"}
{"level":"info","msg":"{\"ev\":\"accepted\",\"id\":\"b7a2283e-0289-47c2-99fb-15e4953ec9a0\",\"t\":1791218169613}","source":"console","time":"2026-10-05T16:36:09Z"}
{"level":"info","msg":"{\"ev\":\"accepted\",\"id\":\"2895309d-65b3-459d-8b78-9450101f026a\",\"t\":1791218170727}","source":"console","time":"2026-10-05T16:36:10Z"}
{"level":"info","msg":"{\"ev\":\"accepted\",\"id\":\"39d6027c-63fd-4f72-8e8a-703f2ddffedc\",\"t\":1791218171826}","source":"console","time":"2026-10-05T16:36:11Z"}
{"level":"info","msg":"{\"ev\":\"accepted\",\"id\":\"fbf8b932-a608-410c-baea-b967c48dcf43\",\"t\":1791218172951}","source":"console","time":"2026-10-05T16:36:12Z"}
{"level":"info","msg":"{\"ev\":\"accepted\",\"id\":\"af6eac16-6cfa-458f-bbde-4613770bf583\",\"t\":1791218174058}","source":"console","time":"2026-10-05T16:36:14Z"}
{"level":"info","msg":"{\"ev\":\"accepted\",\"id\":\"96306b78-2dbe-47b0-bd91-f007f0bb4687\",\"t\":1791218175170}","source":"console","time":"2026-10-05T16:36:15Z"}
{"level":"info","msg":"{\"ev\":\"accepted\",\"id\":\"1bf6982b-6be7-4c43-adb9-4256505735b6\",\"t\":1791218176272}","source":"console","time":"2026-10-05T16:36:16Z"}
{"level":"info","msg":"{\"ev\":\"accepted\",\"id\":\"cdfbf30e-1eb6-4e84-a271-ae3f3ce49b6a\",\"t\":1791218177390}","source":"console","time":"2026-10-05T16:36:17Z"}
{"level":"info","msg":"{\"ev\":\"accepted\",\"id\":\"bb9a4c69-3376-465b-b746-c3ada8eb1e69\",\"t\":1791218178495}","source":"console","time":"2026-10-05T16:36:18Z"}
{"level":"info","msg":"{\"ev\":\"accepted\",\"id\":\"57ce500e-1642-4e72-b83e-af53efefc270\",\"t\":1791218179611}","source":"console","time":"2026-10-05T16:36:19Z"}
{"level":"info","msg":"{\"ev\":\"accepted\",\"id\":\"9ee69782-7a84-4062-aeb0-17dc1ca9973d\",\"t\":1791218180729}","source":"console","time":"2026-10-05T16:36:20Z"}
{"level":"info","msg":"{\"ev\":\"accepted\",\"id\":\"419d54a1-0945-4a13-8ffc-42ffac4c76a8\",\"t\":1791218181833}","source":"console","time":"2026-10-05T16:36:21Z"}
{"level":"info","msg":"{\"ev\":\"accepted\",\"id\":\"7f603655-f5c3-4674-bffd-185dec634232\",\"t\":1791218182948}","source":"console","time":"2026-10-05T16:36:22Z"}
{"level":"info","msg":"{\"ev\":\"accepted\",\"id\":\"871cb3bd-59f0-493a-be30-a305fb6710a6\",\"t\":1791218184058}","source":"console","time":"2026-10-05T16:36:24Z"}
{"level":"info","msg":"{\"ev\":\"accepted\",\"id\":\"94752620-1d13-4c51-9f8d-2d4979df4ba8\",\"t\":1791218185170}","source":"console","time":"2026-10-05T16:36:25Z"}
{"level":"info","msg":"{\"ev\":\"accepted\",\"id\":\"f09e4ba9-2409-460d-befe-2e472bfef4cb\",\"t\":1791218186270}","source":"console","time":"2026-10-05T16:36:26Z"}
{"level":"info","msg":"{\"ev\":\"accepted\",\"id\":\"753e191d-0205-4189-8ada-662aafb64ef5\",\"t\":1791218187389}","source":"console","time":"2026-10-05T16:36:27Z"}
{"level":"info","msg":"{\"ev\":\"accepted\",\"id\":\"a7fadb1a-07d7-4fd3-b5de-9e251e164818\",\"t\":1791218188498}","source":"console","time":"2026-10-05T16:36:28Z"}
{"level":"info","msg":"{\"ev\":\"accepted\",\"id\":\"44ed3ef5-a2e9-47b9-b049-8a32e9da3f00\",\"t\":1791218189613}","source":"console","time":"2026-10-05T16:36:29Z"}
{"level":"info","msg":"{\"ev\":\"accepted\",\"id\":\"acffefa6-62a8-48f2-947a-1d9c33185a07\",\"t\":1791218190722}","source":"console","time":"2026-10-05T16:36:30Z"}
{"level":"info","msg":"{\"ev\":\"accepted\",\"id\":\"b50bd1e5-7870-47b4-9771-14bf05e354bc\",\"t\":1791218191832}","source":"console","time":"2026-10-05T16:36:31Z"}
{"level":"info","msg":"{\"ev\":\"accepted\",\"id\":\"8d4017ab-8805-404f-bff3-1c1208ad7097\",\"t\":1791218192946}","source":"console","time":"2026-10-05T16:36:32Z"}
{"level":"info","msg":"{\"ev\":\"accepted\",\"id\":\"58527940-86f1-4b65-b998-1a1551ba3439\",\"t\":1791218194050}","source":"console","time":"2026-10-05T16:36:34Z"}
{"level":"info","msg":"{\"ev\":\"accepted\",\"id\":\"09be63ec-28f2-4812-8ba7-a430ed176f93\",\"t\":1791218195169}","source":"console","time":"2026-10-05T16:36:35Z"}
{"level":"info","msg":"{\"ev\":\"accepted\",\"id\":\"109d982f-a5e1-403d-8861-bb2f767c3286\",\"t\":1791218196272}","source":"console","time":"2026-10-05T16:36:36Z"}
{"level":"info","msg":"{\"ev\":\"accepted\",\"id\":\"e292476d-9ec1-4f0a-afbc-aeb42fe3bf8e\",\"t\":1791218197389}","source":"console","time":"2026-10-05T16:36:37Z"}
{"level":"info","msg":"{\"ev\":\"accepted\",\"id\":\"795cb660-cbbf-42d0-90f6-ea24b49b1eb5\",\"t\":1791218198499}","source":"console","time":"2026-10-05T16:36:38Z"}
{"level":"info","msg":"{\"ev\":\"accepted\",\"id\":\"5f981038-5727-4495-856d-4f3b01c7dadc\",\"t\":1791218199609}","source":"console","time":"2026-10-05T16:36:39Z"}
{"level":"info","msg":"{\"ev\":\"accepted\",\"id\":\"dbf418ff-08e1-44fe-a407-b3b2b70ef8ab\",\"t\":1791218200726}","source":"console","time":"2026-10-05T16:36:40Z"}
{"level":"info","msg":"{\"ev\":\"accepted\",\"id\":\"322d4c15-d635-44c9-b23b-1e08e7f22070\",\"t\":1791218201833}","source":"console","time":"2026-10-05T16:36:41Z"}
{"level":"info","msg":"{\"ev\":\"accepted\",\"id\":\"8784c3f5-f6bf-489d-abcf-3251f146db8d\",\"t\":1791218202947}","source":"console","time":"2026-10-05T16:36:42Z"}
{"level":"info","msg":"{\"ev\":\"accepted\",\"id\":\"a6f505ca-edd1-42ba-bebf-a9e2e4479c92\",\"t\":1791218204054}","source":"console","time":"2026-10-05T16:36:44Z"}
{"level":"info","msg":"{\"ev\":\"accepted\",\"id\":\"a05b01fd-e5c8-43c9-b245-3f2e6302c3a0\",\"t\":1791218205167}","source":"console","time":"2026-10-05T16:36:45Z"}
{"level":"info","msg":"{\"ev\":\"accepted\",\"id\":\"aea4b184-a9a3-46a3-805d-88b75d3ccecf\",\"t\":1791218206280}","source":"console","time":"2026-10-05T16:36:46Z"}
{"level":"info","msg":"{\"ev\":\"accepted\",\"id\":\"2c19c792-f717-4a0d-9ff7-b23530d33115\",\"t\":1791218207392}","source":"console","time":"2026-10-05T16:36:47Z"}
{"level":"info","msg":"{\"ev\":\"accepted\",\"id\":\"728cd4e7-9f1a-4f15-a8cf-39347dd56235\",\"t\":1791218208501}","source":"console","time":"2026-10-05T16:36:48Z"}
{"level":"info","msg":"{\"ev\":\"accepted\",\"id\":\"bb587fdc-2aa3-4426-8e61-6429e88b0b8c\",\"t\":1791218209612}","source":"console","time":"2026-10-05T16:36:49Z"}
{"level":"info","msg":"{\"ev\":\"accepted\",\"id\":\"6a18b55a-e7df-4ded-94ec-8f0da6e11f5d\",\"t\":1791218210726}","source":"console","time":"2026-10-05T16:36:50Z"}
{"level":"info","msg":"{\"ev\":\"accepted\",\"id\":\"57df18cd-e47d-4e3b-8a47-bae8a1254cc1\",\"t\":1791218211832}","source":"console","time":"2026-10-05T16:36:51Z"}
{"level":"info","msg":"{\"ev\":\"accepted\",\"id\":\"6ea1d19c-705d-467b-b774-fe50c53f6604\",\"t\":1791218212946}","source":"console","time":"2026-10-05T16:36:52Z"}
{"level":"info","msg":"{\"ev\":\"accepted\",\"id\":\"b92514e3-aa56-4222-81c0-7cf6bb6f4ded\",\"t\":1791218214058}","source":"console","time":"2026-10-05T16:36:54Z"}
{"level":"info","msg":"{\"ev\":\"accepted\",\"id\":\"5b254181-88c0-4473-b81e-7acf386dafe8\",\"t\":1791218215165}","source":"console","time":"2026-10-05T16:36:55Z"}
{"level":"info","msg":"{\"ev\":\"accepted\",\"id\":\"dcb5d8d1-1599-428d-a860-c5b54bb95e5f\",\"t\":1791218216280}","source":"console","time":"2026-10-05T16:36:56Z"}
{"level":"info","msg":"{\"ev\":\"accepted\",\"id\":\"ace46db3-0a34-40a5-9c3a-ac3426d97801\",\"t\":1791218217388}","source":"console","time":"2026-10-05T16:36:57Z"}
{"level":"info","msg":"{\"ev\":\"accepted\",\"id\":\"d4d9eae7-a7c6-4f77-8a09-b80cc9d9aef4\",\"t\":1791218218493}","source":"console","time":"2026-10-05T16:36:58Z"}
{"level":"info","msg":"{\"ev\":\"accepted\",\"id\":\"e27cb785-4b1c-477b-a9ff-6f55962c08ea\",\"t\":1791218219613}","source":"console","time":"2026-10-05T16:36:59Z"}
{"level":"info","msg":"{\"ev\":\"accepted\",\"id\":\"d760339e-56e6-466a-afbf-43dd79828315\",\"t\":1791218220723}","source":"console","time":"2026-10-05T16:37:00Z"}
{"level":"info","msg":"{\"ev\":\"accepted\",\"id\":\"0eef657d-ecc1-4a3a-9d18-1e83b5b374c8\",\"t\":1791218221834}","source":"console","time":"2026-10-05T16:37:01Z"}
{"level":"info","msg":"{\"ev\":\"accepted\",\"id\":\"098adedb-cdd9-4b21-9a23-99c2bbd6120a\",\"t\":1791218222951}","source":"console","time":"2026-10-05T16:37:02Z"}
{"level":"info","msg":"{\"ev\":\"accepted\",\"id\":\"43fa78c9-6470-4567-8b92-b545a49fb426\",\"t\":1791218224058}","source":"console","time":"2026-10-05T16:37:04Z"}
{"level":"info","msg":"{\"ev\":\"accepted\",\"id\":\"745e9390-af61-4b4b-b2d0-e424f7976f1a\",\"t\":1791218225165}","source":"console","time":"2026-10-05T16:37:05Z"}
{"level":"info","msg":"{\"ev\":\"accepted\",\"id\":\"0f649a97-a69a-4d60-afc2-563a849f257e\",\"t\":1791218226284}","source":"console","time":"2026-10-05T16:37:06Z"}
{"level":"info","msg":"{\"ev\":\"accepted\",\"id\":\"f63f599d-1fa8-40bb-a493-1a0d2801eef8\",\"t\":1791218227390}","source":"console","time":"2026-10-05T16:37:07Z"}
{"level":"info","msg":"{\"ev\":\"accepted\",\"id\":\"45a5d558-450c-4cc8-a11a-c9105d8459e3\",\"t\":1791218228502}","source":"console","time":"2026-10-05T16:37:08Z"}
{"level":"info","msg":"{\"ev\":\"accepted\",\"id\":\"5eb70fcb-3b08-431b-9b71-a16b9fe1712a\",\"t\":1791218229615}","source":"console","time":"2026-10-05T16:37:09Z"}
{"level":"info","msg":"{\"ev\":\"accepted\",\"id\":\"adbfd057-5849-4d4f-a6c0-ce5053f92b67\",\"t\":1791218230729}","source":"console","time":"2026-10-05T16:37:10Z"}
{"level":"info","msg":"{\"ev\":\"accepted\",\"id\":\"ee98e024-ed58-450e-b4a9-c44d651690f7\",\"t\":1791218231837}","source":"console","time":"2026-10-05T16:37:11Z"}
{"level":"info","msg":"{\"ev\":\"accepted\",\"id\":\"1f5b9d56-cbef-45ec-9b10-22b002c2a28f\",\"t\":1791218232951}","source":"console","time":"2026-10-05T16:37:12Z"}
{"level":"info","msg":"{\"ev\":\"accepted\",\"id\":\"32b5e9f1-a68a-4313-ba0f-f7c7ab3e08ec\",\"t\":1791218234063}","source":"console","time":"2026-10-05T16:37:14Z"}
{"level":"info","msg":"{\"ev\":\"accepted\",\"id\":\"b7bcd04d-fe05-4907-9a9c-b9a097f2dbd9\",\"t\":1791218235174}","source":"console","time":"2026-10-05T16:37:15Z"}
{"level":"info","msg":"{\"ev\":\"accepted\",\"id\":\"e0ccb1ad-179d-48d3-b965-3c42f5238ac5\",\"t\":1791218236275}","source":"console","time":"2026-10-05T16:37:16Z"}
{"level":"info","msg":"{\"ev\":\"accepted\",\"id\":\"d111f314-b450-4d72-923d-e90374236352\",\"t\":1791218237388}","source":"console","time":"2026-10-05T16:37:17Z"}
{"level":"info","msg":"{\"ev\":\"accepted\",\"id\":\"c317e4a3-b83e-4fc1-bf24-7757252ca47f\",\"t\":1791218238505}","source":"console","time":"2026-10-05T16:37:18Z"}
{"level":"info","msg":"{\"ev\":\"accepted\",\"id\":\"879f6ced-a2d1-45af-b2d6-cde8d99df86b\",\"t\":1791218239617}","source":"console","time":"2026-10-05T16:37:19Z"}
{"level":"info","msg":"{\"ev\":\"accepted\",\"id\":\"a02fe384-90f7-4b71-a9ab-3e27344249a5\",\"t\":1791218240729}","source":"console","time":"2026-10-05T16:37:20Z"}
{"level":"info","msg":"{\"ev\":\"accepted\",\"id\":\"2e6c3e42-f518-4fba-a313-9d610d831b4d\",\"t\":1791218241838}","source":"console","time":"2026-10-05T16:37:21Z"}
{"level":"info","msg":"{\"ev\":\"accepted\",\"id\":\"c6709c34-7407-43b2-9b2b-d79689b52b98\",\"t\":1791218242946}","source":"console","time":"2026-10-05T16:37:22Z"}
{"level":"info","msg":"{\"ev\":\"accepted\",\"id\":\"d01b8bd9-717b-4cef-bc90-3a5edb618f34\",\"t\":1791218244061}","source":"console","time":"2026-10-05T16:37:24Z"}
{"level":"info","msg":"{\"ev\":\"accepted\",\"id\":\"8854caff-f8be-4dd5-8e84-e48117e79629\",\"t\":1791218245172}","source":"console","time":"2026-10-05T16:37:25Z"}
{"level":"info","msg":"{\"ev\":\"accepted\",\"id\":\"8f2eb112-41fd-4c5e-b68e-d64c4d57e2f8\",\"t\":1791218246282}","source":"console","time":"2026-10-05T16:37:26Z"}
{"level":"info","msg":"{\"ev\":\"accepted\",\"id\":\"d6ecad8d-2b05-491b-8782-fd4622890db1\",\"t\":1791218247392}","source":"console","time":"2026-10-05T16:37:27Z"}
{"level":"info","msg":"{\"ev\":\"accepted\",\"id\":\"21903cc9-4f98-443d-b992-7c0fe4e5fd5f\",\"t\":1791218248507}","source":"console","time":"2026-10-05T16:37:28Z"}
{"level":"info","msg":"{\"ev\":\"accepted\",\"id\":\"22b68dae-4e43-4f34-8c34-8ff14054c440\",\"t\":1791218249607}","source":"console","time":"2026-10-05T16:37:29Z"}
{"level":"info","msg":"{\"ev\":\"accepted\",\"id\":\"eb8a50f3-82df-453f-aafa-faf46a7a038b\",\"t\":1791218250727}","source":"console","time":"2026-10-05T16:37:30Z"}
{"level":"info","msg":"{\"ev\":\"accepted\",\"id\":\"3556bedd-37ad-4312-a3f1-2ea7fcd3cdc0\",\"t\":1791218251835}","source":"console","time":"2026-10-05T16:37:31Z"}
{"level":"info","msg":"{\"ev\":\"accepted\",\"id\":\"4160b4cf-b76d-4a60-a333-9c4ef3905230\",\"t\":1791218252947}","source":"console","time":"2026-10-05T16:37:32Z"}
{"level":"info","msg":"{\"ev\":\"accepted\",\"id\":\"76bf2a66-5bc2-4721-81b5-740b13bc71c5\",\"t\":1791218254049}","source":"console","time":"2026-10-05T16:37:34Z"}
{"level":"info","msg":"{\"ev\":\"accepted\",\"id\":\"1f93c01b-3564-4680-a58a-d13cc4a373c9\",\"t\":1791218255171}","source":"console","time":"2026-10-05T16:37:35Z"}
{"level":"info","msg":"{\"ev\":\"accepted\",\"id\":\"d34d68bd-a2b4-4e55-80c6-9ba54b6cb47c\",\"t\":1791218256281}","source":"console","time":"2026-10-05T16:37:36Z"}
{"level":"info","msg":"{\"ev\":\"accepted\",\"id\":\"9d6195d1-688e-41d8-9f89-2780df4a39bf\",\"t\":1791218257310}","source":"console","time":"2026-10-05T16:37:37Z"}
{"level":"info","msg":"{\"ev\":\"accepted\",\"id\":\"a1ed29c9-1916-44fe-87bd-6a0620bbe722\",\"t\":1791218258276}","source":"console","time":"2026-10-05T16:37:38Z"}
{"level":"info","msg":"{\"ev\":\"accepted\",\"id\":\"c231ed86-92c1-450c-992e-463acb0df902\",\"t\":1791218259164}","source":"console","time":"2026-10-05T16:37:39Z"}
{"level":"info","msg":"{\"ev\":\"accepted\",\"id\":\"ea251aae-98c7-4f2a-99d5-e613437065a2\",\"t\":1791218260015}","source":"console","time":"2026-10-05T16:37:40Z"}
{"level":"info","msg":"{\"ev\":\"accepted\",\"id\":\"c932e3ba-3eff-411d-a94f-9a8f7f0319c7\",\"t\":1791218260811}","source":"console","time":"2026-10-05T16:37:40Z"}
{"level":"info","msg":"{\"ev\":\"accepted\",\"id\":\"c67c7fe0-164a-4c4f-94af-52cb5aa6f48c\",\"t\":1791218261583}","source":"console","time":"2026-10-05T16:37:41Z"}
{"level":"info","msg":"{\"ev\":\"accepted\",\"id\":\"a062e89b-3c5f-4059-97fc-15c0f006a776\",\"t\":1791218262353}","source":"console","time":"2026-10-05T16:37:42Z"}
{"level":"info","msg":"{\"ev\":\"accepted\",\"id\":\"975fb059-0b98-4f47-aab2-6289a7658f57\",\"t\":1791218263118}","source":"console","time":"2026-10-05T16:37:43Z"}
{"level":"info","msg":"{\"ev\":\"accepted\",\"id\":\"a3be7b0c-9fb7-49ac-935a-e909a208cf71\",\"t\":1791218263882}","source":"console","time":"2026-10-05T16:37:43Z"}
{"level":"info","msg":"{\"ev\":\"accepted\",\"id\":\"3c0d5fbb-07e2-453c-a275-a4e41f08f9b8\",\"t\":1791218264652}","source":"console","time":"2026-10-05T16:37:44Z"}
{"level":"info","msg":"{\"ev\":\"accepted\",\"id\":\"fd5bc189-fb59-45e3-a845-b573e462edb5\",\"t\":1791218265417}","source":"console","time":"2026-10-05T16:37:45Z"}
{"level":"info","msg":"{\"ev\":\"accepted\",\"id\":\"95fe8195-b592-4ac2-9d92-d2ef02f212f1\",\"t\":1791218266206}","source":"console","time":"2026-10-05T16:37:46Z"}
{"level":"info","msg":"{\"ev\":\"accepted\",\"id\":\"3184bd05-c664-4c35-8e3e-5f2567ea02b8\",\"t\":1791218266966}","source":"console","time":"2026-10-05T16:37:46Z"}
{"level":"info","msg":"{\"ev\":\"accepted\",\"id\":\"7cd9f2a1-bae0-4d6f-b757-b1d57584cf46\",\"t\":1791218267728}","source":"console","time":"2026-10-05T16:37:47Z"}
{"level":"info","msg":"{\"ev\":\"accepted\",\"id\":\"43746491-8692-43c6-97a2-37547a1e5f58\",\"t\":1791218268507}","source":"console","time":"2026-10-05T16:37:48Z"}
{"level":"info","msg":"{\"ev\":\"accepted\",\"id\":\"5186a95b-e51c-4a8c-8bb1-5a165e7e5b8f\",\"t\":1791218269275}","source":"console","time":"2026-10-05T16:37:49Z"}
{"level":"info","msg":"{\"ev\":\"accepted\",\"id\":\"46d622a8-0a1a-4946-b4f1-6297142996c9\",\"t\":1791218270046}","source":"console","time":"2026-10-05T16:37:50Z"}
{"level":"info","msg":"{\"ev\":\"accepted\",\"id\":\"03b7c1f1-131d-4927-84ef-37352ba3151f\",\"t\":1791218270801}","source":"console","time":"2026-10-05T16:37:50Z"}
{"level":"info","msg":"{\"ev\":\"accepted\",\"id\":\"9aea4d74-4619-475c-9b03-8fd523a2658c\",\"t\":1791218271574}","source":"console","time":"2026-10-05T16:37:51Z"}
{"level":"info","msg":"{\"ev\":\"accepted\",\"id\":\"a8fc0fe1-e46d-4e42-848f-276d1c87d532\",\"t\":1791218272356}","source":"console","time":"2026-10-05T16:37:52Z"}
{"level":"info","msg":"{\"ev\":\"accepted\",\"id\":\"763d8b73-5052-46ba-b0b1-d14609a7765a\",\"t\":1791218273113}","source":"console","time":"2026-10-05T16:37:53Z"}
{"level":"info","msg":"{\"ev\":\"accepted\",\"id\":\"9d6e1bd2-75b4-4313-b112-a54e15b42c13\",\"t\":1791218273877}","source":"console","time":"2026-10-05T16:37:53Z"}
{"level":"info","msg":"{\"ev\":\"accepted\",\"id\":\"29dd5fb4-64f2-4def-852f-33a873695daf\",\"t\":1791218274646}","source":"console","time":"2026-10-05T16:37:54Z"}
{"level":"info","msg":"{\"ev\":\"accepted\",\"id\":\"709d0d86-992d-473a-9fa2-ffeecf724d69\",\"t\":1791218275424}","source":"console","time":"2026-10-05T16:37:55Z"}
{"level":"info","msg":"{\"ev\":\"accepted\",\"id\":\"e5213309-5fcd-4755-9c28-8389699cfd36\",\"t\":1791218276191}","source":"console","time":"2026-10-05T16:37:56Z"}
{"level":"info","msg":"{\"ev\":\"accepted\",\"id\":\"a2ffc39d-2e1c-42ea-8e14-dc751c6ec475\",\"t\":1791218276964}","source":"console","time":"2026-10-05T16:37:56Z"}
{"level":"info","msg":"{\"ev\":\"accepted\",\"id\":\"e423c3cc-02c2-4467-b1a3-dfe10f03ecd5\",\"t\":1791218277737}","source":"console","time":"2026-10-05T16:37:57Z"}
{"level":"info","msg":"{\"ev\":\"accepted\",\"id\":\"3925977c-4825-4fce-9a46-fa12fda556fa\",\"t\":1791218278499}","source":"console","time":"2026-10-05T16:37:58Z"}
{"level":"info","msg":"{\"ev\":\"accepted\",\"id\":\"dac4f8db-0892-480c-8097-b38e7e70de27\",\"t\":1791218279275}","source":"console","time":"2026-10-05T16:37:59Z"}
{"level":"info","msg":"{\"ev\":\"accepted\",\"id\":\"167287e2-5c4c-4fcd-a8b2-be78eb69a291\",\"t\":1791218280041}","source":"console","time":"2026-10-05T16:38:00Z"}
{"level":"info","msg":"{\"ev\":\"accepted\",\"id\":\"39cdaa58-ba89-4a45-8ad9-2ece40a9fc9b\",\"t\":1791218280805}","source":"console","time":"2026-10-05T16:38:00Z"}
{"level":"info","msg":"{\"ev\":\"accepted\",\"id\":\"d06c3103-9e00-428a-9783-782ad28fc635\",\"t\":1791218281584}","source":"console","time":"2026-10-05T16:38:01Z"}
{"level":"info","msg":"{\"ev\":\"accepted\",\"id\":\"edaff19f-0d1d-47a4-82e8-08ea028d549d\",\"t\":1791218282358}","source":"console","time":"2026-10-05T16:38:02Z"}
{"level":"info","msg":"{\"ev\":\"accepted\",\"id\":\"ce56af2d-b1e1-4cb4-b0f3-e1aec8b04cd9\",\"t\":1791218283122}","source":"console","time":"2026-10-05T16:38:03Z"}
{"level":"info","msg":"{\"ev\":\"accepted\",\"id\":\"435bee17-40b5-4b88-9311-e33b9aab52ba\",\"t\":1791218283886}","source":"console","time":"2026-10-05T16:38:03Z"}
{"level":"info","msg":"{\"ev\":\"accepted\",\"id\":\"fb9e26be-732d-493f-bb68-9338dce22c3f\",\"t\":1791218284646}","source":"console","time":"2026-10-05T16:38:04Z"}
{"level":"info","msg":"{\"ev\":\"accepted\",\"id\":\"4427e5be-c330-4369-94dd-6ab194c9ecc5\",\"t\":1791218285422}","source":"console","time":"2026-10-05T16:38:05Z"}
{"level":"info","msg":"{\"ev\":\"accepted\",\"id\":\"c7701b64-0f94-4a7a-8cf4-ea9c9c7e8c06\",\"t\":1791218286198}","source":"console","time":"2026-10-05T16:38:06Z"}
{"level":"info","msg":"{\"ev\":\"accepted\",\"id\":\"399ca0c9-35c8-422a-be84-ab51daabded3\",\"t\":1791218286960}","source":"console","time":"2026-10-05T16:38:06Z"}
{"level":"info","msg":"{\"ev\":\"accepted\",\"id\":\"947f18fe-1544-447a-83e0-9de1fb2612c3\",\"t\":1791218287729}","source":"console","time":"2026-10-05T16:38:07Z"}
{"level":"info","msg":"{\"ev\":\"accepted\",\"id\":\"a9bb4bdd-4ba3-4d74-a33d-998aa5a28fb0\",\"t\":1791218288506}","source":"console","time":"2026-10-05T16:38:08Z"}
{"level":"info","msg":"{\"ev\":\"accepted\",\"id\":\"59f2dfb6-3612-4d75-80be-6628c2535a86\",\"t\":1791218289281}","source":"console","time":"2026-10-05T16:38:09Z"}
{"level":"info","msg":"{\"ev\":\"accepted\",\"id\":\"48c3053f-5ed0-4326-979f-1910ac6dda84\",\"t\":1791218290040}","source":"console","time":"2026-10-05T16:38:10Z"}
{"level":"info","msg":"{\"ev\":\"accepted\",\"id\":\"557922d6-8712-4dcb-ac82-93384daa6ebf\",\"t\":1791218290806}","source":"console","time":"2026-10-05T16:38:10Z"}
{"level":"info","msg":"{\"ev\":\"accepted\",\"id\":\"f710df9e-7d58-41ab-934c-0085edaed8e0\",\"t\":1791218291586}","source":"console","time":"2026-10-05T16:38:11Z"}
{"level":"info","msg":"{\"ev\":\"accepted\",\"id\":\"26ee838c-aa36-4e7e-a05e-658dcd0dcd6d\",\"t\":1791218292345}","source":"console","time":"2026-10-05T16:38:12Z"}
{"level":"info","msg":"{\"ev\":\"accepted\",\"id\":\"c6add267-cd3d-49c4-9899-f6691e44cb86\",\"t\":1791218293118}","source":"console","time":"2026-10-05T16:38:13Z"}
{"level":"info","msg":"{\"ev\":\"accepted\",\"id\":\"b4e456cd-7dcb-495f-a496-10e5ac18ed12\",\"t\":1791218293877}","source":"console","time":"2026-10-05T16:38:13Z"}
{"level":"info","msg":"{\"ev\":\"accepted\",\"id\":\"c23f43a5-8f01-43e6-89af-8d4890d4ca28\",\"t\":1791218294656}","source":"console","time":"2026-10-05T16:38:14Z"}
{"level":"info","msg":"{\"ev\":\"accepted\",\"id\":\"f7c28b39-d299-4d36-b215-c0f9ef347b37\",\"t\":1791218295416}","source":"console","time":"2026-10-05T16:38:15Z"}
{"level":"info","msg":"{\"ev\":\"accepted\",\"id\":\"9e668170-b55c-450e-82e5-e35d8b17f366\",\"t\":1791218296188}","source":"console","time":"2026-10-05T16:38:16Z"}
{"level":"info","msg":"{\"ev\":\"accepted\",\"id\":\"99ce6f55-f7e0-4fd5-a826-e0d19d9bd083\",\"t\":1791218296962}","source":"console","time":"2026-10-05T16:38:16Z"}
{"level":"info","msg":"{\"ev\":\"accepted\",\"id\":\"90f2a0e1-8d2c-4044-abc7-3cda2640cc07\",\"t\":1791218297730}","source":"console","time":"2026-10-05T16:38:17Z"}
{"level":"info","msg":"{\"ev\":\"accepted\",\"id\":\"eab3877a-5ac6-457b-93d1-014a3bd53285\",\"t\":1791218298495}","source":"console","time":"2026-10-05T16:38:18Z"}
{"level":"info","msg":"{\"ev\":\"accepted\",\"id\":\"c0ea4dda-1ed3-4921-9b88-243395f7d7af\",\"t\":1791218299265}","source":"console","time":"2026-10-05T16:38:19Z"}
{"level":"info","msg":"{\"ev\":\"accepted\",\"id\":\"eabbf33a-b2fa-4778-ac14-3b7c6c04b40b\",\"t\":1791218300038}","source":"console","time":"2026-10-05T16:38:20Z"}
{"level":"info","msg":"{\"ev\":\"accepted\",\"id\":\"2cacb375-5067-42c1-8341-9fb73301b2c6\",\"t\":1791218300814}","source":"console","time":"2026-10-05T16:38:20Z"}
{"level":"info","msg":"{\"ev\":\"accepted\",\"id\":\"546a635a-230d-4dea-9896-490dacc5108a\",\"t\":1791218301572}","source":"console","time":"2026-10-05T16:38:21Z"}
{"level":"info","msg":"{\"ev\":\"accepted\",\"id\":\"d71cfaa9-3ba5-42c7-bcf0-2e97e377a99b\",\"t\":1791218302346}","source":"console","time":"2026-10-05T16:38:22Z"}
{"level":"info","msg":"{\"ev\":\"accepted\",\"id\":\"d599c3eb-3456-4041-83c1-f3b38a1484c5\",\"t\":1791218303122}","source":"console","time":"2026-10-05T16:38:23Z"}
{"level":"info","msg":"{\"ev\":\"accepted\",\"id\":\"e5d7d9e9-2807-410d-b65d-533fae88c276\",\"t\":1791218303884}","source":"console","time":"2026-10-05T16:38:23Z"}
{"level":"info","msg":"{\"ev\":\"accepted\",\"id\":\"2003aef5-2bbf-4960-b85c-3f9a848ec920\",\"t\":1791218304657}","source":"console","time":"2026-10-05T16:38:24Z"}
{"level":"info","msg":"{\"ev\":\"accepted\",\"id\":\"314c70fa-f972-44d1-aba6-e3234dc2446e\",\"t\":1791218305429}","source":"console","time":"2026-10-05T16:38:25Z"}
{"level":"info","msg":"{\"ev\":\"accepted\",\"id\":\"62e5ce6b-5f0b-4750-998e-6a9f8f4ca7c8\",\"t\":1791218306198}","source":"console","time":"2026-10-05T16:38:26Z"}
{"level":"info","msg":"{\"ev\":\"accepted\",\"id\":\"53f35aec-258b-4d59-9651-4d2aec074b8b\",\"t\":1791218306962}","source":"console","time":"2026-10-05T16:38:26Z"}
{"level":"info","msg":"{\"ev\":\"accepted\",\"id\":\"b8843601-39cf-4d13-8fd2-d745f88ee3df\",\"t\":1791218307726}","source":"console","time":"2026-10-05T16:38:27Z"}
{"level":"info","msg":"{\"ev\":\"accepted\",\"id\":\"bec6197d-457b-4974-8cb5-549ced374b06\",\"t\":1791218308498}","source":"console","time":"2026-10-05T16:38:28Z"}
{"level":"info","msg":"{\"ev\":\"accepted\",\"id\":\"855b5cf3-a06c-49c1-ab1d-6dcad7467fa0\",\"t\":1791218309267}","source":"console","time":"2026-10-05T16:38:29Z"}
{"level":"info","msg":"{\"ev\":\"accepted\",\"id\":\"979dd4fd-df0e-46cc-8368-039f143adfe0\",\"t\":1791218310035}","source":"console","time":"2026-10-05T16:38:30Z"}
{"level":"info","msg":"{\"ev\":\"accepted\",\"id\":\"508a9a56-a135-4f96-b6e7-f5f9c7e1fd93\",\"t\":1791218310806}","source":"console","time":"2026-10-05T16:38:30Z"}
{"level":"info","msg":"{\"ev\":\"accepted\",\"id\":\"0bd71063-d646-4102-a53c-dbebdf52bd67\",\"t\":1791218311579}","source":"console","time":"2026-10-05T16:38:31Z"}
{"level":"info","msg":"{\"ev\":\"accepted\",\"id\":\"4dde8824-840a-4840-b695-d858143f4616\",\"t\":1791218312348}","source":"console","time":"2026-10-05T16:38:32Z"}
{"level":"info","msg":"{\"ev\":\"accepted\",\"id\":\"c95d2151-25f3-4ee7-8dfc-1758791df55e\",\"t\":1791218313114}","source":"console","time":"2026-10-05T16:38:33Z"}
{"level":"info","msg":"{\"ev\":\"accepted\",\"id\":\"0eb55576-f563-4c21-9ed3-615abca07d9d\",\"t\":1791218313886}","source":"console","time":"2026-10-05T16:38:33Z"}
{"level":"info","msg":"{\"ev\":\"accepted\",\"id\":\"dfb36c32-620a-427f-bc1b-312d1f95454c\",\"t\":1791218314654}","source":"console","time":"2026-10-05T16:38:34Z"}
{"level":"info","msg":"{\"ev\":\"accepted\",\"id\":\"aff95cd4-2cb7-40a1-b5c8-66a0c9dd7ef1\",\"t\":1791218315425}","source":"console","time":"2026-10-05T16:38:35Z"}
{"level":"info","msg":"{\"ev\":\"accepted\",\"id\":\"51a99b8d-44d2-4559-b984-9a4b03667c20\",\"t\":1791218316192}","source":"console","time":"2026-10-05T16:38:36Z"}
{"level":"info","msg":"{\"ev\":\"accepted\",\"id\":\"85600301-78b2-4ef0-8f9f-bd9504e74808\",\"t\":1791218316969}","source":"console","time":"2026-10-05T16:38:36Z"}
{"level":"info","msg":"{\"ev\":\"accepted\",\"id\":\"3a5fa9c1-80cb-47a9-aca4-42ada36af396\",\"t\":1791218317733}","source":"console","time":"2026-10-05T16:38:37Z"}
{"level":"info","msg":"{\"ev\":\"accepted\",\"id\":\"6a82d635-2332-48c0-92c4-02ab5e2ca877\",\"t\":1791218318500}","source":"console","time":"2026-10-05T16:38:38Z"}
{"level":"info","msg":"{\"ev\":\"accepted\",\"id\":\"17b89871-94d2-4aae-8d4a-69f52f7fb2ef\",\"t\":1791218319267}","source":"console","time":"2026-10-05T16:38:39Z"}
{"level":"info","msg":"{\"ev\":\"accepted\",\"id\":\"fe297c25-b21c-4268-833d-3342edd3d0dc\",\"t\":1791218320037}","source":"console","time":"2026-10-05T16:38:40Z"}
{"level":"info","msg":"{\"ev\":\"accepted\",\"id\":\"536b69d8-d144-4ebd-be77-9dd24357e143\",\"t\":1791218320803}","source":"console","time":"2026-10-05T16:38:40Z"}
{"level":"info","msg":"{\"ev\":\"accepted\",\"id\":\"648f1a57-dd7a-494d-8327-5fb9bbc6b15c\",\"t\":1791218321575}","source":"console","time":"2026-10-05T16:38:41Z"}
{"level":"info","msg":"{\"ev\":\"accepted\",\"id\":\"d1e2f043-69d6-4811-928c-24152f69a1a7\",\"t\":1791218322345}","source":"console","time":"2026-10-05T16:38:42Z"}
{"level":"info","msg":"{\"ev\":\"accepted\",\"id\":\"9bb82a63-6324-47b6-869e-846af12fdc2a\",\"t\":1791218323118}","source":"console","time":"2026-10-05T16:38:43Z"}
{"level":"info","msg":"{\"ev\":\"accepted\",\"id\":\"00340410-1ea4-4e38-8758-fdeceaae03bc\",\"t\":1791218323881}","source":"console","time":"2026-10-05T16:38:43Z"}
{"level":"info","msg":"{\"ev\":\"accepted\",\"id\":\"775f4234-5a8e-485c-b397-55252a95777d\",\"t\":1791218324661}","source":"console","time":"2026-10-05T16:38:44Z"}
{"level":"info","msg":"{\"ev\":\"accepted\",\"id\":\"81cb2880-2c65-441c-926b-bbf2f0ff78d7\",\"t\":1791218325421}","source":"console","time":"2026-10-05T16:38:45Z"}
{"level":"info","msg":"{\"ev\":\"accepted\",\"id\":\"2194d592-94e1-4761-8e80-1231a68b3a91\",\"t\":1791218326190}","source":"console","time":"2026-10-05T16:38:46Z"}
{"level":"info","msg":"{\"ev\":\"accepted\",\"id\":\"5be7b881-90ed-4284-8512-f15381c2feac\",\"t\":1791218326954}","source":"console","time":"2026-10-05T16:38:46Z"}
{"level":"info","msg":"{\"ev\":\"accepted\",\"id\":\"2b21602a-efe7-404c-a307-02da7f398284\",\"t\":1791218327735}","source":"console","time":"2026-10-05T16:38:47Z"}
{"level":"info","msg":"{\"ev\":\"accepted\",\"id\":\"8876d15c-96a6-43dc-bc75-9b1c8f9062c7\",\"t\":1791218328505}","source":"console","time":"2026-10-05T16:38:48Z"}
{"level":"info","msg":"{\"ev\":\"accepted\",\"id\":\"eed4052e-596b-4396-93b6-d16ceeb3e17d\",\"t\":1791218329271}","source":"console","time":"2026-10-05T16:38:49Z"}
{"level":"info","msg":"{\"ev\":\"accepted\",\"id\":\"0717e64c-060d-4296-a5a0-e05abcaa3a78\",\"t\":1791218330037}","source":"console","time":"2026-10-05T16:38:50Z"}
{"level":"info","msg":"{\"ev\":\"accepted\",\"id\":\"fc765b12-34ee-4d56-bc56-17bbd8a8d951\",\"t\":1791218330814}","source":"console","time":"2026-10-05T16:38:50Z"}
{"level":"info","msg":"{\"ev\":\"accepted\",\"id\":\"2648efa5-3134-482e-9dd6-495b935b2ded\",\"t\":1791218331575}","source":"console","time":"2026-10-05T16:38:51Z"}
{"level":"info","msg":"{\"ev\":\"accepted\",\"id\":\"f4516f23-d7f5-4bc5-8d5e-1df4aa9bcd15\",\"t\":1791218332343}","source":"console","time":"2026-10-05T16:38:52Z"}
{"level":"info","msg":"{\"ev\":\"accepted\",\"id\":\"55c467a2-2951-497c-9536-b27636b1b641\",\"t\":1791218333113}","source":"console","time":"2026-10-05T16:38:53Z"}
{"level":"info","msg":"{\"ev\":\"accepted\",\"id\":\"3d8f3b88-09a3-4904-bf21-f84e5061876b\",\"t\":1791218333886}","source":"console","time":"2026-10-05T16:38:53Z"}
{"level":"info","msg":"{\"ev\":\"accepted\",\"id\":\"dc7511cc-e118-46c5-889c-b356fd64a332\",\"t\":1791218334666}","source":"console","time":"2026-10-05T16:38:54Z"}
{"level":"info","msg":"{\"ev\":\"accepted\",\"id\":\"3d183853-f6bb-44ac-9894-8dce05dc4db1\",\"t\":1791218335425}","source":"console","time":"2026-10-05T16:38:55Z"}
{"level":"info","msg":"{\"ev\":\"accepted\",\"id\":\"9ac7269c-8da1-434f-8a01-384d22996749\",\"t\":1791218336186}","source":"console","time":"2026-10-05T16:38:56Z"}
{"level":"info","msg":"{\"ev\":\"accepted\",\"id\":\"7d99b5f2-2ea6-4721-bd9b-2eb5d2e28e39\",\"t\":1791218336962}","source":"console","time":"2026-10-05T16:38:56Z"}
{"level":"info","msg":"{\"ev\":\"accepted\",\"id\":\"c7065c80-33d9-4c79-8ee9-d2499ddb846b\",\"t\":1791218337729}","source":"console","time":"2026-10-05T16:38:57Z"}
{"level":"info","msg":"{\"ev\":\"accepted\",\"id\":\"9a1249ca-7fdd-4532-8c5f-fc19b8c6d3f8\",\"t\":1791218338505}","source":"console","time":"2026-10-05T16:38:58Z"}
{"level":"info","msg":"{\"ev\":\"accepted\",\"id\":\"d113d38b-2868-467b-85be-8d5fc6de24e7\",\"t\":1791218339267}","source":"console","time":"2026-10-05T16:38:59Z"}
{"level":"info","msg":"{\"ev\":\"accepted\",\"id\":\"f80f5fc0-0067-40a8-b77b-7bd7509998ce\",\"t\":1791218340045}","source":"console","time":"2026-10-05T16:39:00Z"}
{"level":"info","msg":"{\"ev\":\"accepted\",\"id\":\"a2823672-02dd-4cb8-a15a-b712fb1af479\",\"t\":1791218340809}","source":"console","time":"2026-10-05T16:39:00Z"}
{"level":"info","msg":"{\"ev\":\"accepted\",\"id\":\"35713a9f-85e6-46c3-9402-b032e0b096f1\",\"t\":1791218341583}","source":"console","time":"2026-10-05T16:39:01Z"}
{"level":"info","msg":"{\"ev\":\"accepted\",\"id\":\"26195788-1837-49e8-b7fb-f5e2829d564c\",\"t\":1791218342350}","source":"console","time":"2026-10-05T16:39:02Z"}
{"level":"info","msg":"{\"ev\":\"accepted\",\"id\":\"8a88a7bd-4e6b-494e-aa00-95344cf65be1\",\"t\":1791218343114}","source":"console","time":"2026-10-05T16:39:03Z"}
{"level":"info","msg":"{\"ev\":\"accepted\",\"id\":\"8aaac071-f281-4685-a195-747658fb575d\",\"t\":1791218343882}","source":"console","time":"2026-10-05T16:39:03Z"}
{"level":"info","msg":"{\"ev\":\"accepted\",\"id\":\"97a6d7d0-0e85-421b-8ee0-d2186dcc2a87\",\"t\":1791218344656}","source":"console","time":"2026-10-05T16:39:04Z"}
{"level":"info","msg":"{\"ev\":\"accepted\",\"id\":\"d97fc675-a5ef-4424-af5d-edfd12148586\",\"t\":1791218345424}","source":"console","time":"2026-10-05T16:39:05Z"}
{"level":"info","msg":"{\"ev\":\"accepted\",\"id\":\"5bc95982-790e-4c87-9dec-f2c07ec7a3e7\",\"t\":1791218346192}","source":"console","time":"2026-10-05T16:39:06Z"}
{"level":"info","msg":"{\"ev\":\"accepted\",\"id\":\"a5f3b00c-7cf6-4b71-9c89-2c4f3bfd22e6\",\"t\":1791218346961}","source":"console","time":"2026-10-05T16:39:06Z"}
{"level":"info","msg":"{\"ev\":\"accepted\",\"id\":\"1bf8a386-8443-4264-b526-bddf300efb17\",\"t\":1791218347729}","source":"console","time":"2026-10-05T16:39:07Z"}
{"level":"info","msg":"{\"ev\":\"accepted\",\"id\":\"a15e040c-861f-47b5-bac1-ce62c4914863\",\"t\":1791218348497}","source":"console","time":"2026-10-05T16:39:08Z"}
{"level":"info","msg":"{\"ev\":\"accepted\",\"id\":\"270b0bed-d825-4b9a-84da-da5dc669b92c\",\"t\":1791218349274}","source":"console","time":"2026-10-05T16:39:09Z"}
{"level":"info","msg":"{\"ev\":\"accepted\",\"id\":\"0fd47e08-2ef1-487b-9fcf-ecb8e647a020\",\"t\":1791218350044}","source":"console","time":"2026-10-05T16:39:10Z"}
{"level":"info","msg":"{\"ev\":\"accepted\",\"id\":\"a62581a7-7dd0-4847-9756-4ed06a06952f\",\"t\":1791218350813}","source":"console","time":"2026-10-05T16:39:10Z"}
{"level":"info","msg":"{\"ev\":\"accepted\",\"id\":\"f0a97dd1-b55a-481d-8152-97c1692d64cc\",\"t\":1791218351574}","source":"console","time":"2026-10-05T16:39:11Z"}
{"level":"info","msg":"{\"ev\":\"accepted\",\"id\":\"50c8b19a-83d5-46d7-afed-d18b932a55f3\",\"t\":1791218352343}","source":"console","time":"2026-10-05T16:39:12Z"}
{"level":"info","msg":"{\"ev\":\"accepted\",\"id\":\"7e47f81b-0c54-45c0-9041-8876fcc741d1\",\"t\":1791218353114}","source":"console","time":"2026-10-05T16:39:13Z"}
{"level":"info","msg":"{\"ev\":\"accepted\",\"id\":\"d3cdbd59-6174-4b2e-b4eb-bb2bf9865269\",\"t\":1791218353878}","source":"console","time":"2026-10-05T16:39:13Z"}
{"level":"info","msg":"{\"ev\":\"accepted\",\"id\":\"f6141297-73aa-4b38-9d50-cdc739106d90\",\"t\":1791218354651}","source":"console","time":"2026-10-05T16:39:14Z"}
{"level":"info","msg":"{\"ev\":\"accepted\",\"id\":\"8e8ccba6-66da-4f64-a113-78c8db9f7569\",\"t\":1791218355425}","source":"console","time":"2026-10-05T16:39:15Z"}
{"level":"info","msg":"{\"ev\":\"accepted\",\"id\":\"dbbbd35e-f493-4f93-9e99-43b6800200c4\",\"t\":1791218356187}","source":"console","time":"2026-10-05T16:39:16Z"}
{"level":"info","msg":"{\"ev\":\"accepted\",\"id\":\"c4f0e61c-0b9e-4a1b-a28f-ec566df8079b\",\"t\":1791218356959}","source":"console","time":"2026-10-05T16:39:16Z"}
{"level":"info","msg":"{\"ev\":\"accepted\",\"id\":\"e285f739-ab5c-4e1b-86e9-530b6cfadd15\",\"t\":1791218357740}","source":"console","time":"2026-10-05T16:39:17Z"}
{"level":"info","msg":"{\"ev\":\"accepted\",\"id\":\"45689540-a85c-47bf-8ff2-d7e9f1e30dc5\",\"t\":1791218358506}","source":"console","time":"2026-10-05T16:39:18Z"}
{"level":"info","msg":"{\"ev\":\"accepted\",\"id\":\"650912ac-b571-4074-a4ca-2a20cdaff194\",\"t\":1791218359273}","source":"console","time":"2026-10-05T16:39:19Z"}
{"level":"info","msg":"{\"ev\":\"accepted\",\"id\":\"8f089d5e-fb01-4fe9-a55c-92b23f28b20f\",\"t\":1791218360038}","source":"console","time":"2026-10-05T16:39:20Z"}
{"level":"info","msg":"{\"ev\":\"accepted\",\"id\":\"d30682a8-7f33-4da7-9f3b-e90614489e53\",\"t\":1791218360805}","source":"console","time":"2026-10-05T16:39:20Z"}
{"level":"info","msg":"{\"ev\":\"accepted\",\"id\":\"8098f01a-6570-468e-8774-6d975379480a\",\"t\":1791218361592}","source":"console","time":"2026-10-05T16:39:21Z"}
{"level":"info","msg":"{\"ev\":\"accepted\",\"id\":\"b84755ec-de7b-48a2-bd93-3a9e60d60a0f\",\"t\":1791218362352}","source":"console","time":"2026-10-05T16:39:22Z"}
{"level":"info","msg":"{\"ev\":\"accepted\",\"id\":\"7044af8d-bd07-4abe-b801-9db9b974212d\",\"t\":1791218363118}","source":"console","time":"2026-10-05T16:39:23Z"}
{"level":"info","msg":"{\"ev\":\"accepted\",\"id\":\"aaf34729-94c4-4732-9330-12831ebee83b\",\"t\":1791218363887}","source":"console","time":"2026-10-05T16:39:23Z"}
{"level":"info","msg":"{\"ev\":\"accepted\",\"id\":\"c3550e3d-0dbf-4d0a-8576-230ff1174c97\",\"t\":1791218364660}","source":"console","time":"2026-10-05T16:39:24Z"}
{"level":"info","msg":"{\"ev\":\"accepted\",\"id\":\"26187e20-3ff7-45b3-9e7c-2efe3d3c2766\",\"t\":1791218365418}","source":"console","time":"2026-10-05T16:39:25Z"}
{"level":"info","msg":"{\"ev\":\"accepted\",\"id\":\"d1b16013-bf08-4b61-aed3-8e179cf4dfb1\",\"t\":1791218366190}","source":"console","time":"2026-10-05T16:39:26Z"}
{"level":"info","msg":"{\"ev\":\"accepted\",\"id\":\"e732f3f8-84c2-402e-a9fe-7be66dd996a7\",\"t\":1791218366953}","source":"console","time":"2026-10-05T16:39:26Z"}
{"level":"info","msg":"{\"ev\":\"accepted\",\"id\":\"1d30687f-15a3-406e-95b6-8bd3b25bc4b1\",\"t\":1791218367738}","source":"console","time":"2026-10-05T16:39:27Z"}
{"level":"info","msg":"{\"ev\":\"accepted\",\"id\":\"54cf185e-9e3f-4714-ab96-338c7f6aa3b1\",\"t\":1791218368504}","source":"console","time":"2026-10-05T16:39:28Z"}
{"level":"info","msg":"{\"ev\":\"accepted\",\"id\":\"7883f9e4-0513-4137-a491-126640df8130\",\"t\":1791218369262}","source":"console","time":"2026-10-05T16:39:29Z"}
{"level":"info","msg":"{\"ev\":\"accepted\",\"id\":\"1dd7035c-2768-48bf-b8a2-b9627f72ce4e\",\"t\":1791218370038}","source":"console","time":"2026-10-05T16:39:30Z"}
{"level":"info","msg":"{\"ev\":\"accepted\",\"id\":\"ac5b761e-29a3-4905-86dd-1ee8c0fc90b0\",\"t\":1791218370814}","source":"console","time":"2026-10-05T16:39:30Z"}
{"level":"info","msg":"{\"ev\":\"accepted\",\"id\":\"f0b66856-a001-4439-a56d-e2e7c87df14e\",\"t\":1791218371577}","source":"console","time":"2026-10-05T16:39:31Z"}
{"level":"info","msg":"{\"ev\":\"accepted\",\"id\":\"2098fafb-ba74-469d-9863-e82efd4af1ba\",\"t\":1791218372353}","source":"console","time":"2026-10-05T16:39:32Z"}
{"level":"info","msg":"{\"ev\":\"accepted\",\"id\":\"94c393a3-623a-4574-916a-99bf76c57254\",\"t\":1791218373121}","source":"console","time":"2026-10-05T16:39:33Z"}
{"level":"info","msg":"{\"ev\":\"accepted\",\"id\":\"02974690-24f0-4462-ae4c-cec105445222\",\"t\":1791218373886}","source":"console","time":"2026-10-05T16:39:33Z"}
{"level":"info","msg":"{\"ev\":\"accepted\",\"id\":\"31e2eb90-2a98-4bb5-a53f-43975052b389\",\"t\":1791218374656}","source":"console","time":"2026-10-05T16:39:34Z"}
{"level":"info","msg":"{\"ev\":\"accepted\",\"id\":\"933a09b1-ca34-4f62-8e34-c3a52cd7c520\",\"t\":1791218375417}","source":"console","time":"2026-10-05T16:39:35Z"}
{"level":"info","msg":"{\"ev\":\"accepted\",\"id\":\"e7c92bcc-b246-4461-84dc-27cb23e0ed39\",\"t\":1791218376193}","source":"console","time":"2026-10-05T16:39:36Z"}
{"level":"info","msg":"{\"ev\":\"accepted\",\"id\":\"02a26737-a56d-46b7-95bd-4ad077986f43\",\"t\":1791218376956}","source":"console","time":"2026-10-05T16:39:36Z"}
{"level":"info","msg":"{\"ev\":\"accepted\",\"id\":\"bcd25cb4-cd63-4021-8338-76387ae12bc3\",\"t\":1791218377735}","source":"console","time":"2026-10-05T16:39:37Z"}
{"level":"info","msg":"{\"ev\":\"accepted\",\"id\":\"8192c989-b8b2-4637-8034-9d5dbfde88ff\",\"t\":1791218378506}","source":"console","time":"2026-10-05T16:39:38Z"}
{"level":"info","msg":"{\"ev\":\"accepted\",\"id\":\"5b86abb6-f6a9-4daa-b992-5fb2c2a2ace3\",\"t\":1791218379277}","source":"console","time":"2026-10-05T16:39:39Z"}
{"level":"info","msg":"{\"ev\":\"accepted\",\"id\":\"c261d1e8-1501-4589-b051-03d5786b0e46\",\"t\":1791218380045}","source":"console","time":"2026-10-05T16:39:40Z"}
{"level":"info","msg":"{\"ev\":\"accepted\",\"id\":\"b7036bb6-1aa5-43a2-8261-c5fb0abdb4e7\",\"t\":1791218380806}","source":"console","time":"2026-10-05T16:39:40Z"}
{"level":"info","msg":"{\"ev\":\"accepted\",\"id\":\"4d735f95-75a1-4bc7-acc1-006b472d2f46\",\"t\":1791218381571}","source":"console","time":"2026-10-05T16:39:41Z"}
{"level":"info","msg":"{\"ev\":\"accepted\",\"id\":\"3e7c4c88-f76f-49a4-9954-8feb57ace82d\",\"t\":1791218382344}","source":"console","time":"2026-10-05T16:39:42Z"}
{"level":"info","msg":"{\"ev\":\"accepted\",\"id\":\"945452aa-89ae-4c25-a39d-f53537c7ad73\",\"t\":1791218383108}","source":"console","time":"2026-10-05T16:39:43Z"}
{"level":"info","msg":"{\"ev\":\"accepted\",\"id\":\"43c0f00f-271c-42f1-81d3-a3a62623b7ac\",\"t\":1791218383886}","source":"console","time":"2026-10-05T16:39:43Z"}
{"level":"info","msg":"{\"ev\":\"accepted\",\"id\":\"1ffdfaf1-6513-452b-b421-7495f404f10e\",\"t\":1791218384648}","source":"console","time":"2026-10-05T16:39:44Z"}
{"level":"info","msg":"{\"ev\":\"accepted\",\"id\":\"f183bd5f-9ce0-42c6-8fae-734a0642c8c2\",\"t\":1791218385421}","source":"console","time":"2026-10-05T16:39:45Z"}
{"level":"info","msg":"{\"ev\":\"accepted\",\"id\":\"ce30b599-5f8c-4f35-b2c4-945f06fa48da\",\"t\":1791218386198}","source":"console","time":"2026-10-05T16:39:46Z"}
{"level":"info","msg":"{\"ev\":\"accepted\",\"id\":\"d887a2b9-af79-4c81-b1e1-101799f4e761\",\"t\":1791218386963}","source":"console","time":"2026-10-05T16:39:46Z"}
{"level":"info","msg":"{\"ev\":\"accepted\",\"id\":\"d3c1f01c-5f0c-4ad9-84c3-b138fffa659f\",\"t\":1791218387725}","source":"console","time":"2026-10-05T16:39:47Z"}
{"level":"info","msg":"{\"ev\":\"accepted\",\"id\":\"d5aef8af-0c28-4c3d-99ef-ee05e9bb7ea3\",\"t\":1791218388501}","source":"console","time":"2026-10-05T16:39:48Z"}
{"level":"info","msg":"{\"ev\":\"accepted\",\"id\":\"7bc0532a-601c-4bca-bb89-53cf7ce242c4\",\"t\":1791218389270}","source":"console","time":"2026-10-05T16:39:49Z"}
{"level":"info","msg":"{\"ev\":\"accepted\",\"id\":\"a26bac88-8c3e-47db-865c-1a14113e0485\",\"t\":1791218390038}","source":"console","time":"2026-10-05T16:39:50Z"}
{"level":"info","msg":"{\"ev\":\"accepted\",\"id\":\"5744531c-4d95-462f-ae7b-e5821acecc25\",\"t\":1791218390814}","source":"console","time":"2026-10-05T16:39:50Z"}
{"level":"info","msg":"{\"ev\":\"accepted\",\"id\":\"a37e1d86-2a0c-4c60-980d-c7c95f4acebd\",\"t\":1791218391578}","source":"console","time":"2026-10-05T16:39:51Z"}
{"level":"info","msg":"{\"ev\":\"accepted\",\"id\":\"d68e3808-7bfe-4d0a-a7cf-49dd1a0ce853\",\"t\":1791218392348}","source":"console","time":"2026-10-05T16:39:52Z"}
{"level":"info","msg":"{\"ev\":\"accepted\",\"id\":\"5a8f1f2e-3dfd-44bc-8ebe-eff4e50c4855\",\"t\":1791218393121}","source":"console","time":"2026-10-05T16:39:53Z"}
{"level":"info","msg":"{\"ev\":\"accepted\",\"id\":\"665f641f-d18c-4b7c-a81c-f5091eed756e\",\"t\":1791218393888}","source":"console","time":"2026-10-05T16:39:53Z"}
{"level":"info","msg":"{\"ev\":\"accepted\",\"id\":\"182cdd0e-05a7-4a57-8901-9b1332bcbf25\",\"t\":1791218394659}","source":"console","time":"2026-10-05T16:39:54Z"}
{"level":"info","msg":"{\"ev\":\"accepted\",\"id\":\"d598d8d6-0e18-44a8-881c-5fd8b13054fc\",\"t\":1791218395423}","source":"console","time":"2026-10-05T16:39:55Z"}
{"level":"info","msg":"{\"ev\":\"accepted\",\"id\":\"0d9aac3e-12e3-4f52-8934-b7c60fb807f0\",\"t\":1791218396199}","source":"console","time":"2026-10-05T16:39:56Z"}
{"level":"info","msg":"{\"ev\":\"accepted\",\"id\":\"deacae7c-a3da-4ab7-9929-2a7a54f1d0cf\",\"t\":1791218396961}","source":"console","time":"2026-10-05T16:39:56Z"}
{"level":"info","msg":"{\"ev\":\"accepted\",\"id\":\"4df667e7-9cd6-4f01-8e82-95f2ffda6a1b\",\"t\":1791218397736}","source":"console","time":"2026-10-05T16:39:57Z"}
{"level":"info","msg":"{\"ev\":\"accepted\",\"id\":\"dfd08d98-bbd7-4ac3-ad42-021c4e629dd5\",\"t\":1791218398502}","source":"console","time":"2026-10-05T16:39:58Z"}
{"level":"info","msg":"{\"ev\":\"accepted\",\"id\":\"7dfe508c-a648-497c-b1a7-11133797d413\",\"t\":1791218399266}","source":"console","time":"2026-10-05T16:39:59Z"}
{"level":"info","msg":"{\"ev\":\"accepted\",\"id\":\"3894760c-e094-44ec-8d33-1f8a63f36162\",\"t\":1791218400036}","source":"console","time":"2026-10-05T16:40:00Z"}
{"level":"info","msg":"{\"ev\":\"accepted\",\"id\":\"df574bc8-bca3-49d7-92cc-c125b54191f2\",\"t\":1791218400803}","source":"console","time":"2026-10-05T16:40:00Z"}
{"level":"info","msg":"{\"ev\":\"accepted\",\"id\":\"b7b15336-bebe-492f-9ef0-82cece8af557\",\"t\":1791218401576}","source":"console","time":"2026-10-05T16:40:01Z"}
{"level":"info","msg":"{\"ev\":\"accepted\",\"id\":\"1b71a257-d428-4105-814c-c528f8d1b92e\",\"t\":1791218402342}","source":"console","time":"2026-10-05T16:40:02Z"}
{"level":"info","msg":"{\"ev\":\"accepted\",\"id\":\"b81cb7dc-1c71-4086-961c-5f4cc3cab032\",\"t\":1791218403122}","source":"console","time":"2026-10-05T16:40:03Z"}
{"level":"info","msg":"{\"ev\":\"accepted\",\"id\":\"9c6d6b10-2d14-499f-a636-85be168b7640\",\"t\":1791218403877}","source":"console","time":"2026-10-05T16:40:03Z"}
{"level":"info","msg":"{\"ev\":\"accepted\",\"id\":\"035e65c1-f325-4965-ad5d-03644a514100\",\"t\":1791218404654}","source":"console","time":"2026-10-05T16:40:04Z"}
{"level":"info","msg":"{\"ev\":\"accepted\",\"id\":\"513fa94f-5c4e-4a8f-96de-89853938a9c5\",\"t\":1791218405418}","source":"console","time":"2026-10-05T16:40:05Z"}
{"level":"info","msg":"{\"ev\":\"accepted\",\"id\":\"f3e7d86a-e142-4eba-b3b3-1db978590118\",\"t\":1791218406198}","source":"console","time":"2026-10-05T16:40:06Z"}
{"level":"info","msg":"{\"ev\":\"accepted\",\"id\":\"cb74dfb3-c8b7-43f5-acbe-fcd208073e9d\",\"t\":1791218406954}","source":"console","time":"2026-10-05T16:40:06Z"}
{"level":"info","msg":"{\"ev\":\"accepted\",\"id\":\"32721ba4-de70-4837-a7eb-7e81fbaa5683\",\"t\":1791218407732}","source":"console","time":"2026-10-05T16:40:07Z"}
{"level":"info","msg":"{\"ev\":\"accepted\",\"id\":\"1817a25a-2463-4531-a6f5-b94bbbb15ac6\",\"t\":1791218408499}","source":"console","time":"2026-10-05T16:40:08Z"}
{"level":"info","msg":"{\"ev\":\"accepted\",\"id\":\"b50678bf-986c-4874-8324-2452d8d4202b\",\"t\":1791218409269}","source":"console","time":"2026-10-05T16:40:09Z"}
{"level":"info","msg":"{\"ev\":\"accepted\",\"id\":\"adf1caea-a54e-417d-9a9f-d2360384ef13\",\"t\":1791218410044}","source":"console","time":"2026-10-05T16:40:10Z"}
{"level":"info","msg":"{\"ev\":\"accepted\",\"id\":\"1bec74ee-5035-4252-94bb-e793aa3f6585\",\"t\":1791218410803}","source":"console","time":"2026-10-05T16:40:10Z"}
{"level":"info","msg":"{\"ev\":\"accepted\",\"id\":\"479b83a6-a16f-4780-a632-ba7f292ae681\",\"t\":1791218411576}","source":"console","time":"2026-10-05T16:40:11Z"}
{"level":"info","msg":"{\"ev\":\"accepted\",\"id\":\"89ebcd13-af9c-4fb6-8747-1048b67c8ca4\",\"t\":1791218412339}","source":"console","time":"2026-10-05T16:40:12Z"}
{"level":"info","msg":"{\"ev\":\"accepted\",\"id\":\"8a889dd8-3518-46d8-b380-9a234041025c\",\"t\":1791218413118}","source":"console","time":"2026-10-05T16:40:13Z"}
{"level":"info","msg":"{\"ev\":\"accepted\",\"id\":\"35e59e07-0fe6-47b6-a7d6-eacb103ebb25\",\"t\":1791218413886}","source":"console","time":"2026-10-05T16:40:13Z"}
{"level":"info","msg":"{\"ev\":\"accepted\",\"id\":\"b2b6dfe9-7307-42cc-9a9e-31508b98ebcb\",\"t\":1791218414652}","source":"console","time":"2026-10-05T16:40:14Z"}
{"level":"info","msg":"{\"ev\":\"accepted\",\"id\":\"d9d142b9-bd4e-404d-84db-c4f947fb97a5\",\"t\":1791218415424}","source":"console","time":"2026-10-05T16:40:15Z"}
{"level":"info","msg":"{\"ev\":\"accepted\",\"id\":\"29e1baab-f3a4-4eea-839b-b367f5a79c4d\",\"t\":1791218416198}","source":"console","time":"2026-10-05T16:40:16Z"}
{"level":"info","msg":"{\"ev\":\"accepted\",\"id\":\"a6dbd134-9b4d-4c7f-bf8f-5dc196f5c37d\",\"t\":1791218416955}","source":"console","time":"2026-10-05T16:40:16Z"}
{"level":"info","msg":"{\"ev\":\"accepted\",\"id\":\"7eaf7025-e929-4581-a24c-fbee51dd200c\",\"t\":1791218417736}","source":"console","time":"2026-10-05T16:40:17Z"}
{"level":"info","msg":"{\"ev\":\"accepted\",\"id\":\"deb63ade-8802-4110-adb9-99497c0972cf\",\"t\":1791218418502}","source":"console","time":"2026-10-05T16:40:18Z"}
{"level":"info","msg":"{\"ev\":\"accepted\",\"id\":\"7e7ac0cf-c2ba-4f0a-8bd9-04cb0c0f2401\",\"t\":1791218419268}","source":"console","time":"2026-10-05T16:40:19Z"}
{"level":"info","msg":"{\"ev\":\"accepted\",\"id\":\"f53c1a71-7f47-40f3-8ee6-2f874a22eac9\",\"t\":1791218420042}","source":"console","time":"2026-10-05T16:40:20Z"}
{"level":"info","msg":"{\"ev\":\"accepted\",\"id\":\"a25d68e8-0426-4797-ab61-8d57680a6ed3\",\"t\":1791218420812}","source":"console","time":"2026-10-05T16:40:20Z"}
{"level":"info","msg":"{\"ev\":\"accepted\",\"id\":\"8f8d2bad-b23a-4d0a-a316-69062432319b\",\"t\":1791218421582}","source":"console","time":"2026-10-05T16:40:21Z"}
{"level":"info","msg":"{\"ev\":\"accepted\",\"id\":\"b06e3853-a61e-4c4c-9cc2-9139d40d86a5\",\"t\":1791218422347}","source":"console","time":"2026-10-05T16:40:22Z"}
{"level":"info","msg":"{\"ev\":\"accepted\",\"id\":\"cc5ef721-fc11-464f-aea0-f52d91acdf88\",\"t\":1791218423124}","source":"console","time":"2026-10-05T16:40:23Z"}
{"level":"info","msg":"{\"ev\":\"accepted\",\"id\":\"e14df356-7ece-4a95-b531-968104b4865c\",\"t\":1791218423878}","source":"console","time":"2026-10-05T16:40:23Z"}
{"level":"info","msg":"{\"ev\":\"accepted\",\"id\":\"d314c54b-62ed-4c8b-8187-5269505cb2a4\",\"t\":1791218424646}","source":"console","time":"2026-10-05T16:40:24Z"}
{"level":"info","msg":"{\"ev\":\"accepted\",\"id\":\"8486ed9c-e61e-4101-8fff-24291da7a52b\",\"t\":1791218425422}","source":"console","time":"2026-10-05T16:40:25Z"}
{"level":"info","msg":"{\"ev\":\"accepted\",\"id\":\"410d7dc9-71aa-4b0e-9134-9cd16c1d0a14\",\"t\":1791218426194}","source":"console","time":"2026-10-05T16:40:26Z"}
{"level":"info","msg":"{\"ev\":\"accepted\",\"id\":\"c0588454-750a-465b-ba40-a12cb2f7ba68\",\"t\":1791218426955}","source":"console","time":"2026-10-05T16:40:26Z"}
{"level":"info","msg":"{\"ev\":\"accepted\",\"id\":\"2e1ba682-91c5-487c-acb3-670ecf900de9\",\"t\":1791218427724}","source":"console","time":"2026-10-05T16:40:27Z"}
{"level":"info","msg":"{\"ev\":\"accepted\",\"id\":\"52dd893c-2dd1-460c-abda-b4823573d000\",\"t\":1791218428500}","source":"console","time":"2026-10-05T16:40:28Z"}
{"level":"info","msg":"{\"ev\":\"accepted\",\"id\":\"141eef31-8004-4e6b-8b60-2dc1e9c6dcd4\",\"t\":1791218429272}","source":"console","time":"2026-10-05T16:40:29Z"}
{"level":"info","msg":"{\"ev\":\"accepted\",\"id\":\"1b9ec9cb-67fb-43b6-a910-5df69dd34a1b\",\"t\":1791218430039}","source":"console","time":"2026-10-05T16:40:30Z"}
{"level":"info","msg":"{\"ev\":\"accepted\",\"id\":\"392dd1dc-ce6f-4084-bfb4-7fed90bb6048\",\"t\":1791218430817}","source":"console","time":"2026-10-05T16:40:30Z"}
{"level":"info","msg":"{\"ev\":\"accepted\",\"id\":\"15245a72-acf0-4ef1-92fc-7852d506a8ba\",\"t\":1791218431575}","source":"console","time":"2026-10-05T16:40:31Z"}
{"level":"info","msg":"{\"ev\":\"accepted\",\"id\":\"f9b148e9-83a2-4dcb-8df4-a4394e7d5dd7\",\"t\":1791218432351}","source":"console","time":"2026-10-05T16:40:32Z"}
{"level":"info","msg":"{\"ev\":\"accepted\",\"id\":\"264c8dd2-e74c-419a-a684-cb86e95cf823\",\"t\":1791218433112}","source":"console","time":"2026-10-05T16:40:33Z"}
{"level":"info","msg":"{\"ev\":\"accepted\",\"id\":\"34a7f76f-3335-4ed6-8f09-f4e10187f72c\",\"t\":1791218433883}","source":"console","time":"2026-10-05T16:40:33Z"}
{"level":"info","msg":"{\"ev\":\"accepted\",\"id\":\"df619d83-9b05-4365-8ac3-f960cf47f6f2\",\"t\":1791218434651}","source":"console","time":"2026-10-05T16:40:34Z"}
{"level":"info","msg":"{\"ev\":\"accepted\",\"id\":\"02cabf73-a3da-44b7-8bbc-f2196184ee30\",\"t\":1791218435416}","source":"console","time":"2026-10-05T16:40:35Z"}
{"level":"info","msg":"{\"ev\":\"accepted\",\"id\":\"82e29651-d098-4c10-891e-7020bac33a3b\",\"t\":1791218436195}","source":"console","time":"2026-10-05T16:40:36Z"}
{"level":"info","msg":"{\"ev\":\"accepted\",\"id\":\"cd5412a9-383f-4ef5-9bd7-4dbd082ca9d4\",\"t\":1791218436961}","source":"console","time":"2026-10-05T16:40:36Z"}
{"level":"info","msg":"{\"ev\":\"accepted\",\"id\":\"5bae4437-839b-4db3-9931-135776bc4878\",\"t\":1791218437736}","source":"console","time":"2026-10-05T16:40:37Z"}
{"level":"info","msg":"{\"ev\":\"accepted\",\"id\":\"7af100fd-ce25-4d30-b6db-a6d8c334f5ac\",\"t\":1791218438497}","source":"console","time":"2026-10-05T16:40:38Z"}
{"level":"info","msg":"{\"ev\":\"accepted\",\"id\":\"d507eebb-db7b-42d4-92ea-6cfba796248e\",\"t\":1791218439274}","source":"console","time":"2026-10-05T16:40:39Z"}
{"level":"info","msg":"{\"ev\":\"accepted\",\"id\":\"9d12fa37-670c-4d49-a2b6-f4678b3361a1\",\"t\":1791218440045}","source":"console","time":"2026-10-05T16:40:40Z"}
{"level":"info","msg":"{\"ev\":\"accepted\",\"id\":\"9f9ff86c-3f94-41c3-8c07-b05d19d7b51e\",\"t\":1791218440813}","source":"console","time":"2026-10-05T16:40:40Z"}
{"level":"info","msg":"{\"ev\":\"accepted\",\"id\":\"c55672e2-90e1-4f49-bcf9-6f93bdf26905\",\"t\":1791218441566}","source":"console","time":"2026-10-05T16:40:41Z"}
{"level":"info","msg":"{\"ev\":\"accepted\",\"id\":\"57b81660-2b6a-43d1-b265-667be7af317c\",\"t\":1791218442296}","source":"console","time":"2026-10-05T16:40:42Z"}
{"level":"info","msg":"{\"ev\":\"accepted\",\"id\":\"331c34e7-0a4a-4d8a-88a8-5857dcb699d9\",\"t\":1791218442987}","source":"console","time":"2026-10-05T16:40:42Z"}
{"level":"info","msg":"{\"ev\":\"accepted\",\"id\":\"744b8566-1ed0-4649-b859-a809428a1edc\",\"t\":1791218443660}","source":"console","time":"2026-10-05T16:40:43Z"}
{"level":"info","msg":"{\"ev\":\"accepted\",\"id\":\"394274a4-6193-4aa2-87fc-e4fe5a2ea557\",\"t\":1791218444311}","source":"console","time":"2026-10-05T16:40:44Z"}
{"level":"info","msg":"{\"ev\":\"accepted\",\"id\":\"ed7ec701-4b50-4089-965a-e1228936a093\",\"t\":1791218444941}","source":"console","time":"2026-10-05T16:40:44Z"}
{"level":"info","msg":"{\"ev\":\"accepted\",\"id\":\"709e67fb-199d-4488-bb8c-e79432b6d3a6\",\"t\":1791218445548}","source":"console","time":"2026-10-05T16:40:45Z"}
{"level":"info","msg":"{\"ev\":\"accepted\",\"id\":\"1211f340-8a67-416f-a91b-4c9b7a8f60c8\",\"t\":1791218446142}","source":"console","time":"2026-10-05T16:40:46Z"}
{"level":"info","msg":"{\"ev\":\"accepted\",\"id\":\"63217cc4-6f85-4766-8270-2760e667efc0\",\"t\":1791218446729}","source":"console","time":"2026-10-05T16:40:46Z"}
{"level":"info","msg":"{\"ev\":\"accepted\",\"id\":\"94402dbd-2092-4dc9-8f71-8bab4a500631\",\"t\":1791218447318}","source":"console","time":"2026-10-05T16:40:47Z"}
{"level":"info","msg":"{\"ev\":\"accepted\",\"id\":\"55913994-be03-49aa-8a23-87a2aba6de68\",\"t\":1791218447910}","source":"console","time":"2026-10-05T16:40:47Z"}
{"level":"info","msg":"{\"ev\":\"accepted\",\"id\":\"f823aa35-734a-45b3-8131-0ff228bc27db\",\"t\":1791218448494}","source":"console","time":"2026-10-05T16:40:48Z"}
{"level":"info","msg":"{\"ev\":\"accepted\",\"id\":\"c3f972e8-9f0d-42b5-a295-b5d3d7275eb3\",\"t\":1791218449081}","source":"console","time":"2026-10-05T16:40:49Z"}
{"level":"info","msg":"{\"ev\":\"accepted\",\"id\":\"541ccdd0-7670-4d11-aca3-f6a5b5ebeed6\",\"t\":1791218449675}","source":"console","time":"2026-10-05T16:40:49Z"}
{"level":"info","msg":"{\"ev\":\"accepted\",\"id\":\"75d78e07-c003-41fd-b9bd-cb7fb52df6e5\",\"t\":1791218450268}","source":"console","time":"2026-10-05T16:40:50Z"}
{"level":"info","msg":"{\"ev\":\"accepted\",\"id\":\"3fb81cdd-502d-4319-8a95-064405ce4875\",\"t\":1791218450849}","source":"console","time":"2026-10-05T16:40:50Z"}
{"level":"info","msg":"{\"ev\":\"accepted\",\"id\":\"59e32e19-6c17-431a-9229-e74a91e916af\",\"t\":1791218451434}","source":"console","time":"2026-10-05T16:40:51Z"}
{"level":"info","msg":"{\"ev\":\"accepted\",\"id\":\"9c03c4b3-b180-4d2b-a39a-4ed7b80ecf7b\",\"t\":1791218452038}","source":"console","time":"2026-10-05T16:40:52Z"}
{"level":"info","msg":"{\"ev\":\"accepted\",\"id\":\"4b0d514d-7586-42a3-9ed3-68436a119869\",\"t\":1791218452612}","source":"console","time":"2026-10-05T16:40:52Z"}
{"level":"info","msg":"{\"ev\":\"accepted\",\"id\":\"50d177fe-5ff5-410b-8e75-2a9c5a2f8b09\",\"t\":1791218453200}","source":"console","time":"2026-10-05T16:40:53Z"}
{"level":"info","msg":"{\"ev\":\"accepted\",\"id\":\"752e971e-4eae-4595-b571-2f0d92ea92fa\",\"t\":1791218453804}","source":"console","time":"2026-10-05T16:40:53Z"}
{"level":"info","msg":"{\"ev\":\"accepted\",\"id\":\"266cb564-8234-492e-aa77-1aa8ea8ef7a6\",\"t\":1791218454376}","source":"console","time":"2026-10-05T16:40:54Z"}
{"level":"info","msg":"{\"ev\":\"accepted\",\"id\":\"5a72428f-57e0-4a97-8f9d-1aff4d93cc76\",\"t\":1791218454967}","source":"console","time":"2026-10-05T16:40:54Z"}
{"level":"info","msg":"{\"ev\":\"accepted\",\"id\":\"74a83916-88c6-4963-8358-b1a0fe155de4\",\"t\":1791218455558}","source":"console","time":"2026-10-05T16:40:55Z"}
{"level":"info","msg":"{\"ev\":\"accepted\",\"id\":\"af6178af-3009-4ea0-922b-77df260c0ce8\",\"t\":1791218456148}","source":"console","time":"2026-10-05T16:40:56Z"}
{"level":"info","msg":"{\"ev\":\"accepted\",\"id\":\"1d277ed4-35bf-42db-92f9-978bd99833d4\",\"t\":1791218456736}","source":"console","time":"2026-10-05T16:40:56Z"}
{"level":"info","msg":"{\"ev\":\"accepted\",\"id\":\"67606704-2393-454e-8490-af79fc905da6\",\"t\":1791218457322}","source":"console","time":"2026-10-05T16:40:57Z"}
{"level":"info","msg":"{\"ev\":\"accepted\",\"id\":\"6dad2675-8b4d-40c8-995f-b0827df7fdc2\",\"t\":1791218457914}","source":"console","time":"2026-10-05T16:40:57Z"}
{"level":"info","msg":"{\"ev\":\"accepted\",\"id\":\"be3a740a-0de2-40c0-8dfe-4336a8b2b8cf\",\"t\":1791218458501}","source":"console","time":"2026-10-05T16:40:58Z"}
{"level":"info","msg":"{\"ev\":\"accepted\",\"id\":\"80018e26-659a-45aa-857a-88153cdc69d3\",\"t\":1791218459084}","source":"console","time":"2026-10-05T16:40:59Z"}
{"level":"info","msg":"{\"ev\":\"accepted\",\"id\":\"5ef9ea28-733b-4059-ad97-4b504ad29b57\",\"t\":1791218459672}","source":"console","time":"2026-10-05T16:40:59Z"}
{"level":"info","msg":"{\"ev\":\"accepted\",\"id\":\"548b4171-a06f-4929-b664-32925d9b0611\",\"t\":1791218460263}","source":"console","time":"2026-10-05T16:41:00Z"}
{"level":"info","msg":"{\"ev\":\"accepted\",\"id\":\"b9c037f4-6c63-40ee-9f23-3fa144d25f9d\",\"t\":1791218460847}","source":"console","time":"2026-10-05T16:41:00Z"}
{"level":"info","msg":"{\"ev\":\"accepted\",\"id\":\"9494db94-c1d7-47a6-8274-ecf9c014d931\",\"t\":1791218461438}","source":"console","time":"2026-10-05T16:41:01Z"}
{"level":"info","msg":"{\"ev\":\"accepted\",\"id\":\"d46ee0fe-436a-4d13-8400-302523f51c76\",\"t\":1791218462027}","source":"console","time":"2026-10-05T16:41:02Z"}
{"level":"info","msg":"{\"ev\":\"accepted\",\"id\":\"d7124de3-d711-47c1-96d5-dbb5f2ce2dc9\",\"t\":1791218462614}","source":"console","time":"2026-10-05T16:41:02Z"}
{"level":"info","msg":"{\"ev\":\"accepted\",\"id\":\"4f6d97a2-78c3-4273-92f8-93fd98485efb\",\"t\":1791218463203}","source":"console","time":"2026-10-05T16:41:03Z"}
{"level":"info","msg":"{\"ev\":\"accepted\",\"id\":\"b99a3e70-4648-4a86-8ad8-354b46f5112e\",\"t\":1791218463792}","source":"console","time":"2026-10-05T16:41:03Z"}
{"level":"info","msg":"{\"ev\":\"accepted\",\"id\":\"ebb7516c-0648-437a-97c3-a83aa460689c\",\"t\":1791218464385}","source":"console","time":"2026-10-05T16:41:04Z"}
{"level":"info","msg":"{\"ev\":\"accepted\",\"id\":\"11dfbf6b-e425-4018-b6a6-f5c8ca5ece16\",\"t\":1791218464966}","source":"console","time":"2026-10-05T16:41:04Z"}
{"level":"info","msg":"{\"ev\":\"accepted\",\"id\":\"0065e126-08e0-4cd9-92b1-c00cbe3fef82\",\"t\":1791218465552}","source":"console","time":"2026-10-05T16:41:05Z"}
{"level":"info","msg":"{\"ev\":\"accepted\",\"id\":\"a330c052-fb45-44b8-b00e-4beaa2bc88fa\",\"t\":1791218466145}","source":"console","time":"2026-10-05T16:41:06Z"}
{"level":"info","msg":"{\"ev\":\"accepted\",\"id\":\"fa012525-9dac-460a-adab-e463c0a07477\",\"t\":1791218466742}","source":"console","time":"2026-10-05T16:41:06Z"}
{"level":"info","msg":"{\"ev\":\"accepted\",\"id\":\"647fba1e-5796-4f50-b29c-3bb9f7f2c8ed\",\"t\":1791218467319}","source":"console","time":"2026-10-05T16:41:07Z"}
{"level":"info","msg":"{\"ev\":\"accepted\",\"id\":\"a1e08f2d-1c47-46e0-9b2d-da97f5b85512\",\"t\":1791218467907}","source":"console","time":"2026-10-05T16:41:07Z"}
{"level":"info","msg":"{\"ev\":\"accepted\",\"id\":\"13b13164-e83b-42b4-a5c0-0c67488fad18\",\"t\":1791218468499}","source":"console","time":"2026-10-05T16:41:08Z"}
{"level":"info","msg":"{\"ev\":\"accepted\",\"id\":\"60e3ad36-be85-4173-9ca3-5908f9a7eb12\",\"t\":1791218469086}","source":"console","time":"2026-10-05T16:41:09Z"}
{"level":"info","msg":"{\"ev\":\"accepted\",\"id\":\"31cdde91-8117-4319-9b1c-9e56d1301403\",\"t\":1791218469676}","source":"console","time":"2026-10-05T16:41:09Z"}
{"level":"info","msg":"{\"ev\":\"accepted\",\"id\":\"eb0a59b0-1029-49f6-8acc-bbb75029bf91\",\"t\":1791218470263}","source":"console","time":"2026-10-05T16:41:10Z"}
{"level":"info","msg":"{\"ev\":\"accepted\",\"id\":\"457ce49b-6677-4827-a6dc-d5d19e8baf2e\",\"t\":1791218470852}","source":"console","time":"2026-10-05T16:41:10Z"}
{"level":"info","msg":"{\"ev\":\"accepted\",\"id\":\"18443e63-285b-4676-8c5c-b87e37753693\",\"t\":1791218471438}","source":"console","time":"2026-10-05T16:41:11Z"}
{"level":"info","msg":"{\"ev\":\"accepted\",\"id\":\"2a425e1d-6b53-46d7-9e58-ff0ad4f9561b\",\"t\":1791218472030}","source":"console","time":"2026-10-05T16:41:12Z"}
{"level":"info","msg":"{\"ev\":\"accepted\",\"id\":\"94934c87-6656-4283-911b-bf3ebf9aa695\",\"t\":1791218472621}","source":"console","time":"2026-10-05T16:41:12Z"}
{"level":"info","msg":"{\"ev\":\"accepted\",\"id\":\"f411e488-dcf8-43e3-a135-daa1472ba483\",\"t\":1791218473205}","source":"console","time":"2026-10-05T16:41:13Z"}
{"level":"info","msg":"{\"ev\":\"accepted\",\"id\":\"e848db3c-bde3-485e-b49f-2f759d4d3d9e\",\"t\":1791218473788}","source":"console","time":"2026-10-05T16:41:13Z"}
{"level":"info","msg":"{\"ev\":\"accepted\",\"id\":\"fda22c09-ccd0-4f98-93cd-73271c16c459\",\"t\":1791218474381}","source":"console","time":"2026-10-05T16:41:14Z"}
{"level":"info","msg":"{\"ev\":\"accepted\",\"id\":\"d8a7f792-f019-48b9-a2fa-e69765974b28\",\"t\":1791218474968}","source":"console","time":"2026-10-05T16:41:14Z"}
{"level":"info","msg":"{\"ev\":\"accepted\",\"id\":\"be11b4ef-88b6-422e-9268-e7dfccc9db90\",\"t\":1791218475560}","source":"console","time":"2026-10-05T16:41:15Z"}
{"level":"info","msg":"{\"ev\":\"accepted\",\"id\":\"2f918a07-c281-4162-99df-52f2a4447d4a\",\"t\":1791218476141}","source":"console","time":"2026-10-05T16:41:16Z"}
{"level":"info","msg":"{\"ev\":\"accepted\",\"id\":\"9144dc20-d213-48fb-8abc-744301695dbe\",\"t\":1791218476733}","source":"console","time":"2026-10-05T16:41:16Z"}
{"level":"info","msg":"{\"ev\":\"accepted\",\"id\":\"6bb14f48-0827-43e2-a60a-f9ab75cf4fe0\",\"t\":1791218477335}","source":"console","time":"2026-10-05T16:41:17Z"}
{"level":"info","msg":"{\"ev\":\"accepted\",\"id\":\"21bc863f-2dc9-479a-bf24-8ffc58a6f1db\",\"t\":1791218477909}","source":"console","time":"2026-10-05T16:41:17Z"}
{"level":"info","msg":"{\"ev\":\"accepted\",\"id\":\"0ed71a51-5247-4afa-9b84-bedbfff3a841\",\"t\":1791218478496}","source":"console","time":"2026-10-05T16:41:18Z"}
{"level":"info","msg":"{\"ev\":\"accepted\",\"id\":\"8a106189-8ae9-444b-b093-65d014699d51\",\"t\":1791218479084}","source":"console","time":"2026-10-05T16:41:19Z"}
{"level":"info","msg":"{\"ev\":\"accepted\",\"id\":\"7ff7ff03-1e14-46d1-b3a1-ba62443dec20\",\"t\":1791218479697}","source":"console","time":"2026-10-05T16:41:19Z"}
{"level":"info","msg":"{\"ev\":\"accepted\",\"id\":\"e28b0de4-70e1-49d0-9874-210ba9a69cd4\",\"t\":1791218480266}","source":"console","time":"2026-10-05T16:41:20Z"}
{"level":"info","msg":"{\"ev\":\"accepted\",\"id\":\"240d76f1-a538-4878-9274-a58f4068f809\",\"t\":1791218480847}","source":"console","time":"2026-10-05T16:41:20Z"}
{"level":"info","msg":"{\"ev\":\"accepted\",\"id\":\"bc10c59c-fb4f-487b-be20-e869f2f5e379\",\"t\":1791218481444}","source":"console","time":"2026-10-05T16:41:21Z"}
{"level":"info","msg":"{\"ev\":\"accepted\",\"id\":\"c6eca692-a2c4-4670-9f97-1cb6221f9e72\",\"t\":1791218482022}","source":"console","time":"2026-10-05T16:41:22Z"}
{"level":"info","msg":"{\"ev\":\"accepted\",\"id\":\"22046a46-02a3-4ed9-a6c1-cfcba93d5513\",\"t\":1791218482616}","source":"console","time":"2026-10-05T16:41:22Z"}
{"level":"info","msg":"{\"ev\":\"accepted\",\"id\":\"d0b36dfe-3595-46be-807d-f897ebd6d397\",\"t\":1791218483204}","source":"console","time":"2026-10-05T16:41:23Z"}
{"level":"info","msg":"{\"ev\":\"accepted\",\"id\":\"f0eb4381-4610-4a3c-9c1c-84063467f748\",\"t\":1791218483788}","source":"console","time":"2026-10-05T16:41:23Z"}
{"level":"info","msg":"{\"ev\":\"accepted\",\"id\":\"d76d7c18-76fb-48b7-8de8-2a2f05e18b61\",\"t\":1791218484382}","source":"console","time":"2026-10-05T16:41:24Z"}
{"level":"info","msg":"{\"ev\":\"accepted\",\"id\":\"c5c72eda-71ed-41ac-a528-ad9cd1ba85a1\",\"t\":1791218484971}","source":"console","time":"2026-10-05T16:41:24Z"}
{"level":"info","msg":"{\"ev\":\"accepted\",\"id\":\"4067b1f0-40cd-4f21-b19b-21387f71434a\",\"t\":1791218485554}","source":"console","time":"2026-10-05T16:41:25Z"}
{"level":"info","msg":"{\"ev\":\"accepted\",\"id\":\"27c87c7d-64f3-4c73-998f-495ce3c047a6\",\"t\":1791218486145}","source":"console","time":"2026-10-05T16:41:26Z"}
{"level":"info","msg":"{\"ev\":\"accepted\",\"id\":\"6818836e-b03b-4c2c-965c-d4ed475ad3bb\",\"t\":1791218486731}","source":"console","time":"2026-10-05T16:41:26Z"}
{"level":"info","msg":"{\"ev\":\"accepted\",\"id\":\"f16f2957-7457-4265-b5fb-c3744254fa01\",\"t\":1791218487317}","source":"console","time":"2026-10-05T16:41:27Z"}
{"level":"info","msg":"{\"ev\":\"accepted\",\"id\":\"0b4a0a3d-59e2-4d7a-b05e-4243661557a3\",\"t\":1791218487906}","source":"console","time":"2026-10-05T16:41:27Z"}
{"level":"info","msg":"{\"ev\":\"accepted\",\"id\":\"086bff32-8ccc-4ff8-8ca2-9fe9d98ad5f2\",\"t\":1791218488494}","source":"console","time":"2026-10-05T16:41:28Z"}
{"level":"info","msg":"{\"ev\":\"accepted\",\"id\":\"adf0ee49-2223-435d-ab6c-2f726f809012\",\"t\":1791218489097}","source":"console","time":"2026-10-05T16:41:29Z"}
{"level":"info","msg":"{\"ev\":\"accepted\",\"id\":\"20045de2-aa55-4ac6-8f4b-097fca24fb96\",\"t\":1791218489671}","source":"console","time":"2026-10-05T16:41:29Z"}
{"level":"info","msg":"{\"ev\":\"accepted\",\"id\":\"d3ae2c2f-f3e3-4a6a-9b08-7bef94898394\",\"t\":1791218490264}","source":"console","time":"2026-10-05T16:41:30Z"}
{"level":"info","msg":"{\"ev\":\"accepted\",\"id\":\"297bec6a-7689-4f15-9f34-134d7fcfddd7\",\"t\":1791218490859}","source":"console","time":"2026-10-05T16:41:30Z"}
{"level":"info","msg":"{\"ev\":\"accepted\",\"id\":\"60d26da7-c4be-4797-9717-9a57f4b55e85\",\"t\":1791218491451}","source":"console","time":"2026-10-05T16:41:31Z"}
{"level":"info","msg":"{\"ev\":\"accepted\",\"id\":\"28b810c8-7e38-4790-956b-f4f45b4c9308\",\"t\":1791218492051}","source":"console","time":"2026-10-05T16:41:32Z"}
{"level":"info","msg":"{\"ev\":\"accepted\",\"id\":\"ddcd535a-06bc-4129-ab55-2bc678512f2a\",\"t\":1791218492618}","source":"console","time":"2026-10-05T16:41:32Z"}
{"level":"info","msg":"{\"ev\":\"accepted\",\"id\":\"c65c55cc-efe3-405b-866e-629524f74b38\",\"t\":1791218493200}","source":"console","time":"2026-10-05T16:41:33Z"}
{"level":"info","msg":"{\"ev\":\"accepted\",\"id\":\"16e7c2c9-d5f7-466e-b622-4a9d462d4f15\",\"t\":1791218493788}","source":"console","time":"2026-10-05T16:41:33Z"}
{"level":"info","msg":"{\"ev\":\"accepted\",\"id\":\"2e9b1dec-4580-4c49-8dd0-d5ce517a3f87\",\"t\":1791218494376}","source":"console","time":"2026-10-05T16:41:34Z"}
{"level":"info","msg":"{\"ev\":\"accepted\",\"id\":\"e8d93460-68d6-47cd-995b-20f31daf6784\",\"t\":1791218494967}","source":"console","time":"2026-10-05T16:41:34Z"}
{"level":"info","msg":"{\"ev\":\"accepted\",\"id\":\"18798b35-a778-4d9a-a176-51318a2fa0ba\",\"t\":1791218495557}","source":"console","time":"2026-10-05T16:41:35Z"}
{"level":"info","msg":"{\"ev\":\"accepted\",\"id\":\"42a14421-7d54-4815-86c7-4a213e89bac3\",\"t\":1791218496145}","source":"console","time":"2026-10-05T16:41:36Z"}
{"level":"info","msg":"{\"ev\":\"accepted\",\"id\":\"90357e2a-1b1a-4737-bce5-4a6ec07a4348\",\"t\":1791218496752}","source":"console","time":"2026-10-05T16:41:36Z"}
{"level":"info","msg":"{\"ev\":\"accepted\",\"id\":\"4ec8bc87-a097-4277-96b8-2ee78abe4de4\",\"t\":1791218497317}","source":"console","time":"2026-10-05T16:41:37Z"}
{"level":"info","msg":"{\"ev\":\"accepted\",\"id\":\"586b4382-650a-44fb-9e36-6843c3cb0f6d\",\"t\":1791218497907}","source":"console","time":"2026-10-05T16:41:37Z"}
{"level":"info","msg":"{\"ev\":\"accepted\",\"id\":\"4912382d-f423-4922-94e6-184cce4df932\",\"t\":1791218498532}","source":"console","time":"2026-10-05T16:41:38Z"}
{"level":"info","msg":"{\"ev\":\"accepted\",\"id\":\"dc78e1d9-bd28-4613-9b3f-1b476d766b24\",\"t\":1791218499093}","source":"console","time":"2026-10-05T16:41:39Z"}
{"level":"info","msg":"{\"ev\":\"accepted\",\"id\":\"2e3c97b8-0c78-436c-bb9d-f94943275573\",\"t\":1791218499682}","source":"console","time":"2026-10-05T16:41:39Z"}
{"level":"info","msg":"{\"ev\":\"accepted\",\"id\":\"8d5fd6e5-28d8-40c5-9551-50b49ba84a09\",\"t\":1791218500263}","source":"console","time":"2026-10-05T16:41:40Z"}
{"level":"info","msg":"{\"ev\":\"accepted\",\"id\":\"7d3b5ac4-b1f4-45cd-97be-5eb0eacb6453\",\"t\":1791218500847}","source":"console","time":"2026-10-05T16:41:40Z"}
{"level":"info","msg":"{\"ev\":\"accepted\",\"id\":\"2015e1a7-2de0-48f5-82bc-c5a94da186ac\",\"t\":1791218501438}","source":"console","time":"2026-10-05T16:41:41Z"}
{"level":"info","msg":"{\"ev\":\"accepted\",\"id\":\"f09ab9e4-3a4e-4238-90e4-190443e16213\",\"t\":1791218502041}","source":"console","time":"2026-10-05T16:41:42Z"}
{"level":"info","msg":"{\"ev\":\"accepted\",\"id\":\"dd6c5572-5d8a-4b53-bfb3-caa6afe5cb84\",\"t\":1791218502621}","source":"console","time":"2026-10-05T16:41:42Z"}
{"level":"info","msg":"{\"ev\":\"accepted\",\"id\":\"e37976f0-0bd0-4f85-9fdf-d53c9f305796\",\"t\":1791218503217}","source":"console","time":"2026-10-05T16:41:43Z"}
{"level":"info","msg":"{\"ev\":\"accepted\",\"id\":\"3b4356b4-6a2a-45e4-8084-ad9e77af0977\",\"t\":1791218503792}","source":"console","time":"2026-10-05T16:41:43Z"}
{"level":"info","msg":"{\"ev\":\"accepted\",\"id\":\"cd1574cd-5686-428a-a7ff-bfdbe2c73b5e\",\"t\":1791218504389}","source":"console","time":"2026-10-05T16:41:44Z"}
{"level":"info","msg":"{\"ev\":\"accepted\",\"id\":\"547ca104-9577-4786-8e07-3a9af22a26e2\",\"t\":1791218504969}","source":"console","time":"2026-10-05T16:41:44Z"}
{"level":"info","msg":"{\"ev\":\"accepted\",\"id\":\"145cd444-d875-43b8-afc6-cc3839ee8a49\",\"t\":1791218505560}","source":"console","time":"2026-10-05T16:41:45Z"}
{"level":"info","msg":"{\"ev\":\"accepted\",\"id\":\"d5b05470-923c-4ca4-8c0f-3f2ea2bc066c\",\"t\":1791218506143}","source":"console","time":"2026-10-05T16:41:46Z"}
{"level":"info","msg":"{\"ev\":\"accepted\",\"id\":\"7070861e-ea89-40b2-83cc-478d160c0314\",\"t\":1791218506736}","source":"console","time":"2026-10-05T16:41:46Z"}
{"level":"info","msg":"{\"ev\":\"accepted\",\"id\":\"65ef12a5-6413-49fc-bab9-8be21ace79e5\",\"t\":1791218507318}","source":"console","time":"2026-10-05T16:41:47Z"}
{"level":"info","msg":"{\"ev\":\"accepted\",\"id\":\"aeeceb46-aab1-4f96-b167-dc35dd717917\",\"t\":1791218507911}","source":"console","time":"2026-10-05T16:41:47Z"}
{"level":"info","msg":"{\"ev\":\"accepted\",\"id\":\"47431c1c-6d81-4893-bf15-ae1ea76f334f\",\"t\":1791218508494}","source":"console","time":"2026-10-05T16:41:48Z"}
{"level":"info","msg":"{\"ev\":\"accepted\",\"id\":\"6ee12027-394f-4952-9200-a3f4518b8941\",\"t\":1791218509082}","source":"console","time":"2026-10-05T16:41:49Z"}
{"level":"info","msg":"{\"ev\":\"accepted\",\"id\":\"0276df0e-6b4f-42b3-b2bd-b35f50498101\",\"t\":1791218509671}","source":"console","time":"2026-10-05T16:41:49Z"}
{"level":"info","msg":"{\"ev\":\"accepted\",\"id\":\"dc684a71-ddb3-476e-8a3d-006480fc32dd\",\"t\":1791218510263}","source":"console","time":"2026-10-05T16:41:50Z"}
{"level":"info","msg":"{\"ev\":\"accepted\",\"id\":\"1bbcfbe5-a590-4611-8b89-3df795b13c91\",\"t\":1791218510854}","source":"console","time":"2026-10-05T16:41:50Z"}
{"level":"info","msg":"{\"ev\":\"accepted\",\"id\":\"c228f24a-aae6-4082-b7e4-e7bfe2cbf671\",\"t\":1791218511438}","source":"console","time":"2026-10-05T16:41:51Z"}
{"level":"info","msg":"{\"ev\":\"accepted\",\"id\":\"85105e5d-1cc7-47c7-aa64-a16d6d789b38\",\"t\":1791218512027}","source":"console","time":"2026-10-05T16:41:52Z"}
{"level":"info","msg":"{\"ev\":\"accepted\",\"id\":\"501609c8-d32e-43b0-943a-e7f0a81457a2\",\"t\":1791218512617}","source":"console","time":"2026-10-05T16:41:52Z"}
{"level":"info","msg":"{\"ev\":\"accepted\",\"id\":\"f4acf046-6042-4b49-bc68-b380b0e6f852\",\"t\":1791218513199}","source":"console","time":"2026-10-05T16:41:53Z"}
{"level":"info","msg":"{\"ev\":\"accepted\",\"id\":\"33c72f07-f5bb-4fa7-9ae9-3dfe219592b9\",\"t\":1791218513793}","source":"console","time":"2026-10-05T16:41:53Z"}
{"level":"info","msg":"{\"ev\":\"accepted\",\"id\":\"a1734d1b-3157-4c70-8834-ef5d175b5bba\",\"t\":1791218514378}","source":"console","time":"2026-10-05T16:41:54Z"}
{"level":"info","msg":"{\"ev\":\"accepted\",\"id\":\"b13763ce-c88a-4dec-8b69-5def11b13415\",\"t\":1791218514984}","source":"console","time":"2026-10-05T16:41:54Z"}
{"level":"info","msg":"{\"ev\":\"accepted\",\"id\":\"e47adfae-8ce4-4dab-9fe2-3d7bb11b70e4\",\"t\":1791218515572}","source":"console","time":"2026-10-05T16:41:55Z"}
{"level":"info","msg":"{\"ev\":\"accepted\",\"id\":\"1ae52e6c-fd74-4ee5-b4e8-aee06e6a1436\",\"t\":1791218516146}","source":"console","time":"2026-10-05T16:41:56Z"}
{"level":"info","msg":"{\"ev\":\"accepted\",\"id\":\"5d481abd-fb3c-4793-b86d-b7877b603b06\",\"t\":1791218516731}","source":"console","time":"2026-10-05T16:41:56Z"}
{"level":"info","msg":"{\"ev\":\"accepted\",\"id\":\"79ebcb63-79f2-41b5-a97d-bc89b5ce043b\",\"t\":1791218517326}","source":"console","time":"2026-10-05T16:41:57Z"}
{"level":"info","msg":"{\"ev\":\"accepted\",\"id\":\"1eedcc17-2459-4c6e-a8b9-9fbd1a33d44b\",\"t\":1791218517911}","source":"console","time":"2026-10-05T16:41:57Z"}
{"level":"info","msg":"{\"ev\":\"accepted\",\"id\":\"1164bb69-6629-4fdd-a775-dad32ec53f62\",\"t\":1791218518494}","source":"console","time":"2026-10-05T16:41:58Z"}
{"level":"info","msg":"{\"ev\":\"accepted\",\"id\":\"ef1858d4-4179-4e57-b984-b462788def6a\",\"t\":1791218519088}","source":"console","time":"2026-10-05T16:41:59Z"}
{"level":"info","msg":"{\"ev\":\"accepted\",\"id\":\"fb88ec9f-d945-49f2-8f7b-ce9a5bea6d3d\",\"t\":1791218519677}","source":"console","time":"2026-10-05T16:41:59Z"}
{"level":"info","msg":"{\"ev\":\"accepted\",\"id\":\"248a5218-6be8-44a5-8c48-32c622c5fccc\",\"t\":1791218520262}","source":"console","time":"2026-10-05T16:42:00Z"}
{"level":"info","msg":"{\"ev\":\"accepted\",\"id\":\"0a865813-f820-4947-81d5-b0af9ffe6d75\",\"t\":1791218520857}","source":"console","time":"2026-10-05T16:42:00Z"}
{"level":"info","msg":"{\"ev\":\"accepted\",\"id\":\"2118a409-ea14-41ce-889c-7c6e5d3adce1\",\"t\":1791218521435}","source":"console","time":"2026-10-05T16:42:01Z"}
{"level":"info","msg":"{\"ev\":\"accepted\",\"id\":\"944d4f95-85e0-4997-b10a-2c129e30ff50\",\"t\":1791218522023}","source":"console","time":"2026-10-05T16:42:02Z"}
{"level":"info","msg":"{\"ev\":\"accepted\",\"id\":\"8a03a8a5-6d99-4d56-b36e-65329393686e\",\"t\":1791218522612}","source":"console","time":"2026-10-05T16:42:02Z"}
{"level":"info","msg":"{\"ev\":\"accepted\",\"id\":\"5adb31ba-9e80-4ff0-a3e7-66dd0d22a3f2\",\"t\":1791218523206}","source":"console","time":"2026-10-05T16:42:03Z"}
{"level":"info","msg":"{\"ev\":\"accepted\",\"id\":\"b343122a-7404-493b-a213-6e7de727770c\",\"t\":1791218523792}","source":"console","time":"2026-10-05T16:42:03Z"}
{"level":"info","msg":"{\"ev\":\"accepted\",\"id\":\"ca1e047b-5dbc-4cb1-9000-75efa55d3864\",\"t\":1791218524377}","source":"console","time":"2026-10-05T16:42:04Z"}
{"level":"info","msg":"{\"ev\":\"accepted\",\"id\":\"14b71c36-1997-4335-a65a-0b699738e2e1\",\"t\":1791218524968}","source":"console","time":"2026-10-05T16:42:04Z"}
{"level":"info","msg":"{\"ev\":\"accepted\",\"id\":\"94662a83-3789-4b82-bffe-268095b31040\",\"t\":1791218525561}","source":"console","time":"2026-10-05T16:42:05Z"}
{"level":"info","msg":"{\"ev\":\"accepted\",\"id\":\"e907d2b1-47b1-47d1-b9aa-453be81986c3\",\"t\":1791218526143}","source":"console","time":"2026-10-05T16:42:06Z"}
{"level":"info","msg":"{\"ev\":\"accepted\",\"id\":\"a40eb9f7-f928-4e41-9e3b-dd4620a8a66b\",\"t\":1791218526758}","source":"console","time":"2026-10-05T16:42:06Z"}
{"level":"info","msg":"{\"ev\":\"accepted\",\"id\":\"2fcaaeeb-7249-4330-8ca7-2bbe79225561\",\"t\":1791218527321}","source":"console","time":"2026-10-05T16:42:07Z"}
{"level":"info","msg":"{\"ev\":\"accepted\",\"id\":\"39ea3108-c463-4c80-b5bb-37a81427d66a\",\"t\":1791218527909}","source":"console","time":"2026-10-05T16:42:07Z"}
{"level":"info","msg":"{\"ev\":\"accepted\",\"id\":\"8b54535a-0084-457b-aa01-c8707ab4aad5\",\"t\":1791218528493}","source":"console","time":"2026-10-05T16:42:08Z"}
{"level":"info","msg":"{\"ev\":\"accepted\",\"id\":\"4072052b-8b6c-4443-b308-955341e7d476\",\"t\":1791218529088}","source":"console","time":"2026-10-05T16:42:09Z"}
{"level":"info","msg":"{\"ev\":\"accepted\",\"id\":\"563ebda1-a1c9-4f45-94ae-ef4659c0096a\",\"t\":1791218529673}","source":"console","time":"2026-10-05T16:42:09Z"}
{"level":"info","msg":"{\"ev\":\"accepted\",\"id\":\"d85db70f-675a-4c42-88e3-aac9060632a7\",\"t\":1791218530262}","source":"console","time":"2026-10-05T16:42:10Z"}
{"level":"info","msg":"{\"ev\":\"accepted\",\"id\":\"34039440-32eb-4459-90c8-45f48644e0be\",\"t\":1791218530847}","source":"console","time":"2026-10-05T16:42:10Z"}
{"level":"info","msg":"{\"ev\":\"accepted\",\"id\":\"0b607548-63f7-4226-ae5b-cd963e4f91c8\",\"t\":1791218531440}","source":"console","time":"2026-10-05T16:42:11Z"}
{"level":"info","msg":"{\"ev\":\"accepted\",\"id\":\"762aa459-fe7f-4dde-8725-696a828c93cf\",\"t\":1791218532024}","source":"console","time":"2026-10-05T16:42:12Z"}
{"level":"info","msg":"{\"ev\":\"accepted\",\"id\":\"1deb4d94-fc34-440f-b060-07769a13ee1e\",\"t\":1791218532617}","source":"console","time":"2026-10-05T16:42:12Z"}
{"level":"info","msg":"{\"ev\":\"accepted\",\"id\":\"25d9c0e1-a135-4c45-a188-0639b5320aa3\",\"t\":1791218533201}","source":"console","time":"2026-10-05T16:42:13Z"}
{"level":"info","msg":"{\"ev\":\"accepted\",\"id\":\"4dbe2135-3abb-4f48-89eb-750a7315c829\",\"t\":1791218533792}","source":"console","time":"2026-10-05T16:42:13Z"}
{"level":"info","msg":"{\"ev\":\"accepted\",\"id\":\"93fa535c-228b-454d-b058-fd91821c9aa3\",\"t\":1791218534383}","source":"console","time":"2026-10-05T16:42:14Z"}
{"level":"info","msg":"{\"ev\":\"accepted\",\"id\":\"8f32f5b0-e402-400a-933b-c3d6d9b3281e\",\"t\":1791218534966}","source":"console","time":"2026-10-05T16:42:14Z"}
{"level":"info","msg":"{\"ev\":\"accepted\",\"id\":\"357819af-f0cc-4784-8674-660be84676b5\",\"t\":1791218535558}","source":"console","time":"2026-10-05T16:42:15Z"}
{"level":"info","msg":"{\"ev\":\"accepted\",\"id\":\"e2d7ee2a-0650-4f80-9a59-3de283db631a\",\"t\":1791218536145}","source":"console","time":"2026-10-05T16:42:16Z"}
{"level":"info","msg":"{\"ev\":\"accepted\",\"id\":\"14fec3e1-97bf-4889-89f0-780f8f18fe07\",\"t\":1791218536731}","source":"console","time":"2026-10-05T16:42:16Z"}
{"level":"info","msg":"{\"ev\":\"accepted\",\"id\":\"b63977b2-138b-4670-bdbf-a7a3ef55127b\",\"t\":1791218537317}","source":"console","time":"2026-10-05T16:42:17Z"}
{"level":"info","msg":"{\"ev\":\"accepted\",\"id\":\"f8eb028d-ad97-4a27-8012-f3d617d923e5\",\"t\":1791218537908}","source":"console","time":"2026-10-05T16:42:17Z"}
{"level":"info","msg":"{\"ev\":\"accepted\",\"id\":\"02eb4c43-e6d3-47dc-979e-ae0faacadba3\",\"t\":1791218538508}","source":"console","time":"2026-10-05T16:42:18Z"}
{"level":"info","msg":"{\"ev\":\"accepted\",\"id\":\"6f793bab-2aa4-4ed8-b94c-d4e685f1bc2a\",\"t\":1791218539089}","source":"console","time":"2026-10-05T16:42:19Z"}
{"level":"info","msg":"{\"ev\":\"accepted\",\"id\":\"8c5f1934-cf95-44c8-bfa8-9532b6d7c1eb\",\"t\":1791218539672}","source":"console","time":"2026-10-05T16:42:19Z"}
{"level":"info","msg":"{\"ev\":\"accepted\",\"id\":\"1692f9a7-0c8a-4491-9f5c-4d4f6f171148\",\"t\":1791218540260}","source":"console","time":"2026-10-05T16:42:20Z"}
{"level":"info","msg":"{\"ev\":\"accepted\",\"id\":\"4659ec52-6c79-41ce-8e67-f812df19b64a\",\"t\":1791218540847}","source":"console","time":"2026-10-05T16:42:20Z"}
{"level":"info","msg":"{\"ev\":\"accepted\",\"id\":\"c9f505f1-1ba9-4c70-9dee-cc6f4e04745d\",\"t\":1791218541442}","source":"console","time":"2026-10-05T16:42:21Z"}
{"level":"info","msg":"{\"ev\":\"accepted\",\"id\":\"77e17351-6171-417e-9ec2-9946b44a2012\",\"t\":1791218542064}","source":"console","time":"2026-10-05T16:42:22Z"}
{"level":"info","msg":"{\"ev\":\"accepted\",\"id\":\"6ef3e92c-f109-4a30-a334-378371fa56b3\",\"t\":1791218542612}","source":"console","time":"2026-10-05T16:42:22Z"}
{"level":"info","msg":"{\"ev\":\"accepted\",\"id\":\"341772f9-028f-4fe4-84f2-e6f56cdb7c28\",\"t\":1791218543203}","source":"console","time":"2026-10-05T16:42:23Z"}
{"level":"info","msg":"{\"ev\":\"accepted\",\"id\":\"fdd84318-cd09-4d8c-9826-feea7a739fa2\",\"t\":1791218543789}","source":"console","time":"2026-10-05T16:42:23Z"}
{"level":"info","msg":"{\"ev\":\"accepted\",\"id\":\"2152a5d0-ceab-4a64-be79-857cf055cd81\",\"t\":1791218544379}","source":"console","time":"2026-10-05T16:42:24Z"}
{"level":"info","msg":"{\"ev\":\"accepted\",\"id\":\"7b5b3bc3-faa0-4371-bbe2-2cb0ed23dde8\",\"t\":1791218544970}","source":"console","time":"2026-10-05T16:42:24Z"}
{"level":"info","msg":"{\"ev\":\"accepted\",\"id\":\"5c518fdb-9de8-4081-82ef-90d4c6de3399\",\"t\":1791218545553}","source":"console","time":"2026-10-05T16:42:25Z"}
{"level":"info","msg":"{\"ev\":\"accepted\",\"id\":\"f75c50de-d0fd-46d3-a3da-7dab6057587a\",\"t\":1791218546140}","source":"console","time":"2026-10-05T16:42:26Z"}
{"level":"info","msg":"{\"ev\":\"accepted\",\"id\":\"86845914-2272-4e1a-8eab-31172526ce0e\",\"t\":1791218546733}","source":"console","time":"2026-10-05T16:42:26Z"}
{"level":"info","msg":"{\"ev\":\"accepted\",\"id\":\"3bb719cf-2877-4889-8409-bf40185bb68a\",\"t\":1791218547317}","source":"console","time":"2026-10-05T16:42:27Z"}
{"level":"info","msg":"{\"ev\":\"accepted\",\"id\":\"f84b7b56-9d7f-4ffb-82b7-cd7887e994f2\",\"t\":1791218547913}","source":"console","time":"2026-10-05T16:42:27Z"}
{"level":"info","msg":"{\"ev\":\"accepted\",\"id\":\"d7578188-d31c-427e-b26c-7ca09cba0e66\",\"t\":1791218548497}","source":"console","time":"2026-10-05T16:42:28Z"}
{"level":"info","msg":"{\"ev\":\"accepted\",\"id\":\"d83ce24d-db6c-4c02-a007-f362f62b5696\",\"t\":1791218549094}","source":"console","time":"2026-10-05T16:42:29Z"}
{"level":"info","msg":"{\"ev\":\"accepted\",\"id\":\"9604e723-7874-4c08-b131-f1972fddd39b\",\"t\":1791218549673}","source":"console","time":"2026-10-05T16:42:29Z"}
{"level":"info","msg":"{\"ev\":\"accepted\",\"id\":\"e4bb8e1d-c00f-4ffc-816e-1101c4894d4e\",\"t\":1791218550284}","source":"console","time":"2026-10-05T16:42:30Z"}
{"level":"info","msg":"{\"ev\":\"accepted\",\"id\":\"0e4db048-42a1-48ad-9235-7a8b66e472be\",\"t\":1791218550872}","source":"console","time":"2026-10-05T16:42:30Z"}
{"level":"info","msg":"{\"ev\":\"accepted\",\"id\":\"4784524a-2a28-4beb-bb36-0f314e91e65e\",\"t\":1791218551446}","source":"console","time":"2026-10-05T16:42:31Z"}
{"level":"info","msg":"{\"ev\":\"accepted\",\"id\":\"99e3571f-6a0d-43bc-aa16-77f2abfc487c\",\"t\":1791218552026}","source":"console","time":"2026-10-05T16:42:32Z"}
{"level":"info","msg":"{\"ev\":\"accepted\",\"id\":\"07b4f303-3f44-45d6-9709-b9defbac5c54\",\"t\":1791218552614}","source":"console","time":"2026-10-05T16:42:32Z"}
{"level":"info","msg":"{\"ev\":\"accepted\",\"id\":\"0dd34dfc-a02d-459e-9030-ebe064514f39\",\"t\":1791218553203}","source":"console","time":"2026-10-05T16:42:33Z"}
{"level":"info","msg":"{\"ev\":\"accepted\",\"id\":\"fa1cc4c7-e9f0-4614-8a97-f3c247ee8b8b\",\"t\":1791218553790}","source":"console","time":"2026-10-05T16:42:33Z"}
{"level":"info","msg":"{\"ev\":\"accepted\",\"id\":\"a3353006-7952-454f-b087-0f9e8de160fa\",\"t\":1791218554382}","source":"console","time":"2026-10-05T16:42:34Z"}
{"level":"info","msg":"{\"ev\":\"accepted\",\"id\":\"24feba98-cbdd-45c5-8a46-6f5ffc74f7d3\",\"t\":1791218554970}","source":"console","time":"2026-10-05T16:42:34Z"}
{"level":"info","msg":"{\"ev\":\"accepted\",\"id\":\"5c82b5ab-2c4f-4497-aece-a9f0c2029821\",\"t\":1791218555553}","source":"console","time":"2026-10-05T16:42:35Z"}
{"level":"info","msg":"{\"ev\":\"accepted\",\"id\":\"0c13e2e4-6722-4265-9196-97e5e1e2082f\",\"t\":1791218556144}","source":"console","time":"2026-10-05T16:42:36Z"}
{"level":"info","msg":"{\"ev\":\"accepted\",\"id\":\"09b5117b-f5be-47e0-b68c-40b6fe683268\",\"t\":1791218556729}","source":"console","time":"2026-10-05T16:42:36Z"}
{"level":"info","msg":"{\"ev\":\"accepted\",\"id\":\"0a7e690b-bcca-4fe8-922d-478e987fbf03\",\"t\":1791218557348}","source":"console","time":"2026-10-05T16:42:37Z"}
{"level":"info","msg":"{\"ev\":\"accepted\",\"id\":\"13b9fcaf-8ff8-4641-a8f3-e4e0b7dd1466\",\"t\":1791218557908}","source":"console","time":"2026-10-05T16:42:37Z"}
{"level":"info","msg":"{\"ev\":\"accepted\",\"id\":\"e476dac8-7599-4919-a11e-fe7e4579a72d\",\"t\":1791218558496}","source":"console","time":"2026-10-05T16:42:38Z"}
{"level":"info","msg":"{\"ev\":\"accepted\",\"id\":\"63ab2a5c-ed6a-4331-9f4a-5c4d43a40be3\",\"t\":1791218559090}","source":"console","time":"2026-10-05T16:42:39Z"}
{"level":"info","msg":"{\"ev\":\"accepted\",\"id\":\"1dc245b9-5828-4386-aaaf-cb9554853b9d\",\"t\":1791218559670}","source":"console","time":"2026-10-05T16:42:39Z"}
{"level":"info","msg":"{\"ev\":\"accepted\",\"id\":\"a56cde8a-25a6-47eb-9d88-2e6fecc073ed\",\"t\":1791218560258}","source":"console","time":"2026-10-05T16:42:40Z"}
{"level":"info","msg":"{\"ev\":\"accepted\",\"id\":\"488d6c5b-2dc0-4483-9e89-7e4c9273cab4\",\"t\":1791218560849}","source":"console","time":"2026-10-05T16:42:40Z"}
{"level":"info","msg":"{\"ev\":\"accepted\",\"id\":\"243ab093-6776-4a33-8a26-3526414a18eb\",\"t\":1791218561438}","source":"console","time":"2026-10-05T16:42:41Z"}
{"level":"info","msg":"{\"ev\":\"accepted\",\"id\":\"42d7f95f-bf42-4ffc-986f-f30ba029c401\",\"t\":1791218562044}","source":"console","time":"2026-10-05T16:42:42Z"}
{"level":"info","msg":"{\"ev\":\"accepted\",\"id\":\"511914d8-10aa-4616-ba34-d9f1a4fc916d\",\"t\":1791218562615}","source":"console","time":"2026-10-05T16:42:42Z"}
{"level":"info","msg":"{\"ev\":\"accepted\",\"id\":\"a381d7ff-e7cc-4205-9395-31984c1d11da\",\"t\":1791218563205}","source":"console","time":"2026-10-05T16:42:43Z"}
{"level":"info","msg":"{\"ev\":\"accepted\",\"id\":\"aa1fdb58-2de2-41f8-817b-9f797862d19f\",\"t\":1791218563788}","source":"console","time":"2026-10-05T16:42:43Z"}
{"level":"info","msg":"{\"ev\":\"accepted\",\"id\":\"99311df8-2b88-43e2-bfc5-fe0a9f9710f1\",\"t\":1791218564380}","source":"console","time":"2026-10-05T16:42:44Z"}
{"level":"info","msg":"{\"ev\":\"accepted\",\"id\":\"90ff7e6c-b1ab-4677-b066-c488df893b8a\",\"t\":1791218564968}","source":"console","time":"2026-10-05T16:42:44Z"}
{"level":"info","msg":"{\"ev\":\"accepted\",\"id\":\"50760c17-a35b-45b6-a130-1f4a6bda49d8\",\"t\":1791218565555}","source":"console","time":"2026-10-05T16:42:45Z"}
{"level":"info","msg":"{\"ev\":\"accepted\",\"id\":\"02b0ccfd-64e2-4ac2-af1a-74c1a711c493\",\"t\":1791218566147}","source":"console","time":"2026-10-05T16:42:46Z"}
{"level":"info","msg":"{\"ev\":\"accepted\",\"id\":\"eff735a1-f5ef-40fc-b639-9bc2ac5e5d78\",\"t\":1791218566733}","source":"console","time":"2026-10-05T16:42:46Z"}
{"level":"info","msg":"{\"ev\":\"accepted\",\"id\":\"ba314d13-2e3a-4b87-b7f5-3bf422e26aa8\",\"t\":1791218567325}","source":"console","time":"2026-10-05T16:42:47Z"}
{"level":"info","msg":"{\"ev\":\"accepted\",\"id\":\"bf6e758b-d382-40df-b4df-76a1743ec152\",\"t\":1791218567910}","source":"console","time":"2026-10-05T16:42:47Z"}
{"level":"info","msg":"{\"ev\":\"accepted\",\"id\":\"fab37712-040b-41c2-97ba-ffb4b764cc07\",\"t\":1791218568498}","source":"console","time":"2026-10-05T16:42:48Z"}
{"level":"info","msg":"{\"ev\":\"accepted\",\"id\":\"d03c175e-6dfe-45fc-912e-0d6474dcebc5\",\"t\":1791218569094}","source":"console","time":"2026-10-05T16:42:49Z"}
{"level":"info","msg":"{\"ev\":\"accepted\",\"id\":\"df24f11f-ed44-4444-8305-49a0859d463d\",\"t\":1791218569676}","source":"console","time":"2026-10-05T16:42:49Z"}
{"level":"info","msg":"{\"ev\":\"accepted\",\"id\":\"926e8217-5e94-4f6f-916f-706a7bd79bef\",\"t\":1791218570259}","source":"console","time":"2026-10-05T16:42:50Z"}
{"level":"info","msg":"{\"ev\":\"accepted\",\"id\":\"ad428e47-1dad-4a1c-a0b1-8e315055d4b5\",\"t\":1791218570846}","source":"console","time":"2026-10-05T16:42:50Z"}
{"level":"info","msg":"{\"ev\":\"accepted\",\"id\":\"619d29ec-1ebf-4510-9ee4-2c13392c936c\",\"t\":1791218571439}","source":"console","time":"2026-10-05T16:42:51Z"}
{"level":"info","msg":"{\"ev\":\"accepted\",\"id\":\"fc4d0008-7bc9-4be6-8f3c-f431afdde24a\",\"t\":1791218572023}","source":"console","time":"2026-10-05T16:42:52Z"}
{"level":"info","msg":"{\"ev\":\"accepted\",\"id\":\"11b7b39f-8dd7-4d70-9e18-0ab63fc9a79c\",\"t\":1791218572614}","source":"console","time":"2026-10-05T16:42:52Z"}
{"level":"info","msg":"{\"ev\":\"accepted\",\"id\":\"b154adb6-a518-4320-922e-a12c6143f2ce\",\"t\":1791218573199}","source":"console","time":"2026-10-05T16:42:53Z"}
{"level":"info","msg":"{\"ev\":\"accepted\",\"id\":\"80f1e9b9-9539-4866-9b89-9df64b40b214\",\"t\":1791218573791}","source":"console","time":"2026-10-05T16:42:53Z"}
{"level":"info","msg":"{\"ev\":\"accepted\",\"id\":\"c098df91-5df1-4b72-a8d4-61fab2c70b3d\",\"t\":1791218574381}","source":"console","time":"2026-10-05T16:42:54Z"}
{"level":"info","msg":"{\"ev\":\"accepted\",\"id\":\"02d767f1-9000-4db4-9b8a-21deca642db7\",\"t\":1791218574965}","source":"console","time":"2026-10-05T16:42:54Z"}
{"level":"info","msg":"{\"ev\":\"accepted\",\"id\":\"e5179659-55fd-47ae-bd3f-c8eb020960a6\",\"t\":1791218575557}","source":"console","time":"2026-10-05T16:42:55Z"}
{"level":"info","msg":"{\"ev\":\"accepted\",\"id\":\"65810355-c200-48e0-a9ff-0f7235230232\",\"t\":1791218576145}","source":"console","time":"2026-10-05T16:42:56Z"}
{"level":"info","msg":"{\"ev\":\"accepted\",\"id\":\"b061625c-b0ff-49dd-aa54-5fdbe57de6a4\",\"t\":1791218576730}","source":"console","time":"2026-10-05T16:42:56Z"}
{"level":"info","msg":"{\"ev\":\"accepted\",\"id\":\"865dd847-40f5-46e9-931c-e746dab91c25\",\"t\":1791218577333}","source":"console","time":"2026-10-05T16:42:57Z"}
{"level":"info","msg":"{\"ev\":\"accepted\",\"id\":\"80e4986b-bf3e-4b4b-b24f-fc914b2f9f8a\",\"t\":1791218577905}","source":"console","time":"2026-10-05T16:42:57Z"}
{"level":"info","msg":"{\"ev\":\"accepted\",\"id\":\"fdb44438-244d-4721-880a-61a3fe0460e0\",\"t\":1791218578497}","source":"console","time":"2026-10-05T16:42:58Z"}
{"level":"info","msg":"{\"ev\":\"accepted\",\"id\":\"d9d32aab-50fa-4431-b89e-ef9320ce9b78\",\"t\":1791218579086}","source":"console","time":"2026-10-05T16:42:59Z"}
{"level":"info","msg":"{\"ev\":\"accepted\",\"id\":\"08ee9970-1020-452c-9ddb-3a4d8ced27db\",\"t\":1791218579679}","source":"console","time":"2026-10-05T16:42:59Z"}
{"level":"info","msg":"{\"ev\":\"accepted\",\"id\":\"51ec1ea8-6f0d-4345-97b4-f05d2b3106c9\",\"t\":1791218580264}","source":"console","time":"2026-10-05T16:43:00Z"}
{"level":"info","msg":"{\"ev\":\"accepted\",\"id\":\"94df86a2-8887-4be9-b5a0-be675a365c9c\",\"t\":1791218580854}","source":"console","time":"2026-10-05T16:43:00Z"}
{"level":"info","msg":"{\"ev\":\"accepted\",\"id\":\"b8b2ee54-afa2-4c1e-b866-add90219e9af\",\"t\":1791218581437}","source":"console","time":"2026-10-05T16:43:01Z"}
{"level":"info","msg":"{\"ev\":\"accepted\",\"id\":\"a5a3d74b-de65-4da5-9f89-80cd9c96ff1e\",\"t\":1791218582032}","source":"console","time":"2026-10-05T16:43:02Z"}
{"level":"info","msg":"{\"ev\":\"accepted\",\"id\":\"7391e1ab-b194-4c6b-a0ec-c81dbbd4d9f6\",\"t\":1791218582612}","source":"console","time":"2026-10-05T16:43:02Z"}
{"level":"info","msg":"{\"ev\":\"accepted\",\"id\":\"2c02d323-5c17-4609-a1a6-0b49c835abed\",\"t\":1791218583205}","source":"console","time":"2026-10-05T16:43:03Z"}
{"level":"info","msg":"{\"ev\":\"accepted\",\"id\":\"c9112fbe-d6d7-429c-8ae2-97cc43a90d2d\",\"t\":1791218583789}","source":"console","time":"2026-10-05T16:43:03Z"}
{"level":"info","msg":"{\"ev\":\"accepted\",\"id\":\"3bd97625-d98b-4dcd-bf60-0c124bd7b417\",\"t\":1791218584390}","source":"console","time":"2026-10-05T16:43:04Z"}
{"level":"info","msg":"{\"ev\":\"accepted\",\"id\":\"2321509a-86d2-44dc-a5f3-87331c19b548\",\"t\":1791218584967}","source":"console","time":"2026-10-05T16:43:04Z"}
{"level":"info","msg":"{\"ev\":\"accepted\",\"id\":\"168f9b7e-2b54-4949-882d-9f83144a2742\",\"t\":1791218585570}","source":"console","time":"2026-10-05T16:43:05Z"}
{"level":"info","msg":"{\"ev\":\"accepted\",\"id\":\"6b14052a-17b5-4fd3-854d-4fd120e12395\",\"t\":1791218586140}","source":"console","time":"2026-10-05T16:43:06Z"}
{"level":"info","msg":"{\"ev\":\"accepted\",\"id\":\"ecad5a5d-ab3f-404e-ab7a-b02079181777\",\"t\":1791218586730}","source":"console","time":"2026-10-05T16:43:06Z"}
{"level":"info","msg":"{\"ev\":\"accepted\",\"id\":\"59b2d902-caa0-44fc-acb7-54626b94d9d2\",\"t\":1791218587322}","source":"console","time":"2026-10-05T16:43:07Z"}
{"level":"info","msg":"{\"ev\":\"accepted\",\"id\":\"d5daee8e-9c93-452c-a918-3cdbb24b0308\",\"t\":1791218587910}","source":"console","time":"2026-10-05T16:43:07Z"}
{"level":"info","msg":"{\"ev\":\"accepted\",\"id\":\"2a9d1e51-640b-4862-a6a8-283a64098dad\",\"t\":1791218588494}","source":"console","time":"2026-10-05T16:43:08Z"}
{"level":"info","msg":"{\"ev\":\"accepted\",\"id\":\"188f3508-c82e-4ef0-aded-49cf5610f450\",\"t\":1791218589089}","source":"console","time":"2026-10-05T16:43:09Z"}
{"level":"info","msg":"{\"ev\":\"accepted\",\"id\":\"ea51ecae-e1b2-45aa-bca8-d098f38be46c\",\"t\":1791218589670}","source":"console","time":"2026-10-05T16:43:09Z"}
{"level":"info","msg":"{\"ev\":\"accepted\",\"id\":\"7a1c7485-f8be-4d0a-860f-139bdac4286b\",\"t\":1791218590261}","source":"console","time":"2026-10-05T16:43:10Z"}
{"level":"info","msg":"{\"ev\":\"accepted\",\"id\":\"7146c40c-79b8-483c-ae36-decf2c8628a8\",\"t\":1791218590846}","source":"console","time":"2026-10-05T16:43:10Z"}
{"level":"info","msg":"{\"ev\":\"accepted\",\"id\":\"36b3819a-e958-4bf9-b434-49feae6529c8\",\"t\":1791218591434}","source":"console","time":"2026-10-05T16:43:11Z"}
{"level":"info","msg":"{\"ev\":\"accepted\",\"id\":\"11d48d84-a127-47f3-9052-a16cad688990\",\"t\":1791218592026}","source":"console","time":"2026-10-05T16:43:12Z"}
{"level":"info","msg":"{\"ev\":\"accepted\",\"id\":\"993c6004-27b6-4fc0-9ce9-d87f5cbcaf45\",\"t\":1791218592619}","source":"console","time":"2026-10-05T16:43:12Z"}
{"level":"info","msg":"{\"ev\":\"accepted\",\"id\":\"3c265ba5-3389-490a-a5e7-7dc1032e306c\",\"t\":1791218593205}","source":"console","time":"2026-10-05T16:43:13Z"}
{"level":"info","msg":"{\"ev\":\"accepted\",\"id\":\"5c30fdde-b871-4e89-878a-b9831b735767\",\"t\":1791218593791}","source":"console","time":"2026-10-05T16:43:13Z"}
{"level":"info","msg":"{\"ev\":\"accepted\",\"id\":\"e9ba1316-1a22-425c-a12c-227e22e12c76\",\"t\":1791218594376}","source":"console","time":"2026-10-05T16:43:14Z"}
{"level":"info","msg":"{\"ev\":\"accepted\",\"id\":\"50d86cbc-56bc-4575-aec2-0bab4d8da8ce\",\"t\":1791218594966}","source":"console","time":"2026-10-05T16:43:14Z"}
{"level":"info","msg":"{\"ev\":\"accepted\",\"id\":\"e72b669d-f880-4ea4-b7e2-2955ea3af131\",\"t\":1791218595556}","source":"console","time":"2026-10-05T16:43:15Z"}
{"level":"info","msg":"{\"ev\":\"accepted\",\"id\":\"38e76a0d-9b11-43d1-a5e0-250a7057fdfe\",\"t\":1791218596142}","source":"console","time":"2026-10-05T16:43:16Z"}
{"level":"info","msg":"{\"ev\":\"accepted\",\"id\":\"94090e0f-8e7b-4483-9750-02aa16e9bfa6\",\"t\":1791218596739}","source":"console","time":"2026-10-05T16:43:16Z"}
{"level":"info","msg":"{\"ev\":\"accepted\",\"id\":\"6e4d6710-9112-49c1-b332-bd446b48bfdc\",\"t\":1791218597329}","source":"console","time":"2026-10-05T16:43:17Z"}
{"level":"info","msg":"{\"ev\":\"accepted\",\"id\":\"78be768d-012c-4b5b-80b9-61ba84eb53af\",\"t\":1791218597911}","source":"console","time":"2026-10-05T16:43:17Z"}
{"level":"info","msg":"{\"ev\":\"accepted\",\"id\":\"26b4ad9b-1e90-433b-840a-6f551e5c2bcb\",\"t\":1791218598494}","source":"console","time":"2026-10-05T16:43:18Z"}
{"level":"info","msg":"{\"ev\":\"accepted\",\"id\":\"3fd64a68-c162-4f62-9b33-fdedbb20b106\",\"t\":1791218599090}","source":"console","time":"2026-10-05T16:43:19Z"}
{"level":"info","msg":"{\"ev\":\"accepted\",\"id\":\"9b6be358-2fcf-4e3a-a8ad-8ef4573df369\",\"t\":1791218599670}","source":"console","time":"2026-10-05T16:43:19Z"}
{"level":"info","msg":"{\"ev\":\"accepted\",\"id\":\"bb9b4ba3-bdbe-4cb2-91ec-912762549057\",\"t\":1791218600261}","source":"console","time":"2026-10-05T16:43:20Z"}
{"level":"info","msg":"{\"ev\":\"accepted\",\"id\":\"f335c17b-a86e-4aae-8a70-a3e6c6e3d5c5\",\"t\":1791218600874}","source":"console","time":"2026-10-05T16:43:20Z"}
{"level":"info","msg":"{\"ev\":\"accepted\",\"id\":\"5776999b-5e43-44b6-848e-b77416d254a5\",\"t\":1791218601446}","source":"console","time":"2026-10-05T16:43:21Z"}
{"level":"info","msg":"{\"ev\":\"accepted\",\"id\":\"db3a2d27-7d9b-4212-bc35-6a499f1fd7f2\",\"t\":1791218602027}","source":"console","time":"2026-10-05T16:43:22Z"}
{"level":"info","msg":"{\"ev\":\"accepted\",\"id\":\"7491e500-74ff-4b00-9b7e-b5ece6edadae\",\"t\":1791218602615}","source":"console","time":"2026-10-05T16:43:22Z"}
{"level":"info","msg":"{\"ev\":\"accepted\",\"id\":\"cd4c51e6-37a6-4f8e-8f31-41000b2017dc\",\"t\":1791218603205}","source":"console","time":"2026-10-05T16:43:23Z"}
{"level":"info","msg":"{\"ev\":\"accepted\",\"id\":\"21aaa7d1-3ca8-44d3-a1a3-7d8b880ed930\",\"t\":1791218603789}","source":"console","time":"2026-10-05T16:43:23Z"}
{"level":"info","msg":"{\"ev\":\"accepted\",\"id\":\"80a15bfe-c929-481d-bb11-5bb7950db679\",\"t\":1791218604377}","source":"console","time":"2026-10-05T16:43:24Z"}
{"level":"info","msg":"{\"ev\":\"accepted\",\"id\":\"93c13c5d-2d0a-4b21-ae63-31eabe1b90d7\",\"t\":1791218604965}","source":"console","time":"2026-10-05T16:43:24Z"}
{"level":"info","msg":"{\"ev\":\"accepted\",\"id\":\"fa3c5eed-8b99-4024-9344-5d19b3b7d38f\",\"t\":1791218605563}","source":"console","time":"2026-10-05T16:43:25Z"}
{"level":"info","msg":"{\"ev\":\"accepted\",\"id\":\"64171bd8-3bac-4561-ac90-285498605c65\",\"t\":1791218606144}","source":"console","time":"2026-10-05T16:43:26Z"}
{"level":"info","msg":"{\"ev\":\"accepted\",\"id\":\"edd546aa-f566-446f-9daf-253a7b1f3f65\",\"t\":1791218606736}","source":"console","time":"2026-10-05T16:43:26Z"}
{"level":"info","msg":"{\"ev\":\"accepted\",\"id\":\"a940e763-6a19-4cf2-b6a4-03923fc4c8e7\",\"t\":1791218607320}","source":"console","time":"2026-10-05T16:43:27Z"}
{"level":"info","msg":"{\"ev\":\"accepted\",\"id\":\"7585295a-b6c8-4143-b1c5-86c3d755cc30\",\"t\":1791218607913}","source":"console","time":"2026-10-05T16:43:27Z"}
{"level":"info","msg":"{\"ev\":\"accepted\",\"id\":\"279f1fdc-6321-43ab-bafc-1f749757a8a2\",\"t\":1791218608496}","source":"console","time":"2026-10-05T16:43:28Z"}
{"level":"info","msg":"{\"ev\":\"accepted\",\"id\":\"e27abc9b-7785-4d77-8be5-ff8df5fbdd41\",\"t\":1791218609084}","source":"console","time":"2026-10-05T16:43:29Z"}
{"level":"info","msg":"{\"ev\":\"accepted\",\"id\":\"c5a282ab-abe3-44e5-ade5-a80e3b6d0326\",\"t\":1791218609682}","source":"console","time":"2026-10-05T16:43:29Z"}
{"level":"info","msg":"{\"ev\":\"accepted\",\"id\":\"60f535ed-c93c-4b17-bd4c-f4c68da37cb4\",\"t\":1791218610272}","source":"console","time":"2026-10-05T16:43:30Z"}
{"level":"info","msg":"{\"ev\":\"accepted\",\"id\":\"bb5f86c9-1244-471e-8030-6e41d73f5881\",\"t\":1791218610852}","source":"console","time":"2026-10-05T16:43:30Z"}
{"level":"info","msg":"{\"ev\":\"accepted\",\"id\":\"34d2e367-3503-407e-8fcb-c1135fc9705f\",\"t\":1791218611448}","source":"console","time":"2026-10-05T16:43:31Z"}
{"level":"info","msg":"{\"ev\":\"accepted\",\"id\":\"4e790682-b414-4c59-a998-ece001cbd657\",\"t\":1791218612023}","source":"console","time":"2026-10-05T16:43:32Z"}
{"level":"info","msg":"{\"ev\":\"accepted\",\"id\":\"8c1e62f1-dfb1-4e72-990f-3fe054006f2a\",\"t\":1791218612621}","source":"console","time":"2026-10-05T16:43:32Z"}
{"level":"info","msg":"{\"ev\":\"accepted\",\"id\":\"e3b7571c-af0a-4f18-80a4-766d72fa2652\",\"t\":1791218613202}","source":"console","time":"2026-10-05T16:43:33Z"}
{"level":"info","msg":"{\"ev\":\"accepted\",\"id\":\"ac74a3ea-1111-4e9e-aaf4-2730e845a1ad\",\"t\":1791218613790}","source":"console","time":"2026-10-05T16:43:33Z"}
{"level":"info","msg":"{\"ev\":\"accepted\",\"id\":\"17f20d6f-0b83-42c7-a0c1-bb5b36fe2e2a\",\"t\":1791218614376}","source":"console","time":"2026-10-05T16:43:34Z"}
{"level":"info","msg":"{\"ev\":\"accepted\",\"id\":\"ef7e44d3-a2e6-43da-8078-d2119a3df3e0\",\"t\":1791218614967}","source":"console","time":"2026-10-05T16:43:34Z"}
{"level":"info","msg":"{\"ev\":\"accepted\",\"id\":\"4ba7240e-7437-446c-87cd-67ebd9771ffa\",\"t\":1791218615557}","source":"console","time":"2026-10-05T16:43:35Z"}
{"level":"info","msg":"{\"ev\":\"accepted\",\"id\":\"44ce1e22-93c4-42b9-889b-a92e78a65aaa\",\"t\":1791218616153}","source":"console","time":"2026-10-05T16:43:36Z"}
{"level":"info","msg":"{\"ev\":\"accepted\",\"id\":\"8b1f603d-3df8-49cd-acd3-ba8d3e9101e5\",\"t\":1791218616729}","source":"console","time":"2026-10-05T16:43:36Z"}
{"level":"info","msg":"{\"ev\":\"accepted\",\"id\":\"bfc70ef3-20dc-4d24-976b-0a6eb3279ced\",\"t\":1791218617322}","source":"console","time":"2026-10-05T16:43:37Z"}
{"level":"info","msg":"{\"ev\":\"accepted\",\"id\":\"63f598cb-31bb-42fd-bf1a-a29f35e8da92\",\"t\":1791218617906}","source":"console","time":"2026-10-05T16:43:37Z"}
{"level":"info","msg":"{\"ev\":\"accepted\",\"id\":\"3612f53c-f7fc-4266-a957-795862835244\",\"t\":1791218618496}","source":"console","time":"2026-10-05T16:43:38Z"}
{"level":"info","msg":"{\"ev\":\"accepted\",\"id\":\"caf65882-2c86-4c07-a88e-63f7cefc9fe0\",\"t\":1791218619082}","source":"console","time":"2026-10-05T16:43:39Z"}
{"level":"info","msg":"{\"ev\":\"accepted\",\"id\":\"cf4f261b-1837-4ac0-9bb4-2f767fe00d04\",\"t\":1791218619674}","source":"console","time":"2026-10-05T16:43:39Z"}
{"level":"info","msg":"{\"ev\":\"accepted\",\"id\":\"537802d0-08e0-4891-9076-37aa47bb898b\",\"t\":1791218620266}","source":"console","time":"2026-10-05T16:43:40Z"}
{"level":"info","msg":"{\"ev\":\"accepted\",\"id\":\"2eb5f4e8-15b2-4ef5-b186-dd398c9c67da\",\"t\":1791218620853}","source":"console","time":"2026-10-05T16:43:40Z"}
{"level":"info","msg":"{\"ev\":\"accepted\",\"id\":\"5006003c-c4dd-4655-97b9-4e4ca8055fbe\",\"t\":1791218621440}","source":"console","time":"2026-10-05T16:43:41Z"}
{"level":"info","msg":"{\"ev\":\"accepted\",\"id\":\"64e37047-ff0f-4f14-b147-cda3e0308401\",\"t\":1791218622026}","source":"console","time":"2026-10-05T16:43:42Z"}
{"level":"info","msg":"{\"ev\":\"accepted\",\"id\":\"2e5b8b7c-145e-43e5-be28-f15ed51a7e05\",\"t\":1791218622615}","source":"console","time":"2026-10-05T16:43:42Z"}
{"level":"info","msg":"{\"ev\":\"accepted\",\"id\":\"b8895215-ea6f-40bd-aa9f-70dabb0886d9\",\"t\":1791218623199}","source":"console","time":"2026-10-05T16:43:43Z"}
{"level":"info","msg":"{\"ev\":\"accepted\",\"id\":\"d04faa1c-494f-46d4-a5cf-9f06d0aa2eaa\",\"t\":1791218623791}","source":"console","time":"2026-10-05T16:43:43Z"}
{"level":"info","msg":"{\"ev\":\"accepted\",\"id\":\"47b62267-afa2-4bbe-a883-1fc50cb74faf\",\"t\":1791218624383}","source":"console","time":"2026-10-05T16:43:44Z"}
{"level":"info","msg":"{\"ev\":\"accepted\",\"id\":\"84deb322-7970-469d-94aa-467282f78a1e\",\"t\":1791218624973}","source":"console","time":"2026-10-05T16:43:44Z"}
{"level":"info","msg":"{\"ev\":\"accepted\",\"id\":\"6bcd50ab-317e-4300-a371-c12ba604a79a\",\"t\":1791218625561}","source":"console","time":"2026-10-05T16:43:45Z"}
{"level":"info","msg":"{\"ev\":\"accepted\",\"id\":\"8c9ee8f2-2091-4c57-9c94-64c7e34fef7e\",\"t\":1791218626144}","source":"console","time":"2026-10-05T16:43:46Z"}
{"level":"info","msg":"{\"ev\":\"accepted\",\"id\":\"6651ad35-2f25-4b00-9147-99f01307d5d7\",\"t\":1791218626716}","source":"console","time":"2026-10-05T16:43:46Z"}
{"level":"info","msg":"{\"ev\":\"accepted\",\"id\":\"1988f5cf-4014-4fd2-aa40-a8fb2a6ef657\",\"t\":1791218627274}","source":"console","time":"2026-10-05T16:43:47Z"}
{"level":"info","msg":"{\"ev\":\"accepted\",\"id\":\"c70225ac-3565-4ca7-b19a-973b009a1ee2\",\"t\":1791218627813}","source":"console","time":"2026-10-05T16:43:47Z"}
{"level":"info","msg":"{\"ev\":\"accepted\",\"id\":\"39e31643-6e47-4492-aca8-13ef4e3900b4\",\"t\":1791218628336}","source":"console","time":"2026-10-05T16:43:48Z"}
{"level":"info","msg":"{\"ev\":\"accepted\",\"id\":\"049f2268-c732-4718-89ad-fbda9a5b524a\",\"t\":1791218628845}","source":"console","time":"2026-10-05T16:43:48Z"}
{"level":"info","msg":"{\"ev\":\"accepted\",\"id\":\"b1fada22-24d4-463c-aa9b-2dba04f72cec\",\"t\":1791218629340}","source":"console","time":"2026-10-05T16:43:49Z"}
{"level":"info","msg":"{\"ev\":\"accepted\",\"id\":\"087f91e2-8c80-4507-a039-ce349fd446f2\",\"t\":1791218629834}","source":"console","time":"2026-10-05T16:43:49Z"}
{"level":"info","msg":"{\"ev\":\"accepted\",\"id\":\"31009d01-b623-437a-bd77-9ae7213965f1\",\"t\":1791218630300}","source":"console","time":"2026-10-05T16:43:50Z"}
{"level":"info","msg":"{\"ev\":\"accepted\",\"id\":\"e3187075-62b0-430e-a6e5-e4e508eddf91\",\"t\":1791218630765}","source":"console","time":"2026-10-05T16:43:50Z"}
{"level":"info","msg":"{\"ev\":\"accepted\",\"id\":\"a43462be-2dbe-4ef0-a435-3f512f23d13d\",\"t\":1791218631234}","source":"console","time":"2026-10-05T16:43:51Z"}
{"level":"info","msg":"{\"ev\":\"accepted\",\"id\":\"1f402c0e-4c2e-4723-adea-9e5d1fa990c2\",\"t\":1791218631679}","source":"console","time":"2026-10-05T16:43:51Z"}
{"level":"info","msg":"{\"ev\":\"accepted\",\"id\":\"84505899-426d-40a2-9175-f680ac8de5db\",\"t\":1791218632141}","source":"console","time":"2026-10-05T16:43:52Z"}
{"level":"info","msg":"{\"ev\":\"accepted\",\"id\":\"9baf68a0-e678-4545-bf2e-866ac82ed898\",\"t\":1791218632637}","source":"console","time":"2026-10-05T16:43:52Z"}
{"level":"info","msg":"{\"ev\":\"accepted\",\"id\":\"cde51868-dae6-43e0-8172-8237a52f17d4\",\"t\":1791218633062}","source":"console","time":"2026-10-05T16:43:53Z"}
{"level":"info","msg":"{\"ev\":\"accepted\",\"id\":\"e1d22a42-5092-4034-b41b-dcb6877ecd9d\",\"t\":1791218633497}","source":"console","time":"2026-10-05T16:43:53Z"}
{"level":"info","msg":"{\"ev\":\"accepted\",\"id\":\"7f837018-a805-443d-adff-09d789897b7a\",\"t\":1791218633949}","source":"console","time":"2026-10-05T16:43:53Z"}
{"level":"info","msg":"{\"ev\":\"accepted\",\"id\":\"7384ac4f-a4c8-4845-b66b-8a79417f19d0\",\"t\":1791218634403}","source":"console","time":"2026-10-05T16:43:54Z"}
{"level":"info","msg":"{\"ev\":\"accepted\",\"id\":\"5ab330be-1102-4a8f-813a-e96bf529dfd4\",\"t\":1791218634863}","source":"console","time":"2026-10-05T16:43:54Z"}
{"level":"info","msg":"{\"ev\":\"accepted\",\"id\":\"0e362546-587c-4e6e-aeb4-b5457b5a94b8\",\"t\":1791218635314}","source":"console","time":"2026-10-05T16:43:55Z"}
{"level":"info","msg":"{\"ev\":\"accepted\",\"id\":\"35d4f192-5f6f-405a-87eb-ccdbc819e940\",\"t\":1791218635771}","source":"console","time":"2026-10-05T16:43:55Z"}
{"level":"info","msg":"{\"ev\":\"accepted\",\"id\":\"0bfd1f81-1d94-4ac3-9627-470a831f7b04\",\"t\":1791218636221}","source":"console","time":"2026-10-05T16:43:56Z"}
{"level":"info","msg":"{\"ev\":\"accepted\",\"id\":\"7381e88a-6423-48dd-a210-286690213b3a\",\"t\":1791218636675}","source":"console","time":"2026-10-05T16:43:56Z"}
{"level":"info","msg":"{\"ev\":\"accepted\",\"id\":\"72892098-e44f-450f-9447-b4aa6bf40a05\",\"t\":1791218637130}","source":"console","time":"2026-10-05T16:43:57Z"}
{"level":"info","msg":"{\"ev\":\"accepted\",\"id\":\"d646c1b0-16af-475e-8bc0-228c02c75961\",\"t\":1791218637596}","source":"console","time":"2026-10-05T16:43:57Z"}
{"level":"info","msg":"{\"ev\":\"accepted\",\"id\":\"7371f017-73bc-4e5f-87dd-4b8c786b2b8b\",\"t\":1791218638043}","source":"console","time":"2026-10-05T16:43:58Z"}
{"level":"info","msg":"{\"ev\":\"accepted\",\"id\":\"3ec16408-baa8-411d-ba01-7f0b4725b4f6\",\"t\":1791218638505}","source":"console","time":"2026-10-05T16:43:58Z"}
{"level":"info","msg":"{\"ev\":\"accepted\",\"id\":\"1e21c583-fb81-4d25-abf8-9a18480afcb0\",\"t\":1791218638965}","source":"console","time":"2026-10-05T16:43:58Z"}
{"level":"info","msg":"{\"ev\":\"accepted\",\"id\":\"ddf78e51-eb5f-41ec-ae31-f973a2025a85\",\"t\":1791218639405}","source":"console","time":"2026-10-05T16:43:59Z"}
{"level":"info","msg":"{\"ev\":\"accepted\",\"id\":\"32822c43-3738-4bcf-a2ea-9c48abb5040b\",\"t\":1791218639861}","source":"console","time":"2026-10-05T16:43:59Z"}
{"level":"info","msg":"{\"ev\":\"accepted\",\"id\":\"25e70286-f8ad-4c85-985e-eb0a3152cd4b\",\"t\":1791218640317}","source":"console","time":"2026-10-05T16:44:00Z"}
{"level":"info","msg":"{\"ev\":\"accepted\",\"id\":\"2271fcce-8c90-4e4a-b490-82f88bb6f757\",\"t\":1791218640805}","source":"console","time":"2026-10-05T16:44:00Z"}
{"level":"info","msg":"{\"ev\":\"accepted\",\"id\":\"3982abde-6855-4718-bd41-82cba38fda94\",\"t\":1791218641230}","source":"console","time":"2026-10-05T16:44:01Z"}
{"level":"info","msg":"{\"ev\":\"accepted\",\"id\":\"85fffc73-5bf3-45fc-8de1-d714ed2d26f3\",\"t\":1791218641677}","source":"console","time":"2026-10-05T16:44:01Z"}
{"level":"info","msg":"{\"ev\":\"accepted\",\"id\":\"69ff6d80-62b9-476b-a89a-b6251085cdd8\",\"t\":1791218642132}","source":"console","time":"2026-10-05T16:44:02Z"}
{"level":"info","msg":"{\"ev\":\"accepted\",\"id\":\"3db9ec0f-fccd-408c-a216-2e4b5b0c7c1c\",\"t\":1791218642584}","source":"console","time":"2026-10-05T16:44:02Z"}
{"level":"info","msg":"{\"ev\":\"accepted\",\"id\":\"76ca7e57-7358-439f-aad3-06b3a01f769c\",\"t\":1791218643040}","source":"console","time":"2026-10-05T16:44:03Z"}
{"level":"info","msg":"{\"ev\":\"accepted\",\"id\":\"07ef612d-e6bc-4d6b-a421-ee7a71371727\",\"t\":1791218643496}","source":"console","time":"2026-10-05T16:44:03Z"}
{"level":"info","msg":"{\"ev\":\"accepted\",\"id\":\"c79cfb0c-6bef-4188-9f56-6b89564d4e8b\",\"t\":1791218643957}","source":"console","time":"2026-10-05T16:44:03Z"}
{"level":"info","msg":"{\"ev\":\"accepted\",\"id\":\"40d354c1-6262-4732-8be9-2e92307ac2d4\",\"t\":1791218644430}","source":"console","time":"2026-10-05T16:44:04Z"}
{"level":"info","msg":"{\"ev\":\"accepted\",\"id\":\"fc5aaa37-8d25-4457-a4fe-9f8a910ec811\",\"t\":1791218644865}","source":"console","time":"2026-10-05T16:44:04Z"}
{"level":"info","msg":"{\"ev\":\"accepted\",\"id\":\"6d46d24c-2cad-46bc-a949-d235e6b3d285\",\"t\":1791218645312}","source":"console","time":"2026-10-05T16:44:05Z"}
{"level":"info","msg":"{\"ev\":\"accepted\",\"id\":\"c9616055-8a8c-4937-9a10-e5cd27ed38d5\",\"t\":1791218645781}","source":"console","time":"2026-10-05T16:44:05Z"}
{"level":"info","msg":"{\"ev\":\"accepted\",\"id\":\"48d29168-dc7a-423d-af70-b094097cd9cd\",\"t\":1791218646221}","source":"console","time":"2026-10-05T16:44:06Z"}
{"level":"info","msg":"{\"ev\":\"accepted\",\"id\":\"3d084671-b9bf-481b-932c-8c4111a7690b\",\"t\":1791218646681}","source":"console","time":"2026-10-05T16:44:06Z"}
{"level":"info","msg":"{\"ev\":\"accepted\",\"id\":\"982f71de-2faa-43f9-8da2-90c0026bc34a\",\"t\":1791218647132}","source":"console","time":"2026-10-05T16:44:07Z"}
{"level":"info","msg":"{\"ev\":\"accepted\",\"id\":\"bfdbc52d-a24d-4c38-8007-9d961141bd63\",\"t\":1791218647614}","source":"console","time":"2026-10-05T16:44:07Z"}
{"level":"info","msg":"{\"ev\":\"accepted\",\"id\":\"06469960-d5ef-445a-ad43-c5a2d5f558e7\",\"t\":1791218648062}","source":"console","time":"2026-10-05T16:44:08Z"}
{"level":"info","msg":"{\"ev\":\"accepted\",\"id\":\"865c0e81-8e38-4af4-87dc-01fc56658684\",\"t\":1791218648496}","source":"console","time":"2026-10-05T16:44:08Z"}
{"level":"info","msg":"{\"ev\":\"accepted\",\"id\":\"3c9abc64-b58e-4b31-b214-a01748ea34f8\",\"t\":1791218648956}","source":"console","time":"2026-10-05T16:44:08Z"}
{"level":"info","msg":"{\"ev\":\"accepted\",\"id\":\"0c6b86d5-bedd-4b9a-b3b0-57a34a364fdf\",\"t\":1791218649408}","source":"console","time":"2026-10-05T16:44:09Z"}
{"level":"info","msg":"{\"ev\":\"accepted\",\"id\":\"d8efdd78-66e5-4019-8683-e358f1f3755f\",\"t\":1791218649864}","source":"console","time":"2026-10-05T16:44:09Z"}
{"level":"info","msg":"{\"ev\":\"accepted\",\"id\":\"511003d3-0790-409d-b481-95a32eabc5b6\",\"t\":1791218650315}","source":"console","time":"2026-10-05T16:44:10Z"}
{"level":"info","msg":"{\"ev\":\"accepted\",\"id\":\"f077bb7e-a276-4d23-b20e-2714bade453c\",\"t\":1791218650768}","source":"console","time":"2026-10-05T16:44:10Z"}
{"level":"info","msg":"{\"ev\":\"accepted\",\"id\":\"655cfdb3-16ca-42be-b554-a58691ef7e5a\",\"t\":1791218651225}","source":"console","time":"2026-10-05T16:44:11Z"}
{"level":"info","msg":"{\"ev\":\"accepted\",\"id\":\"6f4097e3-ff9a-4a8d-a898-02a9112d0407\",\"t\":1791218651676}","source":"console","time":"2026-10-05T16:44:11Z"}
{"level":"info","msg":"{\"ev\":\"accepted\",\"id\":\"16bd6afb-c6bb-4374-a331-62b55cc58d28\",\"t\":1791218652134}","source":"console","time":"2026-10-05T16:44:12Z"}
{"level":"info","msg":"{\"ev\":\"accepted\",\"id\":\"8b547a31-340c-4707-a0f0-dfface345f68\",\"t\":1791218652590}","source":"console","time":"2026-10-05T16:44:12Z"}
{"level":"info","msg":"{\"ev\":\"accepted\",\"id\":\"e6b11ea1-a041-42cc-b7ee-4a14da021bf1\",\"t\":1791218653048}","source":"console","time":"2026-10-05T16:44:13Z"}
{"level":"info","msg":"{\"ev\":\"accepted\",\"id\":\"ebd9f8c1-4a26-4645-8203-44ed43014808\",\"t\":1791218653495}","source":"console","time":"2026-10-05T16:44:13Z"}
{"level":"info","msg":"{\"ev\":\"accepted\",\"id\":\"e3657cb7-66a4-4c6a-9dbb-c2c3a0672498\",\"t\":1791218653949}","source":"console","time":"2026-10-05T16:44:13Z"}
{"level":"info","msg":"{\"ev\":\"accepted\",\"id\":\"f8d2635b-57cd-4642-a580-a55d77960e6a\",\"t\":1791218654404}","source":"console","time":"2026-10-05T16:44:14Z"}
{"level":"info","msg":"{\"ev\":\"accepted\",\"id\":\"8e40df20-1073-4911-853c-e49ac7b42624\",\"t\":1791218654862}","source":"console","time":"2026-10-05T16:44:14Z"}
{"level":"info","msg":"{\"ev\":\"accepted\",\"id\":\"c7d3e200-f658-4a73-8688-c110904ce850\",\"t\":1791218655315}","source":"console","time":"2026-10-05T16:44:15Z"}
{"level":"info","msg":"{\"ev\":\"accepted\",\"id\":\"15a4c734-7848-4663-a838-21d6c1ba1e2f\",\"t\":1791218655774}","source":"console","time":"2026-10-05T16:44:15Z"}
{"level":"info","msg":"{\"ev\":\"accepted\",\"id\":\"1be3fdba-4326-4be4-89c8-248dbac54aaa\",\"t\":1791218656224}","source":"console","time":"2026-10-05T16:44:16Z"}
{"level":"info","msg":"{\"ev\":\"accepted\",\"id\":\"b8f31ebb-0db2-4b34-b4b2-160da13fef06\",\"t\":1791218656684}","source":"console","time":"2026-10-05T16:44:16Z"}
{"level":"info","msg":"{\"ev\":\"accepted\",\"id\":\"97f23cdf-0f8a-4d6f-95ac-38c75992f72f\",\"t\":1791218657147}","source":"console","time":"2026-10-05T16:44:17Z"}
{"level":"info","msg":"{\"ev\":\"accepted\",\"id\":\"ccaf2e6b-0cae-4d93-a6f4-5e3b3e0e4ef8\",\"t\":1791218657593}","source":"console","time":"2026-10-05T16:44:17Z"}
{"level":"info","msg":"{\"ev\":\"accepted\",\"id\":\"48e74031-3e8b-4ed9-a6e0-b92250d80189\",\"t\":1791218658049}","source":"console","time":"2026-10-05T16:44:18Z"}
{"level":"info","msg":"{\"ev\":\"accepted\",\"id\":\"e7749922-44ec-435e-b671-d2265128063c\",\"t\":1791218658515}","source":"console","time":"2026-10-05T16:44:18Z"}
{"level":"info","msg":"{\"ev\":\"accepted\",\"id\":\"a62694f6-8a25-49bc-996c-53293800c7d7\",\"t\":1791218658957}","source":"console","time":"2026-10-05T16:44:18Z"}
{"level":"info","msg":"{\"ev\":\"accepted\",\"id\":\"30328d3f-7fa2-4d0a-86d4-277dc0966e46\",\"t\":1791218659418}","source":"console","time":"2026-10-05T16:44:19Z"}
{"level":"info","msg":"{\"ev\":\"accepted\",\"id\":\"4019d5c9-2ae3-4811-989f-5a8bd3991053\",\"t\":1791218659863}","source":"console","time":"2026-10-05T16:44:19Z"}
{"level":"info","msg":"{\"ev\":\"accepted\",\"id\":\"591a450b-3408-47ac-9a75-c121b0a068a7\",\"t\":1791218660315}","source":"console","time":"2026-10-05T16:44:20Z"}
{"level":"info","msg":"{\"ev\":\"accepted\",\"id\":\"caec8c49-9e52-4d1c-bc3e-bf56f6ed98c6\",\"t\":1791218660772}","source":"console","time":"2026-10-05T16:44:20Z"}
{"level":"info","msg":"{\"ev\":\"accepted\",\"id\":\"4e0698bb-a092-47a1-bb03-b6b8ed7c9323\",\"t\":1791218661229}","source":"console","time":"2026-10-05T16:44:21Z"}
{"level":"info","msg":"{\"ev\":\"accepted\",\"id\":\"b9a7ffe3-82f3-4d96-9199-c1007b70e267\",\"t\":1791218661678}","source":"console","time":"2026-10-05T16:44:21Z"}
{"level":"info","msg":"{\"ev\":\"accepted\",\"id\":\"85982607-64dd-412a-8e4d-a779608a7595\",\"t\":1791218662131}","source":"console","time":"2026-10-05T16:44:22Z"}
{"level":"info","msg":"{\"ev\":\"accepted\",\"id\":\"398698de-16e3-411a-bba5-aef9a86ff6e1\",\"t\":1791218662589}","source":"console","time":"2026-10-05T16:44:22Z"}
{"level":"info","msg":"{\"ev\":\"accepted\",\"id\":\"294621a5-0efe-49a9-9cb9-078ff38ca218\",\"t\":1791218663041}","source":"console","time":"2026-10-05T16:44:23Z"}
{"level":"info","msg":"{\"ev\":\"accepted\",\"id\":\"70466407-fa63-434d-8840-dd0828c5ba72\",\"t\":1791218663498}","source":"console","time":"2026-10-05T16:44:23Z"}
{"level":"info","msg":"{\"ev\":\"accepted\",\"id\":\"e9e2549b-d6d7-4213-a2ee-989e111617e8\",\"t\":1791218663956}","source":"console","time":"2026-10-05T16:44:23Z"}
{"level":"info","msg":"{\"ev\":\"accepted\",\"id\":\"e31be211-4cdc-48a6-985f-43fe55f6c83c\",\"t\":1791218664411}","source":"console","time":"2026-10-05T16:44:24Z"}
{"level":"info","msg":"{\"ev\":\"accepted\",\"id\":\"8c9ca754-7a41-464c-bbab-18080168041d\",\"t\":1791218664866}","source":"console","time":"2026-10-05T16:44:24Z"}
{"level":"info","msg":"{\"ev\":\"accepted\",\"id\":\"3759b070-f29b-42a2-98b7-b4097632ac2c\",\"t\":1791218665319}","source":"console","time":"2026-10-05T16:44:25Z"}
{"level":"info","msg":"{\"ev\":\"accepted\",\"id\":\"979fe575-6c01-466f-b926-981e0ded67e1\",\"t\":1791218665794}","source":"console","time":"2026-10-05T16:44:25Z"}
{"level":"info","msg":"{\"ev\":\"accepted\",\"id\":\"6d3bf844-c130-49c9-849d-84d71a76b6e6\",\"t\":1791218666224}","source":"console","time":"2026-10-05T16:44:26Z"}
{"level":"info","msg":"{\"ev\":\"accepted\",\"id\":\"adf07ae1-8af4-489f-a92f-ca63ad4229ba\",\"t\":1791218666685}","source":"console","time":"2026-10-05T16:44:26Z"}
{"level":"info","msg":"{\"ev\":\"accepted\",\"id\":\"69563871-13f0-4d37-9af7-2112249b74d9\",\"t\":1791218667139}","source":"console","time":"2026-10-05T16:44:27Z"}
{"level":"info","msg":"{\"ev\":\"accepted\",\"id\":\"0c60814a-533a-46dc-b884-0bab6bcdda5c\",\"t\":1791218667588}","source":"console","time":"2026-10-05T16:44:27Z"}
{"level":"info","msg":"{\"ev\":\"accepted\",\"id\":\"38a71ee2-0f81-42bf-a0b5-dd1a452cc701\",\"t\":1791218668057}","source":"console","time":"2026-10-05T16:44:28Z"}
{"level":"info","msg":"{\"ev\":\"accepted\",\"id\":\"8515179a-ab8b-433c-bf54-8add129d0a50\",\"t\":1791218668496}","source":"console","time":"2026-10-05T16:44:28Z"}
{"level":"info","msg":"{\"ev\":\"accepted\",\"id\":\"0a923463-c561-42a5-8abb-b921fd488de9\",\"t\":1791218668951}","source":"console","time":"2026-10-05T16:44:28Z"}
{"level":"info","msg":"{\"ev\":\"accepted\",\"id\":\"0b6352fd-9a3a-4a2d-ba65-34b8246abcd5\",\"t\":1791218669405}","source":"console","time":"2026-10-05T16:44:29Z"}
{"level":"info","msg":"{\"ev\":\"accepted\",\"id\":\"d20ee543-d513-4314-bfd5-648ca8e1f216\",\"t\":1791218669859}","source":"console","time":"2026-10-05T16:44:29Z"}
{"level":"info","msg":"{\"ev\":\"accepted\",\"id\":\"4d42cde3-33ba-45e7-9cd4-daec5f8467a7\",\"t\":1791218670317}","source":"console","time":"2026-10-05T16:44:30Z"}
{"level":"info","msg":"{\"ev\":\"accepted\",\"id\":\"ae1158e1-11b4-4843-983e-4b8c0fac8acf\",\"t\":1791218670766}","source":"console","time":"2026-10-05T16:44:30Z"}
{"level":"info","msg":"{\"ev\":\"accepted\",\"id\":\"24f0c1df-4fc1-4c0d-9783-379c5f7bf140\",\"t\":1791218671222}","source":"console","time":"2026-10-05T16:44:31Z"}
{"level":"info","msg":"{\"ev\":\"accepted\",\"id\":\"f12ccffa-26cb-4bde-b1a2-53723b3ad061\",\"t\":1791218671684}","source":"console","time":"2026-10-05T16:44:31Z"}
{"level":"info","msg":"{\"ev\":\"accepted\",\"id\":\"70144e2c-b6cb-4941-b307-ed0730befbcd\",\"t\":1791218672131}","source":"console","time":"2026-10-05T16:44:32Z"}
{"level":"info","msg":"{\"ev\":\"accepted\",\"id\":\"80c83097-9842-4990-a443-cb8ae8e81f10\",\"t\":1791218672594}","source":"console","time":"2026-10-05T16:44:32Z"}
{"level":"info","msg":"{\"ev\":\"accepted\",\"id\":\"3e668228-4493-414e-bb64-e7fb499804ad\",\"t\":1791218673040}","source":"console","time":"2026-10-05T16:44:33Z"}
{"level":"info","msg":"{\"ev\":\"accepted\",\"id\":\"17c30c19-a518-49ad-89ca-8dfeb446d9cf\",\"t\":1791218673496}","source":"console","time":"2026-10-05T16:44:33Z"}
{"level":"info","msg":"{\"ev\":\"accepted\",\"id\":\"e270c7b4-58fc-4eab-ad73-9ba4e1bf7a53\",\"t\":1791218673972}","source":"console","time":"2026-10-05T16:44:33Z"}
{"level":"info","msg":"{\"ev\":\"accepted\",\"id\":\"c3427b2d-39da-40f4-9181-35945e0e12b8\",\"t\":1791218674430}","source":"console","time":"2026-10-05T16:44:34Z"}
{"level":"info","msg":"{\"ev\":\"accepted\",\"id\":\"e76fe426-2784-4b33-9cbf-8774eefb88b2\",\"t\":1791218674871}","source":"console","time":"2026-10-05T16:44:34Z"}
{"level":"info","msg":"{\"ev\":\"accepted\",\"id\":\"f74e5e1f-b3f1-41d9-93d7-be1f2d48a2d4\",\"t\":1791218675346}","source":"console","time":"2026-10-05T16:44:35Z"}
{"level":"info","msg":"{\"ev\":\"accepted\",\"id\":\"ae24ede7-5273-4bee-b311-812b1e5fbb3d\",\"t\":1791218675800}","source":"console","time":"2026-10-05T16:44:35Z"}
{"level":"info","msg":"{\"ev\":\"accepted\",\"id\":\"0331e901-6f7c-4fd2-a3db-0dbe797efd25\",\"t\":1791218676226}","source":"console","time":"2026-10-05T16:44:36Z"}
{"level":"info","msg":"{\"ev\":\"accepted\",\"id\":\"ac1dcc12-9418-4c35-bfae-d2304654f419\",\"t\":1791218676709}","source":"console","time":"2026-10-05T16:44:36Z"}
{"level":"info","msg":"{\"ev\":\"accepted\",\"id\":\"3b31f06a-4c93-4253-83ef-7d3a1c6a2379\",\"t\":1791218677144}","source":"console","time":"2026-10-05T16:44:37Z"}
{"level":"info","msg":"{\"ev\":\"accepted\",\"id\":\"6b7d4d11-605c-4674-80a3-eef2ae8e452c\",\"t\":1791218677588}","source":"console","time":"2026-10-05T16:44:37Z"}
{"level":"info","msg":"{\"ev\":\"accepted\",\"id\":\"aa05ab7f-18ac-4dad-9f49-fe5b355cc452\",\"t\":1791218678044}","source":"console","time":"2026-10-05T16:44:38Z"}
{"level":"info","msg":"{\"ev\":\"accepted\",\"id\":\"ca127e2f-e0c8-479a-a222-4da3ccbbaa80\",\"t\":1791218678495}","source":"console","time":"2026-10-05T16:44:38Z"}
{"level":"info","msg":"{\"ev\":\"accepted\",\"id\":\"c46808bb-7bab-400a-96b7-2b6f99ecbb57\",\"t\":1791218678979}","source":"console","time":"2026-10-05T16:44:38Z"}
{"level":"info","msg":"{\"ev\":\"accepted\",\"id\":\"2b010e6b-6ca0-4939-84d5-121c73006179\",\"t\":1791218679418}","source":"console","time":"2026-10-05T16:44:39Z"}
{"level":"info","msg":"{\"ev\":\"accepted\",\"id\":\"25dde883-7a23-4a54-ae72-25729cd6caa6\",\"t\":1791218679876}","source":"console","time":"2026-10-05T16:44:39Z"}
{"level":"info","msg":"{\"ev\":\"accepted\",\"id\":\"b0535b4e-f041-467f-b03e-ef2ce7f32345\",\"t\":1791218680315}","source":"console","time":"2026-10-05T16:44:40Z"}
{"level":"info","msg":"{\"ev\":\"accepted\",\"id\":\"c376dcc9-dbff-472c-8e68-f438acc59011\",\"t\":1791218680780}","source":"console","time":"2026-10-05T16:44:40Z"}
{"level":"info","msg":"{\"ev\":\"accepted\",\"id\":\"769e6a0c-1fdd-4e32-b439-5f7d15e631fa\",\"t\":1791218681222}","source":"console","time":"2026-10-05T16:44:41Z"}
{"level":"info","msg":"{\"ev\":\"accepted\",\"id\":\"0e3957d8-039c-4a7c-a525-7c67456ccfc8\",\"t\":1791218681678}","source":"console","time":"2026-10-05T16:44:41Z"}
{"level":"info","msg":"{\"ev\":\"accepted\",\"id\":\"383bb4ab-be01-4710-8937-f2201297d83b\",\"t\":1791218682131}","source":"console","time":"2026-10-05T16:44:42Z"}
{"level":"info","msg":"{\"ev\":\"accepted\",\"id\":\"41e4cceb-7420-4300-8ef8-41dfdab83793\",\"t\":1791218682592}","source":"console","time":"2026-10-05T16:44:42Z"}
{"level":"info","msg":"{\"ev\":\"accepted\",\"id\":\"79fb6ad2-a24d-442a-b731-1b3f15f71ab0\",\"t\":1791218683041}","source":"console","time":"2026-10-05T16:44:43Z"}
{"level":"info","msg":"{\"ev\":\"accepted\",\"id\":\"33f7a123-6992-4850-8e1b-bcf32b00ea1a\",\"t\":1791218683495}","source":"console","time":"2026-10-05T16:44:43Z"}
{"level":"info","msg":"{\"ev\":\"accepted\",\"id\":\"936a61f2-9b14-4468-b0af-5c51b95309b9\",\"t\":1791218683948}","source":"console","time":"2026-10-05T16:44:43Z"}
{"level":"info","msg":"{\"ev\":\"accepted\",\"id\":\"7fe470fa-5250-4cdb-8e0f-eaf90357866f\",\"t\":1791218684433}","source":"console","time":"2026-10-05T16:44:44Z"}
{"level":"info","msg":"{\"ev\":\"accepted\",\"id\":\"0b61308c-18d1-4b23-9587-781085a116ab\",\"t\":1791218684887}","source":"console","time":"2026-10-05T16:44:44Z"}
{"level":"info","msg":"{\"ev\":\"accepted\",\"id\":\"56098b5c-5e24-4084-8e26-c4d194529534\",\"t\":1791218685318}","source":"console","time":"2026-10-05T16:44:45Z"}
{"level":"info","msg":"{\"ev\":\"accepted\",\"id\":\"18f8436e-8250-4d7e-86ed-9b35679b483f\",\"t\":1791218685781}","source":"console","time":"2026-10-05T16:44:45Z"}
{"level":"info","msg":"{\"ev\":\"accepted\",\"id\":\"958ba2da-2164-4d64-ad4b-cfd2ea2190c4\",\"t\":1791218686222}","source":"console","time":"2026-10-05T16:44:46Z"}
{"level":"info","msg":"{\"ev\":\"accepted\",\"id\":\"75b2108d-1fbd-426d-b3da-eadfec5c027e\",\"t\":1791218686676}","source":"console","time":"2026-10-05T16:44:46Z"}
{"level":"info","msg":"{\"ev\":\"accepted\",\"id\":\"7849a9a2-f379-463f-83dd-9ea788e996fa\",\"t\":1791218687142}","source":"console","time":"2026-10-05T16:44:47Z"}
{"level":"info","msg":"{\"ev\":\"accepted\",\"id\":\"b19d2ee7-4eb8-4e0e-89eb-e8abad0d1956\",\"t\":1791218687587}","source":"console","time":"2026-10-05T16:44:47Z"}
{"level":"info","msg":"{\"ev\":\"accepted\",\"id\":\"c4cd4dbe-3445-4d5f-8e15-c354a098e076\",\"t\":1791218688039}","source":"console","time":"2026-10-05T16:44:48Z"}
{"level":"info","msg":"{\"ev\":\"accepted\",\"id\":\"c543ed32-8281-4617-9de2-941ca8ac4e41\",\"t\":1791218688494}","source":"console","time":"2026-10-05T16:44:48Z"}
{"level":"info","msg":"{\"ev\":\"accepted\",\"id\":\"743624f1-e3fa-469d-81f4-290e460b2fb8\",\"t\":1791218688957}","source":"console","time":"2026-10-05T16:44:48Z"}
{"level":"info","msg":"{\"ev\":\"accepted\",\"id\":\"d3676f68-4c0f-41a3-b699-7d34562d753d\",\"t\":1791218689402}","source":"console","time":"2026-10-05T16:44:49Z"}
{"level":"info","msg":"{\"ev\":\"accepted\",\"id\":\"448bfbbf-2a6b-41ef-ae56-2b072c81de01\",\"t\":1791218689866}","source":"console","time":"2026-10-05T16:44:49Z"}
{"level":"info","msg":"{\"ev\":\"accepted\",\"id\":\"0d6ce330-4495-443d-a550-420dcea0926d\",\"t\":1791218690319}","source":"console","time":"2026-10-05T16:44:50Z"}
{"level":"info","msg":"{\"ev\":\"accepted\",\"id\":\"41260ae7-8510-4bbb-b402-6393f0f8675e\",\"t\":1791218690776}","source":"console","time":"2026-10-05T16:44:50Z"}
{"level":"info","msg":"{\"ev\":\"accepted\",\"id\":\"ab8c7de8-91e0-4ff3-a446-c0b3ed61c782\",\"t\":1791218691237}","source":"console","time":"2026-10-05T16:44:51Z"}
{"level":"info","msg":"{\"ev\":\"accepted\",\"id\":\"9cea7cd7-218a-402a-8d76-207d7207eb7e\",\"t\":1791218691683}","source":"console","time":"2026-10-05T16:44:51Z"}
{"level":"info","msg":"{\"ev\":\"accepted\",\"id\":\"0ed68c64-8a5b-4217-87d5-8ebd6ae28ef4\",\"t\":1791218692138}","source":"console","time":"2026-10-05T16:44:52Z"}
{"level":"info","msg":"{\"ev\":\"accepted\",\"id\":\"24da7e22-142e-4cb6-8667-1d41ebc1afee\",\"t\":1791218692590}","source":"console","time":"2026-10-05T16:44:52Z"}
{"level":"info","msg":"{\"ev\":\"accepted\",\"id\":\"29dda3fc-1a17-4d97-afef-aaf2885736aa\",\"t\":1791218693042}","source":"console","time":"2026-10-05T16:44:53Z"}
{"level":"info","msg":"{\"ev\":\"accepted\",\"id\":\"ce269821-1876-4a8b-9c4c-69c68708e24c\",\"t\":1791218693495}","source":"console","time":"2026-10-05T16:44:53Z"}
{"level":"info","msg":"{\"ev\":\"accepted\",\"id\":\"225e4040-6da7-4fcb-9bad-e98640de6dc1\",\"t\":1791218693961}","source":"console","time":"2026-10-05T16:44:53Z"}
{"level":"info","msg":"{\"ev\":\"accepted\",\"id\":\"b1f79d38-183c-4603-99bb-78c14fdc342e\",\"t\":1791218694403}","source":"console","time":"2026-10-05T16:44:54Z"}
{"level":"info","msg":"{\"ev\":\"accepted\",\"id\":\"c9f17824-57f7-4d1f-ab1d-630ff2811958\",\"t\":1791218694858}","source":"console","time":"2026-10-05T16:44:54Z"}
{"level":"info","msg":"{\"ev\":\"accepted\",\"id\":\"fceae2e7-d7f0-4468-bde6-c03ed520bb3d\",\"t\":1791218695313}","source":"console","time":"2026-10-05T16:44:55Z"}
{"level":"info","msg":"{\"ev\":\"accepted\",\"id\":\"6feafd7e-28f6-4795-bec3-456da3165b7d\",\"t\":1791218695771}","source":"console","time":"2026-10-05T16:44:55Z"}
{"level":"info","msg":"{\"ev\":\"accepted\",\"id\":\"ede3b9bd-b826-409a-98ff-83c0d47a37cc\",\"t\":1791218696226}","source":"console","time":"2026-10-05T16:44:56Z"}
{"level":"info","msg":"{\"ev\":\"accepted\",\"id\":\"5582848f-4795-46a9-bbbf-8c1370e696a9\",\"t\":1791218696679}","source":"console","time":"2026-10-05T16:44:56Z"}
{"level":"info","msg":"{\"ev\":\"accepted\",\"id\":\"176714c9-56f8-4322-a2dd-d001164bdb01\",\"t\":1791218697132}","source":"console","time":"2026-10-05T16:44:57Z"}
{"level":"info","msg":"{\"ev\":\"accepted\",\"id\":\"ef9c0f19-c03d-411e-a1e0-bfc57f75fda4\",\"t\":1791218697584}","source":"console","time":"2026-10-05T16:44:57Z"}
{"level":"info","msg":"{\"ev\":\"accepted\",\"id\":\"2646a728-bf2a-4fa8-8bf2-9dabceb4ff4f\",\"t\":1791218698040}","source":"console","time":"2026-10-05T16:44:58Z"}
{"level":"info","msg":"{\"ev\":\"accepted\",\"id\":\"896136cb-47ce-4ca2-b664-042db135b40f\",\"t\":1791218698498}","source":"console","time":"2026-10-05T16:44:58Z"}
{"level":"info","msg":"{\"ev\":\"accepted\",\"id\":\"c5686c25-fba8-445e-8ae0-ff2cf1acceed\",\"t\":1791218698949}","source":"console","time":"2026-10-05T16:44:58Z"}
{"level":"info","msg":"{\"ev\":\"accepted\",\"id\":\"3976e09f-8d8f-4edb-865b-fb18947eccdf\",\"t\":1791218699404}","source":"console","time":"2026-10-05T16:44:59Z"}
{"level":"info","msg":"{\"ev\":\"accepted\",\"id\":\"16cf03e9-e244-459b-80f8-b2c9a6cb0e06\",\"t\":1791218699859}","source":"console","time":"2026-10-05T16:44:59Z"}
{"level":"info","msg":"{\"ev\":\"accepted\",\"id\":\"a4ed8d3f-4aa9-4224-84f2-9415208af77d\",\"t\":1791218700318}","source":"console","time":"2026-10-05T16:45:00Z"}
{"level":"info","msg":"{\"ev\":\"accepted\",\"id\":\"06d2e22b-518b-4ada-8714-932c4c3978b0\",\"t\":1791218700769}","source":"console","time":"2026-10-05T16:45:00Z"}
{"level":"info","msg":"{\"ev\":\"accepted\",\"id\":\"cd6473d0-f84e-4596-b1d7-d4ba2591908b\",\"t\":1791218701234}","source":"console","time":"2026-10-05T16:45:01Z"}
{"level":"info","msg":"{\"ev\":\"accepted\",\"id\":\"5b4b9e47-f890-4995-a046-c83113f4258d\",\"t\":1791218701682}","source":"console","time":"2026-10-05T16:45:01Z"}
{"level":"info","msg":"{\"ev\":\"accepted\",\"id\":\"973c69d5-f0ce-44b0-bef4-f939f5a74f75\",\"t\":1791218702130}","source":"console","time":"2026-10-05T16:45:02Z"}
{"level":"info","msg":"{\"ev\":\"accepted\",\"id\":\"ae87e51d-57de-4678-87b6-017b8245cae6\",\"t\":1791218702586}","source":"console","time":"2026-10-05T16:45:02Z"}
{"level":"info","msg":"{\"ev\":\"accepted\",\"id\":\"5eb73435-d7c4-46ac-a87f-f0b7afaf4851\",\"t\":1791218703053}","source":"console","time":"2026-10-05T16:45:03Z"}
{"level":"info","msg":"{\"ev\":\"accepted\",\"id\":\"0d06c913-c28d-4793-a565-aed1f992752d\",\"t\":1791218703520}","source":"console","time":"2026-10-05T16:45:03Z"}
{"level":"info","msg":"{\"ev\":\"accepted\",\"id\":\"425bb457-e7ba-49f2-83f0-95be6d68f66d\",\"t\":1791218703966}","source":"console","time":"2026-10-05T16:45:03Z"}
{"level":"info","msg":"{\"ev\":\"accepted\",\"id\":\"97b58919-ce56-4cf5-bc6a-774f5a3cd867\",\"t\":1791218704409}","source":"console","time":"2026-10-05T16:45:04Z"}
{"level":"info","msg":"{\"ev\":\"accepted\",\"id\":\"d3b35b5e-4ed4-413e-b3a1-22edba048336\",\"t\":1791218704863}","source":"console","time":"2026-10-05T16:45:04Z"}
{"level":"info","msg":"{\"ev\":\"accepted\",\"id\":\"43039ff4-da9a-49aa-a33a-b9f77677aaa6\",\"t\":1791218705331}","source":"console","time":"2026-10-05T16:45:05Z"}
{"level":"info","msg":"{\"ev\":\"accepted\",\"id\":\"05ea51cb-0599-442d-a880-a3b60798cfcd\",\"t\":1791218705768}","source":"console","time":"2026-10-05T16:45:05Z"}
{"level":"info","msg":"{\"ev\":\"accepted\",\"id\":\"94e421ec-72ab-479c-9664-bbcc8f4377ac\",\"t\":1791218706235}","source":"console","time":"2026-10-05T16:45:06Z"}
{"level":"info","msg":"{\"ev\":\"accepted\",\"id\":\"dc763894-9e10-403f-8079-a395a3d19fc5\",\"t\":1791218706685}","source":"console","time":"2026-10-05T16:45:06Z"}
{"level":"info","msg":"{\"ev\":\"accepted\",\"id\":\"dfe21f5d-1267-47c4-a0c5-ffc0ab3df208\",\"t\":1791218707136}","source":"console","time":"2026-10-05T16:45:07Z"}
{"level":"info","msg":"{\"ev\":\"accepted\",\"id\":\"f9647e8d-27e0-4765-b19b-fdf45417415e\",\"t\":1791218707586}","source":"console","time":"2026-10-05T16:45:07Z"}
{"level":"info","msg":"{\"ev\":\"accepted\",\"id\":\"38ebdf23-1b44-47dc-8598-3cb2d832d3f1\",\"t\":1791218708049}","source":"console","time":"2026-10-05T16:45:08Z"}
{"level":"info","msg":"{\"ev\":\"accepted\",\"id\":\"de85610f-6c83-4f54-855c-809a957ba3ac\",\"t\":1791218708542}","source":"console","time":"2026-10-05T16:45:08Z"}
{"level":"info","msg":"{\"ev\":\"accepted\",\"id\":\"4d9404a0-01b8-43c8-9bde-af66934ebbf8\",\"t\":1791218708951}","source":"console","time":"2026-10-05T16:45:08Z"}
{"level":"info","msg":"{\"ev\":\"accepted\",\"id\":\"d130b6f1-26c9-4a17-b040-7d25bd5f69fc\",\"t\":1791218709407}","source":"console","time":"2026-10-05T16:45:09Z"}
{"level":"info","msg":"{\"ev\":\"accepted\",\"id\":\"e83660c1-e5a8-4cb3-a79e-0a87de877034\",\"t\":1791218709861}","source":"console","time":"2026-10-05T16:45:09Z"}
{"level":"info","msg":"{\"ev\":\"accepted\",\"id\":\"69a21d4b-b759-4b08-bb01-94ed2cdf915e\",\"t\":1791218710312}","source":"console","time":"2026-10-05T16:45:10Z"}
{"level":"info","msg":"{\"ev\":\"accepted\",\"id\":\"295dd149-1f03-49d8-beea-6566747ce0e7\",\"t\":1791218710774}","source":"console","time":"2026-10-05T16:45:10Z"}
{"level":"info","msg":"{\"ev\":\"accepted\",\"id\":\"dc583f77-af7b-4d09-bc1e-daf0aa99b2cc\",\"t\":1791218711221}","source":"console","time":"2026-10-05T16:45:11Z"}
{"level":"info","msg":"{\"ev\":\"accepted\",\"id\":\"bfb1d34c-a099-430c-9080-4a6480acf87a\",\"t\":1791218711704}","source":"console","time":"2026-10-05T16:45:11Z"}
{"level":"info","msg":"{\"ev\":\"accepted\",\"id\":\"613ac40f-53b7-4b50-b0fe-0e1133af3793\",\"t\":1791218712162}","source":"console","time":"2026-10-05T16:45:12Z"}
{"level":"info","msg":"{\"ev\":\"accepted\",\"id\":\"204ec937-b669-47fa-b6d1-005baa4168fc\",\"t\":1791218712585}","source":"console","time":"2026-10-05T16:45:12Z"}
{"level":"info","msg":"{\"ev\":\"accepted\",\"id\":\"59f3325a-38f9-4dee-a2a5-337dd92d6d5e\",\"t\":1791218713039}","source":"console","time":"2026-10-05T16:45:13Z"}
{"level":"info","msg":"{\"ev\":\"accepted\",\"id\":\"98a92faf-a971-4b33-9f08-42dc71d0e2a4\",\"t\":1791218713493}","source":"console","time":"2026-10-05T16:45:13Z"}
{"level":"info","msg":"{\"ev\":\"accepted\",\"id\":\"747078e8-c7e7-4e96-b21d-4f4fcf50ca0f\",\"t\":1791218713956}","source":"console","time":"2026-10-05T16:45:13Z"}
{"level":"info","msg":"{\"ev\":\"accepted\",\"id\":\"a30ba9c6-e1c8-4d87-ad0c-338084c5ab16\",\"t\":1791218714405}","source":"console","time":"2026-10-05T16:45:14Z"}
{"level":"info","msg":"{\"ev\":\"accepted\",\"id\":\"b340c02d-71ec-4e73-bf11-abebc17ad681\",\"t\":1791218714858}","source":"console","time":"2026-10-05T16:45:14Z"}
{"level":"info","msg":"{\"ev\":\"accepted\",\"id\":\"e891daaf-c5a3-45a4-a100-86b4e5a17268\",\"t\":1791218715316}","source":"console","time":"2026-10-05T16:45:15Z"}
{"level":"info","msg":"{\"ev\":\"accepted\",\"id\":\"a6843ac8-bfbd-496b-9c2e-412237eeff55\",\"t\":1791218715791}","source":"console","time":"2026-10-05T16:45:15Z"}
{"level":"info","msg":"{\"ev\":\"accepted\",\"id\":\"5a11ca2a-83be-46b9-b227-58c75142d04b\",\"t\":1791218716241}","source":"console","time":"2026-10-05T16:45:16Z"}
{"level":"info","msg":"{\"ev\":\"accepted\",\"id\":\"c70fcfeb-d041-4e31-b14e-f05f6d997159\",\"t\":1791218716701}","source":"console","time":"2026-10-05T16:45:16Z"}
{"level":"info","msg":"{\"ev\":\"accepted\",\"id\":\"15ba478c-4bb5-489e-b5e9-3dff623e7220\",\"t\":1791218717132}","source":"console","time":"2026-10-05T16:45:17Z"}
{"level":"info","msg":"{\"ev\":\"accepted\",\"id\":\"1f088c73-f389-47ff-a58c-7baf2f3413da\",\"t\":1791218717586}","source":"console","time":"2026-10-05T16:45:17Z"}
{"level":"info","msg":"{\"ev\":\"accepted\",\"id\":\"f643590f-fde9-4f10-8508-080f0948981c\",\"t\":1791218718041}","source":"console","time":"2026-10-05T16:45:18Z"}
{"level":"info","msg":"{\"ev\":\"accepted\",\"id\":\"919e204d-6d74-49ec-8656-846c81e94948\",\"t\":1791218718492}","source":"console","time":"2026-10-05T16:45:18Z"}
{"level":"info","msg":"{\"ev\":\"accepted\",\"id\":\"640f09c7-32e0-43d3-91e6-1d64b9a3bf2a\",\"t\":1791218718952}","source":"console","time":"2026-10-05T16:45:18Z"}
{"level":"info","msg":"{\"ev\":\"accepted\",\"id\":\"f980e904-0358-42ed-89c2-213d9b3987b9\",\"t\":1791218719402}","source":"console","time":"2026-10-05T16:45:19Z"}
{"level":"info","msg":"{\"ev\":\"accepted\",\"id\":\"bcf346d2-304e-498a-b540-221f22e79fed\",\"t\":1791218719859}","source":"console","time":"2026-10-05T16:45:19Z"}
{"level":"info","msg":"{\"ev\":\"accepted\",\"id\":\"72b661d5-efa7-4d5c-8cf6-c4dc1355261c\",\"t\":1791218720317}","source":"console","time":"2026-10-05T16:45:20Z"}
{"level":"info","msg":"{\"ev\":\"accepted\",\"id\":\"ba6add4c-4c6e-4ce4-93a4-7e1e683e646e\",\"t\":1791218720767}","source":"console","time":"2026-10-05T16:45:20Z"}
{"level":"info","msg":"{\"ev\":\"accepted\",\"id\":\"1d0892e4-1de0-4c7f-93d9-5b3d5b4340ab\",\"t\":1791218721228}","source":"console","time":"2026-10-05T16:45:21Z"}
{"level":"info","msg":"{\"ev\":\"accepted\",\"id\":\"932be904-e488-450f-a542-de19ff55fbbc\",\"t\":1791218721678}","source":"console","time":"2026-10-05T16:45:21Z"}
{"level":"info","msg":"{\"ev\":\"accepted\",\"id\":\"9cba9fd0-00d4-496c-a6f6-1d14f2b9d808\",\"t\":1791218722136}","source":"console","time":"2026-10-05T16:45:22Z"}
{"level":"info","msg":"{\"ev\":\"accepted\",\"id\":\"e09a1c14-cb18-4f63-8ee8-605ae446972b\",\"t\":1791218722589}","source":"console","time":"2026-10-05T16:45:22Z"}
{"level":"info","msg":"{\"ev\":\"accepted\",\"id\":\"f59f5345-8018-42e4-beb5-ce4e1cfc587d\",\"t\":1791218723043}","source":"console","time":"2026-10-05T16:45:23Z"}
{"level":"info","msg":"{\"ev\":\"accepted\",\"id\":\"0d77b202-b747-4004-a4c7-ef557790631a\",\"t\":1791218723498}","source":"console","time":"2026-10-05T16:45:23Z"}
{"level":"info","msg":"{\"ev\":\"accepted\",\"id\":\"576f7824-5949-4a17-b413-f8666ccdf3f3\",\"t\":1791218723961}","source":"console","time":"2026-10-05T16:45:23Z"}
{"level":"info","msg":"{\"ev\":\"accepted\",\"id\":\"84b36ab3-4089-4407-8406-288aef96aa6c\",\"t\":1791218724405}","source":"console","time":"2026-10-05T16:45:24Z"}
{"level":"info","msg":"{\"ev\":\"accepted\",\"id\":\"099a7352-2458-4ef0-b178-6f882ce89a83\",\"t\":1791218724871}","source":"console","time":"2026-10-05T16:45:24Z"}
{"level":"info","msg":"{\"ev\":\"accepted\",\"id\":\"c3f68281-eff5-4299-a6de-cd2f246906e1\",\"t\":1791218725343}","source":"console","time":"2026-10-05T16:45:25Z"}
{"level":"info","msg":"{\"ev\":\"accepted\",\"id\":\"a95834b3-71ad-409b-8fd1-4aaed80d8c10\",\"t\":1791218725771}","source":"console","time":"2026-10-05T16:45:25Z"}
{"level":"info","msg":"{\"ev\":\"accepted\",\"id\":\"07af6258-9276-445a-a193-ab7ae648d34d\",\"t\":1791218726402}","source":"console","time":"2026-10-05T16:45:26Z"}
{"level":"info","msg":"{\"ev\":\"accepted\",\"id\":\"2dce2226-6170-413a-8645-4d4f698ec9fc\",\"t\":1791218726801}","source":"console","time":"2026-10-05T16:45:26Z"}
{"level":"info","msg":"{\"ev\":\"accepted\",\"id\":\"4d0f99e2-42e0-4518-8a13-c880e26a74ce\",\"t\":1791218727247}","source":"console","time":"2026-10-05T16:45:27Z"}
{"level":"info","msg":"{\"ev\":\"accepted\",\"id\":\"2ca1c0e6-30b3-42dd-9e02-247a65f6defe\",\"t\":1791218727709}","source":"console","time":"2026-10-05T16:45:27Z"}
{"level":"info","msg":"{\"ev\":\"accepted\",\"id\":\"dab9bb08-913b-4530-b299-b163a3d7d728\",\"t\":1791218728150}","source":"console","time":"2026-10-05T16:45:28Z"}
{"level":"info","msg":"{\"ev\":\"accepted\",\"id\":\"66d4e4c9-6f33-4e7e-87b1-9c35dc894e9e\",\"t\":1791218728637}","source":"console","time":"2026-10-05T16:45:28Z"}
{"level":"info","msg":"{\"ev\":\"accepted\",\"id\":\"d91c1f78-2d03-42ed-96c8-579def05779b\",\"t\":1791218729070}","source":"console","time":"2026-10-05T16:45:29Z"}
{"level":"info","msg":"{\"ev\":\"accepted\",\"id\":\"e7a5c36e-d757-4eff-9ec4-1e79fe6a543b\",\"t\":1791218729533}","source":"console","time":"2026-10-05T16:45:29Z"}
{"level":"info","msg":"{\"ev\":\"accepted\",\"id\":\"16a352bc-d43c-45f5-a3c5-0b910580c34e\",\"t\":1791218729979}","source":"console","time":"2026-10-05T16:45:29Z"}
{"level":"info","msg":"{\"ev\":\"accepted\",\"id\":\"177b7914-c5c9-4344-b26f-8e0bca50a8a7\",\"t\":1791218730439}","source":"console","time":"2026-10-05T16:45:30Z"}
{"level":"info","msg":"{\"ev\":\"accepted\",\"id\":\"4acfd98c-cc3a-40a8-b16c-c61595135bef\",\"t\":1791218730909}","source":"console","time":"2026-10-05T16:45:30Z"}
{"level":"info","msg":"{\"ev\":\"accepted\",\"id\":\"46f0b48a-ec5b-4053-9429-04e1d33b0196\",\"t\":1791218731347}","source":"console","time":"2026-10-05T16:45:31Z"}
{"level":"info","msg":"{\"ev\":\"accepted\",\"id\":\"650bd8b8-9401-41cd-8722-9591cdd28e72\",\"t\":1791218731815}","source":"console","time":"2026-10-05T16:45:31Z"}
{"level":"info","msg":"{\"ev\":\"accepted\",\"id\":\"48fb5a53-8dad-49b4-95e3-18e7ea9358ce\",\"t\":1791218732260}","source":"console","time":"2026-10-05T16:45:32Z"}
{"level":"info","msg":"{\"ev\":\"accepted\",\"id\":\"0fbba8ed-6712-4afd-8bf8-1dd879e475df\",\"t\":1791218732766}","source":"console","time":"2026-10-05T16:45:32Z"}
{"level":"info","msg":"{\"ev\":\"accepted\",\"id\":\"3a42764f-2cb9-4e18-8ff4-e8ea6f393668\",\"t\":1791218733195}","source":"console","time":"2026-10-05T16:45:33Z"}
{"level":"info","msg":"{\"ev\":\"accepted\",\"id\":\"9b714ef1-5eff-4326-beea-4c0f7b8085c8\",\"t\":1791218733632}","source":"console","time":"2026-10-05T16:45:33Z"}
{"level":"info","msg":"{\"ev\":\"accepted\",\"id\":\"1dfa99b7-dfb1-4701-b5fe-ae517eb25571\",\"t\":1791218734076}","source":"console","time":"2026-10-05T16:45:34Z"}
{"level":"info","msg":"{\"ev\":\"accepted\",\"id\":\"38ace408-fe0d-4184-aac7-50cb1396a8f4\",\"t\":1791218734522}","source":"console","time":"2026-10-05T16:45:34Z"}
{"level":"info","msg":"{\"ev\":\"accepted\",\"id\":\"6603bb46-8050-4be6-983d-935c76979fde\",\"t\":1791218735002}","source":"console","time":"2026-10-05T16:45:35Z"}
{"level":"info","msg":"{\"ev\":\"accepted\",\"id\":\"64f61cd0-98e9-4679-a7ae-583efb301a52\",\"t\":1791218735420}","source":"console","time":"2026-10-05T16:45:35Z"}
{"level":"info","msg":"{\"ev\":\"accepted\",\"id\":\"d8426765-df9b-4d3e-b48d-740ff2426112\",\"t\":1791218735898}","source":"console","time":"2026-10-05T16:45:35Z"}
{"level":"info","msg":"{\"ev\":\"accepted\",\"id\":\"7a33464d-4e59-40d4-bd26-1465f0dd2881\",\"t\":1791218736438}","source":"console","time":"2026-10-05T16:45:36Z"}
{"level":"info","msg":"{\"ev\":\"accepted\",\"id\":\"668ed7a5-e7b8-49d9-b961-f14d72337188\",\"t\":1791218736869}","source":"console","time":"2026-10-05T16:45:36Z"}
{"level":"info","msg":"{\"ev\":\"accepted\",\"id\":\"7687f923-2efe-4c90-b4a2-98c02ef3fab6\",\"t\":1791218737295}","source":"console","time":"2026-10-05T16:45:37Z"}
{"level":"info","msg":"{\"ev\":\"accepted\",\"id\":\"9fcc9060-fce2-4067-ab8a-2ea477c6ddce\",\"t\":1791218737715}","source":"console","time":"2026-10-05T16:45:37Z"}
{"level":"info","msg":"{\"ev\":\"accepted\",\"id\":\"a653f6ff-9172-4453-9fa3-e149bf098662\",\"t\":1791218738140}","source":"console","time":"2026-10-05T16:45:38Z"}
{"level":"info","msg":"{\"ev\":\"accepted\",\"id\":\"9ce03c3d-3484-45a0-960b-1298fe87b4a6\",\"t\":1791218738616}","source":"console","time":"2026-10-05T16:45:38Z"}
{"level":"info","msg":"{\"ev\":\"accepted\",\"id\":\"66fb947a-e523-4e37-a033-b90fc979209e\",\"t\":1791218739076}","source":"console","time":"2026-10-05T16:45:39Z"}
{"level":"info","msg":"{\"ev\":\"accepted\",\"id\":\"b450cf32-965e-4c23-a328-3318385a438c\",\"t\":1791218739540}","source":"console","time":"2026-10-05T16:45:39Z"}
{"level":"info","msg":"{\"ev\":\"accepted\",\"id\":\"817db565-c47b-4ba3-bea3-74770a055127\",\"t\":1791218739966}","source":"console","time":"2026-10-05T16:45:39Z"}
{"level":"info","msg":"{\"ev\":\"accepted\",\"id\":\"7f4ccb9e-0c6d-4b78-b18a-a74a4a4b7ae8\",\"t\":1791218740449}","source":"console","time":"2026-10-05T16:45:40Z"}
{"level":"info","msg":"{\"ev\":\"accepted\",\"id\":\"87cca1a1-8594-4915-add0-29ac354a8be8\",\"t\":1791218740943}","source":"console","time":"2026-10-05T16:45:40Z"}
{"level":"info","msg":"{\"ev\":\"accepted\",\"id\":\"84296a52-c58e-4f98-ad9c-5e889806c519\",\"t\":1791218741354}","source":"console","time":"2026-10-05T16:45:41Z"}
{"level":"info","msg":"{\"ev\":\"accepted\",\"id\":\"63b91837-8203-491f-b208-9df565364a41\",\"t\":1791218741809}","source":"console","time":"2026-10-05T16:45:41Z"}
{"level":"info","msg":"{\"ev\":\"accepted\",\"id\":\"35bb5c5a-8b64-4f24-8799-3abd9848f127\",\"t\":1791218742254}","source":"console","time":"2026-10-05T16:45:42Z"}
{"level":"info","msg":"{\"ev\":\"accepted\",\"id\":\"8f15113e-e8f1-4d15-b415-b60013cc80af\",\"t\":1791218742707}","source":"console","time":"2026-10-05T16:45:42Z"}
{"level":"info","msg":"{\"ev\":\"accepted\",\"id\":\"b2a64625-d78b-46c8-b677-a02302e783ea\",\"t\":1791218743164}","source":"console","time":"2026-10-05T16:45:43Z"}
{"level":"info","msg":"{\"ev\":\"accepted\",\"id\":\"364fb766-7ac8-49dc-a66c-4026741840cf\",\"t\":1791218743625}","source":"console","time":"2026-10-05T16:45:43Z"}
{"level":"info","msg":"{\"ev\":\"accepted\",\"id\":\"70df9aee-c492-4cb6-9e00-cc981cf13552\",\"t\":1791218744092}","source":"console","time":"2026-10-05T16:45:44Z"}
{"level":"info","msg":"{\"ev\":\"accepted\",\"id\":\"aeeaa8fe-780e-4e66-872e-77ebe4d0d251\",\"t\":1791218744507}","source":"console","time":"2026-10-05T16:45:44Z"}
{"level":"info","msg":"{\"ev\":\"accepted\",\"id\":\"670430af-5090-43d3-baaa-7e2733e1cd58\",\"t\":1791218744972}","source":"console","time":"2026-10-05T16:45:44Z"}
{"level":"info","msg":"{\"ev\":\"accepted\",\"id\":\"f86b68aa-bc20-417e-83c2-697a618443da\",\"t\":1791218745459}","source":"console","time":"2026-10-05T16:45:45Z"}
{"level":"info","msg":"{\"ev\":\"accepted\",\"id\":\"5f510eaa-3637-4fcc-b998-ebb16adc7fd4\",\"t\":1791218745960}","source":"console","time":"2026-10-05T16:45:45Z"}
{"level":"info","msg":"{\"ev\":\"accepted\",\"id\":\"f01a67fa-3b02-4652-bad8-0754412e0a45\",\"t\":1791218746383}","source":"console","time":"2026-10-05T16:45:46Z"}
{"level":"info","msg":"{\"ev\":\"accepted\",\"id\":\"d3e11afb-ee06-4ed3-a9a4-5cb4c34abf29\",\"t\":1791218746828}","source":"console","time":"2026-10-05T16:45:46Z"}
{"level":"info","msg":"{\"ev\":\"accepted\",\"id\":\"b0ceb268-165f-4ce8-872a-c72840e42b96\",\"t\":1791218747247}","source":"console","time":"2026-10-05T16:45:47Z"}
{"level":"info","msg":"{\"ev\":\"accepted\",\"id\":\"e43a3879-8030-49ea-a245-18fd77928423\",\"t\":1791218747686}","source":"console","time":"2026-10-05T16:45:47Z"}
{"level":"info","msg":"{\"ev\":\"accepted\",\"id\":\"963bf90b-0556-43bf-b9bb-0a37afff05c4\",\"t\":1791218748137}","source":"console","time":"2026-10-05T16:45:48Z"}
{"level":"info","msg":"{\"ev\":\"accepted\",\"id\":\"114bf38c-ebbb-484b-952e-913dabf2acf9\",\"t\":1791218748593}","source":"console","time":"2026-10-05T16:45:48Z"}
{"level":"info","msg":"{\"ev\":\"accepted\",\"id\":\"f84b0873-3b63-4521-a5cf-82374611ce39\",\"t\":1791218749067}","source":"console","time":"2026-10-05T16:45:49Z"}
{"level":"info","msg":"{\"ev\":\"accepted\",\"id\":\"ea9e46ff-56af-41d9-b65d-106965b51a68\",\"t\":1791218749551}","source":"console","time":"2026-10-05T16:45:49Z"}
{"level":"info","msg":"{\"ev\":\"accepted\",\"id\":\"7b765f74-d244-4b87-b974-50f6156631e9\",\"t\":1791218749989}","source":"console","time":"2026-10-05T16:45:49Z"}
{"level":"info","msg":"{\"ev\":\"accepted\",\"id\":\"479b2210-1714-44c9-8bfe-02eb3f07bac6\",\"t\":1791218750496}","source":"console","time":"2026-10-05T16:45:50Z"}
{"level":"info","msg":"{\"ev\":\"accepted\",\"id\":\"7c4b0ba6-3193-4561-b597-46f25f852167\",\"t\":1791218750910}","source":"console","time":"2026-10-05T16:45:50Z"}
{"level":"info","msg":"{\"ev\":\"accepted\",\"id\":\"aa451168-f009-4842-8c90-2d8bbdcb5ef7\",\"t\":1791218751343}","source":"console","time":"2026-10-05T16:45:51Z"}
{"level":"info","msg":"{\"ev\":\"accepted\",\"id\":\"ae70faaf-d7c4-43ed-8450-47423389568a\",\"t\":1791218751777}","source":"console","time":"2026-10-05T16:45:51Z"}
{"level":"info","msg":"{\"ev\":\"accepted\",\"id\":\"3424212c-03a6-44a9-9519-3ed47c8d14b4\",\"t\":1791218752262}","source":"console","time":"2026-10-05T16:45:52Z"}
{"level":"info","msg":"{\"ev\":\"accepted\",\"id\":\"430e38cc-e0b3-4f11-8381-fd04a6426c9a\",\"t\":1791218752777}","source":"console","time":"2026-10-05T16:45:52Z"}
{"level":"info","msg":"{\"ev\":\"accepted\",\"id\":\"4058c901-996b-4637-9311-8f52058b1253\",\"t\":1791218753175}","source":"console","time":"2026-10-05T16:45:53Z"}
{"level":"info","msg":"{\"ev\":\"accepted\",\"id\":\"5da20818-7119-4466-8fb1-5b09f1a3ebce\",\"t\":1791218753631}","source":"console","time":"2026-10-05T16:45:53Z"}
{"level":"info","msg":"{\"ev\":\"accepted\",\"id\":\"eaa869df-1609-4ae3-aa5e-c186d002f170\",\"t\":1791218754127}","source":"console","time":"2026-10-05T16:45:54Z"}
{"level":"info","msg":"{\"ev\":\"accepted\",\"id\":\"f6f913be-cf49-40be-a35c-2779cb8d7ccc\",\"t\":1791218754538}","source":"console","time":"2026-10-05T16:45:54Z"}
{"level":"info","msg":"{\"ev\":\"accepted\",\"id\":\"187b8c8f-5a97-433e-8bc7-ee6a92e78f36\",\"t\":1791218754988}","source":"console","time":"2026-10-05T16:45:54Z"}
{"level":"info","msg":"{\"ev\":\"accepted\",\"id\":\"30ad13b8-acd4-46a2-b97c-98b84076c8f9\",\"t\":1791218755441}","source":"console","time":"2026-10-05T16:45:55Z"}
{"level":"info","msg":"{\"ev\":\"accepted\",\"id\":\"b52a8f51-99ed-45f5-910f-af21cce3834f\",\"t\":1791218755888}","source":"console","time":"2026-10-05T16:45:55Z"}
{"level":"info","msg":"{\"ev\":\"accepted\",\"id\":\"b24bdbca-0067-4bb3-97ef-5ec36dd33251\",\"t\":1791218756350}","source":"console","time":"2026-10-05T16:45:56Z"}
{"level":"info","msg":"{\"ev\":\"accepted\",\"id\":\"61fc9f47-4268-4e63-876d-8386fbbea63e\",\"t\":1791218756802}","source":"console","time":"2026-10-05T16:45:56Z"}
{"level":"info","msg":"{\"ev\":\"accepted\",\"id\":\"1d917ab7-ee0a-460b-a320-6bd5b8de527c\",\"t\":1791218757261}","source":"console","time":"2026-10-05T16:45:57Z"}
{"level":"info","msg":"{\"ev\":\"accepted\",\"id\":\"e3be8ee8-9065-45f1-a689-60d424c837f8\",\"t\":1791218757678}","source":"console","time":"2026-10-05T16:45:57Z"}
{"level":"info","msg":"{\"ev\":\"accepted\",\"id\":\"70051139-5635-46a3-8600-0fd7f21805a3\",\"t\":1791218758137}","source":"console","time":"2026-10-05T16:45:58Z"}
{"level":"info","msg":"{\"ev\":\"accepted\",\"id\":\"aa33e44d-70e5-40ae-9513-49f9a80e7903\",\"t\":1791218758633}","source":"console","time":"2026-10-05T16:45:58Z"}
{"level":"info","msg":"{\"ev\":\"accepted\",\"id\":\"79999e3e-126c-46c7-927b-f99829981d43\",\"t\":1791218759086}","source":"console","time":"2026-10-05T16:45:59Z"}
{"level":"info","msg":"{\"ev\":\"accepted\",\"id\":\"762fa960-939e-4be9-bcb7-fecd45d65672\",\"t\":1791218759509}","source":"console","time":"2026-10-05T16:45:59Z"}
{"level":"info","msg":"{\"ev\":\"accepted\",\"id\":\"1251353c-527e-41b2-ad4e-3931dfc6c986\",\"t\":1791218759957}","source":"console","time":"2026-10-05T16:45:59Z"}
{"level":"info","msg":"{\"ev\":\"accepted\",\"id\":\"6b8d415a-4254-4846-a843-ba342e7ac466\",\"t\":1791218760413}","source":"console","time":"2026-10-05T16:46:00Z"}
{"level":"info","msg":"{\"ev\":\"accepted\",\"id\":\"75d76966-080f-492f-9f88-4cb6f7dac8fa\",\"t\":1791218760882}","source":"console","time":"2026-10-05T16:46:00Z"}
{"level":"info","msg":"{\"ev\":\"accepted\",\"id\":\"2d3189df-cf1f-4933-b249-ed52d382ab0a\",\"t\":1791218761335}","source":"console","time":"2026-10-05T16:46:01Z"}
{"level":"info","msg":"{\"ev\":\"accepted\",\"id\":\"c9219818-e0e0-4e10-8e5b-c741697e403b\",\"t\":1791218761771}","source":"console","time":"2026-10-05T16:46:01Z"}
{"level":"info","msg":"{\"ev\":\"accepted\",\"id\":\"9e635b7e-c006-4aa6-8258-90fb3c26d7bf\",\"t\":1791218762256}","source":"console","time":"2026-10-05T16:46:02Z"}
{"level":"info","msg":"{\"ev\":\"accepted\",\"id\":\"0d32c5ff-8bda-4e2f-b953-c4ff01c32280\",\"t\":1791218762717}","source":"console","time":"2026-10-05T16:46:02Z"}
{"level":"info","msg":"{\"ev\":\"accepted\",\"id\":\"e3280152-7cd8-41cb-a83c-cc84ab30c625\",\"t\":1791218763155}","source":"console","time":"2026-10-05T16:46:03Z"}
{"level":"info","msg":"{\"ev\":\"accepted\",\"id\":\"5937d067-b295-41e2-9cd1-f6b50c3a5433\",\"t\":1791218763596}","source":"console","time":"2026-10-05T16:46:03Z"}
{"level":"info","msg":"{\"ev\":\"accepted\",\"id\":\"6dd3058c-1fb3-4d23-90bb-40efb6c92bcb\",\"t\":1791218764050}","source":"console","time":"2026-10-05T16:46:04Z"}
{"level":"info","msg":"{\"ev\":\"accepted\",\"id\":\"5e26b5b1-6b1c-4cd4-8d52-e5eb99152746\",\"t\":1791218764508}","source":"console","time":"2026-10-05T16:46:04Z"}
{"level":"info","msg":"{\"ev\":\"accepted\",\"id\":\"3723ff03-3a40-4dea-875c-4aa2939b7681\",\"t\":1791218764995}","source":"console","time":"2026-10-05T16:46:04Z"}
{"level":"info","msg":"{\"ev\":\"accepted\",\"id\":\"2517a284-c5d7-4139-9d51-a1528342001e\",\"t\":1791218765431}","source":"console","time":"2026-10-05T16:46:05Z"}
{"level":"info","msg":"{\"ev\":\"accepted\",\"id\":\"dd8dcd63-3d3b-4a98-bb90-874993e792e9\",\"t\":1791218765870}","source":"console","time":"2026-10-05T16:46:05Z"}
{"level":"info","msg":"{\"ev\":\"accepted\",\"id\":\"e1a95f68-9438-4b1d-9711-820eb8dff9a6\",\"t\":1791218766324}","source":"console","time":"2026-10-05T16:46:06Z"}
{"level":"info","msg":"{\"ev\":\"accepted\",\"id\":\"b06cf198-432e-4d44-8fd8-26f26794ae8a\",\"t\":1791218766782}","source":"console","time":"2026-10-05T16:46:06Z"}
{"level":"info","msg":"{\"ev\":\"accepted\",\"id\":\"32b09a0e-22f9-4e14-8e80-df66bf1daf37\",\"t\":1791218767311}","source":"console","time":"2026-10-05T16:46:07Z"}
{"level":"info","msg":"{\"ev\":\"accepted\",\"id\":\"269c5989-5e44-4f6f-97d4-9e9a2aade699\",\"t\":1791218767713}","source":"console","time":"2026-10-05T16:46:07Z"}
{"level":"info","msg":"{\"ev\":\"accepted\",\"id\":\"c8bfc718-1e66-4f97-a937-7d5159b2fbcc\",\"t\":1791218768269}","source":"console","time":"2026-10-05T16:46:08Z"}
{"level":"info","msg":"{\"ev\":\"accepted\",\"id\":\"ca0ad99b-6dbd-4dcf-80e6-e423cf14c67e\",\"t\":1791218768660}","source":"console","time":"2026-10-05T16:46:08Z"}
{"level":"info","msg":"{\"ev\":\"accepted\",\"id\":\"50a0742f-e694-42ed-ae5a-4af028616562\",\"t\":1791218769073}","source":"console","time":"2026-10-05T16:46:09Z"}
{"level":"info","msg":"{\"ev\":\"accepted\",\"id\":\"de328567-e856-4b45-9502-49e107205d55\",\"t\":1791218769606}","source":"console","time":"2026-10-05T16:46:09Z"}
{"level":"info","msg":"{\"ev\":\"accepted\",\"id\":\"f7906e3a-542b-41c4-bbd3-252c91b76ff8\",\"t\":1791218770018}","source":"console","time":"2026-10-05T16:46:10Z"}
{"level":"info","msg":"{\"ev\":\"accepted\",\"id\":\"a401c78c-7a76-4a5d-ba95-55139c1dc6fb\",\"t\":1791218770448}","source":"console","time":"2026-10-05T16:46:10Z"}
{"level":"info","msg":"{\"ev\":\"accepted\",\"id\":\"9a498028-14f0-4ba5-94f5-1ae1e53a4a77\",\"t\":1791218770897}","source":"console","time":"2026-10-05T16:46:10Z"}
{"level":"info","msg":"{\"ev\":\"accepted\",\"id\":\"7b1c04a0-d6c6-4130-93af-05c87896fd83\",\"t\":1791218771347}","source":"console","time":"2026-10-05T16:46:11Z"}
{"level":"info","msg":"{\"ev\":\"accepted\",\"id\":\"fe65b084-bcc7-40c7-9783-f7853e031f72\",\"t\":1791218771803}","source":"console","time":"2026-10-05T16:46:11Z"}
{"level":"info","msg":"{\"ev\":\"accepted\",\"id\":\"61ba0011-9d7b-4815-a3eb-dc4a9e3b57c2\",\"t\":1791218772248}","source":"console","time":"2026-10-05T16:46:12Z"}
{"level":"info","msg":"{\"ev\":\"accepted\",\"id\":\"ca175384-15b8-4df0-90c2-d9b1e511d11e\",\"t\":1791218772712}","source":"console","time":"2026-10-05T16:46:12Z"}
{"level":"info","msg":"{\"ev\":\"accepted\",\"id\":\"ed6a9e0e-8a80-429f-93e8-6ad64c5394a1\",\"t\":1791218773162}","source":"console","time":"2026-10-05T16:46:13Z"}
{"level":"info","msg":"{\"ev\":\"accepted\",\"id\":\"777039a7-ec84-4111-88aa-735569313378\",\"t\":1791218773678}","source":"console","time":"2026-10-05T16:46:13Z"}
{"level":"info","msg":"{\"ev\":\"accepted\",\"id\":\"0d98bba7-f903-453a-ab52-757157afaca5\",\"t\":1791218774132}","source":"console","time":"2026-10-05T16:46:14Z"}
{"level":"info","msg":"{\"ev\":\"accepted\",\"id\":\"c7857010-a87d-4c10-9682-80fbc5ef7504\",\"t\":1791218774558}","source":"console","time":"2026-10-05T16:46:14Z"}
{"level":"info","msg":"{\"ev\":\"accepted\",\"id\":\"f4854db6-85b3-4967-b8ec-9c99d6066c90\",\"t\":1791218774992}","source":"console","time":"2026-10-05T16:46:14Z"}
{"level":"info","msg":"{\"ev\":\"accepted\",\"id\":\"9cafbe59-b0df-49df-a99e-5d1159982311\",\"t\":1791218775498}","source":"console","time":"2026-10-05T16:46:15Z"}
{"level":"info","msg":"{\"ev\":\"accepted\",\"id\":\"150da80f-0c40-41c6-85d7-f4a33186e7d1\",\"t\":1791218775899}","source":"console","time":"2026-10-05T16:46:15Z"}
{"level":"info","msg":"{\"ev\":\"accepted\",\"id\":\"e4c3efc9-1ca8-4e90-ae80-3e29d330ecfd\",\"t\":1791218776333}","source":"console","time":"2026-10-05T16:46:16Z"}
{"level":"info","msg":"{\"ev\":\"accepted\",\"id\":\"3de501ac-5039-42ac-b550-35f506386954\",\"t\":1791218776820}","source":"console","time":"2026-10-05T16:46:16Z"}
{"level":"info","msg":"{\"ev\":\"accepted\",\"id\":\"35bcea98-1921-4476-9a99-71913c4b7e1d\",\"t\":1791218777251}","source":"console","time":"2026-10-05T16:46:17Z"}
{"level":"info","msg":"{\"ev\":\"accepted\",\"id\":\"6c657a7f-5abb-4441-9d62-5957b27239ed\",\"t\":1791218777795}","source":"console","time":"2026-10-05T16:46:17Z"}
{"level":"info","msg":"{\"ev\":\"accepted\",\"id\":\"99a65b6f-e9be-4fca-b993-33934c9b1aa8\",\"t\":1791218778183}","source":"console","time":"2026-10-05T16:46:18Z"}
{"level":"info","msg":"{\"ev\":\"accepted\",\"id\":\"e044ead6-bbca-4d37-81fb-c5abc08d0ce0\",\"t\":1791218778609}","source":"console","time":"2026-10-05T16:46:18Z"}
{"level":"info","msg":"{\"ev\":\"accepted\",\"id\":\"49309b83-321d-4fb0-acc6-6ccdddc5e217\",\"t\":1791218779051}","source":"console","time":"2026-10-05T16:46:19Z"}
{"level":"info","msg":"{\"ev\":\"accepted\",\"id\":\"87885993-ef37-4ad8-af35-8cbeb6ac32db\",\"t\":1791218779504}","source":"console","time":"2026-10-05T16:46:19Z"}
{"level":"info","msg":"{\"ev\":\"accepted\",\"id\":\"30685932-d212-4694-b4db-cfabd37c2eba\",\"t\":1791218780074}","source":"console","time":"2026-10-05T16:46:20Z"}
{"level":"info","msg":"{\"ev\":\"accepted\",\"id\":\"444b16f4-9870-40bd-8750-ce8c3af1c352\",\"t\":1791218780452}","source":"console","time":"2026-10-05T16:46:20Z"}
{"level":"info","msg":"{\"ev\":\"accepted\",\"id\":\"28dc63f7-f52a-4947-ad06-913a9d16332e\",\"t\":1791218780878}","source":"console","time":"2026-10-05T16:46:20Z"}
{"level":"info","msg":"{\"ev\":\"accepted\",\"id\":\"fcb31beb-07d3-4923-a95f-1e5150a26d1f\",\"t\":1791218781322}","source":"console","time":"2026-10-05T16:46:21Z"}
{"level":"info","msg":"{\"ev\":\"accepted\",\"id\":\"c7c840c1-76e9-4f74-9159-14c1fbb4476e\",\"t\":1791218781780}","source":"console","time":"2026-10-05T16:46:21Z"}
{"level":"info","msg":"{\"ev\":\"accepted\",\"id\":\"67632e0d-7720-4f3e-af7f-bc0142fe6ccf\",\"t\":1791218782271}","source":"console","time":"2026-10-05T16:46:22Z"}
{"level":"info","msg":"{\"ev\":\"accepted\",\"id\":\"ec349560-0d3c-4972-953d-110fcb3ee5cb\",\"t\":1791218782699}","source":"console","time":"2026-10-05T16:46:22Z"}
{"level":"info","msg":"{\"ev\":\"accepted\",\"id\":\"9f61bef9-68a1-4074-bec5-3a695aef11df\",\"t\":1791218783143}","source":"console","time":"2026-10-05T16:46:23Z"}
{"level":"info","msg":"{\"ev\":\"accepted\",\"id\":\"96e27eeb-55af-49d0-9234-89122dda46c8\",\"t\":1791218783596}","source":"console","time":"2026-10-05T16:46:23Z"}
{"level":"info","msg":"{\"ev\":\"accepted\",\"id\":\"adeac498-bd50-4fd9-87da-7f8344123f31\",\"t\":1791218784090}","source":"console","time":"2026-10-05T16:46:24Z"}
{"level":"info","msg":"{\"ev\":\"accepted\",\"id\":\"016b7973-e48b-4284-8a2f-915a07fa27e2\",\"t\":1791218784517}","source":"console","time":"2026-10-05T16:46:24Z"}
{"level":"info","msg":"{\"ev\":\"accepted\",\"id\":\"09360206-c9b2-45fd-b307-c0800028d952\",\"t\":1791218784960}","source":"console","time":"2026-10-05T16:46:24Z"}
{"level":"info","msg":"{\"ev\":\"accepted\",\"id\":\"c16d69d0-a154-41a5-b067-251ce1d1fe40\",\"t\":1791218785420}","source":"console","time":"2026-10-05T16:46:25Z"}
{"level":"info","msg":"{\"ev\":\"accepted\",\"id\":\"f76a934d-c922-4542-87fd-42872096e068\",\"t\":1791218785949}","source":"console","time":"2026-10-05T16:46:25Z"}
{"level":"info","msg":"{\"ev\":\"accepted\",\"id\":\"b59328a6-4f50-4b35-8673-d28c147300dd\",\"t\":1791218786366}","source":"console","time":"2026-10-05T16:46:26Z"}
{"level":"info","msg":"{\"ev\":\"accepted\",\"id\":\"16040cf2-9b92-4686-a619-5c5bc4b2ef4e\",\"t\":1791218786826}","source":"console","time":"2026-10-05T16:46:26Z"}
{"level":"info","msg":"{\"ev\":\"accepted\",\"id\":\"217fd003-ad25-407c-9ec5-8d8d79248fd5\",\"t\":1791218787287}","source":"console","time":"2026-10-05T16:46:27Z"}
{"level":"info","msg":"{\"ev\":\"accepted\",\"id\":\"bdaf7994-6673-4fd6-ad5c-b831da48c259\",\"t\":1791218787720}","source":"console","time":"2026-10-05T16:46:27Z"}
{"level":"info","msg":"{\"ev\":\"accepted\",\"id\":\"82f77b33-3185-4b8e-998b-a53ff43943ff\",\"t\":1791218788141}","source":"console","time":"2026-10-05T16:46:28Z"}
{"level":"info","msg":"{\"ev\":\"accepted\",\"id\":\"ec044a26-f7a9-4509-9281-8aff197a300e\",\"t\":1791218788587}","source":"console","time":"2026-10-05T16:46:28Z"}
{"level":"info","msg":"{\"ev\":\"accepted\",\"id\":\"560f31c0-7d07-4f3c-80aa-3e0b9304f12a\",\"t\":1791218789045}","source":"console","time":"2026-10-05T16:46:29Z"}
{"level":"info","msg":"{\"ev\":\"accepted\",\"id\":\"598819fb-b1aa-4ad4-912d-1a44da32378b\",\"t\":1791218789518}","source":"console","time":"2026-10-05T16:46:29Z"}
{"level":"info","msg":"{\"ev\":\"accepted\",\"id\":\"a8784cae-f243-4910-bffd-23f42fb0a05b\",\"t\":1791218789977}","source":"console","time":"2026-10-05T16:46:29Z"}
{"level":"info","msg":"{\"ev\":\"accepted\",\"id\":\"a0e2c1e7-2f22-47ba-ad20-49894efb4740\",\"t\":1791218790465}","source":"console","time":"2026-10-05T16:46:30Z"}
{"level":"info","msg":"{\"ev\":\"accepted\",\"id\":\"d8f8821f-7955-4d46-922e-3d929adb1149\",\"t\":1791218790888}","source":"console","time":"2026-10-05T16:46:30Z"}
{"level":"info","msg":"{\"ev\":\"accepted\",\"id\":\"88a8ee0c-baa4-4b43-bbef-ad9cae8aa1e3\",\"t\":1791218791349}","source":"console","time":"2026-10-05T16:46:31Z"}
{"level":"info","msg":"{\"ev\":\"accepted\",\"id\":\"c8897f3c-1461-4fe7-b0b2-cc117c184ccc\",\"t\":1791218791863}","source":"console","time":"2026-10-05T16:46:31Z"}
{"level":"info","msg":"{\"ev\":\"accepted\",\"id\":\"e8c7dd1f-1d97-4048-9520-b5a1350db055\",\"t\":1791218792272}","source":"console","time":"2026-10-05T16:46:32Z"}
{"level":"info","msg":"{\"ev\":\"accepted\",\"id\":\"2264732f-6334-434a-8bc9-76849dd0488c\",\"t\":1791218792731}","source":"console","time":"2026-10-05T16:46:32Z"}
{"level":"info","msg":"{\"ev\":\"accepted\",\"id\":\"32ab0217-753a-44b2-8550-695f283725bc\",\"t\":1791218793145}","source":"console","time":"2026-10-05T16:46:33Z"}
{"level":"info","msg":"{\"ev\":\"accepted\",\"id\":\"f1ade35b-5ebb-49e8-9330-d5617caaa453\",\"t\":1791218793587}","source":"console","time":"2026-10-05T16:46:33Z"}
{"level":"info","msg":"{\"ev\":\"accepted\",\"id\":\"6de0727b-33b2-43b7-a954-3542f6af2f88\",\"t\":1791218794065}","source":"console","time":"2026-10-05T16:46:34Z"}
{"level":"info","msg":"{\"ev\":\"accepted\",\"id\":\"283137c2-8f75-4c1b-abae-43c650617fc7\",\"t\":1791218794511}","source":"console","time":"2026-10-05T16:46:34Z"}
{"level":"info","msg":"{\"ev\":\"accepted\",\"id\":\"ce1c9884-faac-467f-8eae-e92e463f0a42\",\"t\":1791218794953}","source":"console","time":"2026-10-05T16:46:34Z"}
{"level":"info","msg":"{\"ev\":\"accepted\",\"id\":\"d061993b-ef3f-4d62-85df-68269d1c36e6\",\"t\":1791218795413}","source":"console","time":"2026-10-05T16:46:35Z"}
{"level":"info","msg":"{\"ev\":\"accepted\",\"id\":\"0e317fe3-a858-4807-8b01-4e26b44d72f0\",\"t\":1791218795862}","source":"console","time":"2026-10-05T16:46:35Z"}
{"level":"info","msg":"{\"ev\":\"accepted\",\"id\":\"a27677b5-1af2-48ca-9fa6-a88391255f73\",\"t\":1791218796349}","source":"console","time":"2026-10-05T16:46:36Z"}
{"level":"info","msg":"{\"ev\":\"accepted\",\"id\":\"3efe1181-bbed-473d-8804-cfcd061b0615\",\"t\":1791218796787}","source":"console","time":"2026-10-05T16:46:36Z"}
{"level":"info","msg":"{\"ev\":\"accepted\",\"id\":\"ebcaf652-419e-41ac-8cbe-9035760b8354\",\"t\":1791218797232}","source":"console","time":"2026-10-05T16:46:37Z"}
{"level":"info","msg":"{\"ev\":\"accepted\",\"id\":\"a75f7e17-0622-47b8-99b2-077c811cdeb2\",\"t\":1791218797684}","source":"console","time":"2026-10-05T16:46:37Z"}
{"level":"info","msg":"{\"ev\":\"accepted\",\"id\":\"4667010e-29b9-419e-b83a-7527ada65d45\",\"t\":1791218798185}","source":"console","time":"2026-10-05T16:46:38Z"}
{"level":"info","msg":"{\"ev\":\"accepted\",\"id\":\"012f299c-f6a9-4b09-9e4a-f004955528ea\",\"t\":1791218798636}","source":"console","time":"2026-10-05T16:46:38Z"}
{"level":"info","msg":"{\"ev\":\"accepted\",\"id\":\"2e57be7a-7bf8-4187-bda2-c790c7d94260\",\"t\":1791218799126}","source":"console","time":"2026-10-05T16:46:39Z"}
{"level":"info","msg":"{\"ev\":\"accepted\",\"id\":\"eea42480-49aa-4cfc-a3d1-69b39d7a93be\",\"t\":1791218799587}","source":"console","time":"2026-10-05T16:46:39Z"}
{"level":"info","msg":"{\"ev\":\"accepted\",\"id\":\"fde46358-650b-4624-a6d7-6d1667659366\",\"t\":1791218800012}","source":"console","time":"2026-10-05T16:46:40Z"}
{"level":"info","msg":"{\"ev\":\"accepted\",\"id\":\"b3354e36-dc1c-420b-bda2-03b54f9cad38\",\"t\":1791218800413}","source":"console","time":"2026-10-05T16:46:40Z"}
{"level":"info","msg":"{\"ev\":\"accepted\",\"id\":\"8323ded5-d44a-4f74-84ee-e2fb1eba9ad6\",\"t\":1791218800857}","source":"console","time":"2026-10-05T16:46:40Z"}
{"level":"info","msg":"{\"ev\":\"accepted\",\"id\":\"64a464ff-c814-452c-9051-3d43a3f0b077\",\"t\":1791218801319}","source":"console","time":"2026-10-05T16:46:41Z"}
{"level":"info","msg":"{\"ev\":\"accepted\",\"id\":\"c3815df5-6097-469c-8810-666a6ca0f0cc\",\"t\":1791218801773}","source":"console","time":"2026-10-05T16:46:41Z"}
{"level":"info","msg":"{\"ev\":\"accepted\",\"id\":\"56530cd4-326f-4baf-a284-63938bd563f7\",\"t\":1791218802219}","source":"console","time":"2026-10-05T16:46:42Z"}
{"level":"info","msg":"{\"ev\":\"accepted\",\"id\":\"c021d60b-6fc1-41db-a164-0d98b00bef05\",\"t\":1791218802681}","source":"console","time":"2026-10-05T16:46:42Z"}
{"level":"info","msg":"{\"ev\":\"accepted\",\"id\":\"06537a80-8560-4718-a314-6039c10db63d\",\"t\":1791218803171}","source":"console","time":"2026-10-05T16:46:43Z"}
{"level":"info","msg":"{\"ev\":\"accepted\",\"id\":\"0dd6e20e-439b-46e3-b3a3-2ece93d0cb2c\",\"t\":1791218803624}","source":"console","time":"2026-10-05T16:46:43Z"}
{"level":"info","msg":"{\"ev\":\"accepted\",\"id\":\"ea9ccf15-e017-4cee-a88d-029bbf436e0d\",\"t\":1791218804047}","source":"console","time":"2026-10-05T16:46:44Z"}
{"level":"info","msg":"{\"ev\":\"accepted\",\"id\":\"33aa9ac1-1c29-4186-a3da-b41b2b567cd1\",\"t\":1791218804520}","source":"console","time":"2026-10-05T16:46:44Z"}
{"level":"info","msg":"{\"ev\":\"accepted\",\"id\":\"935c4c4d-f9e3-4045-9ce0-9e2207a5d994\",\"t\":1791218804985}","source":"console","time":"2026-10-05T16:46:44Z"}
{"level":"info","msg":"{\"ev\":\"accepted\",\"id\":\"89b87698-176d-46d3-9d44-d4203abec7f2\",\"t\":1791218805436}","source":"console","time":"2026-10-05T16:46:45Z"}
{"level":"info","msg":"{\"ev\":\"accepted\",\"id\":\"c3963d1e-6e8f-47cd-9c84-071b851f5b16\",\"t\":1791218805926}","source":"console","time":"2026-10-05T16:46:45Z"}
{"level":"info","msg":"{\"ev\":\"accepted\",\"id\":\"1d0b4c5d-956f-4243-86b1-8d8874780ec2\",\"t\":1791218806383}","source":"console","time":"2026-10-05T16:46:46Z"}
{"level":"info","msg":"{\"ev\":\"accepted\",\"id\":\"88dc74e5-4677-4551-96bc-b11279a09f49\",\"t\":1791218806804}","source":"console","time":"2026-10-05T16:46:46Z"}
{"level":"info","msg":"{\"ev\":\"accepted\",\"id\":\"569a2395-2387-4135-bc7b-1bb2bfac4300\",\"t\":1791218807269}","source":"console","time":"2026-10-05T16:46:47Z"}
{"level":"info","msg":"{\"ev\":\"accepted\",\"id\":\"7730b94d-6a86-4a94-bb81-75b2b7ce7aa8\",\"t\":1791218807726}","source":"console","time":"2026-10-05T16:46:47Z"}
{"level":"info","msg":"{\"ev\":\"accepted\",\"id\":\"2fff23e7-0806-4fee-b639-c1d3bc2c26d5\",\"t\":1791218808175}","source":"console","time":"2026-10-05T16:46:48Z"}
{"level":"info","msg":"{\"ev\":\"accepted\",\"id\":\"8f130446-a178-4041-89ea-048ad93e6e1c\",\"t\":1791218808638}","source":"console","time":"2026-10-05T16:46:48Z"}
{"level":"info","msg":"{\"ev\":\"accepted\",\"id\":\"4219ed3d-b916-4609-8d5e-a8c52970ca07\",\"t\":1791218809094}","source":"console","time":"2026-10-05T16:46:49Z"}
{"level":"info","msg":"{\"ev\":\"accepted\",\"id\":\"40feb2b8-83ba-4334-9a61-5b5becaf94eb\",\"t\":1791218809593}","source":"console","time":"2026-10-05T16:46:49Z"}
{"level":"info","msg":"{\"ev\":\"accepted\",\"id\":\"2f833eca-945a-4d9c-a9e3-d690098062a9\",\"t\":1791218810001}","source":"console","time":"2026-10-05T16:46:50Z"}
{"level":"info","msg":"{\"ev\":\"accepted\",\"id\":\"0ad1e4ae-80e7-4e2b-8d38-514568a16996\",\"t\":1791218810449}","source":"console","time":"2026-10-05T16:46:50Z"}
{"level":"info","msg":"{\"ev\":\"accepted\",\"id\":\"718e0fec-9d3f-449b-b451-d1a3ae99055e\",\"t\":1791218810947}","source":"console","time":"2026-10-05T16:46:50Z"}
