{"level":"info","msg":"{\"ev\":\"setup-done\",\"t\":1791223326038}","source":"console","time":"2026-10-05T18:02:06Z"}
{"level":"info","msg":"{\"ev\":\"accepted\",\"id\":\"0a04e1ee-1ec9-438d-a2c9-2645852fe372\",\"t\":1791223329087}","source":"console","time":"2026-10-05T18:02:09Z"}
{"level":"info","msg":"{\"ev\":\"accepted\",\"id\":\"51fbab74-8979-4c02-a2f1-e09c38137bd2\",\"t\":1791223330310}","source":"console","time":"2026-10-05T18:02:10Z"}
{"level":"info","msg":"{\"ev\":\"accepted\",\"id\":\"30e6e033-9f6e-47ce-926b-d7cc6d899cef\",\"t\":1791223331279}","source":"console","time":"2026-10-05T18:02:11Z"}
{"level":"info","msg":"{\"ev\":\"accepted\",\"id\":\"35719089-9186-4994-84b1-91bc9518f4d3\",\"t\":1791223332198}","source":"console","time":"2026-10-05T18:02:12Z"}
{"level":"info","msg":"{\"ev\":\"accepted\",\"id\":\"dffd3dc0-94d0-4e2c-9d46-62cdf5180948\",\"t\":1791223333102}","source":"console","time":"2026-10-05T18:02:13Z"}
{"level":"info","msg":"{\"ev\":\"accepted\",\"id\":\"ea9886f2-61d0-4c2f-886b-05a5c7706df7\",\"t\":1791223334015}","source":"console","time":"2026-10-05T18:02:14Z"}
{"level":"info","msg":"{\"ev\":\"accepted\",\"id\":\"4ea3ea27-49f3-4716-b1c7-1936364ed3a8\",\"t\":1791223334924}","source":"console","time":"2026-10-05T18:02:14Z"}
{"level":"info","msg":"{\"ev\":\"accepted\",\"id\":\"618a285d-8eb3-498e-897b-e1c8589566a3\",\"t\":1791223335826}","source":"console","time":"2026-10-05T18:02:15Z"}
{"level":"info","msg":"{\"ev\":\"accepted\",\"id\":\"f819d3b3-4c3b-4b8c-9a12-d3ebadb6a97a\",\"t\":1791223336740}","source":"console","time":"2026-10-05T18:02:16Z"}
{"level":"info","msg":"{\"ev\":\"accepted\",\"id\":\"e7223357-d3ec-4e20-ba17-49736e5adeda\",\"t\":1791223337647}","source":"console","time":"2026-10-05T18:02:17Z"}
{"level":"info","msg":"{\"ev\":\"accepted\",\"id\":\"7dda743b-3d45-4671-91fc-8f8ec5412d2c\",\"t\":1791223338553}","source":"console","time":"2026-10-05T18:02:18Z"}
{"level":"info","msg":"{\"ev\":\"accepted\",\"id\":\"d5e3d020-3f4a-4da6-b7a9-19ec6b1a4d76\",\"t\":1791223339460}","source":"console","time":"2026-10-05T18:02:19Z"}
{"level":"info","msg":"{\"ev\":\"accepted\",\"id\":\"1a265eb0-46e1-4f71-8fc2-e48865f6962e\",\"t\":1791223340383}","source":"console","time":"2026-10-05T18:02:20Z"}
{"level":"info","msg":"{\"ev\":\"accepted\",\"id\":\"3de8a73d-43aa-41a1-9127-beea48d04b8d\",\"t\":1791223341289}","source":"console","time":"2026-10-05T18:02:21Z"}
{"level":"info","msg":"{\"ev\":\"accepted\",\"id\":\"9b7c4389-f35c-4d43-8444-ac77855245ea\",\"t\":1791223342189}","source":"console","time":"2026-10-05T18:02:22Z"}
{"level":"info","msg":"{\"ev\":\"accepted\",\"id\":\"66ebd978-550b-4ad7-8373-e884d56e49e4\",\"t\":1791223343100}","source":"console","time":"2026-10-05T18:02:23Z"}
{"level":"info","msg":"{\"ev\":\"accepted\",\"id\":\"d63691ef-14a3-4c36-9d65-26209b6ae8f2\",\"t\":1791223344009}","source":"console","time":"2026-10-05T18:02:24Z"}
{"level":"info","msg":"{\"ev\":\"accepted\",\"id\":\"69723256-685a-4bea-9ac8-ff49dc4079e3\",\"t\":1791223344921}","source":"console","time":"2026-10-05T18:02:24Z"}
{"level":"info","msg":"{\"ev\":\"accepted\",\"id\":\"62c93d9f-5a16-4c76-8bc2-1eecc23fb016\",\"t\":1791223345822}","source":"console","time":"2026-10-05T18:02:25Z"}
{"level":"info","msg":"{\"ev\":\"accepted\",\"id\":\"c673f5d2-1130-4d02-a66d-9e2d9817c19c\",\"t\":1791223346733}","source":"console","time":"2026-10-05T18:02:26Z"}
{"level":"info","msg":"{\"ev\":\"accepted\",\"id\":\"3a2613da-f016-440c-9bf9-c58d36f52375\",\"t\":1791223347641}","source":"console","time":"2026-10-05T18:02:27Z"}
{"level":"info","msg":"{\"ev\":\"accepted\",\"id\":\"941914a1-c9fb-4f46-9eef-cc293374b504\",\"t\":1791223348557}","source":"console","time":"2026-10-05T18:02:28Z"}
{"level":"info","msg":"{\"ev\":\"accepted\",\"id\":\"8a19e51e-b97e-4364-b201-1803395f239d\",\"t\":1791223349461}","source":"console","time":"2026-10-05T18:02:29Z"}
{"level":"info","msg":"{\"ev\":\"accepted\",\"id\":\"493fc10c-b782-4be8-900e-831b2cfe613b\",\"t\":1791223350374}","source":"console","time":"2026-10-05T18:02:30Z"}
{"level":"info","msg":"{\"ev\":\"accepted\",\"id\":\"8a0f6d37-144e-440d-a65d-fdb2519c1573\",\"t\":1791223351286}","source":"console","time":"2026-10-05T18:02:31Z"}
{"level":"info","msg":"{\"ev\":\"accepted\",\"id\":\"b197580a-abbd-45c1-966f-e6e541280cb9\",\"t\":1791223352188}","source":"console","time":"2026-10-05T18:02:32Z"}
{"level":"info","msg":"{\"ev\":\"accepted\",\"id\":\"e00ba943-e314-4c02-8975-c210b251f7db\",\"t\":1791223353097}","source":"console","time":"2026-10-05T18:02:33Z"}
{"level":"info","msg":"{\"ev\":\"accepted\",\"id\":\"41acd313-322d-492f-a52f-75c4d614ffe0\",\"t\":1791223354009}","source":"console","time":"2026-10-05T18:02:34Z"}
{"level":"info","msg":"{\"ev\":\"accepted\",\"id\":\"e5e99ee1-f78e-4b06-a7ce-a2f608b82c4c\",\"t\":1791223354924}","source":"console","time":"2026-10-05T18:02:34Z"}
{"level":"info","msg":"{\"ev\":\"accepted\",\"id\":\"d5228755-1f5a-43cd-8a71-83d24d70400c\",\"t\":1791223355826}","source":"console","time":"2026-10-05T18:02:35Z"}
{"level":"info","msg":"{\"ev\":\"accepted\",\"id\":\"aa2749ff-6850-4986-a61c-4c84e4471e58\",\"t\":1791223356740}","source":"console","time":"2026-10-05T18:02:36Z"}
{"level":"info","msg":"{\"ev\":\"accepted\",\"id\":\"2e5ffbe6-7d1d-4433-b0ad-997e5f61e799\",\"t\":1791223357651}","source":"console","time":"2026-10-05T18:02:37Z"}
{"level":"info","msg":"{\"ev\":\"accepted\",\"id\":\"2db7a343-7b64-4e1e-bcac-db3be54e0489\",\"t\":1791223358555}","source":"console","time":"2026-10-05T18:02:38Z"}
{"level":"info","msg":"{\"ev\":\"accepted\",\"id\":\"f6f1e466-d362-40ec-9007-a978d128424e\",\"t\":1791223359462}","source":"console","time":"2026-10-05T18:02:39Z"}
{"level":"info","msg":"{\"ev\":\"accepted\",\"id\":\"fbccfefa-4438-410c-b081-564b791a8e09\",\"t\":1791223360374}","source":"console","time":"2026-10-05T18:02:40Z"}
{"level":"info","msg":"{\"ev\":\"accepted\",\"id\":\"71bd43b4-69ad-47b6-8431-b235692a8cfa\",\"t\":1791223361281}","source":"console","time":"2026-10-05T18:02:41Z"}
{"level":"info","msg":"{\"ev\":\"accepted\",\"id\":\"bf038e35-dda8-4a22-99cb-04f36e910dbc\",\"t\":1791223362189}","source":"console","time":"2026-10-05T18:02:42Z"}
{"level":"info","msg":"{\"ev\":\"accepted\",\"id\":\"eae7fd9f-fe7b-4a8a-8d3b-0fb39ce68d52\",\"t\":1791223363103}","source":"console","time":"2026-10-05T18:02:43Z"}
{"level":"info","msg":"{\"ev\":\"accepted\",\"id\":\"38cc8d9c-b130-4ef9-ba30-2df42aca97b1\",\"t\":1791223364001}","source":"console","time":"2026-10-05T18:02:44Z"}
{"level":"info","msg":"{\"ev\":\"accepted\",\"id\":\"048f7f2e-b85f-46a1-95ee-d100ffbea2b1\",\"t\":1791223364918}","source":"console","time":"2026-10-05T18:02:44Z"}
{"level":"info","msg":"{\"ev\":\"accepted\",\"id\":\"ea6ee769-d059-4609-ac74-482065dd65b9\",\"t\":1791223365824}","source":"console","time":"2026-10-05T18:02:45Z"}
{"level":"info","msg":"{\"ev\":\"accepted\",\"id\":\"cb292e6b-e595-4659-89f6-42516b7dd31c\",\"t\":1791223366741}","source":"console","time":"2026-10-05T18:02:46Z"}
{"level":"info","msg":"{\"ev\":\"accepted\",\"id\":\"9b269b58-b0a3-494d-bba1-6a4eea3de4dd\",\"t\":1791223367650}","source":"console","time":"2026-10-05T18:02:47Z"}
{"level":"info","msg":"{\"ev\":\"accepted\",\"id\":\"cb2a9452-8cd6-45ad-b799-deb897a8c380\",\"t\":1791223368554}","source":"console","time":"2026-10-05T18:02:48Z"}
{"level":"info","msg":"{\"ev\":\"accepted\",\"id\":\"ed8c2a7c-2800-4442-bcd7-92cdbd456eca\",\"t\":1791223369461}","source":"console","time":"2026-10-05T18:02:49Z"}
{"level":"info","msg":"{\"ev\":\"accepted\",\"id\":\"35ce2687-0836-4ffe-97d9-31cf22adceba\",\"t\":1791223370368}","source":"console","time":"2026-10-05T18:02:50Z"}
{"level":"info","msg":"{\"ev\":\"accepted\",\"id\":\"719c88ed-2118-4f0b-9e58-a8f3c9b6b15f\",\"t\":1791223371282}","source":"console","time":"2026-10-05T18:02:51Z"}
{"level":"info","msg":"{\"ev\":\"accepted\",\"id\":\"3cafdc09-a49b-4d06-a574-820376442955\",\"t\":1791223372187}","source":"console","time":"2026-10-05T18:02:52Z"}
{"level":"info","msg":"{\"ev\":\"accepted\",\"id\":\"0fabc2df-b904-49a2-8b66-2f6b24c45b80\",\"t\":1791223373102}","source":"console","time":"2026-10-05T18:02:53Z"}
{"level":"info","msg":"{\"ev\":\"accepted\",\"id\":\"7d654e7b-a3c9-4ac3-8009-df3195412f19\",\"t\":1791223374005}","source":"console","time":"2026-10-05T18:02:54Z"}
{"level":"info","msg":"{\"ev\":\"accepted\",\"id\":\"933f6339-5a2e-45fb-8c9e-0086c463af2b\",\"t\":1791223374914}","source":"console","time":"2026-10-05T18:02:54Z"}
{"level":"info","msg":"{\"ev\":\"accepted\",\"id\":\"d883b562-10e4-4aef-8c8e-9502706e8be5\",\"t\":1791223375824}","source":"console","time":"2026-10-05T18:02:55Z"}
{"level":"info","msg":"{\"ev\":\"accepted\",\"id\":\"f7f933a2-39cc-4195-9c00-c7882dcb8507\",\"t\":1791223376741}","source":"console","time":"2026-10-05T18:02:56Z"}
{"level":"info","msg":"{\"ev\":\"accepted\",\"id\":\"cd1077ad-fa78-49d1-b796-0a0fb59b22c7\",\"t\":1791223377650}","source":"console","time":"2026-10-05T18:02:57Z"}
{"level":"info","msg":"{\"ev\":\"accepted\",\"id\":\"95ad7fc2-1d93-4f81-ab9c-fc2928e2a1fc\",\"t\":1791223378559}","source":"console","time":"2026-10-05T18:02:58Z"}
{"level":"info","msg":"{\"ev\":\"accepted\",\"id\":\"cafabd22-c8c9-40df-8dbe-bb6b01d83417\",\"t\":1791223379466}","source":"console","time":"2026-10-05T18:02:59Z"}
{"level":"info","msg":"{\"ev\":\"accepted\",\"id\":\"773ff6fd-908a-4c45-9f31-290299871f08\",\"t\":1791223380370}","source":"console","time":"2026-10-05T18:03:00Z"}
{"level":"info","msg":"{\"ev\":\"accepted\",\"id\":\"5217dbd8-77d5-41b4-b128-e1aae84eb312\",\"t\":1791223381273}","source":"console","time":"2026-10-05T18:03:01Z"}
{"level":"info","msg":"{\"ev\":\"accepted\",\"id\":\"6eeeba11-6d8c-47b2-bd17-429e7614b5a1\",\"t\":1791223382181}","source":"console","time":"2026-10-05T18:03:02Z"}
{"level":"info","msg":"{\"ev\":\"accepted\",\"id\":\"3f70488b-3c4b-478f-8367-a40d4c04d533\",\"t\":1791223383100}","source":"console","time":"2026-10-05T18:03:03Z"}
{"level":"info","msg":"{\"ev\":\"accepted\",\"id\":\"e8b52146-e93e-47bc-a2ad-de50865c0e23\",\"t\":1791223384010}","source":"console","time":"2026-10-05T18:03:04Z"}
{"level":"info","msg":"{\"ev\":\"accepted\",\"id\":\"dcc856c1-686d-4a96-ad8a-e4fa1330bb07\",\"t\":1791223384918}","source":"console","time":"2026-10-05T18:03:04Z"}
{"level":"info","msg":"{\"ev\":\"accepted\",\"id\":\"0100db6b-c4ab-48be-a6c2-2e15a9d5f321\",\"t\":1791223385824}","source":"console","time":"2026-10-05T18:03:05Z"}
{"level":"info","msg":"{\"ev\":\"accepted\",\"id\":\"47ed2e39-0c03-4543-ae65-4d4b06fcc27d\",\"t\":1791223386728}","source":"console","time":"2026-10-05T18:03:06Z"}
{"level":"info","msg":"{\"ev\":\"accepted\",\"id\":\"d5b55ab1-c17c-4526-931d-bf55c3f6f166\",\"t\":1791223387650}","source":"console","time":"2026-10-05T18:03:07Z"}
{"level":"info","msg":"{\"ev\":\"accepted\",\"id\":\"5f21ffeb-3531-480e-8fce-19b4b55adb16\",\"t\":1791223388556}","source":"console","time":"2026-10-05T18:03:08Z"}
{"level":"info","msg":"{\"ev\":\"accepted\",\"id\":\"b3a84e71-7757-4fe9-970c-4a9a325859f0\",\"t\":1791223389465}","source":"console","time":"2026-10-05T18:03:09Z"}
{"level":"info","msg":"{\"ev\":\"accepted\",\"id\":\"cd2ca8ab-98ee-4c29-8d2f-8f261b984a93\",\"t\":1791223390364}","source":"console","time":"2026-10-05T18:03:10Z"}
{"level":"info","msg":"{\"ev\":\"accepted\",\"id\":\"0242abb3-6693-42a4-8e0b-dcd714b2886f\",\"t\":1791223391285}","source":"console","time":"2026-10-05T18:03:11Z"}
{"level":"info","msg":"{\"ev\":\"accepted\",\"id\":\"7b421a54-5a69-4c08-987e-cbe771f98edf\",\"t\":1791223392184}","source":"console","time":"2026-10-05T18:03:12Z"}
{"level":"info","msg":"{\"ev\":\"accepted\",\"id\":\"ab89edde-5129-414d-aef2-4f4bcc7c453f\",\"t\":1791223393099}","source":"console","time":"2026-10-05T18:03:13Z"}
{"level":"info","msg":"{\"ev\":\"accepted\",\"id\":\"1a7137e9-4454-45b3-88c3-2dd785118227\",\"t\":1791223394017}","source":"console","time":"2026-10-05T18:03:14Z"}
{"level":"info","msg":"{\"ev\":\"accepted\",\"id\":\"3056241e-ee0f-4529-ba90-459538a2f45f\",\"t\":1791223394922}","source":"console","time":"2026-10-05T18:03:14Z"}
{"level":"info","msg":"{\"ev\":\"accepted\",\"id\":\"0a0d9956-8838-4a84-8b16-e16ca9d0f5fe\",\"t\":1791223395826}","source":"console","time":"2026-10-05T18:03:15Z"}
{"level":"info","msg":"{\"ev\":\"accepted\",\"id\":\"684e4d00-d0f5-42c1-9114-bfc073bd46d5\",\"t\":1791223396741}","source":"console","time":"2026-10-05T18:03:16Z"}
{"level":"info","msg":"{\"ev\":\"accepted\",\"id\":\"5ecfd631-7544-4669-bdc2-8bb65825f71a\",\"t\":1791223397638}","source":"console","time":"2026-10-05T18:03:17Z"}
{"level":"info","msg":"{\"ev\":\"accepted\",\"id\":\"e0592b13-26aa-4d99-9bbe-c6bb41d1b159\",\"t\":1791223398556}","source":"console","time":"2026-10-05T18:03:18Z"}
{"level":"info","msg":"{\"ev\":\"accepted\",\"id\":\"5b4678ef-f8db-4ed9-9c59-81eee47a6c19\",\"t\":1791223399460}","source":"console","time":"2026-10-05T18:03:19Z"}
{"level":"info","msg":"{\"ev\":\"accepted\",\"id\":\"0fcfeaf7-3207-4013-b5b8-786ec23a4dbf\",\"t\":1791223400373}","source":"console","time":"2026-10-05T18:03:20Z"}
{"level":"info","msg":"{\"ev\":\"accepted\",\"id\":\"48f291ff-c256-4cf1-bf31-4bb21ed883ac\",\"t\":1791223401278}","source":"console","time":"2026-10-05T18:03:21Z"}
{"level":"info","msg":"{\"ev\":\"accepted\",\"id\":\"cfbb3e5e-743d-4996-889f-bb4f3d6edb31\",\"t\":1791223402192}","source":"console","time":"2026-10-05T18:03:22Z"}
{"level":"info","msg":"{\"ev\":\"accepted\",\"id\":\"f156f4d7-3d46-4300-a60b-8d331f29b8a2\",\"t\":1791223403104}","source":"console","time":"2026-10-05T18:03:23Z"}
{"level":"info","msg":"{\"ev\":\"accepted\",\"id\":\"789df9d8-e568-4fd3-b18c-20e75bcc347d\",\"t\":1791223404014}","source":"console","time":"2026-10-05T18:03:24Z"}
{"level":"info","msg":"{\"ev\":\"accepted\",\"id\":\"a555c453-5a1f-4860-8d8b-e137af4c18bb\",\"t\":1791223404924}","source":"console","time":"2026-10-05T18:03:24Z"}
{"level":"info","msg":"{\"ev\":\"accepted\",\"id\":\"6cbb5b86-e427-45b2-acfc-280467f9b464\",\"t\":1791223405832}","source":"console","time":"2026-10-05T18:03:25Z"}
{"level":"info","msg":"{\"ev\":\"accepted\",\"id\":\"883fa23f-9c62-40bd-ab11-2e98f2c284a8\",\"t\":1791223406740}","source":"console","time":"2026-10-05T18:03:26Z"}
{"level":"info","msg":"{\"ev\":\"accepted\",\"id\":\"e950f03e-bb63-4d79-b38b-6b11eb95eb26\",\"t\":1791223407647}","source":"console","time":"2026-10-05T18:03:27Z"}
{"level":"info","msg":"{\"ev\":\"accepted\",\"id\":\"3ad2c6ee-9731-4bff-aa33-96bbb4196ab9\",\"t\":1791223408551}","source":"console","time":"2026-10-05T18:03:28Z"}
{"level":"info","msg":"{\"ev\":\"accepted\",\"id\":\"27c644a4-668e-4fee-92ee-ababc706218c\",\"t\":1791223409466}","source":"console","time":"2026-10-05T18:03:29Z"}
{"level":"info","msg":"{\"ev\":\"accepted\",\"id\":\"82dbdcda-5ce2-4849-b87a-6e0576509eaf\",\"t\":1791223410374}","source":"console","time":"2026-10-05T18:03:30Z"}
{"level":"info","msg":"{\"ev\":\"accepted\",\"id\":\"f39b9dff-958d-4ffb-8e80-ed95f4d6fc52\",\"t\":1791223411287}","source":"console","time":"2026-10-05T18:03:31Z"}
{"level":"info","msg":"{\"ev\":\"accepted\",\"id\":\"99d80c63-d9c3-4f0f-96a8-7a9ea2a79227\",\"t\":1791223412195}","source":"console","time":"2026-10-05T18:03:32Z"}
{"level":"info","msg":"{\"ev\":\"accepted\",\"id\":\"6abc4229-c94e-4eec-82bb-a85618ccff85\",\"t\":1791223413103}","source":"console","time":"2026-10-05T18:03:33Z"}
{"level":"info","msg":"{\"ev\":\"accepted\",\"id\":\"a5c5fcab-c63c-45c8-9eae-c25ce404dc51\",\"t\":1791223414007}","source":"console","time":"2026-10-05T18:03:34Z"}
{"level":"info","msg":"{\"ev\":\"accepted\",\"id\":\"500eeb92-bd8f-4b8f-a439-957d563b34ab\",\"t\":1791223414916}","source":"console","time":"2026-10-05T18:03:34Z"}
{"level":"info","msg":"{\"ev\":\"accepted\",\"id\":\"1f1bb609-0398-436f-95b0-fbd4b8835103\",\"t\":1791223415825}","source":"console","time":"2026-10-05T18:03:35Z"}
{"level":"info","msg":"{\"ev\":\"accepted\",\"id\":\"6da4ecb4-eb5c-47b7-8d38-015815c69b67\",\"t\":1791223416735}","source":"console","time":"2026-10-05T18:03:36Z"}
{"level":"info","msg":"{\"ev\":\"accepted\",\"id\":\"da4c2366-094b-47a7-993f-da6364c26656\",\"t\":1791223417651}","source":"console","time":"2026-10-05T18:03:37Z"}
{"level":"info","msg":"{\"ev\":\"accepted\",\"id\":\"12cbcf9c-efc3-4960-ad83-4d7425b86b83\",\"t\":1791223418558}","source":"console","time":"2026-10-05T18:03:38Z"}
{"level":"info","msg":"{\"ev\":\"accepted\",\"id\":\"a7450b5f-e5b2-4d4d-a633-deeddf8773fc\",\"t\":1791223419468}","source":"console","time":"2026-10-05T18:03:39Z"}
{"level":"info","msg":"{\"ev\":\"accepted\",\"id\":\"185c976d-91e8-4ebd-90c3-165b063dd3c2\",\"t\":1791223420366}","source":"console","time":"2026-10-05T18:03:40Z"}
{"level":"info","msg":"{\"ev\":\"accepted\",\"id\":\"adc949ca-7e6a-435e-abf2-86657306ee73\",\"t\":1791223421287}","source":"console","time":"2026-10-05T18:03:41Z"}
{"level":"info","msg":"{\"ev\":\"accepted\",\"id\":\"f8d863d2-4367-49f3-8eb7-e6246a1b4705\",\"t\":1791223422196}","source":"console","time":"2026-10-05T18:03:42Z"}
{"level":"info","msg":"{\"ev\":\"accepted\",\"id\":\"f57a78b9-ae97-4fee-b7aa-6cb25ab12546\",\"t\":1791223423096}","source":"console","time":"2026-10-05T18:03:43Z"}
{"level":"info","msg":"{\"ev\":\"accepted\",\"id\":\"dfad9bf1-f40d-47bf-8344-f71cc1ac0d1f\",\"t\":1791223424000}","source":"console","time":"2026-10-05T18:03:44Z"}
{"level":"info","msg":"{\"ev\":\"accepted\",\"id\":\"66626315-9dd5-43cc-8bcd-379f8790955c\",\"t\":1791223424912}","source":"console","time":"2026-10-05T18:03:44Z"}
{"level":"info","msg":"{\"ev\":\"accepted\",\"id\":\"1f56daa4-9a8b-48ff-a432-8cdacfd2dc11\",\"t\":1791223425823}","source":"console","time":"2026-10-05T18:03:45Z"}
{"level":"info","msg":"{\"ev\":\"accepted\",\"id\":\"cfdb9f81-31e3-40b7-8af0-4c79168e1322\",\"t\":1791223426740}","source":"console","time":"2026-10-05T18:03:46Z"}
{"level":"info","msg":"{\"ev\":\"accepted\",\"id\":\"7e1be289-9973-4f5a-81f2-c74aaa6d8d96\",\"t\":1791223427649}","source":"console","time":"2026-10-05T18:03:47Z"}
{"level":"info","msg":"{\"ev\":\"accepted\",\"id\":\"fc017e2e-463e-49c4-be39-035dccb904f6\",\"t\":1791223428557}","source":"console","time":"2026-10-05T18:03:48Z"}
{"level":"info","msg":"{\"ev\":\"accepted\",\"id\":\"42c0d229-659e-41c8-a202-0286f5da5f20\",\"t\":1791223429468}","source":"console","time":"2026-10-05T18:03:49Z"}
{"level":"info","msg":"{\"ev\":\"accepted\",\"id\":\"51f704d1-237d-4101-b522-1edeaed87455\",\"t\":1791223430372}","source":"console","time":"2026-10-05T18:03:50Z"}
{"level":"info","msg":"{\"ev\":\"accepted\",\"id\":\"1fe63dcd-f2b4-44a2-ac9a-36807577ed38\",\"t\":1791223431279}","source":"console","time":"2026-10-05T18:03:51Z"}
{"level":"info","msg":"{\"ev\":\"accepted\",\"id\":\"e55b68af-7223-4182-842f-15f9202a7635\",\"t\":1791223432185}","source":"console","time":"2026-10-05T18:03:52Z"}
{"level":"info","msg":"{\"ev\":\"accepted\",\"id\":\"a11b6c29-36f9-4a24-b5ff-bbb0bc17aa54\",\"t\":1791223433105}","source":"console","time":"2026-10-05T18:03:53Z"}
{"level":"info","msg":"{\"ev\":\"accepted\",\"id\":\"97ba75f3-6f22-439b-9cfc-1911c723df95\",\"t\":1791223434000}","source":"console","time":"2026-10-05T18:03:54Z"}
{"level":"info","msg":"{\"ev\":\"accepted\",\"id\":\"e8a21628-74b2-42e7-8666-8419b53dd88f\",\"t\":1791223434919}","source":"console","time":"2026-10-05T18:03:54Z"}
{"level":"info","msg":"{\"ev\":\"accepted\",\"id\":\"442e851f-afa3-44f2-b7f1-749e8f52d86e\",\"t\":1791223435819}","source":"console","time":"2026-10-05T18:03:55Z"}
{"level":"info","msg":"{\"ev\":\"accepted\",\"id\":\"8e50728c-b2fd-4aeb-91ea-f4d01abdc450\",\"t\":1791223436741}","source":"console","time":"2026-10-05T18:03:56Z"}
{"level":"info","msg":"{\"ev\":\"accepted\",\"id\":\"e0a77930-1b61-4ffb-8530-710ab4e97ffe\",\"t\":1791223437649}","source":"console","time":"2026-10-05T18:03:57Z"}
{"level":"info","msg":"{\"ev\":\"accepted\",\"id\":\"5ee65fbd-f132-4d3a-b461-b0d76e522dcd\",\"t\":1791223438558}","source":"console","time":"2026-10-05T18:03:58Z"}
{"level":"info","msg":"{\"ev\":\"accepted\",\"id\":\"48e6c6d1-0793-45b6-8aa3-605d222c2158\",\"t\":1791223439468}","source":"console","time":"2026-10-05T18:03:59Z"}
{"level":"info","msg":"{\"ev\":\"accepted\",\"id\":\"92f655c5-b474-454e-87ec-9dc9b10eafcd\",\"t\":1791223440373}","source":"console","time":"2026-10-05T18:04:00Z"}
{"level":"info","msg":"{\"ev\":\"accepted\",\"id\":\"b41864da-6f17-45a3-b000-c6706fcb36a7\",\"t\":1791223441288}","source":"console","time":"2026-10-05T18:04:01Z"}
{"level":"info","msg":"{\"ev\":\"accepted\",\"id\":\"702217b7-ecac-46a6-add2-9d126268b6c8\",\"t\":1791223442189}","source":"console","time":"2026-10-05T18:04:02Z"}
{"level":"info","msg":"{\"ev\":\"accepted\",\"id\":\"fd8019c4-b098-4535-aca3-4f0108f1aa61\",\"t\":1791223443097}","source":"console","time":"2026-10-05T18:04:03Z"}
{"level":"info","msg":"{\"ev\":\"accepted\",\"id\":\"d1a44cff-63f1-423a-a618-5483cd3e772e\",\"t\":1791223444006}","source":"console","time":"2026-10-05T18:04:04Z"}
{"level":"info","msg":"{\"ev\":\"accepted\",\"id\":\"1864011d-1246-4b38-af2f-1f91b07e274e\",\"t\":1791223444918}","source":"console","time":"2026-10-05T18:04:04Z"}
{"level":"info","msg":"{\"ev\":\"accepted\",\"id\":\"3a0199ec-7d41-410b-b626-7882cd350b9a\",\"t\":1791223445824}","source":"console","time":"2026-10-05T18:04:05Z"}
{"level":"info","msg":"{\"ev\":\"accepted\",\"id\":\"385aca0d-89ec-4e2b-81eb-83f6ba389c90\",\"t\":1791223446733}","source":"console","time":"2026-10-05T18:04:06Z"}
{"level":"info","msg":"{\"ev\":\"accepted\",\"id\":\"d2ccb6ed-762a-4e22-8bab-fa41637f5812\",\"t\":1791223447648}","source":"console","time":"2026-10-05T18:04:07Z"}
{"level":"info","msg":"{\"ev\":\"accepted\",\"id\":\"d168538a-bcd7-490d-9cdf-563a2e4b98fc\",\"t\":1791223448552}","source":"console","time":"2026-10-05T18:04:08Z"}
{"level":"info","msg":"{\"ev\":\"accepted\",\"id\":\"40a90866-ffbb-44f2-a5df-0e2fcb733298\",\"t\":1791223449468}","source":"console","time":"2026-10-05T18:04:09Z"}
{"level":"info","msg":"{\"ev\":\"accepted\",\"id\":\"d0daeb7c-b92b-40dc-afed-2cc72b197a1c\",\"t\":1791223450374}","source":"console","time":"2026-10-05T18:04:10Z"}
{"level":"info","msg":"{\"ev\":\"accepted\",\"id\":\"07f9a9ef-64e2-459b-a579-7883e8753152\",\"t\":1791223451285}","source":"console","time":"2026-10-05T18:04:11Z"}
{"level":"info","msg":"{\"ev\":\"accepted\",\"id\":\"bbec07a5-eace-40fd-85cd-9b0ffc114ab2\",\"t\":1791223452191}","source":"console","time":"2026-10-05T18:04:12Z"}
{"level":"info","msg":"{\"ev\":\"accepted\",\"id\":\"782c3009-7d9c-4d4a-9179-0480d7d3c34c\",\"t\":1791223453096}","source":"console","time":"2026-10-05T18:04:13Z"}
{"level":"info","msg":"{\"ev\":\"accepted\",\"id\":\"b3c7ff1d-fde5-4545-8382-ec642d671b03\",\"t\":1791223454007}","source":"console","time":"2026-10-05T18:04:14Z"}
{"level":"info","msg":"{\"ev\":\"accepted\",\"id\":\"869af37a-70fd-4c17-ae5b-2779bf32759e\",\"t\":1791223454919}","source":"console","time":"2026-10-05T18:04:14Z"}
{"level":"info","msg":"{\"ev\":\"accepted\",\"id\":\"36da2e14-64e7-43e8-85cc-5b900bddf554\",\"t\":1791223455823}","source":"console","time":"2026-10-05T18:04:15Z"}
{"level":"info","msg":"{\"ev\":\"accepted\",\"id\":\"7fcac04e-c65a-4d73-aef4-68890a1d0e0d\",\"t\":1791223456732}","source":"console","time":"2026-10-05T18:04:16Z"}
{"level":"info","msg":"{\"ev\":\"accepted\",\"id\":\"c5f54ffc-7ad4-4741-9818-c92726cfaf5a\",\"t\":1791223457646}","source":"console","time":"2026-10-05T18:04:17Z"}
{"level":"info","msg":"{\"ev\":\"accepted\",\"id\":\"d5bb6146-857d-4589-9d85-271dbfe7fb9f\",\"t\":1791223458557}","source":"console","time":"2026-10-05T18:04:18Z"}
{"level":"info","msg":"{\"ev\":\"accepted\",\"id\":\"7dae4e30-dddc-44f9-8cde-b0bfc1ae278f\",\"t\":1791223459467}","source":"console","time":"2026-10-05T18:04:19Z"}
{"level":"info","msg":"{\"ev\":\"accepted\",\"id\":\"f0a463ae-f511-496f-8c02-32b3e712adf6\",\"t\":1791223460371}","source":"console","time":"2026-10-05T18:04:20Z"}
{"level":"info","msg":"{\"ev\":\"accepted\",\"id\":\"d1d8980f-f27f-4e80-8977-87af984fb7c9\",\"t\":1791223461285}","source":"console","time":"2026-10-05T18:04:21Z"}
{"level":"info","msg":"{\"ev\":\"accepted\",\"id\":\"5adee410-6b01-4ce2-8c9a-cfb8552ddd90\",\"t\":1791223462192}","source":"console","time":"2026-10-05T18:04:22Z"}
{"level":"info","msg":"{\"ev\":\"accepted\",\"id\":\"75d001f2-6fd5-4bf6-95dc-d8f38b8b3172\",\"t\":1791223463106}","source":"console","time":"2026-10-05T18:04:23Z"}
{"level":"info","msg":"{\"ev\":\"accepted\",\"id\":\"04f7a2ca-a4e8-4ce7-b7a5-126ae5384d04\",\"t\":1791223464006}","source":"console","time":"2026-10-05T18:04:24Z"}
{"level":"info","msg":"{\"ev\":\"accepted\",\"id\":\"1b6c1a3d-62b2-4bcf-a3af-4898855c9e92\",\"t\":1791223464915}","source":"console","time":"2026-10-05T18:04:24Z"}
{"level":"info","msg":"{\"ev\":\"accepted\",\"id\":\"00e7ec1b-78d6-4f14-a1e2-70ccdffea9bf\",\"t\":1791223465826}","source":"console","time":"2026-10-05T18:04:25Z"}
{"level":"info","msg":"{\"ev\":\"accepted\",\"id\":\"c3d75258-02fa-4884-9fa8-b59a43d71a32\",\"t\":1791223466729}","source":"console","time":"2026-10-05T18:04:26Z"}
{"level":"info","msg":"{\"ev\":\"accepted\",\"id\":\"12e6a5d3-ab23-4ec8-b2ff-d5b574103079\",\"t\":1791223467642}","source":"console","time":"2026-10-05T18:04:27Z"}
{"level":"info","msg":"{\"ev\":\"accepted\",\"id\":\"0565f357-a54a-4b79-83ef-6f9a4e2f27c3\",\"t\":1791223468548}","source":"console","time":"2026-10-05T18:04:28Z"}
{"level":"info","msg":"{\"ev\":\"accepted\",\"id\":\"9db7e3c2-5778-46c7-8dc3-213d3f05bf19\",\"t\":1791223469469}","source":"console","time":"2026-10-05T18:04:29Z"}
{"level":"info","msg":"{\"ev\":\"accepted\",\"id\":\"9e2e0f8b-9fb0-4c60-8410-c5998d186278\",\"t\":1791223470373}","source":"console","time":"2026-10-05T18:04:30Z"}
{"level":"info","msg":"{\"ev\":\"accepted\",\"id\":\"4c560514-3a92-48a8-a933-a846f825348e\",\"t\":1791223471283}","source":"console","time":"2026-10-05T18:04:31Z"}
{"level":"info","msg":"{\"ev\":\"accepted\",\"id\":\"8f553936-d6a3-4f5b-86fa-32b89c9ca73c\",\"t\":1791223472193}","source":"console","time":"2026-10-05T18:04:32Z"}
{"level":"info","msg":"{\"ev\":\"accepted\",\"id\":\"b32a11df-8975-4e49-a640-6a128eb24c6a\",\"t\":1791223473105}","source":"console","time":"2026-10-05T18:04:33Z"}
{"level":"info","msg":"{\"ev\":\"accepted\",\"id\":\"664b658a-c77e-4fa3-bb67-5064d297239e\",\"t\":1791223474013}","source":"console","time":"2026-10-05T18:04:34Z"}
{"level":"info","msg":"{\"ev\":\"accepted\",\"id\":\"d145065f-00a8-4a62-bb54-98bda2cf38b1\",\"t\":1791223474916}","source":"console","time":"2026-10-05T18:04:34Z"}
{"level":"info","msg":"{\"ev\":\"accepted\",\"id\":\"016a2b64-5ac7-4a17-8053-6567207fab40\",\"t\":1791223475821}","source":"console","time":"2026-10-05T18:04:35Z"}
{"level":"info","msg":"{\"ev\":\"accepted\",\"id\":\"aa3ef9c6-e1cf-456c-beab-83677f4e3bb4\",\"t\":1791223476742}","source":"console","time":"2026-10-05T18:04:36Z"}
{"level":"info","msg":"{\"ev\":\"accepted\",\"id\":\"f5f05cf3-da82-45eb-80c7-978fe241699b\",\"t\":1791223477647}","source":"console","time":"2026-10-05T18:04:37Z"}
{"level":"info","msg":"{\"ev\":\"accepted\",\"id\":\"09e4b8bd-a3a1-4cdf-823f-b6d600dd5b7a\",\"t\":1791223478556}","source":"console","time":"2026-10-05T18:04:38Z"}
{"level":"info","msg":"{\"ev\":\"accepted\",\"id\":\"49b8f31c-ad59-47ee-b0b6-ee3c85e60e40\",\"t\":1791223479459}","source":"console","time":"2026-10-05T18:04:39Z"}
{"level":"info","msg":"{\"ev\":\"accepted\",\"id\":\"9b80be34-eadd-462b-b524-c14ab91479d1\",\"t\":1791223480366}","source":"console","time":"2026-10-05T18:04:40Z"}
{"level":"info","msg":"{\"ev\":\"accepted\",\"id\":\"79034d62-bc24-4ffd-a6f2-1cee0f17d115\",\"t\":1791223481283}","source":"console","time":"2026-10-05T18:04:41Z"}
{"level":"info","msg":"{\"ev\":\"accepted\",\"id\":\"9e272c42-ca0c-41fa-935e-652086c627c7\",\"t\":1791223482195}","source":"console","time":"2026-10-05T18:04:42Z"}
{"level":"info","msg":"{\"ev\":\"accepted\",\"id\":\"b2640f1a-c9af-404c-8ce5-b93a02a80a79\",\"t\":1791223483097}","source":"console","time":"2026-10-05T18:04:43Z"}
{"level":"info","msg":"{\"ev\":\"accepted\",\"id\":\"21a14d31-67b6-41a1-b31e-ac25f898fed7\",\"t\":1791223484012}","source":"console","time":"2026-10-05T18:04:44Z"}
{"level":"info","msg":"{\"ev\":\"accepted\",\"id\":\"ed4ed319-7a8e-4010-95a9-3ecc6577e1d9\",\"t\":1791223484918}","source":"console","time":"2026-10-05T18:04:44Z"}
{"level":"info","msg":"{\"ev\":\"accepted\",\"id\":\"ef88033b-2ef2-403b-898d-0dc4c96912e9\",\"t\":1791223485827}","source":"console","time":"2026-10-05T18:04:45Z"}
{"level":"info","msg":"{\"ev\":\"accepted\",\"id\":\"5de55dff-795f-4866-b519-4555adbd2286\",\"t\":1791223486733}","source":"console","time":"2026-10-05T18:04:46Z"}
{"level":"info","msg":"{\"ev\":\"accepted\",\"id\":\"a5f61f48-0758-45d1-a79a-e03464e2e07b\",\"t\":1791223487644}","source":"console","time":"2026-10-05T18:04:47Z"}
{"level":"info","msg":"{\"ev\":\"accepted\",\"id\":\"99bb0a28-b1e7-4253-a4e2-92d6b78a952e\",\"t\":1791223488556}","source":"console","time":"2026-10-05T18:04:48Z"}
{"level":"info","msg":"{\"ev\":\"accepted\",\"id\":\"18cb6fcb-a4c1-4b0a-a432-3496ca5fce9b\",\"t\":1791223489467}","source":"console","time":"2026-10-05T18:04:49Z"}
{"level":"info","msg":"{\"ev\":\"accepted\",\"id\":\"fbbf3c91-ea69-4a70-a539-6cad33c6d8ee\",\"t\":1791223490372}","source":"console","time":"2026-10-05T18:04:50Z"}
{"level":"info","msg":"{\"ev\":\"accepted\",\"id\":\"673cd707-c57a-4793-b881-80cfbb41222f\",\"t\":1791223491284}","source":"console","time":"2026-10-05T18:04:51Z"}
{"level":"info","msg":"{\"ev\":\"accepted\",\"id\":\"12d5ae59-baab-44e2-a9d8-9e901f8651c5\",\"t\":1791223492196}","source":"console","time":"2026-10-05T18:04:52Z"}
{"level":"info","msg":"{\"ev\":\"accepted\",\"id\":\"e7969272-270d-4736-a718-1b3f5880dd44\",\"t\":1791223493104}","source":"console","time":"2026-10-05T18:04:53Z"}
{"level":"info","msg":"{\"ev\":\"accepted\",\"id\":\"fa9b3f60-981d-4082-bc80-e206ee3ee9ba\",\"t\":1791223494014}","source":"console","time":"2026-10-05T18:04:54Z"}
{"level":"info","msg":"{\"ev\":\"accepted\",\"id\":\"55ec8157-ab36-426b-9280-dcade9ea17d3\",\"t\":1791223494919}","source":"console","time":"2026-10-05T18:04:54Z"}
{"level":"info","msg":"{\"ev\":\"accepted\",\"id\":\"4de79de0-98ca-457b-8d2e-b87cbdc7a560\",\"t\":1791223495818}","source":"console","time":"2026-10-05T18:04:55Z"}
{"level":"info","msg":"{\"ev\":\"accepted\",\"id\":\"fd3381a3-895f-478e-8392-15eb3cb6d7d2\",\"t\":1791223496731}","source":"console","time":"2026-10-05T18:04:56Z"}
{"level":"info","msg":"{\"ev\":\"accepted\",\"id\":\"bf2b4fa1-a95f-4b40-a591-80ffbe5a4361\",\"t\":1791223497638}","source":"console","time":"2026-10-05T18:04:57Z"}
{"level":"info","msg":"{\"ev\":\"accepted\",\"id\":\"2bd8a166-a0c6-4318-bdf7-342b62c94ee6\",\"t\":1791223498546}","source":"console","time":"2026-10-05T18:04:58Z"}
{"level":"info","msg":"{\"ev\":\"accepted\",\"id\":\"26fdb142-ea74-4799-95df-7a46c943c76a\",\"t\":1791223499459}","source":"console","time":"2026-10-05T18:04:59Z"}
{"level":"info","msg":"{\"ev\":\"accepted\",\"id\":\"91591dc9-95d7-4b2a-bdc2-3d2c3693329c\",\"t\":1791223500365}","source":"console","time":"2026-10-05T18:05:00Z"}
{"level":"info","msg":"{\"ev\":\"accepted\",\"id\":\"6723ef7d-cbf6-4f01-a75a-5aa4b6a3998a\",\"t\":1791223501273}","source":"console","time":"2026-10-05T18:05:01Z"}
{"level":"info","msg":"{\"ev\":\"accepted\",\"id\":\"34465610-ec07-41f7-b82e-f9f99a372905\",\"t\":1791223502183}","source":"console","time":"2026-10-05T18:05:02Z"}
{"level":"info","msg":"{\"ev\":\"accepted\",\"id\":\"65795ab8-c8f3-4a13-a663-f8d311639416\",\"t\":1791223503092}","source":"console","time":"2026-10-05T18:05:03Z"}
{"level":"info","msg":"{\"ev\":\"accepted\",\"id\":\"9aca4762-c7b6-4474-9b4d-2076ef7fed67\",\"t\":1791223504002}","source":"console","time":"2026-10-05T18:05:04Z"}
{"level":"info","msg":"{\"ev\":\"accepted\",\"id\":\"864006b9-4904-4264-84cf-1df065ce46d0\",\"t\":1791223504910}","source":"console","time":"2026-10-05T18:05:04Z"}
{"level":"info","msg":"{\"ev\":\"accepted\",\"id\":\"76387a7a-fce1-49ad-ad0e-438ed9925f7b\",\"t\":1791223505820}","source":"console","time":"2026-10-05T18:05:05Z"}
{"level":"info","msg":"{\"ev\":\"accepted\",\"id\":\"1c3294e0-3be1-4e11-8b8f-9579de03c7f4\",\"t\":1791223506729}","source":"console","time":"2026-10-05T18:05:06Z"}
{"level":"info","msg":"{\"ev\":\"accepted\",\"id\":\"79f4484d-461a-454f-8a38-1c684c44a8fa\",\"t\":1791223507639}","source":"console","time":"2026-10-05T18:05:07Z"}
{"level":"info","msg":"{\"ev\":\"accepted\",\"id\":\"8578591e-bc5c-44d3-81e0-b5d4b23f236b\",\"t\":1791223508547}","source":"console","time":"2026-10-05T18:05:08Z"}
{"level":"info","msg":"{\"ev\":\"accepted\",\"id\":\"8f013606-301a-4897-9d22-929f8c5ab3b0\",\"t\":1791223509457}","source":"console","time":"2026-10-05T18:05:09Z"}
{"level":"info","msg":"{\"ev\":\"accepted\",\"id\":\"226d500a-384d-4bb2-8fe6-3efa9f6e7963\",\"t\":1791223510365}","source":"console","time":"2026-10-05T18:05:10Z"}
{"level":"info","msg":"{\"ev\":\"accepted\",\"id\":\"b21aac40-c92c-47a6-a0ef-7fe87f5f684a\",\"t\":1791223511274}","source":"console","time":"2026-10-05T18:05:11Z"}
{"level":"info","msg":"{\"ev\":\"accepted\",\"id\":\"18d9eb64-e44e-450a-b212-3f97c41dbf9f\",\"t\":1791223512183}","source":"console","time":"2026-10-05T18:05:12Z"}
{"level":"info","msg":"{\"ev\":\"accepted\",\"id\":\"7fb31672-4b41-4d9b-9aec-4437178918ed\",\"t\":1791223513094}","source":"console","time":"2026-10-05T18:05:13Z"}
{"level":"info","msg":"{\"ev\":\"accepted\",\"id\":\"cef055d8-6a1b-45ca-8412-5dcc5496db60\",\"t\":1791223514003}","source":"console","time":"2026-10-05T18:05:14Z"}
{"level":"info","msg":"{\"ev\":\"accepted\",\"id\":\"bee57bb5-078a-4544-8c59-99ff9526f74a\",\"t\":1791223514912}","source":"console","time":"2026-10-05T18:05:14Z"}
{"level":"info","msg":"{\"ev\":\"accepted\",\"id\":\"90ef466c-d4a7-4d30-90d4-570152dad0de\",\"t\":1791223515823}","source":"console","time":"2026-10-05T18:05:15Z"}
{"level":"info","msg":"{\"ev\":\"accepted\",\"id\":\"d31b9182-4ae2-40b6-b69f-346432ed4fb3\",\"t\":1791223516729}","source":"console","time":"2026-10-05T18:05:16Z"}
{"level":"info","msg":"{\"ev\":\"accepted\",\"id\":\"fa6c513a-1e0a-4e78-82a3-b3a91160f8e9\",\"t\":1791223517637}","source":"console","time":"2026-10-05T18:05:17Z"}
{"level":"info","msg":"{\"ev\":\"accepted\",\"id\":\"59bb57cc-0d9f-4426-b00e-42973e373290\",\"t\":1791223518548}","source":"console","time":"2026-10-05T18:05:18Z"}
{"level":"info","msg":"{\"ev\":\"accepted\",\"id\":\"33ea69da-e93c-4755-9954-7a172cf4dbde\",\"t\":1791223519457}","source":"console","time":"2026-10-05T18:05:19Z"}
{"level":"info","msg":"{\"ev\":\"accepted\",\"id\":\"7a6139b7-8a4d-4548-83ec-3e3b98b96500\",\"t\":1791223520368}","source":"console","time":"2026-10-05T18:05:20Z"}
{"level":"info","msg":"{\"ev\":\"accepted\",\"id\":\"63f7e4a4-33aa-4a43-8e07-9d3031a10525\",\"t\":1791223521282}","source":"console","time":"2026-10-05T18:05:21Z"}
{"level":"info","msg":"{\"ev\":\"accepted\",\"id\":\"64497b93-c49c-4bff-a3db-6e40f46079c1\",\"t\":1791223522185}","source":"console","time":"2026-10-05T18:05:22Z"}
{"level":"info","msg":"{\"ev\":\"accepted\",\"id\":\"8411b8f2-ce58-4af2-9d9e-db3dcf91517c\",\"t\":1791223523096}","source":"console","time":"2026-10-05T18:05:23Z"}
{"level":"info","msg":"{\"ev\":\"accepted\",\"id\":\"b124e4cc-8d01-4686-9e3a-02678b684960\",\"t\":1791223524001}","source":"console","time":"2026-10-05T18:05:24Z"}
{"level":"info","msg":"{\"ev\":\"accepted\",\"id\":\"92eaaea3-862c-4712-ae27-ef97fd458bdc\",\"t\":1791223524911}","source":"console","time":"2026-10-05T18:05:24Z"}
{"level":"info","msg":"{\"ev\":\"accepted\",\"id\":\"38364ea9-305b-4d65-83a8-2a5f4fe4c77e\",\"t\":1791223525819}","source":"console","time":"2026-10-05T18:05:25Z"}
{"level":"info","msg":"{\"ev\":\"accepted\",\"id\":\"38c4b0da-2a46-4b51-ad2f-72f700b1ffae\",\"t\":1791223526733}","source":"console","time":"2026-10-05T18:05:26Z"}
{"level":"info","msg":"{\"ev\":\"accepted\",\"id\":\"2e2b2d59-7b08-4985-a9cf-194b9d5796aa\",\"t\":1791223527638}","source":"console","time":"2026-10-05T18:05:27Z"}
{"level":"info","msg":"{\"ev\":\"accepted\",\"id\":\"a7997495-2921-4ceb-b5c7-f325db9e42ce\",\"t\":1791223528547}","source":"console","time":"2026-10-05T18:05:28Z"}
{"level":"info","msg":"{\"ev\":\"accepted\",\"id\":\"ea804b50-cbb4-4bba-a726-d15e2fffb951\",\"t\":1791223529459}","source":"console","time":"2026-10-05T18:05:29Z"}
{"level":"info","msg":"{\"ev\":\"accepted\",\"id\":\"23391db8-b06c-43bf-934a-45e7581f46a5\",\"t\":1791223530365}","source":"console","time":"2026-10-05T18:05:30Z"}
{"level":"info","msg":"{\"ev\":\"accepted\",\"id\":\"82670842-db24-419b-8526-29d39db9962e\",\"t\":1791223531275}","source":"console","time":"2026-10-05T18:05:31Z"}
{"level":"info","msg":"{\"ev\":\"accepted\",\"id\":\"9420ee26-7bec-4a79-9fda-fbd3b67be577\",\"t\":1791223532185}","source":"console","time":"2026-10-05T18:05:32Z"}
{"level":"info","msg":"{\"ev\":\"accepted\",\"id\":\"7c749b76-e1ed-4ec4-90d9-57cb601be64c\",\"t\":1791223533094}","source":"console","time":"2026-10-05T18:05:33Z"}
{"level":"info","msg":"{\"ev\":\"accepted\",\"id\":\"9ba6e30f-e404-46d4-b691-debe398ddb67\",\"t\":1791223534012}","source":"console","time":"2026-10-05T18:05:34Z"}
{"level":"info","msg":"{\"ev\":\"accepted\",\"id\":\"130ec893-65a2-49aa-8f9c-0f66fff8d371\",\"t\":1791223534917}","source":"console","time":"2026-10-05T18:05:34Z"}
{"level":"info","msg":"{\"ev\":\"accepted\",\"id\":\"18c8903b-4200-4c59-8381-386c6870fc08\",\"t\":1791223535827}","source":"console","time":"2026-10-05T18:05:35Z"}
{"level":"info","msg":"{\"ev\":\"accepted\",\"id\":\"f669b8ad-82c8-460b-b184-64e011f666f4\",\"t\":1791223536734}","source":"console","time":"2026-10-05T18:05:36Z"}
{"level":"info","msg":"{\"ev\":\"accepted\",\"id\":\"29920e02-3380-4525-a548-650a27bb53f6\",\"t\":1791223537638}","source":"console","time":"2026-10-05T18:05:37Z"}
{"level":"info","msg":"{\"ev\":\"accepted\",\"id\":\"24d6cee6-5760-4688-8ad3-ff6e25dc5acc\",\"t\":1791223538546}","source":"console","time":"2026-10-05T18:05:38Z"}
{"level":"info","msg":"{\"ev\":\"accepted\",\"id\":\"fc8f85c3-5a2e-4229-829e-bbbec97228cf\",\"t\":1791223539456}","source":"console","time":"2026-10-05T18:05:39Z"}
{"level":"info","msg":"{\"ev\":\"accepted\",\"id\":\"321f8277-ce48-48b4-9987-e0955051bf42\",\"t\":1791223540372}","source":"console","time":"2026-10-05T18:05:40Z"}
{"level":"info","msg":"{\"ev\":\"accepted\",\"id\":\"02b5fe11-6174-4962-aa81-2178792ace00\",\"t\":1791223541274}","source":"console","time":"2026-10-05T18:05:41Z"}
{"level":"info","msg":"{\"ev\":\"accepted\",\"id\":\"b63131c4-bf76-4083-927e-0cf64e09c924\",\"t\":1791223542191}","source":"console","time":"2026-10-05T18:05:42Z"}
{"level":"info","msg":"{\"ev\":\"accepted\",\"id\":\"918a6e04-a223-4554-b42f-3a37444ce6f2\",\"t\":1791223543095}","source":"console","time":"2026-10-05T18:05:43Z"}
{"level":"info","msg":"{\"ev\":\"accepted\",\"id\":\"227d68e1-3a6f-4eed-91a4-56fbf073c194\",\"t\":1791223544003}","source":"console","time":"2026-10-05T18:05:44Z"}
{"level":"info","msg":"{\"ev\":\"accepted\",\"id\":\"7a8c9be4-5255-4889-a1ba-f17b8ac78498\",\"t\":1791223544914}","source":"console","time":"2026-10-05T18:05:44Z"}
{"level":"info","msg":"{\"ev\":\"accepted\",\"id\":\"5efbe26c-4af2-4abd-beac-e6799b5406fc\",\"t\":1791223545824}","source":"console","time":"2026-10-05T18:05:45Z"}
{"level":"info","msg":"{\"ev\":\"accepted\",\"id\":\"25260b11-e43b-4aeb-a4b6-bc9d92bbedf7\",\"t\":1791223546737}","source":"console","time":"2026-10-05T18:05:46Z"}
{"level":"info","msg":"{\"ev\":\"accepted\",\"id\":\"357d009f-335a-4368-8247-596eb7211d60\",\"t\":1791223547645}","source":"console","time":"2026-10-05T18:05:47Z"}
{"level":"info","msg":"{\"ev\":\"accepted\",\"id\":\"4cbf816e-d872-49b2-803a-52aec32979a5\",\"t\":1791223548555}","source":"console","time":"2026-10-05T18:05:48Z"}
{"level":"info","msg":"{\"ev\":\"accepted\",\"id\":\"63354c50-f46a-4460-9100-67c431b53c07\",\"t\":1791223549461}","source":"console","time":"2026-10-05T18:05:49Z"}
{"level":"info","msg":"{\"ev\":\"accepted\",\"id\":\"6d35cbfa-a018-4471-a7da-1ae5458195d0\",\"t\":1791223550373}","source":"console","time":"2026-10-05T18:05:50Z"}
{"level":"info","msg":"{\"ev\":\"accepted\",\"id\":\"2256ad53-cb8c-42fc-9e4f-e8b58936e8aa\",\"t\":1791223551278}","source":"console","time":"2026-10-05T18:05:51Z"}
{"level":"info","msg":"{\"ev\":\"accepted\",\"id\":\"1e2c7217-02d5-479e-9c2a-bcbaff61aabd\",\"t\":1791223552194}","source":"console","time":"2026-10-05T18:05:52Z"}
{"level":"info","msg":"{\"ev\":\"accepted\",\"id\":\"84034480-4491-4708-8e70-e5895a3ed3b1\",\"t\":1791223553103}","source":"console","time":"2026-10-05T18:05:53Z"}
{"level":"info","msg":"{\"ev\":\"accepted\",\"id\":\"f0ebe0c2-52f1-4324-815f-1061f20d6dfe\",\"t\":1791223554008}","source":"console","time":"2026-10-05T18:05:54Z"}
{"level":"info","msg":"{\"ev\":\"accepted\",\"id\":\"1012ccb2-7248-4230-ad09-161abe1adcda\",\"t\":1791223554911}","source":"console","time":"2026-10-05T18:05:54Z"}
{"level":"info","msg":"{\"ev\":\"accepted\",\"id\":\"378acfe9-ec3f-4868-90b1-df11627a21c3\",\"t\":1791223555823}","source":"console","time":"2026-10-05T18:05:55Z"}
{"level":"info","msg":"{\"ev\":\"accepted\",\"id\":\"20124acb-deaa-499a-8617-ef5eaf4a791a\",\"t\":1791223556739}","source":"console","time":"2026-10-05T18:05:56Z"}
{"level":"info","msg":"{\"ev\":\"accepted\",\"id\":\"4bb0f4eb-32ff-4a03-b71b-b684cf358dfa\",\"t\":1791223557641}","source":"console","time":"2026-10-05T18:05:57Z"}
{"level":"info","msg":"{\"ev\":\"accepted\",\"id\":\"5b32f93f-c911-4084-844b-48f6c8abf226\",\"t\":1791223558552}","source":"console","time":"2026-10-05T18:05:58Z"}
{"level":"info","msg":"{\"ev\":\"accepted\",\"id\":\"97f815a3-43a7-4a89-a301-34575d1fc50f\",\"t\":1791223559455}","source":"console","time":"2026-10-05T18:05:59Z"}
{"level":"info","msg":"{\"ev\":\"accepted\",\"id\":\"69f0fe6d-97c5-4259-af93-e92e55085556\",\"t\":1791223560363}","source":"console","time":"2026-10-05T18:06:00Z"}
{"level":"info","msg":"{\"ev\":\"accepted\",\"id\":\"45a443ee-9f01-4d8a-b189-12123ee0ac4e\",\"t\":1791223561282}","source":"console","time":"2026-10-05T18:06:01Z"}
{"level":"info","msg":"{\"ev\":\"accepted\",\"id\":\"27f5f00a-6d28-403c-ae8e-0a9300d9647f\",\"t\":1791223562195}","source":"console","time":"2026-10-05T18:06:02Z"}
{"level":"info","msg":"{\"ev\":\"accepted\",\"id\":\"fbedcfbe-ef78-4e3a-9e45-499c91dceec7\",\"t\":1791223563103}","source":"console","time":"2026-10-05T18:06:03Z"}
{"level":"info","msg":"{\"ev\":\"accepted\",\"id\":\"237f1e98-c024-41dd-9f43-ca54f38565d7\",\"t\":1791223564007}","source":"console","time":"2026-10-05T18:06:04Z"}
{"level":"info","msg":"{\"ev\":\"accepted\",\"id\":\"119e7429-6fb3-4367-aaa8-05343a2b126a\",\"t\":1791223564918}","source":"console","time":"2026-10-05T18:06:04Z"}
{"level":"info","msg":"{\"ev\":\"accepted\",\"id\":\"b677b46f-92af-452c-865d-ec6c57698695\",\"t\":1791223565821}","source":"console","time":"2026-10-05T18:06:05Z"}
{"level":"info","msg":"{\"ev\":\"accepted\",\"id\":\"8a21cbc1-76d2-4a58-ab6f-335a9597816c\",\"t\":1791223566743}","source":"console","time":"2026-10-05T18:06:06Z"}
{"level":"info","msg":"{\"ev\":\"accepted\",\"id\":\"b7827de9-2cbc-4d17-b664-2106cfe030d3\",\"t\":1791223567642}","source":"console","time":"2026-10-05T18:06:07Z"}
{"level":"info","msg":"{\"ev\":\"accepted\",\"id\":\"c0d67781-2c59-4589-8f19-880a559d2794\",\"t\":1791223568546}","source":"console","time":"2026-10-05T18:06:08Z"}
{"level":"info","msg":"{\"ev\":\"accepted\",\"id\":\"593a77b2-91c6-4968-97a9-e549edfc5b2d\",\"t\":1791223569466}","source":"console","time":"2026-10-05T18:06:09Z"}
{"level":"info","msg":"{\"ev\":\"accepted\",\"id\":\"04300c83-f41a-4359-b9af-ecdd71197c5e\",\"t\":1791223570364}","source":"console","time":"2026-10-05T18:06:10Z"}
{"level":"info","msg":"{\"ev\":\"accepted\",\"id\":\"ffe0bcad-27a3-492a-896b-a41b5efc97b4\",\"t\":1791223571284}","source":"console","time":"2026-10-05T18:06:11Z"}
{"level":"info","msg":"{\"ev\":\"accepted\",\"id\":\"bcc2cc59-7559-4ac2-973d-10bfd4ba0d5d\",\"t\":1791223572196}","source":"console","time":"2026-10-05T18:06:12Z"}
{"level":"info","msg":"{\"ev\":\"accepted\",\"id\":\"00946fa9-401e-480d-b0e1-95fb6a52b352\",\"t\":1791223573101}","source":"console","time":"2026-10-05T18:06:13Z"}
{"level":"info","msg":"{\"ev\":\"accepted\",\"id\":\"8b179fcc-84df-4de1-8c08-b9250cba6bc1\",\"t\":1791223574013}","source":"console","time":"2026-10-05T18:06:14Z"}
{"level":"info","msg":"{\"ev\":\"accepted\",\"id\":\"c5298e7b-5753-4efc-ac2e-712d1251e0df\",\"t\":1791223574918}","source":"console","time":"2026-10-05T18:06:14Z"}
{"level":"info","msg":"{\"ev\":\"accepted\",\"id\":\"b8bca962-fca5-45e3-8c35-9592a0adeae8\",\"t\":1791223575830}","source":"console","time":"2026-10-05T18:06:15Z"}
{"level":"info","msg":"{\"ev\":\"accepted\",\"id\":\"81dd3e86-eafc-4f80-8770-6df86a283999\",\"t\":1791223576720}","source":"console","time":"2026-10-05T18:06:16Z"}
{"level":"info","msg":"{\"ev\":\"accepted\",\"id\":\"0dd17b70-0891-4b2e-aaab-f5bb2ddfa3c0\",\"t\":1791223577536}","source":"console","time":"2026-10-05T18:06:17Z"}
{"level":"info","msg":"{\"ev\":\"accepted\",\"id\":\"c795490d-aed0-4203-8ada-5539edc90816\",\"t\":1791223578327}","source":"console","time":"2026-10-05T18:06:18Z"}
{"level":"info","msg":"{\"ev\":\"accepted\",\"id\":\"c91290a9-1657-4f81-94d7-0df633c28e0b\",\"t\":1791223579047}","source":"console","time":"2026-10-05T18:06:19Z"}
{"level":"info","msg":"{\"ev\":\"accepted\",\"id\":\"1ac6ea48-f1cf-4ba5-885b-2e3bd433152a\",\"t\":1791223579751}","source":"console","time":"2026-10-05T18:06:19Z"}
{"level":"info","msg":"{\"ev\":\"accepted\",\"id\":\"364496eb-9369-4250-88f9-3ddd0fbbe1b7\",\"t\":1791223580409}","source":"console","time":"2026-10-05T18:06:20Z"}
{"level":"info","msg":"{\"ev\":\"accepted\",\"id\":\"c6a8a5ae-228b-4abb-9b8c-9c82c9b24564\",\"t\":1791223581060}","source":"console","time":"2026-10-05T18:06:21Z"}
{"level":"info","msg":"{\"ev\":\"accepted\",\"id\":\"8fafc04b-a042-430f-8543-4d2873cb467f\",\"t\":1791223581677}","source":"console","time":"2026-10-05T18:06:21Z"}
{"level":"info","msg":"{\"ev\":\"accepted\",\"id\":\"d72e68e1-ccbc-425f-b91d-3f849e414095\",\"t\":1791223582302}","source":"console","time":"2026-10-05T18:06:22Z"}
{"level":"info","msg":"{\"ev\":\"accepted\",\"id\":\"1d1ef725-4c89-4a6d-b32f-707877fb8393\",\"t\":1791223582921}","source":"console","time":"2026-10-05T18:06:22Z"}
{"level":"info","msg":"{\"ev\":\"accepted\",\"id\":\"0e598661-4555-4194-9de2-95b3f4fc7542\",\"t\":1791223583551}","source":"console","time":"2026-10-05T18:06:23Z"}
{"level":"info","msg":"{\"ev\":\"accepted\",\"id\":\"9c49095c-fd47-446c-90bb-e77c7281c09e\",\"t\":1791223584176}","source":"console","time":"2026-10-05T18:06:24Z"}
{"level":"info","msg":"{\"ev\":\"accepted\",\"id\":\"051890f9-bc7b-4262-9987-f9b4123e5ee3\",\"t\":1791223584805}","source":"console","time":"2026-10-05T18:06:24Z"}
{"level":"info","msg":"{\"ev\":\"accepted\",\"id\":\"63954f7a-472f-4707-a134-815ba85ab3ad\",\"t\":1791223585422}","source":"console","time":"2026-10-05T18:06:25Z"}
{"level":"info","msg":"{\"ev\":\"accepted\",\"id\":\"c524faaf-dab9-42e7-9f3f-4bfcfbacea3f\",\"t\":1791223586051}","source":"console","time":"2026-10-05T18:06:26Z"}
{"level":"info","msg":"{\"ev\":\"accepted\",\"id\":\"46f3af4d-c91e-44cc-b246-74b0566c3032\",\"t\":1791223586676}","source":"console","time":"2026-10-05T18:06:26Z"}
{"level":"info","msg":"{\"ev\":\"accepted\",\"id\":\"191cdcf4-cc98-4add-8efa-938de10b90f9\",\"t\":1791223587301}","source":"console","time":"2026-10-05T18:06:27Z"}
{"level":"info","msg":"{\"ev\":\"accepted\",\"id\":\"8f18342b-556f-49ed-b77e-85ec8e2a376c\",\"t\":1791223587921}","source":"console","time":"2026-10-05T18:06:27Z"}
{"level":"info","msg":"{\"ev\":\"accepted\",\"id\":\"8fd0d035-d176-4c84-a7f1-72344eb299ab\",\"t\":1791223588557}","source":"console","time":"2026-10-05T18:06:28Z"}
{"level":"info","msg":"{\"ev\":\"accepted\",\"id\":\"15e8f17f-96f8-4c32-9e04-e0197e3ce7de\",\"t\":1791223589175}","source":"console","time":"2026-10-05T18:06:29Z"}
{"level":"info","msg":"{\"ev\":\"accepted\",\"id\":\"b0a9c6d3-7387-476d-adbb-86b3cbc28d05\",\"t\":1791223589800}","source":"console","time":"2026-10-05T18:06:29Z"}
{"level":"info","msg":"{\"ev\":\"accepted\",\"id\":\"1943203c-2a4d-4f07-b5bd-d51bc3772826\",\"t\":1791223590421}","source":"console","time":"2026-10-05T18:06:30Z"}
{"level":"info","msg":"{\"ev\":\"accepted\",\"id\":\"a576f2a0-3bc1-4ddb-ba06-6e1eb367ee99\",\"t\":1791223591047}","source":"console","time":"2026-10-05T18:06:31Z"}
{"level":"info","msg":"{\"ev\":\"accepted\",\"id\":\"19f504ef-e479-46f7-98bb-03621bfcfe19\",\"t\":1791223591676}","source":"console","time":"2026-10-05T18:06:31Z"}
{"level":"info","msg":"{\"ev\":\"accepted\",\"id\":\"edbf4f41-c409-4c72-9a63-bcb7b10ac3d9\",\"t\":1791223592304}","source":"console","time":"2026-10-05T18:06:32Z"}
{"level":"info","msg":"{\"ev\":\"accepted\",\"id\":\"69be3327-85c7-4bad-b009-939afd1e8370\",\"t\":1791223592922}","source":"console","time":"2026-10-05T18:06:32Z"}
{"level":"info","msg":"{\"ev\":\"accepted\",\"id\":\"caea7b81-e499-41ff-a703-10274e483b56\",\"t\":1791223593546}","source":"console","time":"2026-10-05T18:06:33Z"}
{"level":"info","msg":"{\"ev\":\"accepted\",\"id\":\"839ebb2f-65e0-43ba-81a7-410cb043bb35\",\"t\":1791223594175}","source":"console","time":"2026-10-05T18:06:34Z"}
{"level":"info","msg":"{\"ev\":\"accepted\",\"id\":\"3efc9c74-e4f3-49f5-9ce2-4129f95ced49\",\"t\":1791223594801}","source":"console","time":"2026-10-05T18:06:34Z"}
{"level":"info","msg":"{\"ev\":\"accepted\",\"id\":\"2a8c60dd-3a30-4521-8c12-25d6eaf28296\",\"t\":1791223595422}","source":"console","time":"2026-10-05T18:06:35Z"}
{"level":"info","msg":"{\"ev\":\"accepted\",\"id\":\"0b3eb4d3-d885-4c68-b9f4-1c8af835414c\",\"t\":1791223596046}","source":"console","time":"2026-10-05T18:06:36Z"}
{"level":"info","msg":"{\"ev\":\"accepted\",\"id\":\"2a616ecf-b6c8-40c9-b66c-2db65d7dc855\",\"t\":1791223596676}","source":"console","time":"2026-10-05T18:06:36Z"}
{"level":"info","msg":"{\"ev\":\"accepted\",\"id\":\"f7b54da6-d55e-4c6c-a585-ca2f7ede821a\",\"t\":1791223597300}","source":"console","time":"2026-10-05T18:06:37Z"}
{"level":"info","msg":"{\"ev\":\"accepted\",\"id\":\"6b2f5a11-9c7c-47ca-98fa-2ad080bf9e2c\",\"t\":1791223597924}","source":"console","time":"2026-10-05T18:06:37Z"}
{"level":"info","msg":"{\"ev\":\"accepted\",\"id\":\"25582d5b-5ecd-40b8-83a4-805044a8f2a9\",\"t\":1791223598554}","source":"console","time":"2026-10-05T18:06:38Z"}
{"level":"info","msg":"{\"ev\":\"accepted\",\"id\":\"475fbb07-5a3d-419a-890a-dad6faa32dec\",\"t\":1791223599172}","source":"console","time":"2026-10-05T18:06:39Z"}
{"level":"info","msg":"{\"ev\":\"accepted\",\"id\":\"851e6847-9f9a-4852-a6f4-ba0f08fe7d4f\",\"t\":1791223599797}","source":"console","time":"2026-10-05T18:06:39Z"}
{"level":"info","msg":"{\"ev\":\"accepted\",\"id\":\"b6fea974-d59c-4831-962c-04c0f4535005\",\"t\":1791223600421}","source":"console","time":"2026-10-05T18:06:40Z"}
{"level":"info","msg":"{\"ev\":\"accepted\",\"id\":\"9cd7eda9-4351-477c-85fb-3985939a1e7b\",\"t\":1791223601047}","source":"console","time":"2026-10-05T18:06:41Z"}
{"level":"info","msg":"{\"ev\":\"accepted\",\"id\":\"cee417ed-8ea9-4972-b4fb-e20759a036bd\",\"t\":1791223601672}","source":"console","time":"2026-10-05T18:06:41Z"}
{"level":"info","msg":"{\"ev\":\"accepted\",\"id\":\"644329d1-1e34-4398-a2c5-52d6afddd216\",\"t\":1791223602297}","source":"console","time":"2026-10-05T18:06:42Z"}
{"level":"info","msg":"{\"ev\":\"accepted\",\"id\":\"56bf3ce1-3942-4eed-86c6-ecbd129524d8\",\"t\":1791223602921}","source":"console","time":"2026-10-05T18:06:42Z"}
{"level":"info","msg":"{\"ev\":\"accepted\",\"id\":\"04994dbc-3f96-413a-89fa-4608b1666a63\",\"t\":1791223603547}","source":"console","time":"2026-10-05T18:06:43Z"}
{"level":"info","msg":"{\"ev\":\"accepted\",\"id\":\"c272699f-8d84-4311-9028-46df8f4e1167\",\"t\":1791223604173}","source":"console","time":"2026-10-05T18:06:44Z"}
{"level":"info","msg":"{\"ev\":\"accepted\",\"id\":\"9d71ec5e-7f8d-4909-8aea-e162a2a6768a\",\"t\":1791223604797}","source":"console","time":"2026-10-05T18:06:44Z"}
{"level":"info","msg":"{\"ev\":\"accepted\",\"id\":\"ed0ad8f4-0fbb-4602-940f-8c84e427f95e\",\"t\":1791223605422}","source":"console","time":"2026-10-05T18:06:45Z"}
{"level":"info","msg":"{\"ev\":\"accepted\",\"id\":\"bf66fa93-f80e-4c91-81fd-8315eefb8675\",\"t\":1791223606050}","source":"console","time":"2026-10-05T18:06:46Z"}
{"level":"info","msg":"{\"ev\":\"accepted\",\"id\":\"5db41e08-2af0-4728-b02b-0b201455a2d9\",\"t\":1791223606672}","source":"console","time":"2026-10-05T18:06:46Z"}
{"level":"info","msg":"{\"ev\":\"accepted\",\"id\":\"3320cb2d-912a-4ae1-892a-508df4a30034\",\"t\":1791223607302}","source":"console","time":"2026-10-05T18:06:47Z"}
{"level":"info","msg":"{\"ev\":\"accepted\",\"id\":\"5018977e-1b68-4976-95a1-dc9c36ec67f0\",\"t\":1791223607930}","source":"console","time":"2026-10-05T18:06:47Z"}
{"level":"info","msg":"{\"ev\":\"accepted\",\"id\":\"97504adb-d239-49f5-a655-045a6104acfa\",\"t\":1791223608552}","source":"console","time":"2026-10-05T18:06:48Z"}
{"level":"info","msg":"{\"ev\":\"accepted\",\"id\":\"4783318c-43b9-4506-a269-564f378d0f0a\",\"t\":1791223609172}","source":"console","time":"2026-10-05T18:06:49Z"}
{"level":"info","msg":"{\"ev\":\"accepted\",\"id\":\"ff30110f-8db7-4630-bfd5-735b0553b103\",\"t\":1791223609798}","source":"console","time":"2026-10-05T18:06:49Z"}
{"level":"info","msg":"{\"ev\":\"accepted\",\"id\":\"6a6a77ca-05f9-48a0-90b3-8993d4bf0219\",\"t\":1791223610421}","source":"console","time":"2026-10-05T18:06:50Z"}
{"level":"info","msg":"{\"ev\":\"accepted\",\"id\":\"5b9aa30e-a0d9-410b-b57b-2b336b34d702\",\"t\":1791223611058}","source":"console","time":"2026-10-05T18:06:51Z"}
{"level":"info","msg":"{\"ev\":\"accepted\",\"id\":\"5b312470-c6a7-4aac-abbd-d78630ea10cb\",\"t\":1791223611674}","source":"console","time":"2026-10-05T18:06:51Z"}
{"level":"info","msg":"{\"ev\":\"accepted\",\"id\":\"edcdc678-119f-43ee-96e3-af778dae4ff2\",\"t\":1791223612307}","source":"console","time":"2026-10-05T18:06:52Z"}
{"level":"info","msg":"{\"ev\":\"accepted\",\"id\":\"be3d898e-92a4-4e28-9443-f7c372a12917\",\"t\":1791223612921}","source":"console","time":"2026-10-05T18:06:52Z"}
{"level":"info","msg":"{\"ev\":\"accepted\",\"id\":\"bfd1b719-440f-49eb-a4be-74f79fc9dfb2\",\"t\":1791223613548}","source":"console","time":"2026-10-05T18:06:53Z"}
{"level":"info","msg":"{\"ev\":\"accepted\",\"id\":\"fddc29b7-219b-43cf-b133-793aa317ecda\",\"t\":1791223614172}","source":"console","time":"2026-10-05T18:06:54Z"}
{"level":"info","msg":"{\"ev\":\"accepted\",\"id\":\"097a7a74-f3e9-4d01-bf14-f0b9eb4e8b02\",\"t\":1791223614803}","source":"console","time":"2026-10-05T18:06:54Z"}
{"level":"info","msg":"{\"ev\":\"accepted\",\"id\":\"c62d5649-be71-48da-a779-20a94f1d5abb\",\"t\":1791223615423}","source":"console","time":"2026-10-05T18:06:55Z"}
{"level":"info","msg":"{\"ev\":\"accepted\",\"id\":\"49f67242-f73e-43da-ac19-36d4a242fc47\",\"t\":1791223616049}","source":"console","time":"2026-10-05T18:06:56Z"}
{"level":"info","msg":"{\"ev\":\"accepted\",\"id\":\"d178870f-b64b-4994-b1dd-711bf301c793\",\"t\":1791223616671}","source":"console","time":"2026-10-05T18:06:56Z"}
{"level":"info","msg":"{\"ev\":\"accepted\",\"id\":\"870d36dc-3458-4a10-85c5-48a9e7024028\",\"t\":1791223617301}","source":"console","time":"2026-10-05T18:06:57Z"}
{"level":"info","msg":"{\"ev\":\"accepted\",\"id\":\"2b30e7e7-4d9e-4668-8b14-8a2d727fe500\",\"t\":1791223617922}","source":"console","time":"2026-10-05T18:06:57Z"}
{"level":"info","msg":"{\"ev\":\"accepted\",\"id\":\"ac35cd7c-f8bc-49d3-9a4d-61e6bfa695b0\",\"t\":1791223618547}","source":"console","time":"2026-10-05T18:06:58Z"}
{"level":"info","msg":"{\"ev\":\"accepted\",\"id\":\"c71180e4-09d8-499c-aac4-7462525200c7\",\"t\":1791223619178}","source":"console","time":"2026-10-05T18:06:59Z"}
{"level":"info","msg":"{\"ev\":\"accepted\",\"id\":\"400172c2-e622-4772-a42f-c4e743b41315\",\"t\":1791223619802}","source":"console","time":"2026-10-05T18:06:59Z"}
{"level":"info","msg":"{\"ev\":\"accepted\",\"id\":\"4ba27801-94f4-470f-a98b-6dfc4a17b188\",\"t\":1791223620421}","source":"console","time":"2026-10-05T18:07:00Z"}
{"level":"info","msg":"{\"ev\":\"accepted\",\"id\":\"4b17ac32-d783-4ae1-bbc5-fdd86349fc2b\",\"t\":1791223621052}","source":"console","time":"2026-10-05T18:07:01Z"}
{"level":"info","msg":"{\"ev\":\"accepted\",\"id\":\"1cae4047-2c82-483e-b3fb-151013c1c905\",\"t\":1791223621675}","source":"console","time":"2026-10-05T18:07:01Z"}
{"level":"info","msg":"{\"ev\":\"accepted\",\"id\":\"33b24132-57cc-4137-8d78-e27e925cc1d1\",\"t\":1791223622302}","source":"console","time":"2026-10-05T18:07:02Z"}
{"level":"info","msg":"{\"ev\":\"accepted\",\"id\":\"64cba16a-7ccf-43ae-8a8d-9311c8fcba02\",\"t\":1791223622923}","source":"console","time":"2026-10-05T18:07:02Z"}
{"level":"info","msg":"{\"ev\":\"accepted\",\"id\":\"4161956a-f3d6-4087-98f9-720fbda632e8\",\"t\":1791223623576}","source":"console","time":"2026-10-05T18:07:03Z"}
{"level":"info","msg":"{\"ev\":\"accepted\",\"id\":\"c22bd626-5816-4a29-98a1-1ac0cd0e656d\",\"t\":1791223624173}","source":"console","time":"2026-10-05T18:07:04Z"}
{"level":"info","msg":"{\"ev\":\"accepted\",\"id\":\"efdea924-3055-48be-bf34-e0370be3aa08\",\"t\":1791223624800}","source":"console","time":"2026-10-05T18:07:04Z"}
{"level":"info","msg":"{\"ev\":\"accepted\",\"id\":\"b73f5dbf-ac28-44c3-bb35-1a92fa879158\",\"t\":1791223625423}","source":"console","time":"2026-10-05T18:07:05Z"}
{"level":"info","msg":"{\"ev\":\"accepted\",\"id\":\"62c49e18-eb0b-4c91-9375-5e69b945be1a\",\"t\":1791223626052}","source":"console","time":"2026-10-05T18:07:06Z"}
{"level":"info","msg":"{\"ev\":\"accepted\",\"id\":\"57919023-3aa0-40ba-a23a-b1ded30145ea\",\"t\":1791223626677}","source":"console","time":"2026-10-05T18:07:06Z"}
{"level":"info","msg":"{\"ev\":\"accepted\",\"id\":\"92eac0cb-cf68-4183-9f1d-e773886f735c\",\"t\":1791223627305}","source":"console","time":"2026-10-05T18:07:07Z"}
{"level":"info","msg":"{\"ev\":\"accepted\",\"id\":\"0e699a0c-665d-4f4f-a3a8-f370224958bf\",\"t\":1791223627922}","source":"console","time":"2026-10-05T18:07:07Z"}
{"level":"info","msg":"{\"ev\":\"accepted\",\"id\":\"c12eef17-017a-4a9b-884a-ec5944100be7\",\"t\":1791223628552}","source":"console","time":"2026-10-05T18:07:08Z"}
{"level":"info","msg":"{\"ev\":\"accepted\",\"id\":\"d4713c37-7dfe-41f9-809a-0804f8377ef6\",\"t\":1791223629176}","source":"console","time":"2026-10-05T18:07:09Z"}
{"level":"info","msg":"{\"ev\":\"accepted\",\"id\":\"c41b097e-e7e2-44be-a678-e36676201ab1\",\"t\":1791223629799}","source":"console","time":"2026-10-05T18:07:09Z"}
{"level":"info","msg":"{\"ev\":\"accepted\",\"id\":\"caf3e87e-9303-486e-bcbe-5b74ef992910\",\"t\":1791223630422}","source":"console","time":"2026-10-05T18:07:10Z"}
{"level":"info","msg":"{\"ev\":\"accepted\",\"id\":\"82466d2d-a9b9-49d5-9667-2bab19cbf4ff\",\"t\":1791223631051}","source":"console","time":"2026-10-05T18:07:11Z"}
{"level":"info","msg":"{\"ev\":\"accepted\",\"id\":\"2961dccf-fad6-4186-8757-b87a767f4016\",\"t\":1791223631676}","source":"console","time":"2026-10-05T18:07:11Z"}
{"level":"info","msg":"{\"ev\":\"accepted\",\"id\":\"e9e7d2f1-15a0-4acc-b376-b303db9561ef\",\"t\":1791223632300}","source":"console","time":"2026-10-05T18:07:12Z"}
{"level":"info","msg":"{\"ev\":\"accepted\",\"id\":\"1f603a0e-6cc9-450e-9c9c-d8f78db8fb37\",\"t\":1791223632921}","source":"console","time":"2026-10-05T18:07:12Z"}
{"level":"info","msg":"{\"ev\":\"accepted\",\"id\":\"74555a4c-3b06-494f-97ca-d0a2e95189fc\",\"t\":1791223633556}","source":"console","time":"2026-10-05T18:07:13Z"}
{"level":"info","msg":"{\"ev\":\"accepted\",\"id\":\"638f2433-1cec-49a7-ae68-756f26a25516\",\"t\":1791223634172}","source":"console","time":"2026-10-05T18:07:14Z"}
{"level":"info","msg":"{\"ev\":\"accepted\",\"id\":\"5ed6ae1d-37c0-43b3-8d82-8014475b0743\",\"t\":1791223634803}","source":"console","time":"2026-10-05T18:07:14Z"}
{"level":"info","msg":"{\"ev\":\"accepted\",\"id\":\"02126014-db4c-4a79-b2c1-df0690b2c65a\",\"t\":1791223635422}","source":"console","time":"2026-10-05T18:07:15Z"}
{"level":"info","msg":"{\"ev\":\"accepted\",\"id\":\"ed37f46c-4ecc-427e-8d16-7c6bcd196f24\",\"t\":1791223636051}","source":"console","time":"2026-10-05T18:07:16Z"}
{"level":"info","msg":"{\"ev\":\"accepted\",\"id\":\"31437417-ed55-4884-8847-a3b8075d220f\",\"t\":1791223636672}","source":"console","time":"2026-10-05T18:07:16Z"}
{"level":"info","msg":"{\"ev\":\"accepted\",\"id\":\"752643b4-a0cf-4c78-8f76-d9b28cded843\",\"t\":1791223637300}","source":"console","time":"2026-10-05T18:07:17Z"}
{"level":"info","msg":"{\"ev\":\"accepted\",\"id\":\"3ee40d53-425f-4f8f-9933-1437d98ec8cc\",\"t\":1791223637922}","source":"console","time":"2026-10-05T18:07:17Z"}
{"level":"info","msg":"{\"ev\":\"accepted\",\"id\":\"31c588a5-f1d5-45ba-998e-73a36bce5368\",\"t\":1791223638551}","source":"console","time":"2026-10-05T18:07:18Z"}
{"level":"info","msg":"{\"ev\":\"accepted\",\"id\":\"a204516b-15fd-4282-a4d8-68ef5d1547eb\",\"t\":1791223639176}","source":"console","time":"2026-10-05T18:07:19Z"}
{"level":"info","msg":"{\"ev\":\"accepted\",\"id\":\"71e44476-8caf-491c-b479-31a897a125e8\",\"t\":1791223639801}","source":"console","time":"2026-10-05T18:07:19Z"}
{"level":"info","msg":"{\"ev\":\"accepted\",\"id\":\"e3ab3b5b-e008-4244-ae61-ebd366b08477\",\"t\":1791223640422}","source":"console","time":"2026-10-05T18:07:20Z"}
{"level":"info","msg":"{\"ev\":\"accepted\",\"id\":\"584598b1-7d27-4ada-93b9-64b93e28e0cb\",\"t\":1791223641059}","source":"console","time":"2026-10-05T18:07:21Z"}
{"level":"info","msg":"{\"ev\":\"accepted\",\"id\":\"e1717b21-a7d7-42ab-a61a-5c15ed90bf28\",\"t\":1791223641676}","source":"console","time":"2026-10-05T18:07:21Z"}
{"level":"info","msg":"{\"ev\":\"accepted\",\"id\":\"7a599795-8351-4b1b-b543-e7ac2880d328\",\"t\":1791223642301}","source":"console","time":"2026-10-05T18:07:22Z"}
{"level":"info","msg":"{\"ev\":\"accepted\",\"id\":\"a7bd9221-84f6-4718-b555-3ab8c29d2412\",\"t\":1791223642923}","source":"console","time":"2026-10-05T18:07:22Z"}
{"level":"info","msg":"{\"ev\":\"accepted\",\"id\":\"755f4555-0c46-4ef4-a46b-ba9e878f4cc7\",\"t\":1791223643550}","source":"console","time":"2026-10-05T18:07:23Z"}
{"level":"info","msg":"{\"ev\":\"accepted\",\"id\":\"3d2c8129-174f-4003-a1c7-a7831eaea2c9\",\"t\":1791223644171}","source":"console","time":"2026-10-05T18:07:24Z"}
{"level":"info","msg":"{\"ev\":\"accepted\",\"id\":\"1e70a541-abad-4253-b663-b9c7a42d6d3d\",\"t\":1791223644811}","source":"console","time":"2026-10-05T18:07:24Z"}
{"level":"info","msg":"{\"ev\":\"accepted\",\"id\":\"1325882d-f799-4a66-b11e-9a1141bf8268\",\"t\":1791223645421}","source":"console","time":"2026-10-05T18:07:25Z"}
{"level":"info","msg":"{\"ev\":\"accepted\",\"id\":\"091c6758-4c1c-45c4-b3a6-bfcbc58910df\",\"t\":1791223646053}","source":"console","time":"2026-10-05T18:07:26Z"}
{"level":"info","msg":"{\"ev\":\"accepted\",\"id\":\"7968d4b5-5f0d-4620-bd42-307702797df2\",\"t\":1791223646676}","source":"console","time":"2026-10-05T18:07:26Z"}
{"level":"info","msg":"{\"ev\":\"accepted\",\"id\":\"1ab02461-93bf-48dd-933c-8f0df54d7489\",\"t\":1791223647297}","source":"console","time":"2026-10-05T18:07:27Z"}
{"level":"info","msg":"{\"ev\":\"accepted\",\"id\":\"97642e37-23ed-4cc8-849a-5fa6bafcce63\",\"t\":1791223647922}","source":"console","time":"2026-10-05T18:07:27Z"}
{"level":"info","msg":"{\"ev\":\"accepted\",\"id\":\"169d8bf7-1b24-4c4b-a1af-c295a9fd43a5\",\"t\":1791223648552}","source":"console","time":"2026-10-05T18:07:28Z"}
{"level":"info","msg":"{\"ev\":\"accepted\",\"id\":\"acb79255-ad7e-47db-8c13-02f1a6be54e6\",\"t\":1791223649176}","source":"console","time":"2026-10-05T18:07:29Z"}
{"level":"info","msg":"{\"ev\":\"accepted\",\"id\":\"f4e995d5-d033-4523-b298-d1daaf7da2b7\",\"t\":1791223649802}","source":"console","time":"2026-10-05T18:07:29Z"}
{"level":"info","msg":"{\"ev\":\"accepted\",\"id\":\"c3cb8f31-5c90-466d-b1d9-8ce1472f778e\",\"t\":1791223650426}","source":"console","time":"2026-10-05T18:07:30Z"}
{"level":"info","msg":"{\"ev\":\"accepted\",\"id\":\"b4e2e680-0921-464a-b9d8-fef54d583f46\",\"t\":1791223651052}","source":"console","time":"2026-10-05T18:07:31Z"}
{"level":"info","msg":"{\"ev\":\"accepted\",\"id\":\"69320529-d28a-41cb-ad8f-0665511f7526\",\"t\":1791223651676}","source":"console","time":"2026-10-05T18:07:31Z"}
{"level":"info","msg":"{\"ev\":\"accepted\",\"id\":\"f1d3081b-6e6d-4fca-84d4-5d5f22b90634\",\"t\":1791223652304}","source":"console","time":"2026-10-05T18:07:32Z"}
{"level":"info","msg":"{\"ev\":\"accepted\",\"id\":\"4c36aca6-3e28-4a53-bfa1-dc27bd7a57a8\",\"t\":1791223652921}","source":"console","time":"2026-10-05T18:07:32Z"}
{"level":"info","msg":"{\"ev\":\"accepted\",\"id\":\"d9ff1949-3a7e-4ff9-9d85-309aa5250892\",\"t\":1791223653550}","source":"console","time":"2026-10-05T18:07:33Z"}
{"level":"info","msg":"{\"ev\":\"accepted\",\"id\":\"3c9fbd73-0ab7-4b02-8e99-23eef92fa93f\",\"t\":1791223654172}","source":"console","time":"2026-10-05T18:07:34Z"}
{"level":"info","msg":"{\"ev\":\"accepted\",\"id\":\"2246c26b-4cd0-4a5d-b7a6-b50a4c18e2a5\",\"t\":1791223654799}","source":"console","time":"2026-10-05T18:07:34Z"}
{"level":"info","msg":"{\"ev\":\"accepted\",\"id\":\"a1763357-a301-44a5-a7c3-bc3cfb4f592b\",\"t\":1791223655422}","source":"console","time":"2026-10-05T18:07:35Z"}
{"level":"info","msg":"{\"ev\":\"accepted\",\"id\":\"4aa6bd3f-d7ef-4969-93b3-2c4f184c6699\",\"t\":1791223656046}","source":"console","time":"2026-10-05T18:07:36Z"}
{"level":"info","msg":"{\"ev\":\"accepted\",\"id\":\"dac474e9-aa56-4ac0-bf68-cd0686e31dd0\",\"t\":1791223656672}","source":"console","time":"2026-10-05T18:07:36Z"}
{"level":"info","msg":"{\"ev\":\"accepted\",\"id\":\"9c667372-116a-4c8c-b809-286ad96c7f0e\",\"t\":1791223657301}","source":"console","time":"2026-10-05T18:07:37Z"}
{"level":"info","msg":"{\"ev\":\"accepted\",\"id\":\"daf821c2-244c-4408-b278-e123e844ae61\",\"t\":1791223657925}","source":"console","time":"2026-10-05T18:07:37Z"}
{"level":"info","msg":"{\"ev\":\"accepted\",\"id\":\"fd416c30-1f4f-4e64-aa9e-cf03914fa565\",\"t\":1791223658553}","source":"console","time":"2026-10-05T18:07:38Z"}
{"level":"info","msg":"{\"ev\":\"accepted\",\"id\":\"0847c384-6237-440c-b5d5-737a3e179f9b\",\"t\":1791223659172}","source":"console","time":"2026-10-05T18:07:39Z"}
{"level":"info","msg":"{\"ev\":\"accepted\",\"id\":\"7c5d3e3d-2336-4214-8f17-01e9383f107a\",\"t\":1791223659797}","source":"console","time":"2026-10-05T18:07:39Z"}
{"level":"info","msg":"{\"ev\":\"accepted\",\"id\":\"5c011a95-5cf8-410d-8363-5328436b3807\",\"t\":1791223660421}","source":"console","time":"2026-10-05T18:07:40Z"}
{"level":"info","msg":"{\"ev\":\"accepted\",\"id\":\"3ce9758e-5530-4ce5-bb09-2accce3c4d7f\",\"t\":1791223661053}","source":"console","time":"2026-10-05T18:07:41Z"}
{"level":"info","msg":"{\"ev\":\"accepted\",\"id\":\"6d8e8272-08d9-4b26-b8bf-2e8e9f58eb1b\",\"t\":1791223661671}","source":"console","time":"2026-10-05T18:07:41Z"}
{"level":"info","msg":"{\"ev\":\"accepted\",\"id\":\"48f7f013-bba9-4b7f-a030-7bdb560ddee0\",\"t\":1791223662297}","source":"console","time":"2026-10-05T18:07:42Z"}
{"level":"info","msg":"{\"ev\":\"accepted\",\"id\":\"6d9d52ca-b481-482b-995b-bd3fc6d433db\",\"t\":1791223662923}","source":"console","time":"2026-10-05T18:07:42Z"}
{"level":"info","msg":"{\"ev\":\"accepted\",\"id\":\"b2a6edd4-d046-4e57-be6a-bf325d446d0d\",\"t\":1791223663549}","source":"console","time":"2026-10-05T18:07:43Z"}
{"level":"info","msg":"{\"ev\":\"accepted\",\"id\":\"e39b2079-71cf-4951-9ef6-64574b60bfdd\",\"t\":1791223664171}","source":"console","time":"2026-10-05T18:07:44Z"}
{"level":"info","msg":"{\"ev\":\"accepted\",\"id\":\"a309467c-a439-401a-9eaf-b60e249711df\",\"t\":1791223664798}","source":"console","time":"2026-10-05T18:07:44Z"}
{"level":"info","msg":"{\"ev\":\"accepted\",\"id\":\"c089701a-297b-4464-9f39-0ada7f43cd35\",\"t\":1791223665422}","source":"console","time":"2026-10-05T18:07:45Z"}
{"level":"info","msg":"{\"ev\":\"accepted\",\"id\":\"9611a09c-0c98-4c77-9b90-a373b86af7c8\",\"t\":1791223666047}","source":"console","time":"2026-10-05T18:07:46Z"}
{"level":"info","msg":"{\"ev\":\"accepted\",\"id\":\"4cc6796d-36f2-4d2e-9758-df9a221fb07d\",\"t\":1791223666672}","source":"console","time":"2026-10-05T18:07:46Z"}
{"level":"info","msg":"{\"ev\":\"accepted\",\"id\":\"0f876266-aa46-44d1-b612-3370d8ac4630\",\"t\":1791223667298}","source":"console","time":"2026-10-05T18:07:47Z"}
{"level":"info","msg":"{\"ev\":\"accepted\",\"id\":\"8cb0775f-776e-4d86-8f38-ebb9f479e2bf\",\"t\":1791223667922}","source":"console","time":"2026-10-05T18:07:47Z"}
{"level":"info","msg":"{\"ev\":\"accepted\",\"id\":\"550f59e9-00d9-4a26-8f2d-cb227daeda38\",\"t\":1791223668555}","source":"console","time":"2026-10-05T18:07:48Z"}
{"level":"info","msg":"{\"ev\":\"accepted\",\"id\":\"459d49b7-046a-45b5-9593-9e94fce03c59\",\"t\":1791223669189}","source":"console","time":"2026-10-05T18:07:49Z"}
{"level":"info","msg":"{\"ev\":\"accepted\",\"id\":\"84ef9606-e884-4add-8d78-ebe196fa79af\",\"t\":1791223669811}","source":"console","time":"2026-10-05T18:07:49Z"}
{"level":"info","msg":"{\"ev\":\"accepted\",\"id\":\"69db6c4b-fccb-435b-960b-e14f0fc9594f\",\"t\":1791223670422}","source":"console","time":"2026-10-05T18:07:50Z"}
{"level":"info","msg":"{\"ev\":\"accepted\",\"id\":\"fc280040-9431-4856-b094-5caaefe4836e\",\"t\":1791223671053}","source":"console","time":"2026-10-05T18:07:51Z"}
{"level":"info","msg":"{\"ev\":\"accepted\",\"id\":\"2504eae1-164f-440c-b1be-5af49399f588\",\"t\":1791223671671}","source":"console","time":"2026-10-05T18:07:51Z"}
{"level":"info","msg":"{\"ev\":\"accepted\",\"id\":\"33c85a1c-fdc7-404a-bb00-2c945d4b4005\",\"t\":1791223672298}","source":"console","time":"2026-10-05T18:07:52Z"}
{"level":"info","msg":"{\"ev\":\"accepted\",\"id\":\"80d89c8f-f304-4e8f-b12c-aee6e6a0e243\",\"t\":1791223672921}","source":"console","time":"2026-10-05T18:07:52Z"}
{"level":"info","msg":"{\"ev\":\"accepted\",\"id\":\"3374eb45-7cb2-4674-bcec-2dce06d1bb06\",\"t\":1791223673551}","source":"console","time":"2026-10-05T18:07:53Z"}
{"level":"info","msg":"{\"ev\":\"accepted\",\"id\":\"0bc78fa9-a3bd-4af8-bbdc-132b8209bd00\",\"t\":1791223674171}","source":"console","time":"2026-10-05T18:07:54Z"}
{"level":"info","msg":"{\"ev\":\"accepted\",\"id\":\"2e427181-85ee-46de-a68e-7d12e60e82b5\",\"t\":1791223674798}","source":"console","time":"2026-10-05T18:07:54Z"}
{"level":"info","msg":"{\"ev\":\"accepted\",\"id\":\"ecb3b218-a648-4c2e-abd1-953818565b0d\",\"t\":1791223675422}","source":"console","time":"2026-10-05T18:07:55Z"}
{"level":"info","msg":"{\"ev\":\"accepted\",\"id\":\"02d758fd-e246-4faa-8d83-b9d8d8ff3f38\",\"t\":1791223676052}","source":"console","time":"2026-10-05T18:07:56Z"}
{"level":"info","msg":"{\"ev\":\"accepted\",\"id\":\"d3d8291e-3c01-4c94-8636-376702b21d56\",\"t\":1791223676671}","source":"console","time":"2026-10-05T18:07:56Z"}
{"level":"info","msg":"{\"ev\":\"accepted\",\"id\":\"d7fbee84-5f19-4da0-8cab-c95b50a71b4f\",\"t\":1791223677296}","source":"console","time":"2026-10-05T18:07:57Z"}
{"level":"info","msg":"{\"ev\":\"accepted\",\"id\":\"3d2ab285-d7b1-421a-a4d4-1065285d1c47\",\"t\":1791223677922}","source":"console","time":"2026-10-05T18:07:57Z"}
{"level":"info","msg":"{\"ev\":\"accepted\",\"id\":\"3949ff3e-5749-4d01-9d5a-b0edf0dae2a0\",\"t\":1791223678561}","source":"console","time":"2026-10-05T18:07:58Z"}
{"level":"info","msg":"{\"ev\":\"accepted\",\"id\":\"97b28e72-9f1d-4410-ae56-affe449f1972\",\"t\":1791223679176}","source":"console","time":"2026-10-05T18:07:59Z"}
{"level":"info","msg":"{\"ev\":\"accepted\",\"id\":\"01e3a328-c1aa-4b79-b0d8-3487773965cb\",\"t\":1791223679801}","source":"console","time":"2026-10-05T18:07:59Z"}
{"level":"info","msg":"{\"ev\":\"accepted\",\"id\":\"84568bf5-37a4-45d5-904a-743bfef36a7d\",\"t\":1791223680422}","source":"console","time":"2026-10-05T18:08:00Z"}
{"level":"info","msg":"{\"ev\":\"accepted\",\"id\":\"85329c38-7510-4830-9093-d1d973310010\",\"t\":1791223681053}","source":"console","time":"2026-10-05T18:08:01Z"}
{"level":"info","msg":"{\"ev\":\"accepted\",\"id\":\"a00796be-0c06-4002-8ba6-a334bb26d5f6\",\"t\":1791223681672}","source":"console","time":"2026-10-05T18:08:01Z"}
{"level":"info","msg":"{\"ev\":\"accepted\",\"id\":\"92bfd77f-44d4-4b1e-85e0-4ad91792dfcf\",\"t\":1791223682296}","source":"console","time":"2026-10-05T18:08:02Z"}
{"level":"info","msg":"{\"ev\":\"accepted\",\"id\":\"14df82f8-c875-4bc4-ad00-42261c7ccfb8\",\"t\":1791223682921}","source":"console","time":"2026-10-05T18:08:02Z"}
{"level":"info","msg":"{\"ev\":\"accepted\",\"id\":\"53ef3967-d194-4a63-94ad-b58cd83ef787\",\"t\":1791223683550}","source":"console","time":"2026-10-05T18:08:03Z"}
{"level":"info","msg":"{\"ev\":\"accepted\",\"id\":\"14039e73-4b0a-4a4b-8a32-9150d044b36c\",\"t\":1791223684175}","source":"console","time":"2026-10-05T18:08:04Z"}
{"level":"info","msg":"{\"ev\":\"accepted\",\"id\":\"123ca899-6f24-4fa4-8164-94b83726167e\",\"t\":1791223684801}","source":"console","time":"2026-10-05T18:08:04Z"}
{"level":"info","msg":"{\"ev\":\"accepted\",\"id\":\"ea5df13a-2380-4831-a354-c226fcc3c9e2\",\"t\":1791223685421}","source":"console","time":"2026-10-05T18:08:05Z"}
{"level":"info","msg":"{\"ev\":\"accepted\",\"id\":\"57cd2241-d383-4d20-bd4a-16505300c24d\",\"t\":1791223686047}","source":"console","time":"2026-10-05T18:08:06Z"}
{"level":"info","msg":"{\"ev\":\"accepted\",\"id\":\"6c6ca2f4-0b05-4198-971e-b39cccd0865d\",\"t\":1791223686676}","source":"console","time":"2026-10-05T18:08:06Z"}
{"level":"info","msg":"{\"ev\":\"accepted\",\"id\":\"7cd5a6d8-bcf9-4c2d-b0ee-301fa5cc1387\",\"t\":1791223687301}","source":"console","time":"2026-10-05T18:08:07Z"}
{"level":"info","msg":"{\"ev\":\"accepted\",\"id\":\"aaf8d369-1eb7-48dd-9751-87763c9645b0\",\"t\":1791223687921}","source":"console","time":"2026-10-05T18:08:07Z"}
{"level":"info","msg":"{\"ev\":\"accepted\",\"id\":\"66f40eed-e247-4f6e-82a7-8c7fa81aee24\",\"t\":1791223688553}","source":"console","time":"2026-10-05T18:08:08Z"}
{"level":"info","msg":"{\"ev\":\"accepted\",\"id\":\"4bb77ed8-2161-4ee0-aad9-bfa04609f168\",\"t\":1791223689176}","source":"console","time":"2026-10-05T18:08:09Z"}
{"level":"info","msg":"{\"ev\":\"accepted\",\"id\":\"8b602c71-4037-40ad-a63a-cbf6e540cde6\",\"t\":1791223689801}","source":"console","time":"2026-10-05T18:08:09Z"}
{"level":"info","msg":"{\"ev\":\"accepted\",\"id\":\"90a9667e-00d4-4806-9f2c-bbc0d08faada\",\"t\":1791223690421}","source":"console","time":"2026-10-05T18:08:10Z"}
{"level":"info","msg":"{\"ev\":\"accepted\",\"id\":\"c1429525-b236-41c5-9254-56d80baa9fd1\",\"t\":1791223691046}","source":"console","time":"2026-10-05T18:08:11Z"}
{"level":"info","msg":"{\"ev\":\"accepted\",\"id\":\"02495d7d-7bab-45e6-b16a-cc78f83fa8c0\",\"t\":1791223691676}","source":"console","time":"2026-10-05T18:08:11Z"}
{"level":"info","msg":"{\"ev\":\"accepted\",\"id\":\"a4dc09cc-a1c9-4ce5-93ac-705f98b94e34\",\"t\":1791223692303}","source":"console","time":"2026-10-05T18:08:12Z"}
{"level":"info","msg":"{\"ev\":\"accepted\",\"id\":\"ab06dbc3-14e4-4bac-a8a5-3b83d0c4e252\",\"t\":1791223692922}","source":"console","time":"2026-10-05T18:08:12Z"}
{"level":"info","msg":"{\"ev\":\"accepted\",\"id\":\"1ebc715d-9a9e-4eb1-8941-1e8710f916ba\",\"t\":1791223693548}","source":"console","time":"2026-10-05T18:08:13Z"}
{"level":"info","msg":"{\"ev\":\"accepted\",\"id\":\"600e1692-2703-4379-81c6-cb9b762a3c03\",\"t\":1791223694172}","source":"console","time":"2026-10-05T18:08:14Z"}
{"level":"info","msg":"{\"ev\":\"accepted\",\"id\":\"56713f50-8c42-47c8-9291-73f5b7414eee\",\"t\":1791223694798}","source":"console","time":"2026-10-05T18:08:14Z"}
{"level":"info","msg":"{\"ev\":\"accepted\",\"id\":\"5dc25b45-bc16-4fbc-8238-8ef64bace01c\",\"t\":1791223695421}","source":"console","time":"2026-10-05T18:08:15Z"}
{"level":"info","msg":"{\"ev\":\"accepted\",\"id\":\"c1f68a24-be24-4b56-8918-a2466b815891\",\"t\":1791223696052}","source":"console","time":"2026-10-05T18:08:16Z"}
{"level":"info","msg":"{\"ev\":\"accepted\",\"id\":\"87dc7fee-c2d8-462b-bfe9-19524ef3363b\",\"t\":1791223696672}","source":"console","time":"2026-10-05T18:08:16Z"}
{"level":"info","msg":"{\"ev\":\"accepted\",\"id\":\"04724f2e-9177-47af-87ad-81a0d92f6fbf\",\"t\":1791223697296}","source":"console","time":"2026-10-05T18:08:17Z"}
{"level":"info","msg":"{\"ev\":\"accepted\",\"id\":\"36fb098f-1b58-4358-a1b6-0a6d899e7a25\",\"t\":1791223697922}","source":"console","time":"2026-10-05T18:08:17Z"}
{"level":"info","msg":"{\"ev\":\"accepted\",\"id\":\"22e0b3d1-8a95-47ac-a0f7-e81c68e42427\",\"t\":1791223698557}","source":"console","time":"2026-10-05T18:08:18Z"}
{"level":"info","msg":"{\"ev\":\"accepted\",\"id\":\"2d361b97-347c-4bf9-bda2-a3130fa8db02\",\"t\":1791223699175}","source":"console","time":"2026-10-05T18:08:19Z"}
{"level":"info","msg":"{\"ev\":\"accepted\",\"id\":\"7d396a18-1c1f-4371-affb-b7e0f0e0f1e3\",\"t\":1791223699800}","source":"console","time":"2026-10-05T18:08:19Z"}
{"level":"info","msg":"{\"ev\":\"accepted\",\"id\":\"d2d5fb51-fc23-4d24-9bc7-2cc335006fe7\",\"t\":1791223700421}","source":"console","time":"2026-10-05T18:08:20Z"}
{"level":"info","msg":"{\"ev\":\"accepted\",\"id\":\"7a9ca113-ee39-472e-87cd-b6fda5d18ab4\",\"t\":1791223701048}","source":"console","time":"2026-10-05T18:08:21Z"}
{"level":"info","msg":"{\"ev\":\"accepted\",\"id\":\"064da0b1-e0cb-4aab-b389-da98e92fae18\",\"t\":1791223701676}","source":"console","time":"2026-10-05T18:08:21Z"}
{"level":"info","msg":"{\"ev\":\"accepted\",\"id\":\"1753b02e-ba44-40fd-8a9f-97b8ca11480b\",\"t\":1791223702301}","source":"console","time":"2026-10-05T18:08:22Z"}
{"level":"info","msg":"{\"ev\":\"accepted\",\"id\":\"3bcce8d8-6b50-47fd-a525-4c4dcf07768e\",\"t\":1791223702921}","source":"console","time":"2026-10-05T18:08:22Z"}
{"level":"info","msg":"{\"ev\":\"accepted\",\"id\":\"e77f1f26-2e04-477f-85fc-ae47e830c7cf\",\"t\":1791223703558}","source":"console","time":"2026-10-05T18:08:23Z"}
{"level":"info","msg":"{\"ev\":\"accepted\",\"id\":\"8a518e87-11bc-46c7-96d8-f59863bbf933\",\"t\":1791223704176}","source":"console","time":"2026-10-05T18:08:24Z"}
{"level":"info","msg":"{\"ev\":\"accepted\",\"id\":\"64be3edf-a115-48ac-88bd-3a2174616969\",\"t\":1791223704799}","source":"console","time":"2026-10-05T18:08:24Z"}
{"level":"info","msg":"{\"ev\":\"accepted\",\"id\":\"af019006-dc1d-404b-b4ba-939d3c3a2e96\",\"t\":1791223705422}","source":"console","time":"2026-10-05T18:08:25Z"}
{"level":"info","msg":"{\"ev\":\"accepted\",\"id\":\"ef2754ec-c8a8-4fc3-95a3-3ec8fd94d887\",\"t\":1791223706047}","source":"console","time":"2026-10-05T18:08:26Z"}
{"level":"info","msg":"{\"ev\":\"accepted\",\"id\":\"55724cd5-4cab-42df-8f69-26db7e149e4b\",\"t\":1791223706671}","source":"console","time":"2026-10-05T18:08:26Z"}
{"level":"info","msg":"{\"ev\":\"accepted\",\"id\":\"a5dc56cb-6bd9-4ec0-8fbf-f9554d595cc0\",\"t\":1791223707298}","source":"console","time":"2026-10-05T18:08:27Z"}
{"level":"info","msg":"{\"ev\":\"accepted\",\"id\":\"c0d0acd6-7d88-4d8f-9c6f-fdb383fc3faf\",\"t\":1791223707922}","source":"console","time":"2026-10-05T18:08:27Z"}
{"level":"info","msg":"{\"ev\":\"accepted\",\"id\":\"c833f30d-8ea7-4029-99e7-0a4e37928c0f\",\"t\":1791223708552}","source":"console","time":"2026-10-05T18:08:28Z"}
{"level":"info","msg":"{\"ev\":\"accepted\",\"id\":\"569bcce9-2eae-4e79-a684-9ccf54dca44b\",\"t\":1791223709171}","source":"console","time":"2026-10-05T18:08:29Z"}
{"level":"info","msg":"{\"ev\":\"accepted\",\"id\":\"d6c63ebd-7d4c-4cfe-ac29-2415849a4b01\",\"t\":1791223709799}","source":"console","time":"2026-10-05T18:08:29Z"}
{"level":"info","msg":"{\"ev\":\"accepted\",\"id\":\"23b4a196-64d3-4569-aa4a-ecff2cf41527\",\"t\":1791223710422}","source":"console","time":"2026-10-05T18:08:30Z"}
{"level":"info","msg":"{\"ev\":\"accepted\",\"id\":\"19446ff6-51de-442a-8a2b-da422c980d31\",\"t\":1791223711048}","source":"console","time":"2026-10-05T18:08:31Z"}
{"level":"info","msg":"{\"ev\":\"accepted\",\"id\":\"86a72a89-76ae-4644-b0ce-d794293c58b1\",\"t\":1791223711672}","source":"console","time":"2026-10-05T18:08:31Z"}
{"level":"info","msg":"{\"ev\":\"accepted\",\"id\":\"dae073bd-bf35-44b0-8da7-2411a1f8127e\",\"t\":1791223712298}","source":"console","time":"2026-10-05T18:08:32Z"}
{"level":"info","msg":"{\"ev\":\"accepted\",\"id\":\"a5cafaf3-ae6e-464e-82b1-88b56d165bc1\",\"t\":1791223712922}","source":"console","time":"2026-10-05T18:08:32Z"}
{"level":"info","msg":"{\"ev\":\"accepted\",\"id\":\"e226f616-1675-4888-80a8-4f878d5ac2ec\",\"t\":1791223713547}","source":"console","time":"2026-10-05T18:08:33Z"}
{"level":"info","msg":"{\"ev\":\"accepted\",\"id\":\"5fdc69a9-76b2-49b4-b69b-dc941ccc1573\",\"t\":1791223714171}","source":"console","time":"2026-10-05T18:08:34Z"}
{"level":"info","msg":"{\"ev\":\"accepted\",\"id\":\"38207192-4075-47d0-86eb-e20edc0c3c6d\",\"t\":1791223714802}","source":"console","time":"2026-10-05T18:08:34Z"}
{"level":"info","msg":"{\"ev\":\"accepted\",\"id\":\"27426db9-466d-4db1-ae2c-b36d62a2c9e7\",\"t\":1791223715424}","source":"console","time":"2026-10-05T18:08:35Z"}
{"level":"info","msg":"{\"ev\":\"accepted\",\"id\":\"eefe6e18-4c31-43b7-8a1d-1979da2e8110\",\"t\":1791223716055}","source":"console","time":"2026-10-05T18:08:36Z"}
{"level":"info","msg":"{\"ev\":\"accepted\",\"id\":\"75f04119-3a80-45f3-b991-38bab6ca84e2\",\"t\":1791223716672}","source":"console","time":"2026-10-05T18:08:36Z"}
{"level":"info","msg":"{\"ev\":\"accepted\",\"id\":\"3d647422-86d6-46ec-95a7-b73630e2c0ab\",\"t\":1791223717298}","source":"console","time":"2026-10-05T18:08:37Z"}
{"level":"info","msg":"{\"ev\":\"accepted\",\"id\":\"5adb01bc-b632-4ed6-afd2-e4653e861765\",\"t\":1791223717922}","source":"console","time":"2026-10-05T18:08:37Z"}
{"level":"info","msg":"{\"ev\":\"accepted\",\"id\":\"77da7529-f3c5-482b-9041-4bff25da66c6\",\"t\":1791223718547}","source":"console","time":"2026-10-05T18:08:38Z"}
{"level":"info","msg":"{\"ev\":\"accepted\",\"id\":\"514dac31-b47a-4f7f-99d5-5a868e28adaa\",\"t\":1791223719172}","source":"console","time":"2026-10-05T18:08:39Z"}
{"level":"info","msg":"{\"ev\":\"accepted\",\"id\":\"44a97808-a247-4dff-a83e-5b7e7e2b5c72\",\"t\":1791223719799}","source":"console","time":"2026-10-05T18:08:39Z"}
{"level":"info","msg":"{\"ev\":\"accepted\",\"id\":\"58e5f5d8-459b-4a77-89bd-73a5460aca17\",\"t\":1791223720421}","source":"console","time":"2026-10-05T18:08:40Z"}
{"level":"info","msg":"{\"ev\":\"accepted\",\"id\":\"b5f19a4e-597e-467e-add2-5e8a4e7283da\",\"t\":1791223721046}","source":"console","time":"2026-10-05T18:08:41Z"}
{"level":"info","msg":"{\"ev\":\"accepted\",\"id\":\"65fbe60f-341b-4958-b03d-8e862bed49ee\",\"t\":1791223721675}","source":"console","time":"2026-10-05T18:08:41Z"}
{"level":"info","msg":"{\"ev\":\"accepted\",\"id\":\"9482d817-f775-4d95-bb37-85d40397f645\",\"t\":1791223722302}","source":"console","time":"2026-10-05T18:08:42Z"}
{"level":"info","msg":"{\"ev\":\"accepted\",\"id\":\"1ea844c6-6b6f-4a10-9bdd-0a93be8b34d3\",\"t\":1791223722921}","source":"console","time":"2026-10-05T18:08:42Z"}
{"level":"info","msg":"{\"ev\":\"accepted\",\"id\":\"75c4e207-1ec8-4024-a704-2cc559432f0c\",\"t\":1791223723551}","source":"console","time":"2026-10-05T18:08:43Z"}
{"level":"info","msg":"{\"ev\":\"accepted\",\"id\":\"74a2dcfa-99c7-4d85-b80e-433439e54d86\",\"t\":1791223724176}","source":"console","time":"2026-10-05T18:08:44Z"}
{"level":"info","msg":"{\"ev\":\"accepted\",\"id\":\"2f8d4c21-9e26-4ffc-889e-31a040d5bf65\",\"t\":1791223724797}","source":"console","time":"2026-10-05T18:08:44Z"}
{"level":"info","msg":"{\"ev\":\"accepted\",\"id\":\"47438e7d-bd0d-462f-8981-3c12e6d8d1aa\",\"t\":1791223725422}","source":"console","time":"2026-10-05T18:08:45Z"}
{"level":"info","msg":"{\"ev\":\"accepted\",\"id\":\"fe9551b0-70be-4f79-bbe0-2e9419b0a8c7\",\"t\":1791223726051}","source":"console","time":"2026-10-05T18:08:46Z"}
{"level":"info","msg":"{\"ev\":\"accepted\",\"id\":\"5db37baa-db3f-4075-bbd9-525f86165169\",\"t\":1791223726676}","source":"console","time":"2026-10-05T18:08:46Z"}
{"level":"info","msg":"{\"ev\":\"accepted\",\"id\":\"2db5532d-02d6-4c5b-ae3b-3a444ed4fc22\",\"t\":1791223727304}","source":"console","time":"2026-10-05T18:08:47Z"}
{"level":"info","msg":"{\"ev\":\"accepted\",\"id\":\"b9a77dc1-851f-4a0b-b35d-fa62dfe5ddf5\",\"t\":1791223727924}","source":"console","time":"2026-10-05T18:08:47Z"}
{"level":"info","msg":"{\"ev\":\"accepted\",\"id\":\"7b8d279f-1f83-4be1-b0ce-6eb60bcf2ba9\",\"t\":1791223728552}","source":"console","time":"2026-10-05T18:08:48Z"}
{"level":"info","msg":"{\"ev\":\"accepted\",\"id\":\"3f08bf9c-e6a3-4b82-809e-88a8597d20cf\",\"t\":1791223729176}","source":"console","time":"2026-10-05T18:08:49Z"}
{"level":"info","msg":"{\"ev\":\"accepted\",\"id\":\"10239991-1e88-415b-9d17-e67ff3cf19c1\",\"t\":1791223729801}","source":"console","time":"2026-10-05T18:08:49Z"}
{"level":"info","msg":"{\"ev\":\"accepted\",\"id\":\"ec94244f-276c-40f9-9d12-d68e0ca9988a\",\"t\":1791223730427}","source":"console","time":"2026-10-05T18:08:50Z"}
{"level":"info","msg":"{\"ev\":\"accepted\",\"id\":\"b43c7aa2-8062-4208-a32f-0c153ba278bb\",\"t\":1791223731053}","source":"console","time":"2026-10-05T18:08:51Z"}
{"level":"info","msg":"{\"ev\":\"accepted\",\"id\":\"9292e5e8-e2ae-4042-b423-355daab082c8\",\"t\":1791223731675}","source":"console","time":"2026-10-05T18:08:51Z"}
{"level":"info","msg":"{\"ev\":\"accepted\",\"id\":\"39183ae1-9a7e-4791-a026-f41d2c40dc53\",\"t\":1791223732301}","source":"console","time":"2026-10-05T18:08:52Z"}
{"level":"info","msg":"{\"ev\":\"accepted\",\"id\":\"bcedf707-12e2-4c9e-aa7c-0801aacbcf22\",\"t\":1791223732921}","source":"console","time":"2026-10-05T18:08:52Z"}
{"level":"info","msg":"{\"ev\":\"accepted\",\"id\":\"96ad19d5-e84e-4138-869e-71702c9002d2\",\"t\":1791223733546}","source":"console","time":"2026-10-05T18:08:53Z"}
{"level":"info","msg":"{\"ev\":\"accepted\",\"id\":\"ed1a086b-1bd4-4b63-88f9-99c4d4819f6f\",\"t\":1791223734171}","source":"console","time":"2026-10-05T18:08:54Z"}
{"level":"info","msg":"{\"ev\":\"accepted\",\"id\":\"6b849796-41b6-48f6-ba2d-05ac051ad984\",\"t\":1791223734800}","source":"console","time":"2026-10-05T18:08:54Z"}
{"level":"info","msg":"{\"ev\":\"accepted\",\"id\":\"7489ba33-6ebc-4115-b339-0f55a9ade60e\",\"t\":1791223735427}","source":"console","time":"2026-10-05T18:08:55Z"}
{"level":"info","msg":"{\"ev\":\"accepted\",\"id\":\"ab238bc4-1210-4b68-8e9f-8a1757652512\",\"t\":1791223736051}","source":"console","time":"2026-10-05T18:08:56Z"}
{"level":"info","msg":"{\"ev\":\"accepted\",\"id\":\"cb38809f-9be9-4310-9000-27e1cd770c50\",\"t\":1791223736676}","source":"console","time":"2026-10-05T18:08:56Z"}
{"level":"info","msg":"{\"ev\":\"accepted\",\"id\":\"4960fb05-8b83-4099-beaa-60d728b1cbc3\",\"t\":1791223737304}","source":"console","time":"2026-10-05T18:08:57Z"}
{"level":"info","msg":"{\"ev\":\"accepted\",\"id\":\"14f9ab8f-add4-4b07-8ef0-b39e995d0e2b\",\"t\":1791223737921}","source":"console","time":"2026-10-05T18:08:57Z"}
{"level":"info","msg":"{\"ev\":\"accepted\",\"id\":\"d7b58e80-312f-4a1e-9b44-f0392cfc459a\",\"t\":1791223738552}","source":"console","time":"2026-10-05T18:08:58Z"}
{"level":"info","msg":"{\"ev\":\"accepted\",\"id\":\"9c3bdcb4-6ecc-441e-a813-0be7d3bc680b\",\"t\":1791223739175}","source":"console","time":"2026-10-05T18:08:59Z"}
{"level":"info","msg":"{\"ev\":\"accepted\",\"id\":\"43ce68b7-fe80-48e6-a3e9-8de031397d5b\",\"t\":1791223739797}","source":"console","time":"2026-10-05T18:08:59Z"}
{"level":"info","msg":"{\"ev\":\"accepted\",\"id\":\"5b9dcc1b-637b-4aa5-9104-dc7094294843\",\"t\":1791223740430}","source":"console","time":"2026-10-05T18:09:00Z"}
{"level":"info","msg":"{\"ev\":\"accepted\",\"id\":\"a2fec2fc-f78c-4152-8641-e62eb84443db\",\"t\":1791223741058}","source":"console","time":"2026-10-05T18:09:01Z"}
{"level":"info","msg":"{\"ev\":\"accepted\",\"id\":\"d9af04a6-7beb-4426-995b-ae4346831c4f\",\"t\":1791223741677}","source":"console","time":"2026-10-05T18:09:01Z"}
{"level":"info","msg":"{\"ev\":\"accepted\",\"id\":\"0a45a004-8ae5-4033-a2ba-0a859045c127\",\"t\":1791223742301}","source":"console","time":"2026-10-05T18:09:02Z"}
{"level":"info","msg":"{\"ev\":\"accepted\",\"id\":\"1ac2e550-1968-4dc6-be84-a1f5bff0e611\",\"t\":1791223742920}","source":"console","time":"2026-10-05T18:09:02Z"}
{"level":"info","msg":"{\"ev\":\"accepted\",\"id\":\"9a954d8c-6216-4f45-b2df-1f710af0676e\",\"t\":1791223743551}","source":"console","time":"2026-10-05T18:09:03Z"}
{"level":"info","msg":"{\"ev\":\"accepted\",\"id\":\"984fd6b5-b249-4c1b-addd-f2184662d92f\",\"t\":1791223744171}","source":"console","time":"2026-10-05T18:09:04Z"}
{"level":"info","msg":"{\"ev\":\"accepted\",\"id\":\"df0f89e6-2186-4518-b2eb-260dfc295c4b\",\"t\":1791223744797}","source":"console","time":"2026-10-05T18:09:04Z"}
{"level":"info","msg":"{\"ev\":\"accepted\",\"id\":\"36fc9fa0-429d-40a5-84ca-cbe1fec59dbe\",\"t\":1791223745422}","source":"console","time":"2026-10-05T18:09:05Z"}
{"level":"info","msg":"{\"ev\":\"accepted\",\"id\":\"4bb7a336-0a56-42fb-aae6-1c6d580c3306\",\"t\":1791223746051}","source":"console","time":"2026-10-05T18:09:06Z"}
{"level":"info","msg":"{\"ev\":\"accepted\",\"id\":\"86b47ef7-ee1f-4e1b-94b8-3b55cf8c8070\",\"t\":1791223746675}","source":"console","time":"2026-10-05T18:09:06Z"}
{"level":"info","msg":"{\"ev\":\"accepted\",\"id\":\"29e11a77-8ab6-42b7-8d6d-25422881224f\",\"t\":1791223747301}","source":"console","time":"2026-10-05T18:09:07Z"}
{"level":"info","msg":"{\"ev\":\"accepted\",\"id\":\"d5dafce9-7af8-4f20-a3fb-40ea4b0f5940\",\"t\":1791223747921}","source":"console","time":"2026-10-05T18:09:07Z"}
{"level":"info","msg":"{\"ev\":\"accepted\",\"id\":\"3805260b-883d-43fc-8f1d-8d6c08fedef3\",\"t\":1791223748554}","source":"console","time":"2026-10-05T18:09:08Z"}
{"level":"info","msg":"{\"ev\":\"accepted\",\"id\":\"29d3bac5-8d80-4cc8-9332-eca71ad7c5f8\",\"t\":1791223749176}","source":"console","time":"2026-10-05T18:09:09Z"}
{"level":"info","msg":"{\"ev\":\"accepted\",\"id\":\"37462037-afe1-48c3-bb48-044198d95e31\",\"t\":1791223749804}","source":"console","time":"2026-10-05T18:09:09Z"}
{"level":"info","msg":"{\"ev\":\"accepted\",\"id\":\"76779112-831d-47a2-8c77-ce3a0db21fb2\",\"t\":1791223750424}","source":"console","time":"2026-10-05T18:09:10Z"}
{"level":"info","msg":"{\"ev\":\"accepted\",\"id\":\"46f99820-630b-4ba3-8e22-2715d11f1082\",\"t\":1791223751053}","source":"console","time":"2026-10-05T18:09:11Z"}
{"level":"info","msg":"{\"ev\":\"accepted\",\"id\":\"06de140e-f943-4a42-8f0f-0e6ee0722229\",\"t\":1791223751676}","source":"console","time":"2026-10-05T18:09:11Z"}
{"level":"info","msg":"{\"ev\":\"accepted\",\"id\":\"335cfc81-9c55-470f-b682-a870d97b0dd6\",\"t\":1791223752300}","source":"console","time":"2026-10-05T18:09:12Z"}
{"level":"info","msg":"{\"ev\":\"accepted\",\"id\":\"b4f677d2-d97b-49f4-b140-a3c43f0f4992\",\"t\":1791223752921}","source":"console","time":"2026-10-05T18:09:12Z"}
{"level":"info","msg":"{\"ev\":\"accepted\",\"id\":\"9f52ddc4-2225-45cc-8409-d955438e71cb\",\"t\":1791223753546}","source":"console","time":"2026-10-05T18:09:13Z"}
{"level":"info","msg":"{\"ev\":\"accepted\",\"id\":\"58871ab6-9b08-41bb-a8a9-e1f92c8e1749\",\"t\":1791223754175}","source":"console","time":"2026-10-05T18:09:14Z"}
{"level":"info","msg":"{\"ev\":\"accepted\",\"id\":\"ce90b37b-45d1-40c6-9694-0b4020a3b9ff\",\"t\":1791223754800}","source":"console","time":"2026-10-05T18:09:14Z"}
{"level":"info","msg":"{\"ev\":\"accepted\",\"id\":\"5a083dde-d755-4b49-8506-5ffd485ae9b1\",\"t\":1791223755422}","source":"console","time":"2026-10-05T18:09:15Z"}
{"level":"info","msg":"{\"ev\":\"accepted\",\"id\":\"12161456-916e-4059-965c-de54cee62183\",\"t\":1791223756048}","source":"console","time":"2026-10-05T18:09:16Z"}
{"level":"info","msg":"{\"ev\":\"accepted\",\"id\":\"41e00048-ab8f-4826-a06c-fef87f07da2b\",\"t\":1791223756672}","source":"console","time":"2026-10-05T18:09:16Z"}
{"level":"info","msg":"{\"ev\":\"accepted\",\"id\":\"62b18691-ceb5-4c42-a4eb-132094b5ea9f\",\"t\":1791223757298}","source":"console","time":"2026-10-05T18:09:17Z"}
{"level":"info","msg":"{\"ev\":\"accepted\",\"id\":\"550a0843-2027-4ae2-874c-7b2e2d9b05b1\",\"t\":1791223757921}","source":"console","time":"2026-10-05T18:09:17Z"}
{"level":"info","msg":"{\"ev\":\"accepted\",\"id\":\"afd06e9d-1a95-44fe-9bcb-2b6502acf3e6\",\"t\":1791223758546}","source":"console","time":"2026-10-05T18:09:18Z"}
{"level":"info","msg":"{\"ev\":\"accepted\",\"id\":\"4ca6b5b4-e348-4903-b30b-835668d56c2f\",\"t\":1791223759172}","source":"console","time":"2026-10-05T18:09:19Z"}
{"level":"info","msg":"{\"ev\":\"accepted\",\"id\":\"f37f0368-7914-40fb-9b23-7db52a53054d\",\"t\":1791223759797}","source":"console","time":"2026-10-05T18:09:19Z"}
{"level":"info","msg":"{\"ev\":\"accepted\",\"id\":\"527ba55d-b2ac-49a9-80e7-4ef5d9075e54\",\"t\":1791223760421}","source":"console","time":"2026-10-05T18:09:20Z"}
{"level":"info","msg":"{\"ev\":\"accepted\",\"id\":\"095cb304-5fdc-46fa-866d-9bf40c82c119\",\"t\":1791223761049}","source":"console","time":"2026-10-05T18:09:21Z"}
{"level":"info","msg":"{\"ev\":\"accepted\",\"id\":\"102bed79-db78-4e04-a69a-4f616b454174\",\"t\":1791223761663}","source":"console","time":"2026-10-05T18:09:21Z"}
{"level":"info","msg":"{\"ev\":\"accepted\",\"id\":\"51aa3d96-78d8-49ac-b2e9-39cc71c96488\",\"t\":1791223762261}","source":"console","time":"2026-10-05T18:09:22Z"}
{"level":"info","msg":"{\"ev\":\"accepted\",\"id\":\"03ab4af0-00d4-4e50-aa9f-74c0b5b80d64\",\"t\":1791223762823}","source":"console","time":"2026-10-05T18:09:22Z"}
{"level":"info","msg":"{\"ev\":\"accepted\",\"id\":\"fb8e065d-d893-43a6-b9b4-3def9c976c95\",\"t\":1791223763378}","source":"console","time":"2026-10-05T18:09:23Z"}
{"level":"info","msg":"{\"ev\":\"accepted\",\"id\":\"8947114a-d87c-4f4e-96c9-3cc39e90c60b\",\"t\":1791223763914}","source":"console","time":"2026-10-05T18:09:23Z"}
{"level":"info","msg":"{\"ev\":\"accepted\",\"id\":\"01736ca4-91a6-40b8-b18e-04acac7081f1\",\"t\":1791223764441}","source":"console","time":"2026-10-05T18:09:24Z"}
{"level":"info","msg":"{\"ev\":\"accepted\",\"id\":\"9880ca1f-294d-469c-828e-23dad235e737\",\"t\":1791223764946}","source":"console","time":"2026-10-05T18:09:24Z"}
{"level":"info","msg":"{\"ev\":\"accepted\",\"id\":\"8d5c34c3-d296-42a9-b3a8-78caad06f362\",\"t\":1791223765452}","source":"console","time":"2026-10-05T18:09:25Z"}
{"level":"info","msg":"{\"ev\":\"accepted\",\"id\":\"119ebc08-209a-4903-9532-ad25eae505e6\",\"t\":1791223765928}","source":"console","time":"2026-10-05T18:09:25Z"}
{"level":"info","msg":"{\"ev\":\"accepted\",\"id\":\"92f625a7-c089-4513-9f08-602ef9d2a265\",\"t\":1791223766406}","source":"console","time":"2026-10-05T18:09:26Z"}
{"level":"info","msg":"{\"ev\":\"accepted\",\"id\":\"3a0d261c-61b1-44a7-bb2d-a0de1702b445\",\"t\":1791223766880}","source":"console","time":"2026-10-05T18:09:26Z"}
{"level":"info","msg":"{\"ev\":\"accepted\",\"id\":\"485bb94a-937b-447c-85d5-0511cebaa742\",\"t\":1791223767362}","source":"console","time":"2026-10-05T18:09:27Z"}
{"level":"info","msg":"{\"ev\":\"accepted\",\"id\":\"ac53b0e0-ffe5-4ff4-b405-9abd40c13074\",\"t\":1791223767836}","source":"console","time":"2026-10-05T18:09:27Z"}
{"level":"info","msg":"{\"ev\":\"accepted\",\"id\":\"a120a181-82a2-4183-81a1-c7633dad8b47\",\"t\":1791223768316}","source":"console","time":"2026-10-05T18:09:28Z"}
{"level":"info","msg":"{\"ev\":\"accepted\",\"id\":\"1a28dc25-4c10-4a56-b8e7-82997854bcce\",\"t\":1791223768788}","source":"console","time":"2026-10-05T18:09:28Z"}
{"level":"info","msg":"{\"ev\":\"accepted\",\"id\":\"689395ce-a363-4b42-a02f-ec00a6f31a21\",\"t\":1791223769270}","source":"console","time":"2026-10-05T18:09:29Z"}
{"level":"info","msg":"{\"ev\":\"accepted\",\"id\":\"171d7df1-6a91-4675-9931-9c3da64739ba\",\"t\":1791223769742}","source":"console","time":"2026-10-05T18:09:29Z"}
{"level":"info","msg":"{\"ev\":\"accepted\",\"id\":\"77f9462e-b0fe-4f79-abea-c27b11ccaba7\",\"t\":1791223770227}","source":"console","time":"2026-10-05T18:09:30Z"}
{"level":"info","msg":"{\"ev\":\"accepted\",\"id\":\"e884e94f-8cab-4cdc-86b9-62e9bef6360d\",\"t\":1791223770690}","source":"console","time":"2026-10-05T18:09:30Z"}
{"level":"info","msg":"{\"ev\":\"accepted\",\"id\":\"26ac0965-5c4e-4b00-9868-17f7be73e07e\",\"t\":1791223771170}","source":"console","time":"2026-10-05T18:09:31Z"}
{"level":"info","msg":"{\"ev\":\"accepted\",\"id\":\"fbb912ba-e6af-4964-8ae9-d879476c06e4\",\"t\":1791223771651}","source":"console","time":"2026-10-05T18:09:31Z"}
{"level":"info","msg":"{\"ev\":\"accepted\",\"id\":\"4d231cc0-b3ff-4b2b-8337-79b8bcd90aa2\",\"t\":1791223772144}","source":"console","time":"2026-10-05T18:09:32Z"}
{"level":"info","msg":"{\"ev\":\"accepted\",\"id\":\"636a100f-0b37-4c00-a07c-c2cc6ac9f3ba\",\"t\":1791223772601}","source":"console","time":"2026-10-05T18:09:32Z"}
{"level":"info","msg":"{\"ev\":\"accepted\",\"id\":\"b133deb6-93e3-4aa9-ad9f-d1f2d53f4ef2\",\"t\":1791223773092}","source":"console","time":"2026-10-05T18:09:33Z"}
{"level":"info","msg":"{\"ev\":\"accepted\",\"id\":\"af98469e-1f26-4daa-b8fd-98da3db28e13\",\"t\":1791223773552}","source":"console","time":"2026-10-05T18:09:33Z"}
{"level":"info","msg":"{\"ev\":\"accepted\",\"id\":\"7f012ca6-9333-4b1d-a44b-ea0db0e5fa0d\",\"t\":1791223774024}","source":"console","time":"2026-10-05T18:09:34Z"}
{"level":"info","msg":"{\"ev\":\"accepted\",\"id\":\"976dea48-f9a5-4a29-ad0a-dc7bbcd9f0ee\",\"t\":1791223774499}","source":"console","time":"2026-10-05T18:09:34Z"}
{"level":"info","msg":"{\"ev\":\"accepted\",\"id\":\"26410151-1faf-463a-ad67-1d1c687562c3\",\"t\":1791223774987}","source":"console","time":"2026-10-05T18:09:34Z"}
{"level":"info","msg":"{\"ev\":\"accepted\",\"id\":\"33f2bae0-1688-448f-8741-ce4b148b718b\",\"t\":1791223775475}","source":"console","time":"2026-10-05T18:09:35Z"}
{"level":"info","msg":"{\"ev\":\"accepted\",\"id\":\"0fc2f773-8e8b-4bee-acfb-09816a4c4403\",\"t\":1791223775930}","source":"console","time":"2026-10-05T18:09:35Z"}
{"level":"info","msg":"{\"ev\":\"accepted\",\"id\":\"27b007f0-92dd-4582-a799-cfb3ddf6aa8d\",\"t\":1791223776422}","source":"console","time":"2026-10-05T18:09:36Z"}
{"level":"info","msg":"{\"ev\":\"accepted\",\"id\":\"641766e5-eb8b-4434-b423-3c9b445d7d73\",\"t\":1791223776904}","source":"console","time":"2026-10-05T18:09:36Z"}
{"level":"info","msg":"{\"ev\":\"accepted\",\"id\":\"af3ca591-2810-4854-947d-38aee584c955\",\"t\":1791223777358}","source":"console","time":"2026-10-05T18:09:37Z"}
{"level":"info","msg":"{\"ev\":\"accepted\",\"id\":\"93037075-f3f0-4f81-8750-078ea5dd7dbd\",\"t\":1791223777839}","source":"console","time":"2026-10-05T18:09:37Z"}
{"level":"info","msg":"{\"ev\":\"accepted\",\"id\":\"599c11b0-10c4-4e01-be58-67a8ec401f46\",\"t\":1791223778316}","source":"console","time":"2026-10-05T18:09:38Z"}
{"level":"info","msg":"{\"ev\":\"accepted\",\"id\":\"d27d6b65-cdae-4b55-a0f2-0c20baa9e3ae\",\"t\":1791223778802}","source":"console","time":"2026-10-05T18:09:38Z"}
{"level":"info","msg":"{\"ev\":\"accepted\",\"id\":\"6ce433df-4af7-432f-bdc3-096a2a7d1f14\",\"t\":1791223779262}","source":"console","time":"2026-10-05T18:09:39Z"}
{"level":"info","msg":"{\"ev\":\"accepted\",\"id\":\"fe705bc2-c4bb-4437-912f-1d5cf45d0e36\",\"t\":1791223779743}","source":"console","time":"2026-10-05T18:09:39Z"}
{"level":"info","msg":"{\"ev\":\"accepted\",\"id\":\"c89a88f6-ec84-4959-9f4e-6530e327d7dc\",\"t\":1791223780213}","source":"console","time":"2026-10-05T18:09:40Z"}
{"level":"info","msg":"{\"ev\":\"accepted\",\"id\":\"7893ad11-0f39-45fc-b8e9-2f01b03ee37e\",\"t\":1791223780725}","source":"console","time":"2026-10-05T18:09:40Z"}
{"level":"info","msg":"{\"ev\":\"accepted\",\"id\":\"e38d84a3-a827-4b0c-91e2-84567c9c20d9\",\"t\":1791223781175}","source":"console","time":"2026-10-05T18:09:41Z"}
{"level":"info","msg":"{\"ev\":\"accepted\",\"id\":\"7a5610af-4f02-4e18-8f9f-9debcd7d85b2\",\"t\":1791223781660}","source":"console","time":"2026-10-05T18:09:41Z"}
{"level":"info","msg":"{\"ev\":\"accepted\",\"id\":\"172f4f00-6515-4ada-bb02-be2f53ef6880\",\"t\":1791223782122}","source":"console","time":"2026-10-05T18:09:42Z"}
{"level":"info","msg":"{\"ev\":\"accepted\",\"id\":\"97d43199-eecf-4c68-81b8-1b261c003bc3\",\"t\":1791223782614}","source":"console","time":"2026-10-05T18:09:42Z"}
{"level":"info","msg":"{\"ev\":\"accepted\",\"id\":\"9b1ab557-d024-49f4-98be-b46ab8ee915d\",\"t\":1791223783079}","source":"console","time":"2026-10-05T18:09:43Z"}
{"level":"info","msg":"{\"ev\":\"accepted\",\"id\":\"948bdf93-3d17-494c-b7e4-bd8fbeb25244\",\"t\":1791223783555}","source":"console","time":"2026-10-05T18:09:43Z"}
{"level":"info","msg":"{\"ev\":\"accepted\",\"id\":\"dbbf2c01-3f61-48dc-bf5e-1cab0984d2d8\",\"t\":1791223784025}","source":"console","time":"2026-10-05T18:09:44Z"}
{"level":"info","msg":"{\"ev\":\"accepted\",\"id\":\"dbb318fb-b598-43f2-b94f-8b2d1a032bf2\",\"t\":1791223784513}","source":"console","time":"2026-10-05T18:09:44Z"}
{"level":"info","msg":"{\"ev\":\"accepted\",\"id\":\"54e0d95d-8575-4129-98ce-3900f4af07be\",\"t\":1791223784980}","source":"console","time":"2026-10-05T18:09:44Z"}
{"level":"info","msg":"{\"ev\":\"accepted\",\"id\":\"8f920770-d0c1-4f11-95d8-b12d4e06a027\",\"t\":1791223785453}","source":"console","time":"2026-10-05T18:09:45Z"}
{"level":"info","msg":"{\"ev\":\"accepted\",\"id\":\"872f4c0b-e942-43c0-8648-e1664865b359\",\"t\":1791223785929}","source":"console","time":"2026-10-05T18:09:45Z"}
{"level":"info","msg":"{\"ev\":\"accepted\",\"id\":\"c7cc55cc-d099-4d45-b45f-2acdbdc83401\",\"t\":1791223786423}","source":"console","time":"2026-10-05T18:09:46Z"}
{"level":"info","msg":"{\"ev\":\"accepted\",\"id\":\"74eda27e-224e-48a8-8210-493cd05bc7a5\",\"t\":1791223786908}","source":"console","time":"2026-10-05T18:09:46Z"}
{"level":"info","msg":"{\"ev\":\"accepted\",\"id\":\"602fd2cd-219f-43bf-81f0-1b64c69a06c3\",\"t\":1791223787391}","source":"console","time":"2026-10-05T18:09:47Z"}
{"level":"info","msg":"{\"ev\":\"accepted\",\"id\":\"91a83bee-ca6a-4aa3-a0df-b9f9c6bc7301\",\"t\":1791223787838}","source":"console","time":"2026-10-05T18:09:47Z"}
{"level":"info","msg":"{\"ev\":\"accepted\",\"id\":\"8eda7ee3-48a7-4b85-95bc-07e92de5ead8\",\"t\":1791223788332}","source":"console","time":"2026-10-05T18:09:48Z"}
{"level":"info","msg":"{\"ev\":\"accepted\",\"id\":\"3e839cc2-368b-4b65-8cd2-63b67270e1f6\",\"t\":1791223788793}","source":"console","time":"2026-10-05T18:09:48Z"}
{"level":"info","msg":"{\"ev\":\"accepted\",\"id\":\"bf0a4ec7-ffdf-4a7f-a9d2-eb0551fbb1e6\",\"t\":1791223789283}","source":"console","time":"2026-10-05T18:09:49Z"}
{"level":"info","msg":"{\"ev\":\"accepted\",\"id\":\"7e88b125-7ce5-4598-9efd-ff4cee329da6\",\"t\":1791223789746}","source":"console","time":"2026-10-05T18:09:49Z"}
{"level":"info","msg":"{\"ev\":\"accepted\",\"id\":\"599f229a-3db2-477d-8e9f-ca18cb03b26a\",\"t\":1791223790235}","source":"console","time":"2026-10-05T18:09:50Z"}
{"level":"info","msg":"{\"ev\":\"accepted\",\"id\":\"8dbd3d39-2c5c-4e2e-9652-e34c22162483\",\"t\":1791223790692}","source":"console","time":"2026-10-05T18:09:50Z"}
{"level":"info","msg":"{\"ev\":\"accepted\",\"id\":\"9d277272-4def-40b3-a6cb-c44b9d2c11b3\",\"t\":1791223791177}","source":"console","time":"2026-10-05T18:09:51Z"}
{"level":"info","msg":"{\"ev\":\"accepted\",\"id\":\"53281985-d98a-49c5-909f-07750a6bcf50\",\"t\":1791223791643}","source":"console","time":"2026-10-05T18:09:51Z"}
{"level":"info","msg":"{\"ev\":\"accepted\",\"id\":\"f0a73fd4-e4de-4a80-b354-8e7061e2368f\",\"t\":1791223792124}","source":"console","time":"2026-10-05T18:09:52Z"}
{"level":"info","msg":"{\"ev\":\"accepted\",\"id\":\"69832049-f5f5-4076-bda2-08d0eaced83e\",\"t\":1791223792596}","source":"console","time":"2026-10-05T18:09:52Z"}
{"level":"info","msg":"{\"ev\":\"accepted\",\"id\":\"86af2fd1-d43f-465c-ae31-88e40f52c2d6\",\"t\":1791223793075}","source":"console","time":"2026-10-05T18:09:53Z"}
{"level":"info","msg":"{\"ev\":\"accepted\",\"id\":\"9b8081f4-68eb-43a5-8724-b4dc5fa31955\",\"t\":1791223793547}","source":"console","time":"2026-10-05T18:09:53Z"}
{"level":"info","msg":"{\"ev\":\"accepted\",\"id\":\"8edff394-e793-4f58-9f69-3ea677b5b7c6\",\"t\":1791223794027}","source":"console","time":"2026-10-05T18:09:54Z"}
{"level":"info","msg":"{\"ev\":\"accepted\",\"id\":\"d99aed1b-9727-411e-9000-72f958aff45b\",\"t\":1791223794499}","source":"console","time":"2026-10-05T18:09:54Z"}
{"level":"info","msg":"{\"ev\":\"accepted\",\"id\":\"4401ecdc-ac83-46bb-a0e9-7e104ae43b87\",\"t\":1791223794979}","source":"console","time":"2026-10-05T18:09:54Z"}
{"level":"info","msg":"{\"ev\":\"accepted\",\"id\":\"9c3b3fbe-af7c-4a77-a7b4-dcead2d158d3\",\"t\":1791223795452}","source":"console","time":"2026-10-05T18:09:55Z"}
{"level":"info","msg":"{\"ev\":\"accepted\",\"id\":\"d231f1c9-8fc4-47d7-a9de-01db146b3309\",\"t\":1791223795927}","source":"console","time":"2026-10-05T18:09:55Z"}
{"level":"info","msg":"{\"ev\":\"accepted\",\"id\":\"1c578dcc-1d55-4c6c-9e62-406ecce83255\",\"t\":1791223796406}","source":"console","time":"2026-10-05T18:09:56Z"}
{"level":"info","msg":"{\"ev\":\"accepted\",\"id\":\"e6302e92-3faa-4b48-8ac8-235ac4ea64d6\",\"t\":1791223796905}","source":"console","time":"2026-10-05T18:09:56Z"}
{"level":"info","msg":"{\"ev\":\"accepted\",\"id\":\"7fee0dea-b746-49f4-ba4f-554a3104bdd2\",\"t\":1791223797366}","source":"console","time":"2026-10-05T18:09:57Z"}
{"level":"info","msg":"{\"ev\":\"accepted\",\"id\":\"cb42ba5b-e49a-4802-9a62-e5615f839408\",\"t\":1791223797844}","source":"console","time":"2026-10-05T18:09:57Z"}
{"level":"info","msg":"{\"ev\":\"accepted\",\"id\":\"5ea89753-a900-4c67-9673-3759f6b22cb3\",\"t\":1791223798314}","source":"console","time":"2026-10-05T18:09:58Z"}
{"level":"info","msg":"{\"ev\":\"accepted\",\"id\":\"7e641e25-2033-46cf-a4ad-ab16e5c4c1dc\",\"t\":1791223798789}","source":"console","time":"2026-10-05T18:09:58Z"}
{"level":"info","msg":"{\"ev\":\"accepted\",\"id\":\"f01ef555-c3c6-4106-85be-5ba1757cb55c\",\"t\":1791223799267}","source":"console","time":"2026-10-05T18:09:59Z"}
{"level":"info","msg":"{\"ev\":\"accepted\",\"id\":\"6909f53a-2a51-4248-a05b-eee6c97cb374\",\"t\":1791223799738}","source":"console","time":"2026-10-05T18:09:59Z"}
{"level":"info","msg":"{\"ev\":\"accepted\",\"id\":\"82019a8f-b970-43d4-b857-53048260c936\",\"t\":1791223800215}","source":"console","time":"2026-10-05T18:10:00Z"}
{"level":"info","msg":"{\"ev\":\"accepted\",\"id\":\"13d1c7ff-a541-4293-b560-0048757034ec\",\"t\":1791223800697}","source":"console","time":"2026-10-05T18:10:00Z"}
{"level":"info","msg":"{\"ev\":\"accepted\",\"id\":\"d0b69018-d589-47f4-ac03-fa1240cc800c\",\"t\":1791223801167}","source":"console","time":"2026-10-05T18:10:01Z"}
{"level":"info","msg":"{\"ev\":\"accepted\",\"id\":\"7072acce-0f10-416b-9b9e-41bb4658cff6\",\"t\":1791223801648}","source":"console","time":"2026-10-05T18:10:01Z"}
{"level":"info","msg":"{\"ev\":\"accepted\",\"id\":\"58a59aa1-4b26-4d6b-9840-dec3ff1c5165\",\"t\":1791223802120}","source":"console","time":"2026-10-05T18:10:02Z"}
{"level":"info","msg":"{\"ev\":\"accepted\",\"id\":\"53a4d6c1-6e9f-4302-8a9a-a3b2b04aa245\",\"t\":1791223802599}","source":"console","time":"2026-10-05T18:10:02Z"}
{"level":"info","msg":"{\"ev\":\"accepted\",\"id\":\"747345ea-b398-4d4d-84d8-a619e0d6ec79\",\"t\":1791223803070}","source":"console","time":"2026-10-05T18:10:03Z"}
{"level":"info","msg":"{\"ev\":\"accepted\",\"id\":\"96a4ef26-3e75-42b9-bfea-8e7c70990d14\",\"t\":1791223803551}","source":"console","time":"2026-10-05T18:10:03Z"}
{"level":"info","msg":"{\"ev\":\"accepted\",\"id\":\"c59be793-58ab-4483-a92c-1e3ba26442e9\",\"t\":1791223804024}","source":"console","time":"2026-10-05T18:10:04Z"}
{"level":"info","msg":"{\"ev\":\"accepted\",\"id\":\"46b41b58-8c3b-46ee-9bc7-f7c3bb992ae0\",\"t\":1791223804501}","source":"console","time":"2026-10-05T18:10:04Z"}
{"level":"info","msg":"{\"ev\":\"accepted\",\"id\":\"8d1660a9-68ad-4c40-88bf-382b09cd986f\",\"t\":1791223804975}","source":"console","time":"2026-10-05T18:10:04Z"}
{"level":"info","msg":"{\"ev\":\"accepted\",\"id\":\"a23efa27-d94e-4f99-826e-c8e83873bf49\",\"t\":1791223805455}","source":"console","time":"2026-10-05T18:10:05Z"}
{"level":"info","msg":"{\"ev\":\"accepted\",\"id\":\"14b5bf6e-d726-48bb-861b-5dee4633dfda\",\"t\":1791223805928}","source":"console","time":"2026-10-05T18:10:05Z"}
{"level":"info","msg":"{\"ev\":\"accepted\",\"id\":\"29e0728c-d9d6-4c99-ae68-687b02425e39\",\"t\":1791223806405}","source":"console","time":"2026-10-05T18:10:06Z"}
{"level":"info","msg":"{\"ev\":\"accepted\",\"id\":\"9c01ab5b-ccab-424d-9940-45059662a73a\",\"t\":1791223806880}","source":"console","time":"2026-10-05T18:10:06Z"}
{"level":"info","msg":"{\"ev\":\"accepted\",\"id\":\"fa263bf7-f832-4eb4-8501-30b6f247da9d\",\"t\":1791223807357}","source":"console","time":"2026-10-05T18:10:07Z"}
{"level":"info","msg":"{\"ev\":\"accepted\",\"id\":\"e03e26b8-c2ff-4ed6-9e6f-63267f8b89f8\",\"t\":1791223807838}","source":"console","time":"2026-10-05T18:10:07Z"}
{"level":"info","msg":"{\"ev\":\"accepted\",\"id\":\"256eec15-b5be-4d38-97e5-708eb69f1853\",\"t\":1791223808329}","source":"console","time":"2026-10-05T18:10:08Z"}
{"level":"info","msg":"{\"ev\":\"accepted\",\"id\":\"9a90c4fc-8294-4b3d-8924-e0167fa86b34\",\"t\":1791223808790}","source":"console","time":"2026-10-05T18:10:08Z"}
{"level":"info","msg":"{\"ev\":\"accepted\",\"id\":\"708dbac7-97b3-4818-a057-1eb624e763b6\",\"t\":1791223809272}","source":"console","time":"2026-10-05T18:10:09Z"}
{"level":"info","msg":"{\"ev\":\"accepted\",\"id\":\"4aa3e0c3-07e8-48b1-ae49-e1aa5c9c8590\",\"t\":1791223809754}","source":"console","time":"2026-10-05T18:10:09Z"}
{"level":"info","msg":"{\"ev\":\"accepted\",\"id\":\"b5464e83-d0dd-4f0f-a91b-240b89efc476\",\"t\":1791223810223}","source":"console","time":"2026-10-05T18:10:10Z"}
{"level":"info","msg":"{\"ev\":\"accepted\",\"id\":\"959dce79-cd36-4f2d-9189-ac2107bec74c\",\"t\":1791223810700}","source":"console","time":"2026-10-05T18:10:10Z"}
{"level":"info","msg":"{\"ev\":\"accepted\",\"id\":\"885ec211-ffeb-4d6d-9865-4a973ce39517\",\"t\":1791223811188}","source":"console","time":"2026-10-05T18:10:11Z"}
{"level":"info","msg":"{\"ev\":\"accepted\",\"id\":\"32619db4-6cbf-4113-8b1b-468ec3c3c889\",\"t\":1791223811668}","source":"console","time":"2026-10-05T18:10:11Z"}
{"level":"info","msg":"{\"ev\":\"accepted\",\"id\":\"43a19b81-61c9-49e5-a26a-44b51a110501\",\"t\":1791223812136}","source":"console","time":"2026-10-05T18:10:12Z"}
{"level":"info","msg":"{\"ev\":\"accepted\",\"id\":\"326e68e2-3b12-4891-ba15-bad7abab92bb\",\"t\":1791223812601}","source":"console","time":"2026-10-05T18:10:12Z"}
{"level":"info","msg":"{\"ev\":\"accepted\",\"id\":\"73604cc6-17ad-4fe7-8ad7-5643721ecc6e\",\"t\":1791223813075}","source":"console","time":"2026-10-05T18:10:13Z"}
{"level":"info","msg":"{\"ev\":\"accepted\",\"id\":\"b882b645-ad46-464b-985d-a455ffdffb91\",\"t\":1791223813553}","source":"console","time":"2026-10-05T18:10:13Z"}
{"level":"info","msg":"{\"ev\":\"accepted\",\"id\":\"5fd47804-bce0-4c19-bc2a-e041dce7ae74\",\"t\":1791223814024}","source":"console","time":"2026-10-05T18:10:14Z"}
{"level":"info","msg":"{\"ev\":\"accepted\",\"id\":\"77bac188-ece9-42c3-98ea-bb7140c84959\",\"t\":1791223814514}","source":"console","time":"2026-10-05T18:10:14Z"}
{"level":"info","msg":"{\"ev\":\"accepted\",\"id\":\"35376918-06c5-420a-a856-553f2463d083\",\"t\":1791223814994}","source":"console","time":"2026-10-05T18:10:14Z"}
{"level":"info","msg":"{\"ev\":\"accepted\",\"id\":\"bddc2395-c8bd-464a-9e1d-124309bf431c\",\"t\":1791223815457}","source":"console","time":"2026-10-05T18:10:15Z"}
{"level":"info","msg":"{\"ev\":\"accepted\",\"id\":\"c659dd71-84c4-40af-b449-5d68bdb3bbe6\",\"t\":1791223815929}","source":"console","time":"2026-10-05T18:10:15Z"}
{"level":"info","msg":"{\"ev\":\"accepted\",\"id\":\"f05a8feb-3422-4e74-8ff3-2b0ad459f157\",\"t\":1791223816414}","source":"console","time":"2026-10-05T18:10:16Z"}
{"level":"info","msg":"{\"ev\":\"accepted\",\"id\":\"2d217e76-530d-45ef-a620-c7cae5028846\",\"t\":1791223816901}","source":"console","time":"2026-10-05T18:10:16Z"}
{"level":"info","msg":"{\"ev\":\"accepted\",\"id\":\"9a1d4b7d-d608-4b42-920b-817cf3976075\",\"t\":1791223817361}","source":"console","time":"2026-10-05T18:10:17Z"}
{"level":"info","msg":"{\"ev\":\"accepted\",\"id\":\"2d0e4aff-7c27-44e9-b92d-3c776df7ce15\",\"t\":1791223817847}","source":"console","time":"2026-10-05T18:10:17Z"}
{"level":"info","msg":"{\"ev\":\"accepted\",\"id\":\"a0cd312c-94f6-44f5-ac3d-9e5042bea1c7\",\"t\":1791223818316}","source":"console","time":"2026-10-05T18:10:18Z"}
{"level":"info","msg":"{\"ev\":\"accepted\",\"id\":\"cadc60c5-e3c3-451f-b27c-1c3036b1c979\",\"t\":1791223818795}","source":"console","time":"2026-10-05T18:10:18Z"}
{"level":"info","msg":"{\"ev\":\"accepted\",\"id\":\"979eaf2a-7386-40fb-bfec-8ec68ad0edf1\",\"t\":1791223819267}","source":"console","time":"2026-10-05T18:10:19Z"}
{"level":"info","msg":"{\"ev\":\"accepted\",\"id\":\"13f77561-9775-4c62-836a-c4cf7827d429\",\"t\":1791223819748}","source":"console","time":"2026-10-05T18:10:19Z"}
{"level":"info","msg":"{\"ev\":\"accepted\",\"id\":\"c96295c0-4853-4ed9-a1b2-2926498e2407\",\"t\":1791223820223}","source":"console","time":"2026-10-05T18:10:20Z"}
{"level":"info","msg":"{\"ev\":\"accepted\",\"id\":\"a0255740-53f6-43c4-8585-f40219e18c17\",\"t\":1791223820716}","source":"console","time":"2026-10-05T18:10:20Z"}
{"level":"info","msg":"{\"ev\":\"accepted\",\"id\":\"2a1a744f-a921-4266-8699-bd12b3a775bf\",\"t\":1791223821170}","source":"console","time":"2026-10-05T18:10:21Z"}
{"level":"info","msg":"{\"ev\":\"accepted\",\"id\":\"afc3399f-3914-4049-9442-4ae3d5b2fdaf\",\"t\":1791223821668}","source":"console","time":"2026-10-05T18:10:21Z"}
{"level":"info","msg":"{\"ev\":\"accepted\",\"id\":\"7522cb79-c55e-430d-8ca1-77499bab6ecd\",\"t\":1791223822126}","source":"console","time":"2026-10-05T18:10:22Z"}
{"level":"info","msg":"{\"ev\":\"accepted\",\"id\":\"d1e0947c-7e94-487e-962c-90344553abeb\",\"t\":1791223822608}","source":"console","time":"2026-10-05T18:10:22Z"}
{"level":"info","msg":"{\"ev\":\"accepted\",\"id\":\"d077f562-1198-46c8-8cd3-49c072236e00\",\"t\":1791223823086}","source":"console","time":"2026-10-05T18:10:23Z"}
{"level":"info","msg":"{\"ev\":\"accepted\",\"id\":\"5d352338-be28-42e1-8386-9b36e6d1dcbd\",\"t\":1791223823576}","source":"console","time":"2026-10-05T18:10:23Z"}
{"level":"info","msg":"{\"ev\":\"accepted\",\"id\":\"5eaed12d-0a06-4089-bb27-a896985773b6\",\"t\":1791223824028}","source":"console","time":"2026-10-05T18:10:24Z"}
{"level":"info","msg":"{\"ev\":\"accepted\",\"id\":\"c95823e2-455b-41f1-9482-26c8b7d9f54e\",\"t\":1791223824500}","source":"console","time":"2026-10-05T18:10:24Z"}
{"level":"info","msg":"{\"ev\":\"accepted\",\"id\":\"4527c131-ca7f-48bb-a73d-35121308aebe\",\"t\":1791223824979}","source":"console","time":"2026-10-05T18:10:24Z"}
{"level":"info","msg":"{\"ev\":\"accepted\",\"id\":\"bb66116e-4d38-44c2-9d40-d7c721e19dc8\",\"t\":1791223825461}","source":"console","time":"2026-10-05T18:10:25Z"}
{"level":"info","msg":"{\"ev\":\"accepted\",\"id\":\"efca4632-f5aa-47e1-964b-52cb6719a97b\",\"t\":1791223825930}","source":"console","time":"2026-10-05T18:10:25Z"}
{"level":"info","msg":"{\"ev\":\"accepted\",\"id\":\"edc2c141-ba03-4579-93f5-e9e3b406681c\",\"t\":1791223826409}","source":"console","time":"2026-10-05T18:10:26Z"}
{"level":"info","msg":"{\"ev\":\"accepted\",\"id\":\"0760a716-c7c2-4e39-a3a4-9957fc37958c\",\"t\":1791223826886}","source":"console","time":"2026-10-05T18:10:26Z"}
{"level":"info","msg":"{\"ev\":\"accepted\",\"id\":\"7e6e9f47-eba6-480f-8208-3a2fd97d30a8\",\"t\":1791223827365}","source":"console","time":"2026-10-05T18:10:27Z"}
{"level":"info","msg":"{\"ev\":\"accepted\",\"id\":\"86fcb211-5964-4c94-9ae4-5eb4993ac3fe\",\"t\":1791223827834}","source":"console","time":"2026-10-05T18:10:27Z"}
{"level":"info","msg":"{\"ev\":\"accepted\",\"id\":\"8d40b756-e66f-44f6-9209-e34ff617bd4f\",\"t\":1791223828321}","source":"console","time":"2026-10-05T18:10:28Z"}
{"level":"info","msg":"{\"ev\":\"accepted\",\"id\":\"b80d913d-e531-46f7-878d-68f446b37967\",\"t\":1791223828785}","source":"console","time":"2026-10-05T18:10:28Z"}
{"level":"info","msg":"{\"ev\":\"accepted\",\"id\":\"0ad2e61b-d9b0-4fa2-95f8-8ed571424a3c\",\"t\":1791223829275}","source":"console","time":"2026-10-05T18:10:29Z"}
{"level":"info","msg":"{\"ev\":\"accepted\",\"id\":\"0d04b296-4df0-4145-8556-0d8a7e7e0e1f\",\"t\":1791223829737}","source":"console","time":"2026-10-05T18:10:29Z"}
{"level":"info","msg":"{\"ev\":\"accepted\",\"id\":\"9d33bb70-a47e-4912-9689-8adab39d3fd4\",\"t\":1791223830217}","source":"console","time":"2026-10-05T18:10:30Z"}
{"level":"info","msg":"{\"ev\":\"accepted\",\"id\":\"5dfb58be-e0dc-467f-b281-e19b0e81ffae\",\"t\":1791223830690}","source":"console","time":"2026-10-05T18:10:30Z"}
{"level":"info","msg":"{\"ev\":\"accepted\",\"id\":\"88f05356-c07e-463c-b653-1b6bbe23cb84\",\"t\":1791223831169}","source":"console","time":"2026-10-05T18:10:31Z"}
{"level":"info","msg":"{\"ev\":\"accepted\",\"id\":\"da285a7b-4cba-4f4b-a6bf-c2c814323383\",\"t\":1791223831642}","source":"console","time":"2026-10-05T18:10:31Z"}
{"level":"info","msg":"{\"ev\":\"accepted\",\"id\":\"39fc4795-76be-44f2-b92d-d369cca314e8\",\"t\":1791223832125}","source":"console","time":"2026-10-05T18:10:32Z"}
{"level":"info","msg":"{\"ev\":\"accepted\",\"id\":\"02dc81be-734a-4aaf-9ff9-f15c3a57a8ce\",\"t\":1791223832597}","source":"console","time":"2026-10-05T18:10:32Z"}
{"level":"info","msg":"{\"ev\":\"accepted\",\"id\":\"7bfdd848-919f-4690-b06f-6348700e3a6d\",\"t\":1791223833073}","source":"console","time":"2026-10-05T18:10:33Z"}
{"level":"info","msg":"{\"ev\":\"accepted\",\"id\":\"6d4f0765-985d-4668-bec1-0e22ed3d55ef\",\"t\":1791223833549}","source":"console","time":"2026-10-05T18:10:33Z"}
{"level":"info","msg":"{\"ev\":\"accepted\",\"id\":\"537302ef-53d1-43b3-b855-d892c3f1e525\",\"t\":1791223834024}","source":"console","time":"2026-10-05T18:10:34Z"}
{"level":"info","msg":"{\"ev\":\"accepted\",\"id\":\"96b3d52e-9cb1-426c-b428-c4afabfc0b2e\",\"t\":1791223834505}","source":"console","time":"2026-10-05T18:10:34Z"}
{"level":"info","msg":"{\"ev\":\"accepted\",\"id\":\"47c118fb-8af1-469a-9765-05a42561ef21\",\"t\":1791223834979}","source":"console","time":"2026-10-05T18:10:34Z"}
{"level":"info","msg":"{\"ev\":\"accepted\",\"id\":\"691aecfc-4419-4b5f-a74e-ddc56fcd36b0\",\"t\":1791223835456}","source":"console","time":"2026-10-05T18:10:35Z"}
{"level":"info","msg":"{\"ev\":\"accepted\",\"id\":\"28d3a40d-e0bc-465b-8567-d9ffa99b2f6a\",\"t\":1791223835941}","source":"console","time":"2026-10-05T18:10:35Z"}
{"level":"info","msg":"{\"ev\":\"accepted\",\"id\":\"ff3689d5-4434-46bd-b9d2-e23f49a9f1a0\",\"t\":1791223836406}","source":"console","time":"2026-10-05T18:10:36Z"}
{"level":"info","msg":"{\"ev\":\"accepted\",\"id\":\"cdcb1da3-6cf5-4ea6-be74-2bd4c9db867e\",\"t\":1791223836892}","source":"console","time":"2026-10-05T18:10:36Z"}
{"level":"info","msg":"{\"ev\":\"accepted\",\"id\":\"553bb6a5-721a-4e51-911e-b32ad370ad21\",\"t\":1791223837363}","source":"console","time":"2026-10-05T18:10:37Z"}
{"level":"info","msg":"{\"ev\":\"accepted\",\"id\":\"d1ba228e-3b65-4eb6-ad99-0de8a0150885\",\"t\":1791223837839}","source":"console","time":"2026-10-05T18:10:37Z"}
{"level":"info","msg":"{\"ev\":\"accepted\",\"id\":\"32c572b5-8254-41e0-9939-4345db668c97\",\"t\":1791223838313}","source":"console","time":"2026-10-05T18:10:38Z"}
{"level":"info","msg":"{\"ev\":\"accepted\",\"id\":\"91398314-7943-414e-bb35-33c6623fe74a\",\"t\":1791223838788}","source":"console","time":"2026-10-05T18:10:38Z"}
{"level":"info","msg":"{\"ev\":\"accepted\",\"id\":\"eef23576-44a1-4afc-a574-1b0fc8509f35\",\"t\":1791223839268}","source":"console","time":"2026-10-05T18:10:39Z"}
{"level":"info","msg":"{\"ev\":\"accepted\",\"id\":\"51d039cb-648c-4adf-b7d8-0f3b7a714a91\",\"t\":1791223839763}","source":"console","time":"2026-10-05T18:10:39Z"}
{"level":"info","msg":"{\"ev\":\"accepted\",\"id\":\"efd2e706-862c-48ad-bb0e-7c08719f1a62\",\"t\":1791223840221}","source":"console","time":"2026-10-05T18:10:40Z"}
{"level":"info","msg":"{\"ev\":\"accepted\",\"id\":\"2aa70c1c-c212-46ce-83b0-a37e581e8a88\",\"t\":1791223840699}","source":"console","time":"2026-10-05T18:10:40Z"}
{"level":"info","msg":"{\"ev\":\"accepted\",\"id\":\"1ee520b2-ad35-411d-985c-55368e42be52\",\"t\":1791223841167}","source":"console","time":"2026-10-05T18:10:41Z"}
{"level":"info","msg":"{\"ev\":\"accepted\",\"id\":\"d739c082-585e-45b6-8aac-750a3857b743\",\"t\":1791223841645}","source":"console","time":"2026-10-05T18:10:41Z"}
{"level":"info","msg":"{\"ev\":\"accepted\",\"id\":\"abc8982f-028d-4e30-867a-54a5d158e29e\",\"t\":1791223842121}","source":"console","time":"2026-10-05T18:10:42Z"}
{"level":"info","msg":"{\"ev\":\"accepted\",\"id\":\"5734f5b1-b319-4923-a518-c01dfe4b69dc\",\"t\":1791223842600}","source":"console","time":"2026-10-05T18:10:42Z"}
{"level":"info","msg":"{\"ev\":\"accepted\",\"id\":\"eaf6ba85-0f71-447d-8e6c-f428fa264169\",\"t\":1791223843070}","source":"console","time":"2026-10-05T18:10:43Z"}
{"level":"info","msg":"{\"ev\":\"accepted\",\"id\":\"a1125a19-0fb1-47e4-b3a0-fe0b38142914\",\"t\":1791223843548}","source":"console","time":"2026-10-05T18:10:43Z"}
{"level":"info","msg":"{\"ev\":\"accepted\",\"id\":\"3243f0bb-abda-457d-bc76-c26c46dbbd07\",\"t\":1791223844028}","source":"console","time":"2026-10-05T18:10:44Z"}
{"level":"info","msg":"{\"ev\":\"accepted\",\"id\":\"38c8fa9b-976e-49e5-bf76-77d3dfc7ef8f\",\"t\":1791223844525}","source":"console","time":"2026-10-05T18:10:44Z"}
{"level":"info","msg":"{\"ev\":\"accepted\",\"id\":\"73290363-7dad-45d3-b708-c6fa4fd3a64b\",\"t\":1791223844980}","source":"console","time":"2026-10-05T18:10:44Z"}
{"level":"info","msg":"{\"ev\":\"accepted\",\"id\":\"f2b42e9a-0ee3-4b1f-9a8a-1b5ec7754484\",\"t\":1791223845451}","source":"console","time":"2026-10-05T18:10:45Z"}
{"level":"info","msg":"{\"ev\":\"accepted\",\"id\":\"ed68ecfe-2157-4179-8ff8-5912a7744e6a\",\"t\":1791223845929}","source":"console","time":"2026-10-05T18:10:45Z"}
{"level":"info","msg":"{\"ev\":\"accepted\",\"id\":\"8d2d9d1d-e09a-419c-9c4b-242301327fcf\",\"t\":1791223846439}","source":"console","time":"2026-10-05T18:10:46Z"}
{"level":"info","msg":"{\"ev\":\"accepted\",\"id\":\"f353559f-85fe-4e0c-aa45-5a99095de545\",\"t\":1791223846907}","source":"console","time":"2026-10-05T18:10:46Z"}
{"level":"info","msg":"{\"ev\":\"accepted\",\"id\":\"27ea6c3d-94c3-44bc-8538-e8daca73a6af\",\"t\":1791223847359}","source":"console","time":"2026-10-05T18:10:47Z"}
{"level":"info","msg":"{\"ev\":\"accepted\",\"id\":\"81c7e3ff-7039-4263-8007-0fe7f2712333\",\"t\":1791223847852}","source":"console","time":"2026-10-05T18:10:47Z"}
{"level":"info","msg":"{\"ev\":\"accepted\",\"id\":\"3789fcd4-2793-4a86-bce4-3f9c962be470\",\"t\":1791223848313}","source":"console","time":"2026-10-05T18:10:48Z"}
{"level":"info","msg":"{\"ev\":\"accepted\",\"id\":\"d67963c6-349f-4c10-92e4-62d90a96c17f\",\"t\":1791223848788}","source":"console","time":"2026-10-05T18:10:48Z"}
{"level":"info","msg":"{\"ev\":\"accepted\",\"id\":\"d3d8f0bf-cda9-44b2-8d37-86eabdd0d6fb\",\"t\":1791223849270}","source":"console","time":"2026-10-05T18:10:49Z"}
{"level":"info","msg":"{\"ev\":\"accepted\",\"id\":\"cd124d0e-4ade-4b68-aff8-4f9aee72ad34\",\"t\":1791223849743}","source":"console","time":"2026-10-05T18:10:49Z"}
{"level":"info","msg":"{\"ev\":\"accepted\",\"id\":\"fb36771e-672f-4c93-8ba2-8e2571aa1a3d\",\"t\":1791223850217}","source":"console","time":"2026-10-05T18:10:50Z"}
{"level":"info","msg":"{\"ev\":\"accepted\",\"id\":\"f3498ced-69fb-4cc7-ac3d-2fc8f9a6d86a\",\"t\":1791223850692}","source":"console","time":"2026-10-05T18:10:50Z"}
{"level":"info","msg":"{\"ev\":\"accepted\",\"id\":\"8b05bc0b-1973-4c66-a57b-e8cb44b67b29\",\"t\":1791223851174}","source":"console","time":"2026-10-05T18:10:51Z"}
{"level":"info","msg":"{\"ev\":\"accepted\",\"id\":\"88eb4631-afea-4ed9-aaba-ae4adf9c73fb\",\"t\":1791223851647}","source":"console","time":"2026-10-05T18:10:51Z"}
{"level":"info","msg":"{\"ev\":\"accepted\",\"id\":\"3dee2ec4-8d29-4f33-add0-4f9799d61f51\",\"t\":1791223852132}","source":"console","time":"2026-10-05T18:10:52Z"}
{"level":"info","msg":"{\"ev\":\"accepted\",\"id\":\"63685309-6ebc-4325-bdb5-82a88718ced5\",\"t\":1791223852607}","source":"console","time":"2026-10-05T18:10:52Z"}
{"level":"info","msg":"{\"ev\":\"accepted\",\"id\":\"334bccb9-3c55-4727-99a7-45b13fd5154b\",\"t\":1791223853079}","source":"console","time":"2026-10-05T18:10:53Z"}
{"level":"info","msg":"{\"ev\":\"accepted\",\"id\":\"511e75f7-f0ad-44a6-9670-efd72d101b75\",\"t\":1791223853563}","source":"console","time":"2026-10-05T18:10:53Z"}
{"level":"info","msg":"{\"ev\":\"accepted\",\"id\":\"af2e6afd-6bd1-497c-a73b-e5b6e2fa2499\",\"t\":1791223854034}","source":"console","time":"2026-10-05T18:10:54Z"}
{"level":"info","msg":"{\"ev\":\"accepted\",\"id\":\"5e04d64c-5cd8-4d4c-ac0e-7095e77ff78f\",\"t\":1791223854507}","source":"console","time":"2026-10-05T18:10:54Z"}
{"level":"info","msg":"{\"ev\":\"accepted\",\"id\":\"ac738242-375a-404f-ba06-52392684efc4\",\"t\":1791223854981}","source":"console","time":"2026-10-05T18:10:54Z"}
{"level":"info","msg":"{\"ev\":\"accepted\",\"id\":\"53d5f1b8-a955-447c-9f10-e2da7d3c0025\",\"t\":1791223855465}","source":"console","time":"2026-10-05T18:10:55Z"}
{"level":"info","msg":"{\"ev\":\"accepted\",\"id\":\"b3a661cd-9353-4e48-8653-285ed3688484\",\"t\":1791223855934}","source":"console","time":"2026-10-05T18:10:55Z"}
{"level":"info","msg":"{\"ev\":\"accepted\",\"id\":\"6719d17e-26da-43c6-9a04-ee4720efadb2\",\"t\":1791223856413}","source":"console","time":"2026-10-05T18:10:56Z"}
{"level":"info","msg":"{\"ev\":\"accepted\",\"id\":\"590c42d1-4184-4d0c-93ae-4f829637872f\",\"t\":1791223856896}","source":"console","time":"2026-10-05T18:10:56Z"}
{"level":"info","msg":"{\"ev\":\"accepted\",\"id\":\"f4ecd0fc-a220-4773-b283-ee84dbf6f745\",\"t\":1791223857372}","source":"console","time":"2026-10-05T18:10:57Z"}
{"level":"info","msg":"{\"ev\":\"accepted\",\"id\":\"af40bdd5-704c-4b67-8319-b99d1ecb4aa0\",\"t\":1791223857839}","source":"console","time":"2026-10-05T18:10:57Z"}
{"level":"info","msg":"{\"ev\":\"accepted\",\"id\":\"1df42b25-fc50-43b0-b33a-28d5fe94c2c7\",\"t\":1791223858310}","source":"console","time":"2026-10-05T18:10:58Z"}
{"level":"info","msg":"{\"ev\":\"accepted\",\"id\":\"19abbe8a-c860-4c2a-8019-2b5cd0884920\",\"t\":1791223858794}","source":"console","time":"2026-10-05T18:10:58Z"}
{"level":"info","msg":"{\"ev\":\"accepted\",\"id\":\"867a987d-9aab-46e1-9253-1d98d634ff29\",\"t\":1791223859261}","source":"console","time":"2026-10-05T18:10:59Z"}
{"level":"info","msg":"{\"ev\":\"accepted\",\"id\":\"cf3ae3ee-b179-4a37-8277-2edca8fdf0eb\",\"t\":1791223859770}","source":"console","time":"2026-10-05T18:10:59Z"}
{"level":"info","msg":"{\"ev\":\"accepted\",\"id\":\"ab83f714-c5a0-4a6e-84bb-375e2c0de3c5\",\"t\":1791223860227}","source":"console","time":"2026-10-05T18:11:00Z"}
{"level":"info","msg":"{\"ev\":\"accepted\",\"id\":\"259eed16-91f4-440b-add7-5ef2201ce59e\",\"t\":1791223860707}","source":"console","time":"2026-10-05T18:11:00Z"}
{"level":"info","msg":"{\"ev\":\"accepted\",\"id\":\"5403b1d3-57b7-4ac0-8c33-b0671afdf6e6\",\"t\":1791223861172}","source":"console","time":"2026-10-05T18:11:01Z"}
{"level":"info","msg":"{\"ev\":\"accepted\",\"id\":\"a688bb87-ae28-41cd-a746-f5e2b85087b1\",\"t\":1791223861657}","source":"console","time":"2026-10-05T18:11:01Z"}
{"level":"info","msg":"{\"ev\":\"accepted\",\"id\":\"849c6cee-9707-4cc6-803d-2987aadf782a\",\"t\":1791223862123}","source":"console","time":"2026-10-05T18:11:02Z"}
{"level":"info","msg":"{\"ev\":\"accepted\",\"id\":\"585cfc32-f982-4e96-9ea5-dd6f6a091bf6\",\"t\":1791223862604}","source":"console","time":"2026-10-05T18:11:02Z"}
{"level":"info","msg":"{\"ev\":\"accepted\",\"id\":\"2cb0cb40-5c2d-44ff-9478-ac3478f6f939\",\"t\":1791223863072}","source":"console","time":"2026-10-05T18:11:03Z"}
{"level":"info","msg":"{\"ev\":\"accepted\",\"id\":\"b157508f-a52a-46b3-b401-210c601ae6c3\",\"t\":1791223863548}","source":"console","time":"2026-10-05T18:11:03Z"}
{"level":"info","msg":"{\"ev\":\"accepted\",\"id\":\"ef7477d5-7390-4cef-be1d-48832ccb6e08\",\"t\":1791223864029}","source":"console","time":"2026-10-05T18:11:04Z"}
{"level":"info","msg":"{\"ev\":\"accepted\",\"id\":\"e531301f-5b9e-44e6-b05e-290af27c4234\",\"t\":1791223864501}","source":"console","time":"2026-10-05T18:11:04Z"}
{"level":"info","msg":"{\"ev\":\"accepted\",\"id\":\"52f26f64-fe3a-4999-8122-ad531f189bd3\",\"t\":1791223864982}","source":"console","time":"2026-10-05T18:11:04Z"}
{"level":"info","msg":"{\"ev\":\"accepted\",\"id\":\"f56bc8c8-c3ba-4e37-b687-2f2528a67194\",\"t\":1791223865465}","source":"console","time":"2026-10-05T18:11:05Z"}
{"level":"info","msg":"{\"ev\":\"accepted\",\"id\":\"45406ce7-afc0-4f4e-82a2-e55961515dff\",\"t\":1791223865937}","source":"console","time":"2026-10-05T18:11:05Z"}
{"level":"info","msg":"{\"ev\":\"accepted\",\"id\":\"2dcf0041-d4c8-4517-bef5-2747e1c113b7\",\"t\":1791223866410}","source":"console","time":"2026-10-05T18:11:06Z"}
{"level":"info","msg":"{\"ev\":\"accepted\",\"id\":\"8bed7a73-5d40-4d8f-a5cc-d8c0e22b5e50\",\"t\":1791223866883}","source":"console","time":"2026-10-05T18:11:06Z"}
{"level":"info","msg":"{\"ev\":\"accepted\",\"id\":\"1d4695d0-400e-4b4f-bd14-6ad3a5deb3dd\",\"t\":1791223867360}","source":"console","time":"2026-10-05T18:11:07Z"}
{"level":"info","msg":"{\"ev\":\"accepted\",\"id\":\"3f8f0295-3e15-4ba2-99bc-25b059e81df0\",\"t\":1791223867835}","source":"console","time":"2026-10-05T18:11:07Z"}
{"level":"info","msg":"{\"ev\":\"accepted\",\"id\":\"ee627b5f-b2bb-429c-8987-df8b89798d1d\",\"t\":1791223868373}","source":"console","time":"2026-10-05T18:11:08Z"}
{"level":"info","msg":"{\"ev\":\"accepted\",\"id\":\"a3d55ce7-f1cf-4fd8-842d-ab67a6ac1e32\",\"t\":1791223868802}","source":"console","time":"2026-10-05T18:11:08Z"}
{"level":"info","msg":"{\"ev\":\"accepted\",\"id\":\"155e9a03-410a-40ac-969b-fa7596e97bc9\",\"t\":1791223869269}","source":"console","time":"2026-10-05T18:11:09Z"}
{"level":"info","msg":"{\"ev\":\"accepted\",\"id\":\"7f94c08d-d8fb-4727-a8bb-be5b3630444e\",\"t\":1791223869747}","source":"console","time":"2026-10-05T18:11:09Z"}
{"level":"info","msg":"{\"ev\":\"accepted\",\"id\":\"95ba1f45-f062-44e8-8658-8f15876a64cf\",\"t\":1791223870222}","source":"console","time":"2026-10-05T18:11:10Z"}
{"level":"info","msg":"{\"ev\":\"accepted\",\"id\":\"a82ee4a2-a0b5-4a83-b379-0c02e27f109c\",\"t\":1791223870697}","source":"console","time":"2026-10-05T18:11:10Z"}
{"level":"info","msg":"{\"ev\":\"accepted\",\"id\":\"b252058d-52ea-4c84-be57-625972b1045a\",\"t\":1791223871170}","source":"console","time":"2026-10-05T18:11:11Z"}
{"level":"info","msg":"{\"ev\":\"accepted\",\"id\":\"7cf1ac16-44be-4e26-8d0e-b32c3f606f48\",\"t\":1791223871643}","source":"console","time":"2026-10-05T18:11:11Z"}
{"level":"info","msg":"{\"ev\":\"accepted\",\"id\":\"301f0d3a-0529-4c8a-b8b1-88cc9dd6809d\",\"t\":1791223872125}","source":"console","time":"2026-10-05T18:11:12Z"}
{"level":"info","msg":"{\"ev\":\"accepted\",\"id\":\"bf61901b-cce1-4e82-96a1-f54289f8e15f\",\"t\":1791223872594}","source":"console","time":"2026-10-05T18:11:12Z"}
{"level":"info","msg":"{\"ev\":\"accepted\",\"id\":\"8325e35f-c792-4033-b096-e72f6b0db693\",\"t\":1791223873070}","source":"console","time":"2026-10-05T18:11:13Z"}
{"level":"info","msg":"{\"ev\":\"accepted\",\"id\":\"865c263a-7671-44f4-b717-f6126f5bcbb2\",\"t\":1791223873554}","source":"console","time":"2026-10-05T18:11:13Z"}
{"level":"info","msg":"{\"ev\":\"accepted\",\"id\":\"904fcd88-6b1e-4adb-bf79-0096934a20ae\",\"t\":1791223874046}","source":"console","time":"2026-10-05T18:11:14Z"}
{"level":"info","msg":"{\"ev\":\"accepted\",\"id\":\"6567e2eb-12df-48b5-bc53-2007031cfa45\",\"t\":1791223874518}","source":"console","time":"2026-10-05T18:11:14Z"}
{"level":"info","msg":"{\"ev\":\"accepted\",\"id\":\"49f93966-6338-4b5b-a188-2cf134dec0c5\",\"t\":1791223874978}","source":"console","time":"2026-10-05T18:11:14Z"}
{"level":"info","msg":"{\"ev\":\"accepted\",\"id\":\"30497c92-21ea-4bcd-b7c8-296d628e0f58\",\"t\":1791223875457}","source":"console","time":"2026-10-05T18:11:15Z"}
{"level":"info","msg":"{\"ev\":\"accepted\",\"id\":\"e0684c7c-8123-42e1-96e4-342748e336d4\",\"t\":1791223875956}","source":"console","time":"2026-10-05T18:11:15Z"}
{"level":"info","msg":"{\"ev\":\"accepted\",\"id\":\"9bb168bc-1f11-49d9-8b4a-ba85173273a7\",\"t\":1791223876422}","source":"console","time":"2026-10-05T18:11:16Z"}
{"level":"info","msg":"{\"ev\":\"accepted\",\"id\":\"c0e1038e-a0a6-4e3a-bed0-8aaa8f9fd35b\",\"t\":1791223876883}","source":"console","time":"2026-10-05T18:11:16Z"}
{"level":"info","msg":"{\"ev\":\"accepted\",\"id\":\"e9a0f426-af03-4d10-bf14-32b3b02a8fa9\",\"t\":1791223877361}","source":"console","time":"2026-10-05T18:11:17Z"}
{"level":"info","msg":"{\"ev\":\"accepted\",\"id\":\"24f4113a-e893-4ee2-82bd-b415cb3acc00\",\"t\":1791223877867}","source":"console","time":"2026-10-05T18:11:17Z"}
{"level":"info","msg":"{\"ev\":\"accepted\",\"id\":\"3dc826b8-b397-472f-8624-e1abf034b77a\",\"t\":1791223878328}","source":"console","time":"2026-10-05T18:11:18Z"}
{"level":"info","msg":"{\"ev\":\"accepted\",\"id\":\"46c97f02-3dfa-47a1-b22a-2a62cc848f78\",\"t\":1791223878798}","source":"console","time":"2026-10-05T18:11:18Z"}
{"level":"info","msg":"{\"ev\":\"accepted\",\"id\":\"0d9e392c-2b38-438c-a597-e0625649d22b\",\"t\":1791223879264}","source":"console","time":"2026-10-05T18:11:19Z"}
{"level":"info","msg":"{\"ev\":\"accepted\",\"id\":\"7d2ebcb6-0e2f-46ac-806d-20fda50181bf\",\"t\":1791223879738}","source":"console","time":"2026-10-05T18:11:19Z"}
{"level":"info","msg":"{\"ev\":\"accepted\",\"id\":\"323fefdd-4285-4f43-b1a1-d4fe376500d8\",\"t\":1791223880254}","source":"console","time":"2026-10-05T18:11:20Z"}
{"level":"info","msg":"{\"ev\":\"accepted\",\"id\":\"a66132b2-618f-40b8-b637-066b5bb95651\",\"t\":1791223880710}","source":"console","time":"2026-10-05T18:11:20Z"}
{"level":"info","msg":"{\"ev\":\"accepted\",\"id\":\"a364c46e-9717-4021-82f8-a02ea33a9608\",\"t\":1791223881182}","source":"console","time":"2026-10-05T18:11:21Z"}
{"level":"info","msg":"{\"ev\":\"accepted\",\"id\":\"292b9abd-4e15-4d4e-8a5c-1f84bab57a00\",\"t\":1791223881659}","source":"console","time":"2026-10-05T18:11:21Z"}
{"level":"info","msg":"{\"ev\":\"accepted\",\"id\":\"b5799aaa-1df0-416d-bada-170d976b9bcc\",\"t\":1791223882128}","source":"console","time":"2026-10-05T18:11:22Z"}
{"level":"info","msg":"{\"ev\":\"accepted\",\"id\":\"63ab70b4-7e90-4c3c-968d-c42162a87edc\",\"t\":1791223882608}","source":"console","time":"2026-10-05T18:11:22Z"}
{"level":"info","msg":"{\"ev\":\"accepted\",\"id\":\"8f007a0f-905d-425e-b6a8-4617b42aef94\",\"t\":1791223883080}","source":"console","time":"2026-10-05T18:11:23Z"}
{"level":"info","msg":"{\"ev\":\"accepted\",\"id\":\"08ce13b1-3ba5-45b0-9c09-0f0e68ffacbc\",\"t\":1791223883560}","source":"console","time":"2026-10-05T18:11:23Z"}
{"level":"info","msg":"{\"ev\":\"accepted\",\"id\":\"cc5d2a28-2ee5-4dfe-9feb-a013f438d91f\",\"t\":1791223884034}","source":"console","time":"2026-10-05T18:11:24Z"}
{"level":"info","msg":"{\"ev\":\"accepted\",\"id\":\"09a67fc5-7e43-4d56-9c82-e0b901328d83\",\"t\":1791223884500}","source":"console","time":"2026-10-05T18:11:24Z"}
{"level":"info","msg":"{\"ev\":\"accepted\",\"id\":\"cd3fcc9b-8002-46d6-9e55-acd245913373\",\"t\":1791223884980}","source":"console","time":"2026-10-05T18:11:24Z"}
{"level":"info","msg":"{\"ev\":\"accepted\",\"id\":\"f88b1b0e-830a-4a32-b638-b2ea6e51208f\",\"t\":1791223885455}","source":"console","time":"2026-10-05T18:11:25Z"}
{"level":"info","msg":"{\"ev\":\"accepted\",\"id\":\"5f58ce31-b32d-498b-ae38-7229f32e5521\",\"t\":1791223885936}","source":"console","time":"2026-10-05T18:11:25Z"}
{"level":"info","msg":"{\"ev\":\"accepted\",\"id\":\"9e5a7c62-52fa-4733-a693-aaaa76f78793\",\"t\":1791223886417}","source":"console","time":"2026-10-05T18:11:26Z"}
{"level":"info","msg":"{\"ev\":\"accepted\",\"id\":\"ea0fd749-2f48-43b1-80ab-60e5d807fb4d\",\"t\":1791223886893}","source":"console","time":"2026-10-05T18:11:26Z"}
{"level":"info","msg":"{\"ev\":\"accepted\",\"id\":\"d0bdb027-a5cd-40f1-8d5c-220ffdf5df2c\",\"t\":1791223887376}","source":"console","time":"2026-10-05T18:11:27Z"}
{"level":"info","msg":"{\"ev\":\"accepted\",\"id\":\"597e5579-1ccc-4e24-b5a2-4c59c2e1b84b\",\"t\":1791223887838}","source":"console","time":"2026-10-05T18:11:27Z"}
{"level":"info","msg":"{\"ev\":\"accepted\",\"id\":\"c22e22d9-b0c2-46e1-8fa3-383850842626\",\"t\":1791223888324}","source":"console","time":"2026-10-05T18:11:28Z"}
{"level":"info","msg":"{\"ev\":\"accepted\",\"id\":\"4fb2c32a-07f8-4738-8db7-0f72cb86ac02\",\"t\":1791223888788}","source":"console","time":"2026-10-05T18:11:28Z"}
{"level":"info","msg":"{\"ev\":\"accepted\",\"id\":\"bed10f70-b435-4f93-817d-9219932e1f5d\",\"t\":1791223889265}","source":"console","time":"2026-10-05T18:11:29Z"}
{"level":"info","msg":"{\"ev\":\"accepted\",\"id\":\"20a3057a-6d9e-48f5-8b55-4c062d8bb507\",\"t\":1791223889743}","source":"console","time":"2026-10-05T18:11:29Z"}
{"level":"info","msg":"{\"ev\":\"accepted\",\"id\":\"5bb9a323-bdd1-47f1-8881-47ea4b7cae1a\",\"t\":1791223890218}","source":"console","time":"2026-10-05T18:11:30Z"}
{"level":"info","msg":"{\"ev\":\"accepted\",\"id\":\"5f08e6dc-34c1-41fe-9253-e85da80e4e36\",\"t\":1791223890695}","source":"console","time":"2026-10-05T18:11:30Z"}
{"level":"info","msg":"{\"ev\":\"accepted\",\"id\":\"f2884d4c-8776-4c2a-a3d7-af78d5956070\",\"t\":1791223891168}","source":"console","time":"2026-10-05T18:11:31Z"}
{"level":"info","msg":"{\"ev\":\"accepted\",\"id\":\"6de5d992-82c4-4123-9577-898ff2b570c0\",\"t\":1791223891649}","source":"console","time":"2026-10-05T18:11:31Z"}
{"level":"info","msg":"{\"ev\":\"accepted\",\"id\":\"ea43f45c-25c9-4115-87e6-ae32b413a072\",\"t\":1791223892147}","source":"console","time":"2026-10-05T18:11:32Z"}
{"level":"info","msg":"{\"ev\":\"accepted\",\"id\":\"5634a26d-f37c-43b5-9ced-1e0e75d26cea\",\"t\":1791223892600}","source":"console","time":"2026-10-05T18:11:32Z"}
{"level":"info","msg":"{\"ev\":\"accepted\",\"id\":\"19ea33b6-0301-408e-baa6-f7ed857a9da8\",\"t\":1791223893082}","source":"console","time":"2026-10-05T18:11:33Z"}
{"level":"info","msg":"{\"ev\":\"accepted\",\"id\":\"fa72cd6b-e91f-4727-9faa-1e84dd5dd835\",\"t\":1791223893547}","source":"console","time":"2026-10-05T18:11:33Z"}
{"level":"info","msg":"{\"ev\":\"accepted\",\"id\":\"f4d8892a-5bdf-40a9-b5ca-fe5639671634\",\"t\":1791223894053}","source":"console","time":"2026-10-05T18:11:34Z"}
{"level":"info","msg":"{\"ev\":\"accepted\",\"id\":\"0344f37b-562e-4a5b-9dca-b472866919f4\",\"t\":1791223894513}","source":"console","time":"2026-10-05T18:11:34Z"}
{"level":"info","msg":"{\"ev\":\"accepted\",\"id\":\"f4b0e6f6-272f-41a8-9b78-370b02e8c97c\",\"t\":1791223894993}","source":"console","time":"2026-10-05T18:11:34Z"}
{"level":"info","msg":"{\"ev\":\"accepted\",\"id\":\"603c86b8-8ffa-416d-b4ba-45dd7bd57f00\",\"t\":1791223895454}","source":"console","time":"2026-10-05T18:11:35Z"}
{"level":"info","msg":"{\"ev\":\"accepted\",\"id\":\"b93c7fb1-7bba-45e3-b730-82b6cce0afec\",\"t\":1791223895938}","source":"console","time":"2026-10-05T18:11:35Z"}
{"level":"info","msg":"{\"ev\":\"accepted\",\"id\":\"d42ffb63-d2c8-4437-8fa9-145e743790cb\",\"t\":1791223896413}","source":"console","time":"2026-10-05T18:11:36Z"}
{"level":"info","msg":"{\"ev\":\"accepted\",\"id\":\"2da92328-de0c-4121-aaa4-97794482a14b\",\"t\":1791223896890}","source":"console","time":"2026-10-05T18:11:36Z"}
{"level":"info","msg":"{\"ev\":\"accepted\",\"id\":\"91bfda55-d492-45a3-be85-4195cb47f433\",\"t\":1791223897363}","source":"console","time":"2026-10-05T18:11:37Z"}
{"level":"info","msg":"{\"ev\":\"accepted\",\"id\":\"c07d004b-31c6-4530-88ef-737c9fa359ee\",\"t\":1791223897846}","source":"console","time":"2026-10-05T18:11:37Z"}
{"level":"info","msg":"{\"ev\":\"accepted\",\"id\":\"e4b163b8-8eb5-4b65-9a99-eca889c72d5b\",\"t\":1791223898311}","source":"console","time":"2026-10-05T18:11:38Z"}
{"level":"info","msg":"{\"ev\":\"accepted\",\"id\":\"f41e37bc-b28f-4ba5-aeee-1ecc83f671cc\",\"t\":1791223898791}","source":"console","time":"2026-10-05T18:11:38Z"}
{"level":"info","msg":"{\"ev\":\"accepted\",\"id\":\"9079bb4f-ad8e-4950-8e24-5bee40d84f1b\",\"t\":1791223899265}","source":"console","time":"2026-10-05T18:11:39Z"}
{"level":"info","msg":"{\"ev\":\"accepted\",\"id\":\"13d6bf8a-2295-4181-b5df-d7a271f2b70e\",\"t\":1791223899752}","source":"console","time":"2026-10-05T18:11:39Z"}
{"level":"info","msg":"{\"ev\":\"accepted\",\"id\":\"4a75b333-1ffb-4412-a39e-5e4cdea8f537\",\"t\":1791223900218}","source":"console","time":"2026-10-05T18:11:40Z"}
{"level":"info","msg":"{\"ev\":\"accepted\",\"id\":\"65125c8c-2ff7-40b3-9b7f-b196f5155a38\",\"t\":1791223900692}","source":"console","time":"2026-10-05T18:11:40Z"}
{"level":"info","msg":"{\"ev\":\"accepted\",\"id\":\"d34a04b0-64be-46e1-8222-d3e3f9957bd0\",\"t\":1791223901166}","source":"console","time":"2026-10-05T18:11:41Z"}
{"level":"info","msg":"{\"ev\":\"accepted\",\"id\":\"dbe27473-0f1b-456f-be66-2d76a3bd1e3b\",\"t\":1791223901646}","source":"console","time":"2026-10-05T18:11:41Z"}
{"level":"info","msg":"{\"ev\":\"accepted\",\"id\":\"d269208a-6dab-445a-a1e0-7660a630495c\",\"t\":1791223902122}","source":"console","time":"2026-10-05T18:11:42Z"}
{"level":"info","msg":"{\"ev\":\"accepted\",\"id\":\"be7e8d1a-f3ee-45f4-8e5a-fcb2a3e3a612\",\"t\":1791223902597}","source":"console","time":"2026-10-05T18:11:42Z"}
{"level":"info","msg":"{\"ev\":\"accepted\",\"id\":\"9ac392ef-ef40-4e7c-a788-4017a982d2c9\",\"t\":1791223903071}","source":"console","time":"2026-10-05T18:11:43Z"}
{"level":"info","msg":"{\"ev\":\"accepted\",\"id\":\"f142ff86-d990-4131-b3bf-9863acfc0c75\",\"t\":1791223903553}","source":"console","time":"2026-10-05T18:11:43Z"}
{"level":"info","msg":"{\"ev\":\"accepted\",\"id\":\"9cc14cbd-410f-4b49-920c-153a8a8eef09\",\"t\":1791223904028}","source":"console","time":"2026-10-05T18:11:44Z"}
{"level":"info","msg":"{\"ev\":\"accepted\",\"id\":\"547a9673-c1cc-48ca-9717-3b35d7980406\",\"t\":1791223904517}","source":"console","time":"2026-10-05T18:11:44Z"}
{"level":"info","msg":"{\"ev\":\"accepted\",\"id\":\"6154f0c9-11a5-4ce9-8605-b05ab365e07a\",\"t\":1791223904990}","source":"console","time":"2026-10-05T18:11:44Z"}
{"level":"info","msg":"{\"ev\":\"accepted\",\"id\":\"3da897d4-c43d-4585-b159-71df4dab2b7b\",\"t\":1791223905487}","source":"console","time":"2026-10-05T18:11:45Z"}
{"level":"info","msg":"{\"ev\":\"accepted\",\"id\":\"5c169186-1a87-4c5b-bb80-0a6cf2977a61\",\"t\":1791223905948}","source":"console","time":"2026-10-05T18:11:45Z"}
{"level":"info","msg":"{\"ev\":\"accepted\",\"id\":\"52d2fc78-ce72-4144-ae24-61ffb0d8f2a7\",\"t\":1791223906414}","source":"console","time":"2026-10-05T18:11:46Z"}
{"level":"info","msg":"{\"ev\":\"accepted\",\"id\":\"efe22dac-2aae-4ad1-9508-baa129e4b7b5\",\"t\":1791223906900}","source":"console","time":"2026-10-05T18:11:46Z"}
{"level":"info","msg":"{\"ev\":\"accepted\",\"id\":\"d7fffbcb-8fc5-43d0-ac70-82e381182abd\",\"t\":1791223907376}","source":"console","time":"2026-10-05T18:11:47Z"}
{"level":"info","msg":"{\"ev\":\"accepted\",\"id\":\"a826ad44-6af3-4602-a666-9c9a1c4286df\",\"t\":1791223907841}","source":"console","time":"2026-10-05T18:11:47Z"}
{"level":"info","msg":"{\"ev\":\"accepted\",\"id\":\"20489524-7a21-4b97-a5fa-163ff3445d5e\",\"t\":1791223908337}","source":"console","time":"2026-10-05T18:11:48Z"}
{"level":"info","msg":"{\"ev\":\"accepted\",\"id\":\"fc3769b9-7cfb-456f-8b8d-02676b09ee14\",\"t\":1791223908789}","source":"console","time":"2026-10-05T18:11:48Z"}
{"level":"info","msg":"{\"ev\":\"accepted\",\"id\":\"1aece88a-dc29-4e33-80c6-68a1f6af3d12\",\"t\":1791223909275}","source":"console","time":"2026-10-05T18:11:49Z"}
{"level":"info","msg":"{\"ev\":\"accepted\",\"id\":\"60c09c29-bec2-4abe-bc28-5b7b09bc8ddf\",\"t\":1791223909743}","source":"console","time":"2026-10-05T18:11:49Z"}
{"level":"info","msg":"{\"ev\":\"accepted\",\"id\":\"841ca7a0-ea0f-41a3-ad58-c3a8048e8534\",\"t\":1791223910233}","source":"console","time":"2026-10-05T18:11:50Z"}
{"level":"info","msg":"{\"ev\":\"accepted\",\"id\":\"036b87b8-46ab-46cf-a15c-748a3697cf54\",\"t\":1791223910694}","source":"console","time":"2026-10-05T18:11:50Z"}
{"level":"info","msg":"{\"ev\":\"accepted\",\"id\":\"310d4aff-76bd-4d67-b7b7-0828a8dd658f\",\"t\":1791223911186}","source":"console","time":"2026-10-05T18:11:51Z"}
{"level":"info","msg":"{\"ev\":\"accepted\",\"id\":\"cdd2d06d-d697-4b69-90b8-bfd9fe3a6b5c\",\"t\":1791223911643}","source":"console","time":"2026-10-05T18:11:51Z"}
{"level":"info","msg":"{\"ev\":\"accepted\",\"id\":\"aa4a2fee-6ba1-4a6b-b16f-1d70c03a7521\",\"t\":1791223912135}","source":"console","time":"2026-10-05T18:11:52Z"}
{"level":"info","msg":"{\"ev\":\"accepted\",\"id\":\"0a86c6c2-a248-4f17-97f7-eb610f5a5fe2\",\"t\":1791223912596}","source":"console","time":"2026-10-05T18:11:52Z"}
{"level":"info","msg":"{\"ev\":\"accepted\",\"id\":\"5cd19509-a6d7-41fc-9f3f-a3030fadd3fb\",\"t\":1791223913084}","source":"console","time":"2026-10-05T18:11:53Z"}
{"level":"info","msg":"{\"ev\":\"accepted\",\"id\":\"b7cd4585-fed7-4bad-b900-0b7a31ad6c0f\",\"t\":1791223913558}","source":"console","time":"2026-10-05T18:11:53Z"}
{"level":"info","msg":"{\"ev\":\"accepted\",\"id\":\"f2cdc093-e0b1-4b57-a7f3-bc8a43e2480c\",\"t\":1791223914031}","source":"console","time":"2026-10-05T18:11:54Z"}
{"level":"info","msg":"{\"ev\":\"accepted\",\"id\":\"d3c85934-67d6-44fe-a3d2-f297739f597f\",\"t\":1791223914504}","source":"console","time":"2026-10-05T18:11:54Z"}
{"level":"info","msg":"{\"ev\":\"accepted\",\"id\":\"6ca2507e-8ed5-4f3a-ba9e-15bb62832984\",\"t\":1791223914980}","source":"console","time":"2026-10-05T18:11:54Z"}
{"level":"info","msg":"{\"ev\":\"accepted\",\"id\":\"2627c3cc-4e8d-46d7-aacd-73f0ce306716\",\"t\":1791223915453}","source":"console","time":"2026-10-05T18:11:55Z"}
{"level":"info","msg":"{\"ev\":\"accepted\",\"id\":\"de7a3a8c-34bd-422b-a79e-6c7e8cf75035\",\"t\":1791223915931}","source":"console","time":"2026-10-05T18:11:55Z"}
{"level":"info","msg":"{\"ev\":\"accepted\",\"id\":\"bc851cf4-81a6-4f57-911e-cd652809ac71\",\"t\":1791223916416}","source":"console","time":"2026-10-05T18:11:56Z"}
{"level":"info","msg":"{\"ev\":\"accepted\",\"id\":\"880b947d-7ac1-46b8-8954-1fd8eaf23384\",\"t\":1791223916883}","source":"console","time":"2026-10-05T18:11:56Z"}
{"level":"info","msg":"{\"ev\":\"accepted\",\"id\":\"aad24956-3fcb-4f9e-ba90-42392a20b9d9\",\"t\":1791223917358}","source":"console","time":"2026-10-05T18:11:57Z"}
{"level":"info","msg":"{\"ev\":\"accepted\",\"id\":\"8f421875-7832-4462-84d4-89f3e7905563\",\"t\":1791223917861}","source":"console","time":"2026-10-05T18:11:57Z"}
{"level":"info","msg":"{\"ev\":\"accepted\",\"id\":\"2eea2a59-7af1-4861-b35a-8167272dfb07\",\"t\":1791223918343}","source":"console","time":"2026-10-05T18:11:58Z"}
{"level":"info","msg":"{\"ev\":\"accepted\",\"id\":\"f6ca50fc-5e39-4e70-bb6f-6332a843b909\",\"t\":1791223918808}","source":"console","time":"2026-10-05T18:11:58Z"}
{"level":"info","msg":"{\"ev\":\"accepted\",\"id\":\"b5d18ddb-91c5-4e51-bc54-05f127336706\",\"t\":1791223919268}","source":"console","time":"2026-10-05T18:11:59Z"}
{"level":"info","msg":"{\"ev\":\"accepted\",\"id\":\"5a0bdef4-3dae-4ec4-a1e0-c18027980ea1\",\"t\":1791223919738}","source":"console","time":"2026-10-05T18:11:59Z"}
{"level":"info","msg":"{\"ev\":\"accepted\",\"id\":\"33b788f2-1436-4ee5-b777-0156a2c23665\",\"t\":1791223920218}","source":"console","time":"2026-10-05T18:12:00Z"}
{"level":"info","msg":"{\"ev\":\"accepted\",\"id\":\"77044e92-6766-4fe2-ae1d-c8ee137fc24b\",\"t\":1791223920702}","source":"console","time":"2026-10-05T18:12:00Z"}
{"level":"info","msg":"{\"ev\":\"accepted\",\"id\":\"c69c8ce1-9d0a-47ce-9fec-2eaa47d374a3\",\"t\":1791223921172}","source":"console","time":"2026-10-05T18:12:01Z"}
{"level":"info","msg":"{\"ev\":\"accepted\",\"id\":\"6dcb980d-9478-4d6e-a5bf-27f75566ff1d\",\"t\":1791223921663}","source":"console","time":"2026-10-05T18:12:01Z"}
{"level":"info","msg":"{\"ev\":\"accepted\",\"id\":\"70905294-d73d-426c-890c-9d20bc30ca51\",\"t\":1791223922127}","source":"console","time":"2026-10-05T18:12:02Z"}
{"level":"info","msg":"{\"ev\":\"accepted\",\"id\":\"2a681888-19eb-4783-a121-eeadb6fe9ded\",\"t\":1791223922610}","source":"console","time":"2026-10-05T18:12:02Z"}
{"level":"info","msg":"{\"ev\":\"accepted\",\"id\":\"3246ef23-a207-48a5-95ef-629b22533aec\",\"t\":1791223923083}","source":"console","time":"2026-10-05T18:12:03Z"}
{"level":"info","msg":"{\"ev\":\"accepted\",\"id\":\"731bd7f6-538d-4b13-9e88-16eb74671e67\",\"t\":1791223923554}","source":"console","time":"2026-10-05T18:12:03Z"}
{"level":"info","msg":"{\"ev\":\"accepted\",\"id\":\"da4c98ca-d26c-40f7-bbdb-f7bfcd6a67b6\",\"t\":1791223924041}","source":"console","time":"2026-10-05T18:12:04Z"}
{"level":"info","msg":"{\"ev\":\"accepted\",\"id\":\"da40bebd-90d4-4f84-a306-169feecfb455\",\"t\":1791223924521}","source":"console","time":"2026-10-05T18:12:04Z"}
{"level":"info","msg":"{\"ev\":\"accepted\",\"id\":\"29aae1f4-d33a-4353-bbb3-7c4d56089daa\",\"t\":1791223924981}","source":"console","time":"2026-10-05T18:12:04Z"}
{"level":"info","msg":"{\"ev\":\"accepted\",\"id\":\"d8f67ea6-6ed8-4e71-910c-a9ccbfc6f9da\",\"t\":1791223925457}","source":"console","time":"2026-10-05T18:12:05Z"}
{"level":"info","msg":"{\"ev\":\"accepted\",\"id\":\"62c49fe7-c20f-4c67-845e-90e0a6d058d5\",\"t\":1791223925929}","source":"console","time":"2026-10-05T18:12:05Z"}
{"level":"info","msg":"{\"ev\":\"accepted\",\"id\":\"4b6e9b88-a3a5-4bd3-bbd4-37392b5fcec0\",\"t\":1791223926435}","source":"console","time":"2026-10-05T18:12:06Z"}
{"level":"info","msg":"{\"ev\":\"accepted\",\"id\":\"f5fbca7a-ac20-41c0-bab6-e743c3cc553c\",\"t\":1791223926883}","source":"console","time":"2026-10-05T18:12:06Z"}
{"level":"info","msg":"{\"ev\":\"accepted\",\"id\":\"6a24baca-d372-48a3-8769-a4a0fbb24e54\",\"t\":1791223927366}","source":"console","time":"2026-10-05T18:12:07Z"}
{"level":"info","msg":"{\"ev\":\"accepted\",\"id\":\"1a21d5ba-d433-411c-afd0-1184a379e6cc\",\"t\":1791223927837}","source":"console","time":"2026-10-05T18:12:07Z"}
{"level":"info","msg":"{\"ev\":\"accepted\",\"id\":\"a5e3c448-3ac5-4fa4-a958-a23f1d2bad5b\",\"t\":1791223928319}","source":"console","time":"2026-10-05T18:12:08Z"}
{"level":"info","msg":"{\"ev\":\"accepted\",\"id\":\"1228ff39-323f-496c-9858-87ca5015520b\",\"t\":1791223928791}","source":"console","time":"2026-10-05T18:12:08Z"}
{"level":"info","msg":"{\"ev\":\"accepted\",\"id\":\"cc38d6fa-eddb-4ef4-a23a-3b2af1719b31\",\"t\":1791223929279}","source":"console","time":"2026-10-05T18:12:09Z"}
{"level":"info","msg":"{\"ev\":\"accepted\",\"id\":\"babd1df0-1694-4953-98a6-8f1177ddb127\",\"t\":1791223929746}","source":"console","time":"2026-10-05T18:12:09Z"}
{"level":"info","msg":"{\"ev\":\"accepted\",\"id\":\"5e854e9f-b84f-482c-b04d-c08277804526\",\"t\":1791223930221}","source":"console","time":"2026-10-05T18:12:10Z"}
{"level":"info","msg":"{\"ev\":\"accepted\",\"id\":\"e4b8a040-7a8c-4809-8001-5280ff8bb7a5\",\"t\":1791223930699}","source":"console","time":"2026-10-05T18:12:10Z"}
{"level":"info","msg":"{\"ev\":\"accepted\",\"id\":\"de3283e3-3478-4203-bec5-e4d2d80b5715\",\"t\":1791223931181}","source":"console","time":"2026-10-05T18:12:11Z"}
{"level":"info","msg":"{\"ev\":\"accepted\",\"id\":\"d2b9724f-5034-4547-b85b-3c8cedeef26c\",\"t\":1791223931651}","source":"console","time":"2026-10-05T18:12:11Z"}
{"level":"info","msg":"{\"ev\":\"accepted\",\"id\":\"6b1db1b5-c576-4f64-a0c7-0262d6b49070\",\"t\":1791223932127}","source":"console","time":"2026-10-05T18:12:12Z"}
{"level":"info","msg":"{\"ev\":\"accepted\",\"id\":\"5f2caf2b-ad8f-4acd-b2ec-ec87bc7858c4\",\"t\":1791223932598}","source":"console","time":"2026-10-05T18:12:12Z"}
{"level":"info","msg":"{\"ev\":\"accepted\",\"id\":\"de0fa471-f48c-492a-9a7d-bf63f1f4c505\",\"t\":1791223933074}","source":"console","time":"2026-10-05T18:12:13Z"}
{"level":"info","msg":"{\"ev\":\"accepted\",\"id\":\"bf4382ff-ac01-4537-952b-1ea9b575bf40\",\"t\":1791223933547}","source":"console","time":"2026-10-05T18:12:13Z"}
{"level":"info","msg":"{\"ev\":\"accepted\",\"id\":\"b5ce11c8-d745-4ee2-84ba-39ca86c77e2d\",\"t\":1791223934028}","source":"console","time":"2026-10-05T18:12:14Z"}
{"level":"info","msg":"{\"ev\":\"accepted\",\"id\":\"a47e6dcd-5060-4a5c-b1e9-35d518cd6c1c\",\"t\":1791223934502}","source":"console","time":"2026-10-05T18:12:14Z"}
{"level":"info","msg":"{\"ev\":\"accepted\",\"id\":\"b347decf-cb31-43d3-9cdc-9436c7d97a99\",\"t\":1791223934975}","source":"console","time":"2026-10-05T18:12:14Z"}
{"level":"info","msg":"{\"ev\":\"accepted\",\"id\":\"8eb4edfb-58e9-4b83-8867-9bbcea1fdc8d\",\"t\":1791223935451}","source":"console","time":"2026-10-05T18:12:15Z"}
{"level":"info","msg":"{\"ev\":\"accepted\",\"id\":\"54b96e84-634f-447f-a6d7-b94c99149c90\",\"t\":1791223935934}","source":"console","time":"2026-10-05T18:12:15Z"}
{"level":"info","msg":"{\"ev\":\"accepted\",\"id\":\"55626459-f683-4509-9514-0434e62c9abe\",\"t\":1791223936410}","source":"console","time":"2026-10-05T18:12:16Z"}
{"level":"info","msg":"{\"ev\":\"accepted\",\"id\":\"0b05f54e-a270-40ee-8d48-01096261a6ba\",\"t\":1791223936900}","source":"console","time":"2026-10-05T18:12:16Z"}
{"level":"info","msg":"{\"ev\":\"accepted\",\"id\":\"1488703c-a06a-43ae-9df0-2485a7993bef\",\"t\":1791223937365}","source":"console","time":"2026-10-05T18:12:17Z"}
{"level":"info","msg":"{\"ev\":\"accepted\",\"id\":\"1fa0bf56-5fe9-4122-8e49-fa5e677ce66e\",\"t\":1791223937840}","source":"console","time":"2026-10-05T18:12:17Z"}
{"level":"info","msg":"{\"ev\":\"accepted\",\"id\":\"e047b075-bc5c-4668-a6df-95009855dfb7\",\"t\":1791223938310}","source":"console","time":"2026-10-05T18:12:18Z"}
{"level":"info","msg":"{\"ev\":\"accepted\",\"id\":\"df391561-9458-4b60-ac76-928e956db579\",\"t\":1791223938789}","source":"console","time":"2026-10-05T18:12:18Z"}
{"level":"info","msg":"{\"ev\":\"accepted\",\"id\":\"57d90a32-5266-4916-b8f4-eebdd6f99412\",\"t\":1791223939261}","source":"console","time":"2026-10-05T18:12:19Z"}
{"level":"info","msg":"{\"ev\":\"accepted\",\"id\":\"5efc1a2b-aa4a-48d4-8d59-4e76fddc74a9\",\"t\":1791223939741}","source":"console","time":"2026-10-05T18:12:19Z"}
{"level":"info","msg":"{\"ev\":\"accepted\",\"id\":\"4435290e-6c66-47a2-a7f6-8bf73b121c62\",\"t\":1791223940219}","source":"console","time":"2026-10-05T18:12:20Z"}
{"level":"info","msg":"{\"ev\":\"accepted\",\"id\":\"451836b0-bba0-455f-b5aa-93cf75a6784a\",\"t\":1791223940710}","source":"console","time":"2026-10-05T18:12:20Z"}
{"level":"info","msg":"{\"ev\":\"accepted\",\"id\":\"4bd29ea6-07b7-4a75-80b6-0b9ebab3d526\",\"t\":1791223941174}","source":"console","time":"2026-10-05T18:12:21Z"}
{"level":"info","msg":"{\"ev\":\"accepted\",\"id\":\"92213a92-8bd1-4ee2-9c97-c8180fcdc5ae\",\"t\":1791223941656}","source":"console","time":"2026-10-05T18:12:21Z"}
{"level":"info","msg":"{\"ev\":\"accepted\",\"id\":\"25851b95-4b4a-4322-b71f-c23b4fa799c2\",\"t\":1791223942129}","source":"console","time":"2026-10-05T18:12:22Z"}
{"level":"info","msg":"{\"ev\":\"accepted\",\"id\":\"d6842e39-c9ee-4e58-8e20-3c73bdebe741\",\"t\":1791223942616}","source":"console","time":"2026-10-05T18:12:22Z"}
{"level":"info","msg":"{\"ev\":\"accepted\",\"id\":\"177e3859-4287-4e87-9d39-269905199a55\",\"t\":1791223943072}","source":"console","time":"2026-10-05T18:12:23Z"}
{"level":"info","msg":"{\"ev\":\"accepted\",\"id\":\"48f5b8b2-d61a-47e2-970e-02df085346f0\",\"t\":1791223943555}","source":"console","time":"2026-10-05T18:12:23Z"}
{"level":"info","msg":"{\"ev\":\"accepted\",\"id\":\"7a439bf7-ba0b-4c84-833b-b1b65a76f0d6\",\"t\":1791223944027}","source":"console","time":"2026-10-05T18:12:24Z"}
{"level":"info","msg":"{\"ev\":\"accepted\",\"id\":\"da848e37-011c-45d7-98be-9ec5a4132842\",\"t\":1791223944513}","source":"console","time":"2026-10-05T18:12:24Z"}
{"level":"info","msg":"{\"ev\":\"accepted\",\"id\":\"efa5160d-1a99-4619-af53-4624681fa3e0\",\"t\":1791223944986}","source":"console","time":"2026-10-05T18:12:24Z"}
{"level":"info","msg":"{\"ev\":\"accepted\",\"id\":\"64b44419-0b2d-4cbf-8015-2ff08a7428a3\",\"t\":1791223945452}","source":"console","time":"2026-10-05T18:12:25Z"}
{"level":"info","msg":"{\"ev\":\"accepted\",\"id\":\"59b6939e-d530-4fdf-aa90-b3e32d9650bf\",\"t\":1791223945935}","source":"console","time":"2026-10-05T18:12:25Z"}
{"level":"info","msg":"{\"ev\":\"accepted\",\"id\":\"b64e87ac-bf7b-4e9d-a754-2cbd999fbc84\",\"t\":1791223946407}","source":"console","time":"2026-10-05T18:12:26Z"}
{"level":"info","msg":"{\"ev\":\"accepted\",\"id\":\"35289e06-51d8-41ad-8a7f-539e57e39f5c\",\"t\":1791223946868}","source":"console","time":"2026-10-05T18:12:26Z"}
{"level":"info","msg":"{\"ev\":\"accepted\",\"id\":\"68af80e8-48d8-45e9-9d45-87678f9baf51\",\"t\":1791223947329}","source":"console","time":"2026-10-05T18:12:27Z"}
{"level":"info","msg":"{\"ev\":\"accepted\",\"id\":\"78449601-d6b4-4cc5-856e-4a657cc963a1\",\"t\":1791223947763}","source":"console","time":"2026-10-05T18:12:27Z"}
{"level":"info","msg":"{\"ev\":\"accepted\",\"id\":\"3a371c68-23e1-4f18-b699-2eab12ab6beb\",\"t\":1791223948217}","source":"console","time":"2026-10-05T18:12:28Z"}
{"level":"info","msg":"{\"ev\":\"accepted\",\"id\":\"150b7e69-1d1b-4d3b-abe9-6f3df827f592\",\"t\":1791223948631}","source":"console","time":"2026-10-05T18:12:28Z"}
{"level":"info","msg":"{\"ev\":\"accepted\",\"id\":\"ff36b7da-f35e-4c72-8dfe-b7f91db79760\",\"t\":1791223949047}","source":"console","time":"2026-10-05T18:12:29Z"}
{"level":"info","msg":"{\"ev\":\"accepted\",\"id\":\"5cdec73c-7bfa-44e0-b44d-b6ff3387545b\",\"t\":1791223949468}","source":"console","time":"2026-10-05T18:12:29Z"}
{"level":"info","msg":"{\"ev\":\"accepted\",\"id\":\"1adb1208-89dc-4c06-b3c2-e81706574149\",\"t\":1791223949866}","source":"console","time":"2026-10-05T18:12:29Z"}
{"level":"info","msg":"{\"ev\":\"accepted\",\"id\":\"6baaea5b-77d8-4f75-bec6-6337e957a25e\",\"t\":1791223950274}","source":"console","time":"2026-10-05T18:12:30Z"}
{"level":"info","msg":"{\"ev\":\"accepted\",\"id\":\"607f1d9f-0edf-4366-b009-75ee6c2c110d\",\"t\":1791223950682}","source":"console","time":"2026-10-05T18:12:30Z"}
{"level":"info","msg":"{\"ev\":\"accepted\",\"id\":\"8b711c56-d4f9-4ea5-a161-d13d2485b486\",\"t\":1791223951050}","source":"console","time":"2026-10-05T18:12:31Z"}
{"level":"info","msg":"{\"ev\":\"accepted\",\"id\":\"141ab092-b812-47d2-9489-0c4f3464f7a3\",\"t\":1791223951455}","source":"console","time":"2026-10-05T18:12:31Z"}
{"level":"info","msg":"{\"ev\":\"accepted\",\"id\":\"59065630-9921-48d1-bed0-078a435cc5f4\",\"t\":1791223951823}","source":"console","time":"2026-10-05T18:12:31Z"}
{"level":"info","msg":"{\"ev\":\"accepted\",\"id\":\"b97f5826-4966-402a-81e7-cc7ad0cf1b4f\",\"t\":1791223952219}","source":"console","time":"2026-10-05T18:12:32Z"}
{"level":"info","msg":"{\"ev\":\"accepted\",\"id\":\"4b83d312-2078-475a-bd5c-f9239d20fc82\",\"t\":1791223952599}","source":"console","time":"2026-10-05T18:12:32Z"}
{"level":"info","msg":"{\"ev\":\"accepted\",\"id\":\"370bd92d-2253-4dec-a363-7d500ca30030\",\"t\":1791223952973}","source":"console","time":"2026-10-05T18:12:32Z"}
{"level":"info","msg":"{\"ev\":\"accepted\",\"id\":\"069fb2a5-e0a7-4a5f-accf-946dc5948c2b\",\"t\":1791223953364}","source":"console","time":"2026-10-05T18:12:33Z"}
{"level":"info","msg":"{\"ev\":\"accepted\",\"id\":\"6a5ea9e1-81da-4bba-a81b-b21cd54176fb\",\"t\":1791223953752}","source":"console","time":"2026-10-05T18:12:33Z"}
{"level":"info","msg":"{\"ev\":\"accepted\",\"id\":\"77dd7b2b-fcc6-4672-b0a8-bdf1858cde09\",\"t\":1791223954143}","source":"console","time":"2026-10-05T18:12:34Z"}
{"level":"info","msg":"{\"ev\":\"accepted\",\"id\":\"a0735892-9ecf-406f-8535-91d648cc4693\",\"t\":1791223954530}","source":"console","time":"2026-10-05T18:12:34Z"}
{"level":"info","msg":"{\"ev\":\"accepted\",\"id\":\"a843ddfd-bdb2-4666-85b7-2d8bc638da28\",\"t\":1791223954899}","source":"console","time":"2026-10-05T18:12:34Z"}
{"level":"info","msg":"{\"ev\":\"accepted\",\"id\":\"6d7157d9-3be2-48ba-b513-027b6157fc80\",\"t\":1791223955295}","source":"console","time":"2026-10-05T18:12:35Z"}
{"level":"info","msg":"{\"ev\":\"accepted\",\"id\":\"6069e4d0-f9c5-4639-8100-b9364282ce7b\",\"t\":1791223955681}","source":"console","time":"2026-10-05T18:12:35Z"}
{"level":"info","msg":"{\"ev\":\"accepted\",\"id\":\"55f38518-7f33-453c-b469-8d9989b0c0a1\",\"t\":1791223956063}","source":"console","time":"2026-10-05T18:12:36Z"}
{"level":"info","msg":"{\"ev\":\"accepted\",\"id\":\"f5b6326f-b51f-46fa-8f2c-3892aaf50500\",\"t\":1791223956453}","source":"console","time":"2026-10-05T18:12:36Z"}
{"level":"info","msg":"{\"ev\":\"accepted\",\"id\":\"c96eaf77-3f95-4dba-afda-aa0e56c91e74\",\"t\":1791223956825}","source":"console","time":"2026-10-05T18:12:36Z"}
{"level":"info","msg":"{\"ev\":\"accepted\",\"id\":\"241a7c47-5e86-44de-8d4b-39a08ce27f39\",\"t\":1791223957204}","source":"console","time":"2026-10-05T18:12:37Z"}
{"level":"info","msg":"{\"ev\":\"accepted\",\"id\":\"ac8a8f58-1675-491e-a048-9c37cd7998ec\",\"t\":1791223957588}","source":"console","time":"2026-10-05T18:12:37Z"}
{"level":"info","msg":"{\"ev\":\"accepted\",\"id\":\"ee7142d8-7e25-4c84-8c9e-503d80bcbfd8\",\"t\":1791223957981}","source":"console","time":"2026-10-05T18:12:37Z"}
{"level":"info","msg":"{\"ev\":\"accepted\",\"id\":\"7f8e0723-6e49-41f4-9ef7-e5b4b106838b\",\"t\":1791223958379}","source":"console","time":"2026-10-05T18:12:38Z"}
{"level":"info","msg":"{\"ev\":\"accepted\",\"id\":\"dc5c0ff8-9468-406a-b5b9-ce1b607691e9\",\"t\":1791223958743}","source":"console","time":"2026-10-05T18:12:38Z"}
{"level":"info","msg":"{\"ev\":\"accepted\",\"id\":\"95490882-b500-44b5-982b-6fec7a340834\",\"t\":1791223959147}","source":"console","time":"2026-10-05T18:12:39Z"}
{"level":"info","msg":"{\"ev\":\"accepted\",\"id\":\"c58b3401-153d-491c-9dd4-dae2362be60a\",\"t\":1791223959528}","source":"console","time":"2026-10-05T18:12:39Z"}
{"level":"info","msg":"{\"ev\":\"accepted\",\"id\":\"870c406f-d446-48b6-9a2a-66e9f0cd246e\",\"t\":1791223959908}","source":"console","time":"2026-10-05T18:12:39Z"}
{"level":"info","msg":"{\"ev\":\"accepted\",\"id\":\"74f7f237-8154-40fb-a946-797164069a0a\",\"t\":1791223960286}","source":"console","time":"2026-10-05T18:12:40Z"}
{"level":"info","msg":"{\"ev\":\"accepted\",\"id\":\"e46048c3-5c69-4749-b5cd-5260966774bb\",\"t\":1791223960685}","source":"console","time":"2026-10-05T18:12:40Z"}
{"level":"info","msg":"{\"ev\":\"accepted\",\"id\":\"e76e3f4d-bb6c-4e25-b83d-6729c10ea53e\",\"t\":1791223961054}","source":"console","time":"2026-10-05T18:12:41Z"}
{"level":"info","msg":"{\"ev\":\"accepted\",\"id\":\"0de99232-9045-46dc-8acf-b0aeb1ed0435\",\"t\":1791223961450}","source":"console","time":"2026-10-05T18:12:41Z"}
{"level":"info","msg":"{\"ev\":\"accepted\",\"id\":\"d4f5d27d-746b-4c47-8b22-a92be127afb7\",\"t\":1791223961834}","source":"console","time":"2026-10-05T18:12:41Z"}
{"level":"info","msg":"{\"ev\":\"accepted\",\"id\":\"f8731f75-aabf-4c11-8b17-ef6936dae0f1\",\"t\":1791223962216}","source":"console","time":"2026-10-05T18:12:42Z"}
{"level":"info","msg":"{\"ev\":\"accepted\",\"id\":\"6cb34f32-be40-4998-97e2-531021cfb06f\",\"t\":1791223962597}","source":"console","time":"2026-10-05T18:12:42Z"}
{"level":"info","msg":"{\"ev\":\"accepted\",\"id\":\"42f4bfca-4eec-4ade-b40f-7aef217dbef4\",\"t\":1791223962988}","source":"console","time":"2026-10-05T18:12:42Z"}
{"level":"info","msg":"{\"ev\":\"accepted\",\"id\":\"18330c5b-6c2f-4794-a3cc-a8567cf58661\",\"t\":1791223963363}","source":"console","time":"2026-10-05T18:12:43Z"}
{"level":"info","msg":"{\"ev\":\"accepted\",\"id\":\"ef096e8f-c23e-4a35-a26b-14d0b1d160c5\",\"t\":1791223963757}","source":"console","time":"2026-10-05T18:12:43Z"}
{"level":"info","msg":"{\"ev\":\"accepted\",\"id\":\"3e0e78f7-f076-468e-bd57-7d9046c36c3f\",\"t\":1791223964144}","source":"console","time":"2026-10-05T18:12:44Z"}
{"level":"info","msg":"{\"ev\":\"accepted\",\"id\":\"1655b805-f90d-43a4-9192-f78bb5500338\",\"t\":1791223964532}","source":"console","time":"2026-10-05T18:12:44Z"}
{"level":"info","msg":"{\"ev\":\"accepted\",\"id\":\"21ce49b7-211e-49b2-ac92-86114b54ee90\",\"t\":1791223964935}","source":"console","time":"2026-10-05T18:12:44Z"}
{"level":"info","msg":"{\"ev\":\"accepted\",\"id\":\"c78ae35b-2076-4185-9123-4ea4570a33b2\",\"t\":1791223965289}","source":"console","time":"2026-10-05T18:12:45Z"}
{"level":"info","msg":"{\"ev\":\"accepted\",\"id\":\"a225f7b9-1118-4b45-8fae-34910e8b1d82\",\"t\":1791223965678}","source":"console","time":"2026-10-05T18:12:45Z"}
{"level":"info","msg":"{\"ev\":\"accepted\",\"id\":\"c37ca861-0670-455c-95a3-488165cd110a\",\"t\":1791223966076}","source":"console","time":"2026-10-05T18:12:46Z"}
{"level":"info","msg":"{\"ev\":\"accepted\",\"id\":\"47fbdbc9-f965-4711-82b3-788f70ad2611\",\"t\":1791223966444}","source":"console","time":"2026-10-05T18:12:46Z"}
{"level":"info","msg":"{\"ev\":\"accepted\",\"id\":\"2889f416-381e-489c-bcb9-c657268126d6\",\"t\":1791223966830}","source":"console","time":"2026-10-05T18:12:46Z"}
{"level":"info","msg":"{\"ev\":\"accepted\",\"id\":\"643dc05f-57ae-49be-83d2-c3ecf495c12f\",\"t\":1791223967216}","source":"console","time":"2026-10-05T18:12:47Z"}
{"level":"info","msg":"{\"ev\":\"accepted\",\"id\":\"69ff3c7f-1a05-43b2-8dc8-d451358ff34d\",\"t\":1791223967609}","source":"console","time":"2026-10-05T18:12:47Z"}
{"level":"info","msg":"{\"ev\":\"accepted\",\"id\":\"25c3cf8e-a081-41ba-a6bc-40c5a284da86\",\"t\":1791223967977}","source":"console","time":"2026-10-05T18:12:47Z"}
{"level":"info","msg":"{\"ev\":\"accepted\",\"id\":\"7b8881e9-eabc-4478-8b61-c556e0301819\",\"t\":1791223968372}","source":"console","time":"2026-10-05T18:12:48Z"}
{"level":"info","msg":"{\"ev\":\"accepted\",\"id\":\"c27cf26c-aade-40a1-b31d-619801b55ce8\",\"t\":1791223968751}","source":"console","time":"2026-10-05T18:12:48Z"}
{"level":"info","msg":"{\"ev\":\"accepted\",\"id\":\"adbc3e55-4463-4c89-a564-a530bae95445\",\"t\":1791223969146}","source":"console","time":"2026-10-05T18:12:49Z"}
{"level":"info","msg":"{\"ev\":\"accepted\",\"id\":\"86606aef-5a65-4472-bf01-0c56a5aa91b7\",\"t\":1791223969521}","source":"console","time":"2026-10-05T18:12:49Z"}
{"level":"info","msg":"{\"ev\":\"accepted\",\"id\":\"60748360-43a7-4ae5-b8aa-900fe4b0db5e\",\"t\":1791223969896}","source":"console","time":"2026-10-05T18:12:49Z"}
{"level":"info","msg":"{\"ev\":\"accepted\",\"id\":\"259519d5-ea0c-4484-9649-33a9f566e2df\",\"t\":1791223970279}","source":"console","time":"2026-10-05T18:12:50Z"}
{"level":"info","msg":"{\"ev\":\"accepted\",\"id\":\"bfff465e-e3b7-4684-856a-fe5a8390a399\",\"t\":1791223970678}","source":"console","time":"2026-10-05T18:12:50Z"}
{"level":"info","msg":"{\"ev\":\"accepted\",\"id\":\"974f2718-dbfe-46c9-bc77-83947232bd01\",\"t\":1791223971056}","source":"console","time":"2026-10-05T18:12:51Z"}
{"level":"info","msg":"{\"ev\":\"accepted\",\"id\":\"63f20be1-a147-4f13-96dd-8585d41b4aac\",\"t\":1791223971449}","source":"console","time":"2026-10-05T18:12:51Z"}
{"level":"info","msg":"{\"ev\":\"accepted\",\"id\":\"7e75dc60-dbc6-461c-bbe1-a92830421191\",\"t\":1791223971838}","source":"console","time":"2026-10-05T18:12:51Z"}
{"level":"info","msg":"{\"ev\":\"accepted\",\"id\":\"317c7e21-658c-4e84-8b83-580085f5f8de\",\"t\":1791223972215}","source":"console","time":"2026-10-05T18:12:52Z"}
{"level":"info","msg":"{\"ev\":\"accepted\",\"id\":\"58137055-2fed-4f4f-ad2b-583822608b81\",\"t\":1791223972598}","source":"console","time":"2026-10-05T18:12:52Z"}
{"level":"info","msg":"{\"ev\":\"accepted\",\"id\":\"658d4388-6cde-4c75-b3f6-7c6810ca8dcd\",\"t\":1791223972985}","source":"console","time":"2026-10-05T18:12:52Z"}
{"level":"info","msg":"{\"ev\":\"accepted\",\"id\":\"d2b5ea50-b482-43db-a7f6-dd8fafe94518\",\"t\":1791223973374}","source":"console","time":"2026-10-05T18:12:53Z"}
{"level":"info","msg":"{\"ev\":\"accepted\",\"id\":\"02fa20a6-8759-419c-9b84-a54566c1cbea\",\"t\":1791223973772}","source":"console","time":"2026-10-05T18:12:53Z"}
{"level":"info","msg":"{\"ev\":\"accepted\",\"id\":\"ed6b6911-7c92-4aff-b5d6-ac0aac5dcf88\",\"t\":1791223974156}","source":"console","time":"2026-10-05T18:12:54Z"}
{"level":"info","msg":"{\"ev\":\"accepted\",\"id\":\"2217a0ef-fd6f-4bfc-a142-5a713f1721c7\",\"t\":1791223974534}","source":"console","time":"2026-10-05T18:12:54Z"}
{"level":"info","msg":"{\"ev\":\"accepted\",\"id\":\"a4d0f453-9f5a-4c9e-a5f5-a2206b026be5\",\"t\":1791223974912}","source":"console","time":"2026-10-05T18:12:54Z"}
{"level":"info","msg":"{\"ev\":\"accepted\",\"id\":\"2d6ebceb-e560-4278-87b2-37e15c76cc25\",\"t\":1791223975284}","source":"console","time":"2026-10-05T18:12:55Z"}
{"level":"info","msg":"{\"ev\":\"accepted\",\"id\":\"f74d3973-c698-4a88-a5da-509cc65d908d\",\"t\":1791223975680}","source":"console","time":"2026-10-05T18:12:55Z"}
{"level":"info","msg":"{\"ev\":\"accepted\",\"id\":\"2b98373d-816f-42f2-95ca-b2da75debf88\",\"t\":1791223976070}","source":"console","time":"2026-10-05T18:12:56Z"}
{"level":"info","msg":"{\"ev\":\"accepted\",\"id\":\"dc82e498-57fa-4253-8b4f-344fba63d473\",\"t\":1791223976441}","source":"console","time":"2026-10-05T18:12:56Z"}
{"level":"info","msg":"{\"ev\":\"accepted\",\"id\":\"8370d61a-f41b-4ef1-8bf3-d59da764a45f\",\"t\":1791223976831}","source":"console","time":"2026-10-05T18:12:56Z"}
{"level":"info","msg":"{\"ev\":\"accepted\",\"id\":\"7acb6b36-227a-4511-af95-df36b8c98ca9\",\"t\":1791223977214}","source":"console","time":"2026-10-05T18:12:57Z"}
{"level":"info","msg":"{\"ev\":\"accepted\",\"id\":\"57f2dd65-1cb4-4557-ba0e-f2a39f80c666\",\"t\":1791223977595}","source":"console","time":"2026-10-05T18:12:57Z"}
{"level":"info","msg":"{\"ev\":\"accepted\",\"id\":\"ebae126d-b241-4b01-bd36-fe9c985049b7\",\"t\":1791223977989}","source":"console","time":"2026-10-05T18:12:57Z"}
{"level":"info","msg":"{\"ev\":\"accepted\",\"id\":\"105d8ed6-078d-4800-b6bb-908ccc02d54a\",\"t\":1791223978366}","source":"console","time":"2026-10-05T18:12:58Z"}
{"level":"info","msg":"{\"ev\":\"accepted\",\"id\":\"84d0eff0-3601-4b2b-9abd-e4f21bd41704\",\"t\":1791223978754}","source":"console","time":"2026-10-05T18:12:58Z"}
{"level":"info","msg":"{\"ev\":\"accepted\",\"id\":\"04468e2c-d1f8-4f69-9810-e3760ac4e84a\",\"t\":1791223979145}","source":"console","time":"2026-10-05T18:12:59Z"}
{"level":"info","msg":"{\"ev\":\"accepted\",\"id\":\"b07739d4-905e-4b2a-8557-8ae727001a34\",\"t\":1791223979519}","source":"console","time":"2026-10-05T18:12:59Z"}
{"level":"info","msg":"{\"ev\":\"accepted\",\"id\":\"1dd3ca1e-26b5-4b62-b244-d389d10939bf\",\"t\":1791223979939}","source":"console","time":"2026-10-05T18:12:59Z"}
{"level":"info","msg":"{\"ev\":\"accepted\",\"id\":\"a19ebcfb-60f9-4285-b9d9-dce70ff4fcc0\",\"t\":1791223980296}","source":"console","time":"2026-10-05T18:13:00Z"}
{"level":"info","msg":"{\"ev\":\"accepted\",\"id\":\"731bfedd-9d8c-4a6b-a9b7-4ab2458058b3\",\"t\":1791223980702}","source":"console","time":"2026-10-05T18:13:00Z"}
{"level":"info","msg":"{\"ev\":\"accepted\",\"id\":\"20b08431-6257-4b8c-96df-f5a0af623ee1\",\"t\":1791223981067}","source":"console","time":"2026-10-05T18:13:01Z"}
{"level":"info","msg":"{\"ev\":\"accepted\",\"id\":\"bac502fd-2821-4436-b4b2-63e577d430fb\",\"t\":1791223981446}","source":"console","time":"2026-10-05T18:13:01Z"}
{"level":"info","msg":"{\"ev\":\"accepted\",\"id\":\"1e653e86-f060-49ff-9889-8da6a7f10aea\",\"t\":1791223981831}","source":"console","time":"2026-10-05T18:13:01Z"}
{"level":"info","msg":"{\"ev\":\"accepted\",\"id\":\"6cdd5de7-e385-4b8d-b108-b76d3b6ad764\",\"t\":1791223982221}","source":"console","time":"2026-10-05T18:13:02Z"}
{"level":"info","msg":"{\"ev\":\"accepted\",\"id\":\"d0be5d02-390e-4895-92b6-1c1afc7a5f3e\",\"t\":1791223982596}","source":"console","time":"2026-10-05T18:13:02Z"}
{"level":"info","msg":"{\"ev\":\"accepted\",\"id\":\"ccc11a68-9a42-467a-8564-00ee78c7602b\",\"t\":1791223982979}","source":"console","time":"2026-10-05T18:13:02Z"}
{"level":"info","msg":"{\"ev\":\"accepted\",\"id\":\"5157822b-7e98-4831-b378-629fbe1c0ada\",\"t\":1791223983371}","source":"console","time":"2026-10-05T18:13:03Z"}
{"level":"info","msg":"{\"ev\":\"accepted\",\"id\":\"abee44c0-a43f-489e-a8cb-bbec2bf08240\",\"t\":1791223983758}","source":"console","time":"2026-10-05T18:13:03Z"}
{"level":"info","msg":"{\"ev\":\"accepted\",\"id\":\"95fa3f45-ec68-4937-bd6c-9b740774cd3b\",\"t\":1791223984151}","source":"console","time":"2026-10-05T18:13:04Z"}
{"level":"info","msg":"{\"ev\":\"accepted\",\"id\":\"945aec56-7a9a-4da6-9566-487b2cf46ed7\",\"t\":1791223984524}","source":"console","time":"2026-10-05T18:13:04Z"}
{"level":"info","msg":"{\"ev\":\"accepted\",\"id\":\"f0217f05-1e10-473a-955b-fe4692a6fa67\",\"t\":1791223984909}","source":"console","time":"2026-10-05T18:13:04Z"}
{"level":"info","msg":"{\"ev\":\"accepted\",\"id\":\"e970cd17-b6e1-439c-a691-35bfa5c1dec1\",\"t\":1791223985290}","source":"console","time":"2026-10-05T18:13:05Z"}
{"level":"info","msg":"{\"ev\":\"accepted\",\"id\":\"6a0f8e5b-b4af-44f9-9d3a-8edffecb4e17\",\"t\":1791223985688}","source":"console","time":"2026-10-05T18:13:05Z"}
{"level":"info","msg":"{\"ev\":\"accepted\",\"id\":\"a17a03ca-09f6-4de9-9d73-768924ec148d\",\"t\":1791223986064}","source":"console","time":"2026-10-05T18:13:06Z"}
{"level":"info","msg":"{\"ev\":\"accepted\",\"id\":\"898e86a2-29c0-4278-950d-571e569bd3cf\",\"t\":1791223986462}","source":"console","time":"2026-10-05T18:13:06Z"}
{"level":"info","msg":"{\"ev\":\"accepted\",\"id\":\"c2a1c294-6a6f-4863-b6d2-b2169b6f80de\",\"t\":1791223986824}","source":"console","time":"2026-10-05T18:13:06Z"}
{"level":"info","msg":"{\"ev\":\"accepted\",\"id\":\"dfc2a6d2-7157-4b7c-afa6-e7583a15c794\",\"t\":1791223987227}","source":"console","time":"2026-10-05T18:13:07Z"}
{"level":"info","msg":"{\"ev\":\"accepted\",\"id\":\"a6f49640-ee41-4c2d-ad5f-0745e3dcd6bd\",\"t\":1791223987598}","source":"console","time":"2026-10-05T18:13:07Z"}
{"level":"info","msg":"{\"ev\":\"accepted\",\"id\":\"6231e792-84fd-44c5-b665-fb45ff76138b\",\"t\":1791223987976}","source":"console","time":"2026-10-05T18:13:07Z"}
{"level":"info","msg":"{\"ev\":\"accepted\",\"id\":\"c2aeab89-8f60-4085-a487-fbbac307f806\",\"t\":1791223988368}","source":"console","time":"2026-10-05T18:13:08Z"}
{"level":"info","msg":"{\"ev\":\"accepted\",\"id\":\"022d4554-396c-4607-ab28-976188292a11\",\"t\":1791223988754}","source":"console","time":"2026-10-05T18:13:08Z"}
{"level":"info","msg":"{\"ev\":\"accepted\",\"id\":\"b2784b2e-eae6-4c56-9ba5-88faf6fa9af3\",\"t\":1791223989134}","source":"console","time":"2026-10-05T18:13:09Z"}
{"level":"info","msg":"{\"ev\":\"accepted\",\"id\":\"b4539111-e8ca-434a-9c99-8a182a1983b1\",\"t\":1791223989524}","source":"console","time":"2026-10-05T18:13:09Z"}
{"level":"info","msg":"{\"ev\":\"accepted\",\"id\":\"696cc512-45cb-4924-9ee9-368ab5bcd6e6\",\"t\":1791223989907}","source":"console","time":"2026-10-05T18:13:09Z"}
{"level":"info","msg":"{\"ev\":\"accepted\",\"id\":\"49e2698c-0919-4793-a4ba-7302d413725e\",\"t\":1791223990288}","source":"console","time":"2026-10-05T18:13:10Z"}
{"level":"info","msg":"{\"ev\":\"accepted\",\"id\":\"e28eacaa-ba4f-4092-bf27-831d0dde2cd2\",\"t\":1791223990689}","source":"console","time":"2026-10-05T18:13:10Z"}
{"level":"info","msg":"{\"ev\":\"accepted\",\"id\":\"68830d58-e083-4a33-826b-1fac83f6df41\",\"t\":1791223991061}","source":"console","time":"2026-10-05T18:13:11Z"}
{"level":"info","msg":"{\"ev\":\"accepted\",\"id\":\"46b2a2ab-4603-401b-8da0-17cc09819c48\",\"t\":1791223991444}","source":"console","time":"2026-10-05T18:13:11Z"}
{"level":"info","msg":"{\"ev\":\"accepted\",\"id\":\"709ec241-273c-4b12-812f-5775ef78c025\",\"t\":1791223991830}","source":"console","time":"2026-10-05T18:13:11Z"}
{"level":"info","msg":"{\"ev\":\"accepted\",\"id\":\"520aef03-e98c-4b5f-bb3e-45860dd62e1f\",\"t\":1791223992212}","source":"console","time":"2026-10-05T18:13:12Z"}
{"level":"info","msg":"{\"ev\":\"accepted\",\"id\":\"012bab87-2460-4bf9-aebf-9db365222880\",\"t\":1791223992594}","source":"console","time":"2026-10-05T18:13:12Z"}
{"level":"info","msg":"{\"ev\":\"accepted\",\"id\":\"f97ec533-f487-412b-beaf-8e800d83d287\",\"t\":1791223992991}","source":"console","time":"2026-10-05T18:13:12Z"}
{"level":"info","msg":"{\"ev\":\"accepted\",\"id\":\"ec941919-1eda-4b27-a973-89e445aafcb3\",\"t\":1791223993368}","source":"console","time":"2026-10-05T18:13:13Z"}
{"level":"info","msg":"{\"ev\":\"accepted\",\"id\":\"5314b3de-bcd8-4a49-b6a2-93b68d78a303\",\"t\":1791223993749}","source":"console","time":"2026-10-05T18:13:13Z"}
{"level":"info","msg":"{\"ev\":\"accepted\",\"id\":\"5b65c0a7-048e-4fae-ab8e-af5649279834\",\"t\":1791223994144}","source":"console","time":"2026-10-05T18:13:14Z"}
{"level":"info","msg":"{\"ev\":\"accepted\",\"id\":\"8a5918ff-d7de-47b4-b7d7-b11cec2bb079\",\"t\":1791223994515}","source":"console","time":"2026-10-05T18:13:14Z"}
{"level":"info","msg":"{\"ev\":\"accepted\",\"id\":\"3cc1ae4c-c86e-4986-83c2-b369c1c282f7\",\"t\":1791223994900}","source":"console","time":"2026-10-05T18:13:14Z"}
{"level":"info","msg":"{\"ev\":\"accepted\",\"id\":\"6160054f-a69f-419a-984c-9a2ab872ec7c\",\"t\":1791223995281}","source":"console","time":"2026-10-05T18:13:15Z"}
{"level":"info","msg":"{\"ev\":\"accepted\",\"id\":\"4fb1e099-c6a2-42a9-977e-ae010a96679e\",\"t\":1791223995683}","source":"console","time":"2026-10-05T18:13:15Z"}
{"level":"info","msg":"{\"ev\":\"accepted\",\"id\":\"2f234eb5-9624-4dbc-ab3d-6359b070e342\",\"t\":1791223996068}","source":"console","time":"2026-10-05T18:13:16Z"}
{"level":"info","msg":"{\"ev\":\"accepted\",\"id\":\"5d88b8e9-ad1e-41af-82f2-84f6b0256e19\",\"t\":1791223996452}","source":"console","time":"2026-10-05T18:13:16Z"}
{"level":"info","msg":"{\"ev\":\"accepted\",\"id\":\"052d2010-515a-4db5-bc9e-d67fcf1537ea\",\"t\":1791223996828}","source":"console","time":"2026-10-05T18:13:16Z"}
{"level":"info","msg":"{\"ev\":\"accepted\",\"id\":\"f47a3dcd-66c2-4e29-9955-9ea81eca9628\",\"t\":1791223997222}","source":"console","time":"2026-10-05T18:13:17Z"}
{"level":"info","msg":"{\"ev\":\"accepted\",\"id\":\"07a72ac1-2d72-481e-ab51-322b103d5c94\",\"t\":1791223997604}","source":"console","time":"2026-10-05T18:13:17Z"}
{"level":"info","msg":"{\"ev\":\"accepted\",\"id\":\"2e134dda-7252-4043-8c1e-b8e193112408\",\"t\":1791223997994}","source":"console","time":"2026-10-05T18:13:17Z"}
{"level":"info","msg":"{\"ev\":\"accepted\",\"id\":\"c253f58f-7e5c-4787-9fb7-687837bf63fb\",\"t\":1791223998375}","source":"console","time":"2026-10-05T18:13:18Z"}
{"level":"info","msg":"{\"ev\":\"accepted\",\"id\":\"c14c155d-7af4-4e8d-8e0d-360c800f97fe\",\"t\":1791223998755}","source":"console","time":"2026-10-05T18:13:18Z"}
{"level":"info","msg":"{\"ev\":\"accepted\",\"id\":\"eccb9270-12e6-4677-8d81-07664e025867\",\"t\":1791223999149}","source":"console","time":"2026-10-05T18:13:19Z"}
{"level":"info","msg":"{\"ev\":\"accepted\",\"id\":\"8f8bd433-fcff-4b83-b6e5-58af3ad94c18\",\"t\":1791223999521}","source":"console","time":"2026-10-05T18:13:19Z"}
{"level":"info","msg":"{\"ev\":\"accepted\",\"id\":\"c5af535e-a3c9-4b65-aa82-22f9ea1b70f0\",\"t\":1791223999905}","source":"console","time":"2026-10-05T18:13:19Z"}
{"level":"info","msg":"{\"ev\":\"accepted\",\"id\":\"eeac92d8-f8e3-49ac-9c48-8bdbf5d4e649\",\"t\":1791224000293}","source":"console","time":"2026-10-05T18:13:20Z"}
{"level":"info","msg":"{\"ev\":\"accepted\",\"id\":\"aefd0ea7-efc2-485d-abab-e108dd364f67\",\"t\":1791224000712}","source":"console","time":"2026-10-05T18:13:20Z"}
{"level":"info","msg":"{\"ev\":\"accepted\",\"id\":\"96c10c63-a1d2-434a-a83b-50112e08c807\",\"t\":1791224001067}","source":"console","time":"2026-10-05T18:13:21Z"}
{"level":"info","msg":"{\"ev\":\"accepted\",\"id\":\"d5e014cf-3664-4c55-84af-db7a23192d72\",\"t\":1791224001453}","source":"console","time":"2026-10-05T18:13:21Z"}
{"level":"info","msg":"{\"ev\":\"accepted\",\"id\":\"2477969a-6a45-4b4c-adf2-caf56c1f3495\",\"t\":1791224001844}","source":"console","time":"2026-10-05T18:13:21Z"}
{"level":"info","msg":"{\"ev\":\"accepted\",\"id\":\"3ed723c7-d378-45a7-8078-713cd42bee2a\",\"t\":1791224002214}","source":"console","time":"2026-10-05T18:13:22Z"}
{"level":"info","msg":"{\"ev\":\"accepted\",\"id\":\"70d1e57b-ef50-450f-bcf8-9db10e362679\",\"t\":1791224002597}","source":"console","time":"2026-10-05T18:13:22Z"}
{"level":"info","msg":"{\"ev\":\"accepted\",\"id\":\"78961853-dc37-4efb-9d49-8e2637ade4d2\",\"t\":1791224002995}","source":"console","time":"2026-10-05T18:13:22Z"}
{"level":"info","msg":"{\"ev\":\"accepted\",\"id\":\"15b2806f-d461-4f04-9cde-06a6c414324a\",\"t\":1791224003368}","source":"console","time":"2026-10-05T18:13:23Z"}
{"level":"info","msg":"{\"ev\":\"accepted\",\"id\":\"5e2015e3-7c44-4104-8db9-111597a576f7\",\"t\":1791224003755}","source":"console","time":"2026-10-05T18:13:23Z"}
{"level":"info","msg":"{\"ev\":\"accepted\",\"id\":\"963df256-5769-4d51-a63b-23f0aadc6800\",\"t\":1791224004138}","source":"console","time":"2026-10-05T18:13:24Z"}
{"level":"info","msg":"{\"ev\":\"accepted\",\"id\":\"41b2e768-a8f2-45e2-949e-263771bc5790\",\"t\":1791224004524}","source":"console","time":"2026-10-05T18:13:24Z"}
{"level":"info","msg":"{\"ev\":\"accepted\",\"id\":\"3812624e-0795-4054-9175-d8cccd4a087b\",\"t\":1791224004906}","source":"console","time":"2026-10-05T18:13:24Z"}
{"level":"info","msg":"{\"ev\":\"accepted\",\"id\":\"84541de5-075d-4db6-81d4-60674dd2f310\",\"t\":1791224005287}","source":"console","time":"2026-10-05T18:13:25Z"}
{"level":"info","msg":"{\"ev\":\"accepted\",\"id\":\"5242cf65-c477-4cb8-a72d-248ad8175808\",\"t\":1791224005671}","source":"console","time":"2026-10-05T18:13:25Z"}
{"level":"info","msg":"{\"ev\":\"accepted\",\"id\":\"6a4bcdb0-7c01-47aa-8fd9-b38b438822ca\",\"t\":1791224006070}","source":"console","time":"2026-10-05T18:13:26Z"}
{"level":"info","msg":"{\"ev\":\"accepted\",\"id\":\"68bdf37b-01a9-403b-9d4c-c3956d262967\",\"t\":1791224006442}","source":"console","time":"2026-10-05T18:13:26Z"}
{"level":"info","msg":"{\"ev\":\"accepted\",\"id\":\"264ba449-bd12-44c8-9835-67a7bbe7260d\",\"t\":1791224006836}","source":"console","time":"2026-10-05T18:13:26Z"}
{"level":"info","msg":"{\"ev\":\"accepted\",\"id\":\"bb10bd7f-1f8f-4261-96b0-a5d8cff77f54\",\"t\":1791224007214}","source":"console","time":"2026-10-05T18:13:27Z"}
{"level":"info","msg":"{\"ev\":\"accepted\",\"id\":\"fe79c0c5-56d5-4a57-851b-be3ed73ee725\",\"t\":1791224007608}","source":"console","time":"2026-10-05T18:13:27Z"}
{"level":"info","msg":"{\"ev\":\"accepted\",\"id\":\"09fb0774-cd95-44f7-997d-5d4317aa0ce8\",\"t\":1791224007985}","source":"console","time":"2026-10-05T18:13:27Z"}
{"level":"info","msg":"{\"ev\":\"accepted\",\"id\":\"30bfd22e-d40e-4f9c-a094-d05003a3b28b\",\"t\":1791224008378}","source":"console","time":"2026-10-05T18:13:28Z"}
{"level":"info","msg":"{\"ev\":\"accepted\",\"id\":\"cdc03287-f96f-402a-b558-f512933185f0\",\"t\":1791224008760}","source":"console","time":"2026-10-05T18:13:28Z"}
{"level":"info","msg":"{\"ev\":\"accepted\",\"id\":\"840ecf42-4592-44e8-b9dc-5eee8a9c0bb3\",\"t\":1791224009146}","source":"console","time":"2026-10-05T18:13:29Z"}
{"level":"info","msg":"{\"ev\":\"accepted\",\"id\":\"1c386450-e144-4ad6-b481-290f244a4bf9\",\"t\":1791224009523}","source":"console","time":"2026-10-05T18:13:29Z"}
{"level":"info","msg":"{\"ev\":\"accepted\",\"id\":\"d3ef9c5e-ecb3-44ce-baa2-1ff4996275ba\",\"t\":1791224009908}","source":"console","time":"2026-10-05T18:13:29Z"}
{"level":"info","msg":"{\"ev\":\"accepted\",\"id\":\"80577b6e-55ea-4841-8d3c-902cbc34dd37\",\"t\":1791224010294}","source":"console","time":"2026-10-05T18:13:30Z"}
{"level":"info","msg":"{\"ev\":\"accepted\",\"id\":\"18ef2c71-b85d-4871-912a-a1c6ebec314c\",\"t\":1791224010678}","source":"console","time":"2026-10-05T18:13:30Z"}
{"level":"info","msg":"{\"ev\":\"accepted\",\"id\":\"af6a5184-4c17-4e23-820e-d4078fada46a\",\"t\":1791224011058}","source":"console","time":"2026-10-05T18:13:31Z"}
{"level":"info","msg":"{\"ev\":\"accepted\",\"id\":\"5f12d6a5-aebb-4976-bb46-7efad9bea392\",\"t\":1791224011442}","source":"console","time":"2026-10-05T18:13:31Z"}
{"level":"info","msg":"{\"ev\":\"accepted\",\"id\":\"28009af1-a968-4edb-99af-efed097be6db\",\"t\":1791224011831}","source":"console","time":"2026-10-05T18:13:31Z"}
{"level":"info","msg":"{\"ev\":\"accepted\",\"id\":\"d95ca2a9-a1c8-4053-bb84-64692500b596\",\"t\":1791224012212}","source":"console","time":"2026-10-05T18:13:32Z"}
{"level":"info","msg":"{\"ev\":\"accepted\",\"id\":\"5009f895-e312-4877-9fc6-f429fa10c226\",\"t\":1791224012604}","source":"console","time":"2026-10-05T18:13:32Z"}
{"level":"info","msg":"{\"ev\":\"accepted\",\"id\":\"6ae809d8-ffc4-4170-9507-1584adfe4584\",\"t\":1791224012992}","source":"console","time":"2026-10-05T18:13:32Z"}
{"level":"info","msg":"{\"ev\":\"accepted\",\"id\":\"2e023ef0-6b47-4d16-a0e8-992eae70f9c3\",\"t\":1791224013377}","source":"console","time":"2026-10-05T18:13:33Z"}
{"level":"info","msg":"{\"ev\":\"accepted\",\"id\":\"bad7f42b-f7f8-4f63-9394-c203b2a67a05\",\"t\":1791224013750}","source":"console","time":"2026-10-05T18:13:33Z"}
{"level":"info","msg":"{\"ev\":\"accepted\",\"id\":\"a7028090-05bc-4a1f-89f3-657a29aa4baf\",\"t\":1791224014138}","source":"console","time":"2026-10-05T18:13:34Z"}
{"level":"info","msg":"{\"ev\":\"accepted\",\"id\":\"00aa318e-d799-4c0b-99a4-41b96d8d9757\",\"t\":1791224014524}","source":"console","time":"2026-10-05T18:13:34Z"}
{"level":"info","msg":"{\"ev\":\"accepted\",\"id\":\"6265ebaf-6ad6-45aa-b6bf-e260836ca68d\",\"t\":1791224014903}","source":"console","time":"2026-10-05T18:13:34Z"}
{"level":"info","msg":"{\"ev\":\"accepted\",\"id\":\"63720bd6-e6ca-46c9-b3b9-1d9d2e153c3c\",\"t\":1791224015293}","source":"console","time":"2026-10-05T18:13:35Z"}
{"level":"info","msg":"{\"ev\":\"accepted\",\"id\":\"d96c3e21-f03e-4624-ba94-3ef7986fcb02\",\"t\":1791224015674}","source":"console","time":"2026-10-05T18:13:35Z"}
{"level":"info","msg":"{\"ev\":\"accepted\",\"id\":\"bc6f941a-cc17-47ac-a3f7-0f9c01bab030\",\"t\":1791224016054}","source":"console","time":"2026-10-05T18:13:36Z"}
{"level":"info","msg":"{\"ev\":\"accepted\",\"id\":\"2379f51a-f66b-490e-92c5-29219de04e03\",\"t\":1791224016434}","source":"console","time":"2026-10-05T18:13:36Z"}
{"level":"info","msg":"{\"ev\":\"accepted\",\"id\":\"6053576e-e7f3-400c-b75f-ab298b164f30\",\"t\":1791224016857}","source":"console","time":"2026-10-05T18:13:36Z"}
{"level":"info","msg":"{\"ev\":\"accepted\",\"id\":\"6d1e3c35-d83d-41de-8e8b-0a4247948a68\",\"t\":1791224017223}","source":"console","time":"2026-10-05T18:13:37Z"}
{"level":"info","msg":"{\"ev\":\"accepted\",\"id\":\"65b1d1a3-6821-46d0-96e5-ab1e0f7feb90\",\"t\":1791224017593}","source":"console","time":"2026-10-05T18:13:37Z"}
{"level":"info","msg":"{\"ev\":\"accepted\",\"id\":\"7aa79ce8-279b-43a5-9b02-be3a613717b8\",\"t\":1791224017982}","source":"console","time":"2026-10-05T18:13:37Z"}
{"level":"info","msg":"{\"ev\":\"accepted\",\"id\":\"8180f4ef-5ac4-4914-ad16-017680af9475\",\"t\":1791224018371}","source":"console","time":"2026-10-05T18:13:38Z"}
{"level":"info","msg":"{\"ev\":\"accepted\",\"id\":\"c3337c8c-4a07-46ca-a1ca-ffd43995b3e6\",\"t\":1791224018754}","source":"console","time":"2026-10-05T18:13:38Z"}
{"level":"info","msg":"{\"ev\":\"accepted\",\"id\":\"0b0790e9-ab81-4a48-8524-f66af4766133\",\"t\":1791224019132}","source":"console","time":"2026-10-05T18:13:39Z"}
{"level":"info","msg":"{\"ev\":\"accepted\",\"id\":\"21a04d71-ef54-49c0-93fe-930b98b959b7\",\"t\":1791224019523}","source":"console","time":"2026-10-05T18:13:39Z"}
{"level":"info","msg":"{\"ev\":\"accepted\",\"id\":\"0b3cfef1-ccf7-4645-ba53-aa12b0a958d2\",\"t\":1791224019914}","source":"console","time":"2026-10-05T18:13:39Z"}
{"level":"info","msg":"{\"ev\":\"accepted\",\"id\":\"bb560f1f-5762-4d99-9b59-69532b936776\",\"t\":1791224020287}","source":"console","time":"2026-10-05T18:13:40Z"}
{"level":"info","msg":"{\"ev\":\"accepted\",\"id\":\"881e13bd-514c-4ed2-9025-808d1629e3f2\",\"t\":1791224020671}","source":"console","time":"2026-10-05T18:13:40Z"}
{"level":"info","msg":"{\"ev\":\"accepted\",\"id\":\"ef688c42-27f3-4df6-99ee-1c5fd22d67e2\",\"t\":1791224021063}","source":"console","time":"2026-10-05T18:13:41Z"}
{"level":"info","msg":"{\"ev\":\"accepted\",\"id\":\"85501b4f-5ef3-45d1-9ac8-d3fa7214c727\",\"t\":1791224021442}","source":"console","time":"2026-10-05T18:13:41Z"}
{"level":"info","msg":"{\"ev\":\"accepted\",\"id\":\"a5aa7c13-1a6f-4ee8-b0bf-73c71763ff9a\",\"t\":1791224021821}","source":"console","time":"2026-10-05T18:13:41Z"}
{"level":"info","msg":"{\"ev\":\"accepted\",\"id\":\"2071f516-60a3-4c6f-b67a-5f942153703c\",\"t\":1791224022215}","source":"console","time":"2026-10-05T18:13:42Z"}
{"level":"info","msg":"{\"ev\":\"accepted\",\"id\":\"a960a1df-f024-4205-89c1-50a18731e7a2\",\"t\":1791224022596}","source":"console","time":"2026-10-05T18:13:42Z"}
{"level":"info","msg":"{\"ev\":\"accepted\",\"id\":\"bffcba58-1c4e-48dc-b9d1-36d928f39b0a\",\"t\":1791224022980}","source":"console","time":"2026-10-05T18:13:42Z"}
{"level":"info","msg":"{\"ev\":\"accepted\",\"id\":\"e79f9ec1-5950-45c0-80f8-38e25bf9f6fa\",\"t\":1791224023378}","source":"console","time":"2026-10-05T18:13:43Z"}
{"level":"info","msg":"{\"ev\":\"accepted\",\"id\":\"f5df1d42-f982-4e06-b8d6-bcc424f2bb96\",\"t\":1791224023756}","source":"console","time":"2026-10-05T18:13:43Z"}
{"level":"info","msg":"{\"ev\":\"accepted\",\"id\":\"ba7decd1-801a-483b-b3ea-208d2f878c2a\",\"t\":1791224024146}","source":"console","time":"2026-10-05T18:13:44Z"}
{"level":"info","msg":"{\"ev\":\"accepted\",\"id\":\"b14c2ea2-407a-4945-aa46-e71b9d3bfd80\",\"t\":1791224024530}","source":"console","time":"2026-10-05T18:13:44Z"}
{"level":"info","msg":"{\"ev\":\"accepted\",\"id\":\"e3e6b271-9c91-4114-b5a2-a9451ef1087d\",\"t\":1791224024908}","source":"console","time":"2026-10-05T18:13:44Z"}
{"level":"info","msg":"{\"ev\":\"accepted\",\"id\":\"eabca900-e2d0-4163-8832-ebbcbccaef86\",\"t\":1791224025300}","source":"console","time":"2026-10-05T18:13:45Z"}
{"level":"info","msg":"{\"ev\":\"accepted\",\"id\":\"6d9582f1-0fdf-49d3-8da9-f9a9e95ae59e\",\"t\":1791224025679}","source":"console","time":"2026-10-05T18:13:45Z"}
{"level":"info","msg":"{\"ev\":\"accepted\",\"id\":\"f0c6ca59-0a81-4cf1-b838-f2adad047daf\",\"t\":1791224026055}","source":"console","time":"2026-10-05T18:13:46Z"}
{"level":"info","msg":"{\"ev\":\"accepted\",\"id\":\"83f7cbca-c79b-4cb5-9a0b-7cdb95bf0924\",\"t\":1791224026444}","source":"console","time":"2026-10-05T18:13:46Z"}
{"level":"info","msg":"{\"ev\":\"accepted\",\"id\":\"7c8173aa-9c31-4852-a441-fa1487660f79\",\"t\":1791224026835}","source":"console","time":"2026-10-05T18:13:46Z"}
{"level":"info","msg":"{\"ev\":\"accepted\",\"id\":\"b2330cf8-112b-47b8-ad2f-73fe592e5c83\",\"t\":1791224027219}","source":"console","time":"2026-10-05T18:13:47Z"}
{"level":"info","msg":"{\"ev\":\"accepted\",\"id\":\"8a47289a-2d91-40a2-baff-f16654de906e\",\"t\":1791224027607}","source":"console","time":"2026-10-05T18:13:47Z"}
{"level":"info","msg":"{\"ev\":\"accepted\",\"id\":\"3b32f9ce-d221-4dac-a46f-06f7d61cb898\",\"t\":1791224027991}","source":"console","time":"2026-10-05T18:13:47Z"}
{"level":"info","msg":"{\"ev\":\"accepted\",\"id\":\"097aafe1-3a07-43e0-b0e7-4c375c36b0ff\",\"t\":1791224028368}","source":"console","time":"2026-10-05T18:13:48Z"}
{"level":"info","msg":"{\"ev\":\"accepted\",\"id\":\"e703e9d7-eb57-49cc-a1de-bdf87b24fcd7\",\"t\":1791224028748}","source":"console","time":"2026-10-05T18:13:48Z"}
{"level":"info","msg":"{\"ev\":\"accepted\",\"id\":\"ba36e747-1f44-4648-9f9a-5b38a3679dba\",\"t\":1791224029133}","source":"console","time":"2026-10-05T18:13:49Z"}
{"level":"info","msg":"{\"ev\":\"accepted\",\"id\":\"da99023e-d5eb-44ca-87d3-1f14a311b612\",\"t\":1791224029526}","source":"console","time":"2026-10-05T18:13:49Z"}
{"level":"info","msg":"{\"ev\":\"accepted\",\"id\":\"d8b5cace-5f6a-49c6-ba69-8d990033b31c\",\"t\":1791224029909}","source":"console","time":"2026-10-05T18:13:49Z"}
{"level":"info","msg":"{\"ev\":\"accepted\",\"id\":\"f002a62f-f3e6-4515-b7d6-69a0a50dda58\",\"t\":1791224030293}","source":"console","time":"2026-10-05T18:13:50Z"}
{"level":"info","msg":"{\"ev\":\"accepted\",\"id\":\"e6b5b734-950f-49e2-af95-6b9e16cb68b5\",\"t\":1791224030671}","source":"console","time":"2026-10-05T18:13:50Z"}
{"level":"info","msg":"{\"ev\":\"accepted\",\"id\":\"ae5a8094-f367-491a-9e46-055235175c60\",\"t\":1791224031101}","source":"console","time":"2026-10-05T18:13:51Z"}
{"level":"info","msg":"{\"ev\":\"accepted\",\"id\":\"25da4f70-1f91-4169-bdc0-888e4a928b4e\",\"t\":1791224031441}","source":"console","time":"2026-10-05T18:13:51Z"}
{"level":"info","msg":"{\"ev\":\"accepted\",\"id\":\"685d6e37-d1fe-4488-9816-fdf26ee307af\",\"t\":1791224031863}","source":"console","time":"2026-10-05T18:13:51Z"}
{"level":"info","msg":"{\"ev\":\"accepted\",\"id\":\"e0b0e0f1-7407-49b8-84c0-e9c6a8ef3e7f\",\"t\":1791224032233}","source":"console","time":"2026-10-05T18:13:52Z"}
{"level":"info","msg":"{\"ev\":\"accepted\",\"id\":\"e986a520-a50e-4bd8-90b8-cecb028635d0\",\"t\":1791224032606}","source":"console","time":"2026-10-05T18:13:52Z"}
{"level":"info","msg":"{\"ev\":\"accepted\",\"id\":\"45bde859-ab2a-4446-83d9-bdd46e650182\",\"t\":1791224032982}","source":"console","time":"2026-10-05T18:13:52Z"}
{"level":"info","msg":"{\"ev\":\"accepted\",\"id\":\"8ad67d16-d6a4-41d4-a47a-2695627cb018\",\"t\":1791224033376}","source":"console","time":"2026-10-05T18:13:53Z"}
{"level":"info","msg":"{\"ev\":\"accepted\",\"id\":\"88ba0f94-409f-45d8-9103-f7c44b04e724\",\"t\":1791224033749}","source":"console","time":"2026-10-05T18:13:53Z"}
{"level":"info","msg":"{\"ev\":\"accepted\",\"id\":\"f2897f6d-0cce-42f1-8d0a-32995611ea28\",\"t\":1791224034141}","source":"console","time":"2026-10-05T18:13:54Z"}
{"level":"info","msg":"{\"ev\":\"accepted\",\"id\":\"780d0955-f4ff-456c-8ee2-1b47dc4e8d58\",\"t\":1791224034526}","source":"console","time":"2026-10-05T18:13:54Z"}
{"level":"info","msg":"{\"ev\":\"accepted\",\"id\":\"f391466a-2aee-4adc-bc7c-8db9a8da1d34\",\"t\":1791224034913}","source":"console","time":"2026-10-05T18:13:54Z"}
{"level":"info","msg":"{\"ev\":\"accepted\",\"id\":\"e51004a2-e954-4665-b704-9cd32f463140\",\"t\":1791224035302}","source":"console","time":"2026-10-05T18:13:55Z"}
{"level":"info","msg":"{\"ev\":\"accepted\",\"id\":\"01151039-b9d9-47f5-836c-1e2350648c6d\",\"t\":1791224035676}","source":"console","time":"2026-10-05T18:13:55Z"}
{"level":"info","msg":"{\"ev\":\"accepted\",\"id\":\"b4ce5300-706d-4208-96d4-d6e705ca841c\",\"t\":1791224036057}","source":"console","time":"2026-10-05T18:13:56Z"}
{"level":"info","msg":"{\"ev\":\"accepted\",\"id\":\"cb17c7b5-bc55-45d4-9708-993f0c3112b7\",\"t\":1791224036434}","source":"console","time":"2026-10-05T18:13:56Z"}
{"level":"info","msg":"{\"ev\":\"accepted\",\"id\":\"4dd58a2b-1b4f-44a5-8bed-6abe0782009d\",\"t\":1791224036864}","source":"console","time":"2026-10-05T18:13:56Z"}
{"level":"info","msg":"{\"ev\":\"accepted\",\"id\":\"f4e9ac9a-f387-493e-aab0-09333af4ce60\",\"t\":1791224037225}","source":"console","time":"2026-10-05T18:13:57Z"}
{"level":"info","msg":"{\"ev\":\"accepted\",\"id\":\"99ec7bed-9586-4566-933e-3fdb803b4ddb\",\"t\":1791224037604}","source":"console","time":"2026-10-05T18:13:57Z"}
{"level":"info","msg":"{\"ev\":\"accepted\",\"id\":\"fa96456b-2e5b-4c5d-8e73-be0342cb97ad\",\"t\":1791224037986}","source":"console","time":"2026-10-05T18:13:57Z"}
{"level":"info","msg":"{\"ev\":\"accepted\",\"id\":\"8c27a2fe-3891-4b17-a96b-97b6f9d8e14f\",\"t\":1791224038372}","source":"console","time":"2026-10-05T18:13:58Z"}
{"level":"info","msg":"{\"ev\":\"accepted\",\"id\":\"18330959-5987-4854-8684-8b2aca282aa9\",\"t\":1791224038745}","source":"console","time":"2026-10-05T18:13:58Z"}
{"level":"info","msg":"{\"ev\":\"accepted\",\"id\":\"70d13f7f-8e1a-4254-9bed-5930fc1b4dac\",\"t\":1791224039128}","source":"console","time":"2026-10-05T18:13:59Z"}
{"level":"info","msg":"{\"ev\":\"accepted\",\"id\":\"b6ff7ca5-74d8-4515-a343-8847f2b3dae5\",\"t\":1791224039515}","source":"console","time":"2026-10-05T18:13:59Z"}
{"level":"info","msg":"{\"ev\":\"accepted\",\"id\":\"c9d1ae8c-454f-45d1-988c-cbad1295f667\",\"t\":1791224039899}","source":"console","time":"2026-10-05T18:13:59Z"}
{"level":"info","msg":"{\"ev\":\"accepted\",\"id\":\"d8c5da8f-0eee-43f8-8634-4f94bf213bfe\",\"t\":1791224040296}","source":"console","time":"2026-10-05T18:14:00Z"}
{"level":"info","msg":"{\"ev\":\"accepted\",\"id\":\"fb606557-1c56-4f86-9add-721caeeb6104\",\"t\":1791224040678}","source":"console","time":"2026-10-05T18:14:00Z"}
{"level":"info","msg":"{\"ev\":\"accepted\",\"id\":\"fe987159-e60d-49a2-8161-1057cc0b6cff\",\"t\":1791224041064}","source":"console","time":"2026-10-05T18:14:01Z"}
{"level":"info","msg":"{\"ev\":\"accepted\",\"id\":\"bf1ad45f-b93b-4a46-a870-f244e5ae6afa\",\"t\":1791224041446}","source":"console","time":"2026-10-05T18:14:01Z"}
{"level":"info","msg":"{\"ev\":\"accepted\",\"id\":\"352f3b7e-1176-43be-9fc0-9e5a60a34cdd\",\"t\":1791224041830}","source":"console","time":"2026-10-05T18:14:01Z"}
{"level":"info","msg":"{\"ev\":\"accepted\",\"id\":\"6d9540ac-c983-43ee-83b2-fb5868bdc52f\",\"t\":1791224042216}","source":"console","time":"2026-10-05T18:14:02Z"}
{"level":"info","msg":"{\"ev\":\"accepted\",\"id\":\"546bd372-8024-4ae4-9bd1-e2103f391735\",\"t\":1791224042595}","source":"console","time":"2026-10-05T18:14:02Z"}
{"level":"info","msg":"{\"ev\":\"accepted\",\"id\":\"0d02bfc9-364d-4edc-97d9-996b0e08afa3\",\"t\":1791224043167}","source":"console","time":"2026-10-05T18:14:03Z"}
{"level":"info","msg":"{\"ev\":\"accepted\",\"id\":\"ee2b7037-7ccc-44a9-92cc-4659d7bf9897\",\"t\":1791224043515}","source":"console","time":"2026-10-05T18:14:03Z"}
{"level":"info","msg":"{\"ev\":\"accepted\",\"id\":\"5abdacce-49a4-4690-b7d6-be97fe083a52\",\"t\":1791224043948}","source":"console","time":"2026-10-05T18:14:03Z"}
{"level":"info","msg":"{\"ev\":\"accepted\",\"id\":\"847fd92d-b4e9-4b5f-a010-c74a39488156\",\"t\":1791224044294}","source":"console","time":"2026-10-05T18:14:04Z"}
{"level":"info","msg":"{\"ev\":\"accepted\",\"id\":\"a4bd97b4-4c9d-4c77-a3f1-a820afd291c1\",\"t\":1791224044699}","source":"console","time":"2026-10-05T18:14:04Z"}
{"level":"info","msg":"{\"ev\":\"accepted\",\"id\":\"8b29334d-297d-4677-a792-2b3874c94eb4\",\"t\":1791224045153}","source":"console","time":"2026-10-05T18:14:05Z"}
{"level":"info","msg":"{\"ev\":\"accepted\",\"id\":\"40a37627-15df-48d2-a545-ac922a64e0f0\",\"t\":1791224045423}","source":"console","time":"2026-10-05T18:14:05Z"}
{"level":"info","msg":"{\"ev\":\"accepted\",\"id\":\"6380d896-166d-42a6-ae49-313e09cbcff5\",\"t\":1791224045818}","source":"console","time":"2026-10-05T18:14:05Z"}
{"level":"info","msg":"{\"ev\":\"accepted\",\"id\":\"0281b11a-f944-45a9-b88c-dc26c3e56d94\",\"t\":1791224046196}","source":"console","time":"2026-10-05T18:14:06Z"}
{"level":"info","msg":"{\"ev\":\"accepted\",\"id\":\"759900e4-b0d7-41d8-8371-128e8afaba91\",\"t\":1791224046612}","source":"console","time":"2026-10-05T18:14:06Z"}
{"level":"info","msg":"{\"ev\":\"accepted\",\"id\":\"fcb45110-8e37-4813-b0a0-76f954f25fe7\",\"t\":1791224046976}","source":"console","time":"2026-10-05T18:14:06Z"}
{"level":"info","msg":"{\"ev\":\"accepted\",\"id\":\"d1324473-ee9a-4dd0-9618-9c8d5f1add9a\",\"t\":1791224047360}","source":"console","time":"2026-10-05T18:14:07Z"}
{"level":"info","msg":"{\"ev\":\"accepted\",\"id\":\"c1b3ccb1-4a0e-4867-aee1-8bcbc14b8ffc\",\"t\":1791224047730}","source":"console","time":"2026-10-05T18:14:07Z"}
{"level":"info","msg":"{\"ev\":\"accepted\",\"id\":\"d81f7e2b-899b-4630-92d0-a92b15fc4fec\",\"t\":1791224048115}","source":"console","time":"2026-10-05T18:14:08Z"}
{"level":"info","msg":"{\"ev\":\"accepted\",\"id\":\"8ead64a6-c528-4989-b534-b28fba8ad5ee\",\"t\":1791224048538}","source":"console","time":"2026-10-05T18:14:08Z"}
{"level":"info","msg":"{\"ev\":\"accepted\",\"id\":\"19089931-8416-435a-a13e-c3a65844b1a8\",\"t\":1791224048906}","source":"console","time":"2026-10-05T18:14:08Z"}
{"level":"info","msg":"{\"ev\":\"accepted\",\"id\":\"55c5c18e-685c-467e-8187-1d1e616058e5\",\"t\":1791224049288}","source":"console","time":"2026-10-05T18:14:09Z"}
{"level":"info","msg":"{\"ev\":\"accepted\",\"id\":\"2cd22bc1-28f0-4013-8c35-d6d999681b8e\",\"t\":1791224049723}","source":"console","time":"2026-10-05T18:14:09Z"}
{"level":"info","msg":"{\"ev\":\"accepted\",\"id\":\"90545c22-6d78-4a61-a726-5dee29ef9726\",\"t\":1791224050100}","source":"console","time":"2026-10-05T18:14:10Z"}
{"level":"info","msg":"{\"ev\":\"accepted\",\"id\":\"b0c2dbd7-592d-4438-924a-fe2cdcf9eda1\",\"t\":1791224050459}","source":"console","time":"2026-10-05T18:14:10Z"}
{"level":"info","msg":"{\"ev\":\"accepted\",\"id\":\"fa2788bf-20fc-4d7e-b86a-f288a3efd1da\",\"t\":1791224050842}","source":"console","time":"2026-10-05T18:14:10Z"}
{"level":"info","msg":"{\"ev\":\"accepted\",\"id\":\"819ebee4-f2dc-4f33-b587-21488380b48c\",\"t\":1791224051228}","source":"console","time":"2026-10-05T18:14:11Z"}
{"level":"info","msg":"{\"ev\":\"accepted\",\"id\":\"56e4e00c-4fd0-4694-bb62-320b256afcc0\",\"t\":1791224051673}","source":"console","time":"2026-10-05T18:14:11Z"}
{"level":"info","msg":"{\"ev\":\"accepted\",\"id\":\"ce8eb71b-42fe-4507-b4d1-3af6fd53b2b9\",\"t\":1791224051994}","source":"console","time":"2026-10-05T18:14:11Z"}
{"level":"info","msg":"{\"ev\":\"accepted\",\"id\":\"1f38a63d-caa5-4a31-a5f4-f1ac19e58e79\",\"t\":1791224052389}","source":"console","time":"2026-10-05T18:14:12Z"}
{"level":"info","msg":"{\"ev\":\"accepted\",\"id\":\"05817526-1097-4522-b6c2-fc87091a8266\",\"t\":1791224052803}","source":"console","time":"2026-10-05T18:14:12Z"}
{"level":"info","msg":"{\"ev\":\"accepted\",\"id\":\"385add92-54c0-4ce4-9027-7aba46f13f5a\",\"t\":1791224053141}","source":"console","time":"2026-10-05T18:14:13Z"}
{"level":"info","msg":"{\"ev\":\"accepted\",\"id\":\"8832c7f5-e4b9-4b9e-ac45-7768994715f2\",\"t\":1791224053522}","source":"console","time":"2026-10-05T18:14:13Z"}
{"level":"info","msg":"{\"ev\":\"accepted\",\"id\":\"ce9dfedf-c7ba-419f-a5b5-2e3573998dec\",\"t\":1791224053933}","source":"console","time":"2026-10-05T18:14:13Z"}
{"level":"info","msg":"{\"ev\":\"accepted\",\"id\":\"59dc10c9-ecf6-414a-88c3-a41e8d11e4cb\",\"t\":1791224054310}","source":"console","time":"2026-10-05T18:14:14Z"}
{"level":"info","msg":"{\"ev\":\"accepted\",\"id\":\"266331a2-fd51-4cea-949b-fa4a3516b00e\",\"t\":1791224054683}","source":"console","time":"2026-10-05T18:14:14Z"}
{"level":"info","msg":"{\"ev\":\"accepted\",\"id\":\"b7818859-9a5a-4b72-97db-93b8aed03b12\",\"t\":1791224055070}","source":"console","time":"2026-10-05T18:14:15Z"}
{"level":"info","msg":"{\"ev\":\"accepted\",\"id\":\"3e1cb3db-a8d7-4024-9371-c0bdbf0c369b\",\"t\":1791224055448}","source":"console","time":"2026-10-05T18:14:15Z"}
{"level":"info","msg":"{\"ev\":\"accepted\",\"id\":\"8cb3fda3-7a5d-49ba-a24f-1e74f88be950\",\"t\":1791224055834}","source":"console","time":"2026-10-05T18:14:15Z"}
{"level":"info","msg":"{\"ev\":\"accepted\",\"id\":\"1a476160-1b90-4200-b89d-fff217cfcad0\",\"t\":1791224056207}","source":"console","time":"2026-10-05T18:14:16Z"}
{"level":"info","msg":"{\"ev\":\"accepted\",\"id\":\"d7979745-46a2-4f18-adc8-460fa1f9f7d2\",\"t\":1791224056623}","source":"console","time":"2026-10-05T18:14:16Z"}
{"level":"info","msg":"{\"ev\":\"accepted\",\"id\":\"1ceef679-666e-4521-9c93-d18cfe25e869\",\"t\":1791224057003}","source":"console","time":"2026-10-05T18:14:17Z"}
{"level":"info","msg":"{\"ev\":\"accepted\",\"id\":\"e307f217-424e-44cc-b3f9-794dadb1eee5\",\"t\":1791224057388}","source":"console","time":"2026-10-05T18:14:17Z"}
{"level":"info","msg":"{\"ev\":\"accepted\",\"id\":\"37da7aee-c971-4f06-af89-b71fe5fbbc3d\",\"t\":1791224057761}","source":"console","time":"2026-10-05T18:14:17Z"}
{"level":"info","msg":"{\"ev\":\"accepted\",\"id\":\"6064c498-da35-4032-8d55-6b0aabd567c6\",\"t\":1791224058144}","source":"console","time":"2026-10-05T18:14:18Z"}
{"level":"info","msg":"{\"ev\":\"accepted\",\"id\":\"f53ee250-50b4-4c92-858b-4ae7d8c6cf21\",\"t\":1791224058518}","source":"console","time":"2026-10-05T18:14:18Z"}
{"level":"info","msg":"{\"ev\":\"accepted\",\"id\":\"ebe1a491-223e-407b-a14f-11635770c65e\",\"t\":1791224058904}","source":"console","time":"2026-10-05T18:14:18Z"}
{"level":"info","msg":"{\"ev\":\"accepted\",\"id\":\"b3a342bb-13e2-4aa1-a587-a67c4ab39f13\",\"t\":1791224059265}","source":"console","time":"2026-10-05T18:14:19Z"}
{"level":"info","msg":"{\"ev\":\"accepted\",\"id\":\"5aa768d0-ac66-4420-860e-7c33ee74f87e\",\"t\":1791224059644}","source":"console","time":"2026-10-05T18:14:19Z"}
{"level":"info","msg":"{\"ev\":\"accepted\",\"id\":\"d4b7e71e-a168-4b3d-b862-a6dba12c2b8d\",\"t\":1791224060073}","source":"console","time":"2026-10-05T18:14:20Z"}
{"level":"info","msg":"{\"ev\":\"accepted\",\"id\":\"0b3a3ec4-1acd-4fef-a946-f80fb0b9adfe\",\"t\":1791224060450}","source":"console","time":"2026-10-05T18:14:20Z"}
{"level":"info","msg":"{\"ev\":\"accepted\",\"id\":\"8372f741-94b1-4459-9da6-bbd16daacb0f\",\"t\":1791224060815}","source":"console","time":"2026-10-05T18:14:20Z"}
{"level":"info","msg":"{\"ev\":\"accepted\",\"id\":\"0b0e52ea-f51a-46f0-b22a-dc52be8c7859\",\"t\":1791224061206}","source":"console","time":"2026-10-05T18:14:21Z"}
{"level":"info","msg":"{\"ev\":\"accepted\",\"id\":\"5f22b332-b5b1-4997-92fd-3cd0d101fe3a\",\"t\":1791224061603}","source":"console","time":"2026-10-05T18:14:21Z"}
{"level":"info","msg":"{\"ev\":\"accepted\",\"id\":\"d2d3f4c5-b405-4db7-9917-c1a5ce352410\",\"t\":1791224061994}","source":"console","time":"2026-10-05T18:14:21Z"}
{"level":"info","msg":"{\"ev\":\"accepted\",\"id\":\"bf4383cd-bf06-42e2-a420-56bbc385fa2e\",\"t\":1791224062361}","source":"console","time":"2026-10-05T18:14:22Z"}
{"level":"info","msg":"{\"ev\":\"accepted\",\"id\":\"5f8407eb-5da9-49bf-b32f-4c457e4446e8\",\"t\":1791224062757}","source":"console","time":"2026-10-05T18:14:22Z"}
{"level":"info","msg":"{\"ev\":\"accepted\",\"id\":\"d2c0ceca-ffd5-4f07-b6df-c95ccc18f314\",\"t\":1791224063131}","source":"console","time":"2026-10-05T18:14:23Z"}
{"level":"info","msg":"{\"ev\":\"accepted\",\"id\":\"44075017-f9f3-4a97-8cbd-aef2f746bd6e\",\"t\":1791224063524}","source":"console","time":"2026-10-05T18:14:23Z"}
{"level":"info","msg":"{\"ev\":\"accepted\",\"id\":\"aced2c71-a9b4-4aa4-8d90-ca6b2863721d\",\"t\":1791224063902}","source":"console","time":"2026-10-05T18:14:23Z"}
{"level":"info","msg":"{\"ev\":\"accepted\",\"id\":\"1b532f91-610e-495d-9f1f-f8a67adefb15\",\"t\":1791224064280}","source":"console","time":"2026-10-05T18:14:24Z"}
{"level":"info","msg":"{\"ev\":\"accepted\",\"id\":\"bc15ef1a-731a-472a-9841-95d6605c96ad\",\"t\":1791224064669}","source":"console","time":"2026-10-05T18:14:24Z"}
{"level":"info","msg":"{\"ev\":\"accepted\",\"id\":\"cf9a6a74-a28b-4ee2-9724-77357f7ba0c3\",\"t\":1791224065047}","source":"console","time":"2026-10-05T18:14:25Z"}
{"level":"info","msg":"{\"ev\":\"accepted\",\"id\":\"f0132c8f-0fda-4f5e-8330-7d4cc75489b4\",\"t\":1791224065440}","source":"console","time":"2026-10-05T18:14:25Z"}
{"level":"info","msg":"{\"ev\":\"accepted\",\"id\":\"c6e0c413-204b-42c1-b9b2-627d54fbf667\",\"t\":1791224065827}","source":"console","time":"2026-10-05T18:14:25Z"}
{"level":"info","msg":"{\"ev\":\"accepted\",\"id\":\"6c4858a8-395e-4eeb-a0c1-d8bae0a210ea\",\"t\":1791224066222}","source":"console","time":"2026-10-05T18:14:26Z"}
{"level":"info","msg":"{\"ev\":\"accepted\",\"id\":\"ba9722bb-c7fb-49e0-9a99-86e230da162c\",\"t\":1791224066615}","source":"console","time":"2026-10-05T18:14:26Z"}
{"level":"info","msg":"{\"ev\":\"accepted\",\"id\":\"54941990-17d9-4457-91a7-414a7c6c61fe\",\"t\":1791224067005}","source":"console","time":"2026-10-05T18:14:27Z"}
{"level":"info","msg":"{\"ev\":\"accepted\",\"id\":\"485f3a71-e672-42f5-9dc4-8e9848b695f1\",\"t\":1791224067381}","source":"console","time":"2026-10-05T18:14:27Z"}
{"level":"info","msg":"{\"ev\":\"accepted\",\"id\":\"86547ec6-268b-444e-becd-2a4cfc040bc8\",\"t\":1791224067778}","source":"console","time":"2026-10-05T18:14:27Z"}
{"level":"info","msg":"{\"ev\":\"accepted\",\"id\":\"06a5ce68-36f8-410d-aeb8-4b5799c0317d\",\"t\":1791224068145}","source":"console","time":"2026-10-05T18:14:28Z"}
{"level":"info","msg":"{\"ev\":\"accepted\",\"id\":\"40b0bb26-1886-4d72-a27c-8002b2e54161\",\"t\":1791224068530}","source":"console","time":"2026-10-05T18:14:28Z"}
{"level":"info","msg":"{\"ev\":\"accepted\",\"id\":\"48da30b1-bfd1-4666-ac25-2528f597c66a\",\"t\":1791224068895}","source":"console","time":"2026-10-05T18:14:28Z"}
{"level":"info","msg":"{\"ev\":\"accepted\",\"id\":\"f8927077-b696-412c-8e41-eb0b6e3f3405\",\"t\":1791224069295}","source":"console","time":"2026-10-05T18:14:29Z"}
{"level":"info","msg":"{\"ev\":\"accepted\",\"id\":\"c64d7322-89e0-4c9a-8877-3207756c57f2\",\"t\":1791224069692}","source":"console","time":"2026-10-05T18:14:29Z"}
{"level":"info","msg":"{\"ev\":\"accepted\",\"id\":\"d54391df-14bf-423f-b171-57e24ef147ad\",\"t\":1791224070097}","source":"console","time":"2026-10-05T18:14:30Z"}
{"level":"info","msg":"{\"ev\":\"accepted\",\"id\":\"445ae47d-a334-419e-b5c7-b25930a694b6\",\"t\":1791224070436}","source":"console","time":"2026-10-05T18:14:30Z"}
{"level":"info","msg":"{\"ev\":\"accepted\",\"id\":\"9b762ff0-3718-49d5-88cc-1b00f96b4ef6\",\"t\":1791224070851}","source":"console","time":"2026-10-05T18:14:30Z"}
{"level":"info","msg":"{\"ev\":\"accepted\",\"id\":\"9fc1a9f2-a8dc-493c-8bd3-25a08c635d43\",\"t\":1791224071259}","source":"console","time":"2026-10-05T18:14:31Z"}
{"level":"info","msg":"{\"ev\":\"accepted\",\"id\":\"1aaf91b3-d2ca-4fe7-a59e-921dce034dbd\",\"t\":1791224071635}","source":"console","time":"2026-10-05T18:14:31Z"}
{"level":"info","msg":"{\"ev\":\"accepted\",\"id\":\"67835ddf-1a5a-4589-8a65-7387d986d027\",\"t\":1791224072035}","source":"console","time":"2026-10-05T18:14:32Z"}
{"level":"info","msg":"{\"ev\":\"accepted\",\"id\":\"994e6ca0-acc4-4b64-8d34-26bcea17c092\",\"t\":1791224072395}","source":"console","time":"2026-10-05T18:14:32Z"}
{"level":"info","msg":"{\"ev\":\"accepted\",\"id\":\"f1959d89-e7b4-49e1-bfa6-2801edd26a19\",\"t\":1791224072762}","source":"console","time":"2026-10-05T18:14:32Z"}
{"level":"info","msg":"{\"ev\":\"accepted\",\"id\":\"b27fa4e9-a896-486a-aa1f-42d536efcce3\",\"t\":1791224073137}","source":"console","time":"2026-10-05T18:14:33Z"}
{"level":"info","msg":"{\"ev\":\"accepted\",\"id\":\"83ddd22e-b3a7-4a00-8056-46b8ccfa76bc\",\"t\":1791224073532}","source":"console","time":"2026-10-05T18:14:33Z"}
{"level":"info","msg":"{\"ev\":\"accepted\",\"id\":\"acab17c8-98b1-4803-b8c8-4b2949900d1c\",\"t\":1791224073905}","source":"console","time":"2026-10-05T18:14:33Z"}
{"level":"info","msg":"{\"ev\":\"accepted\",\"id\":\"69f099d6-7315-4261-a27a-50f21e579c64\",\"t\":1791224074299}","source":"console","time":"2026-10-05T18:14:34Z"}
{"level":"info","msg":"{\"ev\":\"accepted\",\"id\":\"d0385e65-a29e-460e-8087-a9ff260633b4\",\"t\":1791224074668}","source":"console","time":"2026-10-05T18:14:34Z"}
{"level":"info","msg":"{\"ev\":\"accepted\",\"id\":\"75d8ac56-5173-4f96-b4b4-97356daa4038\",\"t\":1791224075075}","source":"console","time":"2026-10-05T18:14:35Z"}
{"level":"info","msg":"{\"ev\":\"accepted\",\"id\":\"a68e4df7-90c5-40f5-9398-406700a9da0e\",\"t\":1791224075427}","source":"console","time":"2026-10-05T18:14:35Z"}
{"level":"info","msg":"{\"ev\":\"accepted\",\"id\":\"0c6bad18-dabb-48ff-8518-5530b335dc7d\",\"t\":1791224075830}","source":"console","time":"2026-10-05T18:14:35Z"}
{"level":"info","msg":"{\"ev\":\"accepted\",\"id\":\"3eb15380-864e-40ef-8c62-0a910c59e4d3\",\"t\":1791224076214}","source":"console","time":"2026-10-05T18:14:36Z"}
{"level":"info","msg":"{\"ev\":\"accepted\",\"id\":\"98cdeefb-db1d-488b-a60d-46b3bc6c3804\",\"t\":1791224076585}","source":"console","time":"2026-10-05T18:14:36Z"}
{"level":"info","msg":"{\"ev\":\"accepted\",\"id\":\"3270aebe-feb7-4cc5-9459-06f8fb8ad88e\",\"t\":1791224076985}","source":"console","time":"2026-10-05T18:14:36Z"}
{"level":"info","msg":"{\"ev\":\"accepted\",\"id\":\"5c59d371-dade-41f1-81d6-d5cc87553137\",\"t\":1791224077362}","source":"console","time":"2026-10-05T18:14:37Z"}
{"level":"info","msg":"{\"ev\":\"accepted\",\"id\":\"63c281d2-e499-43e4-bbc8-3de760a74779\",\"t\":1791224077767}","source":"console","time":"2026-10-05T18:14:37Z"}
{"level":"info","msg":"{\"ev\":\"accepted\",\"id\":\"7ee7bc34-3957-4e72-a443-f7d0fb9f8251\",\"t\":1791224078125}","source":"console","time":"2026-10-05T18:14:38Z"}
{"level":"info","msg":"{\"ev\":\"accepted\",\"id\":\"4b1fd837-2ec0-4c37-83c4-b63611841297\",\"t\":1791224078510}","source":"console","time":"2026-10-05T18:14:38Z"}
{"level":"info","msg":"{\"ev\":\"accepted\",\"id\":\"a841d273-9a56-474c-bff9-192ef07145b0\",\"t\":1791224078912}","source":"console","time":"2026-10-05T18:14:38Z"}
{"level":"info","msg":"{\"ev\":\"accepted\",\"id\":\"7b8e4262-f857-44bc-8e00-2f239fff3492\",\"t\":1791224079269}","source":"console","time":"2026-10-05T18:14:39Z"}
{"level":"info","msg":"{\"ev\":\"accepted\",\"id\":\"a0b7904e-e756-475b-9e1b-bc4afd4b7d48\",\"t\":1791224079679}","source":"console","time":"2026-10-05T18:14:39Z"}
{"level":"info","msg":"{\"ev\":\"accepted\",\"id\":\"04dae432-c60c-4a3d-9c9c-96deb9e3b7fe\",\"t\":1791224080073}","source":"console","time":"2026-10-05T18:14:40Z"}
{"level":"info","msg":"{\"ev\":\"accepted\",\"id\":\"cb84e10f-56cf-4075-a62a-3b50a508bcd6\",\"t\":1791224080448}","source":"console","time":"2026-10-05T18:14:40Z"}
{"level":"info","msg":"{\"ev\":\"accepted\",\"id\":\"debce719-2511-42c8-bc55-ee890b1ed0a6\",\"t\":1791224080837}","source":"console","time":"2026-10-05T18:14:40Z"}
{"level":"info","msg":"{\"ev\":\"accepted\",\"id\":\"15e24431-d91a-457a-a1c3-40eb0c6ef983\",\"t\":1791224081233}","source":"console","time":"2026-10-05T18:14:41Z"}
{"level":"info","msg":"{\"ev\":\"accepted\",\"id\":\"2e929b82-da30-4986-8dd8-29d74a76f924\",\"t\":1791224081615}","source":"console","time":"2026-10-05T18:14:41Z"}
{"level":"info","msg":"{\"ev\":\"accepted\",\"id\":\"dab1b964-1d09-403c-8b28-91641e794da0\",\"t\":1791224081999}","source":"console","time":"2026-10-05T18:14:41Z"}
{"level":"info","msg":"{\"ev\":\"accepted\",\"id\":\"7bc06dbc-b983-461d-b1c3-619cbf7e7dd7\",\"t\":1791224082369}","source":"console","time":"2026-10-05T18:14:42Z"}
{"level":"info","msg":"{\"ev\":\"accepted\",\"id\":\"7c68f49c-43f5-4f39-9647-4821300c9702\",\"t\":1791224082772}","source":"console","time":"2026-10-05T18:14:42Z"}
{"level":"info","msg":"{\"ev\":\"accepted\",\"id\":\"6ae4a803-8859-4d4a-aab9-0d73c9efb4cc\",\"t\":1791224083177}","source":"console","time":"2026-10-05T18:14:43Z"}
{"level":"info","msg":"{\"ev\":\"accepted\",\"id\":\"4636894d-3278-4b72-aab9-6a23461f77df\",\"t\":1791224083526}","source":"console","time":"2026-10-05T18:14:43Z"}
{"level":"info","msg":"{\"ev\":\"accepted\",\"id\":\"cde7def9-89ab-4005-858a-0e273de74be8\",\"t\":1791224083917}","source":"console","time":"2026-10-05T18:14:43Z"}
{"level":"info","msg":"{\"ev\":\"accepted\",\"id\":\"1a45ba89-f3f1-477e-89d0-1fbab1bfea93\",\"t\":1791224084284}","source":"console","time":"2026-10-05T18:14:44Z"}
{"level":"info","msg":"{\"ev\":\"accepted\",\"id\":\"2c8ff94d-a763-4fa6-bf64-b94f649a9387\",\"t\":1791224084661}","source":"console","time":"2026-10-05T18:14:44Z"}
{"level":"info","msg":"{\"ev\":\"accepted\",\"id\":\"0df95297-3983-4d0a-b0d3-e846ddd085a1\",\"t\":1791224085068}","source":"console","time":"2026-10-05T18:14:45Z"}
{"level":"info","msg":"{\"ev\":\"accepted\",\"id\":\"617febff-6345-49a7-946b-bdd785bb9af5\",\"t\":1791224085442}","source":"console","time":"2026-10-05T18:14:45Z"}
{"level":"info","msg":"{\"ev\":\"accepted\",\"id\":\"6acd3f0a-8905-4b9f-b649-658fec88fc72\",\"t\":1791224085847}","source":"console","time":"2026-10-05T18:14:45Z"}
{"level":"info","msg":"{\"ev\":\"accepted\",\"id\":\"1ec4c8a3-126a-4896-92a7-dd5601336dd9\",\"t\":1791224086206}","source":"console","time":"2026-10-05T18:14:46Z"}
{"level":"info","msg":"{\"ev\":\"accepted\",\"id\":\"6a334b0f-f73c-4476-b3a2-89ded38a667a\",\"t\":1791224086595}","source":"console","time":"2026-10-05T18:14:46Z"}
{"level":"info","msg":"{\"ev\":\"accepted\",\"id\":\"4f9e4188-369e-4e76-92fb-8200f8ad4427\",\"t\":1791224086982}","source":"console","time":"2026-10-05T18:14:46Z"}
{"level":"info","msg":"{\"ev\":\"accepted\",\"id\":\"56dc5c96-f388-4284-93dd-71ddee1d32f8\",\"t\":1791224087371}","source":"console","time":"2026-10-05T18:14:47Z"}
{"level":"info","msg":"{\"ev\":\"accepted\",\"id\":\"c42678cd-615c-4f5e-a392-f3b654952ea6\",\"t\":1791224087752}","source":"console","time":"2026-10-05T18:14:47Z"}
{"level":"info","msg":"{\"ev\":\"accepted\",\"id\":\"1a17e365-8155-4f9f-82b8-7571d7edac3b\",\"t\":1791224088143}","source":"console","time":"2026-10-05T18:14:48Z"}
{"level":"info","msg":"{\"ev\":\"accepted\",\"id\":\"9bc24652-b642-4283-b0b7-4aff4112ed63\",\"t\":1791224088554}","source":"console","time":"2026-10-05T18:14:48Z"}
{"level":"info","msg":"{\"ev\":\"accepted\",\"id\":\"9d38a660-1a82-47a9-90ae-7e645c09062c\",\"t\":1791224088929}","source":"console","time":"2026-10-05T18:14:48Z"}
{"level":"info","msg":"{\"ev\":\"accepted\",\"id\":\"ef1f27ed-09a4-42f9-9698-9322cfe51b2e\",\"t\":1791224089298}","source":"console","time":"2026-10-05T18:14:49Z"}
{"level":"info","msg":"{\"ev\":\"accepted\",\"id\":\"f966d289-bac2-4df5-a045-34706115b01d\",\"t\":1791224089669}","source":"console","time":"2026-10-05T18:14:49Z"}
{"level":"info","msg":"{\"ev\":\"accepted\",\"id\":\"e9457217-d274-4eed-838d-3afbcbd43c23\",\"t\":1791224090065}","source":"console","time":"2026-10-05T18:14:50Z"}
{"level":"info","msg":"{\"ev\":\"accepted\",\"id\":\"1781b2f7-a535-4a10-9b5a-c24eab2c5673\",\"t\":1791224090463}","source":"console","time":"2026-10-05T18:14:50Z"}
{"level":"info","msg":"{\"ev\":\"accepted\",\"id\":\"990371d6-53eb-4a3c-af1f-86e80b3a1b07\",\"t\":1791224090837}","source":"console","time":"2026-10-05T18:14:50Z"}
{"level":"info","msg":"{\"ev\":\"accepted\",\"id\":\"d33b87c7-d01d-4f30-a172-b9bf30e91bf9\",\"t\":1791224091212}","source":"console","time":"2026-10-05T18:14:51Z"}
{"level":"info","msg":"{\"ev\":\"accepted\",\"id\":\"2660bdfc-9e89-45a5-ae3c-7d973ce0bec9\",\"t\":1791224091591}","source":"console","time":"2026-10-05T18:14:51Z"}
{"level":"info","msg":"{\"ev\":\"accepted\",\"id\":\"d9d443a0-1ffc-482b-beee-812f69160974\",\"t\":1791224092009}","source":"console","time":"2026-10-05T18:14:52Z"}
{"level":"info","msg":"{\"ev\":\"accepted\",\"id\":\"cfefcc93-931e-4c46-b0c3-7382f98ccfc8\",\"t\":1791224092362}","source":"console","time":"2026-10-05T18:14:52Z"}
{"level":"info","msg":"{\"ev\":\"accepted\",\"id\":\"8a697dc3-abaf-4606-a044-8d29d8e31f04\",\"t\":1791224092739}","source":"console","time":"2026-10-05T18:14:52Z"}
{"level":"info","msg":"{\"ev\":\"accepted\",\"id\":\"d328ea24-0019-4b36-8cde-8d56ace76ce6\",\"t\":1791224093124}","source":"console","time":"2026-10-05T18:14:53Z"}
{"level":"info","msg":"{\"ev\":\"accepted\",\"id\":\"c2e9a02d-face-456e-882a-075b5b37e4d2\",\"t\":1791224093541}","source":"console","time":"2026-10-05T18:14:53Z"}
{"level":"info","msg":"{\"ev\":\"accepted\",\"id\":\"75047f25-809c-4195-8ee9-e5dcf418c8db\",\"t\":1791224093902}","source":"console","time":"2026-10-05T18:14:53Z"}
{"level":"info","msg":"{\"ev\":\"accepted\",\"id\":\"03ae250c-83b5-4243-8e8a-4e0014f12736\",\"t\":1791224094284}","source":"console","time":"2026-10-05T18:14:54Z"}
{"level":"info","msg":"{\"ev\":\"accepted\",\"id\":\"eed93cc1-bafb-4635-8acf-53203dc78c64\",\"t\":1791224094698}","source":"console","time":"2026-10-05T18:14:54Z"}
{"level":"info","msg":"{\"ev\":\"accepted\",\"id\":\"7dd494b8-b3bf-4724-be54-708f226e5af0\",\"t\":1791224095086}","source":"console","time":"2026-10-05T18:14:55Z"}
{"level":"info","msg":"{\"ev\":\"accepted\",\"id\":\"0ac2e16b-1644-41c3-94f2-022ed00e366f\",\"t\":1791224095456}","source":"console","time":"2026-10-05T18:14:55Z"}
{"level":"info","msg":"{\"ev\":\"accepted\",\"id\":\"1db2bb9c-a075-42db-a081-ca81714f4438\",\"t\":1791224095849}","source":"console","time":"2026-10-05T18:14:55Z"}
{"level":"info","msg":"{\"ev\":\"accepted\",\"id\":\"cc9b37e5-a5fd-4718-9377-01ec304d6b7b\",\"t\":1791224096236}","source":"console","time":"2026-10-05T18:14:56Z"}
{"level":"info","msg":"{\"ev\":\"accepted\",\"id\":\"bace2974-ab40-4f14-9118-b9a9717214dc\",\"t\":1791224096599}","source":"console","time":"2026-10-05T18:14:56Z"}
{"level":"info","msg":"{\"ev\":\"accepted\",\"id\":\"85fcc2a2-7d82-4b4e-95d8-2f281d3dcb6b\",\"t\":1791224096976}","source":"console","time":"2026-10-05T18:14:56Z"}
{"level":"info","msg":"{\"ev\":\"accepted\",\"id\":\"b75c7f5d-f72d-42bb-8383-3bb310359553\",\"t\":1791224097377}","source":"console","time":"2026-10-05T18:14:57Z"}
{"level":"info","msg":"{\"ev\":\"accepted\",\"id\":\"676eb00f-2f50-4d92-ac57-39d2f8e1dbc8\",\"t\":1791224097753}","source":"console","time":"2026-10-05T18:14:57Z"}
{"level":"info","msg":"{\"ev\":\"accepted\",\"id\":\"d082bcdc-921f-4bd4-a3eb-5a759f44b369\",\"t\":1791224098120}","source":"console","time":"2026-10-05T18:14:58Z"}
{"level":"info","msg":"{\"ev\":\"accepted\",\"id\":\"66e23748-d5dd-4a52-bc75-b1497de016ec\",\"t\":1791224098507}","source":"console","time":"2026-10-05T18:14:58Z"}
{"level":"info","msg":"{\"ev\":\"accepted\",\"id\":\"87a625f2-ec0f-4bba-8b67-f4b37147f10a\",\"t\":1791224098904}","source":"console","time":"2026-10-05T18:14:58Z"}
{"level":"info","msg":"{\"ev\":\"accepted\",\"id\":\"6d0c6488-bb2f-4846-ad63-b9a1f6bf2c42\",\"t\":1791224099294}","source":"console","time":"2026-10-05T18:14:59Z"}
{"level":"info","msg":"{\"ev\":\"accepted\",\"id\":\"ca6abe75-ec5a-4550-a0e7-b80df063641e\",\"t\":1791224099666}","source":"console","time":"2026-10-05T18:14:59Z"}
{"level":"info","msg":"{\"ev\":\"accepted\",\"id\":\"e8c299be-c385-4422-a9a6-81a0831fb406\",\"t\":1791224100063}","source":"console","time":"2026-10-05T18:15:00Z"}
{"level":"info","msg":"{\"ev\":\"accepted\",\"id\":\"ce4b8f4a-4599-4298-8899-f799e370adaf\",\"t\":1791224100435}","source":"console","time":"2026-10-05T18:15:00Z"}
{"level":"info","msg":"{\"ev\":\"accepted\",\"id\":\"00cddc60-45a3-4369-8d81-6a241321df7f\",\"t\":1791224100821}","source":"console","time":"2026-10-05T18:15:00Z"}
{"level":"info","msg":"{\"ev\":\"accepted\",\"id\":\"44f01f6e-e24c-45d3-96c9-794ab3e147ed\",\"t\":1791224101231}","source":"console","time":"2026-10-05T18:15:01Z"}
{"level":"info","msg":"{\"ev\":\"accepted\",\"id\":\"23ee55d8-18cf-49d8-9464-3fec8f5d9b1a\",\"t\":1791224101611}","source":"console","time":"2026-10-05T18:15:01Z"}
{"level":"info","msg":"{\"ev\":\"accepted\",\"id\":\"0361bf24-c752-4fb6-b0f8-6038a0b4283a\",\"t\":1791224102025}","source":"console","time":"2026-10-05T18:15:02Z"}
{"level":"info","msg":"{\"ev\":\"accepted\",\"id\":\"c1d33150-28b3-4296-a115-ee736d80ec28\",\"t\":1791224102385}","source":"console","time":"2026-10-05T18:15:02Z"}
{"level":"info","msg":"{\"ev\":\"accepted\",\"id\":\"087fff3c-ad36-408a-a396-ce553f81f1e5\",\"t\":1791224102761}","source":"console","time":"2026-10-05T18:15:02Z"}
{"level":"info","msg":"{\"ev\":\"accepted\",\"id\":\"cb1cc5ca-56ed-4874-b0be-fe9f94cba30b\",\"t\":1791224103139}","source":"console","time":"2026-10-05T18:15:03Z"}
{"level":"info","msg":"{\"ev\":\"accepted\",\"id\":\"f884e8ff-6cfb-4a31-a9ec-98e7c9904ec8\",\"t\":1791224103550}","source":"console","time":"2026-10-05T18:15:03Z"}
{"level":"info","msg":"{\"ev\":\"accepted\",\"id\":\"1a35a58b-df5d-4f65-99fa-dbb46c9841f4\",\"t\":1791224103922}","source":"console","time":"2026-10-05T18:15:03Z"}
{"level":"info","msg":"{\"ev\":\"accepted\",\"id\":\"ba76728e-c5b4-480a-a927-f72901210f30\",\"t\":1791224104276}","source":"console","time":"2026-10-05T18:15:04Z"}
{"level":"info","msg":"{\"ev\":\"accepted\",\"id\":\"a88839e5-f8ef-409e-97c1-983bd85312b1\",\"t\":1791224104657}","source":"console","time":"2026-10-05T18:15:04Z"}
{"level":"info","msg":"{\"ev\":\"accepted\",\"id\":\"ea63e4ba-ed48-43b7-960a-5d57cb88c94b\",\"t\":1791224105049}","source":"console","time":"2026-10-05T18:15:05Z"}
{"level":"info","msg":"{\"ev\":\"accepted\",\"id\":\"a85d0403-8af9-452e-a3f1-756b22ec3108\",\"t\":1791224105440}","source":"console","time":"2026-10-05T18:15:05Z"}
{"level":"info","msg":"{\"ev\":\"accepted\",\"id\":\"5217d8bd-ad85-476e-a51b-445d6e7c3add\",\"t\":1791224105844}","source":"console","time":"2026-10-05T18:15:05Z"}
{"level":"info","msg":"{\"ev\":\"accepted\",\"id\":\"ec462b03-f349-4aef-9c7c-e784596bb0bd\",\"t\":1791224106211}","source":"console","time":"2026-10-05T18:15:06Z"}
{"level":"info","msg":"{\"ev\":\"accepted\",\"id\":\"141503d7-d21f-4d8c-98b4-c4f497f49b9a\",\"t\":1791224106569}","source":"console","time":"2026-10-05T18:15:06Z"}
{"level":"info","msg":"{\"ev\":\"accepted\",\"id\":\"d4334f00-c593-44ca-812f-c2420b8ecace\",\"t\":1791224106972}","source":"console","time":"2026-10-05T18:15:06Z"}
{"level":"info","msg":"{\"ev\":\"accepted\",\"id\":\"17f11fa6-b9f8-4a91-830d-43f6db471801\",\"t\":1791224107364}","source":"console","time":"2026-10-05T18:15:07Z"}
{"level":"info","msg":"{\"ev\":\"accepted\",\"id\":\"5cfe49db-5f0c-42d3-9e2c-29f5a77fb96d\",\"t\":1791224107765}","source":"console","time":"2026-10-05T18:15:07Z"}
{"level":"info","msg":"{\"ev\":\"accepted\",\"id\":\"d3ff2c9a-f46d-4869-8cfc-7b6b01400bfc\",\"t\":1791224108133}","source":"console","time":"2026-10-05T18:15:08Z"}
{"level":"info","msg":"{\"ev\":\"accepted\",\"id\":\"8860a4e9-b258-436e-a37e-a76c18626534\",\"t\":1791224108531}","source":"console","time":"2026-10-05T18:15:08Z"}
{"level":"info","msg":"{\"ev\":\"accepted\",\"id\":\"eefcb444-4ce3-43f8-a1d0-8cc712c0410f\",\"t\":1791224108914}","source":"console","time":"2026-10-05T18:15:08Z"}
{"level":"info","msg":"{\"ev\":\"accepted\",\"id\":\"3ef06347-a4ac-4280-9714-fc3c5538ac33\",\"t\":1791224109287}","source":"console","time":"2026-10-05T18:15:09Z"}
{"level":"info","msg":"{\"ev\":\"accepted\",\"id\":\"2be45ef5-1aed-4322-a74d-eb7d29914e4a\",\"t\":1791224109665}","source":"console","time":"2026-10-05T18:15:09Z"}
{"level":"info","msg":"{\"ev\":\"accepted\",\"id\":\"034bd8c1-fee3-4ea9-aab6-ef5683e13860\",\"t\":1791224110061}","source":"console","time":"2026-10-05T18:15:10Z"}
{"level":"info","msg":"{\"ev\":\"accepted\",\"id\":\"5ac9cb4f-4688-497d-a41a-9f5168d15856\",\"t\":1791224110468}","source":"console","time":"2026-10-05T18:15:10Z"}
{"level":"info","msg":"{\"ev\":\"accepted\",\"id\":\"c0219d66-50e0-411e-921a-069afa5025d5\",\"t\":1791224110856}","source":"console","time":"2026-10-05T18:15:10Z"}
{"level":"info","msg":"{\"ev\":\"accepted\",\"id\":\"1ab61cdb-2ba9-4827-8160-17528294c3e6\",\"t\":1791224111218}","source":"console","time":"2026-10-05T18:15:11Z"}
{"level":"info","msg":"{\"ev\":\"accepted\",\"id\":\"bfe9f6cd-1401-48fd-8df8-c634b47cb7e0\",\"t\":1791224111609}","source":"console","time":"2026-10-05T18:15:11Z"}
{"level":"info","msg":"{\"ev\":\"accepted\",\"id\":\"5fda8f0f-5092-4963-a609-d9d79681ba99\",\"t\":1791224111995}","source":"console","time":"2026-10-05T18:15:11Z"}
{"level":"info","msg":"{\"ev\":\"accepted\",\"id\":\"6b28c75d-ecda-4cb9-95a7-72dac35527e0\",\"t\":1791224112395}","source":"console","time":"2026-10-05T18:15:12Z"}
{"level":"info","msg":"{\"ev\":\"accepted\",\"id\":\"895d4444-ca09-4539-889c-dfb14abbf4bf\",\"t\":1791224112753}","source":"console","time":"2026-10-05T18:15:12Z"}
{"level":"info","msg":"{\"ev\":\"accepted\",\"id\":\"c8fb6536-6f71-433c-b9af-df1cc903599f\",\"t\":1791224113127}","source":"console","time":"2026-10-05T18:15:13Z"}
{"level":"info","msg":"{\"ev\":\"accepted\",\"id\":\"437e70d9-d174-44d2-9eff-283d906b0c47\",\"t\":1791224113536}","source":"console","time":"2026-10-05T18:15:13Z"}
{"level":"info","msg":"{\"ev\":\"accepted\",\"id\":\"09111fcd-85c7-4e75-b240-c5536c7b6510\",\"t\":1791224113906}","source":"console","time":"2026-10-05T18:15:13Z"}
{"level":"info","msg":"{\"ev\":\"accepted\",\"id\":\"643352c6-32fc-413a-b7bd-80c8042dabcc\",\"t\":1791224114304}","source":"console","time":"2026-10-05T18:15:14Z"}
{"level":"info","msg":"{\"ev\":\"accepted\",\"id\":\"707472dc-de1f-4853-9c1a-7c3ada6e58bd\",\"t\":1791224114677}","source":"console","time":"2026-10-05T18:15:14Z"}
{"level":"info","msg":"{\"ev\":\"accepted\",\"id\":\"23c72ba5-3c0c-4f4a-9e46-2b8761681314\",\"t\":1791224115035}","source":"console","time":"2026-10-05T18:15:15Z"}
{"level":"info","msg":"{\"ev\":\"accepted\",\"id\":\"4ee0556e-1450-4af0-b133-7a0d1fcda1b0\",\"t\":1791224115437}","source":"console","time":"2026-10-05T18:15:15Z"}
{"level":"info","msg":"{\"ev\":\"accepted\",\"id\":\"49cc3c54-f442-4587-945a-f48cef817d05\",\"t\":1791224115841}","source":"console","time":"2026-10-05T18:15:15Z"}
{"level":"info","msg":"{\"ev\":\"accepted\",\"id\":\"0b740bb7-2ce3-4edf-9be2-fa6eab59765d\",\"t\":1791224116228}","source":"console","time":"2026-10-05T18:15:16Z"}
{"level":"info","msg":"{\"ev\":\"accepted\",\"id\":\"6e184ea2-15ae-415d-b97b-9eb1f3ed7981\",\"t\":1791224116619}","source":"console","time":"2026-10-05T18:15:16Z"}
{"level":"info","msg":"{\"ev\":\"accepted\",\"id\":\"89f2ad34-ab26-4d9f-9b9e-decfc5469285\",\"t\":1791224116997}","source":"console","time":"2026-10-05T18:15:16Z"}
{"level":"info","msg":"{\"ev\":\"accepted\",\"id\":\"8df4743d-7b2e-4bd4-a045-a89e9f1d7465\",\"t\":1791224117370}","source":"console","time":"2026-10-05T18:15:17Z"}
{"level":"info","msg":"{\"ev\":\"accepted\",\"id\":\"ed4e2b82-5906-44a1-ad12-c2e475780c45\",\"t\":1791224117770}","source":"console","time":"2026-10-05T18:15:17Z"}
{"level":"info","msg":"{\"ev\":\"accepted\",\"id\":\"862752d8-a786-4e81-8295-6acc784e26fe\",\"t\":1791224118143}","source":"console","time":"2026-10-05T18:15:18Z"}
{"level":"info","msg":"{\"ev\":\"accepted\",\"id\":\"264a5a9c-10a7-46fb-bc61-fe43a7840439\",\"t\":1791224118555}","source":"console","time":"2026-10-05T18:15:18Z"}
{"level":"info","msg":"{\"ev\":\"accepted\",\"id\":\"86be24a2-0751-4889-9298-c4d8d0d8a5ee\",\"t\":1791224118931}","source":"console","time":"2026-10-05T18:15:18Z"}
{"level":"info","msg":"{\"ev\":\"accepted\",\"id\":\"d9720c93-2b3b-437c-a2d7-f5207d894de9\",\"t\":1791224119315}","source":"console","time":"2026-10-05T18:15:19Z"}
{"level":"info","msg":"{\"ev\":\"accepted\",\"id\":\"9a8a39cc-8854-4898-a1bb-e72c350218f2\",\"t\":1791224119697}","source":"console","time":"2026-10-05T18:15:19Z"}
{"level":"info","msg":"{\"ev\":\"accepted\",\"id\":\"09970f30-e609-4d69-ad05-d69790e3c11e\",\"t\":1791224119907}","source":"console","time":"2026-10-05T18:15:19Z"}
{"level":"info","msg":"{\"ev\":\"accepted\",\"id\":\"45c988d2-4a40-463c-b068-857e8754ca80\",\"t\":1791224120302}","source":"console","time":"2026-10-05T18:15:20Z"}
{"level":"info","msg":"{\"ev\":\"accepted\",\"id\":\"239f8933-2ad1-459a-b75c-7b36585ad421\",\"t\":1791224120676}","source":"console","time":"2026-10-05T18:15:20Z"}
{"level":"info","msg":"{\"ev\":\"accepted\",\"id\":\"e1181ab7-26bc-47b6-937a-dd1c595ccbce\",\"t\":1791224121058}","source":"console","time":"2026-10-05T18:15:21Z"}
{"level":"info","msg":"{\"ev\":\"accepted\",\"id\":\"ec687e48-5c00-4c5f-8b0d-75543d5b0ad3\",\"t\":1791224121441}","source":"console","time":"2026-10-05T18:15:21Z"}
{"level":"info","msg":"{\"ev\":\"accepted\",\"id\":\"57656edc-ba41-4c0d-9e0f-e37caccfd5bc\",\"t\":1791224121825}","source":"console","time":"2026-10-05T18:15:21Z"}
{"level":"info","msg":"{\"ev\":\"accepted\",\"id\":\"f168f7a1-37dc-4ad3-82bc-1a857117c34b\",\"t\":1791224122213}","source":"console","time":"2026-10-05T18:15:22Z"}
{"level":"info","msg":"{\"ev\":\"accepted\",\"id\":\"587e2f4e-db8d-4891-908c-f397eb7608a2\",\"t\":1791224122603}","source":"console","time":"2026-10-05T18:15:22Z"}
{"level":"info","msg":"{\"ev\":\"accepted\",\"id\":\"de8ed10f-5678-4f10-abbc-b9235c37d0b8\",\"t\":1791224122987}","source":"console","time":"2026-10-05T18:15:22Z"}
{"level":"info","msg":"{\"ev\":\"accepted\",\"id\":\"425581ef-0a83-4ced-bb00-05a20fdf4689\",\"t\":1791224123383}","source":"console","time":"2026-10-05T18:15:23Z"}
{"level":"info","msg":"{\"ev\":\"accepted\",\"id\":\"8821b49b-c23a-4974-bbc3-5c1d2f60a231\",\"t\":1791224123764}","source":"console","time":"2026-10-05T18:15:23Z"}
{"level":"info","msg":"{\"ev\":\"accepted\",\"id\":\"97dc095b-c71d-4a81-8959-dcd79431c2b9\",\"t\":1791224124139}","source":"console","time":"2026-10-05T18:15:24Z"}
{"level":"info","msg":"{\"ev\":\"accepted\",\"id\":\"a2197e83-1fe6-4e3d-95b7-a1899b6a6840\",\"t\":1791224124536}","source":"console","time":"2026-10-05T18:15:24Z"}
{"level":"info","msg":"{\"ev\":\"accepted\",\"id\":\"9a9051de-1670-4a58-827f-39b21abeea93\",\"t\":1791224124912}","source":"console","time":"2026-10-05T18:15:24Z"}
{"level":"info","msg":"{\"ev\":\"accepted\",\"id\":\"e00b4a07-a30e-4fcb-b4a5-8e53a514eefb\",\"t\":1791224125295}","source":"console","time":"2026-10-05T18:15:25Z"}
{"level":"info","msg":"{\"ev\":\"accepted\",\"id\":\"f5adffed-c3f7-4573-a7ed-6b541aa1c8f8\",\"t\":1791224125685}","source":"console","time":"2026-10-05T18:15:25Z"}
{"level":"info","msg":"{\"ev\":\"accepted\",\"id\":\"782e4c9b-e01b-4d63-8c91-f22badb73b07\",\"t\":1791224126062}","source":"console","time":"2026-10-05T18:15:26Z"}
{"level":"info","msg":"{\"ev\":\"accepted\",\"id\":\"fd447b0c-4389-4de5-b529-39047e5a0d0a\",\"t\":1791224126450}","source":"console","time":"2026-10-05T18:15:26Z"}
{"level":"info","msg":"{\"ev\":\"accepted\",\"id\":\"b793e391-eebf-4e7d-893a-057723f0a762\",\"t\":1791224126831}","source":"console","time":"2026-10-05T18:15:26Z"}
{"level":"info","msg":"{\"ev\":\"accepted\",\"id\":\"fb25bc29-b2b7-41a4-8dca-f95aac695ce7\",\"t\":1791224127220}","source":"console","time":"2026-10-05T18:15:27Z"}
{"level":"info","msg":"{\"ev\":\"accepted\",\"id\":\"0b0f1fb5-3438-447e-8b08-bfce00f2ac80\",\"t\":1791224127603}","source":"console","time":"2026-10-05T18:15:27Z"}
{"level":"info","msg":"{\"ev\":\"accepted\",\"id\":\"c1bd61b7-35fc-4c2f-85eb-e16539c7567b\",\"t\":1791224127982}","source":"console","time":"2026-10-05T18:15:27Z"}
{"level":"info","msg":"{\"ev\":\"accepted\",\"id\":\"38771846-0870-4603-af9d-4a9dc803c05b\",\"t\":1791224128376}","source":"console","time":"2026-10-05T18:15:28Z"}
{"level":"info","msg":"{\"ev\":\"accepted\",\"id\":\"18cf7bda-545e-40bf-b18a-cbbef9773990\",\"t\":1791224128753}","source":"console","time":"2026-10-05T18:15:28Z"}
{"level":"info","msg":"{\"ev\":\"accepted\",\"id\":\"489662cb-0d85-4ca8-a364-ca3f9cd8fbb6\",\"t\":1791224129135}","source":"console","time":"2026-10-05T18:15:29Z"}
{"level":"info","msg":"{\"ev\":\"accepted\",\"id\":\"4901cf3a-ee0a-4adb-a306-b970bc4774f5\",\"t\":1791224129516}","source":"console","time":"2026-10-05T18:15:29Z"}
{"level":"info","msg":"{\"ev\":\"accepted\",\"id\":\"5c10523a-458f-4577-b213-5b83733b0954\",\"t\":1791224129903}","source":"console","time":"2026-10-05T18:15:29Z"}
{"level":"info","msg":"{\"ev\":\"accepted\",\"id\":\"87854c2c-b121-4db3-9be6-fe3aa900129b\",\"t\":1791224130306}","source":"console","time":"2026-10-05T18:15:30Z"}
{"level":"info","msg":"{\"ev\":\"accepted\",\"id\":\"f11c5948-074b-4a70-aa7f-af4d8e79120f\",\"t\":1791224130677}","source":"console","time":"2026-10-05T18:15:30Z"}
{"level":"info","msg":"{\"ev\":\"accepted\",\"id\":\"a178fe03-0283-4072-a30b-42f1666e41c4\",\"t\":1791224131064}","source":"console","time":"2026-10-05T18:15:31Z"}
