{"level":"info","msg":"{\"ev\":\"setup-done\",\"t\":1791214350726}","source":"console","time":"2026-10-05T15:32:30Z"}
{"level":"info","msg":"{\"ev\":\"accepted\",\"id\":\"5f10867a-4a15-49ca-b756-170c1fffb904\",\"t\":1791214352575}","source":"console","time":"2026-10-05T15:32:32Z"}
{"level":"info","msg":"{\"ev\":\"accepted\",\"id\":\"6e30df66-612c-4738-b92c-351d0a1a7c2a\",\"t\":1791214353322}","source":"console","time":"2026-10-05T15:32:33Z"}
{"level":"info","msg":"{\"ev\":\"accepted\",\"id\":\"37c57c5f-ec6c-4cf2-b274-3a96c963f134\",\"t\":1791214353905}","source":"console","time":"2026-10-05T15:32:33Z"}
{"level":"info","msg":"{\"ev\":\"accepted\",\"id\":\"2c3fe916-d56f-4664-9a10-e7f603e521f7\",\"t\":1791214354397}","source":"console","time":"2026-10-05T15:32:34Z"}
{"level":"info","msg":"{\"ev\":\"accepted\",\"id\":\"683ad093-394d-4168-b7e0-20c0faebb9d2\",\"t\":1791214354850}","source":"console","time":"2026-10-05T15:32:34Z"}
{"level":"info","msg":"{\"ev\":\"accepted\",\"id\":\"b0257cbf-527c-4018-afd1-d8cf7524e73b\",\"t\":1791214355220}","source":"console","time":"2026-10-05T15:32:35Z"}
{"level":"info","msg":"{\"ev\":\"accepted\",\"id\":\"b64b2c9a-74ef-4906-b192-239d116201a5\",\"t\":1791214355571}","source":"console","time":"2026-10-05T15:32:35Z"}
{"level":"info","msg":"{\"ev\":\"accepted\",\"id\":\"efbccc5c-ef0a-4b86-998f-ed7c7bfd184d\",\"t\":1791214355915}","source":"console","time":"2026-10-05T15:32:35Z"}
{"level":"info","msg":"{\"ev\":\"accepted\",\"id\":\"cf759587-d6eb-4b7d-b879-83e6d1489655\",\"t\":1791214356261}","source":"console","time":"2026-10-05T15:32:36Z"}
{"level":"info","msg":"{\"ev\":\"accepted\",\"id\":\"68b6d328-7645-49b1-a55d-a8c587e7c103\",\"t\":1791214356594}","source":"console","time":"2026-10-05T15:32:36Z"}
{"level":"info","msg":"{\"ev\":\"accepted\",\"id\":\"e9543dbb-82d5-44e6-922f-76bcae1ff499\",\"t\":1791214356914}","source":"console","time":"2026-10-05T15:32:36Z"}
{"level":"info","msg":"{\"ev\":\"accepted\",\"id\":\"dcb10378-7558-4446-bcf6-d45578b7e6d4\",\"t\":1791214357269}","source":"console","time":"2026-10-05T15:32:37Z"}
{"level":"info","msg":"{\"ev\":\"accepted\",\"id\":\"41a6a67e-b395-481a-ab04-e8ffb7e9d6fb\",\"t\":1791214357593}","source":"console","time":"2026-10-05T15:32:37Z"}
{"level":"info","msg":"{\"ev\":\"accepted\",\"id\":\"ab36f4ba-05e1-46ce-a43b-9000a32ec355\",\"t\":1791214357932}","source":"console","time":"2026-10-05T15:32:37Z"}
{"level":"info","msg":"{\"ev\":\"accepted\",\"id\":\"b070a031-1663-48e1-9bcc-ea9ea752ffcc\",\"t\":1791214358256}","source":"console","time":"2026-10-05T15:32:38Z"}
{"level":"info","msg":"{\"ev\":\"accepted\",\"id\":\"78ddb96f-fb59-4d6c-9a46-a33e73f3058b\",\"t\":1791214358589}","source":"console","time":"2026-10-05T15:32:38Z"}
{"level":"info","msg":"{\"ev\":\"accepted\",\"id\":\"264014d8-6a7c-4ab8-b658-eb0fc5b256d6\",\"t\":1791214358915}","source":"console","time":"2026-10-05T15:32:38Z"}
{"level":"info","msg":"{\"ev\":\"accepted\",\"id\":\"d8435069-ff03-4661-a738-038721579f7e\",\"t\":1791214359242}","source":"console","time":"2026-10-05T15:32:39Z"}
{"level":"info","msg":"{\"ev\":\"accepted\",\"id\":\"e355a88d-f505-4824-89de-83d913a4f96d\",\"t\":1791214359586}","source":"console","time":"2026-10-05T15:32:39Z"}
{"level":"info","msg":"{\"ev\":\"accepted\",\"id\":\"74709000-7a95-47da-927e-65e7ad3aa010\",\"t\":1791214359920}","source":"console","time":"2026-10-05T15:32:39Z"}
{"level":"info","msg":"{\"ev\":\"accepted\",\"id\":\"0f8a8f70-fe63-44eb-96ea-1f1e38da4b3d\",\"t\":1791214360245}","source":"console","time":"2026-10-05T15:32:40Z"}
{"level":"info","msg":"{\"ev\":\"accepted\",\"id\":\"bd9e735a-70ca-4eb8-b425-794b2f6961a5\",\"t\":1791214360591}","source":"console","time":"2026-10-05T15:32:40Z"}
{"level":"info","msg":"{\"ev\":\"accepted\",\"id\":\"f17ac617-d994-42a4-98c8-fb09a92a5723\",\"t\":1791214360917}","source":"console","time":"2026-10-05T15:32:40Z"}
{"level":"info","msg":"{\"ev\":\"accepted\",\"id\":\"4b60f7cb-6b1c-4cc2-bb86-91e6dbec34dc\",\"t\":1791214361263}","source":"console","time":"2026-10-05T15:32:41Z"}
{"level":"info","msg":"{\"ev\":\"accepted\",\"id\":\"7b657df3-e47f-4197-8a0b-c947bda6f7a4\",\"t\":1791214361588}","source":"console","time":"2026-10-05T15:32:41Z"}
{"level":"info","msg":"{\"ev\":\"accepted\",\"id\":\"17aa3d50-1af7-4e0b-8d04-bb7c5371f030\",\"t\":1791214361937}","source":"console","time":"2026-10-05T15:32:41Z"}
{"level":"info","msg":"{\"ev\":\"accepted\",\"id\":\"1329c643-c385-446d-92fb-17e8d49aee4b\",\"t\":1791214362259}","source":"console","time":"2026-10-05T15:32:42Z"}
{"level":"info","msg":"{\"ev\":\"accepted\",\"id\":\"2412cc7f-3198-4a86-aa03-d0a93b6c30a1\",\"t\":1791214362600}","source":"console","time":"2026-10-05T15:32:42Z"}
{"level":"info","msg":"{\"ev\":\"accepted\",\"id\":\"98de2da7-ae7e-47fe-8566-14e930d98f76\",\"t\":1791214362956}","source":"console","time":"2026-10-05T15:32:42Z"}
{"level":"info","msg":"{\"ev\":\"accepted\",\"id\":\"d405c4d3-6143-4268-b649-b81dcf894431\",\"t\":1791214363263}","source":"console","time":"2026-10-05T15:32:43Z"}
{"level":"info","msg":"{\"ev\":\"accepted\",\"id\":\"b26152a7-5ef3-4c6b-9219-8d8e30834767\",\"t\":1791214363589}","source":"console","time":"2026-10-05T15:32:43Z"}
{"level":"info","msg":"{\"ev\":\"accepted\",\"id\":\"b9f95a39-451a-43b9-a382-fec4910c62f1\",\"t\":1791214363921}","source":"console","time":"2026-10-05T15:32:43Z"}
{"level":"info","msg":"{\"ev\":\"accepted\",\"id\":\"34b02792-2682-49ed-bdb6-e157893ce3fd\",\"t\":1791214364276}","source":"console","time":"2026-10-05T15:32:44Z"}
{"level":"info","msg":"{\"ev\":\"accepted\",\"id\":\"c538ee67-4efb-4ca4-adcf-e61140102734\",\"t\":1791214364586}","source":"console","time":"2026-10-05T15:32:44Z"}
{"level":"info","msg":"{\"ev\":\"accepted\",\"id\":\"5b8e25aa-15a1-4d6a-a406-01e635d14b39\",\"t\":1791214364954}","source":"console","time":"2026-10-05T15:32:44Z"}
{"level":"info","msg":"{\"ev\":\"accepted\",\"id\":\"3b687fa0-fe2e-4cc3-84b7-ed70f06cdc27\",\"t\":1791214365251}","source":"console","time":"2026-10-05T15:32:45Z"}
{"level":"info","msg":"{\"ev\":\"accepted\",\"id\":\"e3837903-295d-4372-9713-0ed64045197b\",\"t\":1791214365594}","source":"console","time":"2026-10-05T15:32:45Z"}
{"level":"info","msg":"{\"ev\":\"accepted\",\"id\":\"2941f5fe-27d1-4722-8619-08284abfda10\",\"t\":1791214365944}","source":"console","time":"2026-10-05T15:32:45Z"}
{"level":"info","msg":"{\"ev\":\"accepted\",\"id\":\"73cba8a9-173d-44ba-9a15-3cfdbb486a06\",\"t\":1791214366251}","source":"console","time":"2026-10-05T15:32:46Z"}
{"level":"info","msg":"{\"ev\":\"accepted\",\"id\":\"0ee596d4-b6ef-470a-9463-efa178f24989\",\"t\":1791214366592}","source":"console","time":"2026-10-05T15:32:46Z"}
{"level":"info","msg":"{\"ev\":\"accepted\",\"id\":\"016724db-8be8-4eca-88e5-6238ef7af0d8\",\"t\":1791214366921}","source":"console","time":"2026-10-05T15:32:46Z"}
{"level":"info","msg":"{\"ev\":\"accepted\",\"id\":\"3b094e6f-305b-4253-b809-44d4ba0c6cef\",\"t\":1791214367301}","source":"console","time":"2026-10-05T15:32:47Z"}
{"level":"info","msg":"{\"ev\":\"accepted\",\"id\":\"22becee1-e622-4f51-a899-86aaad61a668\",\"t\":1791214367595}","source":"console","time":"2026-10-05T15:32:47Z"}
{"level":"info","msg":"{\"ev\":\"accepted\",\"id\":\"47769bb8-f9ea-4345-9b3b-819530fe04c8\",\"t\":1791214367912}","source":"console","time":"2026-10-05T15:32:47Z"}
{"level":"info","msg":"{\"ev\":\"accepted\",\"id\":\"4651f04c-79cf-48e5-b9bc-5eab3b69b9eb\",\"t\":1791214368332}","source":"console","time":"2026-10-05T15:32:48Z"}
{"level":"info","msg":"{\"ev\":\"accepted\",\"id\":\"542c1aeb-0e00-4b18-889d-e5b9543b94b5\",\"t\":1791214368582}","source":"console","time":"2026-10-05T15:32:48Z"}
{"level":"info","msg":"{\"ev\":\"accepted\",\"id\":\"1fff9e58-2966-4d39-ad14-2f97a580caab\",\"t\":1791214368919}","source":"console","time":"2026-10-05T15:32:48Z"}
{"level":"info","msg":"{\"ev\":\"accepted\",\"id\":\"b23307c2-7840-43cd-a939-2c59f3b2f075\",\"t\":1791214369258}","source":"console","time":"2026-10-05T15:32:49Z"}
{"level":"info","msg":"{\"ev\":\"accepted\",\"id\":\"c18a7b8f-7550-4305-b0f1-e3eefcf21f42\",\"t\":1791214369582}","source":"console","time":"2026-10-05T15:32:49Z"}
{"level":"info","msg":"{\"ev\":\"accepted\",\"id\":\"7f408022-210b-4c3b-ae08-d9edb39aafbc\",\"t\":1791214369918}","source":"console","time":"2026-10-05T15:32:49Z"}
{"level":"info","msg":"{\"ev\":\"accepted\",\"id\":\"d0c81ac5-5ccd-4d1e-acaa-0b9af37b988c\",\"t\":1791214370249}","source":"console","time":"2026-10-05T15:32:50Z"}
{"level":"info","msg":"{\"ev\":\"accepted\",\"id\":\"ac4551f9-368a-4484-8a22-af7dbec294df\",\"t\":1791214370586}","source":"console","time":"2026-10-05T15:32:50Z"}
{"level":"info","msg":"{\"ev\":\"accepted\",\"id\":\"f792a0b8-6109-443f-b503-a3f11589bd10\",\"t\":1791214370925}","source":"console","time":"2026-10-05T15:32:50Z"}
{"level":"info","msg":"{\"ev\":\"accepted\",\"id\":\"4a2358d3-55de-4c93-a745-b322837a9509\",\"t\":1791214371248}","source":"console","time":"2026-10-05T15:32:51Z"}
{"level":"info","msg":"{\"ev\":\"accepted\",\"id\":\"b95457d7-6d87-4685-b028-b7441a224f5c\",\"t\":1791214371755}","source":"console","time":"2026-10-05T15:32:51Z"}
{"level":"info","msg":"{\"ev\":\"accepted\",\"id\":\"ba458c56-b03c-4359-bbad-63f0ab2ebade\",\"t\":1791214371917}","source":"console","time":"2026-10-05T15:32:51Z"}
{"level":"info","msg":"{\"ev\":\"accepted\",\"id\":\"d9a285ac-e917-4e0f-a7e1-4a852f494bc9\",\"t\":1791214372257}","source":"console","time":"2026-10-05T15:32:52Z"}
{"level":"info","msg":"{\"ev\":\"accepted\",\"id\":\"5ddfc7a0-978f-41fa-9d7f-e1cbed432b50\",\"t\":1791214372596}","source":"console","time":"2026-10-05T15:32:52Z"}
{"level":"info","msg":"{\"ev\":\"accepted\",\"id\":\"fd74b005-df45-4c69-8d76-6dc1c762ddbb\",\"t\":1791214372933}","source":"console","time":"2026-10-05T15:32:52Z"}
{"level":"info","msg":"{\"ev\":\"accepted\",\"id\":\"0f91e997-10cf-44b9-b380-63c6271b718c\",\"t\":1791214373265}","source":"console","time":"2026-10-05T15:32:53Z"}
{"level":"info","msg":"{\"ev\":\"accepted\",\"id\":\"91668629-7307-4138-b621-3d920ffd6de1\",\"t\":1791214373581}","source":"console","time":"2026-10-05T15:32:53Z"}
{"level":"info","msg":"{\"ev\":\"accepted\",\"id\":\"b35165b0-f885-4bc3-adfa-96918e4fa3ea\",\"t\":1791214373921}","source":"console","time":"2026-10-05T15:32:53Z"}
{"level":"info","msg":"{\"ev\":\"accepted\",\"id\":\"8d329e7f-1800-4667-a5e3-9de9754aec5b\",\"t\":1791214374288}","source":"console","time":"2026-10-05T15:32:54Z"}
{"level":"info","msg":"{\"ev\":\"accepted\",\"id\":\"6beef4ee-532c-4899-aced-9fed01156cc8\",\"t\":1791214374584}","source":"console","time":"2026-10-05T15:32:54Z"}
{"level":"info","msg":"{\"ev\":\"accepted\",\"id\":\"6ea0edeb-360d-4530-9d96-a4f5c567190d\",\"t\":1791214374920}","source":"console","time":"2026-10-05T15:32:54Z"}
{"level":"info","msg":"{\"ev\":\"accepted\",\"id\":\"9c5eebe0-68fd-4915-aa5b-699c429c4ad8\",\"t\":1791214375267}","source":"console","time":"2026-10-05T15:32:55Z"}
{"level":"info","msg":"{\"ev\":\"accepted\",\"id\":\"64cd2aa8-a7f2-43c0-a5cd-6112d5a18467\",\"t\":1791214375587}","source":"console","time":"2026-10-05T15:32:55Z"}
{"level":"info","msg":"{\"ev\":\"accepted\",\"id\":\"5de7cf1c-8506-4d17-9ac7-c3b2512988c9\",\"t\":1791214375917}","source":"console","time":"2026-10-05T15:32:55Z"}
{"level":"info","msg":"{\"ev\":\"accepted\",\"id\":\"7d9b91e2-d4c8-4eed-a302-d86babf490f5\",\"t\":1791214376254}","source":"console","time":"2026-10-05T15:32:56Z"}
{"level":"info","msg":"{\"ev\":\"accepted\",\"id\":\"2efd9c5b-b69b-44e3-b899-14146d6ec77a\",\"t\":1791214376590}","source":"console","time":"2026-10-05T15:32:56Z"}
{"level":"info","msg":"{\"ev\":\"accepted\",\"id\":\"93613115-0742-466d-ba33-79bef22cf546\",\"t\":1791214376924}","source":"console","time":"2026-10-05T15:32:56Z"}
{"level":"info","msg":"{\"ev\":\"accepted\",\"id\":\"e0980406-4d69-4313-9850-a45ddec24526\",\"t\":1791214377252}","source":"console","time":"2026-10-05T15:32:57Z"}
{"level":"info","msg":"{\"ev\":\"accepted\",\"id\":\"f931a11e-7770-432f-8251-365bf0cfb2df\",\"t\":1791214377603}","source":"console","time":"2026-10-05T15:32:57Z"}
{"level":"info","msg":"{\"ev\":\"accepted\",\"id\":\"ee428248-b4a2-4736-8216-87f9e1165d1d\",\"t\":1791214377927}","source":"console","time":"2026-10-05T15:32:57Z"}
{"level":"info","msg":"{\"ev\":\"accepted\",\"id\":\"8a9e1d18-1634-488d-a5e2-bc62b5a71e3f\",\"t\":1791214378262}","source":"console","time":"2026-10-05T15:32:58Z"}
{"level":"info","msg":"{\"ev\":\"accepted\",\"id\":\"5283df53-0a27-4fa2-938a-3f2d8af68522\",\"t\":1791214378581}","source":"console","time":"2026-10-05T15:32:58Z"}
{"level":"info","msg":"{\"ev\":\"accepted\",\"id\":\"cfda4b21-e7f4-4022-8919-e92285cdaa7e\",\"t\":1791214378917}","source":"console","time":"2026-10-05T15:32:58Z"}
{"level":"info","msg":"{\"ev\":\"accepted\",\"id\":\"163fc56a-40bb-4e84-84df-143c963221af\",\"t\":1791214379263}","source":"console","time":"2026-10-05T15:32:59Z"}
{"level":"info","msg":"{\"ev\":\"accepted\",\"id\":\"f7eebcd0-d629-4151-b014-497de8cafd91\",\"t\":1791214379586}","source":"console","time":"2026-10-05T15:32:59Z"}
{"level":"info","msg":"{\"ev\":\"accepted\",\"id\":\"aa5bbc72-dca0-4a85-9e26-1117534b11df\",\"t\":1791214379914}","source":"console","time":"2026-10-05T15:32:59Z"}
{"level":"info","msg":"{\"ev\":\"accepted\",\"id\":\"3990905d-844f-4f4e-a023-3013fd4681c0\",\"t\":1791214380248}","source":"console","time":"2026-10-05T15:33:00Z"}
{"level":"info","msg":"{\"ev\":\"accepted\",\"id\":\"8361733f-758c-4ee1-8f77-dedad00c4266\",\"t\":1791214380590}","source":"console","time":"2026-10-05T15:33:00Z"}
{"level":"info","msg":"{\"ev\":\"accepted\",\"id\":\"71f788dd-b8a0-4cdb-b595-52f622913982\",\"t\":1791214380940}","source":"console","time":"2026-10-05T15:33:00Z"}
{"level":"info","msg":"{\"ev\":\"accepted\",\"id\":\"2bf924b8-892f-470b-8f0f-23b37266499b\",\"t\":1791214381250}","source":"console","time":"2026-10-05T15:33:01Z"}
{"level":"info","msg":"{\"ev\":\"accepted\",\"id\":\"93b7ef7b-0f4f-4534-9f7d-c98462fecc49\",\"t\":1791214381600}","source":"console","time":"2026-10-05T15:33:01Z"}
{"level":"info","msg":"{\"ev\":\"accepted\",\"id\":\"6ff3ebdd-121f-41b6-bca0-3efec5cd4d20\",\"t\":1791214381927}","source":"console","time":"2026-10-05T15:33:01Z"}
{"level":"info","msg":"{\"ev\":\"accepted\",\"id\":\"d945ff07-d40c-4dc1-963b-a6b733d1b7dd\",\"t\":1791214382258}","source":"console","time":"2026-10-05T15:33:02Z"}
{"level":"info","msg":"{\"ev\":\"accepted\",\"id\":\"77362c93-adb8-448f-b207-35d8bcf49ee2\",\"t\":1791214382594}","source":"console","time":"2026-10-05T15:33:02Z"}
{"level":"info","msg":"{\"ev\":\"accepted\",\"id\":\"6c4d335b-b8bd-48c4-9270-cd72721476b3\",\"t\":1791214382918}","source":"console","time":"2026-10-05T15:33:02Z"}
{"level":"info","msg":"{\"ev\":\"accepted\",\"id\":\"b0a5e46e-863e-4264-94d6-f2278bd230e6\",\"t\":1791214383248}","source":"console","time":"2026-10-05T15:33:03Z"}
{"level":"info","msg":"{\"ev\":\"accepted\",\"id\":\"35a3cd39-8a58-483a-b602-a0c1b4068142\",\"t\":1791214383581}","source":"console","time":"2026-10-05T15:33:03Z"}
{"level":"info","msg":"{\"ev\":\"accepted\",\"id\":\"fda4b73f-f73d-47fd-a1e2-328947845ec6\",\"t\":1791214383925}","source":"console","time":"2026-10-05T15:33:03Z"}
{"level":"info","msg":"{\"ev\":\"accepted\",\"id\":\"aff81401-eff5-4a88-ba39-c9e56d1b9de5\",\"t\":1791214384256}","source":"console","time":"2026-10-05T15:33:04Z"}
{"level":"info","msg":"{\"ev\":\"accepted\",\"id\":\"a73982ed-6001-4d1a-8b15-14858741f91a\",\"t\":1791214384580}","source":"console","time":"2026-10-05T15:33:04Z"}
{"level":"info","msg":"{\"ev\":\"accepted\",\"id\":\"e60ca3b0-1694-4392-b46e-830a5c902872\",\"t\":1791214384929}","source":"console","time":"2026-10-05T15:33:04Z"}
{"level":"info","msg":"{\"ev\":\"accepted\",\"id\":\"384b5356-d78a-41b6-ad5f-ca8cc8acd62c\",\"t\":1791214385253}","source":"console","time":"2026-10-05T15:33:05Z"}
{"level":"info","msg":"{\"ev\":\"accepted\",\"id\":\"00a8d862-d71c-4c0f-9aea-0ff83ff6482e\",\"t\":1791214385585}","source":"console","time":"2026-10-05T15:33:05Z"}
{"level":"info","msg":"{\"ev\":\"accepted\",\"id\":\"3a72f0e8-693f-41a2-8a56-84605a0864ec\",\"t\":1791214385919}","source":"console","time":"2026-10-05T15:33:05Z"}
{"level":"info","msg":"{\"ev\":\"accepted\",\"id\":\"9765fa30-67b3-41ca-9a4b-04dfd151ad48\",\"t\":1791214386249}","source":"console","time":"2026-10-05T15:33:06Z"}
{"level":"info","msg":"{\"ev\":\"accepted\",\"id\":\"52c2203d-2fc2-4d84-9a60-19cb55524738\",\"t\":1791214386584}","source":"console","time":"2026-10-05T15:33:06Z"}
{"level":"info","msg":"{\"ev\":\"accepted\",\"id\":\"d53df1a0-1b42-4b3a-994a-57a2374f4e1b\",\"t\":1791214386924}","source":"console","time":"2026-10-05T15:33:06Z"}
{"level":"info","msg":"{\"ev\":\"accepted\",\"id\":\"a9b100e7-779c-4e50-88ce-d8a1061fb82e\",\"t\":1791214387247}","source":"console","time":"2026-10-05T15:33:07Z"}
{"level":"info","msg":"{\"ev\":\"accepted\",\"id\":\"7da11822-66f7-4086-9dba-c121b189973e\",\"t\":1791214387585}","source":"console","time":"2026-10-05T15:33:07Z"}
{"level":"info","msg":"{\"ev\":\"accepted\",\"id\":\"dc0e207b-f650-4f8a-8559-59f913aa8c4d\",\"t\":1791214387930}","source":"console","time":"2026-10-05T15:33:07Z"}
{"level":"info","msg":"{\"ev\":\"accepted\",\"id\":\"679beebd-0c0c-44a8-877b-0b7d32f08ec7\",\"t\":1791214388252}","source":"console","time":"2026-10-05T15:33:08Z"}
{"level":"info","msg":"{\"ev\":\"accepted\",\"id\":\"7c61941a-5853-42a3-bde9-57cf1fa49f39\",\"t\":1791214388580}","source":"console","time":"2026-10-05T15:33:08Z"}
{"level":"info","msg":"{\"ev\":\"accepted\",\"id\":\"c3643c8c-54ad-4b0d-a193-91000f29bded\",\"t\":1791214388920}","source":"console","time":"2026-10-05T15:33:08Z"}
{"level":"info","msg":"{\"ev\":\"accepted\",\"id\":\"6988751a-044c-4af0-9d66-73f363268e7f\",\"t\":1791214389253}","source":"console","time":"2026-10-05T15:33:09Z"}
{"level":"info","msg":"{\"ev\":\"accepted\",\"id\":\"b6147673-e82a-48d9-b1e5-a7dd4ca0c899\",\"t\":1791214389591}","source":"console","time":"2026-10-05T15:33:09Z"}
{"level":"info","msg":"{\"ev\":\"accepted\",\"id\":\"1343c850-db33-47f1-8de7-6177fb091763\",\"t\":1791214389945}","source":"console","time":"2026-10-05T15:33:09Z"}
{"level":"info","msg":"{\"ev\":\"accepted\",\"id\":\"efb6d7c9-13dd-4a5c-bc6f-c3f9a1b04b6a\",\"t\":1791214390258}","source":"console","time":"2026-10-05T15:33:10Z"}
{"level":"info","msg":"{\"ev\":\"accepted\",\"id\":\"394512a3-e75b-4a0c-8343-43cf772f3b8f\",\"t\":1791214390585}","source":"console","time":"2026-10-05T15:33:10Z"}
{"level":"info","msg":"{\"ev\":\"accepted\",\"id\":\"4eb476c9-3c38-4ec0-a0c1-746391107ef1\",\"t\":1791214390920}","source":"console","time":"2026-10-05T15:33:10Z"}
{"level":"info","msg":"{\"ev\":\"accepted\",\"id\":\"f1575c64-64b3-4da7-a38a-cfdafae6c810\",\"t\":1791214391250}","source":"console","time":"2026-10-05T15:33:11Z"}
{"level":"info","msg":"{\"ev\":\"accepted\",\"id\":\"d7a7754e-fa3f-415a-95cc-de3044a6bdab\",\"t\":1791214391581}","source":"console","time":"2026-10-05T15:33:11Z"}
{"level":"info","msg":"{\"ev\":\"accepted\",\"id\":\"76e25433-f403-4e73-a527-16ab858e83ed\",\"t\":1791214391936}","source":"console","time":"2026-10-05T15:33:11Z"}
{"level":"info","msg":"{\"ev\":\"accepted\",\"id\":\"e47f263d-323e-4da9-b011-9ec623bdd1d5\",\"t\":1791214392266}","source":"console","time":"2026-10-05T15:33:12Z"}
{"level":"info","msg":"{\"ev\":\"accepted\",\"id\":\"e665bba4-2333-4faa-be2d-e8ca8fe35c14\",\"t\":1791214392610}","source":"console","time":"2026-10-05T15:33:12Z"}
{"level":"info","msg":"{\"ev\":\"accepted\",\"id\":\"06afda6d-306a-4495-8ab1-80357be816a3\",\"t\":1791214392929}","source":"console","time":"2026-10-05T15:33:12Z"}
{"level":"info","msg":"{\"ev\":\"accepted\",\"id\":\"b22805d0-2455-44e6-b034-870038c4d9e1\",\"t\":1791214393252}","source":"console","time":"2026-10-05T15:33:13Z"}
{"level":"info","msg":"{\"ev\":\"accepted\",\"id\":\"e4a67160-7772-4b77-bd0b-17f45a384610\",\"t\":1791214393585}","source":"console","time":"2026-10-05T15:33:13Z"}
{"level":"info","msg":"{\"ev\":\"accepted\",\"id\":\"e3fc8202-c4bd-457b-b974-60f90471a897\",\"t\":1791214393921}","source":"console","time":"2026-10-05T15:33:13Z"}
{"level":"info","msg":"{\"ev\":\"accepted\",\"id\":\"e4b51c76-6f74-480d-a1c5-c2fe09caaa89\",\"t\":1791214394251}","source":"console","time":"2026-10-05T15:33:14Z"}
{"level":"info","msg":"{\"ev\":\"accepted\",\"id\":\"4fff8156-eb9f-476f-9049-f1fe44d8c866\",\"t\":1791214394587}","source":"console","time":"2026-10-05T15:33:14Z"}
{"level":"info","msg":"{\"ev\":\"accepted\",\"id\":\"e70dc778-3724-4be7-b7e3-995212dc5828\",\"t\":1791214394926}","source":"console","time":"2026-10-05T15:33:14Z"}
{"level":"info","msg":"{\"ev\":\"accepted\",\"id\":\"93ce3fdc-0609-4974-9807-a7330f6eddb1\",\"t\":1791214395249}","source":"console","time":"2026-10-05T15:33:15Z"}
{"level":"info","msg":"{\"ev\":\"accepted\",\"id\":\"6f6735cb-ca50-4ce0-91eb-13b1545fd846\",\"t\":1791214395586}","source":"console","time":"2026-10-05T15:33:15Z"}
{"level":"info","msg":"{\"ev\":\"accepted\",\"id\":\"4a6e0ee9-7667-41f0-a301-3df8a9730f72\",\"t\":1791214395921}","source":"console","time":"2026-10-05T15:33:15Z"}
{"level":"info","msg":"{\"ev\":\"accepted\",\"id\":\"6b83e7d5-6c3d-49ab-b710-31aecbe5075f\",\"t\":1791214396249}","source":"console","time":"2026-10-05T15:33:16Z"}
{"level":"info","msg":"{\"ev\":\"accepted\",\"id\":\"08616e52-dca7-4a64-91d5-62da8a96cd30\",\"t\":1791214396582}","source":"console","time":"2026-10-05T15:33:16Z"}
{"level":"info","msg":"{\"ev\":\"accepted\",\"id\":\"62667a25-4fe5-4225-a5e1-01692e67d197\",\"t\":1791214396918}","source":"console","time":"2026-10-05T15:33:16Z"}
{"level":"info","msg":"{\"ev\":\"accepted\",\"id\":\"ab419eb5-f16a-44ff-b551-6293de19ce84\",\"t\":1791214397256}","source":"console","time":"2026-10-05T15:33:17Z"}
{"level":"info","msg":"{\"ev\":\"accepted\",\"id\":\"62753f61-eef5-4eb0-b33d-c2d4d9e438ab\",\"t\":1791214397593}","source":"console","time":"2026-10-05T15:33:17Z"}
{"level":"info","msg":"{\"ev\":\"accepted\",\"id\":\"f5bb21d6-97ac-45ff-9a29-0cb9c0992688\",\"t\":1791214397915}","source":"console","time":"2026-10-05T15:33:17Z"}
{"level":"info","msg":"{\"ev\":\"accepted\",\"id\":\"8386eac2-6cbd-43db-af61-ac178791f290\",\"t\":1791214398255}","source":"console","time":"2026-10-05T15:33:18Z"}
{"level":"info","msg":"{\"ev\":\"accepted\",\"id\":\"3e6fea76-ae10-4f94-8a58-cdaa84853bdb\",\"t\":1791214398606}","source":"console","time":"2026-10-05T15:33:18Z"}
{"level":"info","msg":"{\"ev\":\"accepted\",\"id\":\"73750000-8e09-45f1-a4c0-1efc191530d9\",\"t\":1791214398912}","source":"console","time":"2026-10-05T15:33:18Z"}
{"level":"info","msg":"{\"ev\":\"accepted\",\"id\":\"16508189-79ae-4415-989d-b506959e8dc4\",\"t\":1791214399261}","source":"console","time":"2026-10-05T15:33:19Z"}
{"level":"info","msg":"{\"ev\":\"accepted\",\"id\":\"c795e18e-73ae-42b3-a080-68aa674554fb\",\"t\":1791214399592}","source":"console","time":"2026-10-05T15:33:19Z"}
{"level":"info","msg":"{\"ev\":\"accepted\",\"id\":\"7df05b97-ab71-4fc2-9e5b-161cb7c8292b\",\"t\":1791214399943}","source":"console","time":"2026-10-05T15:33:19Z"}
{"level":"info","msg":"{\"ev\":\"accepted\",\"id\":\"bfe415ba-1fd2-4028-b92f-6db616ddc9f7\",\"t\":1791214400269}","source":"console","time":"2026-10-05T15:33:20Z"}
{"level":"info","msg":"{\"ev\":\"accepted\",\"id\":\"04962752-61c8-4f87-b468-5bddb557b900\",\"t\":1791214400598}","source":"console","time":"2026-10-05T15:33:20Z"}
{"level":"info","msg":"{\"ev\":\"accepted\",\"id\":\"23f7a16f-7fce-4687-9607-e8e19d30a156\",\"t\":1791214400937}","source":"console","time":"2026-10-05T15:33:20Z"}
{"level":"info","msg":"{\"ev\":\"accepted\",\"id\":\"84161856-09c4-428c-afa6-43c54e267e90\",\"t\":1791214401324}","source":"console","time":"2026-10-05T15:33:21Z"}
{"level":"info","msg":"{\"ev\":\"accepted\",\"id\":\"38d9f269-d299-4cb7-aed8-f1a0c7a6ef38\",\"t\":1791214401591}","source":"console","time":"2026-10-05T15:33:21Z"}
{"level":"info","msg":"{\"ev\":\"accepted\",\"id\":\"e819b11f-24be-43e6-89af-ac88dfb925c0\",\"t\":1791214401929}","source":"console","time":"2026-10-05T15:33:21Z"}
{"level":"info","msg":"{\"ev\":\"accepted\",\"id\":\"02a7c365-cd46-4396-bf59-b142269b71d1\",\"t\":1791214402298}","source":"console","time":"2026-10-05T15:33:22Z"}
{"level":"info","msg":"{\"ev\":\"accepted\",\"id\":\"64b7862a-b658-46e2-81be-671ed0ca0e14\",\"t\":1791214402583}","source":"console","time":"2026-10-05T15:33:22Z"}
{"level":"info","msg":"{\"ev\":\"accepted\",\"id\":\"0fc710cf-2779-4dcd-badb-ac3b4a8d2d28\",\"t\":1791214402915}","source":"console","time":"2026-10-05T15:33:22Z"}
{"level":"info","msg":"{\"ev\":\"accepted\",\"id\":\"61658075-a113-4a1a-94e0-5f198a6ae247\",\"t\":1791214403250}","source":"console","time":"2026-10-05T15:33:23Z"}
{"level":"info","msg":"{\"ev\":\"accepted\",\"id\":\"57a98b89-099b-472e-b9ad-af757247dcfa\",\"t\":1791214403583}","source":"console","time":"2026-10-05T15:33:23Z"}
{"level":"info","msg":"{\"ev\":\"accepted\",\"id\":\"474d8181-652f-4860-a29b-40e40a3be64b\",\"t\":1791214403922}","source":"console","time":"2026-10-05T15:33:23Z"}
{"level":"info","msg":"{\"ev\":\"accepted\",\"id\":\"6466066e-bddd-4811-a98d-226e9fe60c4e\",\"t\":1791214404264}","source":"console","time":"2026-10-05T15:33:24Z"}
{"level":"info","msg":"{\"ev\":\"accepted\",\"id\":\"b93499aa-7dc6-4186-84c2-973b0377bf29\",\"t\":1791214404591}","source":"console","time":"2026-10-05T15:33:24Z"}
{"level":"info","msg":"{\"ev\":\"accepted\",\"id\":\"c14e0e98-501b-4416-9fba-a768e98d10a3\",\"t\":1791214404918}","source":"console","time":"2026-10-05T15:33:24Z"}
{"level":"info","msg":"{\"ev\":\"accepted\",\"id\":\"7343cc22-58d1-4b0d-bcf0-d437f1a0ed14\",\"t\":1791214405247}","source":"console","time":"2026-10-05T15:33:25Z"}
{"level":"info","msg":"{\"ev\":\"accepted\",\"id\":\"a381da9a-8153-4ddf-9325-0bf6fd369b4c\",\"t\":1791214405588}","source":"console","time":"2026-10-05T15:33:25Z"}
{"level":"info","msg":"{\"ev\":\"accepted\",\"id\":\"496a991f-b8bb-406d-b2a2-9592592336e8\",\"t\":1791214405924}","source":"console","time":"2026-10-05T15:33:25Z"}
{"level":"info","msg":"{\"ev\":\"accepted\",\"id\":\"35f6d539-b612-4e06-99f1-2e0a4d46fee3\",\"t\":1791214406264}","source":"console","time":"2026-10-05T15:33:26Z"}
{"level":"info","msg":"{\"ev\":\"accepted\",\"id\":\"54ff819f-dda1-4279-94bc-78142f2e4426\",\"t\":1791214406590}","source":"console","time":"2026-10-05T15:33:26Z"}
{"level":"info","msg":"{\"ev\":\"accepted\",\"id\":\"2bbbbe30-ec7b-4988-8017-9552ef289df3\",\"t\":1791214406918}","source":"console","time":"2026-10-05T15:33:26Z"}
{"level":"info","msg":"{\"ev\":\"accepted\",\"id\":\"20531787-67c3-4a22-a9d4-dbb2dcab8f92\",\"t\":1791214407266}","source":"console","time":"2026-10-05T15:33:27Z"}
{"level":"info","msg":"{\"ev\":\"accepted\",\"id\":\"002fc83f-7d65-41c8-a282-bbc49fd72f95\",\"t\":1791214407651}","source":"console","time":"2026-10-05T15:33:27Z"}
{"level":"info","msg":"{\"ev\":\"accepted\",\"id\":\"a2bbe306-25f8-45d3-830b-157993182e0f\",\"t\":1791214407933}","source":"console","time":"2026-10-05T15:33:27Z"}
{"level":"info","msg":"{\"ev\":\"accepted\",\"id\":\"4672bc4d-dd04-4a1d-9251-7b138944bab6\",\"t\":1791214408256}","source":"console","time":"2026-10-05T15:33:28Z"}
{"level":"info","msg":"{\"ev\":\"accepted\",\"id\":\"b4613df0-258b-4316-9e4a-9d219da611a6\",\"t\":1791214408579}","source":"console","time":"2026-10-05T15:33:28Z"}
{"level":"info","msg":"{\"ev\":\"accepted\",\"id\":\"da6a5716-e250-4811-9e14-1d840b9dda99\",\"t\":1791214408943}","source":"console","time":"2026-10-05T15:33:28Z"}
{"level":"info","msg":"{\"ev\":\"accepted\",\"id\":\"68bb13db-8e97-406b-b35b-2fc2be488ee4\",\"t\":1791214409260}","source":"console","time":"2026-10-05T15:33:29Z"}
{"level":"info","msg":"{\"ev\":\"accepted\",\"id\":\"43ed4080-068a-46b4-a920-7fdb54fd4919\",\"t\":1791214409590}","source":"console","time":"2026-10-05T15:33:29Z"}
{"level":"info","msg":"{\"ev\":\"accepted\",\"id\":\"ae2366f6-8fc1-4fc2-bf26-a25fdd34841d\",\"t\":1791214409937}","source":"console","time":"2026-10-05T15:33:29Z"}
{"level":"info","msg":"{\"ev\":\"accepted\",\"id\":\"6acd5e40-02dc-40e6-a487-a4cf33f783be\",\"t\":1791214410248}","source":"console","time":"2026-10-05T15:33:30Z"}
{"level":"info","msg":"{\"ev\":\"accepted\",\"id\":\"45b3555c-3707-41f2-849c-edd525f13ff6\",\"t\":1791214410586}","source":"console","time":"2026-10-05T15:33:30Z"}
{"level":"info","msg":"{\"ev\":\"accepted\",\"id\":\"47076e3f-86db-4943-ad32-c6e506737be9\",\"t\":1791214410936}","source":"console","time":"2026-10-05T15:33:30Z"}
{"level":"info","msg":"{\"ev\":\"accepted\",\"id\":\"3570ac3e-07c3-43b2-a5ee-a85e48a503c6\",\"t\":1791214411253}","source":"console","time":"2026-10-05T15:33:31Z"}
{"level":"info","msg":"{\"ev\":\"accepted\",\"id\":\"66196914-c258-4c39-b307-ceb67d2b0e8e\",\"t\":1791214411593}","source":"console","time":"2026-10-05T15:33:31Z"}
{"level":"info","msg":"{\"ev\":\"accepted\",\"id\":\"b94a948d-8e3a-4a7a-9348-58112dcec263\",\"t\":1791214411919}","source":"console","time":"2026-10-05T15:33:31Z"}
{"level":"info","msg":"{\"ev\":\"accepted\",\"id\":\"287e62f3-ce98-4414-b552-14521dbe8dd8\",\"t\":1791214412253}","source":"console","time":"2026-10-05T15:33:32Z"}
{"level":"info","msg":"{\"ev\":\"accepted\",\"id\":\"47036092-e7ab-46b2-8040-deb1abb43f56\",\"t\":1791214412586}","source":"console","time":"2026-10-05T15:33:32Z"}
{"level":"info","msg":"{\"ev\":\"accepted\",\"id\":\"00309809-e857-4ca3-8dc8-1ebea2ba32c5\",\"t\":1791214412939}","source":"console","time":"2026-10-05T15:33:32Z"}
{"level":"info","msg":"{\"ev\":\"accepted\",\"id\":\"b61d974f-e258-4525-adb7-0f6782e3c514\",\"t\":1791214413257}","source":"console","time":"2026-10-05T15:33:33Z"}
{"level":"info","msg":"{\"ev\":\"accepted\",\"id\":\"755990cf-3788-43e5-a42d-0549af2a2c1e\",\"t\":1791214413589}","source":"console","time":"2026-10-05T15:33:33Z"}
{"level":"info","msg":"{\"ev\":\"accepted\",\"id\":\"365a7b9d-f9f8-422f-b3c0-53f67cf04b86\",\"t\":1791214413918}","source":"console","time":"2026-10-05T15:33:33Z"}
{"level":"info","msg":"{\"ev\":\"accepted\",\"id\":\"ba188185-4eb0-407f-8236-0f96f0873924\",\"t\":1791214414265}","source":"console","time":"2026-10-05T15:33:34Z"}
{"level":"info","msg":"{\"ev\":\"accepted\",\"id\":\"cf486c03-39ac-452b-a085-e95c3334a513\",\"t\":1791214414582}","source":"console","time":"2026-10-05T15:33:34Z"}
{"level":"info","msg":"{\"ev\":\"accepted\",\"id\":\"59a98f1c-b668-42bd-87e7-4e77f87b39a8\",\"t\":1791214414913}","source":"console","time":"2026-10-05T15:33:34Z"}
{"level":"info","msg":"{\"ev\":\"accepted\",\"id\":\"94acdbd1-58e6-4f3d-a375-4e99c3cc80a8\",\"t\":1791214415252}","source":"console","time":"2026-10-05T15:33:35Z"}
{"level":"info","msg":"{\"ev\":\"accepted\",\"id\":\"28d517d3-c5da-489f-9d52-6a538a3d9982\",\"t\":1791214415592}","source":"console","time":"2026-10-05T15:33:35Z"}
{"level":"info","msg":"{\"ev\":\"accepted\",\"id\":\"b4c2f9c4-5cb3-4d5c-bb40-677fc4b7cfe8\",\"t\":1791214415925}","source":"console","time":"2026-10-05T15:33:35Z"}
{"level":"info","msg":"{\"ev\":\"accepted\",\"id\":\"f052965c-81c2-4bd1-9168-0e1ccdfbbbaa\",\"t\":1791214416256}","source":"console","time":"2026-10-05T15:33:36Z"}
{"level":"info","msg":"{\"ev\":\"accepted\",\"id\":\"51a8e2ff-a71d-4944-a687-ada919b8c632\",\"t\":1791214416593}","source":"console","time":"2026-10-05T15:33:36Z"}
{"level":"info","msg":"{\"ev\":\"accepted\",\"id\":\"26f11c95-6e1c-46a6-8fb7-1b534006c837\",\"t\":1791214416914}","source":"console","time":"2026-10-05T15:33:36Z"}
{"level":"info","msg":"{\"ev\":\"accepted\",\"id\":\"1d5b3436-1ab4-42e2-ad78-4e659a80ea5e\",\"t\":1791214417252}","source":"console","time":"2026-10-05T15:33:37Z"}
{"level":"info","msg":"{\"ev\":\"accepted\",\"id\":\"a1849ef7-3498-49b3-a749-b0e053730b81\",\"t\":1791214417606}","source":"console","time":"2026-10-05T15:33:37Z"}
{"level":"info","msg":"{\"ev\":\"accepted\",\"id\":\"21ebed07-f43b-4aa8-a584-33dbf16ea867\",\"t\":1791214417926}","source":"console","time":"2026-10-05T15:33:37Z"}
{"level":"info","msg":"{\"ev\":\"accepted\",\"id\":\"cc8d3e12-0fe1-4be9-93f9-329089d45fcf\",\"t\":1791214418260}","source":"console","time":"2026-10-05T15:33:38Z"}
{"level":"info","msg":"{\"ev\":\"accepted\",\"id\":\"acbc94a8-c596-4b28-bbd1-ddac00b0f08f\",\"t\":1791214418587}","source":"console","time":"2026-10-05T15:33:38Z"}
{"level":"info","msg":"{\"ev\":\"accepted\",\"id\":\"612f360e-c5cf-4147-bc2d-692d1a2c38ed\",\"t\":1791214418914}","source":"console","time":"2026-10-05T15:33:38Z"}
{"level":"info","msg":"{\"ev\":\"accepted\",\"id\":\"884f98c2-779c-4c70-8f9b-02d59e4337f5\",\"t\":1791214419255}","source":"console","time":"2026-10-05T15:33:39Z"}
{"level":"info","msg":"{\"ev\":\"accepted\",\"id\":\"79edf9b5-0e6e-48e5-af4c-60e20839cf40\",\"t\":1791214419590}","source":"console","time":"2026-10-05T15:33:39Z"}
{"level":"info","msg":"{\"ev\":\"accepted\",\"id\":\"cd2aa635-b9c8-4d09-81a3-65e9ac188746\",\"t\":1791214419918}","source":"console","time":"2026-10-05T15:33:39Z"}
{"level":"info","msg":"{\"ev\":\"accepted\",\"id\":\"7a5fb065-faf9-49a7-8336-572ef1ef3887\",\"t\":1791214420262}","source":"console","time":"2026-10-05T15:33:40Z"}
{"level":"info","msg":"{\"ev\":\"accepted\",\"id\":\"47eed9bd-58ff-481f-8fcf-280308640114\",\"t\":1791214420590}","source":"console","time":"2026-10-05T15:33:40Z"}
{"level":"info","msg":"{\"ev\":\"accepted\",\"id\":\"4e3d0541-a1bb-4c43-bc99-06a5fc9446eb\",\"t\":1791214420916}","source":"console","time":"2026-10-05T15:33:40Z"}
{"level":"info","msg":"{\"ev\":\"accepted\",\"id\":\"51ee3106-b57a-4889-82c1-999a396a3312\",\"t\":1791214421251}","source":"console","time":"2026-10-05T15:33:41Z"}
{"level":"info","msg":"{\"ev\":\"accepted\",\"id\":\"4c0cae00-a6c2-42ff-a766-f3c52049d8ba\",\"t\":1791214421604}","source":"console","time":"2026-10-05T15:33:41Z"}
{"level":"info","msg":"{\"ev\":\"accepted\",\"id\":\"9568b1d0-db5d-494a-8a76-9a83a75beef3\",\"t\":1791214421922}","source":"console","time":"2026-10-05T15:33:41Z"}
{"level":"info","msg":"{\"ev\":\"accepted\",\"id\":\"6669037a-387f-4213-8c8b-9c976d6d300c\",\"t\":1791214422252}","source":"console","time":"2026-10-05T15:33:42Z"}
{"level":"info","msg":"{\"ev\":\"accepted\",\"id\":\"bb3e18ee-bf11-4063-804e-e477da8715e2\",\"t\":1791214422607}","source":"console","time":"2026-10-05T15:33:42Z"}
{"level":"info","msg":"{\"ev\":\"accepted\",\"id\":\"59ade2d4-2a70-4bbf-977c-f091a8c54bb0\",\"t\":1791214422932}","source":"console","time":"2026-10-05T15:33:42Z"}
{"level":"info","msg":"{\"ev\":\"accepted\",\"id\":\"37bb970b-0e42-468d-a897-3ea4ba593bac\",\"t\":1791214423252}","source":"console","time":"2026-10-05T15:33:43Z"}
{"level":"info","msg":"{\"ev\":\"accepted\",\"id\":\"efb39b25-8305-4aac-9d95-9f9ea8c2a335\",\"t\":1791214423583}","source":"console","time":"2026-10-05T15:33:43Z"}
{"level":"info","msg":"{\"ev\":\"accepted\",\"id\":\"ec72713f-2833-4331-a65b-4dd7879a86c8\",\"t\":1791214423925}","source":"console","time":"2026-10-05T15:33:43Z"}
{"level":"info","msg":"{\"ev\":\"accepted\",\"id\":\"597647b7-7fcf-413c-b92c-a3bf9bf6205c\",\"t\":1791214424271}","source":"console","time":"2026-10-05T15:33:44Z"}
{"level":"info","msg":"{\"ev\":\"accepted\",\"id\":\"2fa5495d-f161-4276-a13c-4515ee1000c9\",\"t\":1791214424610}","source":"console","time":"2026-10-05T15:33:44Z"}
{"level":"info","msg":"{\"ev\":\"accepted\",\"id\":\"b7ac24d4-56ac-4b1c-9a1d-e6955769f94f\",\"t\":1791214424942}","source":"console","time":"2026-10-05T15:33:44Z"}
{"level":"info","msg":"{\"ev\":\"accepted\",\"id\":\"d800b91d-9594-4163-b3f4-e5e3bdd78f7f\",\"t\":1791214425313}","source":"console","time":"2026-10-05T15:33:45Z"}
{"level":"info","msg":"{\"ev\":\"accepted\",\"id\":\"301d9172-6e60-4650-b94b-f3914bae6794\",\"t\":1791214425605}","source":"console","time":"2026-10-05T15:33:45Z"}
{"level":"info","msg":"{\"ev\":\"accepted\",\"id\":\"e914154b-b800-4db7-b4ee-c78f1c7c05b2\",\"t\":1791214425920}","source":"console","time":"2026-10-05T15:33:45Z"}
{"level":"info","msg":"{\"ev\":\"accepted\",\"id\":\"58f931d0-ac70-47f5-b3d8-3e350fcc07d5\",\"t\":1791214426268}","source":"console","time":"2026-10-05T15:33:46Z"}
{"level":"info","msg":"{\"ev\":\"accepted\",\"id\":\"d7ea531c-ab80-4cbc-9dec-8287b6c068e7\",\"t\":1791214426602}","source":"console","time":"2026-10-05T15:33:46Z"}
{"level":"info","msg":"{\"ev\":\"accepted\",\"id\":\"82b2c102-a7b9-4e86-afd7-f00f5946809d\",\"t\":1791214426937}","source":"console","time":"2026-10-05T15:33:46Z"}
{"level":"info","msg":"{\"ev\":\"accepted\",\"id\":\"aa8d850a-fae0-4189-9a3b-20191bd6b1bb\",\"t\":1791214427264}","source":"console","time":"2026-10-05T15:33:47Z"}
{"level":"info","msg":"{\"ev\":\"accepted\",\"id\":\"cd04e86b-f0f0-43e6-8987-384de60a34f5\",\"t\":1791214427579}","source":"console","time":"2026-10-05T15:33:47Z"}
{"level":"info","msg":"{\"ev\":\"accepted\",\"id\":\"2d7b5ec0-e448-4312-bcd7-e0594796c045\",\"t\":1791214427917}","source":"console","time":"2026-10-05T15:33:47Z"}
{"level":"info","msg":"{\"ev\":\"accepted\",\"id\":\"ed64a283-c61a-4a5e-830c-1bc32fd8810d\",\"t\":1791214428246}","source":"console","time":"2026-10-05T15:33:48Z"}
{"level":"info","msg":"{\"ev\":\"accepted\",\"id\":\"4d5c1d6c-1c3f-48a2-8ec7-20e48ea95fbf\",\"t\":1791214428601}","source":"console","time":"2026-10-05T15:33:48Z"}
{"level":"info","msg":"{\"ev\":\"accepted\",\"id\":\"71626634-5555-49b7-be8d-5c8187119d9e\",\"t\":1791214428943}","source":"console","time":"2026-10-05T15:33:48Z"}
{"level":"info","msg":"{\"ev\":\"accepted\",\"id\":\"7a34f355-74a2-4fee-b494-e905e34b9599\",\"t\":1791214429282}","source":"console","time":"2026-10-05T15:33:49Z"}
{"level":"info","msg":"{\"ev\":\"accepted\",\"id\":\"73dbb2fc-798c-4810-8b89-91cea8df0ca1\",\"t\":1791214429581}","source":"console","time":"2026-10-05T15:33:49Z"}
{"level":"info","msg":"{\"ev\":\"accepted\",\"id\":\"f9a99e93-81c6-4b4a-a009-22cef3127552\",\"t\":1791214429921}","source":"console","time":"2026-10-05T15:33:49Z"}
{"level":"info","msg":"{\"ev\":\"accepted\",\"id\":\"34ae096a-55f9-4cc3-8687-07cedaf20139\",\"t\":1791214430267}","source":"console","time":"2026-10-05T15:33:50Z"}
{"level":"info","msg":"{\"ev\":\"accepted\",\"id\":\"752d340c-46c7-425a-a43a-1a6137b5483c\",\"t\":1791214430593}","source":"console","time":"2026-10-05T15:33:50Z"}
{"level":"info","msg":"{\"ev\":\"accepted\",\"id\":\"a9ec5dfb-b1c9-4fcd-8e43-222870df2a33\",\"t\":1791214430925}","source":"console","time":"2026-10-05T15:33:50Z"}
{"level":"info","msg":"{\"ev\":\"accepted\",\"id\":\"abc790c9-f0f3-4ad5-a325-c410f981b2ee\",\"t\":1791214431254}","source":"console","time":"2026-10-05T15:33:51Z"}
{"level":"info","msg":"{\"ev\":\"accepted\",\"id\":\"e85ec1bb-584c-48a1-a783-f0c51e5ad2a8\",\"t\":1791214431584}","source":"console","time":"2026-10-05T15:33:51Z"}
{"level":"info","msg":"{\"ev\":\"accepted\",\"id\":\"a1ce8493-5c18-411a-924b-440f383f8645\",\"t\":1791214431926}","source":"console","time":"2026-10-05T15:33:51Z"}
{"level":"info","msg":"{\"ev\":\"accepted\",\"id\":\"c02b30bc-0d96-40a3-8af7-8040a3bac535\",\"t\":1791214432249}","source":"console","time":"2026-10-05T15:33:52Z"}
{"level":"info","msg":"{\"ev\":\"accepted\",\"id\":\"7572a44c-3df6-4a57-ae78-142be93a530b\",\"t\":1791214432589}","source":"console","time":"2026-10-05T15:33:52Z"}
{"level":"info","msg":"{\"ev\":\"accepted\",\"id\":\"c28b3147-6e71-4f90-91f6-351cac3df03b\",\"t\":1791214432921}","source":"console","time":"2026-10-05T15:33:52Z"}
{"level":"info","msg":"{\"ev\":\"accepted\",\"id\":\"548ae4b4-9398-481b-88ca-5ee579bf9fb4\",\"t\":1791214433262}","source":"console","time":"2026-10-05T15:33:53Z"}
{"level":"info","msg":"{\"ev\":\"accepted\",\"id\":\"85539dce-f197-4fcd-8b7f-9b31670539bf\",\"t\":1791214433582}","source":"console","time":"2026-10-05T15:33:53Z"}
{"level":"info","msg":"{\"ev\":\"accepted\",\"id\":\"d28deff2-f2bd-455f-ae3f-cd2d42f58842\",\"t\":1791214434025}","source":"console","time":"2026-10-05T15:33:54Z"}
{"level":"info","msg":"{\"ev\":\"accepted\",\"id\":\"5102f0f6-86f5-40e7-93e8-f68682ada03d\",\"t\":1791214434271}","source":"console","time":"2026-10-05T15:33:54Z"}
{"level":"info","msg":"{\"ev\":\"accepted\",\"id\":\"607a81ca-d61c-4361-8512-d53d11ed974f\",\"t\":1791214434629}","source":"console","time":"2026-10-05T15:33:54Z"}
{"level":"info","msg":"{\"ev\":\"accepted\",\"id\":\"c2290458-54dd-441d-a707-b8e5aa019786\",\"t\":1791214434926}","source":"console","time":"2026-10-05T15:33:54Z"}
{"level":"info","msg":"{\"ev\":\"accepted\",\"id\":\"5aaca787-70e6-4aa7-a623-d0a85e83db9d\",\"t\":1791214435288}","source":"console","time":"2026-10-05T15:33:55Z"}
{"level":"info","msg":"{\"ev\":\"accepted\",\"id\":\"ca5e9cba-4940-4673-a6d4-ca29a452f819\",\"t\":1791214435586}","source":"console","time":"2026-10-05T15:33:55Z"}
{"level":"info","msg":"{\"ev\":\"accepted\",\"id\":\"647ed1cf-ef13-48f9-80c9-02f8203d674b\",\"t\":1791214435928}","source":"console","time":"2026-10-05T15:33:55Z"}
{"level":"info","msg":"{\"ev\":\"accepted\",\"id\":\"2db1d42f-b310-481b-a747-39a57aa91f4b\",\"t\":1791214436262}","source":"console","time":"2026-10-05T15:33:56Z"}
{"level":"info","msg":"{\"ev\":\"accepted\",\"id\":\"e7b790f3-7fec-4640-894d-4b68e3d0fe90\",\"t\":1791214436586}","source":"console","time":"2026-10-05T15:33:56Z"}
{"level":"info","msg":"{\"ev\":\"accepted\",\"id\":\"a14348e7-7f16-42dc-bb40-34ab112875e3\",\"t\":1791214436940}","source":"console","time":"2026-10-05T15:33:56Z"}
{"level":"info","msg":"{\"ev\":\"accepted\",\"id\":\"02633fa9-def7-4b5a-bf80-1965f7930111\",\"t\":1791214437261}","source":"console","time":"2026-10-05T15:33:57Z"}
{"level":"info","msg":"{\"ev\":\"accepted\",\"id\":\"394aeed2-8c1c-451e-9193-0a323631863b\",\"t\":1791214437602}","source":"console","time":"2026-10-05T15:33:57Z"}
{"level":"info","msg":"{\"ev\":\"accepted\",\"id\":\"0f73d2eb-dc98-4575-a41e-25809b2b8328\",\"t\":1791214437923}","source":"console","time":"2026-10-05T15:33:57Z"}
{"level":"info","msg":"{\"ev\":\"accepted\",\"id\":\"3f4576f3-4e74-413d-9403-8387d6ee6914\",\"t\":1791214438248}","source":"console","time":"2026-10-05T15:33:58Z"}
{"level":"info","msg":"{\"ev\":\"accepted\",\"id\":\"67a12052-5e80-4541-a2da-afbf35bf96b0\",\"t\":1791214438586}","source":"console","time":"2026-10-05T15:33:58Z"}
{"level":"info","msg":"{\"ev\":\"accepted\",\"id\":\"4b5fc4d2-271f-4c69-9c5a-3265d1ab648d\",\"t\":1791214438925}","source":"console","time":"2026-10-05T15:33:58Z"}
{"level":"info","msg":"{\"ev\":\"accepted\",\"id\":\"ca40bf53-018b-474e-9a03-4bcce3d84faf\",\"t\":1791214439256}","source":"console","time":"2026-10-05T15:33:59Z"}
{"level":"info","msg":"{\"ev\":\"accepted\",\"id\":\"e4d45a87-d278-43f3-bfee-1bd7b89aa0b2\",\"t\":1791214439589}","source":"console","time":"2026-10-05T15:33:59Z"}
{"level":"info","msg":"{\"ev\":\"accepted\",\"id\":\"641e9c37-53f9-45d1-a3f2-f9e230cd750f\",\"t\":1791214439919}","source":"console","time":"2026-10-05T15:33:59Z"}
{"level":"info","msg":"{\"ev\":\"accepted\",\"id\":\"83793c13-85fb-41cc-9b0e-a058064fb883\",\"t\":1791214440256}","source":"console","time":"2026-10-05T15:34:00Z"}
{"level":"info","msg":"{\"ev\":\"accepted\",\"id\":\"cfd9a757-2126-4de2-904b-b71bdfb76fc8\",\"t\":1791214440582}","source":"console","time":"2026-10-05T15:34:00Z"}
{"level":"info","msg":"{\"ev\":\"accepted\",\"id\":\"a4366d1f-4317-4bbe-926b-eb647be408c0\",\"t\":1791214440917}","source":"console","time":"2026-10-05T15:34:00Z"}
{"level":"info","msg":"{\"ev\":\"accepted\",\"id\":\"f6a56da8-c2b0-49fb-8c7c-fe6ea3da0f59\",\"t\":1791214441252}","source":"console","time":"2026-10-05T15:34:01Z"}
{"level":"info","msg":"{\"ev\":\"accepted\",\"id\":\"02ac6d00-a6d7-42ff-8db4-bf77f2d309d6\",\"t\":1791214441584}","source":"console","time":"2026-10-05T15:34:01Z"}
{"level":"info","msg":"{\"ev\":\"accepted\",\"id\":\"c2681b16-68df-4695-b3bb-2c4ae50108c4\",\"t\":1791214441927}","source":"console","time":"2026-10-05T15:34:01Z"}
{"level":"info","msg":"{\"ev\":\"accepted\",\"id\":\"09d2312c-a165-47e4-be66-b51162f389b5\",\"t\":1791214442253}","source":"console","time":"2026-10-05T15:34:02Z"}
{"level":"info","msg":"{\"ev\":\"accepted\",\"id\":\"03cd3c4d-ce25-43c2-b06d-534660ae53c9\",\"t\":1791214442603}","source":"console","time":"2026-10-05T15:34:02Z"}
{"level":"info","msg":"{\"ev\":\"accepted\",\"id\":\"cf6771ab-8f3a-4396-a32b-df91f6e426a8\",\"t\":1791214442917}","source":"console","time":"2026-10-05T15:34:02Z"}
{"level":"info","msg":"{\"ev\":\"accepted\",\"id\":\"bf884300-74c6-4a56-9123-b1e1c4ec3c2e\",\"t\":1791214443252}","source":"console","time":"2026-10-05T15:34:03Z"}
{"level":"info","msg":"{\"ev\":\"accepted\",\"id\":\"c70b2177-dedf-4fc9-bd45-e273d5c07e60\",\"t\":1791214443593}","source":"console","time":"2026-10-05T15:34:03Z"}
{"level":"info","msg":"{\"ev\":\"accepted\",\"id\":\"c314eba4-b5e9-44a9-8763-c993e33e8604\",\"t\":1791214443923}","source":"console","time":"2026-10-05T15:34:03Z"}
{"level":"info","msg":"{\"ev\":\"accepted\",\"id\":\"ece30c13-03e7-45eb-887c-1275752f38a2\",\"t\":1791214444260}","source":"console","time":"2026-10-05T15:34:04Z"}
{"level":"info","msg":"{\"ev\":\"accepted\",\"id\":\"1bff1739-4c1e-4a70-96e4-9a758161a5a8\",\"t\":1791214444593}","source":"console","time":"2026-10-05T15:34:04Z"}
{"level":"info","msg":"{\"ev\":\"accepted\",\"id\":\"5af31302-232e-492c-bf57-773d3b9f88a0\",\"t\":1791214444926}","source":"console","time":"2026-10-05T15:34:04Z"}
{"level":"info","msg":"{\"ev\":\"accepted\",\"id\":\"43a8d681-60f2-4541-add2-88ccf17f2051\",\"t\":1791214445262}","source":"console","time":"2026-10-05T15:34:05Z"}
{"level":"info","msg":"{\"ev\":\"accepted\",\"id\":\"0abfa5e8-143e-4b07-ac83-a490bcb13e36\",\"t\":1791214445591}","source":"console","time":"2026-10-05T15:34:05Z"}
{"level":"info","msg":"{\"ev\":\"accepted\",\"id\":\"f9acf12e-36f7-4274-867c-4a3ca5e5ef68\",\"t\":1791214445921}","source":"console","time":"2026-10-05T15:34:05Z"}
{"level":"info","msg":"{\"ev\":\"accepted\",\"id\":\"5f58470d-e7ba-4e55-9cd4-6c6e0a72439e\",\"t\":1791214446260}","source":"console","time":"2026-10-05T15:34:06Z"}
{"level":"info","msg":"{\"ev\":\"accepted\",\"id\":\"3d0e792b-a9f3-45e0-8591-90c2c34757c2\",\"t\":1791214446585}","source":"console","time":"2026-10-05T15:34:06Z"}
{"level":"info","msg":"{\"ev\":\"accepted\",\"id\":\"b3e44526-a576-427a-ad94-f384eb179fce\",\"t\":1791214446923}","source":"console","time":"2026-10-05T15:34:06Z"}
{"level":"info","msg":"{\"ev\":\"accepted\",\"id\":\"bf2be4fd-4ee1-4718-bd37-a7e69cfd94e9\",\"t\":1791214447247}","source":"console","time":"2026-10-05T15:34:07Z"}
{"level":"info","msg":"{\"ev\":\"accepted\",\"id\":\"cace57c7-e10b-4f77-9644-611cd70d7dc7\",\"t\":1791214447604}","source":"console","time":"2026-10-05T15:34:07Z"}
{"level":"info","msg":"{\"ev\":\"accepted\",\"id\":\"fe476158-b39f-472b-ae46-2e4d9eeac905\",\"t\":1791214447915}","source":"console","time":"2026-10-05T15:34:07Z"}
{"level":"info","msg":"{\"ev\":\"accepted\",\"id\":\"bdf8e311-e1f3-4e90-96b1-bb2596c7a02c\",\"t\":1791214448253}","source":"console","time":"2026-10-05T15:34:08Z"}
{"level":"info","msg":"{\"ev\":\"accepted\",\"id\":\"1301e801-1b84-4e53-9feb-986011ec8cd1\",\"t\":1791214448592}","source":"console","time":"2026-10-05T15:34:08Z"}
{"level":"info","msg":"{\"ev\":\"accepted\",\"id\":\"c34714da-f1e8-4f9d-b943-9fcef7009a30\",\"t\":1791214448923}","source":"console","time":"2026-10-05T15:34:08Z"}
{"level":"info","msg":"{\"ev\":\"accepted\",\"id\":\"e8a09cf8-9386-4d08-96ce-e29618834668\",\"t\":1791214449250}","source":"console","time":"2026-10-05T15:34:09Z"}
{"level":"info","msg":"{\"ev\":\"accepted\",\"id\":\"3dd31b08-efd4-43f0-a929-3626622cc2cb\",\"t\":1791214449597}","source":"console","time":"2026-10-05T15:34:09Z"}
{"level":"info","msg":"{\"ev\":\"accepted\",\"id\":\"fba56591-ea29-4fdc-a129-ca22cdb3d700\",\"t\":1791214449918}","source":"console","time":"2026-10-05T15:34:09Z"}
{"level":"info","msg":"{\"ev\":\"accepted\",\"id\":\"fa37146f-82b5-4f5f-9001-a6d5fdc85f10\",\"t\":1791214450261}","source":"console","time":"2026-10-05T15:34:10Z"}
{"level":"info","msg":"{\"ev\":\"accepted\",\"id\":\"a59cf068-a7bb-407d-9f03-acdabbe97fd9\",\"t\":1791214450590}","source":"console","time":"2026-10-05T15:34:10Z"}
{"level":"info","msg":"{\"ev\":\"accepted\",\"id\":\"b7df3cb9-4925-4f81-bc18-43ffd99851e7\",\"t\":1791214450920}","source":"console","time":"2026-10-05T15:34:10Z"}
{"level":"info","msg":"{\"ev\":\"accepted\",\"id\":\"9fad8f8e-e44e-4e82-8566-f971f88e6bf3\",\"t\":1791214451264}","source":"console","time":"2026-10-05T15:34:11Z"}
{"level":"info","msg":"{\"ev\":\"accepted\",\"id\":\"763efd1f-fe3b-4222-806f-cf8c5a0e55b6\",\"t\":1791214451613}","source":"console","time":"2026-10-05T15:34:11Z"}
{"level":"info","msg":"{\"ev\":\"accepted\",\"id\":\"8ce51c13-4ede-4aea-8b75-b8fa1c110d3b\",\"t\":1791214451918}","source":"console","time":"2026-10-05T15:34:11Z"}
{"level":"info","msg":"{\"ev\":\"accepted\",\"id\":\"0271d7e8-d4b7-4ac9-86ed-ef554f2c9b37\",\"t\":1791214452255}","source":"console","time":"2026-10-05T15:34:12Z"}
{"level":"info","msg":"{\"ev\":\"accepted\",\"id\":\"3b3086de-c816-46f4-aa7c-9cb913608ef8\",\"t\":1791214452592}","source":"console","time":"2026-10-05T15:34:12Z"}
{"level":"info","msg":"{\"ev\":\"accepted\",\"id\":\"e1aeae65-7a55-4523-bac7-04fbc4589807\",\"t\":1791214452916}","source":"console","time":"2026-10-05T15:34:12Z"}
{"level":"info","msg":"{\"ev\":\"accepted\",\"id\":\"6b426779-e6bf-4647-8def-bbe085d6c964\",\"t\":1791214453250}","source":"console","time":"2026-10-05T15:34:13Z"}
{"level":"info","msg":"{\"ev\":\"accepted\",\"id\":\"cb1b8721-5884-4d7f-9471-f0cf4d88fcea\",\"t\":1791214453588}","source":"console","time":"2026-10-05T15:34:13Z"}
{"level":"info","msg":"{\"ev\":\"accepted\",\"id\":\"1f1296e6-b5c5-4d13-a5c9-b3a55c64cd6b\",\"t\":1791214453913}","source":"console","time":"2026-10-05T15:34:13Z"}
{"level":"info","msg":"{\"ev\":\"accepted\",\"id\":\"e70bc0ce-069c-4a89-aeb1-7acb8dd0b8dd\",\"t\":1791214454249}","source":"console","time":"2026-10-05T15:34:14Z"}
{"level":"info","msg":"{\"ev\":\"accepted\",\"id\":\"a283719e-5f0f-4279-b0e8-bd0868df66f6\",\"t\":1791214454606}","source":"console","time":"2026-10-05T15:34:14Z"}
{"level":"info","msg":"{\"ev\":\"accepted\",\"id\":\"c6694d56-513f-4975-a624-e30998f3734c\",\"t\":1791214454929}","source":"console","time":"2026-10-05T15:34:14Z"}
{"level":"info","msg":"{\"ev\":\"accepted\",\"id\":\"2a6df590-391d-43f3-97f2-5357cbf62c27\",\"t\":1791214455255}","source":"console","time":"2026-10-05T15:34:15Z"}
{"level":"info","msg":"{\"ev\":\"accepted\",\"id\":\"ce4ba764-75da-4c83-9b91-ac488a3140a2\",\"t\":1791214455590}","source":"console","time":"2026-10-05T15:34:15Z"}
{"level":"info","msg":"{\"ev\":\"accepted\",\"id\":\"4864d0c7-3fe1-4902-8fa8-ff653c87fcb5\",\"t\":1791214455916}","source":"console","time":"2026-10-05T15:34:15Z"}
{"level":"info","msg":"{\"ev\":\"accepted\",\"id\":\"f225a217-7216-4671-bfbe-7f4757180a6e\",\"t\":1791214456248}","source":"console","time":"2026-10-05T15:34:16Z"}
{"level":"info","msg":"{\"ev\":\"accepted\",\"id\":\"d6aaaeb5-b2d2-4d23-b4f3-e8ad3dfb8d37\",\"t\":1791214456578}","source":"console","time":"2026-10-05T15:34:16Z"}
{"level":"info","msg":"{\"ev\":\"accepted\",\"id\":\"816a34c9-e203-442f-9cec-ba0514557448\",\"t\":1791214456921}","source":"console","time":"2026-10-05T15:34:16Z"}
{"level":"info","msg":"{\"ev\":\"accepted\",\"id\":\"73f3afac-baf6-4855-9535-3a7992c2e75c\",\"t\":1791214457257}","source":"console","time":"2026-10-05T15:34:17Z"}
{"level":"info","msg":"{\"ev\":\"accepted\",\"id\":\"2f249f28-e266-4d81-a616-75b83e5ae8fa\",\"t\":1791214457593}","source":"console","time":"2026-10-05T15:34:17Z"}
{"level":"info","msg":"{\"ev\":\"accepted\",\"id\":\"7a55fbe8-dc21-421c-a063-bef541c3fb1a\",\"t\":1791214457923}","source":"console","time":"2026-10-05T15:34:17Z"}
{"level":"info","msg":"{\"ev\":\"accepted\",\"id\":\"303b2a76-e391-43d5-8e0f-e7f1fe087dc1\",\"t\":1791214458253}","source":"console","time":"2026-10-05T15:34:18Z"}
{"level":"info","msg":"{\"ev\":\"accepted\",\"id\":\"735f79a0-1dfd-469a-b788-e9b4844a129a\",\"t\":1791214458578}","source":"console","time":"2026-10-05T15:34:18Z"}
{"level":"info","msg":"{\"ev\":\"accepted\",\"id\":\"c480a54f-ebe1-46b7-839b-09ba47cb5605\",\"t\":1791214458919}","source":"console","time":"2026-10-05T15:34:18Z"}
{"level":"info","msg":"{\"ev\":\"accepted\",\"id\":\"c672bd84-62da-4c60-a529-5347d8f01f15\",\"t\":1791214459250}","source":"console","time":"2026-10-05T15:34:19Z"}
{"level":"info","msg":"{\"ev\":\"accepted\",\"id\":\"43687671-4c63-427a-988e-977b4e464d12\",\"t\":1791214459615}","source":"console","time":"2026-10-05T15:34:19Z"}
{"level":"info","msg":"{\"ev\":\"accepted\",\"id\":\"a4a70460-aceb-4ce9-88ab-c5616d6e0119\",\"t\":1791214459919}","source":"console","time":"2026-10-05T15:34:19Z"}
{"level":"info","msg":"{\"ev\":\"accepted\",\"id\":\"60cdc6bd-6803-481f-84f0-414c65271992\",\"t\":1791214460258}","source":"console","time":"2026-10-05T15:34:20Z"}
{"level":"info","msg":"{\"ev\":\"accepted\",\"id\":\"81a2d91e-ef25-4840-832e-0a136ce6c4a5\",\"t\":1791214460586}","source":"console","time":"2026-10-05T15:34:20Z"}
{"level":"info","msg":"{\"ev\":\"accepted\",\"id\":\"7118f6eb-9bcf-4f7e-8637-899b7e813d25\",\"t\":1791214460911}","source":"console","time":"2026-10-05T15:34:20Z"}
{"level":"info","msg":"{\"ev\":\"accepted\",\"id\":\"11e78cfc-2cb8-49d5-9198-bf8f65b7d6ef\",\"t\":1791214461250}","source":"console","time":"2026-10-05T15:34:21Z"}
{"level":"info","msg":"{\"ev\":\"accepted\",\"id\":\"404920df-686e-48bc-a51e-be93c7985c99\",\"t\":1791214461579}","source":"console","time":"2026-10-05T15:34:21Z"}
{"level":"info","msg":"{\"ev\":\"accepted\",\"id\":\"a97cd4ea-89be-4540-8f45-b533f486d01e\",\"t\":1791214461931}","source":"console","time":"2026-10-05T15:34:21Z"}
{"level":"info","msg":"{\"ev\":\"accepted\",\"id\":\"28ece68b-a689-432e-ae84-25bdc2ff8605\",\"t\":1791214462250}","source":"console","time":"2026-10-05T15:34:22Z"}
{"level":"info","msg":"{\"ev\":\"accepted\",\"id\":\"4c1d3d9e-9abd-4cf5-9370-f8c87afba024\",\"t\":1791214462582}","source":"console","time":"2026-10-05T15:34:22Z"}
{"level":"info","msg":"{\"ev\":\"accepted\",\"id\":\"d602aa5b-73d0-411a-9808-fd2fa4a70dab\",\"t\":1791214462916}","source":"console","time":"2026-10-05T15:34:22Z"}
{"level":"info","msg":"{\"ev\":\"accepted\",\"id\":\"2d16b8c9-6310-4da4-9d50-63a20f28f74d\",\"t\":1791214463249}","source":"console","time":"2026-10-05T15:34:23Z"}
{"level":"info","msg":"{\"ev\":\"accepted\",\"id\":\"33d31ab4-2681-4105-919e-f41b888e74f2\",\"t\":1791214463590}","source":"console","time":"2026-10-05T15:34:23Z"}
{"level":"info","msg":"{\"ev\":\"accepted\",\"id\":\"9cd16699-64a1-46c2-9d05-e5c79b7fb4a2\",\"t\":1791214463926}","source":"console","time":"2026-10-05T15:34:23Z"}
{"level":"info","msg":"{\"ev\":\"accepted\",\"id\":\"d9aeae0f-8d42-4a43-9004-218f23d2fa4b\",\"t\":1791214464257}","source":"console","time":"2026-10-05T15:34:24Z"}
{"level":"info","msg":"{\"ev\":\"accepted\",\"id\":\"a545bc3e-68aa-4cf2-97a6-2dba3979dd4d\",\"t\":1791214464594}","source":"console","time":"2026-10-05T15:34:24Z"}
{"level":"info","msg":"{\"ev\":\"accepted\",\"id\":\"51788a32-9ac6-4606-8009-4b85ba4bb289\",\"t\":1791214464934}","source":"console","time":"2026-10-05T15:34:24Z"}
{"level":"info","msg":"{\"ev\":\"accepted\",\"id\":\"e9a42768-d9ca-4a1f-942a-4aba47d79ce5\",\"t\":1791214465258}","source":"console","time":"2026-10-05T15:34:25Z"}
{"level":"info","msg":"{\"ev\":\"accepted\",\"id\":\"4cf2fc96-e7fc-44dc-b550-1d4c21e0c935\",\"t\":1791214465588}","source":"console","time":"2026-10-05T15:34:25Z"}
{"level":"info","msg":"{\"ev\":\"accepted\",\"id\":\"4a70d83a-1d25-4a81-9293-6c5ccc3f6b5a\",\"t\":1791214465921}","source":"console","time":"2026-10-05T15:34:25Z"}
{"level":"info","msg":"{\"ev\":\"accepted\",\"id\":\"403bd794-4718-4b78-a1c8-086e0d1c8f15\",\"t\":1791214466254}","source":"console","time":"2026-10-05T15:34:26Z"}
{"level":"info","msg":"{\"ev\":\"accepted\",\"id\":\"4a6ec685-a17f-4c21-9ee0-22efd05069e5\",\"t\":1791214466583}","source":"console","time":"2026-10-05T15:34:26Z"}
{"level":"info","msg":"{\"ev\":\"accepted\",\"id\":\"0b68f964-8725-4456-9b13-2fadabaa0254\",\"t\":1791214466917}","source":"console","time":"2026-10-05T15:34:26Z"}
{"level":"info","msg":"{\"ev\":\"accepted\",\"id\":\"828c733c-5482-4635-8246-7e7afbfa070d\",\"t\":1791214467259}","source":"console","time":"2026-10-05T15:34:27Z"}
{"level":"info","msg":"{\"ev\":\"accepted\",\"id\":\"3be9d90e-46f6-441b-9e4f-4b9b31a0f4bf\",\"t\":1791214467597}","source":"console","time":"2026-10-05T15:34:27Z"}
{"level":"info","msg":"{\"ev\":\"accepted\",\"id\":\"52385b16-4a37-48c4-b70f-990cf5e79c2a\",\"t\":1791214467916}","source":"console","time":"2026-10-05T15:34:27Z"}
{"level":"info","msg":"{\"ev\":\"accepted\",\"id\":\"af139c74-3186-4a19-ae23-0c6fa09a99ba\",\"t\":1791214468259}","source":"console","time":"2026-10-05T15:34:28Z"}
{"level":"info","msg":"{\"ev\":\"accepted\",\"id\":\"25c170f7-08db-482f-8d1f-c8687d7c56c2\",\"t\":1791214468590}","source":"console","time":"2026-10-05T15:34:28Z"}
{"level":"info","msg":"{\"ev\":\"accepted\",\"id\":\"60f019ce-2abb-4dba-af4f-fde8d3712bc5\",\"t\":1791214468913}","source":"console","time":"2026-10-05T15:34:28Z"}
{"level":"info","msg":"{\"ev\":\"accepted\",\"id\":\"1060d533-cc3a-4ba4-a757-2f43da15f4f3\",\"t\":1791214469260}","source":"console","time":"2026-10-05T15:34:29Z"}
{"level":"info","msg":"{\"ev\":\"accepted\",\"id\":\"2f2b12d4-2bc2-4f80-a859-c55e441a85f5\",\"t\":1791214469588}","source":"console","time":"2026-10-05T15:34:29Z"}
{"level":"info","msg":"{\"ev\":\"accepted\",\"id\":\"237e43f6-7272-477a-a209-3614d4d3bb79\",\"t\":1791214469925}","source":"console","time":"2026-10-05T15:34:29Z"}
{"level":"info","msg":"{\"ev\":\"accepted\",\"id\":\"a4b78fda-5acc-4a78-85c9-0fd2d8b8e28a\",\"t\":1791214470251}","source":"console","time":"2026-10-05T15:34:30Z"}
{"level":"info","msg":"{\"ev\":\"accepted\",\"id\":\"af189128-1d07-4ed4-a08d-d8f693dff311\",\"t\":1791214470582}","source":"console","time":"2026-10-05T15:34:30Z"}
{"level":"info","msg":"{\"ev\":\"accepted\",\"id\":\"a3929bf1-ad5c-4482-b48f-d2814603f4bf\",\"t\":1791214470908}","source":"console","time":"2026-10-05T15:34:30Z"}
{"level":"info","msg":"{\"ev\":\"accepted\",\"id\":\"7b11fa77-634f-4f11-9ef9-57e4035c866d\",\"t\":1791214471260}","source":"console","time":"2026-10-05T15:34:31Z"}
{"level":"info","msg":"{\"ev\":\"accepted\",\"id\":\"39d6e78f-2d3f-4dcb-9726-f0ee0a8496f8\",\"t\":1791214471584}","source":"console","time":"2026-10-05T15:34:31Z"}
{"level":"info","msg":"{\"ev\":\"accepted\",\"id\":\"3c4e1bd8-a6a2-4c8f-8fe4-4180a3afcaea\",\"t\":1791214471922}","source":"console","time":"2026-10-05T15:34:31Z"}
{"level":"info","msg":"{\"ev\":\"accepted\",\"id\":\"4a2e9ee4-ca19-48b0-aa42-010888c0c48f\",\"t\":1791214472258}","source":"console","time":"2026-10-05T15:34:32Z"}
{"level":"info","msg":"{\"ev\":\"accepted\",\"id\":\"8a38ebe9-2b36-4707-ad33-c03ef4607db2\",\"t\":1791214472591}","source":"console","time":"2026-10-05T15:34:32Z"}
{"level":"info","msg":"{\"ev\":\"accepted\",\"id\":\"c5925870-1a64-456b-8639-651157e4b9a7\",\"t\":1791214472939}","source":"console","time":"2026-10-05T15:34:32Z"}
{"level":"info","msg":"{\"ev\":\"accepted\",\"id\":\"9fe020cb-8839-4b2a-b449-79c439824783\",\"t\":1791214473246}","source":"console","time":"2026-10-05T15:34:33Z"}
{"level":"info","msg":"{\"ev\":\"accepted\",\"id\":\"2c0ec6e7-a8ee-431a-aa5f-7deff7ecd38c\",\"t\":1791214473590}","source":"console","time":"2026-10-05T15:34:33Z"}
{"level":"info","msg":"{\"ev\":\"accepted\",\"id\":\"70edfdd1-f374-4fdf-bc1b-6064570fa8cc\",\"t\":1791214473933}","source":"console","time":"2026-10-05T15:34:33Z"}
{"level":"info","msg":"{\"ev\":\"accepted\",\"id\":\"8b88b8f7-83e5-4344-bca9-ed96324b2f22\",\"t\":1791214474260}","source":"console","time":"2026-10-05T15:34:34Z"}
{"level":"info","msg":"{\"ev\":\"accepted\",\"id\":\"783e6662-4856-40e7-8137-85edf6b3f113\",\"t\":1791214474591}","source":"console","time":"2026-10-05T15:34:34Z"}
{"level":"info","msg":"{\"ev\":\"accepted\",\"id\":\"7002f89c-1fcb-4518-b3e2-75dfac1b0bad\",\"t\":1791214474914}","source":"console","time":"2026-10-05T15:34:34Z"}
{"level":"info","msg":"{\"ev\":\"accepted\",\"id\":\"08f6770f-db76-43ba-b58b-2f5d36c33359\",\"t\":1791214475252}","source":"console","time":"2026-10-05T15:34:35Z"}
{"level":"info","msg":"{\"ev\":\"accepted\",\"id\":\"1b2c4e0a-e906-4e94-8a22-6407f3ffe134\",\"t\":1791214475580}","source":"console","time":"2026-10-05T15:34:35Z"}
{"level":"info","msg":"{\"ev\":\"accepted\",\"id\":\"fea1bd8e-dfe0-4bd4-bef5-32693078a240\",\"t\":1791214475918}","source":"console","time":"2026-10-05T15:34:35Z"}
{"level":"info","msg":"{\"ev\":\"accepted\",\"id\":\"a0ff48a4-c213-4309-832d-b7d50d9358c8\",\"t\":1791214476254}","source":"console","time":"2026-10-05T15:34:36Z"}
{"level":"info","msg":"{\"ev\":\"accepted\",\"id\":\"2685f04c-5748-48a3-bd1b-e93e19684f66\",\"t\":1791214476581}","source":"console","time":"2026-10-05T15:34:36Z"}
{"level":"info","msg":"{\"ev\":\"accepted\",\"id\":\"4418b7d7-f8b9-4b16-9943-7bb3579f5821\",\"t\":1791214476915}","source":"console","time":"2026-10-05T15:34:36Z"}
{"level":"info","msg":"{\"ev\":\"accepted\",\"id\":\"e37e5b29-785b-4c47-a74f-d3fbeca48a48\",\"t\":1791214477257}","source":"console","time":"2026-10-05T15:34:37Z"}
{"level":"info","msg":"{\"ev\":\"accepted\",\"id\":\"0eef424e-223c-45bd-8e84-885eb1accb8f\",\"t\":1791214477578}","source":"console","time":"2026-10-05T15:34:37Z"}
{"level":"info","msg":"{\"ev\":\"accepted\",\"id\":\"154633b9-924d-4ae8-9ae5-009c24f88151\",\"t\":1791214477925}","source":"console","time":"2026-10-05T15:34:37Z"}
{"level":"info","msg":"{\"ev\":\"accepted\",\"id\":\"b27d3ef0-b0f0-4381-822a-d0e8766388bd\",\"t\":1791214478247}","source":"console","time":"2026-10-05T15:34:38Z"}
{"level":"info","msg":"{\"ev\":\"accepted\",\"id\":\"1e827a03-a704-4ae8-bd52-dc2d167dd6f9\",\"t\":1791214478578}","source":"console","time":"2026-10-05T15:34:38Z"}
{"level":"info","msg":"{\"ev\":\"accepted\",\"id\":\"c94c3a13-d5c6-497f-98b9-155fc61d3f66\",\"t\":1791214478921}","source":"console","time":"2026-10-05T15:34:38Z"}
{"level":"info","msg":"{\"ev\":\"accepted\",\"id\":\"531b07d3-6247-4fe7-9997-45192252081d\",\"t\":1791214479251}","source":"console","time":"2026-10-05T15:34:39Z"}
{"level":"info","msg":"{\"ev\":\"accepted\",\"id\":\"30379fae-069b-470b-b5a2-500c67f1e19a\",\"t\":1791214479584}","source":"console","time":"2026-10-05T15:34:39Z"}
{"level":"info","msg":"{\"ev\":\"accepted\",\"id\":\"8fd5b7f1-4085-43b7-a744-000c95c7d33e\",\"t\":1791214479915}","source":"console","time":"2026-10-05T15:34:39Z"}
{"level":"info","msg":"{\"ev\":\"accepted\",\"id\":\"f24e06a2-c10b-4573-ab90-e13b3b9ee41b\",\"t\":1791214480255}","source":"console","time":"2026-10-05T15:34:40Z"}
{"level":"info","msg":"{\"ev\":\"accepted\",\"id\":\"a4d936b6-f71b-47fa-9a39-745a5aea8ea7\",\"t\":1791214480582}","source":"console","time":"2026-10-05T15:34:40Z"}
{"level":"info","msg":"{\"ev\":\"accepted\",\"id\":\"b0a83947-325d-440e-b0f2-8265f9942f51\",\"t\":1791214480924}","source":"console","time":"2026-10-05T15:34:40Z"}
{"level":"info","msg":"{\"ev\":\"accepted\",\"id\":\"6823fc97-a028-41ec-9d61-8d9424635a74\",\"t\":1791214481225}","source":"console","time":"2026-10-05T15:34:41Z"}
{"level":"info","msg":"{\"ev\":\"accepted\",\"id\":\"790577fe-d0f5-4949-b426-ab29a35fd456\",\"t\":1791214481531}","source":"console","time":"2026-10-05T15:34:41Z"}
{"level":"info","msg":"{\"ev\":\"accepted\",\"id\":\"e17e5cfd-b7de-440f-aaea-46ecf7b85f98\",\"t\":1791214481816}","source":"console","time":"2026-10-05T15:34:41Z"}
{"level":"info","msg":"{\"ev\":\"accepted\",\"id\":\"d0cc5cac-052b-4310-8a9b-34ee2d41445b\",\"t\":1791214482075}","source":"console","time":"2026-10-05T15:34:42Z"}
{"level":"info","msg":"{\"ev\":\"accepted\",\"id\":\"bbb4d627-90ca-41b2-88d2-ed1bbe8e9fc8\",\"t\":1791214482346}","source":"console","time":"2026-10-05T15:34:42Z"}
{"level":"info","msg":"{\"ev\":\"accepted\",\"id\":\"0ffc7adc-27e0-47c4-8181-da3e849481a0\",\"t\":1791214482588}","source":"console","time":"2026-10-05T15:34:42Z"}
{"level":"info","msg":"{\"ev\":\"accepted\",\"id\":\"0450086b-1874-4de7-a2fd-b8a38fbf1169\",\"t\":1791214482834}","source":"console","time":"2026-10-05T15:34:42Z"}
{"level":"info","msg":"{\"ev\":\"accepted\",\"id\":\"b3118362-0019-49bf-ba9f-9bea308cc617\",\"t\":1791214483053}","source":"console","time":"2026-10-05T15:34:43Z"}
{"level":"info","msg":"{\"ev\":\"accepted\",\"id\":\"e9796a79-9167-4d5a-ac85-c0d8febc1f18\",\"t\":1791214483287}","source":"console","time":"2026-10-05T15:34:43Z"}
{"level":"info","msg":"{\"ev\":\"accepted\",\"id\":\"858945ff-4a0c-413a-8050-70f8ae0bba63\",\"t\":1791214483507}","source":"console","time":"2026-10-05T15:34:43Z"}
{"level":"info","msg":"{\"ev\":\"accepted\",\"id\":\"925d437b-0df3-428b-8093-b5dd819048ed\",\"t\":1791214483714}","source":"console","time":"2026-10-05T15:34:43Z"}
{"level":"info","msg":"{\"ev\":\"accepted\",\"id\":\"bfb4fae2-cbce-4bc9-872a-7e927b61036f\",\"t\":1791214483919}","source":"console","time":"2026-10-05T15:34:43Z"}
{"level":"info","msg":"{\"ev\":\"accepted\",\"id\":\"36f9b11e-8123-4ba1-90e5-ad837e1451b4\",\"t\":1791214484121}","source":"console","time":"2026-10-05T15:34:44Z"}
{"level":"info","msg":"{\"ev\":\"accepted\",\"id\":\"d722a457-fcfc-45e7-91bc-bc767f114201\",\"t\":1791214484313}","source":"console","time":"2026-10-05T15:34:44Z"}
{"level":"info","msg":"{\"ev\":\"accepted\",\"id\":\"ae2f5465-0914-4430-9005-7141560ab970\",\"t\":1791214484512}","source":"console","time":"2026-10-05T15:34:44Z"}
{"level":"info","msg":"{\"ev\":\"accepted\",\"id\":\"60fcc675-6446-489e-862d-6bf4f412a8a7\",\"t\":1791214484695}","source":"console","time":"2026-10-05T15:34:44Z"}
{"level":"info","msg":"{\"ev\":\"accepted\",\"id\":\"9924e90e-62d9-4c61-b2f5-b098ba9b7d01\",\"t\":1791214484883}","source":"console","time":"2026-10-05T15:34:44Z"}
{"level":"info","msg":"{\"ev\":\"accepted\",\"id\":\"a20adb1a-b885-4fe0-b246-bd1ccc250b0e\",\"t\":1791214485065}","source":"console","time":"2026-10-05T15:34:45Z"}
{"level":"info","msg":"{\"ev\":\"accepted\",\"id\":\"006699fc-4a16-42fe-b893-185325e83fa5\",\"t\":1791214485244}","source":"console","time":"2026-10-05T15:34:45Z"}
{"level":"info","msg":"{\"ev\":\"accepted\",\"id\":\"6fae48b6-fa31-4535-bb11-c0dcb0db4409\",\"t\":1791214485420}","source":"console","time":"2026-10-05T15:34:45Z"}
{"level":"info","msg":"{\"ev\":\"accepted\",\"id\":\"eb9f3ed5-92de-499c-ad75-de4593acfac3\",\"t\":1791214485594}","source":"console","time":"2026-10-05T15:34:45Z"}
{"level":"info","msg":"{\"ev\":\"accepted\",\"id\":\"bd6a4047-07e9-4ab2-bb87-626a859edbcf\",\"t\":1791214485760}","source":"console","time":"2026-10-05T15:34:45Z"}
{"level":"info","msg":"{\"ev\":\"accepted\",\"id\":\"ff9a4f4a-4f7e-4a9f-9a21-b3c1929d868b\",\"t\":1791214485921}","source":"console","time":"2026-10-05T15:34:45Z"}
{"level":"info","msg":"{\"ev\":\"accepted\",\"id\":\"36374bd6-1e22-4ad3-9da8-9aa698530952\",\"t\":1791214486079}","source":"console","time":"2026-10-05T15:34:46Z"}
{"level":"info","msg":"{\"ev\":\"accepted\",\"id\":\"bed454cb-5db6-42da-9ef3-d8dfd1a71c00\",\"t\":1791214486247}","source":"console","time":"2026-10-05T15:34:46Z"}
{"level":"info","msg":"{\"ev\":\"accepted\",\"id\":\"85f9bd04-cab4-49af-8adc-7a9c8baa16c4\",\"t\":1791214486427}","source":"console","time":"2026-10-05T15:34:46Z"}
{"level":"info","msg":"{\"ev\":\"accepted\",\"id\":\"a820a9f9-fb93-467c-9389-9668a0518bf9\",\"t\":1791214486590}","source":"console","time":"2026-10-05T15:34:46Z"}
{"level":"info","msg":"{\"ev\":\"accepted\",\"id\":\"be7c294e-ebc1-469b-bd14-7c090c47ac86\",\"t\":1791214486753}","source":"console","time":"2026-10-05T15:34:46Z"}
{"level":"info","msg":"{\"ev\":\"accepted\",\"id\":\"73641702-234d-4d4d-8a1e-e49b6c4459b0\",\"t\":1791214486914}","source":"console","time":"2026-10-05T15:34:46Z"}
{"level":"info","msg":"{\"ev\":\"accepted\",\"id\":\"8e8097f1-814e-4c1e-ad02-92c809731afd\",\"t\":1791214487084}","source":"console","time":"2026-10-05T15:34:47Z"}
{"level":"info","msg":"{\"ev\":\"accepted\",\"id\":\"e606f9c3-01f3-47d6-ae32-0f393bb57405\",\"t\":1791214487267}","source":"console","time":"2026-10-05T15:34:47Z"}
{"level":"info","msg":"{\"ev\":\"accepted\",\"id\":\"bcbf6520-7827-4a6e-908d-acc334d28e19\",\"t\":1791214487425}","source":"console","time":"2026-10-05T15:34:47Z"}
{"level":"info","msg":"{\"ev\":\"accepted\",\"id\":\"fe46a182-c00e-4d53-9192-63bc117e38e6\",\"t\":1791214487583}","source":"console","time":"2026-10-05T15:34:47Z"}
{"level":"info","msg":"{\"ev\":\"accepted\",\"id\":\"dddaa65e-604f-445b-aeb9-cfdae7d2b272\",\"t\":1791214487760}","source":"console","time":"2026-10-05T15:34:47Z"}
{"level":"info","msg":"{\"ev\":\"accepted\",\"id\":\"bac9cd0e-6054-4f9d-b8e0-4f843521e11e\",\"t\":1791214487916}","source":"console","time":"2026-10-05T15:34:47Z"}
{"level":"info","msg":"{\"ev\":\"accepted\",\"id\":\"11cd3c37-e3f3-4ddd-ad41-5ce8dd0ecc2d\",\"t\":1791214488085}","source":"console","time":"2026-10-05T15:34:48Z"}
{"level":"info","msg":"{\"ev\":\"accepted\",\"id\":\"aca5ed0d-7025-4f86-b10b-139a34d89c24\",\"t\":1791214488248}","source":"console","time":"2026-10-05T15:34:48Z"}
{"level":"info","msg":"{\"ev\":\"accepted\",\"id\":\"10269fa9-efcd-4dcf-bf2f-849271f5491c\",\"t\":1791214488417}","source":"console","time":"2026-10-05T15:34:48Z"}
{"level":"info","msg":"{\"ev\":\"accepted\",\"id\":\"72eae589-e71a-4a8a-9ebe-a3ef49287dd5\",\"t\":1791214488581}","source":"console","time":"2026-10-05T15:34:48Z"}
{"level":"info","msg":"{\"ev\":\"accepted\",\"id\":\"f8934137-3f9f-42dc-8698-757ff771ca7e\",\"t\":1791214488749}","source":"console","time":"2026-10-05T15:34:48Z"}
{"level":"info","msg":"{\"ev\":\"accepted\",\"id\":\"428fd62f-91c2-4e54-8fc6-06cf5a1c0f18\",\"t\":1791214488922}","source":"console","time":"2026-10-05T15:34:48Z"}
{"level":"info","msg":"{\"ev\":\"accepted\",\"id\":\"5b6c5211-f68d-4af8-aad7-ca051ddeb88e\",\"t\":1791214489084}","source":"console","time":"2026-10-05T15:34:49Z"}
{"level":"info","msg":"{\"ev\":\"accepted\",\"id\":\"84d2c1d7-662b-4557-a1b6-074de8ec302f\",\"t\":1791214489249}","source":"console","time":"2026-10-05T15:34:49Z"}
{"level":"info","msg":"{\"ev\":\"accepted\",\"id\":\"bf4b2775-5f31-41ac-820f-6052321a68da\",\"t\":1791214489418}","source":"console","time":"2026-10-05T15:34:49Z"}
{"level":"info","msg":"{\"ev\":\"accepted\",\"id\":\"fa977e72-5e0a-42f7-956f-dc36b4e1c9f5\",\"t\":1791214489600}","source":"console","time":"2026-10-05T15:34:49Z"}
{"level":"info","msg":"{\"ev\":\"accepted\",\"id\":\"ef726fae-6d9c-4a1c-9508-1bf29853d0ae\",\"t\":1791214489750}","source":"console","time":"2026-10-05T15:34:49Z"}
{"level":"info","msg":"{\"ev\":\"accepted\",\"id\":\"b374131d-28f5-43a0-bc19-de569d075e5a\",\"t\":1791214489940}","source":"console","time":"2026-10-05T15:34:49Z"}
{"level":"info","msg":"{\"ev\":\"accepted\",\"id\":\"708bd113-49f7-4b4c-8ddb-9897133d4d10\",\"t\":1791214490086}","source":"console","time":"2026-10-05T15:34:50Z"}
{"level":"info","msg":"{\"ev\":\"accepted\",\"id\":\"20d883f6-3025-422a-a01a-523e8ca27056\",\"t\":1791214490251}","source":"console","time":"2026-10-05T15:34:50Z"}
{"level":"info","msg":"{\"ev\":\"accepted\",\"id\":\"5ccbc009-fe06-4c81-ab57-9c8ef8a826cd\",\"t\":1791214490424}","source":"console","time":"2026-10-05T15:34:50Z"}
{"level":"info","msg":"{\"ev\":\"accepted\",\"id\":\"3ae4d9b8-07f5-40a8-9133-d38609567b9d\",\"t\":1791214490583}","source":"console","time":"2026-10-05T15:34:50Z"}
{"level":"info","msg":"{\"ev\":\"accepted\",\"id\":\"6414a862-2319-4e0a-a8da-8ea03f012fe1\",\"t\":1791214490745}","source":"console","time":"2026-10-05T15:34:50Z"}
{"level":"info","msg":"{\"ev\":\"accepted\",\"id\":\"8a46bfd0-145c-4336-84bf-e532f832c679\",\"t\":1791214490912}","source":"console","time":"2026-10-05T15:34:50Z"}
{"level":"info","msg":"{\"ev\":\"accepted\",\"id\":\"f706e9df-3a40-40a3-8d47-ecbb5114aecc\",\"t\":1791214491093}","source":"console","time":"2026-10-05T15:34:51Z"}
{"level":"info","msg":"{\"ev\":\"accepted\",\"id\":\"679e219e-3a34-4cd8-b65d-9d2aaf7cd298\",\"t\":1791214491251}","source":"console","time":"2026-10-05T15:34:51Z"}
{"level":"info","msg":"{\"ev\":\"accepted\",\"id\":\"7edc0fa2-b2e7-4b07-b181-784047c0ea86\",\"t\":1791214491422}","source":"console","time":"2026-10-05T15:34:51Z"}
{"level":"info","msg":"{\"ev\":\"accepted\",\"id\":\"9323f45c-36ec-4e6b-98b3-bfb6afeb54fd\",\"t\":1791214491580}","source":"console","time":"2026-10-05T15:34:51Z"}
{"level":"info","msg":"{\"ev\":\"accepted\",\"id\":\"5181b936-90d9-40bf-8398-b84d5312f94f\",\"t\":1791214491753}","source":"console","time":"2026-10-05T15:34:51Z"}
{"level":"info","msg":"{\"ev\":\"accepted\",\"id\":\"17e522d8-1a85-418d-8494-d086695e39ad\",\"t\":1791214491917}","source":"console","time":"2026-10-05T15:34:51Z"}
{"level":"info","msg":"{\"ev\":\"accepted\",\"id\":\"ac2d34f9-2bb8-4e98-8941-69331390477c\",\"t\":1791214492083}","source":"console","time":"2026-10-05T15:34:52Z"}
{"level":"info","msg":"{\"ev\":\"accepted\",\"id\":\"b07491f1-d848-47dc-86c9-d99b3bb555a4\",\"t\":1791214492249}","source":"console","time":"2026-10-05T15:34:52Z"}
{"level":"info","msg":"{\"ev\":\"accepted\",\"id\":\"7b0a4196-a1be-48e2-804b-6bb62fee68ca\",\"t\":1791214492414}","source":"console","time":"2026-10-05T15:34:52Z"}
{"level":"info","msg":"{\"ev\":\"accepted\",\"id\":\"47c8a628-0c24-4aa6-b0df-17ed11cdc016\",\"t\":1791214492580}","source":"console","time":"2026-10-05T15:34:52Z"}
{"level":"info","msg":"{\"ev\":\"accepted\",\"id\":\"af27eea2-e872-4dab-9470-954b554af15d\",\"t\":1791214492746}","source":"console","time":"2026-10-05T15:34:52Z"}
{"level":"info","msg":"{\"ev\":\"accepted\",\"id\":\"6d8731f4-87e4-44ad-92b8-0f4dadb5c858\",\"t\":1791214492914}","source":"console","time":"2026-10-05T15:34:52Z"}
{"level":"info","msg":"{\"ev\":\"accepted\",\"id\":\"ad4b4e4c-a30d-4502-aa40-f7b37459176a\",\"t\":1791214493085}","source":"console","time":"2026-10-05T15:34:53Z"}
{"level":"info","msg":"{\"ev\":\"accepted\",\"id\":\"116b6533-5a4e-49e5-ba48-6745170031f4\",\"t\":1791214493249}","source":"console","time":"2026-10-05T15:34:53Z"}
{"level":"info","msg":"{\"ev\":\"accepted\",\"id\":\"81d1a3ca-dad1-42aa-8dc9-17e30e0bf9a9\",\"t\":1791214493413}","source":"console","time":"2026-10-05T15:34:53Z"}
{"level":"info","msg":"{\"ev\":\"accepted\",\"id\":\"d89d9fa6-de97-4fa0-9885-221546155112\",\"t\":1791214493582}","source":"console","time":"2026-10-05T15:34:53Z"}
{"level":"info","msg":"{\"ev\":\"accepted\",\"id\":\"3a200ae5-eadd-46ad-9e41-4dbc177d25a8\",\"t\":1791214493757}","source":"console","time":"2026-10-05T15:34:53Z"}
{"level":"info","msg":"{\"ev\":\"accepted\",\"id\":\"3204dee3-db30-4806-80c5-bbd9b7eafb9e\",\"t\":1791214493925}","source":"console","time":"2026-10-05T15:34:53Z"}
{"level":"info","msg":"{\"ev\":\"accepted\",\"id\":\"feb1ea36-f8d1-4234-82cb-9e4448a753ec\",\"t\":1791214494085}","source":"console","time":"2026-10-05T15:34:54Z"}
{"level":"info","msg":"{\"ev\":\"accepted\",\"id\":\"348006c1-5feb-425e-a14e-53098fd02c5d\",\"t\":1791214494253}","source":"console","time":"2026-10-05T15:34:54Z"}
{"level":"info","msg":"{\"ev\":\"accepted\",\"id\":\"df939713-0367-4c7a-b879-e3c1d25ea708\",\"t\":1791214494427}","source":"console","time":"2026-10-05T15:34:54Z"}
{"level":"info","msg":"{\"ev\":\"accepted\",\"id\":\"df6b70c0-402c-4aa6-97a2-77bab840acb6\",\"t\":1791214494597}","source":"console","time":"2026-10-05T15:34:54Z"}
{"level":"info","msg":"{\"ev\":\"accepted\",\"id\":\"cbdff41b-9da1-4ae9-b5aa-d01fc2a05e41\",\"t\":1791214494760}","source":"console","time":"2026-10-05T15:34:54Z"}
{"level":"info","msg":"{\"ev\":\"accepted\",\"id\":\"8fa55fd8-a2f7-469f-8fb3-bfab8e2edc87\",\"t\":1791214494923}","source":"console","time":"2026-10-05T15:34:54Z"}
{"level":"info","msg":"{\"ev\":\"accepted\",\"id\":\"954a2bef-907b-49b1-a119-6f06b271f345\",\"t\":1791214495086}","source":"console","time":"2026-10-05T15:34:55Z"}
{"level":"info","msg":"{\"ev\":\"accepted\",\"id\":\"be3b1e3a-0f89-4da8-88d9-f5aa514a21c2\",\"t\":1791214495257}","source":"console","time":"2026-10-05T15:34:55Z"}
{"level":"info","msg":"{\"ev\":\"accepted\",\"id\":\"70441325-334f-425c-b01b-92871b23ab28\",\"t\":1791214495415}","source":"console","time":"2026-10-05T15:34:55Z"}
{"level":"info","msg":"{\"ev\":\"accepted\",\"id\":\"ca8c45f6-6695-4c99-967f-e17688f4359b\",\"t\":1791214495587}","source":"console","time":"2026-10-05T15:34:55Z"}
{"level":"info","msg":"{\"ev\":\"accepted\",\"id\":\"6ee969d3-b9ea-43d6-88ac-64cdc524d145\",\"t\":1791214495762}","source":"console","time":"2026-10-05T15:34:55Z"}
{"level":"info","msg":"{\"ev\":\"accepted\",\"id\":\"433aa71f-08f0-4608-8616-0c9cd0078b54\",\"t\":1791214495925}","source":"console","time":"2026-10-05T15:34:55Z"}
{"level":"info","msg":"{\"ev\":\"accepted\",\"id\":\"b2d0dfcf-a24c-4e77-9573-9a5a20974139\",\"t\":1791214496091}","source":"console","time":"2026-10-05T15:34:56Z"}
{"level":"info","msg":"{\"ev\":\"accepted\",\"id\":\"4a16b02d-b8a5-451d-a49b-ac9f34e0ee65\",\"t\":1791214496245}","source":"console","time":"2026-10-05T15:34:56Z"}
{"level":"info","msg":"{\"ev\":\"accepted\",\"id\":\"e39369a9-4282-4a27-ba87-8308b129539e\",\"t\":1791214496425}","source":"console","time":"2026-10-05T15:34:56Z"}
{"level":"info","msg":"{\"ev\":\"accepted\",\"id\":\"9ca3ff96-cba6-4d93-bdb3-183711afb839\",\"t\":1791214496591}","source":"console","time":"2026-10-05T15:34:56Z"}
{"level":"info","msg":"{\"ev\":\"accepted\",\"id\":\"7dd2abbf-8c4c-4649-b18d-d4495fe0a70f\",\"t\":1791214496759}","source":"console","time":"2026-10-05T15:34:56Z"}
{"level":"info","msg":"{\"ev\":\"accepted\",\"id\":\"b357f583-e038-4df2-89d6-841d3525b396\",\"t\":1791214496925}","source":"console","time":"2026-10-05T15:34:56Z"}
{"level":"info","msg":"{\"ev\":\"accepted\",\"id\":\"9dcb8af5-1d5d-4a84-a5c6-6509eddc8486\",\"t\":1791214497093}","source":"console","time":"2026-10-05T15:34:57Z"}
{"level":"info","msg":"{\"ev\":\"accepted\",\"id\":\"2f4a3e1d-d2c0-4c3d-9b34-df144b912a2d\",\"t\":1791214497253}","source":"console","time":"2026-10-05T15:34:57Z"}
{"level":"info","msg":"{\"ev\":\"accepted\",\"id\":\"84b1c145-68e0-4a3c-9c72-71c110ba0361\",\"t\":1791214497419}","source":"console","time":"2026-10-05T15:34:57Z"}
{"level":"info","msg":"{\"ev\":\"accepted\",\"id\":\"91be5a55-1579-4911-ae18-dc1a4e1ee45d\",\"t\":1791214497581}","source":"console","time":"2026-10-05T15:34:57Z"}
{"level":"info","msg":"{\"ev\":\"accepted\",\"id\":\"99d01ebd-f970-4f20-a48f-d9c98fe476ae\",\"t\":1791214497753}","source":"console","time":"2026-10-05T15:34:57Z"}
{"level":"info","msg":"{\"ev\":\"accepted\",\"id\":\"8489c0a6-b47c-4236-ba53-49276d9ab5da\",\"t\":1791214497926}","source":"console","time":"2026-10-05T15:34:57Z"}
{"level":"info","msg":"{\"ev\":\"accepted\",\"id\":\"f849347b-46f3-48da-a874-0d0471e9d1ad\",\"t\":1791214498088}","source":"console","time":"2026-10-05T15:34:58Z"}
{"level":"info","msg":"{\"ev\":\"accepted\",\"id\":\"008cf108-07b9-4068-9ea2-4e5d5ecab42b\",\"t\":1791214498258}","source":"console","time":"2026-10-05T15:34:58Z"}
{"level":"info","msg":"{\"ev\":\"accepted\",\"id\":\"72c421f2-4fc5-4909-90e3-724265196d42\",\"t\":1791214498427}","source":"console","time":"2026-10-05T15:34:58Z"}
{"level":"info","msg":"{\"ev\":\"accepted\",\"id\":\"a901be79-4283-40ba-a6f0-cbf474a5d6d6\",\"t\":1791214498590}","source":"console","time":"2026-10-05T15:34:58Z"}
{"level":"info","msg":"{\"ev\":\"accepted\",\"id\":\"51b05640-520e-4283-ab61-e081e2b137a9\",\"t\":1791214498757}","source":"console","time":"2026-10-05T15:34:58Z"}
{"level":"info","msg":"{\"ev\":\"accepted\",\"id\":\"9d05f419-f505-4a2d-8a27-4887ca8bff28\",\"t\":1791214498921}","source":"console","time":"2026-10-05T15:34:58Z"}
{"level":"info","msg":"{\"ev\":\"accepted\",\"id\":\"30f30bd7-24cd-4f4f-ac3c-72893e66c3b9\",\"t\":1791214499089}","source":"console","time":"2026-10-05T15:34:59Z"}
{"level":"info","msg":"{\"ev\":\"accepted\",\"id\":\"a0147e0a-6a1d-47bb-872a-44cfb0e4f699\",\"t\":1791214499253}","source":"console","time":"2026-10-05T15:34:59Z"}
{"level":"info","msg":"{\"ev\":\"accepted\",\"id\":\"27617229-dbf8-4f02-900f-83c6edb7c8e9\",\"t\":1791214499423}","source":"console","time":"2026-10-05T15:34:59Z"}
{"level":"info","msg":"{\"ev\":\"accepted\",\"id\":\"539573e9-47b9-428b-b9ab-27756860209c\",\"t\":1791214499590}","source":"console","time":"2026-10-05T15:34:59Z"}
{"level":"info","msg":"{\"ev\":\"accepted\",\"id\":\"f0222e12-60db-48d0-80c3-cfdcb1bdd4b3\",\"t\":1791214499769}","source":"console","time":"2026-10-05T15:34:59Z"}
{"level":"info","msg":"{\"ev\":\"accepted\",\"id\":\"6d9021c8-d4ae-49db-94d1-e42186a74f34\",\"t\":1791214499914}","source":"console","time":"2026-10-05T15:34:59Z"}
{"level":"info","msg":"{\"ev\":\"accepted\",\"id\":\"74a91cbc-3e60-4e6a-ad38-0e2e481c7f73\",\"t\":1791214500085}","source":"console","time":"2026-10-05T15:35:00Z"}
{"level":"info","msg":"{\"ev\":\"accepted\",\"id\":\"9b1ceb6a-263f-43fc-bf8f-c2b091623abe\",\"t\":1791214500247}","source":"console","time":"2026-10-05T15:35:00Z"}
{"level":"info","msg":"{\"ev\":\"accepted\",\"id\":\"2fd8712a-3e86-4c06-b890-74b7f6be8ba0\",\"t\":1791214500420}","source":"console","time":"2026-10-05T15:35:00Z"}
{"level":"info","msg":"{\"ev\":\"accepted\",\"id\":\"2b36da6b-43a6-4e10-a5ea-31d631e7bb7a\",\"t\":1791214500622}","source":"console","time":"2026-10-05T15:35:00Z"}
{"level":"info","msg":"{\"ev\":\"accepted\",\"id\":\"069942e4-193d-4fd1-ba6a-67a3d987eb5f\",\"t\":1791214500768}","source":"console","time":"2026-10-05T15:35:00Z"}
{"level":"info","msg":"{\"ev\":\"accepted\",\"id\":\"afed39a8-90a5-4aea-bf65-f1af9454471a\",\"t\":1791214500924}","source":"console","time":"2026-10-05T15:35:00Z"}
{"level":"info","msg":"{\"ev\":\"accepted\",\"id\":\"73b435b5-9bbd-4513-8a37-6cf88f1f1592\",\"t\":1791214501102}","source":"console","time":"2026-10-05T15:35:01Z"}
{"level":"info","msg":"{\"ev\":\"accepted\",\"id\":\"0de9546f-55db-46cd-8af8-6024ecfb2463\",\"t\":1791214501280}","source":"console","time":"2026-10-05T15:35:01Z"}
{"level":"info","msg":"{\"ev\":\"accepted\",\"id\":\"8bb88a80-bd29-4c7c-a732-a3f1b0c842df\",\"t\":1791214501428}","source":"console","time":"2026-10-05T15:35:01Z"}
{"level":"info","msg":"{\"ev\":\"accepted\",\"id\":\"0cf87137-36b9-4318-99d1-aeed721c87d3\",\"t\":1791214501587}","source":"console","time":"2026-10-05T15:35:01Z"}
{"level":"info","msg":"{\"ev\":\"accepted\",\"id\":\"eeb22767-5dc2-43f0-9cad-2f002ba2b47d\",\"t\":1791214501770}","source":"console","time":"2026-10-05T15:35:01Z"}
{"level":"info","msg":"{\"ev\":\"accepted\",\"id\":\"46a559a2-c51d-43d8-9b5f-d3e73c5d9758\",\"t\":1791214501911}","source":"console","time":"2026-10-05T15:35:01Z"}
{"level":"info","msg":"{\"ev\":\"accepted\",\"id\":\"65d539fa-08dd-40b8-b5d3-49af35332f8b\",\"t\":1791214502087}","source":"console","time":"2026-10-05T15:35:02Z"}
{"level":"info","msg":"{\"ev\":\"accepted\",\"id\":\"c61df3ae-d7b3-4351-9db8-e13c13c7f867\",\"t\":1791214502245}","source":"console","time":"2026-10-05T15:35:02Z"}
{"level":"info","msg":"{\"ev\":\"accepted\",\"id\":\"59bc3996-bf68-4978-a324-df7a2a7917ad\",\"t\":1791214502422}","source":"console","time":"2026-10-05T15:35:02Z"}
{"level":"info","msg":"{\"ev\":\"accepted\",\"id\":\"b42b141c-5b8f-42bd-aa9d-cc109dc49891\",\"t\":1791214502585}","source":"console","time":"2026-10-05T15:35:02Z"}
{"level":"info","msg":"{\"ev\":\"accepted\",\"id\":\"9cb6c6b8-1aaa-45d1-a658-5472dafd77c5\",\"t\":1791214502752}","source":"console","time":"2026-10-05T15:35:02Z"}
{"level":"info","msg":"{\"ev\":\"accepted\",\"id\":\"a446d14e-bd56-4b66-a4c4-f5b8ab782fe9\",\"t\":1791214502934}","source":"console","time":"2026-10-05T15:35:02Z"}
{"level":"info","msg":"{\"ev\":\"accepted\",\"id\":\"fbf6bbfa-fdb0-4534-998d-a2abf94ef1af\",\"t\":1791214503086}","source":"console","time":"2026-10-05T15:35:03Z"}
{"level":"info","msg":"{\"ev\":\"accepted\",\"id\":\"0b214c9c-cffd-445f-97c3-ac11859ca3cf\",\"t\":1791214503251}","source":"console","time":"2026-10-05T15:35:03Z"}
{"level":"info","msg":"{\"ev\":\"accepted\",\"id\":\"93eba43b-033b-4f55-95a6-4a994774de0c\",\"t\":1791214503417}","source":"console","time":"2026-10-05T15:35:03Z"}
{"level":"info","msg":"{\"ev\":\"accepted\",\"id\":\"6567a50f-4fb1-42a7-8c16-7636cd8dad86\",\"t\":1791214503592}","source":"console","time":"2026-10-05T15:35:03Z"}
{"level":"info","msg":"{\"ev\":\"accepted\",\"id\":\"25eb0028-6a21-407d-98c5-4100d728ba6b\",\"t\":1791214503761}","source":"console","time":"2026-10-05T15:35:03Z"}
{"level":"info","msg":"{\"ev\":\"accepted\",\"id\":\"0aeb0f84-f816-4d21-9eea-28d9d6b42d45\",\"t\":1791214503920}","source":"console","time":"2026-10-05T15:35:03Z"}
{"level":"info","msg":"{\"ev\":\"accepted\",\"id\":\"ebbe2f59-6906-4d5f-a947-d40acc3b010f\",\"t\":1791214504084}","source":"console","time":"2026-10-05T15:35:04Z"}
{"level":"info","msg":"{\"ev\":\"accepted\",\"id\":\"8adc52a0-41fd-4bc9-8b44-919afcac604b\",\"t\":1791214504269}","source":"console","time":"2026-10-05T15:35:04Z"}
{"level":"info","msg":"{\"ev\":\"accepted\",\"id\":\"76792e8b-29dd-4ce1-b448-e86ba811ed4f\",\"t\":1791214504420}","source":"console","time":"2026-10-05T15:35:04Z"}
{"level":"info","msg":"{\"ev\":\"accepted\",\"id\":\"9e979e08-66bf-4b00-b6f1-e128fc3e5c9d\",\"t\":1791214504586}","source":"console","time":"2026-10-05T15:35:04Z"}
{"level":"info","msg":"{\"ev\":\"accepted\",\"id\":\"ddc4d5e2-2bff-4b3e-b8f6-6ab314cffc00\",\"t\":1791214504751}","source":"console","time":"2026-10-05T15:35:04Z"}
{"level":"info","msg":"{\"ev\":\"accepted\",\"id\":\"21278e0f-29b6-47cd-b7dc-95744e0ed336\",\"t\":1791214504923}","source":"console","time":"2026-10-05T15:35:04Z"}
{"level":"info","msg":"{\"ev\":\"accepted\",\"id\":\"c3d5f48e-8e40-4b9b-abcf-8e8a036c8b6f\",\"t\":1791214505086}","source":"console","time":"2026-10-05T15:35:05Z"}
{"level":"info","msg":"{\"ev\":\"accepted\",\"id\":\"75dccece-0b5b-41bc-b2e6-0d55066ee9f2\",\"t\":1791214505251}","source":"console","time":"2026-10-05T15:35:05Z"}
{"level":"info","msg":"{\"ev\":\"accepted\",\"id\":\"1aabea46-82ad-4c38-9313-fe6967b42c85\",\"t\":1791214505422}","source":"console","time":"2026-10-05T15:35:05Z"}
{"level":"info","msg":"{\"ev\":\"accepted\",\"id\":\"ae000d96-07e1-497f-b1b0-7bb41bda9113\",\"t\":1791214505584}","source":"console","time":"2026-10-05T15:35:05Z"}
{"level":"info","msg":"{\"ev\":\"accepted\",\"id\":\"9ed9c231-e4f6-40aa-86c0-d8555ae34504\",\"t\":1791214505755}","source":"console","time":"2026-10-05T15:35:05Z"}
{"level":"info","msg":"{\"ev\":\"accepted\",\"id\":\"802a16d5-180e-4317-aac9-8818a8f4aa38\",\"t\":1791214505914}","source":"console","time":"2026-10-05T15:35:05Z"}
{"level":"info","msg":"{\"ev\":\"accepted\",\"id\":\"6d0ed453-6e42-4e0f-a50a-b97ae3e8a8b6\",\"t\":1791214506082}","source":"console","time":"2026-10-05T15:35:06Z"}
{"level":"info","msg":"{\"ev\":\"accepted\",\"id\":\"65634f5c-4b78-4e38-8a3a-8e9a33d2c390\",\"t\":1791214506248}","source":"console","time":"2026-10-05T15:35:06Z"}
{"level":"info","msg":"{\"ev\":\"accepted\",\"id\":\"1404af31-7c93-4e42-b632-cdd05854ed4c\",\"t\":1791214506414}","source":"console","time":"2026-10-05T15:35:06Z"}
{"level":"info","msg":"{\"ev\":\"accepted\",\"id\":\"0bcb7d18-e995-42ac-a0d9-7fa33a000857\",\"t\":1791214506581}","source":"console","time":"2026-10-05T15:35:06Z"}
{"level":"info","msg":"{\"ev\":\"accepted\",\"id\":\"6d4f2289-aeba-4ac6-8fe6-64c99853ae68\",\"t\":1791214506771}","source":"console","time":"2026-10-05T15:35:06Z"}
{"level":"info","msg":"{\"ev\":\"accepted\",\"id\":\"4ffe3e6d-8186-48b6-a28d-8aeb1a39b6eb\",\"t\":1791214506918}","source":"console","time":"2026-10-05T15:35:06Z"}
{"level":"info","msg":"{\"ev\":\"accepted\",\"id\":\"3be414fc-9959-4d50-a48d-716bacca401f\",\"t\":1791214507097}","source":"console","time":"2026-10-05T15:35:07Z"}
{"level":"info","msg":"{\"ev\":\"accepted\",\"id\":\"41edbc5a-14bc-4a9c-a81d-b2f0ae747b98\",\"t\":1791214507252}","source":"console","time":"2026-10-05T15:35:07Z"}
{"level":"info","msg":"{\"ev\":\"accepted\",\"id\":\"5061dcde-fc8a-4fd6-b6fb-4ddd70f58d7e\",\"t\":1791214507418}","source":"console","time":"2026-10-05T15:35:07Z"}
{"level":"info","msg":"{\"ev\":\"accepted\",\"id\":\"6c6375a5-e8b0-4a4b-8e53-0f8bf424eede\",\"t\":1791214507582}","source":"console","time":"2026-10-05T15:35:07Z"}
{"level":"info","msg":"{\"ev\":\"accepted\",\"id\":\"8eed38e1-e463-4cfe-82d9-e7cbfe36282c\",\"t\":1791214507748}","source":"console","time":"2026-10-05T15:35:07Z"}
{"level":"info","msg":"{\"ev\":\"accepted\",\"id\":\"f597ea33-006f-4d65-9438-a1e1403d7585\",\"t\":1791214507919}","source":"console","time":"2026-10-05T15:35:07Z"}
{"level":"info","msg":"{\"ev\":\"accepted\",\"id\":\"52653a22-ae43-4970-ab49-e5aca8abd800\",\"t\":1791214508092}","source":"console","time":"2026-10-05T15:35:08Z"}
{"level":"info","msg":"{\"ev\":\"accepted\",\"id\":\"27ac0657-0b05-4783-992f-89bc783de3df\",\"t\":1791214508250}","source":"console","time":"2026-10-05T15:35:08Z"}
{"level":"info","msg":"{\"ev\":\"accepted\",\"id\":\"038b5da4-a9e0-40ff-90e6-6f1f970d120f\",\"t\":1791214508411}","source":"console","time":"2026-10-05T15:35:08Z"}
{"level":"info","msg":"{\"ev\":\"accepted\",\"id\":\"799329e5-2f37-41f9-8890-e4b2ddd1f7a6\",\"t\":1791214508594}","source":"console","time":"2026-10-05T15:35:08Z"}
{"level":"info","msg":"{\"ev\":\"accepted\",\"id\":\"10c8ad37-3868-4b90-9292-f01944e0a270\",\"t\":1791214508752}","source":"console","time":"2026-10-05T15:35:08Z"}
{"level":"info","msg":"{\"ev\":\"accepted\",\"id\":\"c9e00ffc-968f-46ab-9b31-a84e91059a47\",\"t\":1791214508954}","source":"console","time":"2026-10-05T15:35:08Z"}
{"level":"info","msg":"{\"ev\":\"accepted\",\"id\":\"47b097e1-be9e-48e3-8f92-87da45a24619\",\"t\":1791214509103}","source":"console","time":"2026-10-05T15:35:09Z"}
{"level":"info","msg":"{\"ev\":\"accepted\",\"id\":\"31d8cbb6-6914-4213-bf62-4c26cf3bab92\",\"t\":1791214509262}","source":"console","time":"2026-10-05T15:35:09Z"}
{"level":"info","msg":"{\"ev\":\"accepted\",\"id\":\"935ad196-e3b5-4bc2-8488-f80226c00fcb\",\"t\":1791214509425}","source":"console","time":"2026-10-05T15:35:09Z"}
{"level":"info","msg":"{\"ev\":\"accepted\",\"id\":\"2b22fa99-e080-46e9-8f85-7af7e3588367\",\"t\":1791214509584}","source":"console","time":"2026-10-05T15:35:09Z"}
{"level":"info","msg":"{\"ev\":\"accepted\",\"id\":\"49204af1-2678-4d29-af6c-3d235771f34d\",\"t\":1791214509749}","source":"console","time":"2026-10-05T15:35:09Z"}
{"level":"info","msg":"{\"ev\":\"accepted\",\"id\":\"072594c6-28c9-40c5-b28b-6be6e8d3918e\",\"t\":1791214509918}","source":"console","time":"2026-10-05T15:35:09Z"}
{"level":"info","msg":"{\"ev\":\"accepted\",\"id\":\"dcdc6333-0288-4934-891e-7cda6c5c676a\",\"t\":1791214510087}","source":"console","time":"2026-10-05T15:35:10Z"}
{"level":"info","msg":"{\"ev\":\"accepted\",\"id\":\"48c40977-203b-4d73-a688-5e4df868234e\",\"t\":1791214510252}","source":"console","time":"2026-10-05T15:35:10Z"}
{"level":"info","msg":"{\"ev\":\"accepted\",\"id\":\"ea670f83-413b-4188-bf7f-0d2c2c3bcf65\",\"t\":1791214510424}","source":"console","time":"2026-10-05T15:35:10Z"}
{"level":"info","msg":"{\"ev\":\"accepted\",\"id\":\"f2d85609-f1eb-47ea-b31c-44faa6a9f568\",\"t\":1791214510587}","source":"console","time":"2026-10-05T15:35:10Z"}
{"level":"info","msg":"{\"ev\":\"accepted\",\"id\":\"17bae5c8-4863-47c4-b342-d23f2e87cef1\",\"t\":1791214510757}","source":"console","time":"2026-10-05T15:35:10Z"}
{"level":"info","msg":"{\"ev\":\"accepted\",\"id\":\"61e04a6e-31b5-452e-aa8a-a248633e192f\",\"t\":1791214510917}","source":"console","time":"2026-10-05T15:35:10Z"}
{"level":"info","msg":"{\"ev\":\"accepted\",\"id\":\"cb45a759-0f9a-4ebf-a398-ed9c3e574c09\",\"t\":1791214511100}","source":"console","time":"2026-10-05T15:35:11Z"}
{"level":"info","msg":"{\"ev\":\"accepted\",\"id\":\"22c0d2f7-4498-488b-a3c3-1099e314e8d0\",\"t\":1791214511258}","source":"console","time":"2026-10-05T15:35:11Z"}
{"level":"info","msg":"{\"ev\":\"accepted\",\"id\":\"8059646d-85b9-4ae7-85d2-1cf4fb0d5636\",\"t\":1791214511419}","source":"console","time":"2026-10-05T15:35:11Z"}
{"level":"info","msg":"{\"ev\":\"accepted\",\"id\":\"31772604-8e21-45d0-b01a-7a2ed73ff8b2\",\"t\":1791214511598}","source":"console","time":"2026-10-05T15:35:11Z"}
{"level":"info","msg":"{\"ev\":\"accepted\",\"id\":\"442066b8-f83b-4f52-9a28-290a9ee19282\",\"t\":1791214511753}","source":"console","time":"2026-10-05T15:35:11Z"}
{"level":"info","msg":"{\"ev\":\"accepted\",\"id\":\"ae8d5aa0-51b5-4420-9bab-fa6539f7de22\",\"t\":1791214511930}","source":"console","time":"2026-10-05T15:35:11Z"}
{"level":"info","msg":"{\"ev\":\"accepted\",\"id\":\"a04bb5f2-1e17-4bc5-93ad-2c75d8e59257\",\"t\":1791214512086}","source":"console","time":"2026-10-05T15:35:12Z"}
{"level":"info","msg":"{\"ev\":\"accepted\",\"id\":\"f04b367f-3c9d-4019-a093-8e49eb98e76f\",\"t\":1791214512254}","source":"console","time":"2026-10-05T15:35:12Z"}
{"level":"info","msg":"{\"ev\":\"accepted\",\"id\":\"87c45cbf-4ad2-403e-b0e2-4f548caafafc\",\"t\":1791214512422}","source":"console","time":"2026-10-05T15:35:12Z"}
{"level":"info","msg":"{\"ev\":\"accepted\",\"id\":\"763638cb-b6ec-44b6-98d1-f7af945fddce\",\"t\":1791214512585}","source":"console","time":"2026-10-05T15:35:12Z"}
{"level":"info","msg":"{\"ev\":\"accepted\",\"id\":\"05de8827-fe01-40f1-9747-ccc64c477ece\",\"t\":1791214512747}","source":"console","time":"2026-10-05T15:35:12Z"}
{"level":"info","msg":"{\"ev\":\"accepted\",\"id\":\"538bbe4b-c972-4357-82ab-9ddcd7352e5c\",\"t\":1791214512921}","source":"console","time":"2026-10-05T15:35:12Z"}
{"level":"info","msg":"{\"ev\":\"accepted\",\"id\":\"bcd00be0-91f7-465f-b7fa-fbf5a39f2f66\",\"t\":1791214513085}","source":"console","time":"2026-10-05T15:35:13Z"}
{"level":"info","msg":"{\"ev\":\"accepted\",\"id\":\"165e5572-35dd-4466-99bf-6d1ee54e404c\",\"t\":1791214513254}","source":"console","time":"2026-10-05T15:35:13Z"}
{"level":"info","msg":"{\"ev\":\"accepted\",\"id\":\"3888cd36-0de2-4e73-bc05-ab51ae7627b6\",\"t\":1791214513415}","source":"console","time":"2026-10-05T15:35:13Z"}
{"level":"info","msg":"{\"ev\":\"accepted\",\"id\":\"605eadc5-eedf-40a9-8962-773049f5b77a\",\"t\":1791214513590}","source":"console","time":"2026-10-05T15:35:13Z"}
{"level":"info","msg":"{\"ev\":\"accepted\",\"id\":\"4a85dd0c-4053-4945-a8ff-99fde489e427\",\"t\":1791214513765}","source":"console","time":"2026-10-05T15:35:13Z"}
{"level":"info","msg":"{\"ev\":\"accepted\",\"id\":\"6c72f4c2-a361-442d-852d-b7e945dde2a7\",\"t\":1791214513919}","source":"console","time":"2026-10-05T15:35:13Z"}
{"level":"info","msg":"{\"ev\":\"accepted\",\"id\":\"ed29742e-b9ff-40d5-a604-e32839185ab3\",\"t\":1791214514078}","source":"console","time":"2026-10-05T15:35:14Z"}
{"level":"info","msg":"{\"ev\":\"accepted\",\"id\":\"7b890fed-1fea-4545-93ef-b49680334bc0\",\"t\":1791214514250}","source":"console","time":"2026-10-05T15:35:14Z"}
{"level":"info","msg":"{\"ev\":\"accepted\",\"id\":\"3bcedb0b-5fc3-4232-8642-0784b6bc6050\",\"t\":1791214514419}","source":"console","time":"2026-10-05T15:35:14Z"}
{"level":"info","msg":"{\"ev\":\"accepted\",\"id\":\"4ca66de6-a18a-4d41-895c-8a1baa8c4497\",\"t\":1791214514601}","source":"console","time":"2026-10-05T15:35:14Z"}
{"level":"info","msg":"{\"ev\":\"accepted\",\"id\":\"5ab0cc01-720b-4402-84bf-252279ff699a\",\"t\":1791214514754}","source":"console","time":"2026-10-05T15:35:14Z"}
{"level":"info","msg":"{\"ev\":\"accepted\",\"id\":\"6cd00859-d7de-4e24-b2fa-55948d1afb25\",\"t\":1791214514922}","source":"console","time":"2026-10-05T15:35:14Z"}
{"level":"info","msg":"{\"ev\":\"accepted\",\"id\":\"8242a118-7cb7-44c0-9002-984130ad059a\",\"t\":1791214515082}","source":"console","time":"2026-10-05T15:35:15Z"}
{"level":"info","msg":"{\"ev\":\"accepted\",\"id\":\"0f896214-e242-4e6d-835f-54fdc558babd\",\"t\":1791214515261}","source":"console","time":"2026-10-05T15:35:15Z"}
{"level":"info","msg":"{\"ev\":\"accepted\",\"id\":\"ef45bad2-f773-4b2f-a68d-ead2a32b9242\",\"t\":1791214515417}","source":"console","time":"2026-10-05T15:35:15Z"}
{"level":"info","msg":"{\"ev\":\"accepted\",\"id\":\"9406595a-e06f-42d6-993a-4f0e1fbdaf4b\",\"t\":1791214515595}","source":"console","time":"2026-10-05T15:35:15Z"}
{"level":"info","msg":"{\"ev\":\"accepted\",\"id\":\"ce87596d-aee2-49f0-b5cc-8c2cad3b10a2\",\"t\":1791214515754}","source":"console","time":"2026-10-05T15:35:15Z"}
{"level":"info","msg":"{\"ev\":\"accepted\",\"id\":\"89b63187-1ec5-4c1c-aaea-66ef15ab73dc\",\"t\":1791214515932}","source":"console","time":"2026-10-05T15:35:15Z"}
{"level":"info","msg":"{\"ev\":\"accepted\",\"id\":\"76996256-4c11-4b9a-97b5-288ea74c12bf\",\"t\":1791214516098}","source":"console","time":"2026-10-05T15:35:16Z"}
{"level":"info","msg":"{\"ev\":\"accepted\",\"id\":\"dcbb61ea-d9f9-4edf-9579-3229316ec3a2\",\"t\":1791214516247}","source":"console","time":"2026-10-05T15:35:16Z"}
{"level":"info","msg":"{\"ev\":\"accepted\",\"id\":\"279be344-ab8a-4439-afba-e58bb399c885\",\"t\":1791214516417}","source":"console","time":"2026-10-05T15:35:16Z"}
{"level":"info","msg":"{\"ev\":\"accepted\",\"id\":\"0dfc8434-bdad-41cd-94cd-6b3b8c3d50bd\",\"t\":1791214516586}","source":"console","time":"2026-10-05T15:35:16Z"}
{"level":"info","msg":"{\"ev\":\"accepted\",\"id\":\"2376fe5a-ed13-489c-b32a-23238f4861d6\",\"t\":1791214516748}","source":"console","time":"2026-10-05T15:35:16Z"}
{"level":"info","msg":"{\"ev\":\"accepted\",\"id\":\"d9399db3-94cb-474a-9e65-f0444966a9dd\",\"t\":1791214516919}","source":"console","time":"2026-10-05T15:35:16Z"}
{"level":"info","msg":"{\"ev\":\"accepted\",\"id\":\"a48b973d-24ba-4b7c-8682-9cdc805502fc\",\"t\":1791214517089}","source":"console","time":"2026-10-05T15:35:17Z"}
{"level":"info","msg":"{\"ev\":\"accepted\",\"id\":\"b96458c1-f55c-4b50-a0b1-6ac735529120\",\"t\":1791214517254}","source":"console","time":"2026-10-05T15:35:17Z"}
{"level":"info","msg":"{\"ev\":\"accepted\",\"id\":\"f3ac3ad1-2079-49ce-bb21-9a0e16ec0e09\",\"t\":1791214517424}","source":"console","time":"2026-10-05T15:35:17Z"}
{"level":"info","msg":"{\"ev\":\"accepted\",\"id\":\"4c1b6167-b134-4e90-baea-470c4406e022\",\"t\":1791214517585}","source":"console","time":"2026-10-05T15:35:17Z"}
{"level":"info","msg":"{\"ev\":\"accepted\",\"id\":\"76076257-635f-4376-a27a-509bc1f7efa4\",\"t\":1791214517749}","source":"console","time":"2026-10-05T15:35:17Z"}
{"level":"info","msg":"{\"ev\":\"accepted\",\"id\":\"c8e5fe9d-b55d-479a-a45f-abb1bc3c3f9a\",\"t\":1791214517911}","source":"console","time":"2026-10-05T15:35:17Z"}
{"level":"info","msg":"{\"ev\":\"accepted\",\"id\":\"9c31d012-aa7b-482a-9436-597d215649bd\",\"t\":1791214518083}","source":"console","time":"2026-10-05T15:35:18Z"}
{"level":"info","msg":"{\"ev\":\"accepted\",\"id\":\"6ccd11a5-d973-4d55-8fb6-2715f16473a3\",\"t\":1791214518257}","source":"console","time":"2026-10-05T15:35:18Z"}
{"level":"info","msg":"{\"ev\":\"accepted\",\"id\":\"154e53ea-1c4c-44d6-a11f-8fcb79ca2818\",\"t\":1791214518411}","source":"console","time":"2026-10-05T15:35:18Z"}
{"level":"info","msg":"{\"ev\":\"accepted\",\"id\":\"72224dbd-5a12-45df-b703-dfb3acbf928d\",\"t\":1791214518578}","source":"console","time":"2026-10-05T15:35:18Z"}
{"level":"info","msg":"{\"ev\":\"accepted\",\"id\":\"0432d52f-2604-4d4d-b482-32b01b8b25c2\",\"t\":1791214518744}","source":"console","time":"2026-10-05T15:35:18Z"}
{"level":"info","msg":"{\"ev\":\"accepted\",\"id\":\"f4735145-447b-4f03-a62e-4a319db087f1\",\"t\":1791214518917}","source":"console","time":"2026-10-05T15:35:18Z"}
{"level":"info","msg":"{\"ev\":\"accepted\",\"id\":\"7c83600b-da60-4136-a98a-6e56a77d35fa\",\"t\":1791214519089}","source":"console","time":"2026-10-05T15:35:19Z"}
{"level":"info","msg":"{\"ev\":\"accepted\",\"id\":\"bcab22c0-4a24-405e-979b-4029e95d6da5\",\"t\":1791214519248}","source":"console","time":"2026-10-05T15:35:19Z"}
{"level":"info","msg":"{\"ev\":\"accepted\",\"id\":\"f04d6475-57fc-4c5f-8adc-a66eec9fb457\",\"t\":1791214519413}","source":"console","time":"2026-10-05T15:35:19Z"}
{"level":"info","msg":"{\"ev\":\"accepted\",\"id\":\"5b85d6c8-9cd0-4ddd-bca2-c0730b473ac7\",\"t\":1791214519574}","source":"console","time":"2026-10-05T15:35:19Z"}
{"level":"info","msg":"{\"ev\":\"accepted\",\"id\":\"c89b1df3-a866-4576-abdb-a4427ade7fe7\",\"t\":1791214519746}","source":"console","time":"2026-10-05T15:35:19Z"}
{"level":"info","msg":"{\"ev\":\"accepted\",\"id\":\"dfc88afb-7469-43a3-9c3c-6526156ccc53\",\"t\":1791214519916}","source":"console","time":"2026-10-05T15:35:19Z"}
{"level":"info","msg":"{\"ev\":\"accepted\",\"id\":\"70b11595-861a-4c0a-8a1e-70f2c2e048ac\",\"t\":1791214520100}","source":"console","time":"2026-10-05T15:35:20Z"}
{"level":"info","msg":"{\"ev\":\"accepted\",\"id\":\"a8850f12-eb52-438b-b1f4-08797e86ccf2\",\"t\":1791214520255}","source":"console","time":"2026-10-05T15:35:20Z"}
{"level":"info","msg":"{\"ev\":\"accepted\",\"id\":\"63f0650f-ca14-4f21-a472-4a4fb2e43250\",\"t\":1791214520427}","source":"console","time":"2026-10-05T15:35:20Z"}
{"level":"info","msg":"{\"ev\":\"accepted\",\"id\":\"93f68975-12c3-429f-8c16-4ee49b1694a1\",\"t\":1791214520590}","source":"console","time":"2026-10-05T15:35:20Z"}
{"level":"info","msg":"{\"ev\":\"accepted\",\"id\":\"26cc1338-0e6e-42e6-88a5-95a5960f8338\",\"t\":1791214520755}","source":"console","time":"2026-10-05T15:35:20Z"}
{"level":"info","msg":"{\"ev\":\"accepted\",\"id\":\"333f6772-a62b-46da-8a54-f34619d11f91\",\"t\":1791214520912}","source":"console","time":"2026-10-05T15:35:20Z"}
{"level":"info","msg":"{\"ev\":\"accepted\",\"id\":\"545c8ffa-ac9a-437a-b6de-33fe9720ee85\",\"t\":1791214521106}","source":"console","time":"2026-10-05T15:35:21Z"}
{"level":"info","msg":"{\"ev\":\"accepted\",\"id\":\"15f2ac7c-3c04-425d-9442-8f0509d4bbb3\",\"t\":1791214521250}","source":"console","time":"2026-10-05T15:35:21Z"}
{"level":"info","msg":"{\"ev\":\"accepted\",\"id\":\"bc3f8e03-987e-4678-8aac-4a994c9688ac\",\"t\":1791214521418}","source":"console","time":"2026-10-05T15:35:21Z"}
{"level":"info","msg":"{\"ev\":\"accepted\",\"id\":\"b87a9306-2a96-4c8f-a73e-cbb5bbfabd61\",\"t\":1791214521585}","source":"console","time":"2026-10-05T15:35:21Z"}
{"level":"info","msg":"{\"ev\":\"accepted\",\"id\":\"4f332cd1-b348-4917-becb-473c02b97e4b\",\"t\":1791214521749}","source":"console","time":"2026-10-05T15:35:21Z"}
{"level":"info","msg":"{\"ev\":\"accepted\",\"id\":\"2bd34c2f-d9f9-48f9-89ad-69f78c297a07\",\"t\":1791214521915}","source":"console","time":"2026-10-05T15:35:21Z"}
{"level":"info","msg":"{\"ev\":\"accepted\",\"id\":\"244a54ed-9e3b-46bc-98f1-4f3ff856a3e0\",\"t\":1791214522101}","source":"console","time":"2026-10-05T15:35:22Z"}
{"level":"info","msg":"{\"ev\":\"accepted\",\"id\":\"db8e40f6-c616-45b9-9f44-8fdf73d869fc\",\"t\":1791214522249}","source":"console","time":"2026-10-05T15:35:22Z"}
{"level":"info","msg":"{\"ev\":\"accepted\",\"id\":\"18158c2e-53e9-4ab5-8703-92f1a96a28f7\",\"t\":1791214522411}","source":"console","time":"2026-10-05T15:35:22Z"}
{"level":"info","msg":"{\"ev\":\"accepted\",\"id\":\"b21a4669-ee83-4cb2-9942-6d2167bdfe1d\",\"t\":1791214522591}","source":"console","time":"2026-10-05T15:35:22Z"}
{"level":"info","msg":"{\"ev\":\"accepted\",\"id\":\"69b0a934-962e-4d3e-9088-9f348273ef48\",\"t\":1791214522752}","source":"console","time":"2026-10-05T15:35:22Z"}
{"level":"info","msg":"{\"ev\":\"accepted\",\"id\":\"bd769b5e-7be2-42bd-bbc2-c3301b24736c\",\"t\":1791214522917}","source":"console","time":"2026-10-05T15:35:22Z"}
{"level":"info","msg":"{\"ev\":\"accepted\",\"id\":\"e3ce8d90-4696-4d92-9855-0dea62b4376c\",\"t\":1791214523081}","source":"console","time":"2026-10-05T15:35:23Z"}
{"level":"info","msg":"{\"ev\":\"accepted\",\"id\":\"ed22fd11-7784-4d17-91ca-1a723b406b0d\",\"t\":1791214523251}","source":"console","time":"2026-10-05T15:35:23Z"}
{"level":"info","msg":"{\"ev\":\"accepted\",\"id\":\"cfd88b55-99c5-4303-b59d-f5dfaec3a951\",\"t\":1791214523418}","source":"console","time":"2026-10-05T15:35:23Z"}
{"level":"info","msg":"{\"ev\":\"accepted\",\"id\":\"8efa89c2-3538-488c-9ef5-026513a56cf0\",\"t\":1791214523577}","source":"console","time":"2026-10-05T15:35:23Z"}
{"level":"info","msg":"{\"ev\":\"accepted\",\"id\":\"e358d038-4c92-4d34-8835-9e02ab6b8b07\",\"t\":1791214523756}","source":"console","time":"2026-10-05T15:35:23Z"}
{"level":"info","msg":"{\"ev\":\"accepted\",\"id\":\"f27eb9c0-b13d-47c3-aabd-b1b604710717\",\"t\":1791214523915}","source":"console","time":"2026-10-05T15:35:23Z"}
{"level":"info","msg":"{\"ev\":\"accepted\",\"id\":\"2f998977-9a13-41a6-972c-0485590567be\",\"t\":1791214524085}","source":"console","time":"2026-10-05T15:35:24Z"}
{"level":"info","msg":"{\"ev\":\"accepted\",\"id\":\"6472bf21-d6b2-4dcc-9c69-1d6cca293d39\",\"t\":1791214524251}","source":"console","time":"2026-10-05T15:35:24Z"}
{"level":"info","msg":"{\"ev\":\"accepted\",\"id\":\"bdfc26e2-ac36-4939-a6a6-974688468878\",\"t\":1791214524416}","source":"console","time":"2026-10-05T15:35:24Z"}
{"level":"info","msg":"{\"ev\":\"accepted\",\"id\":\"cd655954-5bfe-4e8a-b76f-4a65986ad697\",\"t\":1791214524582}","source":"console","time":"2026-10-05T15:35:24Z"}
{"level":"info","msg":"{\"ev\":\"accepted\",\"id\":\"c9a63800-a25a-462c-86e5-a438d28ae367\",\"t\":1791214524749}","source":"console","time":"2026-10-05T15:35:24Z"}
{"level":"info","msg":"{\"ev\":\"accepted\",\"id\":\"cbab06e6-ce21-4ce7-8aca-ee48e7df9f3a\",\"t\":1791214524914}","source":"console","time":"2026-10-05T15:35:24Z"}
{"level":"info","msg":"{\"ev\":\"accepted\",\"id\":\"3698ab0f-c397-4423-959c-8ca517579683\",\"t\":1791214525082}","source":"console","time":"2026-10-05T15:35:25Z"}
{"level":"info","msg":"{\"ev\":\"accepted\",\"id\":\"7bf2b70b-cad0-4612-8de8-03c8578bd1c5\",\"t\":1791214525262}","source":"console","time":"2026-10-05T15:35:25Z"}
{"level":"info","msg":"{\"ev\":\"accepted\",\"id\":\"17b87158-d9e6-40ed-bb8c-43703449a209\",\"t\":1791214525431}","source":"console","time":"2026-10-05T15:35:25Z"}
{"level":"info","msg":"{\"ev\":\"accepted\",\"id\":\"657de288-783a-4009-84b7-ed19b48f5142\",\"t\":1791214525585}","source":"console","time":"2026-10-05T15:35:25Z"}
{"level":"info","msg":"{\"ev\":\"accepted\",\"id\":\"d2484beb-8e95-4f95-a35e-89063f1ee0b9\",\"t\":1791214525752}","source":"console","time":"2026-10-05T15:35:25Z"}
{"level":"info","msg":"{\"ev\":\"accepted\",\"id\":\"e7c1a7ef-d4da-4499-9e9e-679f26358221\",\"t\":1791214525915}","source":"console","time":"2026-10-05T15:35:25Z"}
{"level":"info","msg":"{\"ev\":\"accepted\",\"id\":\"8b97398b-1471-4879-b347-87fa62a33e82\",\"t\":1791214526078}","source":"console","time":"2026-10-05T15:35:26Z"}
{"level":"info","msg":"{\"ev\":\"accepted\",\"id\":\"f28a271d-7c39-494f-807a-2329e709f664\",\"t\":1791214526249}","source":"console","time":"2026-10-05T15:35:26Z"}
{"level":"info","msg":"{\"ev\":\"accepted\",\"id\":\"3853e2f9-c368-47b6-b2f8-63d8c78ac547\",\"t\":1791214526418}","source":"console","time":"2026-10-05T15:35:26Z"}
{"level":"info","msg":"{\"ev\":\"accepted\",\"id\":\"cf2d6c7d-8eab-4570-a7ce-3791e6eaafe2\",\"t\":1791214526596}","source":"console","time":"2026-10-05T15:35:26Z"}
{"level":"info","msg":"{\"ev\":\"accepted\",\"id\":\"d1d3db6a-e56a-4185-b088-1258d07c8209\",\"t\":1791214526745}","source":"console","time":"2026-10-05T15:35:26Z"}
{"level":"info","msg":"{\"ev\":\"accepted\",\"id\":\"dd7adc2a-1089-4ab8-9b99-efc2c73814f3\",\"t\":1791214526921}","source":"console","time":"2026-10-05T15:35:26Z"}
{"level":"info","msg":"{\"ev\":\"accepted\",\"id\":\"5c74cf2d-f9c0-4df3-85df-3f070e7c8a3e\",\"t\":1791214527083}","source":"console","time":"2026-10-05T15:35:27Z"}
{"level":"info","msg":"{\"ev\":\"accepted\",\"id\":\"7cdc2198-8f46-4510-920c-a43bf0fa74fd\",\"t\":1791214527267}","source":"console","time":"2026-10-05T15:35:27Z"}
{"level":"info","msg":"{\"ev\":\"accepted\",\"id\":\"217987bd-0399-415a-a2f1-88e25f27da1d\",\"t\":1791214527451}","source":"console","time":"2026-10-05T15:35:27Z"}
{"level":"info","msg":"{\"ev\":\"accepted\",\"id\":\"a61d684f-50fe-4388-9b3f-2b2c328e619d\",\"t\":1791214527587}","source":"console","time":"2026-10-05T15:35:27Z"}
{"level":"info","msg":"{\"ev\":\"accepted\",\"id\":\"0498abf6-e799-4575-bb1a-71260ed4e68b\",\"t\":1791214527756}","source":"console","time":"2026-10-05T15:35:27Z"}
{"level":"info","msg":"{\"ev\":\"accepted\",\"id\":\"9bdc4fe7-d74b-44ea-96b2-32db05fa63ff\",\"t\":1791214527930}","source":"console","time":"2026-10-05T15:35:27Z"}
{"level":"info","msg":"{\"ev\":\"accepted\",\"id\":\"61bda1f8-c6d3-4e32-9317-bd6e47bda732\",\"t\":1791214528085}","source":"console","time":"2026-10-05T15:35:28Z"}
{"level":"info","msg":"{\"ev\":\"accepted\",\"id\":\"40575087-f515-4032-9a73-f955f1dc17e3\",\"t\":1791214528256}","source":"console","time":"2026-10-05T15:35:28Z"}
{"level":"info","msg":"{\"ev\":\"accepted\",\"id\":\"2a500ed2-a21c-4687-8db9-e0aeefa7b43f\",\"t\":1791214528413}","source":"console","time":"2026-10-05T15:35:28Z"}
{"level":"info","msg":"{\"ev\":\"accepted\",\"id\":\"b83250cb-d8f6-435b-aeeb-cd414294f755\",\"t\":1791214528584}","source":"console","time":"2026-10-05T15:35:28Z"}
{"level":"info","msg":"{\"ev\":\"accepted\",\"id\":\"613450bd-8971-4036-9df0-f42e3ddb9865\",\"t\":1791214528760}","source":"console","time":"2026-10-05T15:35:28Z"}
{"level":"info","msg":"{\"ev\":\"accepted\",\"id\":\"26640317-fb98-4557-9b41-364620e712ff\",\"t\":1791214528935}","source":"console","time":"2026-10-05T15:35:28Z"}
{"level":"info","msg":"{\"ev\":\"accepted\",\"id\":\"c95ee328-23ab-4d87-959c-3023ff41edc2\",\"t\":1791214529088}","source":"console","time":"2026-10-05T15:35:29Z"}
{"level":"info","msg":"{\"ev\":\"accepted\",\"id\":\"8cda011e-d9db-4fc4-949f-64c56842d6e7\",\"t\":1791214529253}","source":"console","time":"2026-10-05T15:35:29Z"}
{"level":"info","msg":"{\"ev\":\"accepted\",\"id\":\"839e4191-aceb-46ea-80f5-af6919e59285\",\"t\":1791214529423}","source":"console","time":"2026-10-05T15:35:29Z"}
{"level":"info","msg":"{\"ev\":\"accepted\",\"id\":\"16670004-4430-4104-a310-819359fd9e87\",\"t\":1791214529589}","source":"console","time":"2026-10-05T15:35:29Z"}
{"level":"info","msg":"{\"ev\":\"accepted\",\"id\":\"87c96258-da86-406b-9f9d-a281bbc3c170\",\"t\":1791214529758}","source":"console","time":"2026-10-05T15:35:29Z"}
{"level":"info","msg":"{\"ev\":\"accepted\",\"id\":\"5680b143-0f2b-4d68-b824-bfcdd8456999\",\"t\":1791214529919}","source":"console","time":"2026-10-05T15:35:29Z"}
{"level":"info","msg":"{\"ev\":\"accepted\",\"id\":\"b8405923-c398-4d23-a6b6-c0d88b3fe652\",\"t\":1791214530083}","source":"console","time":"2026-10-05T15:35:30Z"}
{"level":"info","msg":"{\"ev\":\"accepted\",\"id\":\"67ac9d0e-37c0-441e-820d-e56c377377c0\",\"t\":1791214530250}","source":"console","time":"2026-10-05T15:35:30Z"}
{"level":"info","msg":"{\"ev\":\"accepted\",\"id\":\"95482ba6-55fb-4b6b-8326-09ce9a3770b2\",\"t\":1791214530418}","source":"console","time":"2026-10-05T15:35:30Z"}
{"level":"info","msg":"{\"ev\":\"accepted\",\"id\":\"00e9ca83-ba11-4d49-8027-b89d7d9c116f\",\"t\":1791214530582}","source":"console","time":"2026-10-05T15:35:30Z"}
{"level":"info","msg":"{\"ev\":\"accepted\",\"id\":\"d60a28cd-47a6-4218-b1af-5618e9424dc2\",\"t\":1791214530752}","source":"console","time":"2026-10-05T15:35:30Z"}
{"level":"info","msg":"{\"ev\":\"accepted\",\"id\":\"d63a5259-5ddd-4406-84ba-107559bef0a1\",\"t\":1791214530931}","source":"console","time":"2026-10-05T15:35:30Z"}
{"level":"info","msg":"{\"ev\":\"accepted\",\"id\":\"db23e415-f18e-4230-a457-4e0cd50d6b62\",\"t\":1791214531084}","source":"console","time":"2026-10-05T15:35:31Z"}
{"level":"info","msg":"{\"ev\":\"accepted\",\"id\":\"3ce55a1d-673c-49fd-9d9f-be4ce78a0d8a\",\"t\":1791214531257}","source":"console","time":"2026-10-05T15:35:31Z"}
{"level":"info","msg":"{\"ev\":\"accepted\",\"id\":\"5f57c529-a250-40bc-94fb-92370a55e351\",\"t\":1791214531416}","source":"console","time":"2026-10-05T15:35:31Z"}
{"level":"info","msg":"{\"ev\":\"accepted\",\"id\":\"80ecb4f0-fdf2-466b-bf7c-5a99401d222a\",\"t\":1791214531581}","source":"console","time":"2026-10-05T15:35:31Z"}
{"level":"info","msg":"{\"ev\":\"accepted\",\"id\":\"787f3642-3e1f-4786-936a-8e665fa7dccb\",\"t\":1791214531755}","source":"console","time":"2026-10-05T15:35:31Z"}
{"level":"info","msg":"{\"ev\":\"accepted\",\"id\":\"e2a03ac4-9c48-46f4-9b58-1d235f5ca5a6\",\"t\":1791214531930}","source":"console","time":"2026-10-05T15:35:31Z"}
{"level":"info","msg":"{\"ev\":\"accepted\",\"id\":\"80a7b644-fb0c-456a-be94-67bdf1ca368c\",\"t\":1791214532095}","source":"console","time":"2026-10-05T15:35:32Z"}
{"level":"info","msg":"{\"ev\":\"accepted\",\"id\":\"8790e36e-0fca-4b79-8533-39b7581503e8\",\"t\":1791214532280}","source":"console","time":"2026-10-05T15:35:32Z"}
{"level":"info","msg":"{\"ev\":\"accepted\",\"id\":\"da6963c2-da4f-4974-9947-3ab9669c0180\",\"t\":1791214532418}","source":"console","time":"2026-10-05T15:35:32Z"}
{"level":"info","msg":"{\"ev\":\"accepted\",\"id\":\"ac6dd646-aa1c-4d48-bf7d-31a5771e2c2d\",\"t\":1791214532584}","source":"console","time":"2026-10-05T15:35:32Z"}
{"level":"info","msg":"{\"ev\":\"accepted\",\"id\":\"1a00cf5b-b5de-4201-aca8-19fc2eb798be\",\"t\":1791214532747}","source":"console","time":"2026-10-05T15:35:32Z"}
{"level":"info","msg":"{\"ev\":\"accepted\",\"id\":\"50921cea-d920-43f4-a46f-746f8f9a0c01\",\"t\":1791214532915}","source":"console","time":"2026-10-05T15:35:32Z"}
{"level":"info","msg":"{\"ev\":\"accepted\",\"id\":\"90e07a4e-03d4-43b2-8fb0-a528e4c6f184\",\"t\":1791214533080}","source":"console","time":"2026-10-05T15:35:33Z"}
{"level":"info","msg":"{\"ev\":\"accepted\",\"id\":\"8aa179ea-3ec6-4fa3-b48d-8967a35223d8\",\"t\":1791214533254}","source":"console","time":"2026-10-05T15:35:33Z"}
{"level":"info","msg":"{\"ev\":\"accepted\",\"id\":\"5f4c92db-b23a-466d-adfb-26fbc6670b36\",\"t\":1791214533421}","source":"console","time":"2026-10-05T15:35:33Z"}
{"level":"info","msg":"{\"ev\":\"accepted\",\"id\":\"9650d5f9-7824-45ff-8fd9-a4d148188af4\",\"t\":1791214533586}","source":"console","time":"2026-10-05T15:35:33Z"}
{"level":"info","msg":"{\"ev\":\"accepted\",\"id\":\"35ae566e-3055-4ee1-b2bd-f236d8fbb092\",\"t\":1791214533748}","source":"console","time":"2026-10-05T15:35:33Z"}
{"level":"info","msg":"{\"ev\":\"accepted\",\"id\":\"01e09e36-27c0-4204-a9d7-d50f1da6a82b\",\"t\":1791214533923}","source":"console","time":"2026-10-05T15:35:33Z"}
{"level":"info","msg":"{\"ev\":\"accepted\",\"id\":\"69d38910-cf55-4297-b151-07f5d4d8e35e\",\"t\":1791214534093}","source":"console","time":"2026-10-05T15:35:34Z"}
{"level":"info","msg":"{\"ev\":\"accepted\",\"id\":\"84fedca8-e38b-4595-849f-4338b896515b\",\"t\":1791214534251}","source":"console","time":"2026-10-05T15:35:34Z"}
{"level":"info","msg":"{\"ev\":\"accepted\",\"id\":\"e5e657ce-d6dd-48d4-a138-5be1b4fb2bc6\",\"t\":1791214534421}","source":"console","time":"2026-10-05T15:35:34Z"}
{"level":"info","msg":"{\"ev\":\"accepted\",\"id\":\"cc21e025-adf7-4a95-88af-c9328a934777\",\"t\":1791214534583}","source":"console","time":"2026-10-05T15:35:34Z"}
{"level":"info","msg":"{\"ev\":\"accepted\",\"id\":\"15502793-09b6-402d-be8c-362b12d2f340\",\"t\":1791214534745}","source":"console","time":"2026-10-05T15:35:34Z"}
{"level":"info","msg":"{\"ev\":\"accepted\",\"id\":\"e50ae2c2-eb22-4c75-82a4-9405d9887ea6\",\"t\":1791214534912}","source":"console","time":"2026-10-05T15:35:34Z"}
{"level":"info","msg":"{\"ev\":\"accepted\",\"id\":\"6c7663a5-1e0c-460d-b6d6-128a9114d3ee\",\"t\":1791214535080}","source":"console","time":"2026-10-05T15:35:35Z"}
{"level":"info","msg":"{\"ev\":\"accepted\",\"id\":\"f473f40e-9832-4e1f-8533-113576ddf2fa\",\"t\":1791214535256}","source":"console","time":"2026-10-05T15:35:35Z"}
{"level":"info","msg":"{\"ev\":\"accepted\",\"id\":\"760009e3-9d34-4139-865c-cb4f0d08b7c8\",\"t\":1791214535415}","source":"console","time":"2026-10-05T15:35:35Z"}
{"level":"info","msg":"{\"ev\":\"accepted\",\"id\":\"e52ae2d4-74d7-4f7f-884c-ae5db783f302\",\"t\":1791214535593}","source":"console","time":"2026-10-05T15:35:35Z"}
{"level":"info","msg":"{\"ev\":\"accepted\",\"id\":\"4618ff93-5f55-4ca9-a1b8-3d158e950dd8\",\"t\":1791214535755}","source":"console","time":"2026-10-05T15:35:35Z"}
{"level":"info","msg":"{\"ev\":\"accepted\",\"id\":\"40e2ce40-9afe-407d-909e-c812f5846fd0\",\"t\":1791214535924}","source":"console","time":"2026-10-05T15:35:35Z"}
{"level":"info","msg":"{\"ev\":\"accepted\",\"id\":\"95527a34-508d-4f01-93a6-107529af1744\",\"t\":1791214536079}","source":"console","time":"2026-10-05T15:35:36Z"}
{"level":"info","msg":"{\"ev\":\"accepted\",\"id\":\"3f8a4540-6f1d-494b-b930-0363adec7a46\",\"t\":1791214536248}","source":"console","time":"2026-10-05T15:35:36Z"}
{"level":"info","msg":"{\"ev\":\"accepted\",\"id\":\"2cee0931-fe51-47d7-a703-20a49e32dff1\",\"t\":1791214536414}","source":"console","time":"2026-10-05T15:35:36Z"}
{"level":"info","msg":"{\"ev\":\"accepted\",\"id\":\"5cca73f1-ca3e-40b8-a908-991c2f0f7e51\",\"t\":1791214536581}","source":"console","time":"2026-10-05T15:35:36Z"}
{"level":"info","msg":"{\"ev\":\"accepted\",\"id\":\"6c0bdee2-861f-4917-8f98-1c8efc3adecf\",\"t\":1791214536751}","source":"console","time":"2026-10-05T15:35:36Z"}
{"level":"info","msg":"{\"ev\":\"accepted\",\"id\":\"f0604b6b-0af9-4ffa-8418-866b32182d3e\",\"t\":1791214536917}","source":"console","time":"2026-10-05T15:35:36Z"}
{"level":"info","msg":"{\"ev\":\"accepted\",\"id\":\"4edf627d-b945-4725-9363-0f773692739e\",\"t\":1791214537085}","source":"console","time":"2026-10-05T15:35:37Z"}
{"level":"info","msg":"{\"ev\":\"accepted\",\"id\":\"d624e45c-55f9-453a-89a4-ec5da3ae3ee5\",\"t\":1791214537244}","source":"console","time":"2026-10-05T15:35:37Z"}
{"level":"info","msg":"{\"ev\":\"accepted\",\"id\":\"60892af7-9cf1-495d-8ac5-278329eabcaf\",\"t\":1791214537408}","source":"console","time":"2026-10-05T15:35:37Z"}
{"level":"info","msg":"{\"ev\":\"accepted\",\"id\":\"452df289-cf2d-49fb-bcd3-70ba2764d538\",\"t\":1791214537580}","source":"console","time":"2026-10-05T15:35:37Z"}
{"level":"info","msg":"{\"ev\":\"accepted\",\"id\":\"d0ddd53b-3714-418d-b42e-796f592e4c92\",\"t\":1791214537747}","source":"console","time":"2026-10-05T15:35:37Z"}
{"level":"info","msg":"{\"ev\":\"accepted\",\"id\":\"6e262b96-8d16-45b5-ae92-da098688131e\",\"t\":1791214537913}","source":"console","time":"2026-10-05T15:35:37Z"}
{"level":"info","msg":"{\"ev\":\"accepted\",\"id\":\"f22c0957-dc45-4855-8c09-0201badb526a\",\"t\":1791214538092}","source":"console","time":"2026-10-05T15:35:38Z"}
{"level":"info","msg":"{\"ev\":\"accepted\",\"id\":\"e28d5187-71ae-4c9f-85c8-61b11e7e4e80\",\"t\":1791214538250}","source":"console","time":"2026-10-05T15:35:38Z"}
{"level":"info","msg":"{\"ev\":\"accepted\",\"id\":\"335b435f-b420-4eaf-a5b7-7057de52c67b\",\"t\":1791214538422}","source":"console","time":"2026-10-05T15:35:38Z"}
{"level":"info","msg":"{\"ev\":\"accepted\",\"id\":\"909e8a09-855d-481a-8cd4-4d47388ea169\",\"t\":1791214538585}","source":"console","time":"2026-10-05T15:35:38Z"}
{"level":"info","msg":"{\"ev\":\"accepted\",\"id\":\"5fb266c3-afac-49bb-a501-c7cccdae1194\",\"t\":1791214538752}","source":"console","time":"2026-10-05T15:35:38Z"}
{"level":"info","msg":"{\"ev\":\"accepted\",\"id\":\"e810df38-31df-4f39-9280-f2ae5760771a\",\"t\":1791214538921}","source":"console","time":"2026-10-05T15:35:38Z"}
{"level":"info","msg":"{\"ev\":\"accepted\",\"id\":\"d72ef1af-667a-433d-90c8-93cf85be51e4\",\"t\":1791214539090}","source":"console","time":"2026-10-05T15:35:39Z"}
{"level":"info","msg":"{\"ev\":\"accepted\",\"id\":\"8136959c-65c5-4efb-9971-0f774644feac\",\"t\":1791214539251}","source":"console","time":"2026-10-05T15:35:39Z"}
{"level":"info","msg":"{\"ev\":\"accepted\",\"id\":\"947955b7-183d-4d8d-9bb7-79a50c05f0b0\",\"t\":1791214539421}","source":"console","time":"2026-10-05T15:35:39Z"}
{"level":"info","msg":"{\"ev\":\"accepted\",\"id\":\"9f51c15b-9a33-40ae-9864-0d5f37685180\",\"t\":1791214539583}","source":"console","time":"2026-10-05T15:35:39Z"}
{"level":"info","msg":"{\"ev\":\"accepted\",\"id\":\"06883f88-010c-4242-842c-5b013468a49a\",\"t\":1791214539752}","source":"console","time":"2026-10-05T15:35:39Z"}
{"level":"info","msg":"{\"ev\":\"accepted\",\"id\":\"09c422a7-e691-4b92-8254-b232fb2853b8\",\"t\":1791214539922}","source":"console","time":"2026-10-05T15:35:39Z"}
{"level":"info","msg":"{\"ev\":\"accepted\",\"id\":\"6c6f7f2a-3a0d-4e9b-aedb-0fd72ef5f614\",\"t\":1791214540085}","source":"console","time":"2026-10-05T15:35:40Z"}
{"level":"info","msg":"{\"ev\":\"accepted\",\"id\":\"c5aa6980-e376-48d8-80e2-ca99afee324b\",\"t\":1791214540247}","source":"console","time":"2026-10-05T15:35:40Z"}
{"level":"info","msg":"{\"ev\":\"accepted\",\"id\":\"74a5ae1e-23fb-45ca-ae0b-9ecd438642fc\",\"t\":1791214540412}","source":"console","time":"2026-10-05T15:35:40Z"}
{"level":"info","msg":"{\"ev\":\"accepted\",\"id\":\"b6781b8d-3b3f-475a-9723-d6e76ff2cfca\",\"t\":1791214540589}","source":"console","time":"2026-10-05T15:35:40Z"}
{"level":"info","msg":"{\"ev\":\"accepted\",\"id\":\"aac89c30-4871-4ae7-a6bb-b7c2316a181b\",\"t\":1791214540765}","source":"console","time":"2026-10-05T15:35:40Z"}
{"level":"info","msg":"{\"ev\":\"accepted\",\"id\":\"dbf86972-a72c-4d6b-a295-febacd76ab76\",\"t\":1791214540927}","source":"console","time":"2026-10-05T15:35:40Z"}
{"level":"info","msg":"{\"ev\":\"accepted\",\"id\":\"9f2e02b9-ba0b-4133-ab51-5d0b6643c03d\",\"t\":1791214541102}","source":"console","time":"2026-10-05T15:35:41Z"}
{"level":"info","msg":"{\"ev\":\"accepted\",\"id\":\"961cdb02-b34e-4694-a2a0-37085d6baa6e\",\"t\":1791214541252}","source":"console","time":"2026-10-05T15:35:41Z"}
{"level":"info","msg":"{\"ev\":\"accepted\",\"id\":\"9b9e1a13-a28f-4a08-8c85-cb0c0c898390\",\"t\":1791214541412}","source":"console","time":"2026-10-05T15:35:41Z"}
{"level":"info","msg":"{\"ev\":\"accepted\",\"id\":\"0cfdeb21-4a41-48c0-bdcf-09ebbdbfc608\",\"t\":1791214541585}","source":"console","time":"2026-10-05T15:35:41Z"}
{"level":"info","msg":"{\"ev\":\"accepted\",\"id\":\"4366a26b-7335-4f8d-bdbc-bfc017edd2ff\",\"t\":1791214541752}","source":"console","time":"2026-10-05T15:35:41Z"}
{"level":"info","msg":"{\"ev\":\"accepted\",\"id\":\"3cc6fcf0-e082-4350-8cae-b3937b7fa070\",\"t\":1791214541923}","source":"console","time":"2026-10-05T15:35:41Z"}
{"level":"info","msg":"{\"ev\":\"accepted\",\"id\":\"a731a56c-4e38-4c63-bc90-772d1715de83\",\"t\":1791214542111}","source":"console","time":"2026-10-05T15:35:42Z"}
{"level":"info","msg":"{\"ev\":\"accepted\",\"id\":\"3e90db1e-af04-4ae2-bdcf-ae5c0d482525\",\"t\":1791214542261}","source":"console","time":"2026-10-05T15:35:42Z"}
{"level":"info","msg":"{\"ev\":\"accepted\",\"id\":\"ea0b456f-a07c-4b81-82c0-5f3025785c74\",\"t\":1791214542412}","source":"console","time":"2026-10-05T15:35:42Z"}
{"level":"info","msg":"{\"ev\":\"accepted\",\"id\":\"3f5e044c-e616-4ebf-bb00-91cb165c80c4\",\"t\":1791214542585}","source":"console","time":"2026-10-05T15:35:42Z"}
{"level":"info","msg":"{\"ev\":\"accepted\",\"id\":\"d39b48be-3a36-4db9-a603-9e1575ae848b\",\"t\":1791214542750}","source":"console","time":"2026-10-05T15:35:42Z"}
{"level":"info","msg":"{\"ev\":\"accepted\",\"id\":\"834e7d21-53ad-4614-a01a-be65d522ea84\",\"t\":1791214542921}","source":"console","time":"2026-10-05T15:35:42Z"}
{"level":"info","msg":"{\"ev\":\"accepted\",\"id\":\"ec6b3b19-84c3-42b1-99c8-80571abfe23a\",\"t\":1791214543088}","source":"console","time":"2026-10-05T15:35:43Z"}
{"level":"info","msg":"{\"ev\":\"accepted\",\"id\":\"9a32a3ab-949b-43fd-9398-5382bc50c5fd\",\"t\":1791214543251}","source":"console","time":"2026-10-05T15:35:43Z"}
{"level":"info","msg":"{\"ev\":\"accepted\",\"id\":\"be0bb370-7bdd-4d70-b60a-27ae5c1d9bae\",\"t\":1791214543419}","source":"console","time":"2026-10-05T15:35:43Z"}
{"level":"info","msg":"{\"ev\":\"accepted\",\"id\":\"edfe7249-843a-41b6-bdfb-169f3b45d1a1\",\"t\":1791214543589}","source":"console","time":"2026-10-05T15:35:43Z"}
{"level":"info","msg":"{\"ev\":\"accepted\",\"id\":\"63e998ba-82da-43f6-a502-0a9b438753ac\",\"t\":1791214543748}","source":"console","time":"2026-10-05T15:35:43Z"}
{"level":"info","msg":"{\"ev\":\"accepted\",\"id\":\"cd3abc9b-95ec-4776-becd-f909da7d8ccf\",\"t\":1791214543908}","source":"console","time":"2026-10-05T15:35:43Z"}
{"level":"info","msg":"{\"ev\":\"accepted\",\"id\":\"96cf4727-ffcf-4acc-bf2f-3ab271707665\",\"t\":1791214544088}","source":"console","time":"2026-10-05T15:35:44Z"}
{"level":"info","msg":"{\"ev\":\"accepted\",\"id\":\"ca146751-07d4-46ab-8d33-a46d92521329\",\"t\":1791214544250}","source":"console","time":"2026-10-05T15:35:44Z"}
{"level":"info","msg":"{\"ev\":\"accepted\",\"id\":\"46f5e729-d6c8-4853-b5f1-458e6ab8030c\",\"t\":1791214544414}","source":"console","time":"2026-10-05T15:35:44Z"}
{"level":"info","msg":"{\"ev\":\"accepted\",\"id\":\"8641e48a-e69d-4309-a3c6-90d86cd9e4db\",\"t\":1791214544588}","source":"console","time":"2026-10-05T15:35:44Z"}
{"level":"info","msg":"{\"ev\":\"accepted\",\"id\":\"414e30c5-6c22-41f6-91fd-786560d1e05a\",\"t\":1791214544748}","source":"console","time":"2026-10-05T15:35:44Z"}
{"level":"info","msg":"{\"ev\":\"accepted\",\"id\":\"b6e58176-80d4-4c55-bb1a-972d3a25e4d2\",\"t\":1791214544919}","source":"console","time":"2026-10-05T15:35:44Z"}
{"level":"info","msg":"{\"ev\":\"accepted\",\"id\":\"10319d01-96f1-40e0-be73-7f5c1c0c3249\",\"t\":1791214545082}","source":"console","time":"2026-10-05T15:35:45Z"}
{"level":"info","msg":"{\"ev\":\"accepted\",\"id\":\"7ddf78df-bc05-491d-8c96-5f0a76d4be5c\",\"t\":1791214545251}","source":"console","time":"2026-10-05T15:35:45Z"}
{"level":"info","msg":"{\"ev\":\"accepted\",\"id\":\"dafac30f-53a4-4a1f-889e-5aa31e08d189\",\"t\":1791214545422}","source":"console","time":"2026-10-05T15:35:45Z"}
{"level":"info","msg":"{\"ev\":\"accepted\",\"id\":\"acfdde3d-13a0-457f-bee5-5489ede94e82\",\"t\":1791214545585}","source":"console","time":"2026-10-05T15:35:45Z"}
{"level":"info","msg":"{\"ev\":\"accepted\",\"id\":\"0e4b4752-5ef7-4101-951b-ff0ae3cf38a5\",\"t\":1791214545747}","source":"console","time":"2026-10-05T15:35:45Z"}
{"level":"info","msg":"{\"ev\":\"accepted\",\"id\":\"1a1cac16-9e37-496b-9b9b-6a0812b3fca2\",\"t\":1791214545924}","source":"console","time":"2026-10-05T15:35:45Z"}
{"level":"info","msg":"{\"ev\":\"accepted\",\"id\":\"1f1df9a9-aad3-42d3-94f1-3888a1d6e135\",\"t\":1791214546078}","source":"console","time":"2026-10-05T15:35:46Z"}
{"level":"info","msg":"{\"ev\":\"accepted\",\"id\":\"07faf57e-ab05-4ac6-8eb1-1a63e195e48e\",\"t\":1791214546240}","source":"console","time":"2026-10-05T15:35:46Z"}
{"level":"info","msg":"{\"ev\":\"accepted\",\"id\":\"b243016f-7554-4da5-aab1-863748beaa85\",\"t\":1791214546400}","source":"console","time":"2026-10-05T15:35:46Z"}
{"level":"info","msg":"{\"ev\":\"accepted\",\"id\":\"beb343ad-e74e-45d6-9363-01d58267f362\",\"t\":1791214546551}","source":"console","time":"2026-10-05T15:35:46Z"}
{"level":"info","msg":"{\"ev\":\"accepted\",\"id\":\"b077f63f-29c8-49c1-857b-3191879aab66\",\"t\":1791214546707}","source":"console","time":"2026-10-05T15:35:46Z"}
{"level":"info","msg":"{\"ev\":\"accepted\",\"id\":\"ecb43a71-60b2-447f-8d6d-5e199fd82db4\",\"t\":1791214546866}","source":"console","time":"2026-10-05T15:35:46Z"}
{"level":"info","msg":"{\"ev\":\"accepted\",\"id\":\"43327eeb-e96e-4976-ba4c-0ccad09abbe6\",\"t\":1791214547008}","source":"console","time":"2026-10-05T15:35:47Z"}
{"level":"info","msg":"{\"ev\":\"accepted\",\"id\":\"61d13aaa-8228-42d8-a9a3-dd1a38c0d9f6\",\"t\":1791214547149}","source":"console","time":"2026-10-05T15:35:47Z"}
{"level":"info","msg":"{\"ev\":\"accepted\",\"id\":\"935c4834-78d6-4626-baca-0e8546fe94c2\",\"t\":1791214547292}","source":"console","time":"2026-10-05T15:35:47Z"}
{"level":"info","msg":"{\"ev\":\"accepted\",\"id\":\"bc889673-cef3-4315-affa-8d45397c9386\",\"t\":1791214547440}","source":"console","time":"2026-10-05T15:35:47Z"}
{"level":"info","msg":"{\"ev\":\"accepted\",\"id\":\"2f5c21bb-060d-4ec4-8bc5-57d6f8cb0afb\",\"t\":1791214547592}","source":"console","time":"2026-10-05T15:35:47Z"}
{"level":"info","msg":"{\"ev\":\"accepted\",\"id\":\"9979d619-daec-45e4-92c0-5f1294c25687\",\"t\":1791214547728}","source":"console","time":"2026-10-05T15:35:47Z"}
{"level":"info","msg":"{\"ev\":\"accepted\",\"id\":\"51a2e3a6-a993-4917-9185-b3e3f8da77ac\",\"t\":1791214547871}","source":"console","time":"2026-10-05T15:35:47Z"}
{"level":"info","msg":"{\"ev\":\"accepted\",\"id\":\"f747585a-4533-46ed-941c-b6efc8a60c2f\",\"t\":1791214548009}","source":"console","time":"2026-10-05T15:35:48Z"}
{"level":"info","msg":"{\"ev\":\"accepted\",\"id\":\"e179a824-23d5-48a4-bb5e-ec812eb35d63\",\"t\":1791214548142}","source":"console","time":"2026-10-05T15:35:48Z"}
{"level":"info","msg":"{\"ev\":\"accepted\",\"id\":\"405a1140-2256-4f75-8b1c-09139890ba9b\",\"t\":1791214548277}","source":"console","time":"2026-10-05T15:35:48Z"}
{"level":"info","msg":"{\"ev\":\"accepted\",\"id\":\"7814921c-7663-49c9-9895-941443302053\",\"t\":1791214548405}","source":"console","time":"2026-10-05T15:35:48Z"}
{"level":"info","msg":"{\"ev\":\"accepted\",\"id\":\"ecaf47d3-b253-44cc-b89b-95f9226247bd\",\"t\":1791214548528}","source":"console","time":"2026-10-05T15:35:48Z"}
{"level":"info","msg":"{\"ev\":\"accepted\",\"id\":\"2a887bd7-bb67-4139-8fc2-39afa4abb1d8\",\"t\":1791214548659}","source":"console","time":"2026-10-05T15:35:48Z"}
{"level":"info","msg":"{\"ev\":\"accepted\",\"id\":\"650545e3-cded-40cd-baec-68bf02476619\",\"t\":1791214548787}","source":"console","time":"2026-10-05T15:35:48Z"}
{"level":"info","msg":"{\"ev\":\"accepted\",\"id\":\"8c49175c-705f-439c-8d4d-b0b0682a327e\",\"t\":1791214548934}","source":"console","time":"2026-10-05T15:35:48Z"}
{"level":"info","msg":"{\"ev\":\"accepted\",\"id\":\"6f28235b-2b7e-44d4-af95-a5d6aa913733\",\"t\":1791214549039}","source":"console","time":"2026-10-05T15:35:49Z"}
{"level":"info","msg":"{\"ev\":\"accepted\",\"id\":\"70520824-65f5-42f5-a448-1e148c58c68f\",\"t\":1791214549170}","source":"console","time":"2026-10-05T15:35:49Z"}
{"level":"info","msg":"{\"ev\":\"accepted\",\"id\":\"7acc7835-84d7-4efd-9bbf-d0c2c21f0bc5\",\"t\":1791214549303}","source":"console","time":"2026-10-05T15:35:49Z"}
{"level":"info","msg":"{\"ev\":\"accepted\",\"id\":\"5b41544c-5dba-4d1b-acb2-5b874aaa49a1\",\"t\":1791214549446}","source":"console","time":"2026-10-05T15:35:49Z"}
{"level":"info","msg":"{\"ev\":\"accepted\",\"id\":\"c8d176a1-5f56-41af-8927-56b389632361\",\"t\":1791214549531}","source":"console","time":"2026-10-05T15:35:49Z"}
{"level":"info","msg":"{\"ev\":\"accepted\",\"id\":\"69159b88-bdc7-43c1-b1b5-678e37dc48d8\",\"t\":1791214549674}","source":"console","time":"2026-10-05T15:35:49Z"}
{"level":"info","msg":"{\"ev\":\"accepted\",\"id\":\"a91312a8-b911-4c35-88fc-3b7ca2f1f0fc\",\"t\":1791214549792}","source":"console","time":"2026-10-05T15:35:49Z"}
{"level":"info","msg":"{\"ev\":\"accepted\",\"id\":\"9f4d163a-1afa-41ac-a5a6-78698eddf4a0\",\"t\":1791214549898}","source":"console","time":"2026-10-05T15:35:49Z"}
{"level":"info","msg":"{\"ev\":\"accepted\",\"id\":\"a2d63ca8-42ef-46cd-b1ae-4497bc95d9ea\",\"t\":1791214550016}","source":"console","time":"2026-10-05T15:35:50Z"}
{"level":"info","msg":"{\"ev\":\"accepted\",\"id\":\"5d2ab606-7d37-4245-a863-4f073a6beff3\",\"t\":1791214550129}","source":"console","time":"2026-10-05T15:35:50Z"}
{"level":"info","msg":"{\"ev\":\"accepted\",\"id\":\"3fc01200-e3a6-4ad6-b319-f0fb708d3ee4\",\"t\":1791214550246}","source":"console","time":"2026-10-05T15:35:50Z"}
{"level":"info","msg":"{\"ev\":\"accepted\",\"id\":\"05b47f5c-b7c9-4624-9241-416c143c23be\",\"t\":1791214550362}","source":"console","time":"2026-10-05T15:35:50Z"}
{"level":"info","msg":"{\"ev\":\"accepted\",\"id\":\"a73f4e60-168c-4fd6-a747-c8aedafd6d8c\",\"t\":1791214550471}","source":"console","time":"2026-10-05T15:35:50Z"}
{"level":"info","msg":"{\"ev\":\"accepted\",\"id\":\"1541101c-f479-43e2-9b70-bb6a66acb9c0\",\"t\":1791214550581}","source":"console","time":"2026-10-05T15:35:50Z"}
{"level":"info","msg":"{\"ev\":\"accepted\",\"id\":\"c44bfe00-151d-4273-980b-073b5a67d3a6\",\"t\":1791214550697}","source":"console","time":"2026-10-05T15:35:50Z"}
{"level":"info","msg":"{\"ev\":\"accepted\",\"id\":\"099db07c-d8fd-4922-88af-cff886366b0b\",\"t\":1791214550811}","source":"console","time":"2026-10-05T15:35:50Z"}
{"level":"info","msg":"{\"ev\":\"accepted\",\"id\":\"9aca4a9c-70ed-443d-ac8d-03aff4cb9d29\",\"t\":1791214550920}","source":"console","time":"2026-10-05T15:35:50Z"}
{"level":"info","msg":"{\"ev\":\"accepted\",\"id\":\"de17a44d-0913-463a-ae28-02e5032aff9f\",\"t\":1791214551026}","source":"console","time":"2026-10-05T15:35:51Z"}
{"level":"info","msg":"{\"ev\":\"accepted\",\"id\":\"11076aac-6836-4069-b67f-991ac22a42a8\",\"t\":1791214551142}","source":"console","time":"2026-10-05T15:35:51Z"}
{"level":"info","msg":"{\"ev\":\"accepted\",\"id\":\"893d8ccc-5c5c-49cf-b05e-c4dd861bd5c2\",\"t\":1791214551250}","source":"console","time":"2026-10-05T15:35:51Z"}
{"level":"info","msg":"{\"ev\":\"accepted\",\"id\":\"5ca7e91d-d730-42bb-b864-64fd3cbacc89\",\"t\":1791214551372}","source":"console","time":"2026-10-05T15:35:51Z"}
{"level":"info","msg":"{\"ev\":\"accepted\",\"id\":\"4befc5ba-ce76-4ab4-b9d1-4562c57699be\",\"t\":1791214551467}","source":"console","time":"2026-10-05T15:35:51Z"}
{"level":"info","msg":"{\"ev\":\"accepted\",\"id\":\"d9d33cbb-24d9-4dd8-a449-6c6b466cceed\",\"t\":1791214551583}","source":"console","time":"2026-10-05T15:35:51Z"}
{"level":"info","msg":"{\"ev\":\"accepted\",\"id\":\"8e9c246c-776c-4bc5-83bd-5d77c6843cd1\",\"t\":1791214551692}","source":"console","time":"2026-10-05T15:35:51Z"}
{"level":"info","msg":"{\"ev\":\"accepted\",\"id\":\"5b3f34ad-5b42-4d7e-8204-d0a71a6a800b\",\"t\":1791214551807}","source":"console","time":"2026-10-05T15:35:51Z"}
{"level":"info","msg":"{\"ev\":\"accepted\",\"id\":\"74dc611e-c1bd-4f96-adbc-ed8f3efd5cb7\",\"t\":1791214551917}","source":"console","time":"2026-10-05T15:35:51Z"}
{"level":"info","msg":"{\"ev\":\"accepted\",\"id\":\"91c67135-4120-498e-8783-32eb378aac8b\",\"t\":1791214552027}","source":"console","time":"2026-10-05T15:35:52Z"}
{"level":"info","msg":"{\"ev\":\"accepted\",\"id\":\"09a537d7-9312-4080-a2a9-af1a591a17a7\",\"t\":1791214552137}","source":"console","time":"2026-10-05T15:35:52Z"}
{"level":"info","msg":"{\"ev\":\"accepted\",\"id\":\"4916d22f-546e-4355-a54f-1edb08a4a8b2\",\"t\":1791214552264}","source":"console","time":"2026-10-05T15:35:52Z"}
{"level":"info","msg":"{\"ev\":\"accepted\",\"id\":\"4d9cf190-852c-4459-a566-a7b8b8bd67db\",\"t\":1791214552373}","source":"console","time":"2026-10-05T15:35:52Z"}
{"level":"info","msg":"{\"ev\":\"accepted\",\"id\":\"071c5b48-7037-4932-9a2c-085a2d5ad80f\",\"t\":1791214552472}","source":"console","time":"2026-10-05T15:35:52Z"}
{"level":"info","msg":"{\"ev\":\"accepted\",\"id\":\"426342b7-2adb-47fb-8767-56252ebe4811\",\"t\":1791214552596}","source":"console","time":"2026-10-05T15:35:52Z"}
{"level":"info","msg":"{\"ev\":\"accepted\",\"id\":\"d2c6e778-9a99-4a49-a021-a1119289860d\",\"t\":1791214552693}","source":"console","time":"2026-10-05T15:35:52Z"}
{"level":"info","msg":"{\"ev\":\"accepted\",\"id\":\"7c38fff0-e8c6-4754-8cad-3e9a07ee7d7a\",\"t\":1791214552812}","source":"console","time":"2026-10-05T15:35:52Z"}
{"level":"info","msg":"{\"ev\":\"accepted\",\"id\":\"fe662ede-2b65-459e-9ce2-f9eb51225fd6\",\"t\":1791214552919}","source":"console","time":"2026-10-05T15:35:52Z"}
{"level":"info","msg":"{\"ev\":\"accepted\",\"id\":\"43ba9c35-f656-4aab-b678-35856d29ecab\",\"t\":1791214553029}","source":"console","time":"2026-10-05T15:35:53Z"}
{"level":"info","msg":"{\"ev\":\"accepted\",\"id\":\"7084563b-3cc5-4d07-9b35-2eaf75d44d29\",\"t\":1791214553140}","source":"console","time":"2026-10-05T15:35:53Z"}
{"level":"info","msg":"{\"ev\":\"accepted\",\"id\":\"0425cfa2-4d1c-46c3-9f10-2a8a4a70b154\",\"t\":1791214553258}","source":"console","time":"2026-10-05T15:35:53Z"}
{"level":"info","msg":"{\"ev\":\"accepted\",\"id\":\"6654d98e-e159-4b41-bc71-e04277fdf451\",\"t\":1791214553358}","source":"console","time":"2026-10-05T15:35:53Z"}
{"level":"info","msg":"{\"ev\":\"accepted\",\"id\":\"d01674be-4c6c-4ea1-9a13-c31be4311465\",\"t\":1791214553474}","source":"console","time":"2026-10-05T15:35:53Z"}
{"level":"info","msg":"{\"ev\":\"accepted\",\"id\":\"cf828ada-f4a9-47eb-852a-4e8747f60aaf\",\"t\":1791214553580}","source":"console","time":"2026-10-05T15:35:53Z"}
{"level":"info","msg":"{\"ev\":\"accepted\",\"id\":\"325c2b26-ea56-4ef1-bc2e-89e4aab3588a\",\"t\":1791214553692}","source":"console","time":"2026-10-05T15:35:53Z"}
{"level":"info","msg":"{\"ev\":\"accepted\",\"id\":\"0ea56a63-4fb0-4668-bdbf-c55900cd6345\",\"t\":1791214553810}","source":"console","time":"2026-10-05T15:35:53Z"}
{"level":"info","msg":"{\"ev\":\"accepted\",\"id\":\"26a2dce9-b7b0-4958-a0d8-d62b1ab74c8a\",\"t\":1791214553922}","source":"console","time":"2026-10-05T15:35:53Z"}
{"level":"info","msg":"{\"ev\":\"accepted\",\"id\":\"a02ef328-937d-46f5-b6d9-1387831b13c3\",\"t\":1791214554037}","source":"console","time":"2026-10-05T15:35:54Z"}
{"level":"info","msg":"{\"ev\":\"accepted\",\"id\":\"7d42ad89-1cce-4940-885c-2532a0a7bf27\",\"t\":1791214554148}","source":"console","time":"2026-10-05T15:35:54Z"}
{"level":"info","msg":"{\"ev\":\"accepted\",\"id\":\"cb7e1b50-4244-46ce-abf2-1bd367cb6662\",\"t\":1791214554263}","source":"console","time":"2026-10-05T15:35:54Z"}
{"level":"info","msg":"{\"ev\":\"accepted\",\"id\":\"1a848c4e-736e-4895-ab2f-434bc9e6802f\",\"t\":1791214554368}","source":"console","time":"2026-10-05T15:35:54Z"}
{"level":"info","msg":"{\"ev\":\"accepted\",\"id\":\"a154c546-6886-4eee-b8a7-849bea0c08ad\",\"t\":1791214554473}","source":"console","time":"2026-10-05T15:35:54Z"}
{"level":"info","msg":"{\"ev\":\"accepted\",\"id\":\"6ae4f0c2-78c0-407f-8cc3-a52d19e42ba7\",\"t\":1791214554582}","source":"console","time":"2026-10-05T15:35:54Z"}
{"level":"info","msg":"{\"ev\":\"accepted\",\"id\":\"41a7d970-08f0-4daa-9f4e-3e8247fe707c\",\"t\":1791214554708}","source":"console","time":"2026-10-05T15:35:54Z"}
{"level":"info","msg":"{\"ev\":\"accepted\",\"id\":\"86f75f64-e1b6-44dd-a00e-ebcf06108ba7\",\"t\":1791214554804}","source":"console","time":"2026-10-05T15:35:54Z"}
{"level":"info","msg":"{\"ev\":\"accepted\",\"id\":\"7828a9e9-b552-4667-8aed-bff9417cedcc\",\"t\":1791214554930}","source":"console","time":"2026-10-05T15:35:54Z"}
{"level":"info","msg":"{\"ev\":\"accepted\",\"id\":\"d2777f3f-6cb2-4386-a1cf-05fb4275b58f\",\"t\":1791214555029}","source":"console","time":"2026-10-05T15:35:55Z"}
{"level":"info","msg":"{\"ev\":\"accepted\",\"id\":\"4a40d581-60a8-4998-8df6-fe54590168d9\",\"t\":1791214555151}","source":"console","time":"2026-10-05T15:35:55Z"}
{"level":"info","msg":"{\"ev\":\"accepted\",\"id\":\"6a58b09d-b7f0-4eca-a33b-7de27ff25043\",\"t\":1791214555249}","source":"console","time":"2026-10-05T15:35:55Z"}
{"level":"info","msg":"{\"ev\":\"accepted\",\"id\":\"959e7184-1ed3-4044-b77d-16ae1ae5248b\",\"t\":1791214555362}","source":"console","time":"2026-10-05T15:35:55Z"}
{"level":"info","msg":"{\"ev\":\"accepted\",\"id\":\"8fdeca6c-e8c6-45ef-a522-a10f29817178\",\"t\":1791214555485}","source":"console","time":"2026-10-05T15:35:55Z"}
{"level":"info","msg":"{\"ev\":\"accepted\",\"id\":\"60e35147-c04a-4874-869a-fef8bf150bb9\",\"t\":1791214555593}","source":"console","time":"2026-10-05T15:35:55Z"}
{"level":"info","msg":"{\"ev\":\"accepted\",\"id\":\"badf72a7-9e9f-4642-b466-1b743afdc147\",\"t\":1791214555704}","source":"console","time":"2026-10-05T15:35:55Z"}
{"level":"info","msg":"{\"ev\":\"accepted\",\"id\":\"9cacb29e-0ca0-40d5-bff8-3498abdf6996\",\"t\":1791214555817}","source":"console","time":"2026-10-05T15:35:55Z"}
{"level":"info","msg":"{\"ev\":\"accepted\",\"id\":\"0928c217-19fd-4fe8-827c-e27af9847ac3\",\"t\":1791214555922}","source":"console","time":"2026-10-05T15:35:55Z"}
{"level":"info","msg":"{\"ev\":\"accepted\",\"id\":\"f2e88474-17db-4f26-86fa-08ac026a2553\",\"t\":1791214556032}","source":"console","time":"2026-10-05T15:35:56Z"}
{"level":"info","msg":"{\"ev\":\"accepted\",\"id\":\"e0ee6a37-5b26-4e41-a0ae-2d4307dcc06a\",\"t\":1791214556136}","source":"console","time":"2026-10-05T15:35:56Z"}
{"level":"info","msg":"{\"ev\":\"accepted\",\"id\":\"2c3899ef-a63e-4efb-9a5c-4c0f7275db4e\",\"t\":1791214556253}","source":"console","time":"2026-10-05T15:35:56Z"}
{"level":"info","msg":"{\"ev\":\"accepted\",\"id\":\"c2e5bb8c-e2c3-494c-977b-86b2aeb67a49\",\"t\":1791214556371}","source":"console","time":"2026-10-05T15:35:56Z"}
{"level":"info","msg":"{\"ev\":\"accepted\",\"id\":\"41687b2e-1cdc-4086-a3e3-5aca0474b06b\",\"t\":1791214556475}","source":"console","time":"2026-10-05T15:35:56Z"}
{"level":"info","msg":"{\"ev\":\"accepted\",\"id\":\"8e21fedb-d835-46dc-bb10-840f58b903c4\",\"t\":1791214556593}","source":"console","time":"2026-10-05T15:35:56Z"}
{"level":"info","msg":"{\"ev\":\"accepted\",\"id\":\"9accf6b0-8652-489f-a974-f1eb6b5410f3\",\"t\":1791214556694}","source":"console","time":"2026-10-05T15:35:56Z"}
{"level":"info","msg":"{\"ev\":\"accepted\",\"id\":\"f85383ae-acdb-48c5-bbf4-08c31b95361f\",\"t\":1791214556814}","source":"console","time":"2026-10-05T15:35:56Z"}
{"level":"info","msg":"{\"ev\":\"accepted\",\"id\":\"1fe84ee6-33c3-400b-b975-fd2c0aabbce2\",\"t\":1791214556916}","source":"console","time":"2026-10-05T15:35:56Z"}
{"level":"info","msg":"{\"ev\":\"accepted\",\"id\":\"b7cd1bd2-fdf8-4548-be6e-b6fcc96a843b\",\"t\":1791214557025}","source":"console","time":"2026-10-05T15:35:57Z"}
{"level":"info","msg":"{\"ev\":\"accepted\",\"id\":\"9f66ed0e-6862-44a2-aba2-d4370f95de4e\",\"t\":1791214557141}","source":"console","time":"2026-10-05T15:35:57Z"}
{"level":"info","msg":"{\"ev\":\"accepted\",\"id\":\"9ec9e546-da7f-4d94-9b11-2efa9d61eac3\",\"t\":1791214557252}","source":"console","time":"2026-10-05T15:35:57Z"}
{"level":"info","msg":"{\"ev\":\"accepted\",\"id\":\"1c57e3c3-9fd6-4c22-a64f-a8dec9c98e37\",\"t\":1791214557364}","source":"console","time":"2026-10-05T15:35:57Z"}
{"level":"info","msg":"{\"ev\":\"accepted\",\"id\":\"5445a52a-c000-4846-9e0e-8237224debec\",\"t\":1791214557474}","source":"console","time":"2026-10-05T15:35:57Z"}
{"level":"info","msg":"{\"ev\":\"accepted\",\"id\":\"391a9ee7-c76e-49d5-9f98-ccd4e74c0de2\",\"t\":1791214557581}","source":"console","time":"2026-10-05T15:35:57Z"}
{"level":"info","msg":"{\"ev\":\"accepted\",\"id\":\"cd969e14-cebf-4207-8b8d-b2200b24d742\",\"t\":1791214557695}","source":"console","time":"2026-10-05T15:35:57Z"}
{"level":"info","msg":"{\"ev\":\"accepted\",\"id\":\"5f2c21af-b731-40e3-b033-2121d2286db0\",\"t\":1791214557800}","source":"console","time":"2026-10-05T15:35:57Z"}
{"level":"info","msg":"{\"ev\":\"accepted\",\"id\":\"c0e5afb7-f31f-4b84-a177-8f6a9656815b\",\"t\":1791214557917}","source":"console","time":"2026-10-05T15:35:57Z"}
{"level":"info","msg":"{\"ev\":\"accepted\",\"id\":\"4366f99f-7257-493a-b3d9-01dadbd0c4d9\",\"t\":1791214558031}","source":"console","time":"2026-10-05T15:35:58Z"}
{"level":"info","msg":"{\"ev\":\"accepted\",\"id\":\"3731f333-335a-41cb-a98b-e5acf6f117ad\",\"t\":1791214558147}","source":"console","time":"2026-10-05T15:35:58Z"}
{"level":"info","msg":"{\"ev\":\"accepted\",\"id\":\"faeda17e-3f06-4eb2-b970-6cf17061fe9a\",\"t\":1791214558253}","source":"console","time":"2026-10-05T15:35:58Z"}
{"level":"info","msg":"{\"ev\":\"accepted\",\"id\":\"e3ad7598-5103-48ec-a226-7a7da1015bae\",\"t\":1791214558356}","source":"console","time":"2026-10-05T15:35:58Z"}
{"level":"info","msg":"{\"ev\":\"accepted\",\"id\":\"643d5998-3d7a-4657-98d0-2da61f3e4c07\",\"t\":1791214558482}","source":"console","time":"2026-10-05T15:35:58Z"}
{"level":"info","msg":"{\"ev\":\"accepted\",\"id\":\"17556149-1338-476c-aeb0-dc2d729e99f1\",\"t\":1791214558587}","source":"console","time":"2026-10-05T15:35:58Z"}
{"level":"info","msg":"{\"ev\":\"accepted\",\"id\":\"abadb8ce-ddcb-4449-b09a-a67c3cc6ce89\",\"t\":1791214558698}","source":"console","time":"2026-10-05T15:35:58Z"}
{"level":"info","msg":"{\"ev\":\"accepted\",\"id\":\"419c939c-b2a6-4546-94b6-494007e931f6\",\"t\":1791214558810}","source":"console","time":"2026-10-05T15:35:58Z"}
{"level":"info","msg":"{\"ev\":\"accepted\",\"id\":\"58943652-6a01-4a49-85a3-3a4d71385a1b\",\"t\":1791214558927}","source":"console","time":"2026-10-05T15:35:58Z"}
{"level":"info","msg":"{\"ev\":\"accepted\",\"id\":\"7bed9c06-e488-4545-a53c-afb22a3b698c\",\"t\":1791214559030}","source":"console","time":"2026-10-05T15:35:59Z"}
{"level":"info","msg":"{\"ev\":\"accepted\",\"id\":\"b060661d-83cd-4561-b9df-4737a907eec6\",\"t\":1791214559145}","source":"console","time":"2026-10-05T15:35:59Z"}
{"level":"info","msg":"{\"ev\":\"accepted\",\"id\":\"f579bd4c-7e35-4b5c-b516-fceeedc0d5a0\",\"t\":1791214559251}","source":"console","time":"2026-10-05T15:35:59Z"}
{"level":"info","msg":"{\"ev\":\"accepted\",\"id\":\"9b6bdc55-1316-4aa8-ac24-0a37ca657ee4\",\"t\":1791214559359}","source":"console","time":"2026-10-05T15:35:59Z"}
{"level":"info","msg":"{\"ev\":\"accepted\",\"id\":\"ea25cc86-913a-45f7-b79e-268bbbb8f8de\",\"t\":1791214559472}","source":"console","time":"2026-10-05T15:35:59Z"}
{"level":"info","msg":"{\"ev\":\"accepted\",\"id\":\"c830f76c-aaab-48db-8671-54a672f54437\",\"t\":1791214559587}","source":"console","time":"2026-10-05T15:35:59Z"}
{"level":"info","msg":"{\"ev\":\"accepted\",\"id\":\"b3981609-c429-46e2-b2de-eee76ecafcc3\",\"t\":1791214559709}","source":"console","time":"2026-10-05T15:35:59Z"}
{"level":"info","msg":"{\"ev\":\"accepted\",\"id\":\"50a4927e-c51c-41d7-94a5-7e361c7b7ff3\",\"t\":1791214559808}","source":"console","time":"2026-10-05T15:35:59Z"}
{"level":"info","msg":"{\"ev\":\"accepted\",\"id\":\"8033e7c7-fd03-42c6-8cbf-98162f85e1ec\",\"t\":1791214559919}","source":"console","time":"2026-10-05T15:35:59Z"}
{"level":"info","msg":"{\"ev\":\"accepted\",\"id\":\"1afdad03-ee8c-4d93-ba0d-ab495fc7d5dd\",\"t\":1791214560026}","source":"console","time":"2026-10-05T15:36:00Z"}
{"level":"info","msg":"{\"ev\":\"accepted\",\"id\":\"b2b0a88c-aa10-473b-9078-23dd705f1676\",\"t\":1791214560142}","source":"console","time":"2026-10-05T15:36:00Z"}
{"level":"info","msg":"{\"ev\":\"accepted\",\"id\":\"9f2c8b81-1286-4fd2-b77b-aa4f429c71c6\",\"t\":1791214560244}","source":"console","time":"2026-10-05T15:36:00Z"}
{"level":"info","msg":"{\"ev\":\"accepted\",\"id\":\"c63c9e9d-536b-41dd-a70e-6e3cae56cf5c\",\"t\":1791214560367}","source":"console","time":"2026-10-05T15:36:00Z"}
{"level":"info","msg":"{\"ev\":\"accepted\",\"id\":\"af75db88-8e1c-4437-979a-0b1ae0e637aa\",\"t\":1791214560472}","source":"console","time":"2026-10-05T15:36:00Z"}
{"level":"info","msg":"{\"ev\":\"accepted\",\"id\":\"03260fec-e809-4f42-9d53-c4372b17de8f\",\"t\":1791214560595}","source":"console","time":"2026-10-05T15:36:00Z"}
{"level":"info","msg":"{\"ev\":\"accepted\",\"id\":\"1d7c5c47-73bc-4c71-81be-5bb899bf858f\",\"t\":1791214560694}","source":"console","time":"2026-10-05T15:36:00Z"}
{"level":"info","msg":"{\"ev\":\"accepted\",\"id\":\"6f4b8761-a3a8-4719-94fd-4e95023320a7\",\"t\":1791214560802}","source":"console","time":"2026-10-05T15:36:00Z"}
{"level":"info","msg":"{\"ev\":\"accepted\",\"id\":\"1e6b4a9c-a552-4c70-bc6e-f09edcc2ef97\",\"t\":1791214560921}","source":"console","time":"2026-10-05T15:36:00Z"}
{"level":"info","msg":"{\"ev\":\"accepted\",\"id\":\"8d72aea0-150c-405d-8ee6-04ba48b58d0f\",\"t\":1791214561031}","source":"console","time":"2026-10-05T15:36:01Z"}
{"level":"info","msg":"{\"ev\":\"accepted\",\"id\":\"9bb81052-9178-49ed-ab3b-fe74c1dba9d3\",\"t\":1791214561145}","source":"console","time":"2026-10-05T15:36:01Z"}
{"level":"info","msg":"{\"ev\":\"accepted\",\"id\":\"a0b7ba7c-44a3-440d-b2f8-fe1569180567\",\"t\":1791214561250}","source":"console","time":"2026-10-05T15:36:01Z"}
{"level":"info","msg":"{\"ev\":\"accepted\",\"id\":\"cc4cf267-d569-4812-8158-7f23f1a9b612\",\"t\":1791214561361}","source":"console","time":"2026-10-05T15:36:01Z"}
{"level":"info","msg":"{\"ev\":\"accepted\",\"id\":\"dafeaed5-28ff-483a-aae1-c85c2189ef77\",\"t\":1791214561471}","source":"console","time":"2026-10-05T15:36:01Z"}
{"level":"info","msg":"{\"ev\":\"accepted\",\"id\":\"f0830362-e02c-48b4-98bd-0b2e40780ea9\",\"t\":1791214561584}","source":"console","time":"2026-10-05T15:36:01Z"}
{"level":"info","msg":"{\"ev\":\"accepted\",\"id\":\"f9a4696e-2ea5-490e-98a0-27d753de52f6\",\"t\":1791214561692}","source":"console","time":"2026-10-05T15:36:01Z"}
{"level":"info","msg":"{\"ev\":\"accepted\",\"id\":\"b36d0cd6-e90d-461a-a2ca-4ef28a151332\",\"t\":1791214561812}","source":"console","time":"2026-10-05T15:36:01Z"}
{"level":"info","msg":"{\"ev\":\"accepted\",\"id\":\"fad18c39-9830-4903-8454-0f8128d86ab2\",\"t\":1791214561920}","source":"console","time":"2026-10-05T15:36:01Z"}
{"level":"info","msg":"{\"ev\":\"accepted\",\"id\":\"bb55fe06-b564-4f99-932d-d6b0af218bbb\",\"t\":1791214562028}","source":"console","time":"2026-10-05T15:36:02Z"}
{"level":"info","msg":"{\"ev\":\"accepted\",\"id\":\"c4abf571-9a43-4f47-9ce6-c4d58b781b06\",\"t\":1791214562139}","source":"console","time":"2026-10-05T15:36:02Z"}
{"level":"info","msg":"{\"ev\":\"accepted\",\"id\":\"fc65dfee-e29a-435c-b59b-90e01c932266\",\"t\":1791214562251}","source":"console","time":"2026-10-05T15:36:02Z"}
{"level":"info","msg":"{\"ev\":\"accepted\",\"id\":\"2a118d54-00f5-448c-a05b-a496ba694446\",\"t\":1791214562356}","source":"console","time":"2026-10-05T15:36:02Z"}
{"level":"info","msg":"{\"ev\":\"accepted\",\"id\":\"bad039dc-e62f-48c9-99d3-069b395ee84a\",\"t\":1791214562470}","source":"console","time":"2026-10-05T15:36:02Z"}
{"level":"info","msg":"{\"ev\":\"accepted\",\"id\":\"f9e53784-c184-4cf7-a673-e62851a084e8\",\"t\":1791214562579}","source":"console","time":"2026-10-05T15:36:02Z"}
{"level":"info","msg":"{\"ev\":\"accepted\",\"id\":\"0f6833cf-4d04-4ec3-9485-308e146c0ea8\",\"t\":1791214562698}","source":"console","time":"2026-10-05T15:36:02Z"}
{"level":"info","msg":"{\"ev\":\"accepted\",\"id\":\"e3d22da8-6a06-4f45-8309-f9d3c365da72\",\"t\":1791214562806}","source":"console","time":"2026-10-05T15:36:02Z"}
{"level":"info","msg":"{\"ev\":\"accepted\",\"id\":\"5dda254b-276b-4151-8186-4a2f08343d87\",\"t\":1791214562915}","source":"console","time":"2026-10-05T15:36:02Z"}
{"level":"info","msg":"{\"ev\":\"accepted\",\"id\":\"37597a3f-c26f-4f69-9185-2637cbf84ff9\",\"t\":1791214563024}","source":"console","time":"2026-10-05T15:36:03Z"}
{"level":"info","msg":"{\"ev\":\"accepted\",\"id\":\"843917f3-38ce-4c6c-9fab-117238ad16a2\",\"t\":1791214563134}","source":"console","time":"2026-10-05T15:36:03Z"}
{"level":"info","msg":"{\"ev\":\"accepted\",\"id\":\"c316e20b-5071-4af8-bafa-5a039b29ef9d\",\"t\":1791214563253}","source":"console","time":"2026-10-05T15:36:03Z"}
{"level":"info","msg":"{\"ev\":\"accepted\",\"id\":\"adfd167e-320c-4433-aaec-9888b7ac0b00\",\"t\":1791214563364}","source":"console","time":"2026-10-05T15:36:03Z"}
{"level":"info","msg":"{\"ev\":\"accepted\",\"id\":\"ee728bf5-4fb4-422a-a614-4b380002f23b\",\"t\":1791214563476}","source":"console","time":"2026-10-05T15:36:03Z"}
{"level":"info","msg":"{\"ev\":\"accepted\",\"id\":\"f418493e-a731-445b-80da-4dbcbe714faf\",\"t\":1791214563592}","source":"console","time":"2026-10-05T15:36:03Z"}
{"level":"info","msg":"{\"ev\":\"accepted\",\"id\":\"de31c0be-be7c-485e-8b3a-45165115a9d3\",\"t\":1791214563697}","source":"console","time":"2026-10-05T15:36:03Z"}
{"level":"info","msg":"{\"ev\":\"accepted\",\"id\":\"dd37656d-91ef-4071-aacd-e5c8aa7bd425\",\"t\":1791214563802}","source":"console","time":"2026-10-05T15:36:03Z"}
{"level":"info","msg":"{\"ev\":\"accepted\",\"id\":\"51b346c5-4fb1-4e39-be89-898d6db9f4f5\",\"t\":1791214563913}","source":"console","time":"2026-10-05T15:36:03Z"}
{"level":"info","msg":"{\"ev\":\"accepted\",\"id\":\"539752ed-db6b-4a38-b1c6-9f501581df05\",\"t\":1791214564024}","source":"console","time":"2026-10-05T15:36:04Z"}
{"level":"info","msg":"{\"ev\":\"accepted\",\"id\":\"eb95161b-cbc7-4442-9174-9bd7cc6f1bc9\",\"t\":1791214564134}","source":"console","time":"2026-10-05T15:36:04Z"}
{"level":"info","msg":"{\"ev\":\"accepted\",\"id\":\"429cedcf-0e85-4737-927b-79ead1c1eec1\",\"t\":1791214564241}","source":"console","time":"2026-10-05T15:36:04Z"}
{"level":"info","msg":"{\"ev\":\"accepted\",\"id\":\"b2a66dde-82b7-4d2e-811a-4795ab011463\",\"t\":1791214564351}","source":"console","time":"2026-10-05T15:36:04Z"}
{"level":"info","msg":"{\"ev\":\"accepted\",\"id\":\"45770da6-e650-4540-b4c5-c18fa9a32638\",\"t\":1791214564477}","source":"console","time":"2026-10-05T15:36:04Z"}
{"level":"info","msg":"{\"ev\":\"accepted\",\"id\":\"d5dd1f05-b929-4972-ad1b-a1572685c3c4\",\"t\":1791214564579}","source":"console","time":"2026-10-05T15:36:04Z"}
{"level":"info","msg":"{\"ev\":\"accepted\",\"id\":\"851a394c-5166-4e8b-9e33-ca78c19ba7a4\",\"t\":1791214564691}","source":"console","time":"2026-10-05T15:36:04Z"}
{"level":"info","msg":"{\"ev\":\"accepted\",\"id\":\"5221304e-4480-4459-ba3f-e29181d36ece\",\"t\":1791214564806}","source":"console","time":"2026-10-05T15:36:04Z"}
{"level":"info","msg":"{\"ev\":\"accepted\",\"id\":\"5fd7881c-1aec-4527-aa63-f60832a17533\",\"t\":1791214564913}","source":"console","time":"2026-10-05T15:36:04Z"}
{"level":"info","msg":"{\"ev\":\"accepted\",\"id\":\"00e9277d-98c8-427c-80a6-a7301425588a\",\"t\":1791214565036}","source":"console","time":"2026-10-05T15:36:05Z"}
{"level":"info","msg":"{\"ev\":\"accepted\",\"id\":\"ebc1d948-0a1a-48f3-8781-0ca4ddc88679\",\"t\":1791214565136}","source":"console","time":"2026-10-05T15:36:05Z"}
{"level":"info","msg":"{\"ev\":\"accepted\",\"id\":\"c0363420-b7d8-4f26-9d9a-c4d6b885f767\",\"t\":1791214565246}","source":"console","time":"2026-10-05T15:36:05Z"}
{"level":"info","msg":"{\"ev\":\"accepted\",\"id\":\"8afe0162-15c4-498b-9099-4c22c480cade\",\"t\":1791214565362}","source":"console","time":"2026-10-05T15:36:05Z"}
{"level":"info","msg":"{\"ev\":\"accepted\",\"id\":\"db794d34-6c5c-4a5f-83c1-ee0ec044eb0b\",\"t\":1791214565483}","source":"console","time":"2026-10-05T15:36:05Z"}
{"level":"info","msg":"{\"ev\":\"accepted\",\"id\":\"85fbe67d-4e1f-463a-bdd8-d7d26deb7f0b\",\"t\":1791214565588}","source":"console","time":"2026-10-05T15:36:05Z"}
{"level":"info","msg":"{\"ev\":\"accepted\",\"id\":\"d55d92f2-eafe-417e-bf00-e486e325be86\",\"t\":1791214565697}","source":"console","time":"2026-10-05T15:36:05Z"}
{"level":"info","msg":"{\"ev\":\"accepted\",\"id\":\"1adb8fa5-b120-4efc-a506-0da80a6442c0\",\"t\":1791214565800}","source":"console","time":"2026-10-05T15:36:05Z"}
{"level":"info","msg":"{\"ev\":\"accepted\",\"id\":\"ba0b8875-07d0-457f-8453-3becdda258f2\",\"t\":1791214565912}","source":"console","time":"2026-10-05T15:36:05Z"}
{"level":"info","msg":"{\"ev\":\"accepted\",\"id\":\"0dfa6a72-cc20-4a6c-b340-364f17354b84\",\"t\":1791214566025}","source":"console","time":"2026-10-05T15:36:06Z"}
{"level":"info","msg":"{\"ev\":\"accepted\",\"id\":\"ad2ba4f0-265b-4e93-937e-73894d9c5d83\",\"t\":1791214566136}","source":"console","time":"2026-10-05T15:36:06Z"}
{"level":"info","msg":"{\"ev\":\"accepted\",\"id\":\"ce751001-b7be-41b8-b570-356329e61966\",\"t\":1791214566248}","source":"console","time":"2026-10-05T15:36:06Z"}
{"level":"info","msg":"{\"ev\":\"accepted\",\"id\":\"94da19ec-b527-4d1f-b760-6f7f1f2d4ddc\",\"t\":1791214566363}","source":"console","time":"2026-10-05T15:36:06Z"}
{"level":"info","msg":"{\"ev\":\"accepted\",\"id\":\"97c9074d-2bb1-4cdd-9103-418f5bfffe22\",\"t\":1791214566473}","source":"console","time":"2026-10-05T15:36:06Z"}
{"level":"info","msg":"{\"ev\":\"accepted\",\"id\":\"5c871ce0-1e63-4f76-93fc-c65581147682\",\"t\":1791214566582}","source":"console","time":"2026-10-05T15:36:06Z"}
{"level":"info","msg":"{\"ev\":\"accepted\",\"id\":\"572e13f5-7bbe-4d33-a49f-c822a980c8bf\",\"t\":1791214566710}","source":"console","time":"2026-10-05T15:36:06Z"}
{"level":"info","msg":"{\"ev\":\"accepted\",\"id\":\"9edb4e01-4b89-47bf-a251-93baeba83c8e\",\"t\":1791214566804}","source":"console","time":"2026-10-05T15:36:06Z"}
{"level":"info","msg":"{\"ev\":\"accepted\",\"id\":\"af822f12-fdbc-4897-aae1-6cd0c2cbd270\",\"t\":1791214566914}","source":"console","time":"2026-10-05T15:36:06Z"}
{"level":"info","msg":"{\"ev\":\"accepted\",\"id\":\"651f3c1e-02dd-4493-8bfa-b7b94cf98ad6\",\"t\":1791214567029}","source":"console","time":"2026-10-05T15:36:07Z"}
{"level":"info","msg":"{\"ev\":\"accepted\",\"id\":\"1a6fd176-085a-4d74-ab2d-5538e7f4f2a2\",\"t\":1791214567139}","source":"console","time":"2026-10-05T15:36:07Z"}
{"level":"info","msg":"{\"ev\":\"accepted\",\"id\":\"27390a1f-6410-42b3-be2b-971bf97e9bc7\",\"t\":1791214567254}","source":"console","time":"2026-10-05T15:36:07Z"}
{"level":"info","msg":"{\"ev\":\"accepted\",\"id\":\"f02ba1b8-8204-42cf-bcd4-f60d98c63003\",\"t\":1791214567376}","source":"console","time":"2026-10-05T15:36:07Z"}
{"level":"info","msg":"{\"ev\":\"accepted\",\"id\":\"ed28ff56-62a9-4924-9dee-7595ec0dc404\",\"t\":1791214567483}","source":"console","time":"2026-10-05T15:36:07Z"}
{"level":"info","msg":"{\"ev\":\"accepted\",\"id\":\"dd0d43fc-5077-40b9-946f-8c794085fa47\",\"t\":1791214567585}","source":"console","time":"2026-10-05T15:36:07Z"}
{"level":"info","msg":"{\"ev\":\"accepted\",\"id\":\"28cdd903-e319-4601-a494-c97842b34156\",\"t\":1791214567700}","source":"console","time":"2026-10-05T15:36:07Z"}
{"level":"info","msg":"{\"ev\":\"accepted\",\"id\":\"f6b7946d-380b-4672-a114-2851c3213406\",\"t\":1791214567801}","source":"console","time":"2026-10-05T15:36:07Z"}
{"level":"info","msg":"{\"ev\":\"accepted\",\"id\":\"6c6dbe8a-7348-4a85-afb4-6acb8ce204ec\",\"t\":1791214567911}","source":"console","time":"2026-10-05T15:36:07Z"}
{"level":"info","msg":"{\"ev\":\"accepted\",\"id\":\"56a40601-5870-425b-8839-f8e619c457cc\",\"t\":1791214568028}","source":"console","time":"2026-10-05T15:36:08Z"}
{"level":"info","msg":"{\"ev\":\"accepted\",\"id\":\"f8b0751e-0dea-4f0a-9a6c-263008a16092\",\"t\":1791214568135}","source":"console","time":"2026-10-05T15:36:08Z"}
{"level":"info","msg":"{\"ev\":\"accepted\",\"id\":\"e27e48c7-b4dd-477a-8c9f-918019a419c2\",\"t\":1791214568252}","source":"console","time":"2026-10-05T15:36:08Z"}
{"level":"info","msg":"{\"ev\":\"accepted\",\"id\":\"3d0e6078-64a4-431d-b87a-a1ba6f988db3\",\"t\":1791214568378}","source":"console","time":"2026-10-05T15:36:08Z"}
{"level":"info","msg":"{\"ev\":\"accepted\",\"id\":\"2b24aa8c-8ff9-40da-b554-8e78ec8dd7cf\",\"t\":1791214568466}","source":"console","time":"2026-10-05T15:36:08Z"}
{"level":"info","msg":"{\"ev\":\"accepted\",\"id\":\"197d73d8-0acb-4672-bb1c-cba0c9fba756\",\"t\":1791214568582}","source":"console","time":"2026-10-05T15:36:08Z"}
{"level":"info","msg":"{\"ev\":\"accepted\",\"id\":\"dace3a39-000e-45f6-9ae3-2f74586a528d\",\"t\":1791214568701}","source":"console","time":"2026-10-05T15:36:08Z"}
{"level":"info","msg":"{\"ev\":\"accepted\",\"id\":\"6bb23225-23de-4bc8-94d8-7dbb9d5012cb\",\"t\":1791214568801}","source":"console","time":"2026-10-05T15:36:08Z"}
{"level":"info","msg":"{\"ev\":\"accepted\",\"id\":\"4bbf5b97-9e74-4c6e-afd5-923004b186bc\",\"t\":1791214568911}","source":"console","time":"2026-10-05T15:36:08Z"}
{"level":"info","msg":"{\"ev\":\"accepted\",\"id\":\"91192c5c-7275-414c-8227-ef87bfe2a498\",\"t\":1791214569037}","source":"console","time":"2026-10-05T15:36:09Z"}
{"level":"info","msg":"{\"ev\":\"accepted\",\"id\":\"15f608b7-d1ee-424e-a9f1-b675e975b70d\",\"t\":1791214569143}","source":"console","time":"2026-10-05T15:36:09Z"}
{"level":"info","msg":"{\"ev\":\"accepted\",\"id\":\"1da1483d-12d8-40df-8ac0-65de228910e2\",\"t\":1791214569256}","source":"console","time":"2026-10-05T15:36:09Z"}
{"level":"info","msg":"{\"ev\":\"accepted\",\"id\":\"d4fdaa5f-f596-4229-a048-13d4ceaa0a88\",\"t\":1791214569359}","source":"console","time":"2026-10-05T15:36:09Z"}
{"level":"info","msg":"{\"ev\":\"accepted\",\"id\":\"a5adf8d1-f837-431d-af61-eda66eb536bb\",\"t\":1791214569480}","source":"console","time":"2026-10-05T15:36:09Z"}
{"level":"info","msg":"{\"ev\":\"accepted\",\"id\":\"aa46ce38-03ec-4510-a87c-fea9f8a06974\",\"t\":1791214569601}","source":"console","time":"2026-10-05T15:36:09Z"}
{"level":"info","msg":"{\"ev\":\"accepted\",\"id\":\"a698ca05-ac7d-4732-8db9-373bf89182a9\",\"t\":1791214569690}","source":"console","time":"2026-10-05T15:36:09Z"}
{"level":"info","msg":"{\"ev\":\"accepted\",\"id\":\"993c10bb-e945-4d6a-8587-78c6a2c644ae\",\"t\":1791214569806}","source":"console","time":"2026-10-05T15:36:09Z"}
{"level":"info","msg":"{\"ev\":\"accepted\",\"id\":\"a6511e2a-3e2f-4da0-8ff0-5d071b3fcad7\",\"t\":1791214569913}","source":"console","time":"2026-10-05T15:36:09Z"}
{"level":"info","msg":"{\"ev\":\"accepted\",\"id\":\"e199d9f2-953d-4e00-9725-5d685acb0c6e\",\"t\":1791214570049}","source":"console","time":"2026-10-05T15:36:10Z"}
{"level":"info","msg":"{\"ev\":\"accepted\",\"id\":\"84475ba2-6460-49b7-a681-1774635110ab\",\"t\":1791214570137}","source":"console","time":"2026-10-05T15:36:10Z"}
{"level":"info","msg":"{\"ev\":\"accepted\",\"id\":\"b779293f-ba91-4ab1-b8a0-c1a4f64d2765\",\"t\":1791214570248}","source":"console","time":"2026-10-05T15:36:10Z"}
{"level":"info","msg":"{\"ev\":\"accepted\",\"id\":\"09c3741f-8487-4ce0-a2b0-716cc6707ad5\",\"t\":1791214570367}","source":"console","time":"2026-10-05T15:36:10Z"}
{"level":"info","msg":"{\"ev\":\"accepted\",\"id\":\"4765a912-cb71-46c4-87b1-f6d5e1ddbce0\",\"t\":1791214570481}","source":"console","time":"2026-10-05T15:36:10Z"}
{"level":"info","msg":"{\"ev\":\"accepted\",\"id\":\"818a75e5-0853-4956-8f46-2a25671b9089\",\"t\":1791214570583}","source":"console","time":"2026-10-05T15:36:10Z"}
{"level":"info","msg":"{\"ev\":\"accepted\",\"id\":\"36eff747-e3b8-48c6-b8c6-2c8aa60a1d08\",\"t\":1791214570687}","source":"console","time":"2026-10-05T15:36:10Z"}
{"level":"info","msg":"{\"ev\":\"accepted\",\"id\":\"30324651-e093-4a94-bf69-e90f1ee6cdbc\",\"t\":1791214570802}","source":"console","time":"2026-10-05T15:36:10Z"}
{"level":"info","msg":"{\"ev\":\"accepted\",\"id\":\"2f2d40c2-705f-4573-b449-ee2757c57923\",\"t\":1791214570913}","source":"console","time":"2026-10-05T15:36:10Z"}
{"level":"info","msg":"{\"ev\":\"accepted\",\"id\":\"65448df6-85c6-4f63-87b5-bcd059d8eb96\",\"t\":1791214571028}","source":"console","time":"2026-10-05T15:36:11Z"}
{"level":"info","msg":"{\"ev\":\"accepted\",\"id\":\"b11f3399-56ef-47eb-98a4-b27f5ea0390f\",\"t\":1791214571138}","source":"console","time":"2026-10-05T15:36:11Z"}
{"level":"info","msg":"{\"ev\":\"accepted\",\"id\":\"d29339d5-4d17-44bc-b867-38f03f595379\",\"t\":1791214571249}","source":"console","time":"2026-10-05T15:36:11Z"}
{"level":"info","msg":"{\"ev\":\"accepted\",\"id\":\"f9d31276-8ac5-4cb5-b746-bca037726f76\",\"t\":1791214571366}","source":"console","time":"2026-10-05T15:36:11Z"}
{"level":"info","msg":"{\"ev\":\"accepted\",\"id\":\"cbe01698-0e73-4349-9e8c-5a4aeb79a679\",\"t\":1791214571474}","source":"console","time":"2026-10-05T15:36:11Z"}
{"level":"info","msg":"{\"ev\":\"accepted\",\"id\":\"af8395c7-6418-406a-bdb2-7b042bf8c85c\",\"t\":1791214571583}","source":"console","time":"2026-10-05T15:36:11Z"}
{"level":"info","msg":"{\"ev\":\"accepted\",\"id\":\"5cacf461-ef4a-48d2-a589-078bc3c9cd57\",\"t\":1791214571697}","source":"console","time":"2026-10-05T15:36:11Z"}
{"level":"info","msg":"{\"ev\":\"accepted\",\"id\":\"754fb0e8-5da1-409a-8643-459a7c66df0e\",\"t\":1791214571804}","source":"console","time":"2026-10-05T15:36:11Z"}
{"level":"info","msg":"{\"ev\":\"accepted\",\"id\":\"b60c6600-f7ef-4537-a58c-9bd677015890\",\"t\":1791214571926}","source":"console","time":"2026-10-05T15:36:11Z"}
{"level":"info","msg":"{\"ev\":\"accepted\",\"id\":\"0459c479-7046-4650-a347-c344b7e26da9\",\"t\":1791214572025}","source":"console","time":"2026-10-05T15:36:12Z"}
{"level":"info","msg":"{\"ev\":\"accepted\",\"id\":\"0c6840ad-b3b0-442a-a8a0-31507d9472f6\",\"t\":1791214572134}","source":"console","time":"2026-10-05T15:36:12Z"}
{"level":"info","msg":"{\"ev\":\"accepted\",\"id\":\"ac1706e3-0dbf-4509-83f0-4a87fae3b5f1\",\"t\":1791214572251}","source":"console","time":"2026-10-05T15:36:12Z"}
{"level":"info","msg":"{\"ev\":\"accepted\",\"id\":\"25d6858d-8119-4563-b96b-e6bdaa55e3a8\",\"t\":1791214572358}","source":"console","time":"2026-10-05T15:36:12Z"}
{"level":"info","msg":"{\"ev\":\"accepted\",\"id\":\"2496f3e0-1c86-4450-98e5-fdb7787bd591\",\"t\":1791214572479}","source":"console","time":"2026-10-05T15:36:12Z"}
{"level":"info","msg":"{\"ev\":\"accepted\",\"id\":\"f2a60f02-5e87-4c12-a4c1-179c32a383af\",\"t\":1791214572582}","source":"console","time":"2026-10-05T15:36:12Z"}
{"level":"info","msg":"{\"ev\":\"accepted\",\"id\":\"5b6e6fb8-be59-453a-86df-1c51022b27f7\",\"t\":1791214572695}","source":"console","time":"2026-10-05T15:36:12Z"}
{"level":"info","msg":"{\"ev\":\"accepted\",\"id\":\"0f049945-206e-45a3-9fb5-df7f00514f1f\",\"t\":1791214572809}","source":"console","time":"2026-10-05T15:36:12Z"}
{"level":"info","msg":"{\"ev\":\"accepted\",\"id\":\"8be53be0-c3e7-4331-afbc-dfb66541aabd\",\"t\":1791214572918}","source":"console","time":"2026-10-05T15:36:12Z"}
{"level":"info","msg":"{\"ev\":\"accepted\",\"id\":\"0d904b0c-c5bd-41e1-8da2-354060b3c8fc\",\"t\":1791214573035}","source":"console","time":"2026-10-05T15:36:13Z"}
{"level":"info","msg":"{\"ev\":\"accepted\",\"id\":\"403fd748-450d-470d-8e9f-518e199525b4\",\"t\":1791214573149}","source":"console","time":"2026-10-05T15:36:13Z"}
{"level":"info","msg":"{\"ev\":\"accepted\",\"id\":\"789b88ca-84fa-4f1e-b466-f2f7f9766650\",\"t\":1791214573260}","source":"console","time":"2026-10-05T15:36:13Z"}
{"level":"info","msg":"{\"ev\":\"accepted\",\"id\":\"a1c1d107-fb29-4d6a-b121-a5dd52793740\",\"t\":1791214573358}","source":"console","time":"2026-10-05T15:36:13Z"}
{"level":"info","msg":"{\"ev\":\"accepted\",\"id\":\"3d6e3bfc-8a27-4f82-9b35-9c2392c46bc1\",\"t\":1791214573474}","source":"console","time":"2026-10-05T15:36:13Z"}
{"level":"info","msg":"{\"ev\":\"accepted\",\"id\":\"b412f2f8-5ee4-4b6c-a49e-316be9c6185d\",\"t\":1791214573596}","source":"console","time":"2026-10-05T15:36:13Z"}
{"level":"info","msg":"{\"ev\":\"accepted\",\"id\":\"cd53ea01-d6f7-466a-9c18-a2dcc2a0666f\",\"t\":1791214573695}","source":"console","time":"2026-10-05T15:36:13Z"}
{"level":"info","msg":"{\"ev\":\"accepted\",\"id\":\"4cefbb47-c738-491d-b7e8-95579b4ca436\",\"t\":1791214573807}","source":"console","time":"2026-10-05T15:36:13Z"}
{"level":"info","msg":"{\"ev\":\"accepted\",\"id\":\"ba2d7b08-338e-4c19-a9a7-3a953476cb11\",\"t\":1791214573921}","source":"console","time":"2026-10-05T15:36:13Z"}
{"level":"info","msg":"{\"ev\":\"accepted\",\"id\":\"925a2231-db47-4942-b229-2ea3c76e61de\",\"t\":1791214574040}","source":"console","time":"2026-10-05T15:36:14Z"}
{"level":"info","msg":"{\"ev\":\"accepted\",\"id\":\"a0f5b396-94d0-4c1b-85a2-562bca0ac065\",\"t\":1791214574143}","source":"console","time":"2026-10-05T15:36:14Z"}
{"level":"info","msg":"{\"ev\":\"accepted\",\"id\":\"d4b101dc-9987-4e8e-90e3-f1eeb592e7f9\",\"t\":1791214574255}","source":"console","time":"2026-10-05T15:36:14Z"}
{"level":"info","msg":"{\"ev\":\"accepted\",\"id\":\"8d03f924-0357-43b2-89af-0ad9d0439a37\",\"t\":1791214574359}","source":"console","time":"2026-10-05T15:36:14Z"}
{"level":"info","msg":"{\"ev\":\"accepted\",\"id\":\"7bc101c5-37f1-4659-aef9-e7ccd8720d57\",\"t\":1791214574471}","source":"console","time":"2026-10-05T15:36:14Z"}
{"level":"info","msg":"{\"ev\":\"accepted\",\"id\":\"8725926e-2ec2-42c4-914e-a6aadc04f8d5\",\"t\":1791214574580}","source":"console","time":"2026-10-05T15:36:14Z"}
{"level":"info","msg":"{\"ev\":\"accepted\",\"id\":\"9b10c0b1-18f7-4ed9-ae77-60279612f206\",\"t\":1791214574695}","source":"console","time":"2026-10-05T15:36:14Z"}
{"level":"info","msg":"{\"ev\":\"accepted\",\"id\":\"ab54677e-f842-4374-89ac-ccbc8f7203ff\",\"t\":1791214574810}","source":"console","time":"2026-10-05T15:36:14Z"}
{"level":"info","msg":"{\"ev\":\"accepted\",\"id\":\"7fd86e77-d480-4481-b5b1-42288c0ccd10\",\"t\":1791214574919}","source":"console","time":"2026-10-05T15:36:14Z"}
{"level":"info","msg":"{\"ev\":\"accepted\",\"id\":\"b88695e4-fb40-447b-80ad-f39e90dcac9c\",\"t\":1791214575029}","source":"console","time":"2026-10-05T15:36:15Z"}
{"level":"info","msg":"{\"ev\":\"accepted\",\"id\":\"6bbe35f0-95c2-4c75-818b-3b112c513939\",\"t\":1791214575138}","source":"console","time":"2026-10-05T15:36:15Z"}
{"level":"info","msg":"{\"ev\":\"accepted\",\"id\":\"4acdc2cc-01ae-42dd-93bd-62b1f18fa920\",\"t\":1791214575253}","source":"console","time":"2026-10-05T15:36:15Z"}
{"level":"info","msg":"{\"ev\":\"accepted\",\"id\":\"bc3ccd94-8177-4bf5-aabe-a113436548c0\",\"t\":1791214575367}","source":"console","time":"2026-10-05T15:36:15Z"}
{"level":"info","msg":"{\"ev\":\"accepted\",\"id\":\"2c787095-63b9-40ef-86f9-822e54ac66e4\",\"t\":1791214575497}","source":"console","time":"2026-10-05T15:36:15Z"}
{"level":"info","msg":"{\"ev\":\"accepted\",\"id\":\"da7dd7ca-b7f8-4dfc-be39-b71d5ca3f829\",\"t\":1791214575582}","source":"console","time":"2026-10-05T15:36:15Z"}
{"level":"info","msg":"{\"ev\":\"accepted\",\"id\":\"f8a532bb-9036-4adc-871e-06c7f637ef47\",\"t\":1791214575698}","source":"console","time":"2026-10-05T15:36:15Z"}
{"level":"info","msg":"{\"ev\":\"accepted\",\"id\":\"1b88dbb2-3af6-423e-a79e-7bf072f54efb\",\"t\":1791214575810}","source":"console","time":"2026-10-05T15:36:15Z"}
{"level":"info","msg":"{\"ev\":\"accepted\",\"id\":\"10470b4b-415d-4171-8140-32821da94950\",\"t\":1791214575915}","source":"console","time":"2026-10-05T15:36:15Z"}
{"level":"info","msg":"{\"ev\":\"accepted\",\"id\":\"44f6097c-7a59-4b5c-9085-db9a06eb4d03\",\"t\":1791214576034}","source":"console","time":"2026-10-05T15:36:16Z"}
{"level":"info","msg":"{\"ev\":\"accepted\",\"id\":\"3674463b-da49-4fe5-b784-860f14b78787\",\"t\":1791214576154}","source":"console","time":"2026-10-05T15:36:16Z"}
{"level":"info","msg":"{\"ev\":\"accepted\",\"id\":\"5e09bb90-70a0-470e-98ff-4dc1164e13cf\",\"t\":1791214576248}","source":"console","time":"2026-10-05T15:36:16Z"}
{"level":"info","msg":"{\"ev\":\"accepted\",\"id\":\"bcca8348-a7f2-4741-be84-ce25089de188\",\"t\":1791214576376}","source":"console","time":"2026-10-05T15:36:16Z"}
{"level":"info","msg":"{\"ev\":\"accepted\",\"id\":\"02769701-901a-457c-a0b2-a5c95d1ea19b\",\"t\":1791214576493}","source":"console","time":"2026-10-05T15:36:16Z"}
{"level":"info","msg":"{\"ev\":\"accepted\",\"id\":\"d40a9a0a-f31d-4d04-8cf3-c19783f5fbdb\",\"t\":1791214576584}","source":"console","time":"2026-10-05T15:36:16Z"}
{"level":"info","msg":"{\"ev\":\"accepted\",\"id\":\"de9db2fc-dc66-4acd-a930-eebaf9e98ee6\",\"t\":1791214576692}","source":"console","time":"2026-10-05T15:36:16Z"}
{"level":"info","msg":"{\"ev\":\"accepted\",\"id\":\"0b92421f-ce06-4838-982e-a15447c53b89\",\"t\":1791214576806}","source":"console","time":"2026-10-05T15:36:16Z"}
{"level":"info","msg":"{\"ev\":\"accepted\",\"id\":\"529e1612-665e-4aa9-8662-cb6cac6cc4c4\",\"t\":1791214576927}","source":"console","time":"2026-10-05T15:36:16Z"}
{"level":"info","msg":"{\"ev\":\"accepted\",\"id\":\"d50cbcb4-e1c8-44f3-b88a-ed0e27989899\",\"t\":1791214577033}","source":"console","time":"2026-10-05T15:36:17Z"}
{"level":"info","msg":"{\"ev\":\"accepted\",\"id\":\"de945309-3bef-4b3e-bdcd-5386787da8c8\",\"t\":1791214577145}","source":"console","time":"2026-10-05T15:36:17Z"}
{"level":"info","msg":"{\"ev\":\"accepted\",\"id\":\"ad77a320-48de-4857-9249-c8bdd152c8e6\",\"t\":1791214577262}","source":"console","time":"2026-10-05T15:36:17Z"}
{"level":"info","msg":"{\"ev\":\"accepted\",\"id\":\"bd636028-1853-4fff-8e04-c685d73c80a1\",\"t\":1791214577367}","source":"console","time":"2026-10-05T15:36:17Z"}
{"level":"info","msg":"{\"ev\":\"accepted\",\"id\":\"fcbe450e-d351-48e0-82ab-46fb4d7bce63\",\"t\":1791214577476}","source":"console","time":"2026-10-05T15:36:17Z"}
{"level":"info","msg":"{\"ev\":\"accepted\",\"id\":\"f4c156bc-498b-4178-9490-8dd1c184f66f\",\"t\":1791214577597}","source":"console","time":"2026-10-05T15:36:17Z"}
{"level":"info","msg":"{\"ev\":\"accepted\",\"id\":\"c6236498-0a8e-4d10-a831-076f965c8fc2\",\"t\":1791214577700}","source":"console","time":"2026-10-05T15:36:17Z"}
{"level":"info","msg":"{\"ev\":\"accepted\",\"id\":\"3ccb392a-1a81-46ef-abb0-7d7c33ceaf7c\",\"t\":1791214577816}","source":"console","time":"2026-10-05T15:36:17Z"}
{"level":"info","msg":"{\"ev\":\"accepted\",\"id\":\"85c014fd-aa5a-49bf-9880-5fa865e820f3\",\"t\":1791214577925}","source":"console","time":"2026-10-05T15:36:17Z"}
{"level":"info","msg":"{\"ev\":\"accepted\",\"id\":\"e777a50a-2b97-4602-8a7e-a1c69cb32eb8\",\"t\":1791214578047}","source":"console","time":"2026-10-05T15:36:18Z"}
{"level":"info","msg":"{\"ev\":\"accepted\",\"id\":\"b52e367b-8647-4d4d-b398-581ab1aa8711\",\"t\":1791214578145}","source":"console","time":"2026-10-05T15:36:18Z"}
{"level":"info","msg":"{\"ev\":\"accepted\",\"id\":\"17d41afe-a180-4c7a-92a6-49522c76fdb7\",\"t\":1791214578253}","source":"console","time":"2026-10-05T15:36:18Z"}
{"level":"info","msg":"{\"ev\":\"accepted\",\"id\":\"e98be2c6-8a53-4d18-b04d-8a95ab577872\",\"t\":1791214578361}","source":"console","time":"2026-10-05T15:36:18Z"}
{"level":"info","msg":"{\"ev\":\"accepted\",\"id\":\"6f8ea84d-1c38-4c15-827d-c6c99089e460\",\"t\":1791214578479}","source":"console","time":"2026-10-05T15:36:18Z"}
{"level":"info","msg":"{\"ev\":\"accepted\",\"id\":\"b5f30361-ad93-4239-86de-eefe4d01bc2a\",\"t\":1791214578581}","source":"console","time":"2026-10-05T15:36:18Z"}
{"level":"info","msg":"{\"ev\":\"accepted\",\"id\":\"e49f8de0-7548-4c7c-bf5d-b7ca76ada752\",\"t\":1791214578698}","source":"console","time":"2026-10-05T15:36:18Z"}
{"level":"info","msg":"{\"ev\":\"accepted\",\"id\":\"f6dee93f-702c-4cee-a4e7-a2c3ac496b64\",\"t\":1791214578809}","source":"console","time":"2026-10-05T15:36:18Z"}
{"level":"info","msg":"{\"ev\":\"accepted\",\"id\":\"c45cdf91-8782-4d86-9da6-68122569880b\",\"t\":1791214578924}","source":"console","time":"2026-10-05T15:36:18Z"}
{"level":"info","msg":"{\"ev\":\"accepted\",\"id\":\"b2d4bcfa-1727-48ae-b1ac-4ee630a98bf3\",\"t\":1791214579028}","source":"console","time":"2026-10-05T15:36:19Z"}
{"level":"info","msg":"{\"ev\":\"accepted\",\"id\":\"08107bba-4252-427e-88c9-900a453a3faf\",\"t\":1791214579150}","source":"console","time":"2026-10-05T15:36:19Z"}
{"level":"info","msg":"{\"ev\":\"accepted\",\"id\":\"778df33c-1b9d-4b15-b008-5a8458027503\",\"t\":1791214579259}","source":"console","time":"2026-10-05T15:36:19Z"}
{"level":"info","msg":"{\"ev\":\"accepted\",\"id\":\"a4de6db0-37b5-4466-89c2-4a8eafb967ce\",\"t\":1791214579365}","source":"console","time":"2026-10-05T15:36:19Z"}
{"level":"info","msg":"{\"ev\":\"accepted\",\"id\":\"12db83ea-1d24-48b1-9f2e-329b67681649\",\"t\":1791214579470}","source":"console","time":"2026-10-05T15:36:19Z"}
{"level":"info","msg":"{\"ev\":\"accepted\",\"id\":\"00605d1b-ffe9-40cd-86a1-3172cf5e60f2\",\"t\":1791214579580}","source":"console","time":"2026-10-05T15:36:19Z"}
{"level":"info","msg":"{\"ev\":\"accepted\",\"id\":\"0e5d5e8e-3ec0-4b01-87bc-2e69842a175d\",\"t\":1791214579700}","source":"console","time":"2026-10-05T15:36:19Z"}
{"level":"info","msg":"{\"ev\":\"accepted\",\"id\":\"8bf129f1-3c76-428f-9adf-760753c2371d\",\"t\":1791214579813}","source":"console","time":"2026-10-05T15:36:19Z"}
{"level":"info","msg":"{\"ev\":\"accepted\",\"id\":\"959dbe50-147f-4a1c-af51-b7c0c65beb62\",\"t\":1791214579913}","source":"console","time":"2026-10-05T15:36:19Z"}
{"level":"info","msg":"{\"ev\":\"accepted\",\"id\":\"1fd0ab42-bcac-4565-b94a-ed73ad5a156f\",\"t\":1791214580036}","source":"console","time":"2026-10-05T15:36:20Z"}
{"level":"info","msg":"{\"ev\":\"accepted\",\"id\":\"2fa2d355-b9c3-464b-85bd-a4fccd492388\",\"t\":1791214580135}","source":"console","time":"2026-10-05T15:36:20Z"}
{"level":"info","msg":"{\"ev\":\"accepted\",\"id\":\"166dba02-bc82-463d-b85e-c73bd8d06288\",\"t\":1791214580255}","source":"console","time":"2026-10-05T15:36:20Z"}
{"level":"info","msg":"{\"ev\":\"accepted\",\"id\":\"0bd090f7-bf4b-4c43-b9d7-c1a4c971722b\",\"t\":1791214580360}","source":"console","time":"2026-10-05T15:36:20Z"}
{"level":"info","msg":"{\"ev\":\"accepted\",\"id\":\"6d2732a9-e90c-40c6-a44a-36663104296e\",\"t\":1791214580469}","source":"console","time":"2026-10-05T15:36:20Z"}
{"level":"info","msg":"{\"ev\":\"accepted\",\"id\":\"d532e20e-0aff-4f3a-88b6-d63671f6e858\",\"t\":1791214580584}","source":"console","time":"2026-10-05T15:36:20Z"}
{"level":"info","msg":"{\"ev\":\"accepted\",\"id\":\"ea674fe2-0cc5-4de3-bf27-6a03408a8fb2\",\"t\":1791214580689}","source":"console","time":"2026-10-05T15:36:20Z"}
{"level":"info","msg":"{\"ev\":\"accepted\",\"id\":\"186a30a5-a18d-4849-a70f-3d25829b9d56\",\"t\":1791214580803}","source":"console","time":"2026-10-05T15:36:20Z"}
{"level":"info","msg":"{\"ev\":\"accepted\",\"id\":\"d27db419-0a59-45a3-8e96-71a7c8ef5b76\",\"t\":1791214580911}","source":"console","time":"2026-10-05T15:36:20Z"}
{"level":"info","msg":"{\"ev\":\"accepted\",\"id\":\"4d8637be-73fa-430b-bc71-61ed7770e984\",\"t\":1791214581023}","source":"console","time":"2026-10-05T15:36:21Z"}
{"level":"info","msg":"{\"ev\":\"accepted\",\"id\":\"9ad5b6e5-9035-49ac-96b9-fbb569d1f08e\",\"t\":1791214581150}","source":"console","time":"2026-10-05T15:36:21Z"}
{"level":"info","msg":"{\"ev\":\"accepted\",\"id\":\"2344497c-a245-4f77-b25b-b121844ef5f5\",\"t\":1791214581250}","source":"console","time":"2026-10-05T15:36:21Z"}
{"level":"info","msg":"{\"ev\":\"accepted\",\"id\":\"2202714d-21ef-4c77-adb6-73e7d5bb5576\",\"t\":1791214581365}","source":"console","time":"2026-10-05T15:36:21Z"}
{"level":"info","msg":"{\"ev\":\"accepted\",\"id\":\"d9421d2d-bb28-4883-9140-bd84112cfd05\",\"t\":1791214581471}","source":"console","time":"2026-10-05T15:36:21Z"}
{"level":"info","msg":"{\"ev\":\"accepted\",\"id\":\"c2bf952d-c6b7-471d-8fd3-9939fe74c8d2\",\"t\":1791214581580}","source":"console","time":"2026-10-05T15:36:21Z"}
{"level":"info","msg":"{\"ev\":\"accepted\",\"id\":\"a99f86a6-506c-46ab-b1dd-6e7d2f89b50e\",\"t\":1791214581705}","source":"console","time":"2026-10-05T15:36:21Z"}
{"level":"info","msg":"{\"ev\":\"accepted\",\"id\":\"362bcca6-fb81-4b9f-b5d4-85352e8266b6\",\"t\":1791214581808}","source":"console","time":"2026-10-05T15:36:21Z"}
{"level":"info","msg":"{\"ev\":\"accepted\",\"id\":\"40f86e62-876a-42f7-b3a5-ff5624fbffd4\",\"t\":1791214581916}","source":"console","time":"2026-10-05T15:36:21Z"}
{"level":"info","msg":"{\"ev\":\"accepted\",\"id\":\"ed9cfd0a-e234-4f85-9cf6-7ba5edf15571\",\"t\":1791214582029}","source":"console","time":"2026-10-05T15:36:22Z"}
{"level":"info","msg":"{\"ev\":\"accepted\",\"id\":\"03c1a865-855e-4c86-b666-b45e405d1001\",\"t\":1791214582136}","source":"console","time":"2026-10-05T15:36:22Z"}
{"level":"info","msg":"{\"ev\":\"accepted\",\"id\":\"fac8db94-4c56-46dd-a27d-f8be0bcd4143\",\"t\":1791214582250}","source":"console","time":"2026-10-05T15:36:22Z"}
{"level":"info","msg":"{\"ev\":\"accepted\",\"id\":\"e6df7704-6344-40a6-95ea-93a67fc8f5ae\",\"t\":1791214582361}","source":"console","time":"2026-10-05T15:36:22Z"}
{"level":"info","msg":"{\"ev\":\"accepted\",\"id\":\"d87964f9-8513-44ba-8495-b287116b76e4\",\"t\":1791214582468}","source":"console","time":"2026-10-05T15:36:22Z"}
{"level":"info","msg":"{\"ev\":\"accepted\",\"id\":\"d6c0e11a-cfdf-43e2-8c87-828b34580f52\",\"t\":1791214582581}","source":"console","time":"2026-10-05T15:36:22Z"}
{"level":"info","msg":"{\"ev\":\"accepted\",\"id\":\"e77e25f6-46e8-4580-a5ca-4f2355a85b2d\",\"t\":1791214582700}","source":"console","time":"2026-10-05T15:36:22Z"}
{"level":"info","msg":"{\"ev\":\"accepted\",\"id\":\"965ffc5f-ac34-4ca4-bdd9-3438e3f0bc05\",\"t\":1791214582815}","source":"console","time":"2026-10-05T15:36:22Z"}
{"level":"info","msg":"{\"ev\":\"accepted\",\"id\":\"3958a938-5e9e-4d1b-bdc3-44e8b3e9ecd4\",\"t\":1791214582922}","source":"console","time":"2026-10-05T15:36:22Z"}
{"level":"info","msg":"{\"ev\":\"accepted\",\"id\":\"400836ee-2bf6-4136-a5de-e9a9f313559d\",\"t\":1791214583035}","source":"console","time":"2026-10-05T15:36:23Z"}
{"level":"info","msg":"{\"ev\":\"accepted\",\"id\":\"7b852efb-2c48-4bf1-8e55-653712e54fb4\",\"t\":1791214583139}","source":"console","time":"2026-10-05T15:36:23Z"}
{"level":"info","msg":"{\"ev\":\"accepted\",\"id\":\"b0857dcc-f547-4316-9fbb-abec6755b744\",\"t\":1791214583261}","source":"console","time":"2026-10-05T15:36:23Z"}
{"level":"info","msg":"{\"ev\":\"accepted\",\"id\":\"f1a1eda4-8a23-467b-92ff-0c2c5bb007ff\",\"t\":1791214583373}","source":"console","time":"2026-10-05T15:36:23Z"}
{"level":"info","msg":"{\"ev\":\"accepted\",\"id\":\"e6d8faf1-488d-4fe2-a45c-12d2bb1fdb58\",\"t\":1791214583480}","source":"console","time":"2026-10-05T15:36:23Z"}
{"level":"info","msg":"{\"ev\":\"accepted\",\"id\":\"c318792b-ad75-4cde-b172-4cc8c448dc09\",\"t\":1791214583583}","source":"console","time":"2026-10-05T15:36:23Z"}
{"level":"info","msg":"{\"ev\":\"accepted\",\"id\":\"7d9ed43f-7cd1-4353-9e3c-edf9491d0ad3\",\"t\":1791214583699}","source":"console","time":"2026-10-05T15:36:23Z"}
{"level":"info","msg":"{\"ev\":\"accepted\",\"id\":\"064676c3-90cf-458f-b96e-5c77a5c505e8\",\"t\":1791214583813}","source":"console","time":"2026-10-05T15:36:23Z"}
{"level":"info","msg":"{\"ev\":\"accepted\",\"id\":\"13f3be15-7afa-42b5-9649-a7e6b823a931\",\"t\":1791214583934}","source":"console","time":"2026-10-05T15:36:23Z"}
{"level":"info","msg":"{\"ev\":\"accepted\",\"id\":\"723c0093-1c7e-45d3-82c5-30763446db0b\",\"t\":1791214584037}","source":"console","time":"2026-10-05T15:36:24Z"}
{"level":"info","msg":"{\"ev\":\"accepted\",\"id\":\"18ade8c4-9abe-4dc5-bba3-812b76b9746b\",\"t\":1791214584148}","source":"console","time":"2026-10-05T15:36:24Z"}
{"level":"info","msg":"{\"ev\":\"accepted\",\"id\":\"cf83f3bd-48b8-42d6-8a73-e47af7af9c92\",\"t\":1791214584265}","source":"console","time":"2026-10-05T15:36:24Z"}
{"level":"info","msg":"{\"ev\":\"accepted\",\"id\":\"fcc97b9d-8999-4e47-b18d-a4a3b2d04c57\",\"t\":1791214584365}","source":"console","time":"2026-10-05T15:36:24Z"}
{"level":"info","msg":"{\"ev\":\"accepted\",\"id\":\"689a7cab-ed13-487d-899f-a4f6683b8231\",\"t\":1791214584473}","source":"console","time":"2026-10-05T15:36:24Z"}
{"level":"info","msg":"{\"ev\":\"accepted\",\"id\":\"9b8334d1-214d-46c2-8ec5-d0e6d5ab037c\",\"t\":1791214584600}","source":"console","time":"2026-10-05T15:36:24Z"}
{"level":"info","msg":"{\"ev\":\"accepted\",\"id\":\"884bb16b-41e8-4eb6-a425-713db2baae2b\",\"t\":1791214584692}","source":"console","time":"2026-10-05T15:36:24Z"}
{"level":"info","msg":"{\"ev\":\"accepted\",\"id\":\"daae4c11-8f24-4f91-8af5-49207faa8b15\",\"t\":1791214584809}","source":"console","time":"2026-10-05T15:36:24Z"}
{"level":"info","msg":"{\"ev\":\"accepted\",\"id\":\"f6420e48-e6e7-472c-8c6f-98a08e535799\",\"t\":1791214584931}","source":"console","time":"2026-10-05T15:36:24Z"}
{"level":"info","msg":"{\"ev\":\"accepted\",\"id\":\"b8efa604-c0fd-44c1-8ede-a77e23653718\",\"t\":1791214585034}","source":"console","time":"2026-10-05T15:36:25Z"}
{"level":"info","msg":"{\"ev\":\"accepted\",\"id\":\"53fb36fd-c166-441d-84c9-145bffd455bc\",\"t\":1791214585133}","source":"console","time":"2026-10-05T15:36:25Z"}
{"level":"info","msg":"{\"ev\":\"accepted\",\"id\":\"73541fc3-cffd-408c-9aaa-9e73cc971d51\",\"t\":1791214585247}","source":"console","time":"2026-10-05T15:36:25Z"}
{"level":"info","msg":"{\"ev\":\"accepted\",\"id\":\"29026b92-4f0b-4610-9560-409c9ad356f2\",\"t\":1791214585362}","source":"console","time":"2026-10-05T15:36:25Z"}
{"level":"info","msg":"{\"ev\":\"accepted\",\"id\":\"b1fc524f-3d10-4b19-b5cc-e0d81ffe7703\",\"t\":1791214585488}","source":"console","time":"2026-10-05T15:36:25Z"}
{"level":"info","msg":"{\"ev\":\"accepted\",\"id\":\"09d404f1-288b-4e92-8561-35fdedfa0a6d\",\"t\":1791214585600}","source":"console","time":"2026-10-05T15:36:25Z"}
{"level":"info","msg":"{\"ev\":\"accepted\",\"id\":\"f71525e1-2780-4c87-a642-1b4f940f5a4b\",\"t\":1791214585708}","source":"console","time":"2026-10-05T15:36:25Z"}
{"level":"info","msg":"{\"ev\":\"accepted\",\"id\":\"9524fffe-9421-4c0a-9cda-d5f73026750e\",\"t\":1791214585820}","source":"console","time":"2026-10-05T15:36:25Z"}
{"level":"info","msg":"{\"ev\":\"accepted\",\"id\":\"dee27912-9d93-4aaa-a407-ef75009e2911\",\"t\":1791214585915}","source":"console","time":"2026-10-05T15:36:25Z"}
{"level":"info","msg":"{\"ev\":\"accepted\",\"id\":\"bd395713-e779-4f8b-bae1-8617c69cdf1b\",\"t\":1791214586039}","source":"console","time":"2026-10-05T15:36:26Z"}
{"level":"info","msg":"{\"ev\":\"accepted\",\"id\":\"62475cc4-d8f7-4e46-bb4e-539696f55c52\",\"t\":1791214586151}","source":"console","time":"2026-10-05T15:36:26Z"}
{"level":"info","msg":"{\"ev\":\"accepted\",\"id\":\"2434bf2f-5322-4b58-9b8b-8ace5e289397\",\"t\":1791214586251}","source":"console","time":"2026-10-05T15:36:26Z"}
{"level":"info","msg":"{\"ev\":\"accepted\",\"id\":\"c152621e-f528-4ebe-acd8-96932f789d89\",\"t\":1791214586358}","source":"console","time":"2026-10-05T15:36:26Z"}
{"level":"info","msg":"{\"ev\":\"accepted\",\"id\":\"0cb37f01-9b0b-4abe-98fd-c0e6317c18ea\",\"t\":1791214586481}","source":"console","time":"2026-10-05T15:36:26Z"}
{"level":"info","msg":"{\"ev\":\"accepted\",\"id\":\"b22b4407-674d-4ae8-bdcd-e8a59b8b8817\",\"t\":1791214586593}","source":"console","time":"2026-10-05T15:36:26Z"}
{"level":"info","msg":"{\"ev\":\"accepted\",\"id\":\"06ee6ee9-8ea9-4b24-b0de-3a8bc4bb48f9\",\"t\":1791214586692}","source":"console","time":"2026-10-05T15:36:26Z"}
{"level":"info","msg":"{\"ev\":\"accepted\",\"id\":\"1e6fde88-a61a-49f8-9780-28038b85585b\",\"t\":1791214586807}","source":"console","time":"2026-10-05T15:36:26Z"}
{"level":"info","msg":"{\"ev\":\"accepted\",\"id\":\"c76cca5d-b1ea-4458-8847-1640a02ab0cf\",\"t\":1791214586915}","source":"console","time":"2026-10-05T15:36:26Z"}
{"level":"info","msg":"{\"ev\":\"accepted\",\"id\":\"986efce0-60ba-458a-a0f0-808ce92e66ce\",\"t\":1791214587021}","source":"console","time":"2026-10-05T15:36:27Z"}
{"level":"info","msg":"{\"ev\":\"accepted\",\"id\":\"94cfb281-f789-4ff0-a03f-47645b098725\",\"t\":1791214587135}","source":"console","time":"2026-10-05T15:36:27Z"}
{"level":"info","msg":"{\"ev\":\"accepted\",\"id\":\"ee199e4e-65b8-4a46-940a-2cc90a2f989a\",\"t\":1791214587242}","source":"console","time":"2026-10-05T15:36:27Z"}
{"level":"info","msg":"{\"ev\":\"accepted\",\"id\":\"dfd79e8f-69eb-4e7e-a01c-786b7acc7f73\",\"t\":1791214587357}","source":"console","time":"2026-10-05T15:36:27Z"}
{"level":"info","msg":"{\"ev\":\"accepted\",\"id\":\"22bc0adb-8a67-4458-be6d-dc339d81fb5b\",\"t\":1791214587473}","source":"console","time":"2026-10-05T15:36:27Z"}
{"level":"info","msg":"{\"ev\":\"accepted\",\"id\":\"ea9ce331-ff75-49ff-8829-ee3600fe3a80\",\"t\":1791214587582}","source":"console","time":"2026-10-05T15:36:27Z"}
{"level":"info","msg":"{\"ev\":\"accepted\",\"id\":\"42236219-7c78-4ae6-bb4f-2874444f0a2a\",\"t\":1791214587692}","source":"console","time":"2026-10-05T15:36:27Z"}
{"level":"info","msg":"{\"ev\":\"accepted\",\"id\":\"bebbf79d-5eb8-4b31-817c-cb727dc1a6d3\",\"t\":1791214587812}","source":"console","time":"2026-10-05T15:36:27Z"}
{"level":"info","msg":"{\"ev\":\"accepted\",\"id\":\"1eae158c-b212-4b35-866c-21f7b829dc76\",\"t\":1791214587931}","source":"console","time":"2026-10-05T15:36:27Z"}
{"level":"info","msg":"{\"ev\":\"accepted\",\"id\":\"740c7b81-741d-448a-bc46-d8a801ef027b\",\"t\":1791214588024}","source":"console","time":"2026-10-05T15:36:28Z"}
{"level":"info","msg":"{\"ev\":\"accepted\",\"id\":\"a42946c4-8780-431f-9aa5-7ee8a0032127\",\"t\":1791214588137}","source":"console","time":"2026-10-05T15:36:28Z"}
{"level":"info","msg":"{\"ev\":\"accepted\",\"id\":\"a903d2b1-4802-4de4-9e3d-12745d9f6ad8\",\"t\":1791214588255}","source":"console","time":"2026-10-05T15:36:28Z"}
{"level":"info","msg":"{\"ev\":\"accepted\",\"id\":\"59924845-f1bc-4b81-8840-113f8c488a37\",\"t\":1791214588358}","source":"console","time":"2026-10-05T15:36:28Z"}
{"level":"info","msg":"{\"ev\":\"accepted\",\"id\":\"65733487-02c4-4dc9-a00f-b02fc367dc00\",\"t\":1791214588472}","source":"console","time":"2026-10-05T15:36:28Z"}
{"level":"info","msg":"{\"ev\":\"accepted\",\"id\":\"ff65384e-5c76-42e9-97d7-a73e85bcb038\",\"t\":1791214588586}","source":"console","time":"2026-10-05T15:36:28Z"}
{"level":"info","msg":"{\"ev\":\"accepted\",\"id\":\"7ead1063-19d5-4a6c-a951-a5e1049e150c\",\"t\":1791214588691}","source":"console","time":"2026-10-05T15:36:28Z"}
{"level":"info","msg":"{\"ev\":\"accepted\",\"id\":\"9bb45f68-e59d-4e69-8328-9a02cde415cc\",\"t\":1791214588805}","source":"console","time":"2026-10-05T15:36:28Z"}
{"level":"info","msg":"{\"ev\":\"accepted\",\"id\":\"78fd4d50-58ca-4d38-b1e1-29df81a2a748\",\"t\":1791214588923}","source":"console","time":"2026-10-05T15:36:28Z"}
{"level":"info","msg":"{\"ev\":\"accepted\",\"id\":\"ec71abe2-ef14-4608-ad56-9786020224d5\",\"t\":1791214589035}","source":"console","time":"2026-10-05T15:36:29Z"}
{"level":"info","msg":"{\"ev\":\"accepted\",\"id\":\"8980956c-927a-43ce-b530-a9126b953403\",\"t\":1791214589136}","source":"console","time":"2026-10-05T15:36:29Z"}
{"level":"info","msg":"{\"ev\":\"accepted\",\"id\":\"7c488831-1e06-48c8-87e9-9084a489e7c7\",\"t\":1791214589248}","source":"console","time":"2026-10-05T15:36:29Z"}
{"level":"info","msg":"{\"ev\":\"accepted\",\"id\":\"3750f406-4cc8-4692-90bd-694824df7418\",\"t\":1791214589357}","source":"console","time":"2026-10-05T15:36:29Z"}
{"level":"info","msg":"{\"ev\":\"accepted\",\"id\":\"04a90259-1e8c-4488-bd94-9285e4b02e75\",\"t\":1791214589468}","source":"console","time":"2026-10-05T15:36:29Z"}
{"level":"info","msg":"{\"ev\":\"accepted\",\"id\":\"b405b0b6-95c5-441e-834c-dfb962aa77fd\",\"t\":1791214589580}","source":"console","time":"2026-10-05T15:36:29Z"}
{"level":"info","msg":"{\"ev\":\"accepted\",\"id\":\"56cff98e-f55e-445b-a523-893a509f2370\",\"t\":1791214589689}","source":"console","time":"2026-10-05T15:36:29Z"}
{"level":"info","msg":"{\"ev\":\"accepted\",\"id\":\"f48e99da-4308-4d4e-a307-11265459fa45\",\"t\":1791214589810}","source":"console","time":"2026-10-05T15:36:29Z"}
{"level":"info","msg":"{\"ev\":\"accepted\",\"id\":\"6c43c260-6816-4d49-ae18-f4223812d397\",\"t\":1791214589920}","source":"console","time":"2026-10-05T15:36:29Z"}
{"level":"info","msg":"{\"ev\":\"accepted\",\"id\":\"8575377d-ac53-47a7-b9a1-50622620db3e\",\"t\":1791214590031}","source":"console","time":"2026-10-05T15:36:30Z"}
{"level":"info","msg":"{\"ev\":\"accepted\",\"id\":\"981466c7-0c51-4449-a21a-5186558e963d\",\"t\":1791214590144}","source":"console","time":"2026-10-05T15:36:30Z"}
{"level":"info","msg":"{\"ev\":\"accepted\",\"id\":\"67bc3922-2e5a-4c99-bd87-8e37f4e27429\",\"t\":1791214590262}","source":"console","time":"2026-10-05T15:36:30Z"}
{"level":"info","msg":"{\"ev\":\"accepted\",\"id\":\"7db6b613-e6ed-4083-8dbf-9be08f0c9114\",\"t\":1791214590370}","source":"console","time":"2026-10-05T15:36:30Z"}
{"level":"info","msg":"{\"ev\":\"accepted\",\"id\":\"3b9b6756-a164-490e-9d13-262376f41314\",\"t\":1791214590488}","source":"console","time":"2026-10-05T15:36:30Z"}
{"level":"info","msg":"{\"ev\":\"accepted\",\"id\":\"e256f985-0343-47f5-b2a5-de1ff7407aaf\",\"t\":1791214590589}","source":"console","time":"2026-10-05T15:36:30Z"}
{"level":"info","msg":"{\"ev\":\"accepted\",\"id\":\"eb897465-2dde-4836-9017-bc7523acdd71\",\"t\":1791214590701}","source":"console","time":"2026-10-05T15:36:30Z"}
{"level":"info","msg":"{\"ev\":\"accepted\",\"id\":\"dd0349f8-8967-4390-a87f-f9ae74bf9e62\",\"t\":1791214590809}","source":"console","time":"2026-10-05T15:36:30Z"}
{"level":"info","msg":"{\"ev\":\"accepted\",\"id\":\"c414d67b-9b74-4d0b-8ff4-f6c81b5acd7d\",\"t\":1791214590924}","source":"console","time":"2026-10-05T15:36:30Z"}
{"level":"info","msg":"{\"ev\":\"accepted\",\"id\":\"5f3b5183-7b7f-4115-a835-551596ec1bbe\",\"t\":1791214591033}","source":"console","time":"2026-10-05T15:36:31Z"}
{"level":"info","msg":"{\"ev\":\"accepted\",\"id\":\"d38fc1ee-9a60-4b03-be19-a7539be0d414\",\"t\":1791214591144}","source":"console","time":"2026-10-05T15:36:31Z"}
{"level":"info","msg":"{\"ev\":\"accepted\",\"id\":\"1a63a817-ce2b-4578-9fd6-b5a17f2f122f\",\"t\":1791214591253}","source":"console","time":"2026-10-05T15:36:31Z"}
{"level":"info","msg":"{\"ev\":\"accepted\",\"id\":\"64433183-b15c-463a-bfcb-926fd3ef1ece\",\"t\":1791214591361}","source":"console","time":"2026-10-05T15:36:31Z"}
{"level":"info","msg":"{\"ev\":\"accepted\",\"id\":\"16e51f6b-d9b9-40ca-9051-3c09e21f2681\",\"t\":1791214591474}","source":"console","time":"2026-10-05T15:36:31Z"}
{"level":"info","msg":"{\"ev\":\"accepted\",\"id\":\"e2c1ab54-e39a-4e37-b31f-d3bf4672dcb4\",\"t\":1791214591596}","source":"console","time":"2026-10-05T15:36:31Z"}
{"level":"info","msg":"{\"ev\":\"accepted\",\"id\":\"b9cb36d2-fde8-48a4-a046-5321ff157fda\",\"t\":1791214591701}","source":"console","time":"2026-10-05T15:36:31Z"}
{"level":"info","msg":"{\"ev\":\"accepted\",\"id\":\"e4d1d85a-fb54-4279-bc80-c8a1ed7e6215\",\"t\":1791214591807}","source":"console","time":"2026-10-05T15:36:31Z"}
{"level":"info","msg":"{\"ev\":\"accepted\",\"id\":\"df10f1e6-166c-4227-9059-1e17ab4fbddf\",\"t\":1791214591923}","source":"console","time":"2026-10-05T15:36:31Z"}
{"level":"info","msg":"{\"ev\":\"accepted\",\"id\":\"614d26d1-c57a-4d4d-87f6-0ab0c3d7ed16\",\"t\":1791214592021}","source":"console","time":"2026-10-05T15:36:32Z"}
{"level":"info","msg":"{\"ev\":\"accepted\",\"id\":\"73ecbe98-ef62-4d1c-a8a2-d5b96f72b0f9\",\"t\":1791214592137}","source":"console","time":"2026-10-05T15:36:32Z"}
{"level":"info","msg":"{\"ev\":\"accepted\",\"id\":\"ceb7c6fd-575b-4017-acf4-c0cc64006102\",\"t\":1791214592255}","source":"console","time":"2026-10-05T15:36:32Z"}
{"level":"info","msg":"{\"ev\":\"accepted\",\"id\":\"7b739870-8cc7-468f-9713-c865b7c06a09\",\"t\":1791214592357}","source":"console","time":"2026-10-05T15:36:32Z"}
{"level":"info","msg":"{\"ev\":\"accepted\",\"id\":\"5e0833bd-a7d0-4b5f-83f5-71bab43b69c6\",\"t\":1791214592469}","source":"console","time":"2026-10-05T15:36:32Z"}
{"level":"info","msg":"{\"ev\":\"accepted\",\"id\":\"10aee1c6-6d1f-4d12-9732-d212d07276b8\",\"t\":1791214592579}","source":"console","time":"2026-10-05T15:36:32Z"}
{"level":"info","msg":"{\"ev\":\"accepted\",\"id\":\"faa47e64-47f5-4ab5-b57c-6b009b3a028a\",\"t\":1791214592693}","source":"console","time":"2026-10-05T15:36:32Z"}
{"level":"info","msg":"{\"ev\":\"accepted\",\"id\":\"4bce64ed-bd65-4aa8-9831-c5c71813e321\",\"t\":1791214592806}","source":"console","time":"2026-10-05T15:36:32Z"}
{"level":"info","msg":"{\"ev\":\"accepted\",\"id\":\"a446f695-1668-4c75-82b6-56a29d87ad20\",\"t\":1791214592918}","source":"console","time":"2026-10-05T15:36:32Z"}
{"level":"info","msg":"{\"ev\":\"accepted\",\"id\":\"6b5f62b6-6326-4e68-a16c-46a59605c05e\",\"t\":1791214593038}","source":"console","time":"2026-10-05T15:36:33Z"}
{"level":"info","msg":"{\"ev\":\"accepted\",\"id\":\"e9019627-d898-4a90-8a40-241ef2134e51\",\"t\":1791214593139}","source":"console","time":"2026-10-05T15:36:33Z"}
{"level":"info","msg":"{\"ev\":\"accepted\",\"id\":\"7f819545-2ceb-41bf-84f7-6066e3682a7f\",\"t\":1791214593246}","source":"console","time":"2026-10-05T15:36:33Z"}
{"level":"info","msg":"{\"ev\":\"accepted\",\"id\":\"9c9950a9-dd0e-4a38-abe9-c30fe6927bd7\",\"t\":1791214593360}","source":"console","time":"2026-10-05T15:36:33Z"}
{"level":"info","msg":"{\"ev\":\"accepted\",\"id\":\"76f00219-b5a8-4336-ba69-acc3a5dc1420\",\"t\":1791214593472}","source":"console","time":"2026-10-05T15:36:33Z"}
{"level":"info","msg":"{\"ev\":\"accepted\",\"id\":\"40f77f65-d52f-4bbd-9696-83476cdeec65\",\"t\":1791214593580}","source":"console","time":"2026-10-05T15:36:33Z"}
{"level":"info","msg":"{\"ev\":\"accepted\",\"id\":\"06091f8b-c398-4146-8b16-7b25b9374c67\",\"t\":1791214593695}","source":"console","time":"2026-10-05T15:36:33Z"}
{"level":"info","msg":"{\"ev\":\"accepted\",\"id\":\"2b6b04a8-027a-41b4-8951-4a7757a68739\",\"t\":1791214593806}","source":"console","time":"2026-10-05T15:36:33Z"}
{"level":"info","msg":"{\"ev\":\"accepted\",\"id\":\"42e8c244-3ef9-4153-ac75-152cc6759955\",\"t\":1791214593918}","source":"console","time":"2026-10-05T15:36:33Z"}
{"level":"info","msg":"{\"ev\":\"accepted\",\"id\":\"83a2e252-b74e-4480-a963-46e4219a6334\",\"t\":1791214594026}","source":"console","time":"2026-10-05T15:36:34Z"}
{"level":"info","msg":"{\"ev\":\"accepted\",\"id\":\"2c424530-999c-4385-b953-7c3446ed4655\",\"t\":1791214594146}","source":"console","time":"2026-10-05T15:36:34Z"}
{"level":"info","msg":"{\"ev\":\"accepted\",\"id\":\"32fe276a-aa9b-4fce-8105-3d5ebbf851e5\",\"t\":1791214594248}","source":"console","time":"2026-10-05T15:36:34Z"}
{"level":"info","msg":"{\"ev\":\"accepted\",\"id\":\"44ca5a1b-c1f8-4438-97a0-d9f45101f05c\",\"t\":1791214594361}","source":"console","time":"2026-10-05T15:36:34Z"}
{"level":"info","msg":"{\"ev\":\"accepted\",\"id\":\"a956f0f8-8487-4f1f-b81e-b6f8ed02f507\",\"t\":1791214594466}","source":"console","time":"2026-10-05T15:36:34Z"}
{"level":"info","msg":"{\"ev\":\"accepted\",\"id\":\"69a9772a-f694-43fd-a6db-2d8289aac4f6\",\"t\":1791214594578}","source":"console","time":"2026-10-05T15:36:34Z"}
{"level":"info","msg":"{\"ev\":\"accepted\",\"id\":\"4531305e-45b9-4e5a-a967-e3140b11a3ca\",\"t\":1791214594692}","source":"console","time":"2026-10-05T15:36:34Z"}
{"level":"info","msg":"{\"ev\":\"accepted\",\"id\":\"a686c9d0-452d-4ead-9555-fd7d514d5569\",\"t\":1791214594804}","source":"console","time":"2026-10-05T15:36:34Z"}
{"level":"info","msg":"{\"ev\":\"accepted\",\"id\":\"1b3f6429-fea3-4886-bb1e-020960935002\",\"t\":1791214594956}","source":"console","time":"2026-10-05T15:36:34Z"}
{"level":"info","msg":"{\"ev\":\"accepted\",\"id\":\"01c0987f-a260-4b71-87c5-fb6d9f9a16a4\",\"t\":1791214595027}","source":"console","time":"2026-10-05T15:36:35Z"}
{"level":"info","msg":"{\"ev\":\"accepted\",\"id\":\"5b315a48-2177-48ae-876e-7eb590cda717\",\"t\":1791214595138}","source":"console","time":"2026-10-05T15:36:35Z"}
{"level":"info","msg":"{\"ev\":\"accepted\",\"id\":\"86b7869c-fbb8-4e54-a207-ca04ee12387f\",\"t\":1791214595257}","source":"console","time":"2026-10-05T15:36:35Z"}
{"level":"info","msg":"{\"ev\":\"accepted\",\"id\":\"4d306827-72ba-4ecd-abda-47abeca1838a\",\"t\":1791214595359}","source":"console","time":"2026-10-05T15:36:35Z"}
{"level":"info","msg":"{\"ev\":\"accepted\",\"id\":\"bd22c3d9-d685-400f-8ef1-2a143c0afb6a\",\"t\":1791214595473}","source":"console","time":"2026-10-05T15:36:35Z"}
{"level":"info","msg":"{\"ev\":\"accepted\",\"id\":\"b4b6d100-2a94-4a13-94ab-6a2c987f713a\",\"t\":1791214595581}","source":"console","time":"2026-10-05T15:36:35Z"}
{"level":"info","msg":"{\"ev\":\"accepted\",\"id\":\"8841c960-e700-45aa-9e2c-5690ef05b201\",\"t\":1791214595690}","source":"console","time":"2026-10-05T15:36:35Z"}
{"level":"info","msg":"{\"ev\":\"accepted\",\"id\":\"fc0b286f-89e1-4978-8227-be4940a5f371\",\"t\":1791214595808}","source":"console","time":"2026-10-05T15:36:35Z"}
{"level":"info","msg":"{\"ev\":\"accepted\",\"id\":\"8aa65a27-72f4-45f2-a2f4-0cfab1bf975e\",\"t\":1791214595913}","source":"console","time":"2026-10-05T15:36:35Z"}
{"level":"info","msg":"{\"ev\":\"accepted\",\"id\":\"c7b779ad-19f1-4136-bf7e-84c464e1366d\",\"t\":1791214596022}","source":"console","time":"2026-10-05T15:36:36Z"}
{"level":"info","msg":"{\"ev\":\"accepted\",\"id\":\"0cafc36d-7a1e-4067-b651-3ea58efe8f2e\",\"t\":1791214596137}","source":"console","time":"2026-10-05T15:36:36Z"}
{"level":"info","msg":"{\"ev\":\"accepted\",\"id\":\"387a028e-1daa-4a53-bb39-4aad09b3b930\",\"t\":1791214596247}","source":"console","time":"2026-10-05T15:36:36Z"}
{"level":"info","msg":"{\"ev\":\"accepted\",\"id\":\"df7a96e4-7571-48f4-a68a-c93c71ec3d8b\",\"t\":1791214596357}","source":"console","time":"2026-10-05T15:36:36Z"}
{"level":"info","msg":"{\"ev\":\"accepted\",\"id\":\"82f0a3a0-73a7-4ff9-8624-4ccce407e47a\",\"t\":1791214596476}","source":"console","time":"2026-10-05T15:36:36Z"}
{"level":"info","msg":"{\"ev\":\"accepted\",\"id\":\"04033967-e03e-4e8e-8208-1ff56422ff08\",\"t\":1791214596581}","source":"console","time":"2026-10-05T15:36:36Z"}
{"level":"info","msg":"{\"ev\":\"accepted\",\"id\":\"83a04826-7c89-4740-a075-d4e8b09c114f\",\"t\":1791214596693}","source":"console","time":"2026-10-05T15:36:36Z"}
{"level":"info","msg":"{\"ev\":\"accepted\",\"id\":\"31a84e58-41f2-47a6-a446-4a28e673e1f7\",\"t\":1791214596812}","source":"console","time":"2026-10-05T15:36:36Z"}
{"level":"info","msg":"{\"ev\":\"accepted\",\"id\":\"759ea8f7-e8df-4670-bacb-335eb78ead59\",\"t\":1791214596945}","source":"console","time":"2026-10-05T15:36:36Z"}
{"level":"info","msg":"{\"ev\":\"accepted\",\"id\":\"0d09452c-59e5-469c-aeb9-9541e2cc73c0\",\"t\":1791214597024}","source":"console","time":"2026-10-05T15:36:37Z"}
{"level":"info","msg":"{\"ev\":\"accepted\",\"id\":\"5aeebdc0-3155-44c1-a7e7-dc4641ecfa6b\",\"t\":1791214597136}","source":"console","time":"2026-10-05T15:36:37Z"}
{"level":"info","msg":"{\"ev\":\"accepted\",\"id\":\"cc1ad74b-1fd3-4eb5-9b57-ed3ad9cc21fc\",\"t\":1791214597247}","source":"console","time":"2026-10-05T15:36:37Z"}
{"level":"info","msg":"{\"ev\":\"accepted\",\"id\":\"3e3c6b1d-544a-472c-8d98-158ec2f63ce4\",\"t\":1791214597366}","source":"console","time":"2026-10-05T15:36:37Z"}
{"level":"info","msg":"{\"ev\":\"accepted\",\"id\":\"598d6c72-0299-43be-96a3-0e73e4d1f881\",\"t\":1791214597479}","source":"console","time":"2026-10-05T15:36:37Z"}
{"level":"info","msg":"{\"ev\":\"accepted\",\"id\":\"04a6cc16-1391-460e-80ad-56785f9c9c0a\",\"t\":1791214597610}","source":"console","time":"2026-10-05T15:36:37Z"}
{"level":"info","msg":"{\"ev\":\"accepted\",\"id\":\"7e04518d-9704-4a5c-a9c9-fbe42debffc7\",\"t\":1791214597702}","source":"console","time":"2026-10-05T15:36:37Z"}
{"level":"info","msg":"{\"ev\":\"accepted\",\"id\":\"623b406f-f4a4-4ccd-8887-5df05ffc80a4\",\"t\":1791214597812}","source":"console","time":"2026-10-05T15:36:37Z"}
{"level":"info","msg":"{\"ev\":\"accepted\",\"id\":\"81160fbb-40ad-42d6-aef3-69c506dd151b\",\"t\":1791214597931}","source":"console","time":"2026-10-05T15:36:37Z"}
{"level":"info","msg":"{\"ev\":\"accepted\",\"id\":\"97ea6d8f-8f87-4bbe-addf-7c683162dea9\",\"t\":1791214598022}","source":"console","time":"2026-10-05T15:36:38Z"}
{"level":"info","msg":"{\"ev\":\"accepted\",\"id\":\"642b17a8-b0a1-41db-9689-56b65d145675\",\"t\":1791214598136}","source":"console","time":"2026-10-05T15:36:38Z"}
{"level":"info","msg":"{\"ev\":\"accepted\",\"id\":\"5c6c6f84-a77b-4a41-b478-33264e9cd7ae\",\"t\":1791214598242}","source":"console","time":"2026-10-05T15:36:38Z"}
{"level":"info","msg":"{\"ev\":\"accepted\",\"id\":\"65bb6bc1-dae5-4308-ad59-30f37df7c0e1\",\"t\":1791214598360}","source":"console","time":"2026-10-05T15:36:38Z"}
{"level":"info","msg":"{\"ev\":\"accepted\",\"id\":\"59cb5cdd-14e5-44bd-b66a-b192afeadba6\",\"t\":1791214598473}","source":"console","time":"2026-10-05T15:36:38Z"}
{"level":"info","msg":"{\"ev\":\"accepted\",\"id\":\"1e1149fa-e491-42ef-9916-97a0490ad16f\",\"t\":1791214598585}","source":"console","time":"2026-10-05T15:36:38Z"}
{"level":"info","msg":"{\"ev\":\"accepted\",\"id\":\"167aeafc-cc35-403f-810e-13315f264b59\",\"t\":1791214598705}","source":"console","time":"2026-10-05T15:36:38Z"}
{"level":"info","msg":"{\"ev\":\"accepted\",\"id\":\"eb3b4837-33ce-47e4-a763-ce61c63fce86\",\"t\":1791214598805}","source":"console","time":"2026-10-05T15:36:38Z"}
{"level":"info","msg":"{\"ev\":\"accepted\",\"id\":\"e537ff79-ca90-486e-ad1b-e449f3376ed1\",\"t\":1791214598914}","source":"console","time":"2026-10-05T15:36:38Z"}
{"level":"info","msg":"{\"ev\":\"accepted\",\"id\":\"61de5825-76ae-49d8-a3b1-7d585e1e654c\",\"t\":1791214599027}","source":"console","time":"2026-10-05T15:36:39Z"}
{"level":"info","msg":"{\"ev\":\"accepted\",\"id\":\"edda7bad-3532-4978-9d2e-6bd5a4321380\",\"t\":1791214599152}","source":"console","time":"2026-10-05T15:36:39Z"}
{"level":"info","msg":"{\"ev\":\"accepted\",\"id\":\"d81beb06-a342-4e49-a413-bfac7e2e0ba7\",\"t\":1791214599250}","source":"console","time":"2026-10-05T15:36:39Z"}
{"level":"info","msg":"{\"ev\":\"accepted\",\"id\":\"71000dc8-81f6-4255-a1ff-0937657aade8\",\"t\":1791214599358}","source":"console","time":"2026-10-05T15:36:39Z"}
{"level":"info","msg":"{\"ev\":\"accepted\",\"id\":\"39215505-0107-4991-932b-8179a333632d\",\"t\":1791214599477}","source":"console","time":"2026-10-05T15:36:39Z"}
{"level":"info","msg":"{\"ev\":\"accepted\",\"id\":\"febf42ca-759a-41d6-999f-784132f25dd6\",\"t\":1791214599584}","source":"console","time":"2026-10-05T15:36:39Z"}
{"level":"info","msg":"{\"ev\":\"accepted\",\"id\":\"00391633-40d5-4210-a2ef-c7cab1b0f5e5\",\"t\":1791214599689}","source":"console","time":"2026-10-05T15:36:39Z"}
{"level":"info","msg":"{\"ev\":\"accepted\",\"id\":\"56c36baa-e35f-460b-a587-60bd76122588\",\"t\":1791214599805}","source":"console","time":"2026-10-05T15:36:39Z"}
{"level":"info","msg":"{\"ev\":\"accepted\",\"id\":\"f43fb746-dfa0-4d65-8f86-75ef0ba79825\",\"t\":1791214599917}","source":"console","time":"2026-10-05T15:36:39Z"}
{"level":"info","msg":"{\"ev\":\"accepted\",\"id\":\"a0ea90b2-e8cc-45f8-b562-fb67813fe2f5\",\"t\":1791214600024}","source":"console","time":"2026-10-05T15:36:40Z"}
{"level":"info","msg":"{\"ev\":\"accepted\",\"id\":\"de9d918d-89b4-4c6c-ba3d-b5b0f9d3286c\",\"t\":1791214600136}","source":"console","time":"2026-10-05T15:36:40Z"}
{"level":"info","msg":"{\"ev\":\"accepted\",\"id\":\"9754c478-c575-4eff-932d-3f30747d2998\",\"t\":1791214600249}","source":"console","time":"2026-10-05T15:36:40Z"}
{"level":"info","msg":"{\"ev\":\"accepted\",\"id\":\"5b68ec84-7506-4487-9ed8-872b41f88dbb\",\"t\":1791214600356}","source":"console","time":"2026-10-05T15:36:40Z"}
{"level":"info","msg":"{\"ev\":\"accepted\",\"id\":\"346eef7a-fe13-4c0d-8195-9d09a5f3e1d9\",\"t\":1791214600468}","source":"console","time":"2026-10-05T15:36:40Z"}
{"level":"info","msg":"{\"ev\":\"accepted\",\"id\":\"32da7906-5b15-48e4-9c28-54c8cc41fa0e\",\"t\":1791214600578}","source":"console","time":"2026-10-05T15:36:40Z"}
{"level":"info","msg":"{\"ev\":\"accepted\",\"id\":\"7c648edd-e574-46d5-9f5b-25072b9ebabb\",\"t\":1791214600692}","source":"console","time":"2026-10-05T15:36:40Z"}
{"level":"info","msg":"{\"ev\":\"accepted\",\"id\":\"a42a5fd9-4ea8-48eb-865f-a0b48adcd67e\",\"t\":1791214600800}","source":"console","time":"2026-10-05T15:36:40Z"}
{"level":"info","msg":"{\"ev\":\"accepted\",\"id\":\"0237e3da-a4cd-4917-a441-b75375b29b3c\",\"t\":1791214600922}","source":"console","time":"2026-10-05T15:36:40Z"}
{"level":"info","msg":"{\"ev\":\"accepted\",\"id\":\"40590013-5293-4235-aa42-0738d88a7e8f\",\"t\":1791214601020}","source":"console","time":"2026-10-05T15:36:41Z"}
{"level":"info","msg":"{\"ev\":\"accepted\",\"id\":\"61da9b30-9ba4-4219-85a5-d1ddb4a5a5ca\",\"t\":1791214601136}","source":"console","time":"2026-10-05T15:36:41Z"}
{"level":"info","msg":"{\"ev\":\"accepted\",\"id\":\"cc407958-905a-4624-9700-dd6f3119d5f6\",\"t\":1791214601252}","source":"console","time":"2026-10-05T15:36:41Z"}
{"level":"info","msg":"{\"ev\":\"accepted\",\"id\":\"99ccc6c4-8889-46d9-b9c7-f486047645f0\",\"t\":1791214601356}","source":"console","time":"2026-10-05T15:36:41Z"}
{"level":"info","msg":"{\"ev\":\"accepted\",\"id\":\"48f53209-9444-4273-9d6b-1a3f21158469\",\"t\":1791214601477}","source":"console","time":"2026-10-05T15:36:41Z"}
{"level":"info","msg":"{\"ev\":\"accepted\",\"id\":\"98725e1f-a961-4cd9-9734-0fc1a804875f\",\"t\":1791214601586}","source":"console","time":"2026-10-05T15:36:41Z"}
{"level":"info","msg":"{\"ev\":\"accepted\",\"id\":\"6340603d-fe88-48c6-91b4-89146cb75218\",\"t\":1791214601699}","source":"console","time":"2026-10-05T15:36:41Z"}
{"level":"info","msg":"{\"ev\":\"accepted\",\"id\":\"e5ca7e9b-d0a6-4e33-88de-c919872f807f\",\"t\":1791214601812}","source":"console","time":"2026-10-05T15:36:41Z"}
{"level":"info","msg":"{\"ev\":\"accepted\",\"id\":\"b5717d42-68b1-4cb3-93c4-f6b8c59b0a50\",\"t\":1791214601918}","source":"console","time":"2026-10-05T15:36:41Z"}
{"level":"info","msg":"{\"ev\":\"accepted\",\"id\":\"c37a8a3c-8920-4659-ac72-afbe34d8f145\",\"t\":1791214602027}","source":"console","time":"2026-10-05T15:36:42Z"}
{"level":"info","msg":"{\"ev\":\"accepted\",\"id\":\"1b8ba4c9-63ed-459f-bc19-9528905ee38e\",\"t\":1791214602142}","source":"console","time":"2026-10-05T15:36:42Z"}
{"level":"info","msg":"{\"ev\":\"accepted\",\"id\":\"1a1134f6-14bf-429b-9273-fd7822e6971d\",\"t\":1791214602257}","source":"console","time":"2026-10-05T15:36:42Z"}
{"level":"info","msg":"{\"ev\":\"accepted\",\"id\":\"cb18f360-a755-4ec7-86be-8f23304c9c69\",\"t\":1791214602369}","source":"console","time":"2026-10-05T15:36:42Z"}
{"level":"info","msg":"{\"ev\":\"accepted\",\"id\":\"227be6e8-3a9a-4e1b-b2c1-515a4fc79a13\",\"t\":1791214602472}","source":"console","time":"2026-10-05T15:36:42Z"}
{"level":"info","msg":"{\"ev\":\"accepted\",\"id\":\"7d732b6a-2b04-4b6e-8230-2a5757423ccf\",\"t\":1791214602582}","source":"console","time":"2026-10-05T15:36:42Z"}
{"level":"info","msg":"{\"ev\":\"accepted\",\"id\":\"9e145a83-70ff-4e2b-a344-458acd95d059\",\"t\":1791214602700}","source":"console","time":"2026-10-05T15:36:42Z"}
{"level":"info","msg":"{\"ev\":\"accepted\",\"id\":\"5c9c4690-3f99-481f-99ae-2626c6b60b39\",\"t\":1791214602801}","source":"console","time":"2026-10-05T15:36:42Z"}
{"level":"info","msg":"{\"ev\":\"accepted\",\"id\":\"b594e6e5-1eae-4213-9457-15bd1398fd4b\",\"t\":1791214602917}","source":"console","time":"2026-10-05T15:36:42Z"}
{"level":"info","msg":"{\"ev\":\"accepted\",\"id\":\"2d578de8-10bb-47c7-b2a1-7e29ff29cf83\",\"t\":1791214603027}","source":"console","time":"2026-10-05T15:36:43Z"}
{"level":"info","msg":"{\"ev\":\"accepted\",\"id\":\"f52ce27c-bd78-4266-87e9-6f81d1be7803\",\"t\":1791214603136}","source":"console","time":"2026-10-05T15:36:43Z"}
{"level":"info","msg":"{\"ev\":\"accepted\",\"id\":\"d4275390-889b-4591-8026-f26168174908\",\"t\":1791214603252}","source":"console","time":"2026-10-05T15:36:43Z"}
{"level":"info","msg":"{\"ev\":\"accepted\",\"id\":\"33efc86d-d9e5-47eb-af9e-bfb218dcc109\",\"t\":1791214603359}","source":"console","time":"2026-10-05T15:36:43Z"}
{"level":"info","msg":"{\"ev\":\"accepted\",\"id\":\"aeb83956-e2ef-4d2e-ac2e-b5f3925ec43d\",\"t\":1791214603470}","source":"console","time":"2026-10-05T15:36:43Z"}
{"level":"info","msg":"{\"ev\":\"accepted\",\"id\":\"591da8a4-820b-4a3f-a4b5-c487a3516379\",\"t\":1791214603582}","source":"console","time":"2026-10-05T15:36:43Z"}
{"level":"info","msg":"{\"ev\":\"accepted\",\"id\":\"a8471c95-643e-4b3c-b947-1ef1385c69d5\",\"t\":1791214603693}","source":"console","time":"2026-10-05T15:36:43Z"}
{"level":"info","msg":"{\"ev\":\"accepted\",\"id\":\"96f5b31d-40ef-462a-931e-65ebbe8cbafd\",\"t\":1791214603799}","source":"console","time":"2026-10-05T15:36:43Z"}
{"level":"info","msg":"{\"ev\":\"accepted\",\"id\":\"424ae7e6-a401-476f-be4f-ab3010a75b4a\",\"t\":1791214603917}","source":"console","time":"2026-10-05T15:36:43Z"}
{"level":"info","msg":"{\"ev\":\"accepted\",\"id\":\"95246d5d-4231-4134-80a8-fef022b27ec5\",\"t\":1791214604028}","source":"console","time":"2026-10-05T15:36:44Z"}
{"level":"info","msg":"{\"ev\":\"accepted\",\"id\":\"b80dc67e-8539-4645-b593-0cede902b43f\",\"t\":1791214604140}","source":"console","time":"2026-10-05T15:36:44Z"}
{"level":"info","msg":"{\"ev\":\"accepted\",\"id\":\"ba6fd8dd-d370-4cb0-9c88-d86db4421504\",\"t\":1791214604246}","source":"console","time":"2026-10-05T15:36:44Z"}
{"level":"info","msg":"{\"ev\":\"accepted\",\"id\":\"97d3dc4c-03eb-418b-9146-2f5d627b671f\",\"t\":1791214604360}","source":"console","time":"2026-10-05T15:36:44Z"}
{"level":"info","msg":"{\"ev\":\"accepted\",\"id\":\"95e9db00-05eb-49ec-a7df-eb13e56bf10b\",\"t\":1791214604471}","source":"console","time":"2026-10-05T15:36:44Z"}
{"level":"info","msg":"{\"ev\":\"accepted\",\"id\":\"fc5d95f4-7137-494e-8b2f-2349f2f9d48e\",\"t\":1791214604581}","source":"console","time":"2026-10-05T15:36:44Z"}
{"level":"info","msg":"{\"ev\":\"accepted\",\"id\":\"49984fa9-d5b3-48c7-a029-c797d04b177f\",\"t\":1791214604701}","source":"console","time":"2026-10-05T15:36:44Z"}
{"level":"info","msg":"{\"ev\":\"accepted\",\"id\":\"92f79233-686b-42c0-96fe-26447449be28\",\"t\":1791214604812}","source":"console","time":"2026-10-05T15:36:44Z"}
{"level":"info","msg":"{\"ev\":\"accepted\",\"id\":\"7f45ed14-2800-4882-ad76-d19249534378\",\"t\":1791214604920}","source":"console","time":"2026-10-05T15:36:44Z"}
{"level":"info","msg":"{\"ev\":\"accepted\",\"id\":\"828ab04f-69c3-47d1-9434-f399d190484d\",\"t\":1791214605036}","source":"console","time":"2026-10-05T15:36:45Z"}
{"level":"info","msg":"{\"ev\":\"accepted\",\"id\":\"bb2055af-c157-4f12-93b4-28f3e298b4c5\",\"t\":1791214605146}","source":"console","time":"2026-10-05T15:36:45Z"}
{"level":"info","msg":"{\"ev\":\"accepted\",\"id\":\"36832938-9d0e-4776-83a6-c4009276db97\",\"t\":1791214605250}","source":"console","time":"2026-10-05T15:36:45Z"}
{"level":"info","msg":"{\"ev\":\"accepted\",\"id\":\"03eed058-e427-42f5-bc40-ba1f8856674a\",\"t\":1791214605358}","source":"console","time":"2026-10-05T15:36:45Z"}
{"level":"info","msg":"{\"ev\":\"accepted\",\"id\":\"52927b86-ccfc-40c1-b49d-99ab4e6cb818\",\"t\":1791214605468}","source":"console","time":"2026-10-05T15:36:45Z"}
{"level":"info","msg":"{\"ev\":\"accepted\",\"id\":\"022f06ab-dc36-4633-90a6-ba453fb02b6c\",\"t\":1791214605579}","source":"console","time":"2026-10-05T15:36:45Z"}
{"level":"info","msg":"{\"ev\":\"accepted\",\"id\":\"cbabc61f-7a7e-4cdb-ac22-5f5cd6711d0e\",\"t\":1791214605692}","source":"console","time":"2026-10-05T15:36:45Z"}
{"level":"info","msg":"{\"ev\":\"accepted\",\"id\":\"29a22ca1-2ec1-410a-ba39-5de46b9b8173\",\"t\":1791214605803}","source":"console","time":"2026-10-05T15:36:45Z"}
{"level":"info","msg":"{\"ev\":\"accepted\",\"id\":\"ef109310-c0e8-49fc-b850-15b4154e046a\",\"t\":1791214605913}","source":"console","time":"2026-10-05T15:36:45Z"}
{"level":"info","msg":"{\"ev\":\"accepted\",\"id\":\"c359d1c1-1ed9-4757-9c46-270393b55669\",\"t\":1791214606021}","source":"console","time":"2026-10-05T15:36:46Z"}
{"level":"info","msg":"{\"ev\":\"accepted\",\"id\":\"bdc71c9b-e457-4663-abc9-49925b6e8ac0\",\"t\":1791214606135}","source":"console","time":"2026-10-05T15:36:46Z"}
{"level":"info","msg":"{\"ev\":\"accepted\",\"id\":\"bdfa40f1-dcc6-40ce-a451-2fd4f9913e5b\",\"t\":1791214606247}","source":"console","time":"2026-10-05T15:36:46Z"}
{"level":"info","msg":"{\"ev\":\"accepted\",\"id\":\"108515d0-c412-4a1e-ae2e-2e23e93a40dd\",\"t\":1791214606365}","source":"console","time":"2026-10-05T15:36:46Z"}
{"level":"info","msg":"{\"ev\":\"accepted\",\"id\":\"fa23ea99-e7c8-4ea2-97a5-8bd3a325997c\",\"t\":1791214606504}","source":"console","time":"2026-10-05T15:36:46Z"}
{"level":"info","msg":"{\"ev\":\"accepted\",\"id\":\"c19909d3-7ced-45a8-9d51-365e3e95c921\",\"t\":1791214606584}","source":"console","time":"2026-10-05T15:36:46Z"}
{"level":"info","msg":"{\"ev\":\"accepted\",\"id\":\"1e0c990e-91e5-4288-adc3-ce922456cfad\",\"t\":1791214606693}","source":"console","time":"2026-10-05T15:36:46Z"}
{"level":"info","msg":"{\"ev\":\"accepted\",\"id\":\"d32dc9c6-4c7c-4a79-91d8-ee26063001c4\",\"t\":1791214606811}","source":"console","time":"2026-10-05T15:36:46Z"}
{"level":"info","msg":"{\"ev\":\"accepted\",\"id\":\"210f614e-4b71-4d16-9c31-aa4da79f9a04\",\"t\":1791214606918}","source":"console","time":"2026-10-05T15:36:46Z"}
{"level":"info","msg":"{\"ev\":\"accepted\",\"id\":\"ad71ce11-d0dd-46ca-b636-c6aa070fc980\",\"t\":1791214607025}","source":"console","time":"2026-10-05T15:36:47Z"}
{"level":"info","msg":"{\"ev\":\"accepted\",\"id\":\"2738e476-eedf-4d4e-b895-4e9032c2e538\",\"t\":1791214607144}","source":"console","time":"2026-10-05T15:36:47Z"}
{"level":"info","msg":"{\"ev\":\"accepted\",\"id\":\"57f1e804-684c-41b2-a9b4-87c9126a217f\",\"t\":1791214607248}","source":"console","time":"2026-10-05T15:36:47Z"}
{"level":"info","msg":"{\"ev\":\"accepted\",\"id\":\"7d0bf670-7f70-4911-8dce-ca12f3273b56\",\"t\":1791214607371}","source":"console","time":"2026-10-05T15:36:47Z"}
{"level":"info","msg":"{\"ev\":\"accepted\",\"id\":\"70c90245-0d55-4bc0-a6ef-accef47a1fdf\",\"t\":1791214607469}","source":"console","time":"2026-10-05T15:36:47Z"}
{"level":"info","msg":"{\"ev\":\"accepted\",\"id\":\"60eb0ebc-3426-464d-bbee-1d8f79e43408\",\"t\":1791214607588}","source":"console","time":"2026-10-05T15:36:47Z"}
{"level":"info","msg":"{\"ev\":\"accepted\",\"id\":\"406f35e5-d556-4a06-af02-fe2b47e1b43d\",\"t\":1791214607716}","source":"console","time":"2026-10-05T15:36:47Z"}
{"level":"info","msg":"{\"ev\":\"accepted\",\"id\":\"750a6093-907e-4985-9e5d-ae471de02abd\",\"t\":1791214607810}","source":"console","time":"2026-10-05T15:36:47Z"}
{"level":"info","msg":"{\"ev\":\"accepted\",\"id\":\"4e6e9e48-afa7-44c9-a1ea-9aa90ccb8592\",\"t\":1791214607917}","source":"console","time":"2026-10-05T15:36:47Z"}
{"level":"info","msg":"{\"ev\":\"accepted\",\"id\":\"87da6090-796a-4ab8-a43c-05282d5494ea\",\"t\":1791214608037}","source":"console","time":"2026-10-05T15:36:48Z"}
{"level":"info","msg":"{\"ev\":\"accepted\",\"id\":\"87ba1cb7-729e-45b9-b612-b42cc5068127\",\"t\":1791214608148}","source":"console","time":"2026-10-05T15:36:48Z"}
{"level":"info","msg":"{\"ev\":\"accepted\",\"id\":\"129ad31e-4c44-4502-abc5-601ab0106003\",\"t\":1791214608250}","source":"console","time":"2026-10-05T15:36:48Z"}
{"level":"info","msg":"{\"ev\":\"accepted\",\"id\":\"8b91ab40-d43f-4b1d-8ebd-3b0d56ad73ba\",\"t\":1791214608365}","source":"console","time":"2026-10-05T15:36:48Z"}
{"level":"info","msg":"{\"ev\":\"accepted\",\"id\":\"0834554a-75cd-4293-974b-0d5144917749\",\"t\":1791214608495}","source":"console","time":"2026-10-05T15:36:48Z"}
{"level":"info","msg":"{\"ev\":\"accepted\",\"id\":\"8680d38b-c186-4ff3-a51e-518b1f0dd532\",\"t\":1791214608588}","source":"console","time":"2026-10-05T15:36:48Z"}
{"level":"info","msg":"{\"ev\":\"accepted\",\"id\":\"70b318b3-aee0-4685-bef4-76200d2797e3\",\"t\":1791214608710}","source":"console","time":"2026-10-05T15:36:48Z"}
{"level":"info","msg":"{\"ev\":\"accepted\",\"id\":\"a75e5a9d-951b-4bb8-948a-78f03bd3f8c5\",\"t\":1791214608815}","source":"console","time":"2026-10-05T15:36:48Z"}
{"level":"info","msg":"{\"ev\":\"accepted\",\"id\":\"1b8b78af-059c-4fc0-b3d9-03e2373a2dec\",\"t\":1791214608930}","source":"console","time":"2026-10-05T15:36:48Z"}
{"level":"info","msg":"{\"ev\":\"accepted\",\"id\":\"7148bd0f-86ce-4f5f-bf4a-81dc63224631\",\"t\":1791214609032}","source":"console","time":"2026-10-05T15:36:49Z"}
{"level":"info","msg":"{\"ev\":\"accepted\",\"id\":\"86e495ef-0894-419e-9b86-0eba1690b21c\",\"t\":1791214609137}","source":"console","time":"2026-10-05T15:36:49Z"}
{"level":"info","msg":"{\"ev\":\"accepted\",\"id\":\"d453aa31-2be5-4a2c-b8b9-b04a6202200a\",\"t\":1791214609259}","source":"console","time":"2026-10-05T15:36:49Z"}
{"level":"info","msg":"{\"ev\":\"accepted\",\"id\":\"15e8ae68-cf1a-463d-9b2c-afa041dd5742\",\"t\":1791214609372}","source":"console","time":"2026-10-05T15:36:49Z"}
{"level":"info","msg":"{\"ev\":\"accepted\",\"id\":\"f5317c0c-b530-43f0-8d7c-e3d39576e12c\",\"t\":1791214609482}","source":"console","time":"2026-10-05T15:36:49Z"}
{"level":"info","msg":"{\"ev\":\"accepted\",\"id\":\"5a847f5b-06cc-4673-b8c4-ad9ce1a78319\",\"t\":1791214609584}","source":"console","time":"2026-10-05T15:36:49Z"}
{"level":"info","msg":"{\"ev\":\"accepted\",\"id\":\"10c20444-c8eb-4784-bc2a-29614093c1cf\",\"t\":1791214609708}","source":"console","time":"2026-10-05T15:36:49Z"}
{"level":"info","msg":"{\"ev\":\"accepted\",\"id\":\"77b49c48-5964-4edb-b3cf-8282952a68f9\",\"t\":1791214609830}","source":"console","time":"2026-10-05T15:36:49Z"}
{"level":"info","msg":"{\"ev\":\"accepted\",\"id\":\"364980b0-f9d3-4801-8fa2-db6281908aae\",\"t\":1791214609914}","source":"console","time":"2026-10-05T15:36:49Z"}
{"level":"info","msg":"{\"ev\":\"accepted\",\"id\":\"93573a32-a75c-433a-8a90-60ddc8e2b5e8\",\"t\":1791214610025}","source":"console","time":"2026-10-05T15:36:50Z"}
{"level":"info","msg":"{\"ev\":\"accepted\",\"id\":\"f8da35cc-ff94-484a-a2c3-626b296fbf4b\",\"t\":1791214610136}","source":"console","time":"2026-10-05T15:36:50Z"}
{"level":"info","msg":"{\"ev\":\"accepted\",\"id\":\"c1080555-2655-4878-a0c1-138fa260b048\",\"t\":1791214610251}","source":"console","time":"2026-10-05T15:36:50Z"}
{"level":"info","msg":"{\"ev\":\"accepted\",\"id\":\"01f4ef2d-9f29-4cc0-bcc8-0f780a18a322\",\"t\":1791214610354}","source":"console","time":"2026-10-05T15:36:50Z"}
{"level":"info","msg":"{\"ev\":\"accepted\",\"id\":\"70dc77ae-ba69-43a8-ac31-d09a8e62cbf8\",\"t\":1791214610470}","source":"console","time":"2026-10-05T15:36:50Z"}
{"level":"info","msg":"{\"ev\":\"accepted\",\"id\":\"bbe79c90-4c81-441e-b743-590bdd87e570\",\"t\":1791214610588}","source":"console","time":"2026-10-05T15:36:50Z"}
{"level":"info","msg":"{\"ev\":\"accepted\",\"id\":\"f43ea0a6-0819-4d4f-b596-941e8f44ceb8\",\"t\":1791214610698}","source":"console","time":"2026-10-05T15:36:50Z"}
{"level":"info","msg":"{\"ev\":\"accepted\",\"id\":\"40b3db92-8af6-40a8-b7a8-0472ca60d9b2\",\"t\":1791214610800}","source":"console","time":"2026-10-05T15:36:50Z"}
{"level":"info","msg":"{\"ev\":\"accepted\",\"id\":\"38dadb1d-5547-41d9-929a-60c7f288c560\",\"t\":1791214610917}","source":"console","time":"2026-10-05T15:36:50Z"}
{"level":"info","msg":"{\"ev\":\"accepted\",\"id\":\"22b09f86-db4c-423f-ad1f-bd4ba709aca8\",\"t\":1791214611027}","source":"console","time":"2026-10-05T15:36:51Z"}
{"level":"info","msg":"{\"ev\":\"accepted\",\"id\":\"440232bd-0e3d-42cc-b814-a9b215048852\",\"t\":1791214611135}","source":"console","time":"2026-10-05T15:36:51Z"}
{"level":"info","msg":"{\"ev\":\"accepted\",\"id\":\"0108411e-efa5-4921-8fc7-9412ed4fcc6d\",\"t\":1791214611240}","source":"console","time":"2026-10-05T15:36:51Z"}
{"level":"info","msg":"{\"ev\":\"accepted\",\"id\":\"66182976-8dbd-4a36-bd3f-0de52f5ace83\",\"t\":1791214611358}","source":"console","time":"2026-10-05T15:36:51Z"}
{"level":"info","msg":"{\"ev\":\"accepted\",\"id\":\"28c578f4-0500-4d64-9ed8-b699283c8c06\",\"t\":1791214611453}","source":"console","time":"2026-10-05T15:36:51Z"}
{"level":"info","msg":"{\"ev\":\"accepted\",\"id\":\"16a7739d-18f6-411e-a82a-a3c9382be6db\",\"t\":1791214611558}","source":"console","time":"2026-10-05T15:36:51Z"}
{"level":"info","msg":"{\"ev\":\"accepted\",\"id\":\"8189139c-980d-4162-93a7-616665224bfc\",\"t\":1791214611662}","source":"console","time":"2026-10-05T15:36:51Z"}
{"level":"info","msg":"{\"ev\":\"accepted\",\"id\":\"9f46eedc-5622-4814-b722-2d16b04cf7a0\",\"t\":1791214611767}","source":"console","time":"2026-10-05T15:36:51Z"}
{"level":"info","msg":"{\"ev\":\"accepted\",\"id\":\"35001dd1-2273-4674-ad47-7632fde30e0b\",\"t\":1791214611868}","source":"console","time":"2026-10-05T15:36:51Z"}
{"level":"info","msg":"{\"ev\":\"accepted\",\"id\":\"91b3d36a-e306-415c-9005-e72fc21f6433\",\"t\":1791214612000}","source":"console","time":"2026-10-05T15:36:52Z"}
{"level":"info","msg":"{\"ev\":\"accepted\",\"id\":\"96c39c9a-5b45-4f4c-9987-4bf0cc1de823\",\"t\":1791214612086}","source":"console","time":"2026-10-05T15:36:52Z"}
{"level":"info","msg":"{\"ev\":\"accepted\",\"id\":\"6a4d2723-9df4-4974-9aaa-d05f7f92d700\",\"t\":1791214612178}","source":"console","time":"2026-10-05T15:36:52Z"}
{"level":"info","msg":"{\"ev\":\"accepted\",\"id\":\"91eb55ca-06c7-419e-aece-4b2b2517a87e\",\"t\":1791214612288}","source":"console","time":"2026-10-05T15:36:52Z"}
{"level":"info","msg":"{\"ev\":\"accepted\",\"id\":\"5c0100ea-ad33-4740-a887-a6fbdfde4953\",\"t\":1791214612379}","source":"console","time":"2026-10-05T15:36:52Z"}
{"level":"info","msg":"{\"ev\":\"accepted\",\"id\":\"14541c3e-ec70-429e-9e60-04a1d4d60d99\",\"t\":1791214612492}","source":"console","time":"2026-10-05T15:36:52Z"}
{"level":"info","msg":"{\"ev\":\"accepted\",\"id\":\"179eb980-f4be-4477-8825-8264cc33ff53\",\"t\":1791214612580}","source":"console","time":"2026-10-05T15:36:52Z"}
{"level":"info","msg":"{\"ev\":\"accepted\",\"id\":\"171eeb30-fdab-4ea1-9074-7e6dfda4db2d\",\"t\":1791214612682}","source":"console","time":"2026-10-05T15:36:52Z"}
{"level":"info","msg":"{\"ev\":\"accepted\",\"id\":\"584ebede-d620-488c-b903-dcbef4167364\",\"t\":1791214612782}","source":"console","time":"2026-10-05T15:36:52Z"}
{"level":"info","msg":"{\"ev\":\"accepted\",\"id\":\"8d9c44d2-935b-4ff4-b131-396477485d5c\",\"t\":1791214612882}","source":"console","time":"2026-10-05T15:36:52Z"}
{"level":"info","msg":"{\"ev\":\"accepted\",\"id\":\"d0b4d1ed-e801-4ff8-9eec-79ec2949d335\",\"t\":1791214612977}","source":"console","time":"2026-10-05T15:36:52Z"}
{"level":"info","msg":"{\"ev\":\"accepted\",\"id\":\"82a8d17b-c412-4685-81cc-88aff5a7d4b2\",\"t\":1791214613071}","source":"console","time":"2026-10-05T15:36:53Z"}
{"level":"info","msg":"{\"ev\":\"accepted\",\"id\":\"5f235a8d-df17-4b8b-8a94-a8c7cfd21fcf\",\"t\":1791214613191}","source":"console","time":"2026-10-05T15:36:53Z"}
{"level":"info","msg":"{\"ev\":\"accepted\",\"id\":\"abbe4a4c-d2b1-4668-af88-f88693b86d4b\",\"t\":1791214613266}","source":"console","time":"2026-10-05T15:36:53Z"}
{"level":"info","msg":"{\"ev\":\"accepted\",\"id\":\"1035a02d-f0b5-44d6-ab70-d46def84eb58\",\"t\":1791214613368}","source":"console","time":"2026-10-05T15:36:53Z"}
{"level":"info","msg":"{\"ev\":\"accepted\",\"id\":\"9e3fc11e-510c-4165-af87-235ea38e437d\",\"t\":1791214613454}","source":"console","time":"2026-10-05T15:36:53Z"}
{"level":"info","msg":"{\"ev\":\"accepted\",\"id\":\"4c210d45-43a2-4689-942b-e87cf63ffa23\",\"t\":1791214613547}","source":"console","time":"2026-10-05T15:36:53Z"}
{"level":"info","msg":"{\"ev\":\"accepted\",\"id\":\"6219f374-f883-4e92-8a4e-27d46a8303fe\",\"t\":1791214613637}","source":"console","time":"2026-10-05T15:36:53Z"}
{"level":"info","msg":"{\"ev\":\"accepted\",\"id\":\"13177307-0d8b-4cff-84f1-f1ef3b2e3249\",\"t\":1791214613735}","source":"console","time":"2026-10-05T15:36:53Z"}
{"level":"info","msg":"{\"ev\":\"accepted\",\"id\":\"764362b4-fd38-4f79-accb-ecd18f1a4d66\",\"t\":1791214613822}","source":"console","time":"2026-10-05T15:36:53Z"}
{"level":"info","msg":"{\"ev\":\"accepted\",\"id\":\"cde9b65e-cf84-4242-ad02-8981d315dfdf\",\"t\":1791214613915}","source":"console","time":"2026-10-05T15:36:53Z"}
{"level":"info","msg":"{\"ev\":\"accepted\",\"id\":\"7546870d-6b29-4a31-9bbd-235bd73a936a\",\"t\":1791214614004}","source":"console","time":"2026-10-05T15:36:54Z"}
{"level":"info","msg":"{\"ev\":\"accepted\",\"id\":\"3a1fb7c6-ac00-4782-b710-3a18097af1ae\",\"t\":1791214614095}","source":"console","time":"2026-10-05T15:36:54Z"}
{"level":"info","msg":"{\"ev\":\"accepted\",\"id\":\"4fc9e491-913a-4f94-b069-0f259285af25\",\"t\":1791214614183}","source":"console","time":"2026-10-05T15:36:54Z"}
{"level":"info","msg":"{\"ev\":\"accepted\",\"id\":\"4d8270dc-0879-4f0d-8983-154c7b767fe4\",\"t\":1791214614277}","source":"console","time":"2026-10-05T15:36:54Z"}
{"level":"info","msg":"{\"ev\":\"accepted\",\"id\":\"4688b94e-3caf-4780-a751-277ea9eb214f\",\"t\":1791214614363}","source":"console","time":"2026-10-05T15:36:54Z"}
{"level":"info","msg":"{\"ev\":\"accepted\",\"id\":\"cc34268d-8a64-406c-9629-be79ba974630\",\"t\":1791214614454}","source":"console","time":"2026-10-05T15:36:54Z"}
{"level":"info","msg":"{\"ev\":\"accepted\",\"id\":\"020b4b0c-feb3-4550-92dd-12825c89c38a\",\"t\":1791214614551}","source":"console","time":"2026-10-05T15:36:54Z"}
{"level":"info","msg":"{\"ev\":\"accepted\",\"id\":\"2322319b-c75d-48e8-bd4c-f85fd689d702\",\"t\":1791214614631}","source":"console","time":"2026-10-05T15:36:54Z"}
{"level":"info","msg":"{\"ev\":\"accepted\",\"id\":\"a5a08076-f83e-480e-ad0d-f3134931e289\",\"t\":1791214614731}","source":"console","time":"2026-10-05T15:36:54Z"}
{"level":"info","msg":"{\"ev\":\"accepted\",\"id\":\"a323e8b8-8c8e-409f-8c45-962ab86c3d5f\",\"t\":1791214614816}","source":"console","time":"2026-10-05T15:36:54Z"}
{"level":"info","msg":"{\"ev\":\"accepted\",\"id\":\"b2b94cd9-3aba-4661-b81f-f0f9fc63cfdd\",\"t\":1791214614907}","source":"console","time":"2026-10-05T15:36:54Z"}
{"level":"info","msg":"{\"ev\":\"accepted\",\"id\":\"d4aed370-fc3d-41bf-a77e-753ee655e02d\",\"t\":1791214614987}","source":"console","time":"2026-10-05T15:36:54Z"}
{"level":"info","msg":"{\"ev\":\"accepted\",\"id\":\"21f56109-2628-4090-bf85-bd34af7b2ab8\",\"t\":1791214615074}","source":"console","time":"2026-10-05T15:36:55Z"}
{"level":"info","msg":"{\"ev\":\"accepted\",\"id\":\"3e9e2d92-3a94-4862-a5d4-15c863ef0bd6\",\"t\":1791214615158}","source":"console","time":"2026-10-05T15:36:55Z"}
{"level":"info","msg":"{\"ev\":\"accepted\",\"id\":\"4845ee48-e2b0-42d2-8868-6c5fd9a8f751\",\"t\":1791214615241}","source":"console","time":"2026-10-05T15:36:55Z"}
{"level":"info","msg":"{\"ev\":\"accepted\",\"id\":\"17754942-faf6-4f4a-800f-3ba1ca151b8a\",\"t\":1791214615325}","source":"console","time":"2026-10-05T15:36:55Z"}
{"level":"info","msg":"{\"ev\":\"accepted\",\"id\":\"3081e619-61be-4e4c-bf68-6638a1284346\",\"t\":1791214615409}","source":"console","time":"2026-10-05T15:36:55Z"}
{"level":"info","msg":"{\"ev\":\"accepted\",\"id\":\"b7708dda-7ea1-4afc-91ef-5d8649ae5e06\",\"t\":1791214615495}","source":"console","time":"2026-10-05T15:36:55Z"}
{"level":"info","msg":"{\"ev\":\"accepted\",\"id\":\"8cd7cebd-3b70-4e09-9c8b-75c230f5f75b\",\"t\":1791214615582}","source":"console","time":"2026-10-05T15:36:55Z"}
{"level":"info","msg":"{\"ev\":\"accepted\",\"id\":\"ace83d4c-4534-4364-a94a-74807986ac36\",\"t\":1791214615672}","source":"console","time":"2026-10-05T15:36:55Z"}
{"level":"info","msg":"{\"ev\":\"accepted\",\"id\":\"fd8f090b-6e4a-482a-8120-127dd362d3b2\",\"t\":1791214615744}","source":"console","time":"2026-10-05T15:36:55Z"}
{"level":"info","msg":"{\"ev\":\"accepted\",\"id\":\"5e19c3d7-38a3-4b96-b06f-49328d769b04\",\"t\":1791214615835}","source":"console","time":"2026-10-05T15:36:55Z"}
{"level":"info","msg":"{\"ev\":\"accepted\",\"id\":\"4b4f21c0-da03-4d73-b29c-1fcd411a9855\",\"t\":1791214615911}","source":"console","time":"2026-10-05T15:36:55Z"}
{"level":"info","msg":"{\"ev\":\"accepted\",\"id\":\"e9088346-d5ea-4f36-bf6a-0d2e3c0fe1b1\",\"t\":1791214616008}","source":"console","time":"2026-10-05T15:36:56Z"}
{"level":"info","msg":"{\"ev\":\"accepted\",\"id\":\"1a9e92c2-6c5c-46ae-8da9-8fb272749044\",\"t\":1791214616082}","source":"console","time":"2026-10-05T15:36:56Z"}
{"level":"info","msg":"{\"ev\":\"accepted\",\"id\":\"d87e2d29-4a75-4b6a-a08e-508f59f68727\",\"t\":1791214616162}","source":"console","time":"2026-10-05T15:36:56Z"}
{"level":"info","msg":"{\"ev\":\"accepted\",\"id\":\"5fb4ea16-616e-4e6c-b016-8646e866f53f\",\"t\":1791214616249}","source":"console","time":"2026-10-05T15:36:56Z"}
{"level":"info","msg":"{\"ev\":\"accepted\",\"id\":\"297d8b06-2681-4323-bf18-8ed836d49c46\",\"t\":1791214616348}","source":"console","time":"2026-10-05T15:36:56Z"}
{"level":"info","msg":"{\"ev\":\"accepted\",\"id\":\"331a7f37-8c99-4af4-a571-34d95e60677d\",\"t\":1791214616419}","source":"console","time":"2026-10-05T15:36:56Z"}
{"level":"info","msg":"{\"ev\":\"accepted\",\"id\":\"4d261ad1-d184-4fdb-93f7-8e4845955c45\",\"t\":1791214616502}","source":"console","time":"2026-10-05T15:36:56Z"}
{"level":"info","msg":"{\"ev\":\"accepted\",\"id\":\"2c04f938-14c4-4a67-b4c9-50ac80c62fb9\",\"t\":1791214616579}","source":"console","time":"2026-10-05T15:36:56Z"}
{"level":"info","msg":"{\"ev\":\"accepted\",\"id\":\"f143dd13-6944-484c-82bb-783f04f778af\",\"t\":1791214616669}","source":"console","time":"2026-10-05T15:36:56Z"}
{"level":"info","msg":"{\"ev\":\"accepted\",\"id\":\"66ba1eed-1c4e-442c-b236-1d794b14bfa7\",\"t\":1791214616751}","source":"console","time":"2026-10-05T15:36:56Z"}
{"level":"info","msg":"{\"ev\":\"accepted\",\"id\":\"435345f5-4709-426f-be8f-050bad1a61c8\",\"t\":1791214616834}","source":"console","time":"2026-10-05T15:36:56Z"}
{"level":"info","msg":"{\"ev\":\"accepted\",\"id\":\"28e0fbdc-48ea-4b41-b5bf-7c9050eccd8e\",\"t\":1791214616919}","source":"console","time":"2026-10-05T15:36:56Z"}
{"level":"info","msg":"{\"ev\":\"accepted\",\"id\":\"d3ea1356-ae11-43c4-b9f5-ac29ea11f0b0\",\"t\":1791214617000}","source":"console","time":"2026-10-05T15:36:57Z"}
{"level":"info","msg":"{\"ev\":\"accepted\",\"id\":\"eb4b1047-77be-4e2d-aa7b-7ac0293e7b8e\",\"t\":1791214617082}","source":"console","time":"2026-10-05T15:36:57Z"}
{"level":"info","msg":"{\"ev\":\"accepted\",\"id\":\"e439251d-18e0-407f-ac2c-af0753a7b4d0\",\"t\":1791214617167}","source":"console","time":"2026-10-05T15:36:57Z"}
{"level":"info","msg":"{\"ev\":\"accepted\",\"id\":\"e9bb823e-4e65-4d84-8fdc-87bbb8ada2e5\",\"t\":1791214617256}","source":"console","time":"2026-10-05T15:36:57Z"}
{"level":"info","msg":"{\"ev\":\"accepted\",\"id\":\"8b0a7f20-c235-43f8-b564-cd5360936a9c\",\"t\":1791214617332}","source":"console","time":"2026-10-05T15:36:57Z"}
{"level":"info","msg":"{\"ev\":\"accepted\",\"id\":\"bb9d880e-cd51-45c1-9577-c11a5c3f19a5\",\"t\":1791214617426}","source":"console","time":"2026-10-05T15:36:57Z"}
{"level":"info","msg":"{\"ev\":\"accepted\",\"id\":\"2909b6c9-a1f5-46a0-8937-b37907d8217f\",\"t\":1791214617503}","source":"console","time":"2026-10-05T15:36:57Z"}
{"level":"info","msg":"{\"ev\":\"accepted\",\"id\":\"fab704ac-c58d-4890-8045-ad04be4a7bf8\",\"t\":1791214617587}","source":"console","time":"2026-10-05T15:36:57Z"}
{"level":"info","msg":"{\"ev\":\"accepted\",\"id\":\"891417b5-e946-4439-8779-ae53883b655c\",\"t\":1791214617677}","source":"console","time":"2026-10-05T15:36:57Z"}
{"level":"info","msg":"{\"ev\":\"accepted\",\"id\":\"c2ad28fe-13c9-4262-ac31-2b8b0ac630f9\",\"t\":1791214617751}","source":"console","time":"2026-10-05T15:36:57Z"}
{"level":"info","msg":"{\"ev\":\"accepted\",\"id\":\"4258aa0d-d6e4-46a0-8928-300ffce38043\",\"t\":1791214617832}","source":"console","time":"2026-10-05T15:36:57Z"}
{"level":"info","msg":"{\"ev\":\"accepted\",\"id\":\"ff160d5f-56aa-41b3-9b03-862950a1f79e\",\"t\":1791214617913}","source":"console","time":"2026-10-05T15:36:57Z"}
{"level":"info","msg":"{\"ev\":\"accepted\",\"id\":\"024e339b-fd49-481d-af4d-db389b89defb\",\"t\":1791214617999}","source":"console","time":"2026-10-05T15:36:57Z"}
{"level":"info","msg":"{\"ev\":\"accepted\",\"id\":\"dc1fdbf0-a788-4ac6-94bb-5af7bb9f4d79\",\"t\":1791214618086}","source":"console","time":"2026-10-05T15:36:58Z"}
{"level":"info","msg":"{\"ev\":\"accepted\",\"id\":\"1ee14137-9e1f-4c54-a9bf-df8fcdf17721\",\"t\":1791214618167}","source":"console","time":"2026-10-05T15:36:58Z"}
{"level":"info","msg":"{\"ev\":\"accepted\",\"id\":\"ba41af1f-b870-416e-9774-2273eefdbc3c\",\"t\":1791214618247}","source":"console","time":"2026-10-05T15:36:58Z"}
{"level":"info","msg":"{\"ev\":\"accepted\",\"id\":\"7563879c-fb13-4c4f-bcc3-a4b3f4db6223\",\"t\":1791214618329}","source":"console","time":"2026-10-05T15:36:58Z"}
{"level":"info","msg":"{\"ev\":\"accepted\",\"id\":\"cb91afc8-0d37-495a-af6d-f1114a6fcaa7\",\"t\":1791214618412}","source":"console","time":"2026-10-05T15:36:58Z"}
{"level":"info","msg":"{\"ev\":\"accepted\",\"id\":\"4bd5edf4-c45b-46a4-8e47-983439452777\",\"t\":1791214618512}","source":"console","time":"2026-10-05T15:36:58Z"}
{"level":"info","msg":"{\"ev\":\"accepted\",\"id\":\"606fdc24-efe1-4777-8b24-ecdffbbb9a96\",\"t\":1791214618580}","source":"console","time":"2026-10-05T15:36:58Z"}
{"level":"info","msg":"{\"ev\":\"accepted\",\"id\":\"db008b08-2436-4d41-8fd1-c8974c4a3ede\",\"t\":1791214618671}","source":"console","time":"2026-10-05T15:36:58Z"}
{"level":"info","msg":"{\"ev\":\"accepted\",\"id\":\"efc206ea-66b2-4dd1-8b51-a1be86d82f9b\",\"t\":1791214618749}","source":"console","time":"2026-10-05T15:36:58Z"}
{"level":"info","msg":"{\"ev\":\"accepted\",\"id\":\"3a79d1ad-c46e-4944-a826-047c2c1351b6\",\"t\":1791214618827}","source":"console","time":"2026-10-05T15:36:58Z"}
{"level":"info","msg":"{\"ev\":\"accepted\",\"id\":\"a47bf276-7edb-4108-a9d4-98625d75ff5c\",\"t\":1791214618918}","source":"console","time":"2026-10-05T15:36:58Z"}
{"level":"info","msg":"{\"ev\":\"accepted\",\"id\":\"575095fb-49db-4162-aa9b-6d18720eadf1\",\"t\":1791214618999}","source":"console","time":"2026-10-05T15:36:58Z"}
{"level":"info","msg":"{\"ev\":\"accepted\",\"id\":\"54d53327-e102-43e9-953d-9a7b0bc4cbf4\",\"t\":1791214619079}","source":"console","time":"2026-10-05T15:36:59Z"}
{"level":"info","msg":"{\"ev\":\"accepted\",\"id\":\"35ad801a-2a6c-4ad7-955e-b8b8b13a9ef9\",\"t\":1791214619159}","source":"console","time":"2026-10-05T15:36:59Z"}
{"level":"info","msg":"{\"ev\":\"accepted\",\"id\":\"8d92c0c4-132f-4163-9fc3-4fbdc534c0ab\",\"t\":1791214619263}","source":"console","time":"2026-10-05T15:36:59Z"}
{"level":"info","msg":"{\"ev\":\"accepted\",\"id\":\"89035432-3efd-47eb-b2f6-46c51126616f\",\"t\":1791214619335}","source":"console","time":"2026-10-05T15:36:59Z"}
{"level":"info","msg":"{\"ev\":\"accepted\",\"id\":\"0022e7a9-ce1c-4033-b3f0-7207d3ff0e54\",\"t\":1791214619413}","source":"console","time":"2026-10-05T15:36:59Z"}
{"level":"info","msg":"{\"ev\":\"accepted\",\"id\":\"6c150b29-f986-4428-a086-fee3ee6746ea\",\"t\":1791214619502}","source":"console","time":"2026-10-05T15:36:59Z"}
{"level":"info","msg":"{\"ev\":\"accepted\",\"id\":\"35bf301d-c112-4d48-818f-9dc59b1b56a7\",\"t\":1791214619596}","source":"console","time":"2026-10-05T15:36:59Z"}
{"level":"info","msg":"{\"ev\":\"accepted\",\"id\":\"b7ac1663-cbe6-4231-bade-a27c3be1e8c6\",\"t\":1791214619668}","source":"console","time":"2026-10-05T15:36:59Z"}
{"level":"info","msg":"{\"ev\":\"accepted\",\"id\":\"85720a5b-7634-4aab-83e3-063c40d0ab94\",\"t\":1791214619750}","source":"console","time":"2026-10-05T15:36:59Z"}
{"level":"info","msg":"{\"ev\":\"accepted\",\"id\":\"8ddd12cf-65ee-40b8-91cd-4de463711cf4\",\"t\":1791214619830}","source":"console","time":"2026-10-05T15:36:59Z"}
{"level":"info","msg":"{\"ev\":\"accepted\",\"id\":\"24a5db91-2e36-46c6-b70e-f93b1a202fbe\",\"t\":1791214619917}","source":"console","time":"2026-10-05T15:36:59Z"}
{"level":"info","msg":"{\"ev\":\"accepted\",\"id\":\"abfb6388-9f16-4fbe-a3a1-24173a16f493\",\"t\":1791214619999}","source":"console","time":"2026-10-05T15:36:59Z"}
{"level":"info","msg":"{\"ev\":\"accepted\",\"id\":\"cef0626a-67bc-425f-a83b-1af39219d953\",\"t\":1791214620094}","source":"console","time":"2026-10-05T15:37:00Z"}
{"level":"info","msg":"{\"ev\":\"accepted\",\"id\":\"13b8bbab-0c7f-463c-90aa-ee6a0def1fae\",\"t\":1791214620165}","source":"console","time":"2026-10-05T15:37:00Z"}
{"level":"info","msg":"{\"ev\":\"accepted\",\"id\":\"eebae06c-71ec-40a4-8afa-bfc1c254c5f4\",\"t\":1791214620251}","source":"console","time":"2026-10-05T15:37:00Z"}
{"level":"info","msg":"{\"ev\":\"accepted\",\"id\":\"a57b868d-6f7f-4bde-adc1-4bc9916fce98\",\"t\":1791214620335}","source":"console","time":"2026-10-05T15:37:00Z"}
{"level":"info","msg":"{\"ev\":\"accepted\",\"id\":\"6aade487-62ff-49cf-9c2e-ae7f6be28287\",\"t\":1791214620414}","source":"console","time":"2026-10-05T15:37:00Z"}
{"level":"info","msg":"{\"ev\":\"accepted\",\"id\":\"f5cc6cfd-afab-4d5d-b9f8-45e1705bee9e\",\"t\":1791214620507}","source":"console","time":"2026-10-05T15:37:00Z"}
{"level":"info","msg":"{\"ev\":\"accepted\",\"id\":\"f3aed50d-5f31-4ddc-ade4-44c07be760d6\",\"t\":1791214620578}","source":"console","time":"2026-10-05T15:37:00Z"}
{"level":"info","msg":"{\"ev\":\"accepted\",\"id\":\"6b9ab768-4f04-44f6-98ce-965c79f51a6f\",\"t\":1791214620671}","source":"console","time":"2026-10-05T15:37:00Z"}
{"level":"info","msg":"{\"ev\":\"accepted\",\"id\":\"7f0c9880-1317-40e5-a734-f33f0e936b3e\",\"t\":1791214620753}","source":"console","time":"2026-10-05T15:37:00Z"}
{"level":"info","msg":"{\"ev\":\"accepted\",\"id\":\"2c9c4f18-7472-41fa-9c48-16f5c923ada2\",\"t\":1791214620836}","source":"console","time":"2026-10-05T15:37:00Z"}
{"level":"info","msg":"{\"ev\":\"accepted\",\"id\":\"fdb9f2f2-6882-4d7e-8270-d968e9c97f79\",\"t\":1791214620914}","source":"console","time":"2026-10-05T15:37:00Z"}
{"level":"info","msg":"{\"ev\":\"accepted\",\"id\":\"46aa1562-dc94-40ae-9db0-63ae308a97af\",\"t\":1791214620998}","source":"console","time":"2026-10-05T15:37:00Z"}
{"level":"info","msg":"{\"ev\":\"accepted\",\"id\":\"292958a4-a177-4def-b0b9-eafd020bb678\",\"t\":1791214621082}","source":"console","time":"2026-10-05T15:37:01Z"}
{"level":"info","msg":"{\"ev\":\"accepted\",\"id\":\"42ea6c32-8453-4175-9291-73f4c52edbfd\",\"t\":1791214621168}","source":"console","time":"2026-10-05T15:37:01Z"}
{"level":"info","msg":"{\"ev\":\"accepted\",\"id\":\"47b5ade2-0c4a-4a31-a4a7-3ec344ae1c96\",\"t\":1791214621251}","source":"console","time":"2026-10-05T15:37:01Z"}
{"level":"info","msg":"{\"ev\":\"accepted\",\"id\":\"0a5532b7-ee73-42f0-a612-760b92db1b17\",\"t\":1791214621331}","source":"console","time":"2026-10-05T15:37:01Z"}
{"level":"info","msg":"{\"ev\":\"accepted\",\"id\":\"044b5460-9890-4ac2-bbeb-897c57503150\",\"t\":1791214621414}","source":"console","time":"2026-10-05T15:37:01Z"}
{"level":"info","msg":"{\"ev\":\"accepted\",\"id\":\"e96b4b65-8e6b-45f5-b190-3f30640565bc\",\"t\":1791214621503}","source":"console","time":"2026-10-05T15:37:01Z"}
{"level":"info","msg":"{\"ev\":\"accepted\",\"id\":\"5b822c76-dbb3-430a-8434-9dd056411d37\",\"t\":1791214621582}","source":"console","time":"2026-10-05T15:37:01Z"}
{"level":"info","msg":"{\"ev\":\"accepted\",\"id\":\"6f121db8-321f-412a-8e02-6abebbbb658e\",\"t\":1791214621673}","source":"console","time":"2026-10-05T15:37:01Z"}
{"level":"info","msg":"{\"ev\":\"accepted\",\"id\":\"65429d75-3b22-4fa0-8f4d-868a33bac851\",\"t\":1791214621748}","source":"console","time":"2026-10-05T15:37:01Z"}
{"level":"info","msg":"{\"ev\":\"accepted\",\"id\":\"b6d08a4a-18aa-493f-b1b4-b5a2ee4de543\",\"t\":1791214621835}","source":"console","time":"2026-10-05T15:37:01Z"}
{"level":"info","msg":"{\"ev\":\"accepted\",\"id\":\"03dff687-9816-4a43-9f2a-b49b5e49ca37\",\"t\":1791214621916}","source":"console","time":"2026-10-05T15:37:01Z"}
{"level":"info","msg":"{\"ev\":\"accepted\",\"id\":\"4e11caf5-364d-43a4-a864-2ea75f0c9845\",\"t\":1791214622006}","source":"console","time":"2026-10-05T15:37:02Z"}
{"level":"info","msg":"{\"ev\":\"accepted\",\"id\":\"b247b1f5-4a39-4cdb-9659-c3b528c4e177\",\"t\":1791214622092}","source":"console","time":"2026-10-05T15:37:02Z"}
{"level":"info","msg":"{\"ev\":\"accepted\",\"id\":\"c9a1a329-7ea0-4d08-9144-ce5e8daf018f\",\"t\":1791214622179}","source":"console","time":"2026-10-05T15:37:02Z"}
{"level":"info","msg":"{\"ev\":\"accepted\",\"id\":\"675be120-5f2c-4a41-bfb5-da7684c4b261\",\"t\":1791214622248}","source":"console","time":"2026-10-05T15:37:02Z"}
{"level":"info","msg":"{\"ev\":\"accepted\",\"id\":\"79ce0254-696e-4abb-877a-cf20e09be745\",\"t\":1791214622328}","source":"console","time":"2026-10-05T15:37:02Z"}
{"level":"info","msg":"{\"ev\":\"accepted\",\"id\":\"264b7ce3-a690-4790-8962-40013105bf0d\",\"t\":1791214622413}","source":"console","time":"2026-10-05T15:37:02Z"}
{"level":"info","msg":"{\"ev\":\"accepted\",\"id\":\"59363eb3-8a59-48bc-a2d6-415334cd23bd\",\"t\":1791214622495}","source":"console","time":"2026-10-05T15:37:02Z"}
{"level":"info","msg":"{\"ev\":\"accepted\",\"id\":\"ef2342ee-0d61-4f75-921c-b5a3c2d23457\",\"t\":1791214622580}","source":"console","time":"2026-10-05T15:37:02Z"}
{"level":"info","msg":"{\"ev\":\"accepted\",\"id\":\"5397effb-d733-4552-a56b-ce63aa93bbf1\",\"t\":1791214622661}","source":"console","time":"2026-10-05T15:37:02Z"}
{"level":"info","msg":"{\"ev\":\"accepted\",\"id\":\"519b5887-58f8-4d52-9cd8-5de9629b861c\",\"t\":1791214622750}","source":"console","time":"2026-10-05T15:37:02Z"}
{"level":"info","msg":"{\"ev\":\"accepted\",\"id\":\"f7e56a02-28a7-4824-bf27-119bc06cee4b\",\"t\":1791214622837}","source":"console","time":"2026-10-05T15:37:02Z"}
{"level":"info","msg":"{\"ev\":\"accepted\",\"id\":\"5019c315-afc9-413c-8313-ae3dd93a784b\",\"t\":1791214622929}","source":"console","time":"2026-10-05T15:37:02Z"}
{"level":"info","msg":"{\"ev\":\"accepted\",\"id\":\"3ed2724b-6f23-49de-acf8-5d0350046042\",\"t\":1791214623000}","source":"console","time":"2026-10-05T15:37:03Z"}
{"level":"info","msg":"{\"ev\":\"accepted\",\"id\":\"e4cddf7c-d708-486b-bd26-c1219c541225\",\"t\":1791214623088}","source":"console","time":"2026-10-05T15:37:03Z"}
{"level":"info","msg":"{\"ev\":\"accepted\",\"id\":\"e8b6befb-dae7-4da4-9a16-f96eefc2710b\",\"t\":1791214623174}","source":"console","time":"2026-10-05T15:37:03Z"}
{"level":"info","msg":"{\"ev\":\"accepted\",\"id\":\"78843b3c-0cb8-4a32-b574-82523ef22dcd\",\"t\":1791214623257}","source":"console","time":"2026-10-05T15:37:03Z"}
{"level":"info","msg":"{\"ev\":\"accepted\",\"id\":\"e066cb9f-989d-4073-a1b6-c913d35ab449\",\"t\":1791214623333}","source":"console","time":"2026-10-05T15:37:03Z"}
{"level":"info","msg":"{\"ev\":\"accepted\",\"id\":\"74bb8995-7c30-44af-a08f-09482d640950\",\"t\":1791214623411}","source":"console","time":"2026-10-05T15:37:03Z"}
{"level":"info","msg":"{\"ev\":\"accepted\",\"id\":\"fb7a65c6-1bb5-43bf-a25e-77e58d1e0bb9\",\"t\":1791214623522}","source":"console","time":"2026-10-05T15:37:03Z"}
{"level":"info","msg":"{\"ev\":\"accepted\",\"id\":\"e9737917-2b56-4566-b048-8920ac58d4dc\",\"t\":1791214623590}","source":"console","time":"2026-10-05T15:37:03Z"}
{"level":"info","msg":"{\"ev\":\"accepted\",\"id\":\"eb36fd26-3632-473c-a4ee-80a379f37630\",\"t\":1791214623670}","source":"console","time":"2026-10-05T15:37:03Z"}
{"level":"info","msg":"{\"ev\":\"accepted\",\"id\":\"2b06d6f5-457e-46b2-bed7-00e52482a684\",\"t\":1791214623747}","source":"console","time":"2026-10-05T15:37:03Z"}
{"level":"info","msg":"{\"ev\":\"accepted\",\"id\":\"0cd8e2b2-2a5f-429f-8d71-14aa289d8cf0\",\"t\":1791214623836}","source":"console","time":"2026-10-05T15:37:03Z"}
{"level":"info","msg":"{\"ev\":\"accepted\",\"id\":\"f10450be-834b-4380-822b-7e2befde6ed5\",\"t\":1791214623929}","source":"console","time":"2026-10-05T15:37:03Z"}
{"level":"info","msg":"{\"ev\":\"accepted\",\"id\":\"c333b4d9-0b60-4977-9dfc-1198e4a499ba\",\"t\":1791214624004}","source":"console","time":"2026-10-05T15:37:04Z"}
{"level":"info","msg":"{\"ev\":\"accepted\",\"id\":\"1713a495-9e49-4daf-97e3-0b2e62056321\",\"t\":1791214624101}","source":"console","time":"2026-10-05T15:37:04Z"}
{"level":"info","msg":"{\"ev\":\"accepted\",\"id\":\"7e046785-a150-4aea-b122-b947b7e72503\",\"t\":1791214624173}","source":"console","time":"2026-10-05T15:37:04Z"}
{"level":"info","msg":"{\"ev\":\"accepted\",\"id\":\"eaaecbd4-f2d7-40d0-8a4a-112525b519af\",\"t\":1791214624261}","source":"console","time":"2026-10-05T15:37:04Z"}
{"level":"info","msg":"{\"ev\":\"accepted\",\"id\":\"7f90f937-bc71-4d19-9182-87137bd6107c\",\"t\":1791214624344}","source":"console","time":"2026-10-05T15:37:04Z"}
{"level":"info","msg":"{\"ev\":\"accepted\",\"id\":\"7795e02d-fd28-47d7-b167-88b17a7a0edc\",\"t\":1791214624422}","source":"console","time":"2026-10-05T15:37:04Z"}
{"level":"info","msg":"{\"ev\":\"accepted\",\"id\":\"ad77cda4-fefa-4e85-ac78-7bf08b30f3dc\",\"t\":1791214624506}","source":"console","time":"2026-10-05T15:37:04Z"}
{"level":"info","msg":"{\"ev\":\"accepted\",\"id\":\"5c6bddac-5b0d-4b6f-8723-b95049455550\",\"t\":1791214624599}","source":"console","time":"2026-10-05T15:37:04Z"}
{"level":"info","msg":"{\"ev\":\"accepted\",\"id\":\"7f9f00ff-4ee9-4ea8-904d-5055a644da62\",\"t\":1791214624669}","source":"console","time":"2026-10-05T15:37:04Z"}
{"level":"info","msg":"{\"ev\":\"accepted\",\"id\":\"41e542ea-585f-4d8f-9dfa-dd2664a6f25b\",\"t\":1791214624752}","source":"console","time":"2026-10-05T15:37:04Z"}
{"level":"info","msg":"{\"ev\":\"accepted\",\"id\":\"c1d423bf-ee78-4429-814f-3c14e08f612b\",\"t\":1791214624834}","source":"console","time":"2026-10-05T15:37:04Z"}
{"level":"info","msg":"{\"ev\":\"accepted\",\"id\":\"186485b7-785c-4667-86bc-afa5f1a19aa2\",\"t\":1791214624924}","source":"console","time":"2026-10-05T15:37:04Z"}
{"level":"info","msg":"{\"ev\":\"accepted\",\"id\":\"3a6ee77b-a17b-4c5c-b1ad-8d64d22eadcf\",\"t\":1791214625003}","source":"console","time":"2026-10-05T15:37:05Z"}
{"level":"info","msg":"{\"ev\":\"accepted\",\"id\":\"61f72057-d4f1-46f2-bf27-97063f33b578\",\"t\":1791214625085}","source":"console","time":"2026-10-05T15:37:05Z"}
{"level":"info","msg":"{\"ev\":\"accepted\",\"id\":\"4b46c052-68f6-44c2-93b1-5dfe53f86e1d\",\"t\":1791214625172}","source":"console","time":"2026-10-05T15:37:05Z"}
{"level":"info","msg":"{\"ev\":\"accepted\",\"id\":\"b257b180-0502-4201-b947-f1ee69d9299d\",\"t\":1791214625261}","source":"console","time":"2026-10-05T15:37:05Z"}
{"level":"info","msg":"{\"ev\":\"accepted\",\"id\":\"0487a3db-36a3-4106-835b-4a6c1c128124\",\"t\":1791214625341}","source":"console","time":"2026-10-05T15:37:05Z"}
{"level":"info","msg":"{\"ev\":\"accepted\",\"id\":\"f72af4ab-c51d-4a99-b62b-314204c3fd59\",\"t\":1791214625419}","source":"console","time":"2026-10-05T15:37:05Z"}
{"level":"info","msg":"{\"ev\":\"accepted\",\"id\":\"42dcff76-efd1-4a9c-aba7-224cdd342477\",\"t\":1791214625498}","source":"console","time":"2026-10-05T15:37:05Z"}
{"level":"info","msg":"{\"ev\":\"accepted\",\"id\":\"12df3cde-4aa3-48c0-bc36-c3c0b818e43d\",\"t\":1791214625580}","source":"console","time":"2026-10-05T15:37:05Z"}
{"level":"info","msg":"{\"ev\":\"accepted\",\"id\":\"ec2d3001-5faf-4b67-995e-3c5dd11511e2\",\"t\":1791214625662}","source":"console","time":"2026-10-05T15:37:05Z"}
{"level":"info","msg":"{\"ev\":\"accepted\",\"id\":\"a5fbfb65-fb87-498c-a5dd-853ca8c1121d\",\"t\":1791214625755}","source":"console","time":"2026-10-05T15:37:05Z"}
{"level":"info","msg":"{\"ev\":\"accepted\",\"id\":\"a82638df-f714-4fbc-b56f-67679a2a0d11\",\"t\":1791214625836}","source":"console","time":"2026-10-05T15:37:05Z"}
{"level":"info","msg":"{\"ev\":\"accepted\",\"id\":\"61bd2958-2dba-4aa7-86dd-4803637b8b31\",\"t\":1791214625920}","source":"console","time":"2026-10-05T15:37:05Z"}
{"level":"info","msg":"{\"ev\":\"accepted\",\"id\":\"7ae7acc2-e2d4-4384-a268-9f0dea8b54f8\",\"t\":1791214626003}","source":"console","time":"2026-10-05T15:37:06Z"}
{"level":"info","msg":"{\"ev\":\"accepted\",\"id\":\"55a1d268-071b-40fe-adbf-e0ca070550c5\",\"t\":1791214626088}","source":"console","time":"2026-10-05T15:37:06Z"}
{"level":"info","msg":"{\"ev\":\"accepted\",\"id\":\"6ca1cfe0-2f27-41c0-aad6-3874d2bb4bb4\",\"t\":1791214626174}","source":"console","time":"2026-10-05T15:37:06Z"}
{"level":"info","msg":"{\"ev\":\"accepted\",\"id\":\"bbf2bc48-b24f-4383-8aa8-0d27ce2d00e1\",\"t\":1791214626244}","source":"console","time":"2026-10-05T15:37:06Z"}
{"level":"info","msg":"{\"ev\":\"accepted\",\"id\":\"dd4c048c-e2aa-4f58-b552-4fa8826cf2d2\",\"t\":1791214626338}","source":"console","time":"2026-10-05T15:37:06Z"}
{"level":"info","msg":"{\"ev\":\"accepted\",\"id\":\"4157f499-b931-4c27-8a35-45f448ce1541\",\"t\":1791214626419}","source":"console","time":"2026-10-05T15:37:06Z"}
{"level":"info","msg":"{\"ev\":\"accepted\",\"id\":\"a856aca5-998b-4655-a819-69551835c6b2\",\"t\":1791214626494}","source":"console","time":"2026-10-05T15:37:06Z"}
{"level":"info","msg":"{\"ev\":\"accepted\",\"id\":\"88443657-3174-4358-bd3e-b7f89b887317\",\"t\":1791214626584}","source":"console","time":"2026-10-05T15:37:06Z"}
{"level":"info","msg":"{\"ev\":\"accepted\",\"id\":\"b30caba5-669f-431d-9f10-8464955e004c\",\"t\":1791214626666}","source":"console","time":"2026-10-05T15:37:06Z"}
{"level":"info","msg":"{\"ev\":\"accepted\",\"id\":\"bfd90ea4-0a46-40f3-b845-f79015eaaded\",\"t\":1791214626742}","source":"console","time":"2026-10-05T15:37:06Z"}
{"level":"info","msg":"{\"ev\":\"accepted\",\"id\":\"b6274304-d443-433c-bddd-6d78a9d43b25\",\"t\":1791214626830}","source":"console","time":"2026-10-05T15:37:06Z"}
{"level":"info","msg":"{\"ev\":\"accepted\",\"id\":\"6a9b855f-89f8-48d3-adad-288aca590c2d\",\"t\":1791214626910}","source":"console","time":"2026-10-05T15:37:06Z"}
{"level":"info","msg":"{\"ev\":\"accepted\",\"id\":\"761607bc-ca72-4189-b892-128af75be1ee\",\"t\":1791214626994}","source":"console","time":"2026-10-05T15:37:06Z"}
{"level":"info","msg":"{\"ev\":\"accepted\",\"id\":\"c5b97b50-ea56-4f12-b5d1-fe72ad84b9f2\",\"t\":1791214627079}","source":"console","time":"2026-10-05T15:37:07Z"}
{"level":"info","msg":"{\"ev\":\"accepted\",\"id\":\"c8d41652-ff24-41f8-97b5-e03e67daac2f\",\"t\":1791214627163}","source":"console","time":"2026-10-05T15:37:07Z"}
{"level":"info","msg":"{\"ev\":\"accepted\",\"id\":\"f7401f90-c7cb-4a40-90ee-eb6b5d78e205\",\"t\":1791214627244}","source":"console","time":"2026-10-05T15:37:07Z"}
{"level":"info","msg":"{\"ev\":\"accepted\",\"id\":\"7d3d431b-7ce1-4d40-b4a7-9f20a3b26296\",\"t\":1791214627329}","source":"console","time":"2026-10-05T15:37:07Z"}
{"level":"info","msg":"{\"ev\":\"accepted\",\"id\":\"ce54c114-2773-4c67-aca5-bb1f7341b8b3\",\"t\":1791214627411}","source":"console","time":"2026-10-05T15:37:07Z"}
{"level":"info","msg":"{\"ev\":\"accepted\",\"id\":\"9326375e-f4bf-4c42-b82d-680f64efdffe\",\"t\":1791214627499}","source":"console","time":"2026-10-05T15:37:07Z"}
{"level":"info","msg":"{\"ev\":\"accepted\",\"id\":\"0f51412d-2fa8-4f73-99e4-fe4571455d0f\",\"t\":1791214627575}","source":"console","time":"2026-10-05T15:37:07Z"}
{"level":"info","msg":"{\"ev\":\"accepted\",\"id\":\"10ae1d7c-bb19-45ad-ac87-bfd736a239ac\",\"t\":1791214627660}","source":"console","time":"2026-10-05T15:37:07Z"}
{"level":"info","msg":"{\"ev\":\"accepted\",\"id\":\"2f3165d0-2b37-425a-8b20-c64a92af50eb\",\"t\":1791214627746}","source":"console","time":"2026-10-05T15:37:07Z"}
{"level":"info","msg":"{\"ev\":\"accepted\",\"id\":\"35791765-785f-4167-a858-19dc850c2834\",\"t\":1791214627831}","source":"console","time":"2026-10-05T15:37:07Z"}
{"level":"info","msg":"{\"ev\":\"accepted\",\"id\":\"4d8efdae-c097-43e3-ba22-644ed6ab8b87\",\"t\":1791214627919}","source":"console","time":"2026-10-05T15:37:07Z"}
{"level":"info","msg":"{\"ev\":\"accepted\",\"id\":\"af97a5eb-a202-4fa7-bf0b-5bf5c0e46789\",\"t\":1791214628000}","source":"console","time":"2026-10-05T15:37:08Z"}
{"level":"info","msg":"{\"ev\":\"accepted\",\"id\":\"1b09d1b0-3ab8-4dee-b737-aa576340a725\",\"t\":1791214628089}","source":"console","time":"2026-10-05T15:37:08Z"}
{"level":"info","msg":"{\"ev\":\"accepted\",\"id\":\"9f267fe4-6710-41d8-a202-022549871d9b\",\"t\":1791214628163}","source":"console","time":"2026-10-05T15:37:08Z"}
{"level":"info","msg":"{\"ev\":\"accepted\",\"id\":\"a177036d-f382-4964-b218-ff1a40666ed8\",\"t\":1791214628248}","source":"console","time":"2026-10-05T15:37:08Z"}
{"level":"info","msg":"{\"ev\":\"accepted\",\"id\":\"8a5f8461-4458-45f5-8ae6-293c94a0444b\",\"t\":1791214628331}","source":"console","time":"2026-10-05T15:37:08Z"}
{"level":"info","msg":"{\"ev\":\"accepted\",\"id\":\"1f589ed9-666f-4c18-b0cd-3da01a31de28\",\"t\":1791214628412}","source":"console","time":"2026-10-05T15:37:08Z"}
{"level":"info","msg":"{\"ev\":\"accepted\",\"id\":\"9be8d780-08b2-423d-ac68-5c518fe39b1b\",\"t\":1791214628497}","source":"console","time":"2026-10-05T15:37:08Z"}
{"level":"info","msg":"{\"ev\":\"accepted\",\"id\":\"82d5a6b4-357c-4490-b1cc-077c2d7861ba\",\"t\":1791214628584}","source":"console","time":"2026-10-05T15:37:08Z"}
{"level":"info","msg":"{\"ev\":\"accepted\",\"id\":\"8ababdae-4514-41de-b540-fe27d17e498a\",\"t\":1791214628669}","source":"console","time":"2026-10-05T15:37:08Z"}
{"level":"info","msg":"{\"ev\":\"accepted\",\"id\":\"6856fdc8-85e5-433b-9a49-3f3e714e2ed5\",\"t\":1791214628759}","source":"console","time":"2026-10-05T15:37:08Z"}
{"level":"info","msg":"{\"ev\":\"accepted\",\"id\":\"429a5b94-519a-4229-997b-b9abfcb41451\",\"t\":1791214628835}","source":"console","time":"2026-10-05T15:37:08Z"}
{"level":"info","msg":"{\"ev\":\"accepted\",\"id\":\"00e59277-7323-4b86-8cf1-3bd5554d7f16\",\"t\":1791214628912}","source":"console","time":"2026-10-05T15:37:08Z"}
{"level":"info","msg":"{\"ev\":\"accepted\",\"id\":\"28e07f5c-2b63-4aae-a45d-64cad4d57ed6\",\"t\":1791214629012}","source":"console","time":"2026-10-05T15:37:09Z"}
{"level":"info","msg":"{\"ev\":\"accepted\",\"id\":\"a99527c4-c198-4a12-8722-0461c85f3cd5\",\"t\":1791214629095}","source":"console","time":"2026-10-05T15:37:09Z"}
{"level":"info","msg":"{\"ev\":\"accepted\",\"id\":\"9d0a64d6-89bb-4f6d-b29f-429829e16ac0\",\"t\":1791214629167}","source":"console","time":"2026-10-05T15:37:09Z"}
{"level":"info","msg":"{\"ev\":\"accepted\",\"id\":\"f497d7a2-3e1e-4c6c-b966-5fc260a49f88\",\"t\":1791214629247}","source":"console","time":"2026-10-05T15:37:09Z"}
{"level":"info","msg":"{\"ev\":\"accepted\",\"id\":\"02d11b34-b898-4956-81bd-ba253601878e\",\"t\":1791214629332}","source":"console","time":"2026-10-05T15:37:09Z"}
{"level":"info","msg":"{\"ev\":\"accepted\",\"id\":\"fccdb075-9c3e-401f-a31a-eab76250d429\",\"t\":1791214629426}","source":"console","time":"2026-10-05T15:37:09Z"}
{"level":"info","msg":"{\"ev\":\"accepted\",\"id\":\"52f66c36-abe0-4597-a519-9c6557efe1cc\",\"t\":1791214629504}","source":"console","time":"2026-10-05T15:37:09Z"}
{"level":"info","msg":"{\"ev\":\"accepted\",\"id\":\"56fafc6d-88d3-44a2-95c0-405bcd1b6746\",\"t\":1791214629577}","source":"console","time":"2026-10-05T15:37:09Z"}
{"level":"info","msg":"{\"ev\":\"accepted\",\"id\":\"a8a29b6d-d18f-460d-9faa-c703565dbcd9\",\"t\":1791214629669}","source":"console","time":"2026-10-05T15:37:09Z"}
{"level":"info","msg":"{\"ev\":\"accepted\",\"id\":\"8d01d077-b2d8-4581-8408-0ddaecb88cd7\",\"t\":1791214629745}","source":"console","time":"2026-10-05T15:37:09Z"}
{"level":"info","msg":"{\"ev\":\"accepted\",\"id\":\"216f0c4e-9988-4f90-bfd2-3a31dd26b40c\",\"t\":1791214629829}","source":"console","time":"2026-10-05T15:37:09Z"}
{"level":"info","msg":"{\"ev\":\"accepted\",\"id\":\"4ebc127b-569c-4a06-ae37-226c00a020c4\",\"t\":1791214629911}","source":"console","time":"2026-10-05T15:37:09Z"}
{"level":"info","msg":"{\"ev\":\"accepted\",\"id\":\"93ad726f-2b37-457e-99ac-18423d945b58\",\"t\":1791214629994}","source":"console","time":"2026-10-05T15:37:09Z"}
{"level":"info","msg":"{\"ev\":\"accepted\",\"id\":\"6d9e5cd6-5944-42bf-a22e-c87265d442a1\",\"t\":1791214630088}","source":"console","time":"2026-10-05T15:37:10Z"}
{"level":"info","msg":"{\"ev\":\"accepted\",\"id\":\"850997c0-4de5-4443-a3aa-87fac9c8d20b\",\"t\":1791214630164}","source":"console","time":"2026-10-05T15:37:10Z"}
{"level":"info","msg":"{\"ev\":\"accepted\",\"id\":\"f1866ecb-8310-42f8-a91b-71d88db08502\",\"t\":1791214630250}","source":"console","time":"2026-10-05T15:37:10Z"}
{"level":"info","msg":"{\"ev\":\"accepted\",\"id\":\"dba02cc6-b581-4f83-bcaa-ecf80e78a74d\",\"t\":1791214630328}","source":"console","time":"2026-10-05T15:37:10Z"}
{"level":"info","msg":"{\"ev\":\"accepted\",\"id\":\"03632cd6-f8fb-4d99-9b80-5d7b215648bc\",\"t\":1791214630420}","source":"console","time":"2026-10-05T15:37:10Z"}
{"level":"info","msg":"{\"ev\":\"accepted\",\"id\":\"347bbf3c-ad60-42dd-841e-839c87b800b5\",\"t\":1791214630502}","source":"console","time":"2026-10-05T15:37:10Z"}
{"level":"info","msg":"{\"ev\":\"accepted\",\"id\":\"a63109b0-eb70-42b7-bb99-16e2575fcac0\",\"t\":1791214630587}","source":"console","time":"2026-10-05T15:37:10Z"}
{"level":"info","msg":"{\"ev\":\"accepted\",\"id\":\"ee588b60-3415-406d-9f7b-3273a6a3d3a1\",\"t\":1791214630672}","source":"console","time":"2026-10-05T15:37:10Z"}
{"level":"info","msg":"{\"ev\":\"accepted\",\"id\":\"3b1f53d6-c035-40c5-ab63-d3b60c6e213b\",\"t\":1791214630770}","source":"console","time":"2026-10-05T15:37:10Z"}
{"level":"info","msg":"{\"ev\":\"accepted\",\"id\":\"ed61dfbe-0117-440b-a9e9-db0156f7f5e5\",\"t\":1791214630834}","source":"console","time":"2026-10-05T15:37:10Z"}
{"level":"info","msg":"{\"ev\":\"accepted\",\"id\":\"58a37c53-b07b-4827-b04e-28814b1c63bc\",\"t\":1791214630912}","source":"console","time":"2026-10-05T15:37:10Z"}
{"level":"info","msg":"{\"ev\":\"accepted\",\"id\":\"c2bad623-6ba7-46c8-8e06-eb080a1bb8d6\",\"t\":1791214630996}","source":"console","time":"2026-10-05T15:37:10Z"}
{"level":"info","msg":"{\"ev\":\"accepted\",\"id\":\"6f5d26cc-7ff9-43d2-b8a1-32c25d174e05\",\"t\":1791214631086}","source":"console","time":"2026-10-05T15:37:11Z"}
{"level":"info","msg":"{\"ev\":\"accepted\",\"id\":\"86966d21-f966-4b4d-9471-dea8fbf77e30\",\"t\":1791214631165}","source":"console","time":"2026-10-05T15:37:11Z"}
{"level":"info","msg":"{\"ev\":\"accepted\",\"id\":\"8d5b16c0-5681-4d8f-bf97-225eae282728\",\"t\":1791214631247}","source":"console","time":"2026-10-05T15:37:11Z"}
{"level":"info","msg":"{\"ev\":\"accepted\",\"id\":\"2b02018e-bdd7-4c39-a1e5-a5b2bbf916d7\",\"t\":1791214631333}","source":"console","time":"2026-10-05T15:37:11Z"}
{"level":"info","msg":"{\"ev\":\"accepted\",\"id\":\"88246d98-6a81-4a21-8250-b68c1f767fa9\",\"t\":1791214631417}","source":"console","time":"2026-10-05T15:37:11Z"}
{"level":"info","msg":"{\"ev\":\"accepted\",\"id\":\"18c7a2a2-e25c-4877-abad-4f7e7eb300b8\",\"t\":1791214631504}","source":"console","time":"2026-10-05T15:37:11Z"}
{"level":"info","msg":"{\"ev\":\"accepted\",\"id\":\"97aa646f-5cc8-4384-8dd8-5c735628efb1\",\"t\":1791214631587}","source":"console","time":"2026-10-05T15:37:11Z"}
{"level":"info","msg":"{\"ev\":\"accepted\",\"id\":\"6a2c4ae3-21c3-4c7b-b92a-bebfee4e020e\",\"t\":1791214631662}","source":"console","time":"2026-10-05T15:37:11Z"}
{"level":"info","msg":"{\"ev\":\"accepted\",\"id\":\"7f43925e-bd8e-4c9d-aba3-33a83d472958\",\"t\":1791214631747}","source":"console","time":"2026-10-05T15:37:11Z"}
{"level":"info","msg":"{\"ev\":\"accepted\",\"id\":\"67ae5889-c4ee-4f09-9fcf-236c574ef00a\",\"t\":1791214631830}","source":"console","time":"2026-10-05T15:37:11Z"}
{"level":"info","msg":"{\"ev\":\"accepted\",\"id\":\"58915ccc-bfd8-474a-b864-0c4336846180\",\"t\":1791214631919}","source":"console","time":"2026-10-05T15:37:11Z"}
{"level":"info","msg":"{\"ev\":\"accepted\",\"id\":\"8ebb821e-67c1-4a03-8ca6-416a7eb477fc\",\"t\":1791214631994}","source":"console","time":"2026-10-05T15:37:11Z"}
{"level":"info","msg":"{\"ev\":\"accepted\",\"id\":\"2ef43499-5ae0-4372-b63e-4f352e338d2a\",\"t\":1791214632078}","source":"console","time":"2026-10-05T15:37:12Z"}
{"level":"info","msg":"{\"ev\":\"accepted\",\"id\":\"6179f6aa-a4e6-4488-9289-603f112b75c7\",\"t\":1791214632158}","source":"console","time":"2026-10-05T15:37:12Z"}
{"level":"info","msg":"{\"ev\":\"accepted\",\"id\":\"c1f17293-d4c7-48cd-bbaf-1aafb8773111\",\"t\":1791214632243}","source":"console","time":"2026-10-05T15:37:12Z"}
{"level":"info","msg":"{\"ev\":\"accepted\",\"id\":\"727fdc5e-0019-46d5-bcbb-8fc053a5d25f\",\"t\":1791214632331}","source":"console","time":"2026-10-05T15:37:12Z"}
{"level":"info","msg":"{\"ev\":\"accepted\",\"id\":\"884477b8-b237-489e-afea-b155bed6e09d\",\"t\":1791214632413}","source":"console","time":"2026-10-05T15:37:12Z"}
{"level":"info","msg":"{\"ev\":\"accepted\",\"id\":\"d72addc8-7e97-4bb3-9181-b74dc7d28d30\",\"t\":1791214632502}","source":"console","time":"2026-10-05T15:37:12Z"}
{"level":"info","msg":"{\"ev\":\"accepted\",\"id\":\"f0a61c56-94be-45a4-a8f4-effb312eda3b\",\"t\":1791214632589}","source":"console","time":"2026-10-05T15:37:12Z"}
{"level":"info","msg":"{\"ev\":\"accepted\",\"id\":\"7c34d86f-a458-47f5-8349-a26cbf80235c\",\"t\":1791214632662}","source":"console","time":"2026-10-05T15:37:12Z"}
{"level":"info","msg":"{\"ev\":\"accepted\",\"id\":\"bf251306-472f-448f-a44e-347c3ff9fe8c\",\"t\":1791214632752}","source":"console","time":"2026-10-05T15:37:12Z"}
{"level":"info","msg":"{\"ev\":\"accepted\",\"id\":\"2ba1bb94-73ea-4586-9a70-c1e750fda58a\",\"t\":1791214632845}","source":"console","time":"2026-10-05T15:37:12Z"}
{"level":"info","msg":"{\"ev\":\"accepted\",\"id\":\"05afcc5b-1240-43a5-b058-3161a14e1c1b\",\"t\":1791214632920}","source":"console","time":"2026-10-05T15:37:12Z"}
{"level":"info","msg":"{\"ev\":\"accepted\",\"id\":\"fee15022-4841-435c-83dc-83b726c5c8a8\",\"t\":1791214633000}","source":"console","time":"2026-10-05T15:37:13Z"}
{"level":"info","msg":"{\"ev\":\"accepted\",\"id\":\"51c57fa8-7f03-4333-b364-2ae357d6ad36\",\"t\":1791214633083}","source":"console","time":"2026-10-05T15:37:13Z"}
{"level":"info","msg":"{\"ev\":\"accepted\",\"id\":\"39a8d477-917f-4a8f-b318-b50b84464f6a\",\"t\":1791214633162}","source":"console","time":"2026-10-05T15:37:13Z"}
{"level":"info","msg":"{\"ev\":\"accepted\",\"id\":\"ff547656-211b-4625-9fcf-68acdd4def59\",\"t\":1791214633247}","source":"console","time":"2026-10-05T15:37:13Z"}
{"level":"info","msg":"{\"ev\":\"accepted\",\"id\":\"5640c042-0fba-4a39-845e-4e3626ad013b\",\"t\":1791214633333}","source":"console","time":"2026-10-05T15:37:13Z"}
{"level":"info","msg":"{\"ev\":\"accepted\",\"id\":\"3b2e2dc3-9bd6-4f66-a46d-002b1a2d6436\",\"t\":1791214633414}","source":"console","time":"2026-10-05T15:37:13Z"}
{"level":"info","msg":"{\"ev\":\"accepted\",\"id\":\"fcb21369-7df5-460a-aa1d-205b2ae48161\",\"t\":1791214633494}","source":"console","time":"2026-10-05T15:37:13Z"}
{"level":"info","msg":"{\"ev\":\"accepted\",\"id\":\"8cc53649-43f4-489f-9c29-c22a9b2cb18e\",\"t\":1791214633583}","source":"console","time":"2026-10-05T15:37:13Z"}
{"level":"info","msg":"{\"ev\":\"accepted\",\"id\":\"737f6ce4-e4a0-4d70-88a4-438a94bce7a6\",\"t\":1791214633671}","source":"console","time":"2026-10-05T15:37:13Z"}
{"level":"info","msg":"{\"ev\":\"accepted\",\"id\":\"26a0f196-51eb-4496-ba13-b154909f5861\",\"t\":1791214633755}","source":"console","time":"2026-10-05T15:37:13Z"}
{"level":"info","msg":"{\"ev\":\"accepted\",\"id\":\"fd5a3b7a-5584-4de1-9f8c-c331a5e5e950\",\"t\":1791214633841}","source":"console","time":"2026-10-05T15:37:13Z"}
{"level":"info","msg":"{\"ev\":\"accepted\",\"id\":\"e16d984a-c6ff-44f7-89cc-5c5996443602\",\"t\":1791214633919}","source":"console","time":"2026-10-05T15:37:13Z"}
{"level":"info","msg":"{\"ev\":\"accepted\",\"id\":\"1021be6b-a57c-44dd-b21d-0b612be9958e\",\"t\":1791214633998}","source":"console","time":"2026-10-05T15:37:13Z"}
{"level":"info","msg":"{\"ev\":\"accepted\",\"id\":\"07b5d91f-a25c-40cb-b6d7-ed045f040957\",\"t\":1791214634085}","source":"console","time":"2026-10-05T15:37:14Z"}
{"level":"info","msg":"{\"ev\":\"accepted\",\"id\":\"3ea7c388-42c0-41c6-9872-3190e2b291da\",\"t\":1791214634163}","source":"console","time":"2026-10-05T15:37:14Z"}
{"level":"info","msg":"{\"ev\":\"accepted\",\"id\":\"22cbd7ae-1f27-4ea1-9a58-5fb8ff3f3a12\",\"t\":1791214634247}","source":"console","time":"2026-10-05T15:37:14Z"}
{"level":"info","msg":"{\"ev\":\"accepted\",\"id\":\"5cfd445a-3ae2-440c-ae22-fe18df9e8c6a\",\"t\":1791214634330}","source":"console","time":"2026-10-05T15:37:14Z"}
{"level":"info","msg":"{\"ev\":\"accepted\",\"id\":\"24b172a4-7e93-4f74-8940-5051415790c5\",\"t\":1791214634417}","source":"console","time":"2026-10-05T15:37:14Z"}
{"level":"info","msg":"{\"ev\":\"accepted\",\"id\":\"8a600741-3657-469b-83a5-12e600c76ac3\",\"t\":1791214634496}","source":"console","time":"2026-10-05T15:37:14Z"}
{"level":"info","msg":"{\"ev\":\"accepted\",\"id\":\"8124ce8c-abf2-416c-8f6f-d346f6ff8ae7\",\"t\":1791214634579}","source":"console","time":"2026-10-05T15:37:14Z"}
{"level":"info","msg":"{\"ev\":\"accepted\",\"id\":\"a51718c4-9be9-4f03-8c3e-1091c3c16e7f\",\"t\":1791214634663}","source":"console","time":"2026-10-05T15:37:14Z"}
{"level":"info","msg":"{\"ev\":\"accepted\",\"id\":\"13ef15bf-f705-4e36-adfe-1145599cc845\",\"t\":1791214634745}","source":"console","time":"2026-10-05T15:37:14Z"}
{"level":"info","msg":"{\"ev\":\"accepted\",\"id\":\"b7391642-007f-447c-9b54-4fb88d3ce23b\",\"t\":1791214634838}","source":"console","time":"2026-10-05T15:37:14Z"}
{"level":"info","msg":"{\"ev\":\"accepted\",\"id\":\"e24db59a-049e-4f10-b7fb-a0a1d55bc88c\",\"t\":1791214634915}","source":"console","time":"2026-10-05T15:37:14Z"}
{"level":"info","msg":"{\"ev\":\"accepted\",\"id\":\"01ba9a15-d110-43c6-b93b-e500d2466e8d\",\"t\":1791214634995}","source":"console","time":"2026-10-05T15:37:14Z"}
{"level":"info","msg":"{\"ev\":\"accepted\",\"id\":\"b900a124-6eaf-426b-b1d4-9a60bf6be412\",\"t\":1791214635089}","source":"console","time":"2026-10-05T15:37:15Z"}
{"level":"info","msg":"{\"ev\":\"accepted\",\"id\":\"4260adaa-7881-4780-9914-d54875b12d26\",\"t\":1791214635170}","source":"console","time":"2026-10-05T15:37:15Z"}
{"level":"info","msg":"{\"ev\":\"accepted\",\"id\":\"7cb552fb-b02a-45f1-afb0-a00eab5d69e6\",\"t\":1791214635249}","source":"console","time":"2026-10-05T15:37:15Z"}
{"level":"info","msg":"{\"ev\":\"accepted\",\"id\":\"be72a6fe-81d5-4fa1-8afa-3dfcbff0b492\",\"t\":1791214635347}","source":"console","time":"2026-10-05T15:37:15Z"}
{"level":"info","msg":"{\"ev\":\"accepted\",\"id\":\"b52245c9-c5dc-428a-a121-c81571bbd750\",\"t\":1791214635424}","source":"console","time":"2026-10-05T15:37:15Z"}
{"level":"info","msg":"{\"ev\":\"accepted\",\"id\":\"27630759-46b6-4045-872e-df2c70d5cede\",\"t\":1791214635511}","source":"console","time":"2026-10-05T15:37:15Z"}
{"level":"info","msg":"{\"ev\":\"accepted\",\"id\":\"6bd434c6-46d4-42d6-a2bb-6dfdd20cc3d9\",\"t\":1791214635586}","source":"console","time":"2026-10-05T15:37:15Z"}
{"level":"info","msg":"{\"ev\":\"accepted\",\"id\":\"9af8a187-7af0-441f-bd21-bed19074de6c\",\"t\":1791214635662}","source":"console","time":"2026-10-05T15:37:15Z"}
{"level":"info","msg":"{\"ev\":\"accepted\",\"id\":\"44bfe7a2-2bf8-422b-a016-dd19aad2fa80\",\"t\":1791214635750}","source":"console","time":"2026-10-05T15:37:15Z"}
{"level":"info","msg":"{\"ev\":\"accepted\",\"id\":\"979fc4d7-82d9-4404-977c-871e949455b5\",\"t\":1791214635843}","source":"console","time":"2026-10-05T15:37:15Z"}
{"level":"info","msg":"{\"ev\":\"accepted\",\"id\":\"9376db9b-b6a7-4500-9498-0dd46b53f63a\",\"t\":1791214635911}","source":"console","time":"2026-10-05T15:37:15Z"}
{"level":"info","msg":"{\"ev\":\"accepted\",\"id\":\"45ef859f-274c-47c6-96f0-c6ed563fa7c4\",\"t\":1791214635994}","source":"console","time":"2026-10-05T15:37:15Z"}
{"level":"info","msg":"{\"ev\":\"accepted\",\"id\":\"f6485329-9e6e-42cc-bd9c-5570c79e707c\",\"t\":1791214636079}","source":"console","time":"2026-10-05T15:37:16Z"}
{"level":"info","msg":"{\"ev\":\"accepted\",\"id\":\"851398be-5b99-4689-8c7f-e01684fb4c47\",\"t\":1791214636166}","source":"console","time":"2026-10-05T15:37:16Z"}
{"level":"info","msg":"{\"ev\":\"accepted\",\"id\":\"1e2c71ec-4007-41c5-befd-d6c211eff96f\",\"t\":1791214636248}","source":"console","time":"2026-10-05T15:37:16Z"}
{"level":"info","msg":"{\"ev\":\"accepted\",\"id\":\"12e55e01-a2cc-4310-8272-051ec1d86fb9\",\"t\":1791214636333}","source":"console","time":"2026-10-05T15:37:16Z"}
{"level":"info","msg":"{\"ev\":\"accepted\",\"id\":\"f2c7796d-a092-4915-8c95-a9208bdce46f\",\"t\":1791214636417}","source":"console","time":"2026-10-05T15:37:16Z"}
{"level":"info","msg":"{\"ev\":\"accepted\",\"id\":\"738d2d8f-459f-4cac-86bb-d6027e12dc8b\",\"t\":1791214636513}","source":"console","time":"2026-10-05T15:37:16Z"}
{"level":"info","msg":"{\"ev\":\"accepted\",\"id\":\"d6328d4e-75ea-4b95-93d7-8a08add751f2\",\"t\":1791214636587}","source":"console","time":"2026-10-05T15:37:16Z"}
{"level":"info","msg":"{\"ev\":\"accepted\",\"id\":\"0c5c9ac6-7986-4534-bc9d-210db0fbffe4\",\"t\":1791214636668}","source":"console","time":"2026-10-05T15:37:16Z"}
{"level":"info","msg":"{\"ev\":\"accepted\",\"id\":\"19998265-17ba-4ea0-8d52-393e80026f37\",\"t\":1791214636765}","source":"console","time":"2026-10-05T15:37:16Z"}
{"level":"info","msg":"{\"ev\":\"accepted\",\"id\":\"9051d52a-7c5f-4f6f-aa41-42984712a8ef\",\"t\":1791214636843}","source":"console","time":"2026-10-05T15:37:16Z"}
{"level":"info","msg":"{\"ev\":\"accepted\",\"id\":\"16b75ec5-ee55-4b27-aa68-19368e0252ae\",\"t\":1791214636917}","source":"console","time":"2026-10-05T15:37:16Z"}
{"level":"info","msg":"{\"ev\":\"accepted\",\"id\":\"4fae54e1-a494-49c0-8e31-5b8f337f0f01\",\"t\":1791214637003}","source":"console","time":"2026-10-05T15:37:17Z"}
{"level":"info","msg":"{\"ev\":\"accepted\",\"id\":\"9477123c-8c41-4f3e-851c-0445e9e750a9\",\"t\":1791214637087}","source":"console","time":"2026-10-05T15:37:17Z"}
{"level":"info","msg":"{\"ev\":\"accepted\",\"id\":\"15deeead-1b6e-4622-94d5-4994e47f2de8\",\"t\":1791214637181}","source":"console","time":"2026-10-05T15:37:17Z"}
{"level":"info","msg":"{\"ev\":\"accepted\",\"id\":\"eb41bf48-e815-4eff-bd9f-48a1be6e92e6\",\"t\":1791214637255}","source":"console","time":"2026-10-05T15:37:17Z"}
{"level":"info","msg":"{\"ev\":\"accepted\",\"id\":\"98b45c69-07b2-44d4-aa14-c5e1b40cb723\",\"t\":1791214637354}","source":"console","time":"2026-10-05T15:37:17Z"}
{"level":"info","msg":"{\"ev\":\"accepted\",\"id\":\"e4006e3c-353a-4f09-8f90-37c1a38badac\",\"t\":1791214637429}","source":"console","time":"2026-10-05T15:37:17Z"}
{"level":"info","msg":"{\"ev\":\"accepted\",\"id\":\"238947c8-dc8f-425b-a3b5-aef6e8a1c114\",\"t\":1791214637498}","source":"console","time":"2026-10-05T15:37:17Z"}
{"level":"info","msg":"{\"ev\":\"accepted\",\"id\":\"77ed5685-7206-4a85-8ed6-513b145adbe1\",\"t\":1791214637597}","source":"console","time":"2026-10-05T15:37:17Z"}
{"level":"info","msg":"{\"ev\":\"accepted\",\"id\":\"63eff91b-6e1f-45fb-8bab-d6ca491f0a43\",\"t\":1791214637666}","source":"console","time":"2026-10-05T15:37:17Z"}
{"level":"info","msg":"{\"ev\":\"accepted\",\"id\":\"0620c8e7-db13-492a-abf5-c04c478208cf\",\"t\":1791214637757}","source":"console","time":"2026-10-05T15:37:17Z"}
{"level":"info","msg":"{\"ev\":\"accepted\",\"id\":\"95120a3b-d994-46e1-9e06-3ab2c9586fc2\",\"t\":1791214637837}","source":"console","time":"2026-10-05T15:37:17Z"}
{"level":"info","msg":"{\"ev\":\"accepted\",\"id\":\"8a397270-a554-465c-9f36-92a3691308f9\",\"t\":1791214637915}","source":"console","time":"2026-10-05T15:37:17Z"}
{"level":"info","msg":"{\"ev\":\"accepted\",\"id\":\"53377422-5359-4257-bb88-566c21e2d0c9\",\"t\":1791214638005}","source":"console","time":"2026-10-05T15:37:18Z"}
{"level":"info","msg":"{\"ev\":\"accepted\",\"id\":\"6125b8d4-ea5e-4b9b-be88-cb5fb37c6b9c\",\"t\":1791214638084}","source":"console","time":"2026-10-05T15:37:18Z"}
{"level":"info","msg":"{\"ev\":\"accepted\",\"id\":\"9b2c79a4-cedd-4032-b6d5-c5f484147f42\",\"t\":1791214638162}","source":"console","time":"2026-10-05T15:37:18Z"}
{"level":"info","msg":"{\"ev\":\"accepted\",\"id\":\"490781b4-28fe-474a-a3d4-19cdffdce2d2\",\"t\":1791214638252}","source":"console","time":"2026-10-05T15:37:18Z"}
{"level":"info","msg":"{\"ev\":\"accepted\",\"id\":\"5b585160-8366-4829-8a14-51e5cd625008\",\"t\":1791214638333}","source":"console","time":"2026-10-05T15:37:18Z"}
{"level":"info","msg":"{\"ev\":\"accepted\",\"id\":\"2ce67c79-e456-4f84-8a75-c0800a987cab\",\"t\":1791214638422}","source":"console","time":"2026-10-05T15:37:18Z"}
{"level":"info","msg":"{\"ev\":\"accepted\",\"id\":\"c0db2809-96c9-479d-b9a8-c9a51b2bcd30\",\"t\":1791214638501}","source":"console","time":"2026-10-05T15:37:18Z"}
{"level":"info","msg":"{\"ev\":\"accepted\",\"id\":\"249b5689-7c29-4050-8d97-5e7bf2b8bb97\",\"t\":1791214638593}","source":"console","time":"2026-10-05T15:37:18Z"}
{"level":"info","msg":"{\"ev\":\"accepted\",\"id\":\"ccf4bb4e-012f-4c82-bb15-9e8e8e0fe474\",\"t\":1791214638668}","source":"console","time":"2026-10-05T15:37:18Z"}
{"level":"info","msg":"{\"ev\":\"accepted\",\"id\":\"49d27c6a-ad2d-40d8-9e4c-d2854d3ac6d7\",\"t\":1791214638755}","source":"console","time":"2026-10-05T15:37:18Z"}
{"level":"info","msg":"{\"ev\":\"accepted\",\"id\":\"3a7a858c-edbe-4038-a432-c778170a453b\",\"t\":1791214638841}","source":"console","time":"2026-10-05T15:37:18Z"}
{"level":"info","msg":"{\"ev\":\"accepted\",\"id\":\"2fb6258c-8799-4325-a9a6-874f4808ad22\",\"t\":1791214638915}","source":"console","time":"2026-10-05T15:37:18Z"}
{"level":"info","msg":"{\"ev\":\"accepted\",\"id\":\"067225c6-910c-4be4-8285-552a8868b512\",\"t\":1791214639010}","source":"console","time":"2026-10-05T15:37:19Z"}
{"level":"info","msg":"{\"ev\":\"accepted\",\"id\":\"0b590471-2e40-44f3-bf02-97b080b1f3b0\",\"t\":1791214639084}","source":"console","time":"2026-10-05T15:37:19Z"}
{"level":"info","msg":"{\"ev\":\"accepted\",\"id\":\"fd54d79d-6511-4dae-a17f-ca9486289551\",\"t\":1791214639171}","source":"console","time":"2026-10-05T15:37:19Z"}
{"level":"info","msg":"{\"ev\":\"accepted\",\"id\":\"158a3d78-2d2a-4977-9f19-37821f73c1d1\",\"t\":1791214639248}","source":"console","time":"2026-10-05T15:37:19Z"}
{"level":"info","msg":"{\"ev\":\"accepted\",\"id\":\"2c160e4a-8159-4c8f-be98-0efa896924e5\",\"t\":1791214639323}","source":"console","time":"2026-10-05T15:37:19Z"}
{"level":"info","msg":"{\"ev\":\"accepted\",\"id\":\"c095477b-d596-480c-8c83-ae9fd2176fb6\",\"t\":1791214639415}","source":"console","time":"2026-10-05T15:37:19Z"}
{"level":"info","msg":"{\"ev\":\"accepted\",\"id\":\"1360aace-1921-452f-9939-d9a84f2a6c2f\",\"t\":1791214639495}","source":"console","time":"2026-10-05T15:37:19Z"}
{"level":"info","msg":"{\"ev\":\"accepted\",\"id\":\"70a5c7a5-1f8c-48f1-8cab-6d03e069531b\",\"t\":1791214639585}","source":"console","time":"2026-10-05T15:37:19Z"}
{"level":"info","msg":"{\"ev\":\"accepted\",\"id\":\"2156fd06-5543-4c5e-bfdd-784c0866d4c9\",\"t\":1791214639662}","source":"console","time":"2026-10-05T15:37:19Z"}
{"level":"info","msg":"{\"ev\":\"accepted\",\"id\":\"b493ab3a-e62b-4e44-ac5d-9d72e036400a\",\"t\":1791214639738}","source":"console","time":"2026-10-05T15:37:19Z"}
{"level":"info","msg":"{\"ev\":\"accepted\",\"id\":\"26da9011-5782-4df8-8f09-f7458d5db56b\",\"t\":1791214639831}","source":"console","time":"2026-10-05T15:37:19Z"}
{"level":"info","msg":"{\"ev\":\"accepted\",\"id\":\"d0dcf7de-f912-4563-876d-4df821809c24\",\"t\":1791214639913}","source":"console","time":"2026-10-05T15:37:19Z"}
{"level":"info","msg":"{\"ev\":\"accepted\",\"id\":\"a727e46e-ecd3-44ef-a9cf-6d3f0fe26ae6\",\"t\":1791214639998}","source":"console","time":"2026-10-05T15:37:19Z"}
{"level":"info","msg":"{\"ev\":\"accepted\",\"id\":\"0e33e3eb-0c5a-49ca-a5bc-3c87a03bd1ef\",\"t\":1791214640086}","source":"console","time":"2026-10-05T15:37:20Z"}
{"level":"info","msg":"{\"ev\":\"accepted\",\"id\":\"f97be33f-6950-4e7b-9c42-152b811c2798\",\"t\":1791214640179}","source":"console","time":"2026-10-05T15:37:20Z"}
{"level":"info","msg":"{\"ev\":\"accepted\",\"id\":\"3c6dcaa2-da71-4592-9a79-fd64b35b579e\",\"t\":1791214640255}","source":"console","time":"2026-10-05T15:37:20Z"}
{"level":"info","msg":"{\"ev\":\"accepted\",\"id\":\"d322ed4f-d728-4dac-880c-2305eef65747\",\"t\":1791214640340}","source":"console","time":"2026-10-05T15:37:20Z"}
{"level":"info","msg":"{\"ev\":\"accepted\",\"id\":\"85218bfc-125c-491a-a231-56d8a3e9d42b\",\"t\":1791214640417}","source":"console","time":"2026-10-05T15:37:20Z"}
{"level":"info","msg":"{\"ev\":\"accepted\",\"id\":\"7ecc6a3a-acf8-4304-b603-38402c90e90b\",\"t\":1791214640499}","source":"console","time":"2026-10-05T15:37:20Z"}
{"level":"info","msg":"{\"ev\":\"accepted\",\"id\":\"3faedb9c-e516-4344-ba46-007f94d7337d\",\"t\":1791214640588}","source":"console","time":"2026-10-05T15:37:20Z"}
{"level":"info","msg":"{\"ev\":\"accepted\",\"id\":\"59c2d669-2349-4b8d-8a98-9a6f423d7cad\",\"t\":1791214640665}","source":"console","time":"2026-10-05T15:37:20Z"}
{"level":"info","msg":"{\"ev\":\"accepted\",\"id\":\"49cd9c24-982c-42b0-a70d-01e07963134e\",\"t\":1791214640746}","source":"console","time":"2026-10-05T15:37:20Z"}
{"level":"info","msg":"{\"ev\":\"accepted\",\"id\":\"533c7b59-1e7f-4f96-8b52-f7a497eb1eac\",\"t\":1791214640828}","source":"console","time":"2026-10-05T15:37:20Z"}
{"level":"info","msg":"{\"ev\":\"accepted\",\"id\":\"88c1578b-33e2-4982-8420-260cfe672a7b\",\"t\":1791214640920}","source":"console","time":"2026-10-05T15:37:20Z"}
{"level":"info","msg":"{\"ev\":\"accepted\",\"id\":\"cf49e712-e7c0-41d9-bf07-3534ed485116\",\"t\":1791214640997}","source":"console","time":"2026-10-05T15:37:20Z"}
{"level":"info","msg":"{\"ev\":\"accepted\",\"id\":\"dc1dd692-3822-4567-ad20-6c29cd5e257a\",\"t\":1791214641084}","source":"console","time":"2026-10-05T15:37:21Z"}
{"level":"info","msg":"{\"ev\":\"accepted\",\"id\":\"d0a55a9a-e106-4245-8c58-2c49a391c6e5\",\"t\":1791214641162}","source":"console","time":"2026-10-05T15:37:21Z"}
{"level":"info","msg":"{\"ev\":\"accepted\",\"id\":\"394e9d07-c7a0-4317-800c-6770de5b250d\",\"t\":1791214641243}","source":"console","time":"2026-10-05T15:37:21Z"}
{"level":"info","msg":"{\"ev\":\"accepted\",\"id\":\"202c1459-4aa1-4a8a-8027-a06701bcf247\",\"t\":1791214641329}","source":"console","time":"2026-10-05T15:37:21Z"}
{"level":"info","msg":"{\"ev\":\"accepted\",\"id\":\"20af88e8-4af2-46df-8e82-48ae98708364\",\"t\":1791214641417}","source":"console","time":"2026-10-05T15:37:21Z"}
{"level":"info","msg":"{\"ev\":\"accepted\",\"id\":\"82f39282-4bd6-42f7-bdab-5a17bdcb7560\",\"t\":1791214641496}","source":"console","time":"2026-10-05T15:37:21Z"}
{"level":"info","msg":"{\"ev\":\"accepted\",\"id\":\"0103930f-b24d-4c6a-b4e3-4f52beeb6a2f\",\"t\":1791214641578}","source":"console","time":"2026-10-05T15:37:21Z"}
{"level":"info","msg":"{\"ev\":\"accepted\",\"id\":\"db451a67-9810-4399-9631-b8a654ed6898\",\"t\":1791214641659}","source":"console","time":"2026-10-05T15:37:21Z"}
{"level":"info","msg":"{\"ev\":\"accepted\",\"id\":\"a7e5a8bf-d9ea-4f77-88b6-154f625532ea\",\"t\":1791214641750}","source":"console","time":"2026-10-05T15:37:21Z"}
{"level":"info","msg":"{\"ev\":\"accepted\",\"id\":\"8d27c74c-13f4-423d-9475-6bd15bd7c511\",\"t\":1791214641827}","source":"console","time":"2026-10-05T15:37:21Z"}
{"level":"info","msg":"{\"ev\":\"accepted\",\"id\":\"276dd03e-35df-4c2e-9d66-d63dd88f50fa\",\"t\":1791214641910}","source":"console","time":"2026-10-05T15:37:21Z"}
{"level":"info","msg":"{\"ev\":\"accepted\",\"id\":\"a745ef19-9ec7-47cc-980e-49e6c9f867ec\",\"t\":1791214642001}","source":"console","time":"2026-10-05T15:37:22Z"}
{"level":"info","msg":"{\"ev\":\"accepted\",\"id\":\"f3842c04-7688-4db3-a9e2-78468c17fa96\",\"t\":1791214642088}","source":"console","time":"2026-10-05T15:37:22Z"}
{"level":"info","msg":"{\"ev\":\"accepted\",\"id\":\"9e82cb4c-ba62-4e21-b72c-7b858b697fc6\",\"t\":1791214642166}","source":"console","time":"2026-10-05T15:37:22Z"}
{"level":"info","msg":"{\"ev\":\"accepted\",\"id\":\"5cea21f8-8f0e-4712-8cef-2f3af57a5fec\",\"t\":1791214642257}","source":"console","time":"2026-10-05T15:37:22Z"}
{"level":"info","msg":"{\"ev\":\"accepted\",\"id\":\"5f6c4c13-5cb6-42cc-a1b0-9fc73cb82aad\",\"t\":1791214642336}","source":"console","time":"2026-10-05T15:37:22Z"}
{"level":"info","msg":"{\"ev\":\"accepted\",\"id\":\"3ae6fa57-0f33-4403-b953-204a2a9b5713\",\"t\":1791214642441}","source":"console","time":"2026-10-05T15:37:22Z"}
{"level":"info","msg":"{\"ev\":\"accepted\",\"id\":\"48ffb0a9-c522-432b-94cc-daacddedcdd8\",\"t\":1791214642513}","source":"console","time":"2026-10-05T15:37:22Z"}
{"level":"info","msg":"{\"ev\":\"accepted\",\"id\":\"7b2db170-bcc2-479a-8f63-33487b603870\",\"t\":1791214642585}","source":"console","time":"2026-10-05T15:37:22Z"}
{"level":"info","msg":"{\"ev\":\"accepted\",\"id\":\"43710582-50ef-419c-b78f-8b65ebbd79bd\",\"t\":1791214642672}","source":"console","time":"2026-10-05T15:37:22Z"}
{"level":"info","msg":"{\"ev\":\"accepted\",\"id\":\"ca20632f-424b-492a-a35a-65cfd7a3d7ab\",\"t\":1791214642771}","source":"console","time":"2026-10-05T15:37:22Z"}
{"level":"info","msg":"{\"ev\":\"accepted\",\"id\":\"2f181859-6328-41a6-9208-8c59df2cd262\",\"t\":1791214642844}","source":"console","time":"2026-10-05T15:37:22Z"}
{"level":"info","msg":"{\"ev\":\"accepted\",\"id\":\"119ee3f0-d2f0-4661-bec8-6e202507e802\",\"t\":1791214642932}","source":"console","time":"2026-10-05T15:37:22Z"}
{"level":"info","msg":"{\"ev\":\"accepted\",\"id\":\"bf92be80-974f-46cd-bcc1-c6f303501387\",\"t\":1791214642998}","source":"console","time":"2026-10-05T15:37:22Z"}
{"level":"info","msg":"{\"ev\":\"accepted\",\"id\":\"125d0e8b-93b0-450c-a13f-7df6f2881c15\",\"t\":1791214643088}","source":"console","time":"2026-10-05T15:37:23Z"}
{"level":"info","msg":"{\"ev\":\"accepted\",\"id\":\"f6f38f59-dc6b-480a-a200-57679a04b37b\",\"t\":1791214643166}","source":"console","time":"2026-10-05T15:37:23Z"}
{"level":"info","msg":"{\"ev\":\"accepted\",\"id\":\"f70da607-09e3-4460-80ed-6666289843cc\",\"t\":1791214643253}","source":"console","time":"2026-10-05T15:37:23Z"}
{"level":"info","msg":"{\"ev\":\"accepted\",\"id\":\"2d48d6af-1e98-43aa-82ce-1ddc0f85cd00\",\"t\":1791214643332}","source":"console","time":"2026-10-05T15:37:23Z"}
{"level":"info","msg":"{\"ev\":\"accepted\",\"id\":\"3c33a114-fce2-4879-8756-b956b9691a9e\",\"t\":1791214643415}","source":"console","time":"2026-10-05T15:37:23Z"}
{"level":"info","msg":"{\"ev\":\"accepted\",\"id\":\"899c66f9-aaa2-4c88-b202-a81feeec4fe3\",\"t\":1791214643501}","source":"console","time":"2026-10-05T15:37:23Z"}
{"level":"info","msg":"{\"ev\":\"accepted\",\"id\":\"d86a30c9-9104-4885-a014-301a270e21f6\",\"t\":1791214643584}","source":"console","time":"2026-10-05T15:37:23Z"}
{"level":"info","msg":"{\"ev\":\"accepted\",\"id\":\"1273d17a-1f54-4561-85e3-b5feb6ea660b\",\"t\":1791214643668}","source":"console","time":"2026-10-05T15:37:23Z"}
{"level":"info","msg":"{\"ev\":\"accepted\",\"id\":\"9ede565d-605d-4ff1-be09-4187ab6ffcf0\",\"t\":1791214643752}","source":"console","time":"2026-10-05T15:37:23Z"}
{"level":"info","msg":"{\"ev\":\"accepted\",\"id\":\"aa5825ff-938f-463a-80a6-9d345c1b6432\",\"t\":1791214643831}","source":"console","time":"2026-10-05T15:37:23Z"}
{"level":"info","msg":"{\"ev\":\"accepted\",\"id\":\"31ca8f33-fe35-47e8-89fa-85778821a1af\",\"t\":1791214643917}","source":"console","time":"2026-10-05T15:37:23Z"}
{"level":"info","msg":"{\"ev\":\"accepted\",\"id\":\"33b9ff24-ac4c-4862-b8f9-b5c39c40bf72\",\"t\":1791214643996}","source":"console","time":"2026-10-05T15:37:23Z"}
{"level":"info","msg":"{\"ev\":\"accepted\",\"id\":\"a483fb18-411c-4878-b766-09c05ffae9cb\",\"t\":1791214644087}","source":"console","time":"2026-10-05T15:37:24Z"}
{"level":"info","msg":"{\"ev\":\"accepted\",\"id\":\"3b2ee014-00f3-4093-8b03-ac2a94b1ecef\",\"t\":1791214644163}","source":"console","time":"2026-10-05T15:37:24Z"}
{"level":"info","msg":"{\"ev\":\"accepted\",\"id\":\"b8b2b420-6da2-4f7b-9793-ff4a8c4bb397\",\"t\":1791214644251}","source":"console","time":"2026-10-05T15:37:24Z"}
{"level":"info","msg":"{\"ev\":\"accepted\",\"id\":\"65185fd7-d452-491e-a675-15b3a8752795\",\"t\":1791214644334}","source":"console","time":"2026-10-05T15:37:24Z"}
{"level":"info","msg":"{\"ev\":\"accepted\",\"id\":\"17584096-8d02-4784-bbb9-d46b4686b21a\",\"t\":1791214644425}","source":"console","time":"2026-10-05T15:37:24Z"}
{"level":"info","msg":"{\"ev\":\"accepted\",\"id\":\"b6ff48f4-66d5-4975-bd76-9b15479433ad\",\"t\":1791214644502}","source":"console","time":"2026-10-05T15:37:24Z"}
{"level":"info","msg":"{\"ev\":\"accepted\",\"id\":\"4b305b6d-88d9-4be8-936f-d455a11415b9\",\"t\":1791214644590}","source":"console","time":"2026-10-05T15:37:24Z"}
{"level":"info","msg":"{\"ev\":\"accepted\",\"id\":\"16e1f327-74d2-43cb-9d38-cc59aec37613\",\"t\":1791214644676}","source":"console","time":"2026-10-05T15:37:24Z"}
{"level":"info","msg":"{\"ev\":\"accepted\",\"id\":\"700b0466-d59b-42f9-a4ea-02d22a342b33\",\"t\":1791214644751}","source":"console","time":"2026-10-05T15:37:24Z"}
{"level":"info","msg":"{\"ev\":\"accepted\",\"id\":\"0711fe8b-f4dd-4b4b-b13f-a019f853c93e\",\"t\":1791214644829}","source":"console","time":"2026-10-05T15:37:24Z"}
{"level":"info","msg":"{\"ev\":\"accepted\",\"id\":\"f1ebd617-2572-4bd9-8f87-c896c9cbc877\",\"t\":1791214644916}","source":"console","time":"2026-10-05T15:37:24Z"}
{"level":"info","msg":"{\"ev\":\"accepted\",\"id\":\"9593468e-b9a4-4dae-9602-64ff95112aa0\",\"t\":1791214644994}","source":"console","time":"2026-10-05T15:37:24Z"}
{"level":"info","msg":"{\"ev\":\"accepted\",\"id\":\"e25362af-6bcd-468a-96f7-5bdf694df449\",\"t\":1791214645081}","source":"console","time":"2026-10-05T15:37:25Z"}
{"level":"info","msg":"{\"ev\":\"accepted\",\"id\":\"25ba1220-2091-4cb9-a943-752d737fd936\",\"t\":1791214645165}","source":"console","time":"2026-10-05T15:37:25Z"}
{"level":"info","msg":"{\"ev\":\"accepted\",\"id\":\"1ffd37d4-5030-4a56-9874-7899c544f564\",\"t\":1791214645244}","source":"console","time":"2026-10-05T15:37:25Z"}
{"level":"info","msg":"{\"ev\":\"accepted\",\"id\":\"f8229ba4-f91c-4aa4-83e0-fa1248db6ec9\",\"t\":1791214645331}","source":"console","time":"2026-10-05T15:37:25Z"}
{"level":"info","msg":"{\"ev\":\"accepted\",\"id\":\"dfd89b9e-e1f2-40a3-8ef1-66048c83a4ac\",\"t\":1791214645407}","source":"console","time":"2026-10-05T15:37:25Z"}
{"level":"info","msg":"{\"ev\":\"accepted\",\"id\":\"c3a5cdc5-b724-49c1-b511-28eb7b64dbdc\",\"t\":1791214645493}","source":"console","time":"2026-10-05T15:37:25Z"}
{"level":"info","msg":"{\"ev\":\"accepted\",\"id\":\"b9a025fb-82d9-49c3-8931-2b5594b56956\",\"t\":1791214645577}","source":"console","time":"2026-10-05T15:37:25Z"}
{"level":"info","msg":"{\"ev\":\"accepted\",\"id\":\"031ae0e5-76cc-4bfa-bae2-467e3342838f\",\"t\":1791214645663}","source":"console","time":"2026-10-05T15:37:25Z"}
{"level":"info","msg":"{\"ev\":\"accepted\",\"id\":\"463db8ef-28af-4765-a62c-0e8e0e36bee5\",\"t\":1791214645750}","source":"console","time":"2026-10-05T15:37:25Z"}
{"level":"info","msg":"{\"ev\":\"accepted\",\"id\":\"22682c0d-bddd-4af8-be41-c115129fe581\",\"t\":1791214645831}","source":"console","time":"2026-10-05T15:37:25Z"}
{"level":"info","msg":"{\"ev\":\"accepted\",\"id\":\"d7c447ef-1edf-44d5-9164-38c98893b6eb\",\"t\":1791214645920}","source":"console","time":"2026-10-05T15:37:25Z"}
{"level":"info","msg":"{\"ev\":\"accepted\",\"id\":\"dc386006-5c71-477d-8421-4699f7717bfd\",\"t\":1791214646000}","source":"console","time":"2026-10-05T15:37:26Z"}
{"level":"info","msg":"{\"ev\":\"accepted\",\"id\":\"0bd0cf53-1c2b-4111-a44d-c8f49b5e2f3c\",\"t\":1791214646088}","source":"console","time":"2026-10-05T15:37:26Z"}
{"level":"info","msg":"{\"ev\":\"accepted\",\"id\":\"82537678-768c-400b-97f9-106b944890b8\",\"t\":1791214646163}","source":"console","time":"2026-10-05T15:37:26Z"}
{"level":"info","msg":"{\"ev\":\"accepted\",\"id\":\"1b953b09-21c7-407d-9829-3f35231999c6\",\"t\":1791214646253}","source":"console","time":"2026-10-05T15:37:26Z"}
{"level":"info","msg":"{\"ev\":\"accepted\",\"id\":\"d5108e7c-b6cb-44ba-9f9f-a0084e6bb704\",\"t\":1791214646329}","source":"console","time":"2026-10-05T15:37:26Z"}
{"level":"info","msg":"{\"ev\":\"accepted\",\"id\":\"c8e9b1b3-69c0-4278-b659-e1676a7371fb\",\"t\":1791214646416}","source":"console","time":"2026-10-05T15:37:26Z"}
{"level":"info","msg":"{\"ev\":\"accepted\",\"id\":\"b15d3cf8-f32b-40a4-83a3-bd8ea05435ba\",\"t\":1791214646498}","source":"console","time":"2026-10-05T15:37:26Z"}
{"level":"info","msg":"{\"ev\":\"accepted\",\"id\":\"4c601710-d464-4cff-a3c0-afeb5144bcc7\",\"t\":1791214646580}","source":"console","time":"2026-10-05T15:37:26Z"}
{"level":"info","msg":"{\"ev\":\"accepted\",\"id\":\"ae87f07d-8ff4-40ce-a82d-f91287e83859\",\"t\":1791214646662}","source":"console","time":"2026-10-05T15:37:26Z"}
{"level":"info","msg":"{\"ev\":\"accepted\",\"id\":\"4fdbbea9-9242-4e1c-a1fe-a076b898f7a0\",\"t\":1791214646746}","source":"console","time":"2026-10-05T15:37:26Z"}
{"level":"info","msg":"{\"ev\":\"accepted\",\"id\":\"083f846c-1a87-4c56-8daf-3eb5aa39d974\",\"t\":1791214646838}","source":"console","time":"2026-10-05T15:37:26Z"}
{"level":"info","msg":"{\"ev\":\"accepted\",\"id\":\"8c0cdf0d-3586-433f-a042-33e415d6407b\",\"t\":1791214646911}","source":"console","time":"2026-10-05T15:37:26Z"}
{"level":"info","msg":"{\"ev\":\"accepted\",\"id\":\"8641e629-ed6f-421f-ba50-1a71b982915f\",\"t\":1791214646995}","source":"console","time":"2026-10-05T15:37:26Z"}
{"level":"info","msg":"{\"ev\":\"accepted\",\"id\":\"00878a1a-37a1-45de-9a9f-e1a44f0acedf\",\"t\":1791214647082}","source":"console","time":"2026-10-05T15:37:27Z"}
{"level":"info","msg":"{\"ev\":\"accepted\",\"id\":\"25eb1d55-8071-4426-9ae6-3b0a323dded0\",\"t\":1791214647163}","source":"console","time":"2026-10-05T15:37:27Z"}
{"level":"info","msg":"{\"ev\":\"accepted\",\"id\":\"b6efbe9b-b44f-4fff-b3ba-c045e5fdc2e1\",\"t\":1791214647248}","source":"console","time":"2026-10-05T15:37:27Z"}
{"level":"info","msg":"{\"ev\":\"accepted\",\"id\":\"c18764f8-392f-42db-86fa-8d88fedb7a02\",\"t\":1791214647330}","source":"console","time":"2026-10-05T15:37:27Z"}
{"level":"info","msg":"{\"ev\":\"accepted\",\"id\":\"90bc3b48-bd5e-46dc-baaa-a9473a3a4867\",\"t\":1791214647411}","source":"console","time":"2026-10-05T15:37:27Z"}
{"level":"info","msg":"{\"ev\":\"accepted\",\"id\":\"d6119adf-fd58-42e4-997d-8dc7911b6d0c\",\"t\":1791214647499}","source":"console","time":"2026-10-05T15:37:27Z"}
{"level":"info","msg":"{\"ev\":\"accepted\",\"id\":\"e6b71185-b8ce-493f-815e-52c2a11717b5\",\"t\":1791214647581}","source":"console","time":"2026-10-05T15:37:27Z"}
{"level":"info","msg":"{\"ev\":\"accepted\",\"id\":\"fdee6e7b-1541-4447-a3f2-536d9bcb9c3a\",\"t\":1791214647676}","source":"console","time":"2026-10-05T15:37:27Z"}
{"level":"info","msg":"{\"ev\":\"accepted\",\"id\":\"8d942a65-dac9-4e7f-a46c-8ee9667a7bbe\",\"t\":1791214647746}","source":"console","time":"2026-10-05T15:37:27Z"}
{"level":"info","msg":"{\"ev\":\"accepted\",\"id\":\"6bab4d2e-6854-4832-80f8-7a1b30ae22e8\",\"t\":1791214647839}","source":"console","time":"2026-10-05T15:37:27Z"}
{"level":"info","msg":"{\"ev\":\"accepted\",\"id\":\"8bb53052-3591-4b7b-8896-e7dfeb129fd5\",\"t\":1791214647914}","source":"console","time":"2026-10-05T15:37:27Z"}
{"level":"info","msg":"{\"ev\":\"accepted\",\"id\":\"1c09758a-ba6a-48ac-82cd-c609212b0bad\",\"t\":1791214647996}","source":"console","time":"2026-10-05T15:37:27Z"}
{"level":"info","msg":"{\"ev\":\"accepted\",\"id\":\"ca4c56d8-3e73-485e-bd40-3431f8988de8\",\"t\":1791214648080}","source":"console","time":"2026-10-05T15:37:28Z"}
{"level":"info","msg":"{\"ev\":\"accepted\",\"id\":\"58850578-9563-457a-90d1-4d7e10a99333\",\"t\":1791214648160}","source":"console","time":"2026-10-05T15:37:28Z"}
{"level":"info","msg":"{\"ev\":\"accepted\",\"id\":\"1819014a-8d6a-423e-b99e-44882beddeea\",\"t\":1791214648247}","source":"console","time":"2026-10-05T15:37:28Z"}
{"level":"info","msg":"{\"ev\":\"accepted\",\"id\":\"c903523f-ca8b-431c-bd41-6dc163c3cc91\",\"t\":1791214648332}","source":"console","time":"2026-10-05T15:37:28Z"}
{"level":"info","msg":"{\"ev\":\"accepted\",\"id\":\"c80ac474-5602-4880-9a69-d8ebfa934dcf\",\"t\":1791214648413}","source":"console","time":"2026-10-05T15:37:28Z"}
{"level":"info","msg":"{\"ev\":\"accepted\",\"id\":\"1ed4da34-7633-43f7-9f46-81b325cf71ad\",\"t\":1791214648498}","source":"console","time":"2026-10-05T15:37:28Z"}
{"level":"info","msg":"{\"ev\":\"accepted\",\"id\":\"36fcd311-c239-44f3-b3cd-eacb72264cb2\",\"t\":1791214648593}","source":"console","time":"2026-10-05T15:37:28Z"}
{"level":"info","msg":"{\"ev\":\"accepted\",\"id\":\"af619c43-f898-41a3-855c-5d0c5985ea9f\",\"t\":1791214648666}","source":"console","time":"2026-10-05T15:37:28Z"}
{"level":"info","msg":"{\"ev\":\"accepted\",\"id\":\"0fadced0-87db-41dd-bee9-e44929aa5436\",\"t\":1791214648752}","source":"console","time":"2026-10-05T15:37:28Z"}
{"level":"info","msg":"{\"ev\":\"accepted\",\"id\":\"6914f2ff-bf55-44b5-8571-1cd7e371b3e1\",\"t\":1791214648827}","source":"console","time":"2026-10-05T15:37:28Z"}
{"level":"info","msg":"{\"ev\":\"accepted\",\"id\":\"451ba602-3d16-4945-b408-6f4734b779c5\",\"t\":1791214648915}","source":"console","time":"2026-10-05T15:37:28Z"}
{"level":"info","msg":"{\"ev\":\"accepted\",\"id\":\"376a9d79-84bf-4dd7-a2b4-e995564cc1b8\",\"t\":1791214648998}","source":"console","time":"2026-10-05T15:37:28Z"}
{"level":"info","msg":"{\"ev\":\"accepted\",\"id\":\"85dcd8d4-1e2c-41d4-ac50-ac4dc022c2ed\",\"t\":1791214649084}","source":"console","time":"2026-10-05T15:37:29Z"}
{"level":"info","msg":"{\"ev\":\"accepted\",\"id\":\"fae3a8c2-3580-4ddc-80d1-8afae1948c09\",\"t\":1791214649161}","source":"console","time":"2026-10-05T15:37:29Z"}
{"level":"info","msg":"{\"ev\":\"accepted\",\"id\":\"f219e802-ac8d-4bf7-840b-70db6eda3cfa\",\"t\":1791214649247}","source":"console","time":"2026-10-05T15:37:29Z"}
{"level":"info","msg":"{\"ev\":\"accepted\",\"id\":\"3e8d8c3a-3384-440f-84ee-a13d5966f3d5\",\"t\":1791214649337}","source":"console","time":"2026-10-05T15:37:29Z"}
{"level":"info","msg":"{\"ev\":\"accepted\",\"id\":\"54e2a9f8-04f9-4d92-8ac8-ab3f79bdc587\",\"t\":1791214649421}","source":"console","time":"2026-10-05T15:37:29Z"}
{"level":"info","msg":"{\"ev\":\"accepted\",\"id\":\"90e60fce-471d-4766-84a5-182ac1d8e2e1\",\"t\":1791214649505}","source":"console","time":"2026-10-05T15:37:29Z"}
{"level":"info","msg":"{\"ev\":\"accepted\",\"id\":\"91cfa8bb-b3c9-43bd-b869-981a4e5dfca6\",\"t\":1791214649585}","source":"console","time":"2026-10-05T15:37:29Z"}
{"level":"info","msg":"{\"ev\":\"accepted\",\"id\":\"22858d92-7b2b-40dc-bb73-99dcc8c21c63\",\"t\":1791214649671}","source":"console","time":"2026-10-05T15:37:29Z"}
{"level":"info","msg":"{\"ev\":\"accepted\",\"id\":\"29362e1e-90e8-4977-8d48-bdc2f3fa13cf\",\"t\":1791214649756}","source":"console","time":"2026-10-05T15:37:29Z"}
{"level":"info","msg":"{\"ev\":\"accepted\",\"id\":\"b0b8345f-2776-47c0-afb5-f3d7db032fbc\",\"t\":1791214649831}","source":"console","time":"2026-10-05T15:37:29Z"}
{"level":"info","msg":"{\"ev\":\"accepted\",\"id\":\"1c7abc76-95cf-4d5e-a083-67277d49f854\",\"t\":1791214649913}","source":"console","time":"2026-10-05T15:37:29Z"}
{"level":"info","msg":"{\"ev\":\"accepted\",\"id\":\"48dedf31-9b89-4e74-a43f-71da33f7aafa\",\"t\":1791214649997}","source":"console","time":"2026-10-05T15:37:29Z"}
{"level":"info","msg":"{\"ev\":\"accepted\",\"id\":\"f3d713fd-a54f-4d02-860a-6a1d886ccc6f\",\"t\":1791214650092}","source":"console","time":"2026-10-05T15:37:30Z"}
{"level":"info","msg":"{\"ev\":\"accepted\",\"id\":\"2aa721f9-8488-440e-a0f3-1947b4185243\",\"t\":1791214650163}","source":"console","time":"2026-10-05T15:37:30Z"}
{"level":"info","msg":"{\"ev\":\"accepted\",\"id\":\"1efbde69-3b6b-4864-b445-8e88ee7719a8\",\"t\":1791214650248}","source":"console","time":"2026-10-05T15:37:30Z"}
{"level":"info","msg":"{\"ev\":\"accepted\",\"id\":\"d2ea3e97-c601-4f05-9c0b-74250fdeafbd\",\"t\":1791214650329}","source":"console","time":"2026-10-05T15:37:30Z"}
{"level":"info","msg":"{\"ev\":\"accepted\",\"id\":\"fc3b7da6-8b03-4258-a905-88e6d04ac8aa\",\"t\":1791214650418}","source":"console","time":"2026-10-05T15:37:30Z"}
{"level":"info","msg":"{\"ev\":\"accepted\",\"id\":\"712219b8-40bb-4a80-af6f-cc40628d0ca0\",\"t\":1791214650504}","source":"console","time":"2026-10-05T15:37:30Z"}
{"level":"info","msg":"{\"ev\":\"accepted\",\"id\":\"8102e8ca-f405-468e-8ae5-d14d7eb5748e\",\"t\":1791214650583}","source":"console","time":"2026-10-05T15:37:30Z"}
{"level":"info","msg":"{\"ev\":\"accepted\",\"id\":\"1ec1c6ef-9eaf-41e6-bb47-be11f6dec7c0\",\"t\":1791214650672}","source":"console","time":"2026-10-05T15:37:30Z"}
{"level":"info","msg":"{\"ev\":\"accepted\",\"id\":\"8f08254d-e21f-4682-8345-308dd46f8ccd\",\"t\":1791214650753}","source":"console","time":"2026-10-05T15:37:30Z"}
{"level":"info","msg":"{\"ev\":\"accepted\",\"id\":\"68e39daa-2ab6-4391-99be-3a966fac4855\",\"t\":1791214650832}","source":"console","time":"2026-10-05T15:37:30Z"}
{"level":"info","msg":"{\"ev\":\"accepted\",\"id\":\"8e8ffc11-fb46-4b74-bd35-7818d029fceb\",\"t\":1791214650919}","source":"console","time":"2026-10-05T15:37:30Z"}
{"level":"info","msg":"{\"ev\":\"accepted\",\"id\":\"c2dde79e-1490-4b6e-973c-00f9e9cc744d\",\"t\":1791214650997}","source":"console","time":"2026-10-05T15:37:30Z"}
{"level":"info","msg":"{\"ev\":\"accepted\",\"id\":\"c3e79164-2461-4673-a6fe-876792e97fef\",\"t\":1791214651085}","source":"console","time":"2026-10-05T15:37:31Z"}
{"level":"info","msg":"{\"ev\":\"accepted\",\"id\":\"a05249e3-d828-4ad1-bacf-b50c0924054a\",\"t\":1791214651167}","source":"console","time":"2026-10-05T15:37:31Z"}
{"level":"info","msg":"{\"ev\":\"accepted\",\"id\":\"9f167c71-bc88-4f9b-83b8-619755108c41\",\"t\":1791214651248}","source":"console","time":"2026-10-05T15:37:31Z"}
{"level":"info","msg":"{\"ev\":\"accepted\",\"id\":\"55258c86-f196-486b-8c91-e75c5a9771dd\",\"t\":1791214651329}","source":"console","time":"2026-10-05T15:37:31Z"}
{"level":"info","msg":"{\"ev\":\"accepted\",\"id\":\"6af610f1-1e2c-4f2d-883f-c4acaa1eabbf\",\"t\":1791214651412}","source":"console","time":"2026-10-05T15:37:31Z"}
{"level":"info","msg":"{\"ev\":\"accepted\",\"id\":\"139427d4-6131-47e5-bc8f-c0ea09988549\",\"t\":1791214651495}","source":"console","time":"2026-10-05T15:37:31Z"}
{"level":"info","msg":"{\"ev\":\"accepted\",\"id\":\"9f715884-de02-4750-9f75-9ee04e81fe84\",\"t\":1791214651606}","source":"console","time":"2026-10-05T15:37:31Z"}
{"level":"info","msg":"{\"ev\":\"accepted\",\"id\":\"84b222ea-64cf-4689-9b1a-d6519f9aae22\",\"t\":1791214651660}","source":"console","time":"2026-10-05T15:37:31Z"}
{"level":"info","msg":"{\"ev\":\"accepted\",\"id\":\"2b602478-8c25-4ec4-8402-79206269e502\",\"t\":1791214651747}","source":"console","time":"2026-10-05T15:37:31Z"}
{"level":"info","msg":"{\"ev\":\"accepted\",\"id\":\"f1d75630-78ac-427c-be63-d2a52b77571d\",\"t\":1791214651860}","source":"console","time":"2026-10-05T15:37:31Z"}
{"level":"info","msg":"{\"ev\":\"accepted\",\"id\":\"cb6dbe4d-cab8-44f6-9b1e-6dcfa3d1025d\",\"t\":1791214651926}","source":"console","time":"2026-10-05T15:37:31Z"}
{"level":"info","msg":"{\"ev\":\"accepted\",\"id\":\"8fd99aa3-f164-4e4a-84b8-43150b60d992\",\"t\":1791214651996}","source":"console","time":"2026-10-05T15:37:31Z"}
{"level":"info","msg":"{\"ev\":\"accepted\",\"id\":\"b12c159f-e241-4897-870b-b525a0ce3363\",\"t\":1791214652082}","source":"console","time":"2026-10-05T15:37:32Z"}
{"level":"info","msg":"{\"ev\":\"accepted\",\"id\":\"f3f79352-28c9-4202-967d-5a5875213923\",\"t\":1791214652164}","source":"console","time":"2026-10-05T15:37:32Z"}
{"level":"info","msg":"{\"ev\":\"accepted\",\"id\":\"2ea53714-c268-4675-9a8c-81e83773d487\",\"t\":1791214652263}","source":"console","time":"2026-10-05T15:37:32Z"}
{"level":"info","msg":"{\"ev\":\"accepted\",\"id\":\"9e62f0d3-f0a2-426d-be5b-8037e80a8480\",\"t\":1791214652331}","source":"console","time":"2026-10-05T15:37:32Z"}
{"level":"info","msg":"{\"ev\":\"accepted\",\"id\":\"074c144c-49a6-4a22-a80a-97a5f97995d8\",\"t\":1791214652418}","source":"console","time":"2026-10-05T15:37:32Z"}
{"level":"info","msg":"{\"ev\":\"accepted\",\"id\":\"bc135d2e-d372-41e6-a91d-d1bbe5d17b84\",\"t\":1791214652506}","source":"console","time":"2026-10-05T15:37:32Z"}
{"level":"info","msg":"{\"ev\":\"accepted\",\"id\":\"54cb898d-6858-44c9-b8ab-f3bc088fb052\",\"t\":1791214652586}","source":"console","time":"2026-10-05T15:37:32Z"}
{"level":"info","msg":"{\"ev\":\"accepted\",\"id\":\"3c9657e5-b01b-454a-9dba-6c739972ea5a\",\"t\":1791214652665}","source":"console","time":"2026-10-05T15:37:32Z"}
{"level":"info","msg":"{\"ev\":\"accepted\",\"id\":\"d263bf09-b17b-4fd6-bdc1-694d6f242e75\",\"t\":1791214652751}","source":"console","time":"2026-10-05T15:37:32Z"}
{"level":"info","msg":"{\"ev\":\"accepted\",\"id\":\"03c7eada-7243-4a41-89b5-ef8e4460751b\",\"t\":1791214652835}","source":"console","time":"2026-10-05T15:37:32Z"}
{"level":"info","msg":"{\"ev\":\"accepted\",\"id\":\"ebfe9fe7-0748-47e6-bb2f-5e1d29343521\",\"t\":1791214652926}","source":"console","time":"2026-10-05T15:37:32Z"}
{"level":"info","msg":"{\"ev\":\"accepted\",\"id\":\"93578ff3-b090-49ad-b2d6-307cccb22e47\",\"t\":1791214653009}","source":"console","time":"2026-10-05T15:37:33Z"}
{"level":"info","msg":"{\"ev\":\"accepted\",\"id\":\"c13d58f5-80e4-421c-ab27-7228aff26918\",\"t\":1791214653098}","source":"console","time":"2026-10-05T15:37:33Z"}
{"level":"info","msg":"{\"ev\":\"accepted\",\"id\":\"2d363d12-a1b4-45d6-b123-729b293ab8d2\",\"t\":1791214653181}","source":"console","time":"2026-10-05T15:37:33Z"}
{"level":"info","msg":"{\"ev\":\"accepted\",\"id\":\"a1767e3a-8b28-4e2b-ace7-1ae3b66cbe26\",\"t\":1791214653254}","source":"console","time":"2026-10-05T15:37:33Z"}
{"level":"info","msg":"{\"ev\":\"accepted\",\"id\":\"45e36627-663e-417a-bed4-db8220edb96b\",\"t\":1791214653345}","source":"console","time":"2026-10-05T15:37:33Z"}
{"level":"info","msg":"{\"ev\":\"accepted\",\"id\":\"b0acdd10-0f14-4381-bc9b-fd4249926be5\",\"t\":1791214653421}","source":"console","time":"2026-10-05T15:37:33Z"}
{"level":"info","msg":"{\"ev\":\"accepted\",\"id\":\"a6677a9f-82fa-4c71-99da-7f9323eeb9a3\",\"t\":1791214653498}","source":"console","time":"2026-10-05T15:37:33Z"}
{"level":"info","msg":"{\"ev\":\"accepted\",\"id\":\"9da408ef-7cef-477b-a695-f0361b2f9b2a\",\"t\":1791214653584}","source":"console","time":"2026-10-05T15:37:33Z"}
{"level":"info","msg":"{\"ev\":\"accepted\",\"id\":\"5fbbb124-a036-4aa3-b0ed-8634b79307a3\",\"t\":1791214653664}","source":"console","time":"2026-10-05T15:37:33Z"}
{"level":"info","msg":"{\"ev\":\"accepted\",\"id\":\"970acc52-0af3-425e-9754-7facb5c9ab41\",\"t\":1791214653752}","source":"console","time":"2026-10-05T15:37:33Z"}
{"level":"info","msg":"{\"ev\":\"accepted\",\"id\":\"d7ad48a2-4142-44d2-80e1-8a9aa990ec15\",\"t\":1791214653834}","source":"console","time":"2026-10-05T15:37:33Z"}
{"level":"info","msg":"{\"ev\":\"accepted\",\"id\":\"b3ce641a-8696-41f0-b8a8-5b42ce1d650e\",\"t\":1791214653925}","source":"console","time":"2026-10-05T15:37:33Z"}
{"level":"info","msg":"{\"ev\":\"accepted\",\"id\":\"b1394451-e88a-47b0-8555-6cdb1bca946c\",\"t\":1791214654005}","source":"console","time":"2026-10-05T15:37:34Z"}
{"level":"info","msg":"{\"ev\":\"accepted\",\"id\":\"9cc2a8b3-2972-4584-a161-d6fcc51cafc3\",\"t\":1791214654086}","source":"console","time":"2026-10-05T15:37:34Z"}
{"level":"info","msg":"{\"ev\":\"accepted\",\"id\":\"5642d1f2-ce53-4971-9964-4fe1c490284f\",\"t\":1791214654168}","source":"console","time":"2026-10-05T15:37:34Z"}
{"level":"info","msg":"{\"ev\":\"accepted\",\"id\":\"7418677e-b676-4ad7-8915-cd90be070a7f\",\"t\":1791214654255}","source":"console","time":"2026-10-05T15:37:34Z"}
{"level":"info","msg":"{\"ev\":\"accepted\",\"id\":\"c2195a49-a271-4fd0-a60e-cdb1bcd5b988\",\"t\":1791214654333}","source":"console","time":"2026-10-05T15:37:34Z"}
{"level":"info","msg":"{\"ev\":\"accepted\",\"id\":\"489e76ec-6c8e-4897-b034-5dc80809ac12\",\"t\":1791214654412}","source":"console","time":"2026-10-05T15:37:34Z"}
{"level":"info","msg":"{\"ev\":\"accepted\",\"id\":\"02fb81af-4cc5-46b4-97fd-098ddb20bb8b\",\"t\":1791214654498}","source":"console","time":"2026-10-05T15:37:34Z"}
{"level":"info","msg":"{\"ev\":\"accepted\",\"id\":\"c72a61ac-0a67-4454-9cad-c85e4b4d4035\",\"t\":1791214654582}","source":"console","time":"2026-10-05T15:37:34Z"}
{"level":"info","msg":"{\"ev\":\"accepted\",\"id\":\"45ff82fe-70c2-437e-859f-01a1d448917a\",\"t\":1791214654669}","source":"console","time":"2026-10-05T15:37:34Z"}
{"level":"info","msg":"{\"ev\":\"accepted\",\"id\":\"e5d742fb-5479-485e-b23d-968a11983b2f\",\"t\":1791214654760}","source":"console","time":"2026-10-05T15:37:34Z"}
{"level":"info","msg":"{\"ev\":\"accepted\",\"id\":\"64914bc7-7cd0-4ee3-832b-5b4cdda08da5\",\"t\":1791214654866}","source":"console","time":"2026-10-05T15:37:34Z"}
{"level":"info","msg":"{\"ev\":\"accepted\",\"id\":\"210e789c-7b44-4607-ad8c-b23f64eaecb1\",\"t\":1791214654915}","source":"console","time":"2026-10-05T15:37:34Z"}
{"level":"info","msg":"{\"ev\":\"accepted\",\"id\":\"04bffa7f-07bd-4178-88f2-2603e96e1ff0\",\"t\":1791214655002}","source":"console","time":"2026-10-05T15:37:35Z"}
{"level":"info","msg":"{\"ev\":\"accepted\",\"id\":\"2bed0c31-3302-4915-b20e-afd60c50c80c\",\"t\":1791214655092}","source":"console","time":"2026-10-05T15:37:35Z"}
{"level":"info","msg":"{\"ev\":\"accepted\",\"id\":\"58f2b4b4-72d7-4cc0-99b2-de1d96bea79b\",\"t\":1791214655179}","source":"console","time":"2026-10-05T15:37:35Z"}
{"level":"info","msg":"{\"ev\":\"accepted\",\"id\":\"53b6201b-f1cd-41a6-ab68-0544fa7d981d\",\"t\":1791214655261}","source":"console","time":"2026-10-05T15:37:35Z"}
{"level":"info","msg":"{\"ev\":\"accepted\",\"id\":\"8a0f3a0b-c051-4412-92b7-d7be4c322112\",\"t\":1791214655336}","source":"console","time":"2026-10-05T15:37:35Z"}
{"level":"info","msg":"{\"ev\":\"accepted\",\"id\":\"3aabe6cd-be2e-4269-b866-fe5cea723132\",\"t\":1791214655411}","source":"console","time":"2026-10-05T15:37:35Z"}
{"level":"info","msg":"{\"ev\":\"accepted\",\"id\":\"fa5affda-f470-4431-ae8f-2cae31d13fde\",\"t\":1791214655510}","source":"console","time":"2026-10-05T15:37:35Z"}
{"level":"info","msg":"{\"ev\":\"accepted\",\"id\":\"9459d6aa-6afe-4672-b457-b206031f41dc\",\"t\":1791214655583}","source":"console","time":"2026-10-05T15:37:35Z"}
{"level":"info","msg":"{\"ev\":\"accepted\",\"id\":\"a602857c-b478-435d-bb61-9c4566e2b697\",\"t\":1791214655665}","source":"console","time":"2026-10-05T15:37:35Z"}
{"level":"info","msg":"{\"ev\":\"accepted\",\"id\":\"ba6d29e8-bc61-4a80-a276-bd29d3610522\",\"t\":1791214655766}","source":"console","time":"2026-10-05T15:37:35Z"}
{"level":"info","msg":"{\"ev\":\"accepted\",\"id\":\"7ece884b-b4ed-4bbc-892c-ea4ce8e14c7f\",\"t\":1791214655839}","source":"console","time":"2026-10-05T15:37:35Z"}
{"level":"info","msg":"{\"ev\":\"accepted\",\"id\":\"747ce001-2560-4ada-b4eb-d4df1978aa43\",\"t\":1791214655915}","source":"console","time":"2026-10-05T15:37:35Z"}
{"level":"info","msg":"{\"ev\":\"accepted\",\"id\":\"4cba3824-d607-46b0-879f-8314d9cf7e44\",\"t\":1791214655994}","source":"console","time":"2026-10-05T15:37:35Z"}
{"level":"info","msg":"{\"ev\":\"accepted\",\"id\":\"67a2c718-7b4e-4946-84c8-fb6214ec4955\",\"t\":1791214656083}","source":"console","time":"2026-10-05T15:37:36Z"}
{"level":"info","msg":"{\"ev\":\"accepted\",\"id\":\"05f8324c-68e1-44dc-a55c-d5b06e835cb0\",\"t\":1791214656165}","source":"console","time":"2026-10-05T15:37:36Z"}
{"level":"info","msg":"{\"ev\":\"accepted\",\"id\":\"5000432c-b24c-46c9-aac1-a1aebaabaf89\",\"t\":1791214656257}","source":"console","time":"2026-10-05T15:37:36Z"}
{"level":"info","msg":"{\"ev\":\"accepted\",\"id\":\"23cf5a60-b0ef-4d63-98b5-f60af7bd06e4\",\"t\":1791214656338}","source":"console","time":"2026-10-05T15:37:36Z"}
{"level":"info","msg":"{\"ev\":\"accepted\",\"id\":\"118de46d-969d-4685-ad3d-0f135679a4be\",\"t\":1791214656412}","source":"console","time":"2026-10-05T15:37:36Z"}
{"level":"info","msg":"{\"ev\":\"accepted\",\"id\":\"5e6dd072-d385-49f2-8ecf-3a14d300351f\",\"t\":1791214656495}","source":"console","time":"2026-10-05T15:37:36Z"}
{"level":"info","msg":"{\"ev\":\"accepted\",\"id\":\"e2e31eee-8f59-48fa-ac9f-e4e4a77da3bb\",\"t\":1791214656583}","source":"console","time":"2026-10-05T15:37:36Z"}
{"level":"info","msg":"{\"ev\":\"accepted\",\"id\":\"32e9427a-737c-4f47-b3ff-a2e33b452024\",\"t\":1791214656661}","source":"console","time":"2026-10-05T15:37:36Z"}
{"level":"info","msg":"{\"ev\":\"accepted\",\"id\":\"ac42d2d2-0db3-4045-bb27-2b863c298e7b\",\"t\":1791214656745}","source":"console","time":"2026-10-05T15:37:36Z"}
{"level":"info","msg":"{\"ev\":\"accepted\",\"id\":\"1be5a1c2-93b5-4132-bb04-f34c8381380d\",\"t\":1791214656825}","source":"console","time":"2026-10-05T15:37:36Z"}
{"level":"info","msg":"{\"ev\":\"accepted\",\"id\":\"2dbbee8f-65b4-45f7-95f7-e3f6739c07dc\",\"t\":1791214656908}","source":"console","time":"2026-10-05T15:37:36Z"}
{"level":"info","msg":"{\"ev\":\"accepted\",\"id\":\"042ea27e-b3fa-4ebd-8c7e-ad5f2acc9e18\",\"t\":1791214656998}","source":"console","time":"2026-10-05T15:37:36Z"}
{"level":"info","msg":"{\"ev\":\"accepted\",\"id\":\"5747a4b7-56d2-442e-a659-2e6741af7eb9\",\"t\":1791214657081}","source":"console","time":"2026-10-05T15:37:37Z"}
{"level":"info","msg":"{\"ev\":\"accepted\",\"id\":\"b34f27d7-c0da-4f7c-88f9-203d4f58e004\",\"t\":1791214657165}","source":"console","time":"2026-10-05T15:37:37Z"}
{"level":"info","msg":"{\"ev\":\"accepted\",\"id\":\"2be7e292-458a-41e2-a4c9-2fa98574f0ec\",\"t\":1791214657247}","source":"console","time":"2026-10-05T15:37:37Z"}
{"level":"info","msg":"{\"ev\":\"accepted\",\"id\":\"f9c0434e-0e00-4970-9619-f1a0959ccfac\",\"t\":1791214657340}","source":"console","time":"2026-10-05T15:37:37Z"}
{"level":"info","msg":"{\"ev\":\"accepted\",\"id\":\"0e6088d8-0f70-45a1-94ad-86100c06b8da\",\"t\":1791214657421}","source":"console","time":"2026-10-05T15:37:37Z"}
{"level":"info","msg":"{\"ev\":\"accepted\",\"id\":\"9e493d31-3e5e-4348-93c4-57bf20a526ad\",\"t\":1791214657505}","source":"console","time":"2026-10-05T15:37:37Z"}
{"level":"info","msg":"{\"ev\":\"accepted\",\"id\":\"fd575b0f-9358-405d-9517-2bfcb0184ff5\",\"t\":1791214657590}","source":"console","time":"2026-10-05T15:37:37Z"}
{"level":"info","msg":"{\"ev\":\"accepted\",\"id\":\"490faf71-f5d4-48b2-8156-2c853fd14628\",\"t\":1791214657677}","source":"console","time":"2026-10-05T15:37:37Z"}
{"level":"info","msg":"{\"ev\":\"accepted\",\"id\":\"a7c88a7c-745f-40bb-b81d-6ddf82d4e8cb\",\"t\":1791214657760}","source":"console","time":"2026-10-05T15:37:37Z"}
{"level":"info","msg":"{\"ev\":\"accepted\",\"id\":\"2848cea8-25c4-4b15-a767-dd7c8b75e8fd\",\"t\":1791214657836}","source":"console","time":"2026-10-05T15:37:37Z"}
{"level":"info","msg":"{\"ev\":\"accepted\",\"id\":\"560f2c01-453d-40f5-a4e3-2beda59491c1\",\"t\":1791214657921}","source":"console","time":"2026-10-05T15:37:37Z"}
{"level":"info","msg":"{\"ev\":\"accepted\",\"id\":\"a5d85106-7eae-4722-9770-b7a75e9b3f80\",\"t\":1791214657999}","source":"console","time":"2026-10-05T15:37:37Z"}
{"level":"info","msg":"{\"ev\":\"accepted\",\"id\":\"6b55402f-b16f-40af-b6ea-844cc2cde7cb\",\"t\":1791214658080}","source":"console","time":"2026-10-05T15:37:38Z"}
{"level":"info","msg":"{\"ev\":\"accepted\",\"id\":\"c332169f-2b7f-4c47-a4f6-c763f5980d20\",\"t\":1791214658166}","source":"console","time":"2026-10-05T15:37:38Z"}
{"level":"info","msg":"{\"ev\":\"accepted\",\"id\":\"847f4491-80ec-497c-8739-0e84a1294c94\",\"t\":1791214658245}","source":"console","time":"2026-10-05T15:37:38Z"}
{"level":"info","msg":"{\"ev\":\"accepted\",\"id\":\"97790051-48df-47b4-9453-42f038d68313\",\"t\":1791214658341}","source":"console","time":"2026-10-05T15:37:38Z"}
{"level":"info","msg":"{\"ev\":\"accepted\",\"id\":\"13004c5e-1f2d-4b27-8e2b-4d2cd5abb822\",\"t\":1791214658415}","source":"console","time":"2026-10-05T15:37:38Z"}
{"level":"info","msg":"{\"ev\":\"accepted\",\"id\":\"2431eee7-89dc-400b-9a4e-a890cf85c9e3\",\"t\":1791214658499}","source":"console","time":"2026-10-05T15:37:38Z"}
{"level":"info","msg":"{\"ev\":\"accepted\",\"id\":\"de710d57-cd0e-4f12-8c1d-35f4b2a99590\",\"t\":1791214658582}","source":"console","time":"2026-10-05T15:37:38Z"}
{"level":"info","msg":"{\"ev\":\"accepted\",\"id\":\"1fb32419-6bca-44b4-89b3-c9116bf7e9ac\",\"t\":1791214658666}","source":"console","time":"2026-10-05T15:37:38Z"}
{"level":"info","msg":"{\"ev\":\"accepted\",\"id\":\"0142eeda-a099-47fa-b1cf-99828a6dee8e\",\"t\":1791214658748}","source":"console","time":"2026-10-05T15:37:38Z"}
{"level":"info","msg":"{\"ev\":\"accepted\",\"id\":\"3e7d7965-e14c-4e14-a241-37a5619d89d9\",\"t\":1791214658838}","source":"console","time":"2026-10-05T15:37:38Z"}
{"level":"info","msg":"{\"ev\":\"accepted\",\"id\":\"afe9554d-4998-4799-91e1-9b988980fd98\",\"t\":1791214658913}","source":"console","time":"2026-10-05T15:37:38Z"}
{"level":"info","msg":"{\"ev\":\"accepted\",\"id\":\"8a1b02b0-bf05-4c75-b80d-739fac841b16\",\"t\":1791214658997}","source":"console","time":"2026-10-05T15:37:38Z"}
{"level":"info","msg":"{\"ev\":\"accepted\",\"id\":\"76f9d39e-94b3-4e70-8db0-7d719b6ca027\",\"t\":1791214659087}","source":"console","time":"2026-10-05T15:37:39Z"}
{"level":"info","msg":"{\"ev\":\"accepted\",\"id\":\"987d2303-5aaa-4226-b0e8-d21087dff969\",\"t\":1791214659171}","source":"console","time":"2026-10-05T15:37:39Z"}
{"level":"info","msg":"{\"ev\":\"accepted\",\"id\":\"714c9473-38d2-418e-9882-58bc557f089c\",\"t\":1791214659250}","source":"console","time":"2026-10-05T15:37:39Z"}
{"level":"info","msg":"{\"ev\":\"accepted\",\"id\":\"cb7d3394-ebab-476e-a555-08d93e01777d\",\"t\":1791214659338}","source":"console","time":"2026-10-05T15:37:39Z"}
{"level":"info","msg":"{\"ev\":\"accepted\",\"id\":\"76a1a767-dc1a-431e-a1cd-6211bc78f952\",\"t\":1791214659421}","source":"console","time":"2026-10-05T15:37:39Z"}
{"level":"info","msg":"{\"ev\":\"accepted\",\"id\":\"f2fe1941-2456-4a28-9564-8ea967bd38c8\",\"t\":1791214659499}","source":"console","time":"2026-10-05T15:37:39Z"}
{"level":"info","msg":"{\"ev\":\"accepted\",\"id\":\"d27f59bf-fa6c-43ed-b436-6a49537805bf\",\"t\":1791214659577}","source":"console","time":"2026-10-05T15:37:39Z"}
{"level":"info","msg":"{\"ev\":\"accepted\",\"id\":\"ebb74314-20e8-4d6e-8cfa-a5919105c266\",\"t\":1791214659662}","source":"console","time":"2026-10-05T15:37:39Z"}
{"level":"info","msg":"{\"ev\":\"accepted\",\"id\":\"d90579c0-b32e-4543-818e-09affcb29416\",\"t\":1791214659748}","source":"console","time":"2026-10-05T15:37:39Z"}
{"level":"info","msg":"{\"ev\":\"accepted\",\"id\":\"9a1ef18d-8c35-43a3-9b21-a301860e9b27\",\"t\":1791214659830}","source":"console","time":"2026-10-05T15:37:39Z"}
{"level":"info","msg":"{\"ev\":\"accepted\",\"id\":\"1540c76f-0d83-4c7f-b649-3782c14baca0\",\"t\":1791214659909}","source":"console","time":"2026-10-05T15:37:39Z"}
{"level":"info","msg":"{\"ev\":\"accepted\",\"id\":\"a042b4cd-4bcf-4a98-ae97-74b18b1718cf\",\"t\":1791214660001}","source":"console","time":"2026-10-05T15:37:40Z"}
{"level":"info","msg":"{\"ev\":\"accepted\",\"id\":\"372f3696-c0e7-4eed-a8ef-95ed2cb65798\",\"t\":1791214660082}","source":"console","time":"2026-10-05T15:37:40Z"}
{"level":"info","msg":"{\"ev\":\"accepted\",\"id\":\"c1a0e36b-4668-42d2-bdfd-63e8b1d2e2f9\",\"t\":1791214660163}","source":"console","time":"2026-10-05T15:37:40Z"}
{"level":"info","msg":"{\"ev\":\"accepted\",\"id\":\"cf4ced10-b0c5-4d66-8684-3a275e1fdedf\",\"t\":1791214660244}","source":"console","time":"2026-10-05T15:37:40Z"}
{"level":"info","msg":"{\"ev\":\"accepted\",\"id\":\"e254e56e-3b26-4dd6-80d8-4abdac576ce2\",\"t\":1791214660334}","source":"console","time":"2026-10-05T15:37:40Z"}
{"level":"info","msg":"{\"ev\":\"accepted\",\"id\":\"02795142-8e00-41bf-b302-568afb5ebf38\",\"t\":1791214660416}","source":"console","time":"2026-10-05T15:37:40Z"}
{"level":"info","msg":"{\"ev\":\"accepted\",\"id\":\"8d8a57ea-dce9-4524-a554-c97ac7eda6eb\",\"t\":1791214660502}","source":"console","time":"2026-10-05T15:37:40Z"}
{"level":"info","msg":"{\"ev\":\"accepted\",\"id\":\"d018c816-cf75-45f7-9245-e407e2f41b52\",\"t\":1791214660584}","source":"console","time":"2026-10-05T15:37:40Z"}
{"level":"info","msg":"{\"ev\":\"accepted\",\"id\":\"1e876823-7341-4adb-ba8e-d6bd09d9993f\",\"t\":1791214660668}","source":"console","time":"2026-10-05T15:37:40Z"}
{"level":"info","msg":"{\"ev\":\"accepted\",\"id\":\"bbfa1930-42c8-4ce9-bac8-027949fbe67b\",\"t\":1791214660747}","source":"console","time":"2026-10-05T15:37:40Z"}
{"level":"info","msg":"{\"ev\":\"accepted\",\"id\":\"2a3b715f-1ad6-40ce-9f73-b4e25ad750b9\",\"t\":1791214660829}","source":"console","time":"2026-10-05T15:37:40Z"}
{"level":"info","msg":"{\"ev\":\"accepted\",\"id\":\"35b001ec-7c34-4709-ac4a-3796cd15102d\",\"t\":1791214660916}","source":"console","time":"2026-10-05T15:37:40Z"}
{"level":"info","msg":"{\"ev\":\"accepted\",\"id\":\"ee95a83a-cceb-46df-802b-cfbd4f8fd9b4\",\"t\":1791214661000}","source":"console","time":"2026-10-05T15:37:41Z"}
{"level":"info","msg":"{\"ev\":\"accepted\",\"id\":\"4de3cf3b-ebfc-4e7c-a328-ac58d6bdb5a9\",\"t\":1791214661086}","source":"console","time":"2026-10-05T15:37:41Z"}
{"level":"info","msg":"{\"ev\":\"accepted\",\"id\":\"67ef63bb-46be-4749-80d7-05670708e44a\",\"t\":1791214661175}","source":"console","time":"2026-10-05T15:37:41Z"}
{"level":"info","msg":"{\"ev\":\"accepted\",\"id\":\"66baa020-8d73-408c-a6b8-ef269682d6cc\",\"t\":1791214661247}","source":"console","time":"2026-10-05T15:37:41Z"}
{"level":"info","msg":"{\"ev\":\"accepted\",\"id\":\"664c424e-31ef-4ef7-a093-e39f4c92d7c5\",\"t\":1791214661338}","source":"console","time":"2026-10-05T15:37:41Z"}
{"level":"info","msg":"{\"ev\":\"accepted\",\"id\":\"33a1f87b-3383-4be8-b226-c4baf1525883\",\"t\":1791214661420}","source":"console","time":"2026-10-05T15:37:41Z"}
{"level":"info","msg":"{\"ev\":\"accepted\",\"id\":\"9aed58da-47ed-499a-8122-cd3589b5f409\",\"t\":1791214661503}","source":"console","time":"2026-10-05T15:37:41Z"}
{"level":"info","msg":"{\"ev\":\"accepted\",\"id\":\"4a3728a6-e0f8-4302-8bbb-d4460b4be1bd\",\"t\":1791214661580}","source":"console","time":"2026-10-05T15:37:41Z"}
{"level":"info","msg":"{\"ev\":\"accepted\",\"id\":\"f22364bf-ca0b-4926-9403-f076e9fe73f4\",\"t\":1791214661663}","source":"console","time":"2026-10-05T15:37:41Z"}
{"level":"info","msg":"{\"ev\":\"accepted\",\"id\":\"14eda021-397e-4d71-8461-950305e58d1a\",\"t\":1791214661749}","source":"console","time":"2026-10-05T15:37:41Z"}
{"level":"info","msg":"{\"ev\":\"accepted\",\"id\":\"bf817e75-d847-4983-96b1-9df0080640b3\",\"t\":1791214661834}","source":"console","time":"2026-10-05T15:37:41Z"}
{"level":"info","msg":"{\"ev\":\"accepted\",\"id\":\"2be71fa2-5a95-48a9-bb26-e1fb5a5ef444\",\"t\":1791214661918}","source":"console","time":"2026-10-05T15:37:41Z"}
{"level":"info","msg":"{\"ev\":\"accepted\",\"id\":\"2cc22d82-e742-4823-8b4d-705b38f54252\",\"t\":1791214661997}","source":"console","time":"2026-10-05T15:37:41Z"}
{"level":"info","msg":"{\"ev\":\"accepted\",\"id\":\"29428582-6546-4955-9723-37fa34f9e0a5\",\"t\":1791214662086}","source":"console","time":"2026-10-05T15:37:42Z"}
{"level":"info","msg":"{\"ev\":\"accepted\",\"id\":\"de0757ed-f06a-4fd0-83a8-b1870d9c7abc\",\"t\":1791214662171}","source":"console","time":"2026-10-05T15:37:42Z"}
{"level":"info","msg":"{\"ev\":\"accepted\",\"id\":\"dc092786-604b-4d35-bdcf-5f4999b95db7\",\"t\":1791214662250}","source":"console","time":"2026-10-05T15:37:42Z"}
{"level":"info","msg":"{\"ev\":\"accepted\",\"id\":\"40ff1bcc-5816-4c22-913c-3462551c9f44\",\"t\":1791214662338}","source":"console","time":"2026-10-05T15:37:42Z"}
{"level":"info","msg":"{\"ev\":\"accepted\",\"id\":\"21f0f129-d576-4b49-a000-a4d09c6d770e\",\"t\":1791214662418}","source":"console","time":"2026-10-05T15:37:42Z"}
{"level":"info","msg":"{\"ev\":\"accepted\",\"id\":\"34217840-362b-46aa-b91d-fad41dafc13e\",\"t\":1791214662498}","source":"console","time":"2026-10-05T15:37:42Z"}
{"level":"info","msg":"{\"ev\":\"accepted\",\"id\":\"e3710e40-8643-4229-bd98-375bfc384350\",\"t\":1791214662583}","source":"console","time":"2026-10-05T15:37:42Z"}
{"level":"info","msg":"{\"ev\":\"accepted\",\"id\":\"86dff96a-59b8-40f8-997b-a5746a2db520\",\"t\":1791214662669}","source":"console","time":"2026-10-05T15:37:42Z"}
{"level":"info","msg":"{\"ev\":\"accepted\",\"id\":\"092cc2f3-7517-4371-8ccd-9fd40cf60f48\",\"t\":1791214662752}","source":"console","time":"2026-10-05T15:37:42Z"}
{"level":"info","msg":"{\"ev\":\"accepted\",\"id\":\"edf52ccd-be47-4206-842e-892ac68f857d\",\"t\":1791214662855}","source":"console","time":"2026-10-05T15:37:42Z"}
{"level":"info","msg":"{\"ev\":\"accepted\",\"id\":\"c51612cf-9174-4395-bc51-5a290d528ffb\",\"t\":1791214662915}","source":"console","time":"2026-10-05T15:37:42Z"}
{"level":"info","msg":"{\"ev\":\"accepted\",\"id\":\"c4926207-f4bb-4a56-9d06-9c459c44eb51\",\"t\":1791214662994}","source":"console","time":"2026-10-05T15:37:42Z"}
{"level":"info","msg":"{\"ev\":\"accepted\",\"id\":\"79be42c5-5dca-4741-8813-854ffc81d7ee\",\"t\":1791214663083}","source":"console","time":"2026-10-05T15:37:43Z"}
{"level":"info","msg":"{\"ev\":\"accepted\",\"id\":\"763cc0e3-d0b1-41ec-8483-0e75f14ecbd9\",\"t\":1791214663165}","source":"console","time":"2026-10-05T15:37:43Z"}
{"level":"info","msg":"{\"ev\":\"accepted\",\"id\":\"e4f0a2a4-e69c-43ed-9282-ec41d74a5844\",\"t\":1791214663286}","source":"console","time":"2026-10-05T15:37:43Z"}
{"level":"info","msg":"{\"ev\":\"accepted\",\"id\":\"434c0e43-19e2-447b-89e1-17c56e4ac311\",\"t\":1791214663339}","source":"console","time":"2026-10-05T15:37:43Z"}
{"level":"info","msg":"{\"ev\":\"accepted\",\"id\":\"d60e9c23-c084-4228-b95e-7062afaeae49\",\"t\":1791214663419}","source":"console","time":"2026-10-05T15:37:43Z"}
{"level":"info","msg":"{\"ev\":\"accepted\",\"id\":\"73108b37-635f-4267-8db1-5f11db4aa58a\",\"t\":1791214663493}","source":"console","time":"2026-10-05T15:37:43Z"}
{"level":"info","msg":"{\"ev\":\"accepted\",\"id\":\"2e2658e9-48ec-4dc5-b4dc-7b24a5f654d7\",\"t\":1791214663585}","source":"console","time":"2026-10-05T15:37:43Z"}
{"level":"info","msg":"{\"ev\":\"accepted\",\"id\":\"6bbf2acc-d702-4400-ba96-96d002840ee1\",\"t\":1791214663663}","source":"console","time":"2026-10-05T15:37:43Z"}
{"level":"info","msg":"{\"ev\":\"accepted\",\"id\":\"ea2b1875-1208-4cba-9254-67a04ee7e702\",\"t\":1791214663749}","source":"console","time":"2026-10-05T15:37:43Z"}
{"level":"info","msg":"{\"ev\":\"accepted\",\"id\":\"9f88a26a-15e9-45d3-a724-d5d6c50ebeb3\",\"t\":1791214663829}","source":"console","time":"2026-10-05T15:37:43Z"}
{"level":"info","msg":"{\"ev\":\"accepted\",\"id\":\"cda302e2-502f-4bae-8fe7-f42cd506b638\",\"t\":1791214663914}","source":"console","time":"2026-10-05T15:37:43Z"}
{"level":"info","msg":"{\"ev\":\"accepted\",\"id\":\"f7488335-7ffd-424a-8505-4fbb986b9a37\",\"t\":1791214663997}","source":"console","time":"2026-10-05T15:37:43Z"}
{"level":"info","msg":"{\"ev\":\"accepted\",\"id\":\"735fedb2-eb8d-4605-befd-1d9b54c1fe4f\",\"t\":1791214664077}","source":"console","time":"2026-10-05T15:37:44Z"}
{"level":"info","msg":"{\"ev\":\"accepted\",\"id\":\"921ac862-6a0d-4c9a-9b12-ae2594ef5844\",\"t\":1791214664162}","source":"console","time":"2026-10-05T15:37:44Z"}
{"level":"info","msg":"{\"ev\":\"accepted\",\"id\":\"5456160e-ce83-41b7-8217-b549e374c15e\",\"t\":1791214664253}","source":"console","time":"2026-10-05T15:37:44Z"}
{"level":"info","msg":"{\"ev\":\"accepted\",\"id\":\"e550fd7a-75f6-4631-8608-6379df153b38\",\"t\":1791214664335}","source":"console","time":"2026-10-05T15:37:44Z"}
{"level":"info","msg":"{\"ev\":\"accepted\",\"id\":\"67b9521a-9c4f-4a47-a3b0-5ef124bd96dd\",\"t\":1791214664413}","source":"console","time":"2026-10-05T15:37:44Z"}
{"level":"info","msg":"{\"ev\":\"accepted\",\"id\":\"a17e1c49-4633-4de5-b3f6-c2b8d41508be\",\"t\":1791214664493}","source":"console","time":"2026-10-05T15:37:44Z"}
{"level":"info","msg":"{\"ev\":\"accepted\",\"id\":\"b7b57ff5-79d9-4a57-b882-42cb0a722b3d\",\"t\":1791214664583}","source":"console","time":"2026-10-05T15:37:44Z"}
{"level":"info","msg":"{\"ev\":\"accepted\",\"id\":\"f22344e4-5397-4542-b36d-b08ad4506fad\",\"t\":1791214664664}","source":"console","time":"2026-10-05T15:37:44Z"}
{"level":"info","msg":"{\"ev\":\"accepted\",\"id\":\"08a50ead-e8ee-459e-92b9-dffeb8ec7fad\",\"t\":1791214664752}","source":"console","time":"2026-10-05T15:37:44Z"}
{"level":"info","msg":"{\"ev\":\"accepted\",\"id\":\"8127557a-5eb6-4c50-9816-34ac59d5a778\",\"t\":1791214664829}","source":"console","time":"2026-10-05T15:37:44Z"}
{"level":"info","msg":"{\"ev\":\"accepted\",\"id\":\"15152ce5-24fe-4d5c-8b22-aaa87180e1a8\",\"t\":1791214664915}","source":"console","time":"2026-10-05T15:37:44Z"}
{"level":"info","msg":"{\"ev\":\"accepted\",\"id\":\"fca4081c-d271-4274-986c-2238f5c9622d\",\"t\":1791214664995}","source":"console","time":"2026-10-05T15:37:44Z"}
{"level":"info","msg":"{\"ev\":\"accepted\",\"id\":\"9ce4a0e1-faeb-493e-9196-085eb3e9b148\",\"t\":1791214665077}","source":"console","time":"2026-10-05T15:37:45Z"}
{"level":"info","msg":"{\"ev\":\"accepted\",\"id\":\"16fe4fb1-b33f-4611-bda0-44a260ca2bbc\",\"t\":1791214665166}","source":"console","time":"2026-10-05T15:37:45Z"}
{"level":"info","msg":"{\"ev\":\"accepted\",\"id\":\"da175ac4-5a96-4979-9034-829f05ead2a3\",\"t\":1791214665250}","source":"console","time":"2026-10-05T15:37:45Z"}
{"level":"info","msg":"{\"ev\":\"accepted\",\"id\":\"1cee85c5-f833-4930-ab26-2a18f41c80d1\",\"t\":1791214665332}","source":"console","time":"2026-10-05T15:37:45Z"}
{"level":"info","msg":"{\"ev\":\"accepted\",\"id\":\"f291d714-6356-4399-b44c-3321df4d95bd\",\"t\":1791214665420}","source":"console","time":"2026-10-05T15:37:45Z"}
{"level":"info","msg":"{\"ev\":\"accepted\",\"id\":\"823898c0-43d5-45d1-b5b2-e0f0c5786a3d\",\"t\":1791214665495}","source":"console","time":"2026-10-05T15:37:45Z"}
{"level":"info","msg":"{\"ev\":\"accepted\",\"id\":\"1928c09f-5de6-4bdc-abf1-3bb192ecd1af\",\"t\":1791214665592}","source":"console","time":"2026-10-05T15:37:45Z"}
{"level":"info","msg":"{\"ev\":\"accepted\",\"id\":\"e50b1034-0d78-4f9e-9cbe-9d32e9f2f875\",\"t\":1791214665661}","source":"console","time":"2026-10-05T15:37:45Z"}
{"level":"info","msg":"{\"ev\":\"accepted\",\"id\":\"3a9bb668-87f9-41c4-9abc-1753a76c8c26\",\"t\":1791214665745}","source":"console","time":"2026-10-05T15:37:45Z"}
{"level":"info","msg":"{\"ev\":\"accepted\",\"id\":\"679aec03-0289-4d5a-abab-efd2d8c5b057\",\"t\":1791214665827}","source":"console","time":"2026-10-05T15:37:45Z"}
{"level":"info","msg":"{\"ev\":\"accepted\",\"id\":\"bfce679c-5264-4001-af27-3076b0b8c8c1\",\"t\":1791214665915}","source":"console","time":"2026-10-05T15:37:45Z"}
{"level":"info","msg":"{\"ev\":\"accepted\",\"id\":\"8e7a787e-f19e-49aa-a85a-10e36d3cdd7c\",\"t\":1791214665997}","source":"console","time":"2026-10-05T15:37:45Z"}
{"level":"info","msg":"{\"ev\":\"accepted\",\"id\":\"bb38e4b5-dc38-478e-90d3-090592daf8a5\",\"t\":1791214666080}","source":"console","time":"2026-10-05T15:37:46Z"}
{"level":"info","msg":"{\"ev\":\"accepted\",\"id\":\"a50c584f-b5b2-47b3-9c4f-f415a48b31f0\",\"t\":1791214666161}","source":"console","time":"2026-10-05T15:37:46Z"}
{"level":"info","msg":"{\"ev\":\"accepted\",\"id\":\"b1f7b779-2121-4d51-9447-470d05e9e743\",\"t\":1791214666246}","source":"console","time":"2026-10-05T15:37:46Z"}
{"level":"info","msg":"{\"ev\":\"accepted\",\"id\":\"53807bf1-7cf0-4926-9bfa-edb00359fa2f\",\"t\":1791214666335}","source":"console","time":"2026-10-05T15:37:46Z"}
{"level":"info","msg":"{\"ev\":\"accepted\",\"id\":\"f2d2316b-9dba-4cb1-a9cd-a828d6b3b391\",\"t\":1791214666415}","source":"console","time":"2026-10-05T15:37:46Z"}
{"level":"info","msg":"{\"ev\":\"accepted\",\"id\":\"6f50333a-8191-4c17-8be1-d9b1a265ce3f\",\"t\":1791214666493}","source":"console","time":"2026-10-05T15:37:46Z"}
{"level":"info","msg":"{\"ev\":\"accepted\",\"id\":\"1f58a4b4-0958-4fc5-92d3-10edc1cda41b\",\"t\":1791214666585}","source":"console","time":"2026-10-05T15:37:46Z"}
{"level":"info","msg":"{\"ev\":\"accepted\",\"id\":\"0421c9ac-5346-4ef3-a2d9-4d14196fb80f\",\"t\":1791214666670}","source":"console","time":"2026-10-05T15:37:46Z"}
{"level":"info","msg":"{\"ev\":\"accepted\",\"id\":\"63f343f3-f594-492e-911e-d3f4f23b7c4f\",\"t\":1791214666751}","source":"console","time":"2026-10-05T15:37:46Z"}
{"level":"info","msg":"{\"ev\":\"accepted\",\"id\":\"4145ae33-252d-495c-8aad-1ff98abac22c\",\"t\":1791214666834}","source":"console","time":"2026-10-05T15:37:46Z"}
{"level":"info","msg":"{\"ev\":\"accepted\",\"id\":\"285f5b68-451a-4dd5-8dcf-41eee99f4fdd\",\"t\":1791214666924}","source":"console","time":"2026-10-05T15:37:46Z"}
{"level":"info","msg":"{\"ev\":\"accepted\",\"id\":\"ef4ad0fc-b5e7-4f0a-8e20-4618248d31a1\",\"t\":1791214667010}","source":"console","time":"2026-10-05T15:37:47Z"}
{"level":"info","msg":"{\"ev\":\"accepted\",\"id\":\"93a94852-7ea3-447a-b11d-23cc90961cdb\",\"t\":1791214667129}","source":"console","time":"2026-10-05T15:37:47Z"}
{"level":"info","msg":"{\"ev\":\"accepted\",\"id\":\"8b20f8f0-3be1-467c-8de5-c03f842971f8\",\"t\":1791214667172}","source":"console","time":"2026-10-05T15:37:47Z"}
{"level":"info","msg":"{\"ev\":\"accepted\",\"id\":\"94e6c2aa-5054-4e63-a7e4-5940186cff4e\",\"t\":1791214667260}","source":"console","time":"2026-10-05T15:37:47Z"}
{"level":"info","msg":"{\"ev\":\"accepted\",\"id\":\"6998318b-ae11-4fbb-86de-3ff90a9cc2f7\",\"t\":1791214667334}","source":"console","time":"2026-10-05T15:37:47Z"}
{"level":"info","msg":"{\"ev\":\"accepted\",\"id\":\"ae1f6ba9-0e83-413f-ac4f-8d95e1a920d4\",\"t\":1791214667418}","source":"console","time":"2026-10-05T15:37:47Z"}
{"level":"info","msg":"{\"ev\":\"accepted\",\"id\":\"6e3b833b-89cf-4bdc-bc28-749eb4f5d52f\",\"t\":1791214667500}","source":"console","time":"2026-10-05T15:37:47Z"}
{"level":"info","msg":"{\"ev\":\"accepted\",\"id\":\"57a619e5-c9f6-42f7-b282-dd98251cb885\",\"t\":1791214667591}","source":"console","time":"2026-10-05T15:37:47Z"}
{"level":"info","msg":"{\"ev\":\"accepted\",\"id\":\"35963045-9d86-443b-a619-d2b8c2685948\",\"t\":1791214667662}","source":"console","time":"2026-10-05T15:37:47Z"}
{"level":"info","msg":"{\"ev\":\"accepted\",\"id\":\"aa28616f-3d60-4db0-994a-bd8ad8e5edec\",\"t\":1791214667747}","source":"console","time":"2026-10-05T15:37:47Z"}
{"level":"info","msg":"{\"ev\":\"accepted\",\"id\":\"03d3c0ac-bc87-4872-87ed-696e87eac6e5\",\"t\":1791214667835}","source":"console","time":"2026-10-05T15:37:47Z"}
{"level":"info","msg":"{\"ev\":\"accepted\",\"id\":\"2d0f08b3-748c-47c9-a238-1a6bbab46839\",\"t\":1791214667911}","source":"console","time":"2026-10-05T15:37:47Z"}
{"level":"info","msg":"{\"ev\":\"accepted\",\"id\":\"9240cb12-7ec1-4746-951f-5e48ca8a1b4d\",\"t\":1791214668004}","source":"console","time":"2026-10-05T15:37:48Z"}
{"level":"info","msg":"{\"ev\":\"accepted\",\"id\":\"db8b32bb-354f-449c-8b92-e2e5f49b9ab0\",\"t\":1791214668086}","source":"console","time":"2026-10-05T15:37:48Z"}
{"level":"info","msg":"{\"ev\":\"accepted\",\"id\":\"1f8a2cf0-d51e-4df5-a812-d6a7cd80c59b\",\"t\":1791214668179}","source":"console","time":"2026-10-05T15:37:48Z"}
{"level":"info","msg":"{\"ev\":\"accepted\",\"id\":\"df94167f-7208-4e43-8ac8-8ece52d0b85d\",\"t\":1791214668259}","source":"console","time":"2026-10-05T15:37:48Z"}
{"level":"info","msg":"{\"ev\":\"accepted\",\"id\":\"fe309114-e455-45f0-8305-5f5a7371608a\",\"t\":1791214668333}","source":"console","time":"2026-10-05T15:37:48Z"}
{"level":"info","msg":"{\"ev\":\"accepted\",\"id\":\"4c980b4c-5979-459f-8721-6650fa608c1b\",\"t\":1791214668412}","source":"console","time":"2026-10-05T15:37:48Z"}
{"level":"info","msg":"{\"ev\":\"accepted\",\"id\":\"9e57132f-1cb2-4e54-87f3-42cf40a98d6e\",\"t\":1791214668497}","source":"console","time":"2026-10-05T15:37:48Z"}
{"level":"info","msg":"{\"ev\":\"accepted\",\"id\":\"62d12504-9adb-4abe-8c82-9eede95718c1\",\"t\":1791214668582}","source":"console","time":"2026-10-05T15:37:48Z"}
{"level":"info","msg":"{\"ev\":\"accepted\",\"id\":\"dd775733-d6f9-4e84-b67a-a3e526e6c33a\",\"t\":1791214668662}","source":"console","time":"2026-10-05T15:37:48Z"}
{"level":"info","msg":"{\"ev\":\"accepted\",\"id\":\"08e3ec3f-a73c-4ca8-9e22-7110e5e1f94e\",\"t\":1791214668747}","source":"console","time":"2026-10-05T15:37:48Z"}
{"level":"info","msg":"{\"ev\":\"accepted\",\"id\":\"34874553-f7a5-4fa1-a19d-f78a567fd6a5\",\"t\":1791214668826}","source":"console","time":"2026-10-05T15:37:48Z"}
{"level":"info","msg":"{\"ev\":\"accepted\",\"id\":\"7e292ce2-e475-408b-aedb-219edfec17ea\",\"t\":1791214668912}","source":"console","time":"2026-10-05T15:37:48Z"}
{"level":"info","msg":"{\"ev\":\"accepted\",\"id\":\"9dc1a819-91bf-4f5c-83c0-1d27a52384d9\",\"t\":1791214668995}","source":"console","time":"2026-10-05T15:37:48Z"}
{"level":"info","msg":"{\"ev\":\"accepted\",\"id\":\"8c01ce27-921b-471a-822b-03b2ff1d0213\",\"t\":1791214669089}","source":"console","time":"2026-10-05T15:37:49Z"}
{"level":"info","msg":"{\"ev\":\"accepted\",\"id\":\"4c825f30-40a8-4711-8e26-a41c0071c11e\",\"t\":1791214669165}","source":"console","time":"2026-10-05T15:37:49Z"}
{"level":"info","msg":"{\"ev\":\"accepted\",\"id\":\"10048416-a32a-4bc8-9d25-b84acadd4602\",\"t\":1791214669249}","source":"console","time":"2026-10-05T15:37:49Z"}
{"level":"info","msg":"{\"ev\":\"accepted\",\"id\":\"42777b2a-1a30-40c4-92f0-1b449903fb8b\",\"t\":1791214669335}","source":"console","time":"2026-10-05T15:37:49Z"}
{"level":"info","msg":"{\"ev\":\"accepted\",\"id\":\"a4c85cb0-0597-4579-8178-09fc05a0ea96\",\"t\":1791214669428}","source":"console","time":"2026-10-05T15:37:49Z"}
{"level":"info","msg":"{\"ev\":\"accepted\",\"id\":\"f7bd2f66-b2f2-4013-b40a-de8142159dd8\",\"t\":1791214669501}","source":"console","time":"2026-10-05T15:37:49Z"}
{"level":"info","msg":"{\"ev\":\"accepted\",\"id\":\"e014803a-8120-4b0e-b128-59d53351c82b\",\"t\":1791214669588}","source":"console","time":"2026-10-05T15:37:49Z"}
{"level":"info","msg":"{\"ev\":\"accepted\",\"id\":\"7187bb9d-48ae-4bfc-b901-ba86277a3689\",\"t\":1791214669670}","source":"console","time":"2026-10-05T15:37:49Z"}
{"level":"info","msg":"{\"ev\":\"accepted\",\"id\":\"06dd6592-2850-4c03-9b96-af8c14806daa\",\"t\":1791214669760}","source":"console","time":"2026-10-05T15:37:49Z"}
{"level":"info","msg":"{\"ev\":\"accepted\",\"id\":\"46fc4a7e-fb6c-48b5-a1b6-9e38f36c4f25\",\"t\":1791214669841}","source":"console","time":"2026-10-05T15:37:49Z"}
{"level":"info","msg":"{\"ev\":\"accepted\",\"id\":\"68243876-d35f-41e7-8bdd-6087990990c4\",\"t\":1791214669924}","source":"console","time":"2026-10-05T15:37:49Z"}
{"level":"info","msg":"{\"ev\":\"accepted\",\"id\":\"bd9aa446-8017-44f4-ba9b-e94fa3e927bb\",\"t\":1791214670007}","source":"console","time":"2026-10-05T15:37:50Z"}
{"level":"info","msg":"{\"ev\":\"accepted\",\"id\":\"51da3040-96a3-4252-9ccc-e5bfc156b24d\",\"t\":1791214670081}","source":"console","time":"2026-10-05T15:37:50Z"}
{"level":"info","msg":"{\"ev\":\"accepted\",\"id\":\"3b851b54-10d4-4581-916b-6ff9e54dabfe\",\"t\":1791214670170}","source":"console","time":"2026-10-05T15:37:50Z"}
{"level":"info","msg":"{\"ev\":\"accepted\",\"id\":\"41087040-6204-4a2c-b82c-7eab40697ec3\",\"t\":1791214670253}","source":"console","time":"2026-10-05T15:37:50Z"}
{"level":"info","msg":"{\"ev\":\"accepted\",\"id\":\"e6f06d91-d6b1-4995-839b-ddcc52b4c57a\",\"t\":1791214670334}","source":"console","time":"2026-10-05T15:37:50Z"}
{"level":"info","msg":"{\"ev\":\"accepted\",\"id\":\"91903969-d365-4a9a-b104-08b16d5a10b3\",\"t\":1791214670410}","source":"console","time":"2026-10-05T15:37:50Z"}
{"level":"info","msg":"{\"ev\":\"accepted\",\"id\":\"f8f8156e-bebe-4dd3-b7df-fe075197e0af\",\"t\":1791214670498}","source":"console","time":"2026-10-05T15:37:50Z"}
{"level":"info","msg":"{\"ev\":\"accepted\",\"id\":\"f93c0c46-16bc-4cd1-95d0-a9f83f07401d\",\"t\":1791214670587}","source":"console","time":"2026-10-05T15:37:50Z"}
{"level":"info","msg":"{\"ev\":\"accepted\",\"id\":\"3b4e203e-f1c5-4b3c-b2ed-f8b73588cbef\",\"t\":1791214670673}","source":"console","time":"2026-10-05T15:37:50Z"}
{"level":"info","msg":"{\"ev\":\"accepted\",\"id\":\"d13a8f0d-adee-4f36-8e02-2cf55f30f886\",\"t\":1791214670750}","source":"console","time":"2026-10-05T15:37:50Z"}
{"level":"info","msg":"{\"ev\":\"accepted\",\"id\":\"a76a7fb2-8492-4e02-86fc-81ea0a3abce5\",\"t\":1791214670830}","source":"console","time":"2026-10-05T15:37:50Z"}
{"level":"info","msg":"{\"ev\":\"accepted\",\"id\":\"aea8c6b0-b083-4d44-b22f-71b0f1909817\",\"t\":1791214670916}","source":"console","time":"2026-10-05T15:37:50Z"}
{"level":"info","msg":"{\"ev\":\"accepted\",\"id\":\"6800fa57-0712-4d5f-b09b-72fb5cfa78d3\",\"t\":1791214671016}","source":"console","time":"2026-10-05T15:37:51Z"}
{"level":"info","msg":"{\"ev\":\"accepted\",\"id\":\"cfc344b6-2892-4c81-b387-5145c7259c31\",\"t\":1791214671089}","source":"console","time":"2026-10-05T15:37:51Z"}
{"level":"info","msg":"{\"ev\":\"accepted\",\"id\":\"94c34363-9ba2-4112-9a10-f086cbe9a82e\",\"t\":1791214671173}","source":"console","time":"2026-10-05T15:37:51Z"}
{"level":"info","msg":"{\"ev\":\"accepted\",\"id\":\"7497e510-5213-420d-90f9-6200f3bdc218\",\"t\":1791214671257}","source":"console","time":"2026-10-05T15:37:51Z"}
{"level":"info","msg":"{\"ev\":\"accepted\",\"id\":\"c0c49692-51c3-4ffc-afda-46a1d0cbcfe8\",\"t\":1791214671330}","source":"console","time":"2026-10-05T15:37:51Z"}
{"level":"info","msg":"{\"ev\":\"accepted\",\"id\":\"21d3700f-2407-4e3b-a6e3-0fc31763c914\",\"t\":1791214671414}","source":"console","time":"2026-10-05T15:37:51Z"}
{"level":"info","msg":"{\"ev\":\"accepted\",\"id\":\"efff7aac-4008-4298-ab49-ea4dfba824c6\",\"t\":1791214671501}","source":"console","time":"2026-10-05T15:37:51Z"}
{"level":"info","msg":"{\"ev\":\"accepted\",\"id\":\"58c68843-c948-4767-a068-3d4aa9c709da\",\"t\":1791214671587}","source":"console","time":"2026-10-05T15:37:51Z"}
{"level":"info","msg":"{\"ev\":\"accepted\",\"id\":\"497a012c-7592-4f94-a236-5ba69f6909b1\",\"t\":1791214671671}","source":"console","time":"2026-10-05T15:37:51Z"}
{"level":"info","msg":"{\"ev\":\"accepted\",\"id\":\"0ff48a25-654a-4557-8b85-f3e8c333c91a\",\"t\":1791214671751}","source":"console","time":"2026-10-05T15:37:51Z"}
{"level":"info","msg":"{\"ev\":\"accepted\",\"id\":\"f5c4c65e-f3ba-406e-8bec-50664f706de7\",\"t\":1791214671830}","source":"console","time":"2026-10-05T15:37:51Z"}
{"level":"info","msg":"{\"ev\":\"accepted\",\"id\":\"6fd350c4-e4b5-4d70-882c-f63f95aaf53d\",\"t\":1791214671928}","source":"console","time":"2026-10-05T15:37:51Z"}
{"level":"info","msg":"{\"ev\":\"accepted\",\"id\":\"88cc746e-5274-4b44-8aa5-d17d1e80be24\",\"t\":1791214672022}","source":"console","time":"2026-10-05T15:37:52Z"}
{"level":"info","msg":"{\"ev\":\"accepted\",\"id\":\"2b7b8fbd-d1f2-4891-b8a0-fb214af6a94d\",\"t\":1791214672095}","source":"console","time":"2026-10-05T15:37:52Z"}
{"level":"info","msg":"{\"ev\":\"accepted\",\"id\":\"1ce5d436-49a5-4559-b7ec-9f53e0fd1731\",\"t\":1791214672175}","source":"console","time":"2026-10-05T15:37:52Z"}
{"level":"info","msg":"{\"ev\":\"accepted\",\"id\":\"c30aa294-4f3b-4f24-8341-583f90203ffd\",\"t\":1791214672263}","source":"console","time":"2026-10-05T15:37:52Z"}
{"level":"info","msg":"{\"ev\":\"accepted\",\"id\":\"63240c94-4a58-46cf-86b5-86649400067f\",\"t\":1791214672346}","source":"console","time":"2026-10-05T15:37:52Z"}
{"level":"info","msg":"{\"ev\":\"accepted\",\"id\":\"afdbb19a-1439-49f0-a298-d873458228e1\",\"t\":1791214672417}","source":"console","time":"2026-10-05T15:37:52Z"}
{"level":"info","msg":"{\"ev\":\"accepted\",\"id\":\"c7eb513a-707b-4ca9-9ff0-07cea64681c6\",\"t\":1791214672498}","source":"console","time":"2026-10-05T15:37:52Z"}
{"level":"info","msg":"{\"ev\":\"accepted\",\"id\":\"91f71b64-81ad-47c7-979c-4aac2fde0c2f\",\"t\":1791214672588}","source":"console","time":"2026-10-05T15:37:52Z"}
{"level":"info","msg":"{\"ev\":\"accepted\",\"id\":\"8abefda9-011a-4fc1-a521-67b98f30d76e\",\"t\":1791214672663}","source":"console","time":"2026-10-05T15:37:52Z"}
{"level":"info","msg":"{\"ev\":\"accepted\",\"id\":\"68c6b02b-ab81-462e-9ac7-6648615e9026\",\"t\":1791214672747}","source":"console","time":"2026-10-05T15:37:52Z"}
{"level":"info","msg":"{\"ev\":\"accepted\",\"id\":\"1a9c4f36-500e-41eb-bfb1-a756eb514911\",\"t\":1791214672834}","source":"console","time":"2026-10-05T15:37:52Z"}
{"level":"info","msg":"{\"ev\":\"accepted\",\"id\":\"b891d070-4847-442d-acb6-4a5f274d53b8\",\"t\":1791214672915}","source":"console","time":"2026-10-05T15:37:52Z"}
{"level":"info","msg":"{\"ev\":\"accepted\",\"id\":\"6aac5eaa-948b-437f-932f-39a1839b1a31\",\"t\":1791214673000}","source":"console","time":"2026-10-05T15:37:53Z"}
{"level":"info","msg":"{\"ev\":\"accepted\",\"id\":\"49560689-8b28-4e6e-ad54-72d576758340\",\"t\":1791214673080}","source":"console","time":"2026-10-05T15:37:53Z"}
{"level":"info","msg":"{\"ev\":\"accepted\",\"id\":\"8edba3ad-3e59-43f1-8eb1-43c5f4a7a97c\",\"t\":1791214673164}","source":"console","time":"2026-10-05T15:37:53Z"}
{"level":"info","msg":"{\"ev\":\"accepted\",\"id\":\"f2aeb251-21bf-4d52-a17f-e814623db9f0\",\"t\":1791214673249}","source":"console","time":"2026-10-05T15:37:53Z"}
{"level":"info","msg":"{\"ev\":\"accepted\",\"id\":\"aad8aa5f-8c0e-4f39-87df-5994aeb41f39\",\"t\":1791214673327}","source":"console","time":"2026-10-05T15:37:53Z"}
{"level":"info","msg":"{\"ev\":\"accepted\",\"id\":\"233f3be6-7dc6-4bdb-b8ee-a154085d4699\",\"t\":1791214673416}","source":"console","time":"2026-10-05T15:37:53Z"}
{"level":"info","msg":"{\"ev\":\"accepted\",\"id\":\"a9b1b706-4a2c-4291-8bb0-8fe485d31177\",\"t\":1791214673498}","source":"console","time":"2026-10-05T15:37:53Z"}
{"level":"info","msg":"{\"ev\":\"accepted\",\"id\":\"2a3a5a3e-2e1b-40fa-9479-078c886f4b64\",\"t\":1791214673583}","source":"console","time":"2026-10-05T15:37:53Z"}
{"level":"info","msg":"{\"ev\":\"accepted\",\"id\":\"ad4eb477-e70d-45d1-a8b4-fa7cd33c4383\",\"t\":1791214673666}","source":"console","time":"2026-10-05T15:37:53Z"}
{"level":"info","msg":"{\"ev\":\"accepted\",\"id\":\"ba2a841c-d565-45cf-bab2-4bf5ba0aaf70\",\"t\":1791214673747}","source":"console","time":"2026-10-05T15:37:53Z"}
{"level":"info","msg":"{\"ev\":\"accepted\",\"id\":\"257b45ad-ba76-4303-84f5-b9bccaf371a1\",\"t\":1791214673832}","source":"console","time":"2026-10-05T15:37:53Z"}
{"level":"info","msg":"{\"ev\":\"accepted\",\"id\":\"04c37162-3c4e-4883-9bf9-bd77658f8ee8\",\"t\":1791214673916}","source":"console","time":"2026-10-05T15:37:53Z"}
{"level":"info","msg":"{\"ev\":\"accepted\",\"id\":\"c35b43ed-a0b6-4f92-ad30-119141860ecb\",\"t\":1791214674001}","source":"console","time":"2026-10-05T15:37:54Z"}
{"level":"info","msg":"{\"ev\":\"accepted\",\"id\":\"2395fea0-f50e-4150-8c5e-9f585991513a\",\"t\":1791214674083}","source":"console","time":"2026-10-05T15:37:54Z"}
{"level":"info","msg":"{\"ev\":\"accepted\",\"id\":\"b9bb07d5-8911-46be-b5ce-b6febbdfd833\",\"t\":1791214674168}","source":"console","time":"2026-10-05T15:37:54Z"}
{"level":"info","msg":"{\"ev\":\"accepted\",\"id\":\"abf23032-39b2-48f7-9535-7d3fc0d3112a\",\"t\":1791214674254}","source":"console","time":"2026-10-05T15:37:54Z"}
{"level":"info","msg":"{\"ev\":\"accepted\",\"id\":\"88bd2e09-da1d-479b-b056-2d09c1f5af32\",\"t\":1791214674336}","source":"console","time":"2026-10-05T15:37:54Z"}
{"level":"info","msg":"{\"ev\":\"accepted\",\"id\":\"65733c40-05e6-4d0c-b315-2631223919b6\",\"t\":1791214674415}","source":"console","time":"2026-10-05T15:37:54Z"}
{"level":"info","msg":"{\"ev\":\"accepted\",\"id\":\"7b8b8c12-2f38-4e7a-9075-8e3f5a332a08\",\"t\":1791214674503}","source":"console","time":"2026-10-05T15:37:54Z"}
{"level":"info","msg":"{\"ev\":\"accepted\",\"id\":\"5cb3e939-a12d-4543-803f-5c8050210e8d\",\"t\":1791214674588}","source":"console","time":"2026-10-05T15:37:54Z"}
{"level":"info","msg":"{\"ev\":\"accepted\",\"id\":\"d95af002-1322-45ba-8f28-134fa92ada25\",\"t\":1791214674667}","source":"console","time":"2026-10-05T15:37:54Z"}
{"level":"info","msg":"{\"ev\":\"accepted\",\"id\":\"25f991bf-002f-48b8-ba70-bfaaa42f9257\",\"t\":1791214674762}","source":"console","time":"2026-10-05T15:37:54Z"}
{"level":"info","msg":"{\"ev\":\"accepted\",\"id\":\"8cd267cc-7fac-45f5-aab7-dcac9132e2c3\",\"t\":1791214674829}","source":"console","time":"2026-10-05T15:37:54Z"}
{"level":"info","msg":"{\"ev\":\"accepted\",\"id\":\"7570541c-bdf3-4560-a237-2746d6613424\",\"t\":1791214674909}","source":"console","time":"2026-10-05T15:37:54Z"}
{"level":"info","msg":"{\"ev\":\"accepted\",\"id\":\"63a9469f-91fa-46a1-9984-24fbc6880d2a\",\"t\":1791214674993}","source":"console","time":"2026-10-05T15:37:54Z"}
{"level":"info","msg":"{\"ev\":\"accepted\",\"id\":\"bc67ac7e-2534-45a8-b49b-91ec26809c54\",\"t\":1791214675086}","source":"console","time":"2026-10-05T15:37:55Z"}
{"level":"info","msg":"{\"ev\":\"accepted\",\"id\":\"14ca6d6f-a172-436c-959f-c2f045fba34c\",\"t\":1791214675164}","source":"console","time":"2026-10-05T15:37:55Z"}
{"level":"info","msg":"{\"ev\":\"accepted\",\"id\":\"6855348e-d958-4570-ade3-9492d2b6ae98\",\"t\":1791214675249}","source":"console","time":"2026-10-05T15:37:55Z"}
{"level":"info","msg":"{\"ev\":\"accepted\",\"id\":\"af666be8-8632-4c7f-8a88-94f31933a913\",\"t\":1791214675329}","source":"console","time":"2026-10-05T15:37:55Z"}
{"level":"info","msg":"{\"ev\":\"accepted\",\"id\":\"6dd83d3d-a23c-4745-9201-733845fc55e7\",\"t\":1791214675415}","source":"console","time":"2026-10-05T15:37:55Z"}
{"level":"info","msg":"{\"ev\":\"accepted\",\"id\":\"52c4c78a-fcdc-4722-a2e1-7a2c3d7a81ba\",\"t\":1791214675495}","source":"console","time":"2026-10-05T15:37:55Z"}
{"level":"info","msg":"{\"ev\":\"accepted\",\"id\":\"da915743-0b79-44b2-b610-1d4bd1ffe803\",\"t\":1791214675583}","source":"console","time":"2026-10-05T15:37:55Z"}
{"level":"info","msg":"{\"ev\":\"accepted\",\"id\":\"ee3c03d7-aebc-4051-8074-5f55469e02cb\",\"t\":1791214675666}","source":"console","time":"2026-10-05T15:37:55Z"}
{"level":"info","msg":"{\"ev\":\"accepted\",\"id\":\"541ce1ab-0443-4279-a613-7a3bb1267bd7\",\"t\":1791214675753}","source":"console","time":"2026-10-05T15:37:55Z"}
