{"level":"info","msg":"{\"ev\":\"setup-done\",\"t\":1791349999759}","source":"console","time":"2026-10-07T05:13:19Z"}
{"level":"info","msg":"{\"ev\":\"req\",\"route\":\"submit\",\"status\":200,\"t\":1791349999795,\"ms\":33.8}","source":"console","time":"2026-10-07T05:13:19Z"}
{"level":"info","msg":"{\"ev\":\"accepted\",\"id\":\"30371fbb-0387-4af7-af6e-08d9b2ea5544\",\"t\":1791349999795}","source":"console","time":"2026-10-07T05:13:19Z"}
{"level":"info","msg":"{\"ev\":\"req\",\"route\":\"problem_list\",\"status\":200,\"t\":1791349999843,\"ms\":82}","source":"console","time":"2026-10-07T05:13:19Z"}
{"level":"info","msg":"{\"ev\":\"req\",\"route\":\"problem_detail\",\"status\":200,\"t\":1791349999885,\"ms\":23.3}","source":"console","time":"2026-10-07T05:13:19Z"}
{"level":"info","msg":"{\"ev\":\"req\",\"route\":\"history\",\"status\":200,\"t\":1791350000005,\"ms\":43.4}","source":"console","time":"2026-10-07T05:13:20Z"}
{"level":"info","msg":"{\"ev\":\"req\",\"route\":\"problem_list\",\"status\":200,\"t\":1791350000075,\"ms\":13.1}","source":"console","time":"2026-10-07T05:13:20Z"}
{"level":"info","msg":"{\"ev\":\"req\",\"route\":\"problem_detail\",\"status\":200,\"t\":1791350000174,\"ms\":13}","source":"console","time":"2026-10-07T05:13:20Z"}
{"level":"info","msg":"{\"ev\":\"req\",\"route\":\"history\",\"status\":200,\"t\":1791350000271,\"ms\":9.5}","source":"console","time":"2026-10-07T05:13:20Z"}
{"level":"info","msg":"{\"ev\":\"req\",\"route\":\"problem_list\",\"status\":200,\"t\":1791350000375,\"ms\":12.6}","source":"console","time":"2026-10-07T05:13:20Z"}
{"level":"info","msg":"{\"ev\":\"req\",\"route\":\"problem_detail\",\"status\":200,\"t\":1791350000478,\"ms\":16.2}","source":"console","time":"2026-10-07T05:13:20Z"}
{"level":"info","msg":"{\"ev\":\"req\",\"route\":\"history\",\"status\":200,\"t\":1791350000574,\"ms\":12.2}","source":"console","time":"2026-10-07T05:13:20Z"}
{"level":"info","msg":"{\"ev\":\"req\",\"route\":\"problem_list\",\"status\":200,\"t\":1791350000688,\"ms\":25.2}","source":"console","time":"2026-10-07T05:13:20Z"}
{"level":"info","msg":"{\"ev\":\"req\",\"route\":\"problem_detail\",\"status\":200,\"t\":1791350000779,\"ms\":16.1}","source":"console","time":"2026-10-07T05:13:20Z"}
{"level":"info","msg":"{\"ev\":\"req\",\"route\":\"history\",\"status\":200,\"t\":1791350000871,\"ms\":9}","source":"console","time":"2026-10-07T05:13:20Z"}
{"level":"info","msg":"{\"ev\":\"req\",\"route\":\"problem_list\",\"status\":200,\"t\":1791350000987,\"ms\":24.6}","source":"console","time":"2026-10-07T05:13:20Z"}
{"level":"info","msg":"{\"ev\":\"req\",\"route\":\"problem_detail\",\"status\":200,\"t\":1791350001074,\"ms\":11.2}","source":"console","time":"2026-10-07T05:13:21Z"}
{"level":"info","msg":"{\"ev\":\"req\",\"route\":\"history\",\"status\":200,\"t\":1791350001182,\"ms\":18.7}","source":"console","time":"2026-10-07T05:13:21Z"}
{"level":"info","msg":"{\"ev\":\"req\",\"route\":\"problem_list\",\"status\":200,\"t\":1791350001285,\"ms\":21.8}","source":"console","time":"2026-10-07T05:13:21Z"}
{"level":"info","msg":"{\"ev\":\"req\",\"route\":\"problem_detail\",\"status\":200,\"t\":1791350001385,\"ms\":21.7}","source":"console","time":"2026-10-07T05:13:21Z"}
{"level":"info","msg":"{\"ev\":\"req\",\"route\":\"submit\",\"status\":200,\"t\":1791350001458,\"ms\":26.9}","source":"console","time":"2026-10-07T05:13:21Z"}
{"level":"info","msg":"{\"ev\":\"accepted\",\"id\":\"eaa8d9a3-2311-43ca-a930-533eccbc0bea\",\"t\":1791350001458}","source":"console","time":"2026-10-07T05:13:21Z"}
{"level":"info","msg":"{\"ev\":\"req\",\"route\":\"history\",\"status\":200,\"t\":1791350001472,\"ms\":10}","source":"console","time":"2026-10-07T05:13:21Z"}
{"level":"info","msg":"{\"ev\":\"req\",\"route\":\"problem_list\",\"status\":200,\"t\":1791350001589,\"ms\":26.3}","source":"console","time":"2026-10-07T05:13:21Z"}
{"level":"info","msg":"{\"ev\":\"req\",\"route\":\"problem_detail\",\"status\":200,\"t\":1791350001692,\"ms\":28.7}","source":"console","time":"2026-10-07T05:13:21Z"}
{"level":"info","msg":"{\"ev\":\"req\",\"route\":\"history\",\"status\":200,\"t\":1791350001779,\"ms\":17.4}","source":"console","time":"2026-10-07T05:13:21Z"}
{"level":"info","msg":"{\"ev\":\"req\",\"route\":\"problem_list\",\"status\":200,\"t\":1791350001879,\"ms\":18.1}","source":"console","time":"2026-10-07T05:13:21Z"}
{"level":"info","msg":"{\"ev\":\"req\",\"route\":\"problem_detail\",\"status\":200,\"t\":1791350001991,\"ms\":30.8}","source":"console","time":"2026-10-07T05:13:21Z"}
{"level":"info","msg":"{\"ev\":\"req\",\"route\":\"history\",\"status\":200,\"t\":1791350002070,\"ms\":9.3}","source":"console","time":"2026-10-07T05:13:22Z"}
{"level":"info","msg":"{\"ev\":\"req\",\"route\":\"problem_list\",\"status\":200,\"t\":1791350002184,\"ms\":22.9}","source":"console","time":"2026-10-07T05:13:22Z"}
{"level":"info","msg":"{\"ev\":\"req\",\"route\":\"problem_detail\",\"status\":200,\"t\":1791350002272,\"ms\":11.1}","source":"console","time":"2026-10-07T05:13:22Z"}
{"level":"info","msg":"{\"ev\":\"req\",\"route\":\"history\",\"status\":200,\"t\":1791350002371,\"ms\":10}","source":"console","time":"2026-10-07T05:13:22Z"}
{"level":"info","msg":"{\"ev\":\"req\",\"route\":\"problem_list\",\"status\":200,\"t\":1791350002474,\"ms\":13.3}","source":"console","time":"2026-10-07T05:13:22Z"}
{"level":"info","msg":"{\"ev\":\"req\",\"route\":\"problem_detail\",\"status\":200,\"t\":1791350002575,\"ms\":13.6}","source":"console","time":"2026-10-07T05:13:22Z"}
{"level":"info","msg":"{\"ev\":\"req\",\"route\":\"history\",\"status\":200,\"t\":1791350002671,\"ms\":10.2}","source":"console","time":"2026-10-07T05:13:22Z"}
{"level":"info","msg":"{\"ev\":\"req\",\"route\":\"problem_list\",\"status\":200,\"t\":1791350002773,\"ms\":12.9}","source":"console","time":"2026-10-07T05:13:22Z"}
{"level":"info","msg":"{\"ev\":\"req\",\"route\":\"problem_detail\",\"status\":200,\"t\":1791350002875,\"ms\":14}","source":"console","time":"2026-10-07T05:13:22Z"}
{"level":"info","msg":"{\"ev\":\"req\",\"route\":\"history\",\"status\":200,\"t\":1791350002977,\"ms\":15.7}","source":"console","time":"2026-10-07T05:13:22Z"}
{"level":"info","msg":"{\"ev\":\"req\",\"route\":\"problem_list\",\"status\":200,\"t\":1791350003081,\"ms\":20.5}","source":"console","time":"2026-10-07T05:13:23Z"}
{"level":"info","msg":"{\"ev\":\"req\",\"route\":\"submit\",\"status\":200,\"t\":1791350003120,\"ms\":25.5}","source":"console","time":"2026-10-07T05:13:23Z"}
{"level":"info","msg":"{\"ev\":\"accepted\",\"id\":\"71617545-e0a7-46bc-b06f-946f7b007e61\",\"t\":1791350003120}","source":"console","time":"2026-10-07T05:13:23Z"}
{"level":"info","msg":"{\"ev\":\"req\",\"route\":\"problem_detail\",\"status\":200,\"t\":1791350003175,\"ms\":14.6}","source":"console","time":"2026-10-07T05:13:23Z"}
{"level":"info","msg":"{\"ev\":\"req\",\"route\":\"history\",\"status\":200,\"t\":1791350003269,\"ms\":8.4}","source":"console","time":"2026-10-07T05:13:23Z"}
{"level":"info","msg":"{\"ev\":\"req\",\"route\":\"problem_list\",\"status\":200,\"t\":1791350003374,\"ms\":12.5}","source":"console","time":"2026-10-07T05:13:23Z"}
{"level":"info","msg":"{\"ev\":\"req\",\"route\":\"problem_detail\",\"status\":200,\"t\":1791350003472,\"ms\":11.2}","source":"console","time":"2026-10-07T05:13:23Z"}
{"level":"info","msg":"{\"ev\":\"req\",\"route\":\"history\",\"status\":200,\"t\":1791350003569,\"ms\":8.7}","source":"console","time":"2026-10-07T05:13:23Z"}
{"level":"info","msg":"{\"ev\":\"req\",\"route\":\"problem_list\",\"status\":200,\"t\":1791350003674,\"ms\":12.8}","source":"console","time":"2026-10-07T05:13:23Z"}
{"level":"info","msg":"{\"ev\":\"req\",\"route\":\"problem_detail\",\"status\":200,\"t\":1791350003775,\"ms\":14}","source":"console","time":"2026-10-07T05:13:23Z"}
{"level":"info","msg":"{\"ev\":\"req\",\"route\":\"history\",\"status\":200,\"t\":1791350003869,\"ms\":8.6}","source":"console","time":"2026-10-07T05:13:23Z"}
{"level":"info","msg":"{\"ev\":\"req\",\"route\":\"problem_list\",\"status\":200,\"t\":1791350003981,\"ms\":19.2}","source":"console","time":"2026-10-07T05:13:23Z"}
{"level":"info","msg":"{\"ev\":\"req\",\"route\":\"problem_detail\",\"status\":200,\"t\":1791350004080,\"ms\":18.6}","source":"console","time":"2026-10-07T05:13:24Z"}
{"level":"info","msg":"{\"ev\":\"req\",\"route\":\"history\",\"status\":200,\"t\":1791350004183,\"ms\":21.2}","source":"console","time":"2026-10-07T05:13:24Z"}
{"level":"info","msg":"{\"ev\":\"req\",\"route\":\"problem_list\",\"status\":200,\"t\":1791350004284,\"ms\":23}","source":"console","time":"2026-10-07T05:13:24Z"}
{"level":"info","msg":"{\"ev\":\"req\",\"route\":\"problem_detail\",\"status\":200,\"t\":1791350004380,\"ms\":18.7}","source":"console","time":"2026-10-07T05:13:24Z"}
{"level":"info","msg":"{\"ev\":\"req\",\"route\":\"history\",\"status\":200,\"t\":1791350004477,\"ms\":16.6}","source":"console","time":"2026-10-07T05:13:24Z"}
{"level":"info","msg":"{\"ev\":\"req\",\"route\":\"problem_list\",\"status\":200,\"t\":1791350004573,\"ms\":13.1}","source":"console","time":"2026-10-07T05:13:24Z"}
{"level":"info","msg":"{\"ev\":\"req\",\"route\":\"problem_detail\",\"status\":200,\"t\":1791350004672,\"ms\":10.5}","source":"console","time":"2026-10-07T05:13:24Z"}
{"level":"info","msg":"{\"ev\":\"req\",\"route\":\"history\",\"status\":200,\"t\":1791350004773,\"ms\":12.7}","source":"console","time":"2026-10-07T05:13:24Z"}
{"level":"info","msg":"{\"ev\":\"req\",\"route\":\"submit\",\"status\":200,\"t\":1791350004803,\"ms\":42}","source":"console","time":"2026-10-07T05:13:24Z"}
{"level":"info","msg":"{\"ev\":\"accepted\",\"id\":\"1902e857-adc9-491f-8d75-e34869f1d79e\",\"t\":1791350004804}","source":"console","time":"2026-10-07T05:13:24Z"}
{"level":"info","msg":"{\"ev\":\"req\",\"route\":\"problem_list\",\"status\":200,\"t\":1791350004880,\"ms\":19.6}","source":"console","time":"2026-10-07T05:13:24Z"}
{"level":"info","msg":"{\"ev\":\"req\",\"route\":\"problem_detail\",\"status\":200,\"t\":1791350004994,\"ms\":33.1}","source":"console","time":"2026-10-07T05:13:24Z"}
{"level":"info","msg":"{\"ev\":\"req\",\"route\":\"history\",\"status\":200,\"t\":1791350005078,\"ms\":17.8}","source":"console","time":"2026-10-07T05:13:25Z"}
{"level":"info","msg":"{\"ev\":\"req\",\"route\":\"problem_list\",\"status\":200,\"t\":1791350005176,\"ms\":15.5}","source":"console","time":"2026-10-07T05:13:25Z"}
{"level":"info","msg":"{\"ev\":\"req\",\"route\":\"problem_detail\",\"status\":200,\"t\":1791350005272,\"ms\":12.1}","source":"console","time":"2026-10-07T05:13:25Z"}
{"level":"info","msg":"{\"ev\":\"req\",\"route\":\"history\",\"status\":200,\"t\":1791350005370,\"ms\":9.3}","source":"console","time":"2026-10-07T05:13:25Z"}
{"level":"info","msg":"{\"ev\":\"req\",\"route\":\"problem_list\",\"status\":200,\"t\":1791350005471,\"ms\":9.2}","source":"console","time":"2026-10-07T05:13:25Z"}
{"level":"info","msg":"{\"ev\":\"req\",\"route\":\"problem_detail\",\"status\":200,\"t\":1791350005585,\"ms\":24.4}","source":"console","time":"2026-10-07T05:13:25Z"}
{"level":"info","msg":"{\"ev\":\"req\",\"route\":\"history\",\"status\":200,\"t\":1791350005680,\"ms\":19}","source":"console","time":"2026-10-07T05:13:25Z"}
{"level":"info","msg":"{\"ev\":\"req\",\"route\":\"problem_list\",\"status\":200,\"t\":1791350005782,\"ms\":21}","source":"console","time":"2026-10-07T05:13:25Z"}
{"level":"info","msg":"{\"ev\":\"req\",\"route\":\"problem_detail\",\"status\":200,\"t\":1791350005882,\"ms\":21.3}","source":"console","time":"2026-10-07T05:13:25Z"}
{"level":"info","msg":"{\"ev\":\"req\",\"route\":\"history\",\"status\":200,\"t\":1791350005979,\"ms\":18}","source":"console","time":"2026-10-07T05:13:25Z"}
{"level":"info","msg":"{\"ev\":\"req\",\"route\":\"problem_list\",\"status\":200,\"t\":1791350006084,\"ms\":22.4}","source":"console","time":"2026-10-07T05:13:26Z"}
{"level":"info","msg":"{\"ev\":\"req\",\"route\":\"problem_detail\",\"status\":200,\"t\":1791350006177,\"ms\":16.4}","source":"console","time":"2026-10-07T05:13:26Z"}
{"level":"info","msg":"{\"ev\":\"req\",\"route\":\"history\",\"status\":200,\"t\":1791350006269,\"ms\":8.6}","source":"console","time":"2026-10-07T05:13:26Z"}
{"level":"info","msg":"{\"ev\":\"req\",\"route\":\"problem_list\",\"status\":200,\"t\":1791350006377,\"ms\":16.6}","source":"console","time":"2026-10-07T05:13:26Z"}
{"level":"info","msg":"{\"ev\":\"req\",\"route\":\"submit\",\"status\":200,\"t\":1791350006470,\"ms\":41.2}","source":"console","time":"2026-10-07T05:13:26Z"}
{"level":"info","msg":"{\"ev\":\"accepted\",\"id\":\"53520862-9bd6-467a-ac36-6118b990883d\",\"t\":1791350006470}","source":"console","time":"2026-10-07T05:13:26Z"}
{"level":"info","msg":"{\"ev\":\"req\",\"route\":\"problem_detail\",\"status\":200,\"t\":1791350006472,\"ms\":11.5}","source":"console","time":"2026-10-07T05:13:26Z"}
{"level":"info","msg":"{\"ev\":\"req\",\"route\":\"history\",\"status\":200,\"t\":1791350006572,\"ms\":11.5}","source":"console","time":"2026-10-07T05:13:26Z"}
{"level":"info","msg":"{\"ev\":\"req\",\"route\":\"problem_list\",\"status\":200,\"t\":1791350006674,\"ms\":13.3}","source":"console","time":"2026-10-07T05:13:26Z"}
{"level":"info","msg":"{\"ev\":\"req\",\"route\":\"problem_detail\",\"status\":200,\"t\":1791350006773,\"ms\":11.9}","source":"console","time":"2026-10-07T05:13:26Z"}
{"level":"info","msg":"{\"ev\":\"req\",\"route\":\"history\",\"status\":200,\"t\":1791350006869,\"ms\":8.2}","source":"console","time":"2026-10-07T05:13:26Z"}
{"level":"info","msg":"{\"ev\":\"req\",\"route\":\"problem_list\",\"status\":200,\"t\":1791350006970,\"ms\":9.6}","source":"console","time":"2026-10-07T05:13:26Z"}
{"level":"info","msg":"{\"ev\":\"req\",\"route\":\"problem_detail\",\"status\":200,\"t\":1791350007074,\"ms\":12.8}","source":"console","time":"2026-10-07T05:13:27Z"}
{"level":"info","msg":"{\"ev\":\"req\",\"route\":\"history\",\"status\":200,\"t\":1791350007168,\"ms\":7.9}","source":"console","time":"2026-10-07T05:13:27Z"}
{"level":"info","msg":"{\"ev\":\"req\",\"route\":\"problem_list\",\"status\":200,\"t\":1791350007277,\"ms\":16.4}","source":"console","time":"2026-10-07T05:13:27Z"}
{"level":"info","msg":"{\"ev\":\"req\",\"route\":\"problem_detail\",\"status\":200,\"t\":1791350007379,\"ms\":18.7}","source":"console","time":"2026-10-07T05:13:27Z"}
{"level":"info","msg":"{\"ev\":\"req\",\"route\":\"history\",\"status\":200,\"t\":1791350007481,\"ms\":19.9}","source":"console","time":"2026-10-07T05:13:27Z"}
{"level":"info","msg":"{\"ev\":\"req\",\"route\":\"problem_list\",\"status\":200,\"t\":1791350007583,\"ms\":21.6}","source":"console","time":"2026-10-07T05:13:27Z"}
{"level":"info","msg":"{\"ev\":\"req\",\"route\":\"problem_detail\",\"status\":200,\"t\":1791350007671,\"ms\":10.4}","source":"console","time":"2026-10-07T05:13:27Z"}
{"level":"info","msg":"{\"ev\":\"req\",\"route\":\"history\",\"status\":200,\"t\":1791350007784,\"ms\":23.2}","source":"console","time":"2026-10-07T05:13:27Z"}
{"level":"info","msg":"{\"ev\":\"req\",\"route\":\"problem_list\",\"status\":200,\"t\":1791350007871,\"ms\":10.5}","source":"console","time":"2026-10-07T05:13:27Z"}
{"level":"info","msg":"{\"ev\":\"req\",\"route\":\"problem_detail\",\"status\":200,\"t\":1791350007980,\"ms\":19.8}","source":"console","time":"2026-10-07T05:13:27Z"}
{"level":"info","msg":"{\"ev\":\"req\",\"route\":\"history\",\"status\":200,\"t\":1791350008077,\"ms\":15.7}","source":"console","time":"2026-10-07T05:13:28Z"}
{"level":"info","msg":"{\"ev\":\"req\",\"route\":\"submit\",\"status\":200,\"t\":1791350008121,\"ms\":26.2}","source":"console","time":"2026-10-07T05:13:28Z"}
{"level":"info","msg":"{\"ev\":\"accepted\",\"id\":\"82eadfca-fc4f-4fd2-bd0a-2a6cdecdad99\",\"t\":1791350008121}","source":"console","time":"2026-10-07T05:13:28Z"}
{"level":"info","msg":"{\"ev\":\"req\",\"route\":\"problem_list\",\"status\":200,\"t\":1791350008175,\"ms\":14.5}","source":"console","time":"2026-10-07T05:13:28Z"}
{"level":"info","msg":"{\"ev\":\"req\",\"route\":\"problem_detail\",\"status\":200,\"t\":1791350008286,\"ms\":24.4}","source":"console","time":"2026-10-07T05:13:28Z"}
{"level":"info","msg":"{\"ev\":\"req\",\"route\":\"history\",\"status\":200,\"t\":1791350008381,\"ms\":20.7}","source":"console","time":"2026-10-07T05:13:28Z"}
{"level":"info","msg":"{\"ev\":\"req\",\"route\":\"problem_list\",\"status\":200,\"t\":1791350008477,\"ms\":16.4}","source":"console","time":"2026-10-07T05:13:28Z"}
{"level":"info","msg":"{\"ev\":\"req\",\"route\":\"problem_detail\",\"status\":200,\"t\":1791350008572,\"ms\":11}","source":"console","time":"2026-10-07T05:13:28Z"}
{"level":"info","msg":"{\"ev\":\"req\",\"route\":\"history\",\"status\":200,\"t\":1791350008670,\"ms\":8.9}","source":"console","time":"2026-10-07T05:13:28Z"}
{"level":"info","msg":"{\"ev\":\"req\",\"route\":\"problem_list\",\"status\":200,\"t\":1791350008780,\"ms\":19.4}","source":"console","time":"2026-10-07T05:13:28Z"}
{"level":"info","msg":"{\"ev\":\"req\",\"route\":\"problem_detail\",\"status\":200,\"t\":1791350008883,\"ms\":21.9}","source":"console","time":"2026-10-07T05:13:28Z"}
{"level":"info","msg":"{\"ev\":\"req\",\"route\":\"history\",\"status\":200,\"t\":1791350008977,\"ms\":15.6}","source":"console","time":"2026-10-07T05:13:28Z"}
{"level":"info","msg":"{\"ev\":\"req\",\"route\":\"problem_list\",\"status\":200,\"t\":1791350009071,\"ms\":10.8}","source":"console","time":"2026-10-07T05:13:29Z"}
{"level":"info","msg":"{\"ev\":\"req\",\"route\":\"problem_detail\",\"status\":200,\"t\":1791350009175,\"ms\":14.4}","source":"console","time":"2026-10-07T05:13:29Z"}
{"level":"info","msg":"{\"ev\":\"req\",\"route\":\"history\",\"status\":200,\"t\":1791350009273,\"ms\":11.7}","source":"console","time":"2026-10-07T05:13:29Z"}
{"level":"info","msg":"{\"ev\":\"req\",\"route\":\"problem_list\",\"status\":200,\"t\":1791350009382,\"ms\":20.8}","source":"console","time":"2026-10-07T05:13:29Z"}
{"level":"info","msg":"{\"ev\":\"req\",\"route\":\"problem_detail\",\"status\":200,\"t\":1791350009480,\"ms\":19.3}","source":"console","time":"2026-10-07T05:13:29Z"}
{"level":"info","msg":"{\"ev\":\"req\",\"route\":\"history\",\"status\":200,\"t\":1791350009578,\"ms\":16.3}","source":"console","time":"2026-10-07T05:13:29Z"}
{"level":"info","msg":"{\"ev\":\"req\",\"route\":\"problem_list\",\"status\":200,\"t\":1791350009682,\"ms\":21.3}","source":"console","time":"2026-10-07T05:13:29Z"}
{"level":"info","msg":"{\"ev\":\"req\",\"route\":\"problem_detail\",\"status\":200,\"t\":1791350009780,\"ms\":19.4}","source":"console","time":"2026-10-07T05:13:29Z"}
{"level":"info","msg":"{\"ev\":\"req\",\"route\":\"submit\",\"status\":200,\"t\":1791350009800,\"ms\":37.1}","source":"console","time":"2026-10-07T05:13:29Z"}
{"level":"info","msg":"{\"ev\":\"accepted\",\"id\":\"14318269-daf8-4750-9ca4-6dcdcf966f1b\",\"t\":1791350009800}","source":"console","time":"2026-10-07T05:13:29Z"}
{"level":"info","msg":"{\"ev\":\"req\",\"route\":\"history\",\"status\":200,\"t\":1791350009869,\"ms\":8.1}","source":"console","time":"2026-10-07T05:13:29Z"}
{"level":"info","msg":"{\"ev\":\"req\",\"route\":\"problem_list\",\"status\":200,\"t\":1791350009971,\"ms\":11.2}","source":"console","time":"2026-10-07T05:13:29Z"}
{"level":"info","msg":"{\"ev\":\"req\",\"route\":\"problem_detail\",\"status\":200,\"t\":1791350010070,\"ms\":9.4}","source":"console","time":"2026-10-07T05:13:30Z"}
{"level":"info","msg":"{\"ev\":\"req\",\"route\":\"history\",\"status\":200,\"t\":1791350010171,\"ms\":9.6}","source":"console","time":"2026-10-07T05:13:30Z"}
{"level":"info","msg":"{\"ev\":\"req\",\"route\":\"problem_list\",\"status\":200,\"t\":1791350010271,\"ms\":9.6}","source":"console","time":"2026-10-07T05:13:30Z"}
{"level":"info","msg":"{\"ev\":\"req\",\"route\":\"problem_detail\",\"status\":200,\"t\":1791350010369,\"ms\":8.6}","source":"console","time":"2026-10-07T05:13:30Z"}
{"level":"info","msg":"{\"ev\":\"req\",\"route\":\"history\",\"status\":200,\"t\":1791350010469,\"ms\":8.2}","source":"console","time":"2026-10-07T05:13:30Z"}
{"level":"info","msg":"{\"ev\":\"req\",\"route\":\"problem_list\",\"status\":200,\"t\":1791350010579,\"ms\":17.3}","source":"console","time":"2026-10-07T05:13:30Z"}
{"level":"info","msg":"{\"ev\":\"req\",\"route\":\"problem_detail\",\"status\":200,\"t\":1791350010669,\"ms\":7.9}","source":"console","time":"2026-10-07T05:13:30Z"}
{"level":"info","msg":"{\"ev\":\"req\",\"route\":\"history\",\"status\":200,\"t\":1791350010777,\"ms\":15.7}","source":"console","time":"2026-10-07T05:13:30Z"}
{"level":"info","msg":"{\"ev\":\"req\",\"route\":\"problem_list\",\"status\":200,\"t\":1791350010875,\"ms\":14.2}","source":"console","time":"2026-10-07T05:13:30Z"}
{"level":"info","msg":"{\"ev\":\"req\",\"route\":\"problem_detail\",\"status\":200,\"t\":1791350010970,\"ms\":9.4}","source":"console","time":"2026-10-07T05:13:30Z"}
{"level":"info","msg":"{\"ev\":\"req\",\"route\":\"history\",\"status\":200,\"t\":1791350011069,\"ms\":7.4}","source":"console","time":"2026-10-07T05:13:31Z"}
{"level":"info","msg":"{\"ev\":\"req\",\"route\":\"problem_list\",\"status\":200,\"t\":1791350011178,\"ms\":17}","source":"console","time":"2026-10-07T05:13:31Z"}
{"level":"info","msg":"{\"ev\":\"req\",\"route\":\"problem_detail\",\"status\":200,\"t\":1791350011270,\"ms\":9.8}","source":"console","time":"2026-10-07T05:13:31Z"}
{"level":"info","msg":"{\"ev\":\"req\",\"route\":\"history\",\"status\":200,\"t\":1791350011369,\"ms\":8.3}","source":"console","time":"2026-10-07T05:13:31Z"}
{"level":"info","msg":"{\"ev\":\"req\",\"route\":\"submit\",\"status\":200,\"t\":1791350011473,\"ms\":43.3}","source":"console","time":"2026-10-07T05:13:31Z"}
{"level":"info","msg":"{\"ev\":\"accepted\",\"id\":\"bdbd1801-41bc-4ec2-b41b-d5c472127b56\",\"t\":1791350011473}","source":"console","time":"2026-10-07T05:13:31Z"}
{"level":"info","msg":"{\"ev\":\"req\",\"route\":\"problem_list\",\"status\":200,\"t\":1791350011476,\"ms\":14.6}","source":"console","time":"2026-10-07T05:13:31Z"}
{"level":"info","msg":"{\"ev\":\"req\",\"route\":\"problem_detail\",\"status\":200,\"t\":1791350011575,\"ms\":14.9}","source":"console","time":"2026-10-07T05:13:31Z"}
{"level":"info","msg":"{\"ev\":\"req\",\"route\":\"history\",\"status\":200,\"t\":1791350011675,\"ms\":13.8}","source":"console","time":"2026-10-07T05:13:31Z"}
{"level":"info","msg":"{\"ev\":\"req\",\"route\":\"problem_list\",\"status\":200,\"t\":1791350011773,\"ms\":11.8}","source":"console","time":"2026-10-07T05:13:31Z"}
{"level":"info","msg":"{\"ev\":\"req\",\"route\":\"problem_detail\",\"status\":200,\"t\":1791350011871,\"ms\":10.2}","source":"console","time":"2026-10-07T05:13:31Z"}
{"level":"info","msg":"{\"ev\":\"req\",\"route\":\"history\",\"status\":200,\"t\":1791350011972,\"ms\":11.6}","source":"console","time":"2026-10-07T05:13:31Z"}
{"level":"info","msg":"{\"ev\":\"req\",\"route\":\"problem_list\",\"status\":200,\"t\":1791350012071,\"ms\":10.8}","source":"console","time":"2026-10-07T05:13:32Z"}
{"level":"info","msg":"{\"ev\":\"req\",\"route\":\"problem_detail\",\"status\":200,\"t\":1791350012174,\"ms\":13.2}","source":"console","time":"2026-10-07T05:13:32Z"}
{"level":"info","msg":"{\"ev\":\"req\",\"route\":\"history\",\"status\":200,\"t\":1791350012277,\"ms\":16.8}","source":"console","time":"2026-10-07T05:13:32Z"}
{"level":"info","msg":"{\"ev\":\"req\",\"route\":\"problem_list\",\"status\":200,\"t\":1791350012380,\"ms\":18.5}","source":"console","time":"2026-10-07T05:13:32Z"}
{"level":"info","msg":"{\"ev\":\"req\",\"route\":\"problem_detail\",\"status\":200,\"t\":1791350012479,\"ms\":18.2}","source":"console","time":"2026-10-07T05:13:32Z"}
{"level":"info","msg":"{\"ev\":\"req\",\"route\":\"history\",\"status\":200,\"t\":1791350012577,\"ms\":15.6}","source":"console","time":"2026-10-07T05:13:32Z"}
{"level":"info","msg":"{\"ev\":\"req\",\"route\":\"problem_list\",\"status\":200,\"t\":1791350012678,\"ms\":17.4}","source":"console","time":"2026-10-07T05:13:32Z"}
{"level":"info","msg":"{\"ev\":\"req\",\"route\":\"problem_detail\",\"status\":200,\"t\":1791350012779,\"ms\":18}","source":"console","time":"2026-10-07T05:13:32Z"}
{"level":"info","msg":"{\"ev\":\"req\",\"route\":\"history\",\"status\":200,\"t\":1791350012877,\"ms\":16.6}","source":"console","time":"2026-10-07T05:13:32Z"}
{"level":"info","msg":"{\"ev\":\"req\",\"route\":\"problem_list\",\"status\":200,\"t\":1791350012985,\"ms\":23.2}","source":"console","time":"2026-10-07T05:13:32Z"}
{"level":"info","msg":"{\"ev\":\"req\",\"route\":\"problem_detail\",\"status\":200,\"t\":1791350013080,\"ms\":18.6}","source":"console","time":"2026-10-07T05:13:33Z"}
{"level":"info","msg":"{\"ev\":\"req\",\"route\":\"submit\",\"status\":200,\"t\":1791350013118,\"ms\":22.4}","source":"console","time":"2026-10-07T05:13:33Z"}
{"level":"info","msg":"{\"ev\":\"accepted\",\"id\":\"d91158de-c1ae-4252-9e3f-92b6162fbc83\",\"t\":1791350013118}","source":"console","time":"2026-10-07T05:13:33Z"}
{"level":"info","msg":"{\"ev\":\"req\",\"route\":\"history\",\"status\":200,\"t\":1791350013169,\"ms\":8.4}","source":"console","time":"2026-10-07T05:13:33Z"}
{"level":"info","msg":"{\"ev\":\"req\",\"route\":\"problem_list\",\"status\":200,\"t\":1791350013270,\"ms\":9.4}","source":"console","time":"2026-10-07T05:13:33Z"}
{"level":"info","msg":"{\"ev\":\"req\",\"route\":\"problem_detail\",\"status\":200,\"t\":1791350013370,\"ms\":9.4}","source":"console","time":"2026-10-07T05:13:33Z"}
{"level":"info","msg":"{\"ev\":\"req\",\"route\":\"history\",\"status\":200,\"t\":1791350013471,\"ms\":9.5}","source":"console","time":"2026-10-07T05:13:33Z"}
{"level":"info","msg":"{\"ev\":\"req\",\"route\":\"problem_list\",\"status\":200,\"t\":1791350013571,\"ms\":11}","source":"console","time":"2026-10-07T05:13:33Z"}
{"level":"info","msg":"{\"ev\":\"req\",\"route\":\"problem_detail\",\"status\":200,\"t\":1791350013673,\"ms\":11.9}","source":"console","time":"2026-10-07T05:13:33Z"}
{"level":"info","msg":"{\"ev\":\"req\",\"route\":\"history\",\"status\":200,\"t\":1791350013779,\"ms\":18}","source":"console","time":"2026-10-07T05:13:33Z"}
{"level":"info","msg":"{\"ev\":\"req\",\"route\":\"problem_list\",\"status\":200,\"t\":1791350013874,\"ms\":13.5}","source":"console","time":"2026-10-07T05:13:33Z"}
{"level":"info","msg":"{\"ev\":\"req\",\"route\":\"problem_detail\",\"status\":200,\"t\":1791350013971,\"ms\":10.4}","source":"console","time":"2026-10-07T05:13:33Z"}
{"level":"info","msg":"{\"ev\":\"req\",\"route\":\"history\",\"status\":200,\"t\":1791350014069,\"ms\":8}","source":"console","time":"2026-10-07T05:13:34Z"}
{"level":"info","msg":"{\"ev\":\"req\",\"route\":\"problem_list\",\"status\":200,\"t\":1791350014176,\"ms\":14.4}","source":"console","time":"2026-10-07T05:13:34Z"}
{"level":"info","msg":"{\"ev\":\"req\",\"route\":\"problem_detail\",\"status\":200,\"t\":1791350014269,\"ms\":8}","source":"console","time":"2026-10-07T05:13:34Z"}
{"level":"info","msg":"{\"ev\":\"req\",\"route\":\"history\",\"status\":200,\"t\":1791350014378,\"ms\":17.3}","source":"console","time":"2026-10-07T05:13:34Z"}
{"level":"info","msg":"{\"ev\":\"req\",\"route\":\"problem_list\",\"status\":200,\"t\":1791350014472,\"ms\":10.9}","source":"console","time":"2026-10-07T05:13:34Z"}
{"level":"info","msg":"{\"ev\":\"req\",\"route\":\"problem_detail\",\"status\":200,\"t\":1791350014573,\"ms\":12.1}","source":"console","time":"2026-10-07T05:13:34Z"}
{"level":"info","msg":"{\"ev\":\"req\",\"route\":\"history\",\"status\":200,\"t\":1791350014673,\"ms\":12.1}","source":"console","time":"2026-10-07T05:13:34Z"}
{"level":"info","msg":"{\"ev\":\"req\",\"route\":\"problem_list\",\"status\":200,\"t\":1791350014775,\"ms\":14.1}","source":"console","time":"2026-10-07T05:13:34Z"}
{"level":"info","msg":"{\"ev\":\"req\",\"route\":\"submit\",\"status\":200,\"t\":1791350014795,\"ms\":30.1}","source":"console","time":"2026-10-07T05:13:34Z"}
{"level":"info","msg":"{\"ev\":\"accepted\",\"id\":\"84670620-9105-4d3a-bf0c-d17fb81e2bd2\",\"t\":1791350014795}","source":"console","time":"2026-10-07T05:13:34Z"}
{"level":"info","msg":"{\"ev\":\"req\",\"route\":\"problem_detail\",\"status\":200,\"t\":1791350014882,\"ms\":21.5}","source":"console","time":"2026-10-07T05:13:34Z"}
{"level":"info","msg":"{\"ev\":\"req\",\"route\":\"history\",\"status\":200,\"t\":1791350014998,\"ms\":36.5}","source":"console","time":"2026-10-07T05:13:34Z"}
{"level":"info","msg":"{\"ev\":\"req\",\"route\":\"problem_list\",\"status\":200,\"t\":1791350015072,\"ms\":11.5}","source":"console","time":"2026-10-07T05:13:35Z"}
{"level":"info","msg":"{\"ev\":\"req\",\"route\":\"problem_detail\",\"status\":200,\"t\":1791350015174,\"ms\":13.5}","source":"console","time":"2026-10-07T05:13:35Z"}
{"level":"info","msg":"{\"ev\":\"req\",\"route\":\"history\",\"status\":200,\"t\":1791350015270,\"ms\":9}","source":"console","time":"2026-10-07T05:13:35Z"}
{"level":"info","msg":"{\"ev\":\"req\",\"route\":\"problem_list\",\"status\":200,\"t\":1791350015369,\"ms\":8.7}","source":"console","time":"2026-10-07T05:13:35Z"}
{"level":"info","msg":"{\"ev\":\"req\",\"route\":\"problem_detail\",\"status\":200,\"t\":1791350015475,\"ms\":14}","source":"console","time":"2026-10-07T05:13:35Z"}
{"level":"info","msg":"{\"ev\":\"req\",\"route\":\"history\",\"status\":200,\"t\":1791350015576,\"ms\":15.9}","source":"console","time":"2026-10-07T05:13:35Z"}
{"level":"info","msg":"{\"ev\":\"req\",\"route\":\"problem_list\",\"status\":200,\"t\":1791350015671,\"ms\":9.6}","source":"console","time":"2026-10-07T05:13:35Z"}
{"level":"info","msg":"{\"ev\":\"req\",\"route\":\"problem_detail\",\"status\":200,\"t\":1791350015779,\"ms\":17.8}","source":"console","time":"2026-10-07T05:13:35Z"}
{"level":"info","msg":"{\"ev\":\"req\",\"route\":\"history\",\"status\":200,\"t\":1791350015882,\"ms\":21.6}","source":"console","time":"2026-10-07T05:13:35Z"}
{"level":"info","msg":"{\"ev\":\"req\",\"route\":\"problem_list\",\"status\":200,\"t\":1791350015971,\"ms\":10.6}","source":"console","time":"2026-10-07T05:13:35Z"}
{"level":"info","msg":"{\"ev\":\"req\",\"route\":\"problem_detail\",\"status\":200,\"t\":1791350016080,\"ms\":18.3}","source":"console","time":"2026-10-07T05:13:36Z"}
{"level":"info","msg":"{\"ev\":\"req\",\"route\":\"history\",\"status\":200,\"t\":1791350016177,\"ms\":16.8}","source":"console","time":"2026-10-07T05:13:36Z"}
{"level":"info","msg":"{\"ev\":\"req\",\"route\":\"problem_list\",\"status\":200,\"t\":1791350016269,\"ms\":7.6}","source":"console","time":"2026-10-07T05:13:36Z"}
{"level":"info","msg":"{\"ev\":\"req\",\"route\":\"problem_detail\",\"status\":200,\"t\":1791350016370,\"ms\":9.5}","source":"console","time":"2026-10-07T05:13:36Z"}
{"level":"info","msg":"{\"ev\":\"req\",\"route\":\"submit\",\"status\":200,\"t\":1791350016454,\"ms\":26.3}","source":"console","time":"2026-10-07T05:13:36Z"}
{"level":"info","msg":"{\"ev\":\"accepted\",\"id\":\"9470bad9-7956-4a2d-85e0-cb23085f99d2\",\"t\":1791350016454}","source":"console","time":"2026-10-07T05:13:36Z"}
{"level":"info","msg":"{\"ev\":\"req\",\"route\":\"history\",\"status\":200,\"t\":1791350016471,\"ms\":10.6}","source":"console","time":"2026-10-07T05:13:36Z"}
{"level":"info","msg":"{\"ev\":\"req\",\"route\":\"problem_list\",\"status\":200,\"t\":1791350016569,\"ms\":8.3}","source":"console","time":"2026-10-07T05:13:36Z"}
{"level":"info","msg":"{\"ev\":\"req\",\"route\":\"problem_detail\",\"status\":200,\"t\":1791350016669,\"ms\":8}","source":"console","time":"2026-10-07T05:13:36Z"}
{"level":"info","msg":"{\"ev\":\"req\",\"route\":\"history\",\"status\":200,\"t\":1791350016771,\"ms\":9.7}","source":"console","time":"2026-10-07T05:13:36Z"}
{"level":"info","msg":"{\"ev\":\"req\",\"route\":\"problem_list\",\"status\":200,\"t\":1791350016872,\"ms\":11.2}","source":"console","time":"2026-10-07T05:13:36Z"}
{"level":"info","msg":"{\"ev\":\"req\",\"route\":\"problem_detail\",\"status\":200,\"t\":1791350016968,\"ms\":8}","source":"console","time":"2026-10-07T05:13:36Z"}
{"level":"info","msg":"{\"ev\":\"req\",\"route\":\"history\",\"status\":200,\"t\":1791350017068,\"ms\":7.5}","source":"console","time":"2026-10-07T05:13:37Z"}
{"level":"info","msg":"{\"ev\":\"req\",\"route\":\"problem_list\",\"status\":200,\"t\":1791350017170,\"ms\":8.8}","source":"console","time":"2026-10-07T05:13:37Z"}
{"level":"info","msg":"{\"ev\":\"req\",\"route\":\"problem_detail\",\"status\":200,\"t\":1791350017279,\"ms\":17.8}","source":"console","time":"2026-10-07T05:13:37Z"}
{"level":"info","msg":"{\"ev\":\"req\",\"route\":\"history\",\"status\":200,\"t\":1791350017375,\"ms\":14.6}","source":"console","time":"2026-10-07T05:13:37Z"}
{"level":"info","msg":"{\"ev\":\"req\",\"route\":\"problem_list\",\"status\":200,\"t\":1791350017478,\"ms\":16.7}","source":"console","time":"2026-10-07T05:13:37Z"}
{"level":"info","msg":"{\"ev\":\"req\",\"route\":\"problem_detail\",\"status\":200,\"t\":1791350017578,\"ms\":17.2}","source":"console","time":"2026-10-07T05:13:37Z"}
{"level":"info","msg":"{\"ev\":\"req\",\"route\":\"history\",\"status\":200,\"t\":1791350017678,\"ms\":16.3}","source":"console","time":"2026-10-07T05:13:37Z"}
{"level":"info","msg":"{\"ev\":\"req\",\"route\":\"problem_list\",\"status\":200,\"t\":1791350017780,\"ms\":19.7}","source":"console","time":"2026-10-07T05:13:37Z"}
{"level":"info","msg":"{\"ev\":\"req\",\"route\":\"problem_detail\",\"status\":200,\"t\":1791350017879,\"ms\":17.5}","source":"console","time":"2026-10-07T05:13:37Z"}
{"level":"info","msg":"{\"ev\":\"req\",\"route\":\"history\",\"status\":200,\"t\":1791350017979,\"ms\":18.7}","source":"console","time":"2026-10-07T05:13:37Z"}
{"level":"info","msg":"{\"ev\":\"req\",\"route\":\"problem_list\",\"status\":200,\"t\":1791350018077,\"ms\":16}","source":"console","time":"2026-10-07T05:13:38Z"}
{"level":"info","msg":"{\"ev\":\"req\",\"route\":\"submit\",\"status\":200,\"t\":1791350018138,\"ms\":44}","source":"console","time":"2026-10-07T05:13:38Z"}
{"level":"info","msg":"{\"ev\":\"accepted\",\"id\":\"3ad02f42-3068-4ece-82d5-99704026cb7e\",\"t\":1791350018138}","source":"console","time":"2026-10-07T05:13:38Z"}
{"level":"info","msg":"{\"ev\":\"req\",\"route\":\"problem_detail\",\"status\":200,\"t\":1791350018171,\"ms\":10}","source":"console","time":"2026-10-07T05:13:38Z"}
{"level":"info","msg":"{\"ev\":\"req\",\"route\":\"history\",\"status\":200,\"t\":1791350018273,\"ms\":12.7}","source":"console","time":"2026-10-07T05:13:38Z"}
{"level":"info","msg":"{\"ev\":\"req\",\"route\":\"problem_list\",\"status\":200,\"t\":1791350018375,\"ms\":14.1}","source":"console","time":"2026-10-07T05:13:38Z"}
{"level":"info","msg":"{\"ev\":\"req\",\"route\":\"problem_detail\",\"status\":200,\"t\":1791350018485,\"ms\":24.7}","source":"console","time":"2026-10-07T05:13:38Z"}
{"level":"info","msg":"{\"ev\":\"req\",\"route\":\"history\",\"status\":200,\"t\":1791350018570,\"ms\":9.4}","source":"console","time":"2026-10-07T05:13:38Z"}
{"level":"info","msg":"{\"ev\":\"req\",\"route\":\"problem_list\",\"status\":200,\"t\":1791350018669,\"ms\":7.9}","source":"console","time":"2026-10-07T05:13:38Z"}
{"level":"info","msg":"{\"ev\":\"req\",\"route\":\"problem_detail\",\"status\":200,\"t\":1791350018769,\"ms\":8.1}","source":"console","time":"2026-10-07T05:13:38Z"}
{"level":"info","msg":"{\"ev\":\"req\",\"route\":\"history\",\"status\":200,\"t\":1791350018870,\"ms\":9.6}","source":"console","time":"2026-10-07T05:13:38Z"}
{"level":"info","msg":"{\"ev\":\"req\",\"route\":\"problem_list\",\"status\":200,\"t\":1791350018970,\"ms\":9.2}","source":"console","time":"2026-10-07T05:13:38Z"}
{"level":"info","msg":"{\"ev\":\"req\",\"route\":\"problem_detail\",\"status\":200,\"t\":1791350019077,\"ms\":16.1}","source":"console","time":"2026-10-07T05:13:39Z"}
{"level":"info","msg":"{\"ev\":\"req\",\"route\":\"history\",\"status\":200,\"t\":1791350019178,\"ms\":16.9}","source":"console","time":"2026-10-07T05:13:39Z"}
{"level":"info","msg":"{\"ev\":\"req\",\"route\":\"problem_list\",\"status\":200,\"t\":1791350019276,\"ms\":15.1}","source":"console","time":"2026-10-07T05:13:39Z"}
{"level":"info","msg":"{\"ev\":\"req\",\"route\":\"problem_detail\",\"status\":200,\"t\":1791350019378,\"ms\":17}","source":"console","time":"2026-10-07T05:13:39Z"}
{"level":"info","msg":"{\"ev\":\"req\",\"route\":\"history\",\"status\":200,\"t\":1791350019473,\"ms\":12.2}","source":"console","time":"2026-10-07T05:13:39Z"}
{"level":"info","msg":"{\"ev\":\"req\",\"route\":\"problem_list\",\"status\":200,\"t\":1791350019578,\"ms\":17.1}","source":"console","time":"2026-10-07T05:13:39Z"}
{"level":"info","msg":"{\"ev\":\"req\",\"route\":\"problem_detail\",\"status\":200,\"t\":1791350019678,\"ms\":17.1}","source":"console","time":"2026-10-07T05:13:39Z"}
{"level":"info","msg":"{\"ev\":\"req\",\"route\":\"history\",\"status\":200,\"t\":1791350019782,\"ms\":21.2}","source":"console","time":"2026-10-07T05:13:39Z"}
{"level":"info","msg":"{\"ev\":\"req\",\"route\":\"submit\",\"status\":200,\"t\":1791350019798,\"ms\":32.7}","source":"console","time":"2026-10-07T05:13:39Z"}
{"level":"info","msg":"{\"ev\":\"accepted\",\"id\":\"a812a095-bfd0-4793-a9ae-86517b71a069\",\"t\":1791350019798}","source":"console","time":"2026-10-07T05:13:39Z"}
{"level":"info","msg":"{\"ev\":\"req\",\"route\":\"problem_list\",\"status\":200,\"t\":1791350019869,\"ms\":8.3}","source":"console","time":"2026-10-07T05:13:39Z"}
{"level":"info","msg":"{\"ev\":\"req\",\"route\":\"problem_detail\",\"status\":200,\"t\":1791350019969,\"ms\":8.1}","source":"console","time":"2026-10-07T05:13:39Z"}
{"level":"info","msg":"{\"ev\":\"req\",\"route\":\"history\",\"status\":200,\"t\":1791350020073,\"ms\":12.1}","source":"console","time":"2026-10-07T05:13:40Z"}
{"level":"info","msg":"{\"ev\":\"req\",\"route\":\"problem_list\",\"status\":200,\"t\":1791350020170,\"ms\":8.7}","source":"console","time":"2026-10-07T05:13:40Z"}
{"level":"info","msg":"{\"ev\":\"req\",\"route\":\"problem_detail\",\"status\":200,\"t\":1791350020268,\"ms\":7.2}","source":"console","time":"2026-10-07T05:13:40Z"}
{"level":"info","msg":"{\"ev\":\"req\",\"route\":\"history\",\"status\":200,\"t\":1791350020369,\"ms\":8.3}","source":"console","time":"2026-10-07T05:13:40Z"}
{"level":"info","msg":"{\"ev\":\"req\",\"route\":\"problem_list\",\"status\":200,\"t\":1791350020469,\"ms\":8.6}","source":"console","time":"2026-10-07T05:13:40Z"}
{"level":"info","msg":"{\"ev\":\"req\",\"route\":\"problem_detail\",\"status\":200,\"t\":1791350020570,\"ms\":9.2}","source":"console","time":"2026-10-07T05:13:40Z"}
{"level":"info","msg":"{\"ev\":\"req\",\"route\":\"history\",\"status\":200,\"t\":1791350020669,\"ms\":8.2}","source":"console","time":"2026-10-07T05:13:40Z"}
{"level":"info","msg":"{\"ev\":\"req\",\"route\":\"problem_list\",\"status\":200,\"t\":1791350020776,\"ms\":15.5}","source":"console","time":"2026-10-07T05:13:40Z"}
{"level":"info","msg":"{\"ev\":\"req\",\"route\":\"problem_detail\",\"status\":200,\"t\":1791350020878,\"ms\":17.1}","source":"console","time":"2026-10-07T05:13:40Z"}
{"level":"info","msg":"{\"ev\":\"req\",\"route\":\"history\",\"status\":200,\"t\":1791350020976,\"ms\":14.5}","source":"console","time":"2026-10-07T05:13:40Z"}
{"level":"info","msg":"{\"ev\":\"req\",\"route\":\"problem_list\",\"status\":200,\"t\":1791350021071,\"ms\":10.5}","source":"console","time":"2026-10-07T05:13:41Z"}
{"level":"info","msg":"{\"ev\":\"req\",\"route\":\"problem_detail\",\"status\":200,\"t\":1791350021176,\"ms\":14.9}","source":"console","time":"2026-10-07T05:13:41Z"}
{"level":"info","msg":"{\"ev\":\"req\",\"route\":\"history\",\"status\":200,\"t\":1791350021277,\"ms\":15.9}","source":"console","time":"2026-10-07T05:13:41Z"}
{"level":"info","msg":"{\"ev\":\"req\",\"route\":\"problem_list\",\"status\":200,\"t\":1791350021376,\"ms\":15.1}","source":"console","time":"2026-10-07T05:13:41Z"}
{"level":"info","msg":"{\"ev\":\"req\",\"route\":\"submit\",\"status\":200,\"t\":1791350021461,\"ms\":34.1}","source":"console","time":"2026-10-07T05:13:41Z"}
{"level":"info","msg":"{\"ev\":\"accepted\",\"id\":\"7e417439-3864-4fe7-8e00-8ae139b1b584\",\"t\":1791350021461}","source":"console","time":"2026-10-07T05:13:41Z"}
{"level":"info","msg":"{\"ev\":\"req\",\"route\":\"problem_detail\",\"status\":200,\"t\":1791350021472,\"ms\":11.6}","source":"console","time":"2026-10-07T05:13:41Z"}
{"level":"info","msg":"{\"ev\":\"req\",\"route\":\"history\",\"status\":200,\"t\":1791350021573,\"ms\":11.9}","source":"console","time":"2026-10-07T05:13:41Z"}
{"level":"info","msg":"{\"ev\":\"req\",\"route\":\"problem_list\",\"status\":200,\"t\":1791350021675,\"ms\":13.3}","source":"console","time":"2026-10-07T05:13:41Z"}
{"level":"info","msg":"{\"ev\":\"req\",\"route\":\"problem_detail\",\"status\":200,\"t\":1791350021770,\"ms\":9.2}","source":"console","time":"2026-10-07T05:13:41Z"}
{"level":"info","msg":"{\"ev\":\"req\",\"route\":\"history\",\"status\":200,\"t\":1791350021874,\"ms\":12.3}","source":"console","time":"2026-10-07T05:13:41Z"}
{"level":"info","msg":"{\"ev\":\"req\",\"route\":\"problem_list\",\"status\":200,\"t\":1791350021969,\"ms\":8.6}","source":"console","time":"2026-10-07T05:13:41Z"}
{"level":"info","msg":"{\"ev\":\"req\",\"route\":\"problem_detail\",\"status\":200,\"t\":1791350022078,\"ms\":17}","source":"console","time":"2026-10-07T05:13:42Z"}
{"level":"info","msg":"{\"ev\":\"req\",\"route\":\"history\",\"status\":200,\"t\":1791350022173,\"ms\":12.6}","source":"console","time":"2026-10-07T05:13:42Z"}
{"level":"info","msg":"{\"ev\":\"req\",\"route\":\"problem_list\",\"status\":200,\"t\":1791350022270,\"ms\":9}","source":"console","time":"2026-10-07T05:13:42Z"}
{"level":"info","msg":"{\"ev\":\"req\",\"route\":\"problem_detail\",\"status\":200,\"t\":1791350022369,\"ms\":7.8}","source":"console","time":"2026-10-07T05:13:42Z"}
{"level":"info","msg":"{\"ev\":\"req\",\"route\":\"history\",\"status\":200,\"t\":1791350022477,\"ms\":15.4}","source":"console","time":"2026-10-07T05:13:42Z"}
{"level":"info","msg":"{\"ev\":\"req\",\"route\":\"problem_list\",\"status\":200,\"t\":1791350022578,\"ms\":17.4}","source":"console","time":"2026-10-07T05:13:42Z"}
{"level":"info","msg":"{\"ev\":\"req\",\"route\":\"problem_detail\",\"status\":200,\"t\":1791350022680,\"ms\":18.8}","source":"console","time":"2026-10-07T05:13:42Z"}
{"level":"info","msg":"{\"ev\":\"req\",\"route\":\"history\",\"status\":200,\"t\":1791350022769,\"ms\":8}","source":"console","time":"2026-10-07T05:13:42Z"}
{"level":"info","msg":"{\"ev\":\"req\",\"route\":\"problem_list\",\"status\":200,\"t\":1791350022881,\"ms\":20.4}","source":"console","time":"2026-10-07T05:13:42Z"}
{"level":"info","msg":"{\"ev\":\"req\",\"route\":\"problem_detail\",\"status\":200,\"t\":1791350022969,\"ms\":8.2}","source":"console","time":"2026-10-07T05:13:42Z"}
{"level":"info","msg":"{\"ev\":\"req\",\"route\":\"history\",\"status\":200,\"t\":1791350023075,\"ms\":14.2}","source":"console","time":"2026-10-07T05:13:43Z"}
{"level":"info","msg":"{\"ev\":\"req\",\"route\":\"submit\",\"status\":200,\"t\":1791350023125,\"ms\":30.4}","source":"console","time":"2026-10-07T05:13:43Z"}
{"level":"info","msg":"{\"ev\":\"accepted\",\"id\":\"e56b2628-1f9d-445b-866c-1f9c8692c7b7\",\"t\":1791350023125}","source":"console","time":"2026-10-07T05:13:43Z"}
{"level":"info","msg":"{\"ev\":\"req\",\"route\":\"problem_list\",\"status\":200,\"t\":1791350023170,\"ms\":8.8}","source":"console","time":"2026-10-07T05:13:43Z"}
{"level":"info","msg":"{\"ev\":\"req\",\"route\":\"problem_detail\",\"status\":200,\"t\":1791350023270,\"ms\":9}","source":"console","time":"2026-10-07T05:13:43Z"}
{"level":"info","msg":"{\"ev\":\"req\",\"route\":\"history\",\"status\":200,\"t\":1791350023370,\"ms\":9.3}","source":"console","time":"2026-10-07T05:13:43Z"}
{"level":"info","msg":"{\"ev\":\"req\",\"route\":\"problem_list\",\"status\":200,\"t\":1791350023469,\"ms\":8}","source":"console","time":"2026-10-07T05:13:43Z"}
{"level":"info","msg":"{\"ev\":\"req\",\"route\":\"problem_detail\",\"status\":200,\"t\":1791350023570,\"ms\":9.4}","source":"console","time":"2026-10-07T05:13:43Z"}
{"level":"info","msg":"{\"ev\":\"req\",\"route\":\"history\",\"status\":200,\"t\":1791350023668,\"ms\":7.7}","source":"console","time":"2026-10-07T05:13:43Z"}
{"level":"info","msg":"{\"ev\":\"req\",\"route\":\"problem_list\",\"status\":200,\"t\":1791350023771,\"ms\":9.9}","source":"console","time":"2026-10-07T05:13:43Z"}
{"level":"info","msg":"{\"ev\":\"req\",\"route\":\"problem_detail\",\"status\":200,\"t\":1791350023869,\"ms\":7.9}","source":"console","time":"2026-10-07T05:13:43Z"}
{"level":"info","msg":"{\"ev\":\"req\",\"route\":\"history\",\"status\":200,\"t\":1791350023973,\"ms\":12.1}","source":"console","time":"2026-10-07T05:13:43Z"}
{"level":"info","msg":"{\"ev\":\"req\",\"route\":\"problem_list\",\"status\":200,\"t\":1791350024069,\"ms\":8.1}","source":"console","time":"2026-10-07T05:13:44Z"}
{"level":"info","msg":"{\"ev\":\"req\",\"route\":\"problem_detail\",\"status\":200,\"t\":1791350024176,\"ms\":15}","source":"console","time":"2026-10-07T05:13:44Z"}
{"level":"info","msg":"{\"ev\":\"req\",\"route\":\"history\",\"status\":200,\"t\":1791350024278,\"ms\":17}","source":"console","time":"2026-10-07T05:13:44Z"}
{"level":"info","msg":"{\"ev\":\"req\",\"route\":\"problem_list\",\"status\":200,\"t\":1791350024378,\"ms\":16.7}","source":"console","time":"2026-10-07T05:13:44Z"}
{"level":"info","msg":"{\"ev\":\"req\",\"route\":\"problem_detail\",\"status\":200,\"t\":1791350024474,\"ms\":13.4}","source":"console","time":"2026-10-07T05:13:44Z"}
{"level":"info","msg":"{\"ev\":\"req\",\"route\":\"history\",\"status\":200,\"t\":1791350024568,\"ms\":7.4}","source":"console","time":"2026-10-07T05:13:44Z"}
{"level":"info","msg":"{\"ev\":\"req\",\"route\":\"problem_list\",\"status\":200,\"t\":1791350024669,\"ms\":8.3}","source":"console","time":"2026-10-07T05:13:44Z"}
{"level":"info","msg":"{\"ev\":\"req\",\"route\":\"problem_detail\",\"status\":200,\"t\":1791350024779,\"ms\":17.9}","source":"console","time":"2026-10-07T05:13:44Z"}
{"level":"info","msg":"{\"ev\":\"req\",\"route\":\"submit\",\"status\":200,\"t\":1791350024818,\"ms\":57}","source":"console","time":"2026-10-07T05:13:44Z"}
{"level":"info","msg":"{\"ev\":\"accepted\",\"id\":\"cacf7a36-858c-43f7-82f8-d28ff3122777\",\"t\":1791350024818}","source":"console","time":"2026-10-07T05:13:44Z"}
{"level":"info","msg":"{\"ev\":\"req\",\"route\":\"history\",\"status\":200,\"t\":1791350024873,\"ms\":12.3}","source":"console","time":"2026-10-07T05:13:44Z"}
{"level":"info","msg":"{\"ev\":\"req\",\"route\":\"problem_list\",\"status\":200,\"t\":1791350025011,\"ms\":49.7}","source":"console","time":"2026-10-07T05:13:45Z"}
{"level":"info","msg":"{\"ev\":\"req\",\"route\":\"problem_detail\",\"status\":200,\"t\":1791350025092,\"ms\":30.5}","source":"console","time":"2026-10-07T05:13:45Z"}
{"level":"info","msg":"{\"ev\":\"req\",\"route\":\"history\",\"status\":200,\"t\":1791350025176,\"ms\":15.3}","source":"console","time":"2026-10-07T05:13:45Z"}
{"level":"info","msg":"{\"ev\":\"req\",\"route\":\"problem_list\",\"status\":200,\"t\":1791350025281,\"ms\":19.9}","source":"console","time":"2026-10-07T05:13:45Z"}
{"level":"info","msg":"{\"ev\":\"req\",\"route\":\"problem_detail\",\"status\":200,\"t\":1791350025375,\"ms\":14.5}","source":"console","time":"2026-10-07T05:13:45Z"}
{"level":"info","msg":"{\"ev\":\"req\",\"route\":\"history\",\"status\":200,\"t\":1791350025471,\"ms\":10.6}","source":"console","time":"2026-10-07T05:13:45Z"}
{"level":"info","msg":"{\"ev\":\"req\",\"route\":\"problem_list\",\"status\":200,\"t\":1791350025573,\"ms\":12.2}","source":"console","time":"2026-10-07T05:13:45Z"}
{"level":"info","msg":"{\"ev\":\"req\",\"route\":\"problem_detail\",\"status\":200,\"t\":1791350025669,\"ms\":7.7}","source":"console","time":"2026-10-07T05:13:45Z"}
{"level":"info","msg":"{\"ev\":\"req\",\"route\":\"history\",\"status\":200,\"t\":1791350025781,\"ms\":19.8}","source":"console","time":"2026-10-07T05:13:45Z"}
{"level":"info","msg":"{\"ev\":\"req\",\"route\":\"problem_list\",\"status\":200,\"t\":1791350025876,\"ms\":14.5}","source":"console","time":"2026-10-07T05:13:45Z"}
{"level":"info","msg":"{\"ev\":\"req\",\"route\":\"problem_detail\",\"status\":200,\"t\":1791350025969,\"ms\":7.8}","source":"console","time":"2026-10-07T05:13:45Z"}
{"level":"info","msg":"{\"ev\":\"req\",\"route\":\"history\",\"status\":200,\"t\":1791350026078,\"ms\":17.2}","source":"console","time":"2026-10-07T05:13:46Z"}
{"level":"info","msg":"{\"ev\":\"req\",\"route\":\"problem_list\",\"status\":200,\"t\":1791350026170,\"ms\":8.6}","source":"console","time":"2026-10-07T05:13:46Z"}
{"level":"info","msg":"{\"ev\":\"req\",\"route\":\"problem_detail\",\"status\":200,\"t\":1791350026268,\"ms\":6.8}","source":"console","time":"2026-10-07T05:13:46Z"}
{"level":"info","msg":"{\"ev\":\"req\",\"route\":\"history\",\"status\":200,\"t\":1791350026376,\"ms\":15.5}","source":"console","time":"2026-10-07T05:13:46Z"}
{"level":"info","msg":"{\"ev\":\"req\",\"route\":\"submit\",\"status\":200,\"t\":1791350026458,\"ms\":30.9}","source":"console","time":"2026-10-07T05:13:46Z"}
{"level":"info","msg":"{\"ev\":\"accepted\",\"id\":\"240624f5-f7ac-4d34-aec1-9037537f8a88\",\"t\":1791350026458}","source":"console","time":"2026-10-07T05:13:46Z"}
{"level":"info","msg":"{\"ev\":\"req\",\"route\":\"problem_list\",\"status\":200,\"t\":1791350026468,\"ms\":7.5}","source":"console","time":"2026-10-07T05:13:46Z"}
{"level":"info","msg":"{\"ev\":\"req\",\"route\":\"problem_detail\",\"status\":200,\"t\":1791350026568,\"ms\":7.7}","source":"console","time":"2026-10-07T05:13:46Z"}
{"level":"info","msg":"{\"ev\":\"req\",\"route\":\"history\",\"status\":200,\"t\":1791350026669,\"ms\":8}","source":"console","time":"2026-10-07T05:13:46Z"}
{"level":"info","msg":"{\"ev\":\"req\",\"route\":\"problem_list\",\"status\":200,\"t\":1791350026769,\"ms\":8}","source":"console","time":"2026-10-07T05:13:46Z"}
{"level":"info","msg":"{\"ev\":\"req\",\"route\":\"problem_detail\",\"status\":200,\"t\":1791350026868,\"ms\":7.2}","source":"console","time":"2026-10-07T05:13:46Z"}
{"level":"info","msg":"{\"ev\":\"req\",\"route\":\"history\",\"status\":200,\"t\":1791350026969,\"ms\":7.6}","source":"console","time":"2026-10-07T05:13:46Z"}
{"level":"info","msg":"{\"ev\":\"req\",\"route\":\"problem_list\",\"status\":200,\"t\":1791350027069,\"ms\":8.8}","source":"console","time":"2026-10-07T05:13:47Z"}
{"level":"info","msg":"{\"ev\":\"req\",\"route\":\"problem_detail\",\"status\":200,\"t\":1791350027171,\"ms\":9.9}","source":"console","time":"2026-10-07T05:13:47Z"}
{"level":"info","msg":"{\"ev\":\"req\",\"route\":\"history\",\"status\":200,\"t\":1791350027269,\"ms\":7.9}","source":"console","time":"2026-10-07T05:13:47Z"}
{"level":"info","msg":"{\"ev\":\"req\",\"route\":\"problem_list\",\"status\":200,\"t\":1791350027378,\"ms\":16.9}","source":"console","time":"2026-10-07T05:13:47Z"}
{"level":"info","msg":"{\"ev\":\"req\",\"route\":\"problem_detail\",\"status\":200,\"t\":1791350027487,\"ms\":25.6}","source":"console","time":"2026-10-07T05:13:47Z"}
{"level":"info","msg":"{\"ev\":\"req\",\"route\":\"history\",\"status\":200,\"t\":1791350027577,\"ms\":15.6}","source":"console","time":"2026-10-07T05:13:47Z"}
{"level":"info","msg":"{\"ev\":\"req\",\"route\":\"problem_list\",\"status\":200,\"t\":1791350027678,\"ms\":17}","source":"console","time":"2026-10-07T05:13:47Z"}
{"level":"info","msg":"{\"ev\":\"req\",\"route\":\"problem_detail\",\"status\":200,\"t\":1791350027775,\"ms\":14.6}","source":"console","time":"2026-10-07T05:13:47Z"}
{"level":"info","msg":"{\"ev\":\"req\",\"route\":\"history\",\"status\":200,\"t\":1791350027878,\"ms\":17.6}","source":"console","time":"2026-10-07T05:13:47Z"}
{"level":"info","msg":"{\"ev\":\"req\",\"route\":\"problem_list\",\"status\":200,\"t\":1791350027981,\"ms\":19.7}","source":"console","time":"2026-10-07T05:13:47Z"}
{"level":"info","msg":"{\"ev\":\"req\",\"route\":\"problem_detail\",\"status\":200,\"t\":1791350028071,\"ms\":11}","source":"console","time":"2026-10-07T05:13:48Z"}
{"level":"info","msg":"{\"ev\":\"req\",\"route\":\"submit\",\"status\":200,\"t\":1791350028118,\"ms\":24.1}","source":"console","time":"2026-10-07T05:13:48Z"}
{"level":"info","msg":"{\"ev\":\"accepted\",\"id\":\"81e5ff12-396b-443c-8e59-c0826e276487\",\"t\":1791350028118}","source":"console","time":"2026-10-07T05:13:48Z"}
{"level":"info","msg":"{\"ev\":\"req\",\"route\":\"history\",\"status\":200,\"t\":1791350028172,\"ms\":10.8}","source":"console","time":"2026-10-07T05:13:48Z"}
{"level":"info","msg":"{\"ev\":\"req\",\"route\":\"problem_list\",\"status\":200,\"t\":1791350028273,\"ms\":12.2}","source":"console","time":"2026-10-07T05:13:48Z"}
{"level":"info","msg":"{\"ev\":\"req\",\"route\":\"problem_detail\",\"status\":200,\"t\":1791350028373,\"ms\":12.8}","source":"console","time":"2026-10-07T05:13:48Z"}
{"level":"info","msg":"{\"ev\":\"req\",\"route\":\"history\",\"status\":200,\"t\":1791350028471,\"ms\":10.9}","source":"console","time":"2026-10-07T05:13:48Z"}
{"level":"info","msg":"{\"ev\":\"req\",\"route\":\"problem_list\",\"status\":200,\"t\":1791350028570,\"ms\":9.9}","source":"console","time":"2026-10-07T05:13:48Z"}
{"level":"info","msg":"{\"ev\":\"req\",\"route\":\"problem_detail\",\"status\":200,\"t\":1791350028669,\"ms\":7.9}","source":"console","time":"2026-10-07T05:13:48Z"}
{"level":"info","msg":"{\"ev\":\"req\",\"route\":\"history\",\"status\":200,\"t\":1791350028774,\"ms\":13.1}","source":"console","time":"2026-10-07T05:13:48Z"}
{"level":"info","msg":"{\"ev\":\"req\",\"route\":\"problem_list\",\"status\":200,\"t\":1791350028868,\"ms\":7.6}","source":"console","time":"2026-10-07T05:13:48Z"}
{"level":"info","msg":"{\"ev\":\"req\",\"route\":\"problem_detail\",\"status\":200,\"t\":1791350028973,\"ms\":12.5}","source":"console","time":"2026-10-07T05:13:48Z"}
{"level":"info","msg":"{\"ev\":\"req\",\"route\":\"history\",\"status\":200,\"t\":1791350029067,\"ms\":6.3}","source":"console","time":"2026-10-07T05:13:49Z"}
{"level":"info","msg":"{\"ev\":\"req\",\"route\":\"problem_list\",\"status\":200,\"t\":1791350029178,\"ms\":16.8}","source":"console","time":"2026-10-07T05:13:49Z"}
{"level":"info","msg":"{\"ev\":\"req\",\"route\":\"problem_detail\",\"status\":200,\"t\":1791350029272,\"ms\":11.7}","source":"console","time":"2026-10-07T05:13:49Z"}
{"level":"info","msg":"{\"ev\":\"req\",\"route\":\"history\",\"status\":200,\"t\":1791350029367,\"ms\":6.3}","source":"console","time":"2026-10-07T05:13:49Z"}
{"level":"info","msg":"{\"ev\":\"req\",\"route\":\"problem_list\",\"status\":200,\"t\":1791350029478,\"ms\":17.2}","source":"console","time":"2026-10-07T05:13:49Z"}
{"level":"info","msg":"{\"ev\":\"req\",\"route\":\"problem_detail\",\"status\":200,\"t\":1791350029568,\"ms\":7.1}","source":"console","time":"2026-10-07T05:13:49Z"}
{"level":"info","msg":"{\"ev\":\"req\",\"route\":\"history\",\"status\":200,\"t\":1791350029674,\"ms\":13.2}","source":"console","time":"2026-10-07T05:13:49Z"}
{"level":"info","msg":"{\"ev\":\"req\",\"route\":\"problem_list\",\"status\":200,\"t\":1791350029772,\"ms\":11.2}","source":"console","time":"2026-10-07T05:13:49Z"}
{"level":"info","msg":"{\"ev\":\"req\",\"route\":\"submit\",\"status\":200,\"t\":1791350029785,\"ms\":24.7}","source":"console","time":"2026-10-07T05:13:49Z"}
{"level":"info","msg":"{\"ev\":\"accepted\",\"id\":\"b019a98e-7008-442d-b99c-8037f2b45d18\",\"t\":1791350029785}","source":"console","time":"2026-10-07T05:13:49Z"}
{"level":"info","msg":"{\"ev\":\"req\",\"route\":\"problem_detail\",\"status\":200,\"t\":1791350029872,\"ms\":10.9}","source":"console","time":"2026-10-07T05:13:49Z"}
{"level":"info","msg":"{\"ev\":\"req\",\"route\":\"history\",\"status\":200,\"t\":1791350029969,\"ms\":8.3}","source":"console","time":"2026-10-07T05:13:49Z"}
{"level":"info","msg":"{\"ev\":\"req\",\"route\":\"problem_list\",\"status\":200,\"t\":1791350030071,\"ms\":10}","source":"console","time":"2026-10-07T05:13:50Z"}
{"level":"info","msg":"{\"ev\":\"req\",\"route\":\"problem_detail\",\"status\":200,\"t\":1791350030170,\"ms\":9}","source":"console","time":"2026-10-07T05:13:50Z"}
{"level":"info","msg":"{\"ev\":\"req\",\"route\":\"history\",\"status\":200,\"t\":1791350030269,\"ms\":8.2}","source":"console","time":"2026-10-07T05:13:50Z"}
{"level":"info","msg":"{\"ev\":\"req\",\"route\":\"problem_list\",\"status\":200,\"t\":1791350030368,\"ms\":7.4}","source":"console","time":"2026-10-07T05:13:50Z"}
{"level":"info","msg":"{\"ev\":\"req\",\"route\":\"problem_detail\",\"status\":200,\"t\":1791350030468,\"ms\":7.5}","source":"console","time":"2026-10-07T05:13:50Z"}
{"level":"info","msg":"{\"ev\":\"req\",\"route\":\"history\",\"status\":200,\"t\":1791350030577,\"ms\":15.5}","source":"console","time":"2026-10-07T05:13:50Z"}
{"level":"info","msg":"{\"ev\":\"req\",\"route\":\"problem_list\",\"status\":200,\"t\":1791350030667,\"ms\":6.9}","source":"console","time":"2026-10-07T05:13:50Z"}
{"level":"info","msg":"{\"ev\":\"req\",\"route\":\"problem_detail\",\"status\":200,\"t\":1791350030776,\"ms\":14.9}","source":"console","time":"2026-10-07T05:13:50Z"}
{"level":"info","msg":"{\"ev\":\"req\",\"route\":\"history\",\"status\":200,\"t\":1791350030875,\"ms\":13.4}","source":"console","time":"2026-10-07T05:13:50Z"}
{"level":"info","msg":"{\"ev\":\"req\",\"route\":\"problem_list\",\"status\":200,\"t\":1791350030967,\"ms\":7.2}","source":"console","time":"2026-10-07T05:13:50Z"}
{"level":"info","msg":"{\"ev\":\"req\",\"route\":\"problem_detail\",\"status\":200,\"t\":1791350031079,\"ms\":18.3}","source":"console","time":"2026-10-07T05:13:51Z"}
{"level":"info","msg":"{\"ev\":\"req\",\"route\":\"history\",\"status\":200,\"t\":1791350031175,\"ms\":14}","source":"console","time":"2026-10-07T05:13:51Z"}
{"level":"info","msg":"{\"ev\":\"req\",\"route\":\"problem_list\",\"status\":200,\"t\":1791350031272,\"ms\":10.7}","source":"console","time":"2026-10-07T05:13:51Z"}
{"level":"info","msg":"{\"ev\":\"req\",\"route\":\"problem_detail\",\"status\":200,\"t\":1791350031377,\"ms\":16.4}","source":"console","time":"2026-10-07T05:13:51Z"}
{"level":"info","msg":"{\"ev\":\"req\",\"route\":\"submit\",\"status\":200,\"t\":1791350031457,\"ms\":30.1}","source":"console","time":"2026-10-07T05:13:51Z"}
{"level":"info","msg":"{\"ev\":\"accepted\",\"id\":\"09471d47-29a6-4a3b-b8ca-258a80054fc4\",\"t\":1791350031457}","source":"console","time":"2026-10-07T05:13:51Z"}
{"level":"info","msg":"{\"ev\":\"req\",\"route\":\"history\",\"status\":200,\"t\":1791350031468,\"ms\":7.2}","source":"console","time":"2026-10-07T05:13:51Z"}
{"level":"info","msg":"{\"ev\":\"req\",\"route\":\"problem_list\",\"status\":200,\"t\":1791350031576,\"ms\":15.7}","source":"console","time":"2026-10-07T05:13:51Z"}
{"level":"info","msg":"{\"ev\":\"req\",\"route\":\"problem_detail\",\"status\":200,\"t\":1791350031677,\"ms\":15.3}","source":"console","time":"2026-10-07T05:13:51Z"}
{"level":"info","msg":"{\"ev\":\"req\",\"route\":\"history\",\"status\":200,\"t\":1791350031781,\"ms\":20.7}","source":"console","time":"2026-10-07T05:13:51Z"}
{"level":"info","msg":"{\"ev\":\"req\",\"route\":\"problem_list\",\"status\":200,\"t\":1791350031870,\"ms\":9}","source":"console","time":"2026-10-07T05:13:51Z"}
{"level":"info","msg":"{\"ev\":\"req\",\"route\":\"problem_detail\",\"status\":200,\"t\":1791350031968,\"ms\":7.2}","source":"console","time":"2026-10-07T05:13:51Z"}
{"level":"info","msg":"{\"ev\":\"req\",\"route\":\"history\",\"status\":200,\"t\":1791350032071,\"ms\":10}","source":"console","time":"2026-10-07T05:13:52Z"}
{"level":"info","msg":"{\"ev\":\"req\",\"route\":\"problem_list\",\"status\":200,\"t\":1791350032175,\"ms\":14.5}","source":"console","time":"2026-10-07T05:13:52Z"}
{"level":"info","msg":"{\"ev\":\"req\",\"route\":\"problem_detail\",\"status\":200,\"t\":1791350032272,\"ms\":10.7}","source":"console","time":"2026-10-07T05:13:52Z"}
{"level":"info","msg":"{\"ev\":\"req\",\"route\":\"history\",\"status\":200,\"t\":1791350032378,\"ms\":16.9}","source":"console","time":"2026-10-07T05:13:52Z"}
{"level":"info","msg":"{\"ev\":\"req\",\"route\":\"problem_list\",\"status\":200,\"t\":1791350032476,\"ms\":15.3}","source":"console","time":"2026-10-07T05:13:52Z"}
{"level":"info","msg":"{\"ev\":\"req\",\"route\":\"problem_detail\",\"status\":200,\"t\":1791350032572,\"ms\":10.6}","source":"console","time":"2026-10-07T05:13:52Z"}
{"level":"info","msg":"{\"ev\":\"req\",\"route\":\"history\",\"status\":200,\"t\":1791350032677,\"ms\":16.8}","source":"console","time":"2026-10-07T05:13:52Z"}
{"level":"info","msg":"{\"ev\":\"req\",\"route\":\"problem_list\",\"status\":200,\"t\":1791350032779,\"ms\":18.8}","source":"console","time":"2026-10-07T05:13:52Z"}
{"level":"info","msg":"{\"ev\":\"req\",\"route\":\"problem_detail\",\"status\":200,\"t\":1791350032878,\"ms\":16.6}","source":"console","time":"2026-10-07T05:13:52Z"}
{"level":"info","msg":"{\"ev\":\"req\",\"route\":\"history\",\"status\":200,\"t\":1791350032975,\"ms\":14.1}","source":"console","time":"2026-10-07T05:13:52Z"}
{"level":"info","msg":"{\"ev\":\"req\",\"route\":\"problem_list\",\"status\":200,\"t\":1791350033077,\"ms\":16.2}","source":"console","time":"2026-10-07T05:13:53Z"}
{"level":"info","msg":"{\"ev\":\"req\",\"route\":\"submit\",\"status\":200,\"t\":1791350033129,\"ms\":35}","source":"console","time":"2026-10-07T05:13:53Z"}
{"level":"info","msg":"{\"ev\":\"accepted\",\"id\":\"65bd6b92-20f1-483e-82f1-a2ae8bc0b1b0\",\"t\":1791350033130}","source":"console","time":"2026-10-07T05:13:53Z"}
{"level":"info","msg":"{\"ev\":\"req\",\"route\":\"problem_detail\",\"status\":200,\"t\":1791350033169,\"ms\":8.5}","source":"console","time":"2026-10-07T05:13:53Z"}
{"level":"info","msg":"{\"ev\":\"req\",\"route\":\"history\",\"status\":200,\"t\":1791350033268,\"ms\":6.8}","source":"console","time":"2026-10-07T05:13:53Z"}
{"level":"info","msg":"{\"ev\":\"req\",\"route\":\"problem_list\",\"status\":200,\"t\":1791350033368,\"ms\":7.6}","source":"console","time":"2026-10-07T05:13:53Z"}
{"level":"info","msg":"{\"ev\":\"req\",\"route\":\"problem_detail\",\"status\":200,\"t\":1791350033467,\"ms\":6.6}","source":"console","time":"2026-10-07T05:13:53Z"}
{"level":"info","msg":"{\"ev\":\"req\",\"route\":\"history\",\"status\":200,\"t\":1791350033568,\"ms\":7.6}","source":"console","time":"2026-10-07T05:13:53Z"}
{"level":"info","msg":"{\"ev\":\"req\",\"route\":\"problem_list\",\"status\":200,\"t\":1791350033669,\"ms\":8.4}","source":"console","time":"2026-10-07T05:13:53Z"}
{"level":"info","msg":"{\"ev\":\"req\",\"route\":\"problem_detail\",\"status\":200,\"t\":1791350033769,\"ms\":8.6}","source":"console","time":"2026-10-07T05:13:53Z"}
{"level":"info","msg":"{\"ev\":\"req\",\"route\":\"history\",\"status\":200,\"t\":1791350033876,\"ms\":14.4}","source":"console","time":"2026-10-07T05:13:53Z"}
{"level":"info","msg":"{\"ev\":\"req\",\"route\":\"problem_list\",\"status\":200,\"t\":1791350033968,\"ms\":7.6}","source":"console","time":"2026-10-07T05:13:53Z"}
{"level":"info","msg":"{\"ev\":\"req\",\"route\":\"problem_detail\",\"status\":200,\"t\":1791350034074,\"ms\":13.4}","source":"console","time":"2026-10-07T05:13:54Z"}
{"level":"info","msg":"{\"ev\":\"req\",\"route\":\"history\",\"status\":200,\"t\":1791350034170,\"ms\":8.8}","source":"console","time":"2026-10-07T05:13:54Z"}
{"level":"info","msg":"{\"ev\":\"req\",\"route\":\"problem_list\",\"status\":200,\"t\":1791350034276,\"ms\":15}","source":"console","time":"2026-10-07T05:13:54Z"}
{"level":"info","msg":"{\"ev\":\"req\",\"route\":\"problem_detail\",\"status\":200,\"t\":1791350034367,\"ms\":6.9}","source":"console","time":"2026-10-07T05:13:54Z"}
{"level":"info","msg":"{\"ev\":\"req\",\"route\":\"history\",\"status\":200,\"t\":1791350034477,\"ms\":16.2}","source":"console","time":"2026-10-07T05:13:54Z"}
{"level":"info","msg":"{\"ev\":\"req\",\"route\":\"problem_list\",\"status\":200,\"t\":1791350034577,\"ms\":16.6}","source":"console","time":"2026-10-07T05:13:54Z"}
{"level":"info","msg":"{\"ev\":\"req\",\"route\":\"problem_detail\",\"status\":200,\"t\":1791350034676,\"ms\":15}","source":"console","time":"2026-10-07T05:13:54Z"}
{"level":"info","msg":"{\"ev\":\"req\",\"route\":\"history\",\"status\":200,\"t\":1791350034782,\"ms\":20.8}","source":"console","time":"2026-10-07T05:13:54Z"}
{"level":"info","msg":"{\"ev\":\"req\",\"route\":\"submit\",\"status\":200,\"t\":1791350034799,\"ms\":37.4}","source":"console","time":"2026-10-07T05:13:54Z"}
{"level":"info","msg":"{\"ev\":\"accepted\",\"id\":\"8458104e-6297-4362-abbe-dad09f6e62a0\",\"t\":1791350034799}","source":"console","time":"2026-10-07T05:13:54Z"}
{"level":"info","msg":"{\"ev\":\"req\",\"route\":\"problem_list\",\"status\":200,\"t\":1791350034874,\"ms\":13.1}","source":"console","time":"2026-10-07T05:13:54Z"}
{"level":"info","msg":"{\"ev\":\"req\",\"route\":\"problem_detail\",\"status\":200,\"t\":1791350034971,\"ms\":11}","source":"console","time":"2026-10-07T05:13:54Z"}
{"level":"info","msg":"{\"ev\":\"req\",\"route\":\"history\",\"status\":200,\"t\":1791350035075,\"ms\":14.5}","source":"console","time":"2026-10-07T05:13:55Z"}
{"level":"info","msg":"{\"ev\":\"req\",\"route\":\"problem_list\",\"status\":200,\"t\":1791350035173,\"ms\":12.1}","source":"console","time":"2026-10-07T05:13:55Z"}
{"level":"info","msg":"{\"ev\":\"req\",\"route\":\"problem_detail\",\"status\":200,\"t\":1791350035270,\"ms\":9.3}","source":"console","time":"2026-10-07T05:13:55Z"}
{"level":"info","msg":"{\"ev\":\"req\",\"route\":\"history\",\"status\":200,\"t\":1791350035370,\"ms\":8.6}","source":"console","time":"2026-10-07T05:13:55Z"}
{"level":"info","msg":"{\"ev\":\"req\",\"route\":\"problem_list\",\"status\":200,\"t\":1791350035476,\"ms\":16}","source":"console","time":"2026-10-07T05:13:55Z"}
{"level":"info","msg":"{\"ev\":\"req\",\"route\":\"problem_detail\",\"status\":200,\"t\":1791350035575,\"ms\":14.7}","source":"console","time":"2026-10-07T05:13:55Z"}
{"level":"info","msg":"{\"ev\":\"req\",\"route\":\"history\",\"status\":200,\"t\":1791350035675,\"ms\":14.8}","source":"console","time":"2026-10-07T05:13:55Z"}
{"level":"info","msg":"{\"ev\":\"req\",\"route\":\"problem_list\",\"status\":200,\"t\":1791350035776,\"ms\":14.3}","source":"console","time":"2026-10-07T05:13:55Z"}
{"level":"info","msg":"{\"ev\":\"req\",\"route\":\"problem_detail\",\"status\":200,\"t\":1791350035876,\"ms\":15.4}","source":"console","time":"2026-10-07T05:13:55Z"}
{"level":"info","msg":"{\"ev\":\"req\",\"route\":\"history\",\"status\":200,\"t\":1791350035971,\"ms\":10.9}","source":"console","time":"2026-10-07T05:13:55Z"}
{"level":"info","msg":"{\"ev\":\"req\",\"route\":\"problem_list\",\"status\":200,\"t\":1791350036068,\"ms\":7.3}","source":"console","time":"2026-10-07T05:13:56Z"}
{"level":"info","msg":"{\"ev\":\"req\",\"route\":\"problem_detail\",\"status\":200,\"t\":1791350036169,\"ms\":8}","source":"console","time":"2026-10-07T05:13:56Z"}
{"level":"info","msg":"{\"ev\":\"req\",\"route\":\"history\",\"status\":200,\"t\":1791350036273,\"ms\":12.2}","source":"console","time":"2026-10-07T05:13:56Z"}
{"level":"info","msg":"{\"ev\":\"req\",\"route\":\"problem_list\",\"status\":200,\"t\":1791350036370,\"ms\":9.7}","source":"console","time":"2026-10-07T05:13:56Z"}
{"level":"info","msg":"{\"ev\":\"req\",\"route\":\"submit\",\"status\":200,\"t\":1791350036451,\"ms\":23.2}","source":"console","time":"2026-10-07T05:13:56Z"}
{"level":"info","msg":"{\"ev\":\"accepted\",\"id\":\"98a607d0-6d1f-4f2c-8404-0b92547fee83\",\"t\":1791350036451}","source":"console","time":"2026-10-07T05:13:56Z"}
{"level":"info","msg":"{\"ev\":\"req\",\"route\":\"problem_detail\",\"status\":200,\"t\":1791350036473,\"ms\":12.7}","source":"console","time":"2026-10-07T05:13:56Z"}
{"level":"info","msg":"{\"ev\":\"req\",\"route\":\"history\",\"status\":200,\"t\":1791350036570,\"ms\":9.1}","source":"console","time":"2026-10-07T05:13:56Z"}
{"level":"info","msg":"{\"ev\":\"req\",\"route\":\"problem_list\",\"status\":200,\"t\":1791350036669,\"ms\":8}","source":"console","time":"2026-10-07T05:13:56Z"}
{"level":"info","msg":"{\"ev\":\"req\",\"route\":\"problem_detail\",\"status\":200,\"t\":1791350036773,\"ms\":12.4}","source":"console","time":"2026-10-07T05:13:56Z"}
{"level":"info","msg":"{\"ev\":\"req\",\"route\":\"history\",\"status\":200,\"t\":1791350036869,\"ms\":7.6}","source":"console","time":"2026-10-07T05:13:56Z"}
{"level":"info","msg":"{\"ev\":\"req\",\"route\":\"problem_list\",\"status\":200,\"t\":1791350036968,\"ms\":7.2}","source":"console","time":"2026-10-07T05:13:56Z"}
{"level":"info","msg":"{\"ev\":\"req\",\"route\":\"problem_detail\",\"status\":200,\"t\":1791350037070,\"ms\":8.4}","source":"console","time":"2026-10-07T05:13:57Z"}
{"level":"info","msg":"{\"ev\":\"req\",\"route\":\"history\",\"status\":200,\"t\":1791350037167,\"ms\":7}","source":"console","time":"2026-10-07T05:13:57Z"}
{"level":"info","msg":"{\"ev\":\"req\",\"route\":\"problem_list\",\"status\":200,\"t\":1791350037270,\"ms\":8.6}","source":"console","time":"2026-10-07T05:13:57Z"}
{"level":"info","msg":"{\"ev\":\"req\",\"route\":\"problem_detail\",\"status\":200,\"t\":1791350037378,\"ms\":17.2}","source":"console","time":"2026-10-07T05:13:57Z"}
{"level":"info","msg":"{\"ev\":\"req\",\"route\":\"history\",\"status\":200,\"t\":1791350037476,\"ms\":15.4}","source":"console","time":"2026-10-07T05:13:57Z"}
{"level":"info","msg":"{\"ev\":\"req\",\"route\":\"problem_list\",\"status\":200,\"t\":1791350037576,\"ms\":15.6}","source":"console","time":"2026-10-07T05:13:57Z"}
{"level":"info","msg":"{\"ev\":\"req\",\"route\":\"problem_detail\",\"status\":200,\"t\":1791350037677,\"ms\":16.1}","source":"console","time":"2026-10-07T05:13:57Z"}
{"level":"info","msg":"{\"ev\":\"req\",\"route\":\"history\",\"status\":200,\"t\":1791350037777,\"ms\":16.1}","source":"console","time":"2026-10-07T05:13:57Z"}
{"level":"info","msg":"{\"ev\":\"req\",\"route\":\"problem_list\",\"status\":200,\"t\":1791350037877,\"ms\":15.9}","source":"console","time":"2026-10-07T05:13:57Z"}
{"level":"info","msg":"{\"ev\":\"req\",\"route\":\"problem_detail\",\"status\":200,\"t\":1791350037974,\"ms\":13.2}","source":"console","time":"2026-10-07T05:13:57Z"}
{"level":"info","msg":"{\"ev\":\"req\",\"route\":\"history\",\"status\":200,\"t\":1791350038071,\"ms\":9.8}","source":"console","time":"2026-10-07T05:13:58Z"}
{"level":"info","msg":"{\"ev\":\"req\",\"route\":\"submit\",\"status\":200,\"t\":1791350038120,\"ms\":25.3}","source":"console","time":"2026-10-07T05:13:58Z"}
{"level":"info","msg":"{\"ev\":\"accepted\",\"id\":\"6fa55515-5eea-4e5c-b7b1-4f13b6cf591f\",\"t\":1791350038120}","source":"console","time":"2026-10-07T05:13:58Z"}
{"level":"info","msg":"{\"ev\":\"req\",\"route\":\"problem_list\",\"status\":200,\"t\":1791350038174,\"ms\":12.6}","source":"console","time":"2026-10-07T05:13:58Z"}
{"level":"info","msg":"{\"ev\":\"req\",\"route\":\"problem_detail\",\"status\":200,\"t\":1791350038271,\"ms\":10.3}","source":"console","time":"2026-10-07T05:13:58Z"}
{"level":"info","msg":"{\"ev\":\"req\",\"route\":\"history\",\"status\":200,\"t\":1791350038375,\"ms\":13.6}","source":"console","time":"2026-10-07T05:13:58Z"}
{"level":"info","msg":"{\"ev\":\"req\",\"route\":\"problem_list\",\"status\":200,\"t\":1791350038470,\"ms\":9.4}","source":"console","time":"2026-10-07T05:13:58Z"}
{"level":"info","msg":"{\"ev\":\"req\",\"route\":\"problem_detail\",\"status\":200,\"t\":1791350038568,\"ms\":7.4}","source":"console","time":"2026-10-07T05:13:58Z"}
{"level":"info","msg":"{\"ev\":\"req\",\"route\":\"history\",\"status\":200,\"t\":1791350038671,\"ms\":9.9}","source":"console","time":"2026-10-07T05:13:58Z"}
{"level":"info","msg":"{\"ev\":\"req\",\"route\":\"problem_list\",\"status\":200,\"t\":1791350038776,\"ms\":15.2}","source":"console","time":"2026-10-07T05:13:58Z"}
{"level":"info","msg":"{\"ev\":\"req\",\"route\":\"problem_detail\",\"status\":200,\"t\":1791350038876,\"ms\":15.2}","source":"console","time":"2026-10-07T05:13:58Z"}
{"level":"info","msg":"{\"ev\":\"req\",\"route\":\"history\",\"status\":200,\"t\":1791350038973,\"ms\":12.7}","source":"console","time":"2026-10-07T05:13:58Z"}
{"level":"info","msg":"{\"ev\":\"req\",\"route\":\"problem_list\",\"status\":200,\"t\":1791350039073,\"ms\":12.7}","source":"console","time":"2026-10-07T05:13:59Z"}
{"level":"info","msg":"{\"ev\":\"req\",\"route\":\"problem_detail\",\"status\":200,\"t\":1791350039178,\"ms\":17}","source":"console","time":"2026-10-07T05:13:59Z"}
{"level":"info","msg":"{\"ev\":\"req\",\"route\":\"history\",\"status\":200,\"t\":1791350039275,\"ms\":14.6}","source":"console","time":"2026-10-07T05:13:59Z"}
{"level":"info","msg":"{\"ev\":\"req\",\"route\":\"problem_list\",\"status\":200,\"t\":1791350039376,\"ms\":15.1}","source":"console","time":"2026-10-07T05:13:59Z"}
{"level":"info","msg":"{\"ev\":\"req\",\"route\":\"problem_detail\",\"status\":200,\"t\":1791350039474,\"ms\":13.8}","source":"console","time":"2026-10-07T05:13:59Z"}
{"level":"info","msg":"{\"ev\":\"req\",\"route\":\"history\",\"status\":200,\"t\":1791350039575,\"ms\":14.4}","source":"console","time":"2026-10-07T05:13:59Z"}
{"level":"info","msg":"{\"ev\":\"req\",\"route\":\"problem_list\",\"status\":200,\"t\":1791350039677,\"ms\":16.4}","source":"console","time":"2026-10-07T05:13:59Z"}
{"level":"info","msg":"{\"ev\":\"req\",\"route\":\"problem_detail\",\"status\":200,\"t\":1791350039775,\"ms\":13.5}","source":"console","time":"2026-10-07T05:13:59Z"}
{"level":"info","msg":"{\"ev\":\"req\",\"route\":\"submit\",\"status\":200,\"t\":1791350039793,\"ms\":32.3}","source":"console","time":"2026-10-07T05:13:59Z"}
{"level":"info","msg":"{\"ev\":\"accepted\",\"id\":\"4d5d0605-fb20-41f3-95cb-605f7a43aee3\",\"t\":1791350039794}","source":"console","time":"2026-10-07T05:13:59Z"}
{"level":"info","msg":"{\"ev\":\"req\",\"route\":\"history\",\"status\":200,\"t\":1791350039870,\"ms\":8.9}","source":"console","time":"2026-10-07T05:13:59Z"}
{"level":"info","msg":"{\"ev\":\"req\",\"route\":\"problem_list\",\"status\":200,\"t\":1791350039969,\"ms\":8.9}","source":"console","time":"2026-10-07T05:13:59Z"}
{"level":"info","msg":"{\"ev\":\"req\",\"route\":\"problem_detail\",\"status\":200,\"t\":1791350040068,\"ms\":6.7}","source":"console","time":"2026-10-07T05:14:00Z"}
{"level":"info","msg":"{\"ev\":\"req\",\"route\":\"history\",\"status\":200,\"t\":1791350040174,\"ms\":13.9}","source":"console","time":"2026-10-07T05:14:00Z"}
{"level":"info","msg":"{\"ev\":\"req\",\"route\":\"problem_list\",\"status\":200,\"t\":1791350040270,\"ms\":9.7}","source":"console","time":"2026-10-07T05:14:00Z"}
{"level":"info","msg":"{\"ev\":\"req\",\"route\":\"problem_detail\",\"status\":200,\"t\":1791350040370,\"ms\":9.8}","source":"console","time":"2026-10-07T05:14:00Z"}
{"level":"info","msg":"{\"ev\":\"req\",\"route\":\"history\",\"status\":200,\"t\":1791350040469,\"ms\":8.5}","source":"console","time":"2026-10-07T05:14:00Z"}
{"level":"info","msg":"{\"ev\":\"req\",\"route\":\"problem_list\",\"status\":200,\"t\":1791350040575,\"ms\":14}","source":"console","time":"2026-10-07T05:14:00Z"}
{"level":"info","msg":"{\"ev\":\"req\",\"route\":\"problem_detail\",\"status\":200,\"t\":1791350040674,\"ms\":13.6}","source":"console","time":"2026-10-07T05:14:00Z"}
{"level":"info","msg":"{\"ev\":\"req\",\"route\":\"history\",\"status\":200,\"t\":1791350040777,\"ms\":15.5}","source":"console","time":"2026-10-07T05:14:00Z"}
{"level":"info","msg":"{\"ev\":\"req\",\"route\":\"problem_list\",\"status\":200,\"t\":1791350040868,\"ms\":6.9}","source":"console","time":"2026-10-07T05:14:00Z"}
{"level":"info","msg":"{\"ev\":\"req\",\"route\":\"problem_detail\",\"status\":200,\"t\":1791350040969,\"ms\":7.7}","source":"console","time":"2026-10-07T05:14:00Z"}
{"level":"info","msg":"{\"ev\":\"req\",\"route\":\"history\",\"status\":200,\"t\":1791350041078,\"ms\":16.9}","source":"console","time":"2026-10-07T05:14:01Z"}
{"level":"info","msg":"{\"ev\":\"req\",\"route\":\"problem_list\",\"status\":200,\"t\":1791350041168,\"ms\":7}","source":"console","time":"2026-10-07T05:14:01Z"}
{"level":"info","msg":"{\"ev\":\"req\",\"route\":\"problem_detail\",\"status\":200,\"t\":1791350041275,\"ms\":13.9}","source":"console","time":"2026-10-07T05:14:01Z"}
{"level":"info","msg":"{\"ev\":\"req\",\"route\":\"history\",\"status\":200,\"t\":1791350041375,\"ms\":14.1}","source":"console","time":"2026-10-07T05:14:01Z"}
{"level":"info","msg":"{\"ev\":\"req\",\"route\":\"submit\",\"status\":200,\"t\":1791350041448,\"ms\":21.1}","source":"console","time":"2026-10-07T05:14:01Z"}
{"level":"info","msg":"{\"ev\":\"accepted\",\"id\":\"3a93c21a-e167-419b-a163-6ff26cffce91\",\"t\":1791350041449}","source":"console","time":"2026-10-07T05:14:01Z"}
{"level":"info","msg":"{\"ev\":\"req\",\"route\":\"problem_list\",\"status\":200,\"t\":1791350041468,\"ms\":7.4}","source":"console","time":"2026-10-07T05:14:01Z"}
{"level":"info","msg":"{\"ev\":\"req\",\"route\":\"problem_detail\",\"status\":200,\"t\":1791350041572,\"ms\":10.9}","source":"console","time":"2026-10-07T05:14:01Z"}
{"level":"info","msg":"{\"ev\":\"req\",\"route\":\"history\",\"status\":200,\"t\":1791350041669,\"ms\":8.4}","source":"console","time":"2026-10-07T05:14:01Z"}
{"level":"info","msg":"{\"ev\":\"req\",\"route\":\"problem_list\",\"status\":200,\"t\":1791350041772,\"ms\":11.2}","source":"console","time":"2026-10-07T05:14:01Z"}
{"level":"info","msg":"{\"ev\":\"req\",\"route\":\"problem_detail\",\"status\":200,\"t\":1791350041868,\"ms\":7.7}","source":"console","time":"2026-10-07T05:14:01Z"}
{"level":"info","msg":"{\"ev\":\"req\",\"route\":\"history\",\"status\":200,\"t\":1791350041970,\"ms\":8.4}","source":"console","time":"2026-10-07T05:14:01Z"}
{"level":"info","msg":"{\"ev\":\"req\",\"route\":\"problem_list\",\"status\":200,\"t\":1791350042075,\"ms\":13.7}","source":"console","time":"2026-10-07T05:14:02Z"}
{"level":"info","msg":"{\"ev\":\"req\",\"route\":\"problem_detail\",\"status\":200,\"t\":1791350042171,\"ms\":10.7}","source":"console","time":"2026-10-07T05:14:02Z"}
{"level":"info","msg":"{\"ev\":\"req\",\"route\":\"history\",\"status\":200,\"t\":1791350042278,\"ms\":17}","source":"console","time":"2026-10-07T05:14:02Z"}
{"level":"info","msg":"{\"ev\":\"req\",\"route\":\"problem_list\",\"status\":200,\"t\":1791350042375,\"ms\":13.8}","source":"console","time":"2026-10-07T05:14:02Z"}
{"level":"info","msg":"{\"ev\":\"req\",\"route\":\"problem_detail\",\"status\":200,\"t\":1791350042476,\"ms\":14.6}","source":"console","time":"2026-10-07T05:14:02Z"}
{"level":"info","msg":"{\"ev\":\"req\",\"route\":\"history\",\"status\":200,\"t\":1791350042580,\"ms\":19.4}","source":"console","time":"2026-10-07T05:14:02Z"}
{"level":"info","msg":"{\"ev\":\"req\",\"route\":\"problem_list\",\"status\":200,\"t\":1791350042683,\"ms\":22.1}","source":"console","time":"2026-10-07T05:14:02Z"}
{"level":"info","msg":"{\"ev\":\"req\",\"route\":\"problem_detail\",\"status\":200,\"t\":1791350042774,\"ms\":13.1}","source":"console","time":"2026-10-07T05:14:02Z"}
{"level":"info","msg":"{\"ev\":\"req\",\"route\":\"history\",\"status\":200,\"t\":1791350042876,\"ms\":15.2}","source":"console","time":"2026-10-07T05:14:02Z"}
{"level":"info","msg":"{\"ev\":\"req\",\"route\":\"problem_list\",\"status\":200,\"t\":1791350042973,\"ms\":12.1}","source":"console","time":"2026-10-07T05:14:02Z"}
{"level":"info","msg":"{\"ev\":\"req\",\"route\":\"problem_detail\",\"status\":200,\"t\":1791350043072,\"ms\":11.3}","source":"console","time":"2026-10-07T05:14:03Z"}
{"level":"info","msg":"{\"ev\":\"req\",\"route\":\"submit\",\"status\":200,\"t\":1791350043127,\"ms\":32.7}","source":"console","time":"2026-10-07T05:14:03Z"}
{"level":"info","msg":"{\"ev\":\"accepted\",\"id\":\"e115948d-7e2e-41c4-8fd7-24c65fd9188c\",\"t\":1791350043127}","source":"console","time":"2026-10-07T05:14:03Z"}
{"level":"info","msg":"{\"ev\":\"req\",\"route\":\"history\",\"status\":200,\"t\":1791350043174,\"ms\":12.7}","source":"console","time":"2026-10-07T05:14:03Z"}
{"level":"info","msg":"{\"ev\":\"req\",\"route\":\"problem_list\",\"status\":200,\"t\":1791350043268,\"ms\":7.2}","source":"console","time":"2026-10-07T05:14:03Z"}
{"level":"info","msg":"{\"ev\":\"req\",\"route\":\"problem_detail\",\"status\":200,\"t\":1791350043368,\"ms\":7.8}","source":"console","time":"2026-10-07T05:14:03Z"}
{"level":"info","msg":"{\"ev\":\"req\",\"route\":\"history\",\"status\":200,\"t\":1791350043469,\"ms\":7.9}","source":"console","time":"2026-10-07T05:14:03Z"}
{"level":"info","msg":"{\"ev\":\"req\",\"route\":\"problem_list\",\"status\":200,\"t\":1791350043568,\"ms\":7.4}","source":"console","time":"2026-10-07T05:14:03Z"}
{"level":"info","msg":"{\"ev\":\"req\",\"route\":\"problem_detail\",\"status\":200,\"t\":1791350043669,\"ms\":7.6}","source":"console","time":"2026-10-07T05:14:03Z"}
{"level":"info","msg":"{\"ev\":\"req\",\"route\":\"history\",\"status\":200,\"t\":1791350043770,\"ms\":9.3}","source":"console","time":"2026-10-07T05:14:03Z"}
{"level":"info","msg":"{\"ev\":\"req\",\"route\":\"problem_list\",\"status\":200,\"t\":1791350043876,\"ms\":15}","source":"console","time":"2026-10-07T05:14:03Z"}
{"level":"info","msg":"{\"ev\":\"req\",\"route\":\"problem_detail\",\"status\":200,\"t\":1791350043974,\"ms\":13.1}","source":"console","time":"2026-10-07T05:14:03Z"}
{"level":"info","msg":"{\"ev\":\"req\",\"route\":\"history\",\"status\":200,\"t\":1791350044078,\"ms\":16.5}","source":"console","time":"2026-10-07T05:14:04Z"}
{"level":"info","msg":"{\"ev\":\"req\",\"route\":\"problem_list\",\"status\":200,\"t\":1791350044176,\"ms\":15.4}","source":"console","time":"2026-10-07T05:14:04Z"}
{"level":"info","msg":"{\"ev\":\"req\",\"route\":\"problem_detail\",\"status\":200,\"t\":1791350044276,\"ms\":15}","source":"console","time":"2026-10-07T05:14:04Z"}
{"level":"info","msg":"{\"ev\":\"req\",\"route\":\"history\",\"status\":200,\"t\":1791350044370,\"ms\":8.5}","source":"console","time":"2026-10-07T05:14:04Z"}
{"level":"info","msg":"{\"ev\":\"req\",\"route\":\"problem_list\",\"status\":200,\"t\":1791350044469,\"ms\":7.3}","source":"console","time":"2026-10-07T05:14:04Z"}
{"level":"info","msg":"{\"ev\":\"req\",\"route\":\"problem_detail\",\"status\":200,\"t\":1791350044572,\"ms\":11.6}","source":"console","time":"2026-10-07T05:14:04Z"}
{"level":"info","msg":"{\"ev\":\"req\",\"route\":\"history\",\"status\":200,\"t\":1791350044678,\"ms\":17.2}","source":"console","time":"2026-10-07T05:14:04Z"}
{"level":"info","msg":"{\"ev\":\"req\",\"route\":\"problem_list\",\"status\":200,\"t\":1791350044778,\"ms\":16.8}","source":"console","time":"2026-10-07T05:14:04Z"}
{"level":"info","msg":"{\"ev\":\"req\",\"route\":\"submit\",\"status\":200,\"t\":1791350044790,\"ms\":28.5}","source":"console","time":"2026-10-07T05:14:04Z"}
{"level":"info","msg":"{\"ev\":\"accepted\",\"id\":\"f081d661-b862-49a8-9f80-ccb9688d946a\",\"t\":1791350044790}","source":"console","time":"2026-10-07T05:14:04Z"}
{"level":"info","msg":"{\"ev\":\"req\",\"route\":\"problem_detail\",\"status\":200,\"t\":1791350044872,\"ms\":10.1}","source":"console","time":"2026-10-07T05:14:04Z"}
{"level":"info","msg":"{\"ev\":\"req\",\"route\":\"history\",\"status\":200,\"t\":1791350044974,\"ms\":13.4}","source":"console","time":"2026-10-07T05:14:04Z"}
{"level":"info","msg":"{\"ev\":\"req\",\"route\":\"problem_list\",\"status\":200,\"t\":1791350045078,\"ms\":17.4}","source":"console","time":"2026-10-07T05:14:05Z"}
{"level":"info","msg":"{\"ev\":\"req\",\"route\":\"problem_detail\",\"status\":200,\"t\":1791350045169,\"ms\":7.9}","source":"console","time":"2026-10-07T05:14:05Z"}
{"level":"info","msg":"{\"ev\":\"req\",\"route\":\"history\",\"status\":200,\"t\":1791350045268,\"ms\":7.3}","source":"console","time":"2026-10-07T05:14:05Z"}
{"level":"info","msg":"{\"ev\":\"req\",\"route\":\"problem_list\",\"status\":200,\"t\":1791350045372,\"ms\":11.2}","source":"console","time":"2026-10-07T05:14:05Z"}
{"level":"info","msg":"{\"ev\":\"req\",\"route\":\"problem_detail\",\"status\":200,\"t\":1791350045468,\"ms\":6.6}","source":"console","time":"2026-10-07T05:14:05Z"}
{"level":"info","msg":"{\"ev\":\"req\",\"route\":\"history\",\"status\":200,\"t\":1791350045575,\"ms\":14.2}","source":"console","time":"2026-10-07T05:14:05Z"}
{"level":"info","msg":"{\"ev\":\"req\",\"route\":\"problem_list\",\"status\":200,\"t\":1791350045675,\"ms\":14.1}","source":"console","time":"2026-10-07T05:14:05Z"}
{"level":"info","msg":"{\"ev\":\"req\",\"route\":\"problem_detail\",\"status\":200,\"t\":1791350045767,\"ms\":6.3}","source":"console","time":"2026-10-07T05:14:05Z"}
{"level":"info","msg":"{\"ev\":\"req\",\"route\":\"history\",\"status\":200,\"t\":1791350045878,\"ms\":16.6}","source":"console","time":"2026-10-07T05:14:05Z"}
{"level":"info","msg":"{\"ev\":\"req\",\"route\":\"problem_list\",\"status\":200,\"t\":1791350045974,\"ms\":13.2}","source":"console","time":"2026-10-07T05:14:05Z"}
{"level":"info","msg":"{\"ev\":\"req\",\"route\":\"problem_detail\",\"status\":200,\"t\":1791350046076,\"ms\":14.7}","source":"console","time":"2026-10-07T05:14:06Z"}
{"level":"info","msg":"{\"ev\":\"req\",\"route\":\"history\",\"status\":200,\"t\":1791350046169,\"ms\":8.2}","source":"console","time":"2026-10-07T05:14:06Z"}
{"level":"info","msg":"{\"ev\":\"req\",\"route\":\"problem_list\",\"status\":200,\"t\":1791350046268,\"ms\":6.8}","source":"console","time":"2026-10-07T05:14:06Z"}
{"level":"info","msg":"{\"ev\":\"req\",\"route\":\"problem_detail\",\"status\":200,\"t\":1791350046367,\"ms\":6.1}","source":"console","time":"2026-10-07T05:14:06Z"}
{"level":"info","msg":"{\"ev\":\"req\",\"route\":\"submit\",\"status\":200,\"t\":1791350046445,\"ms\":18}","source":"console","time":"2026-10-07T05:14:06Z"}
{"level":"info","msg":"{\"ev\":\"accepted\",\"id\":\"f841acd2-229f-40b1-b3a9-e78d1061db29\",\"t\":1791350046445}","source":"console","time":"2026-10-07T05:14:06Z"}
{"level":"info","msg":"{\"ev\":\"req\",\"route\":\"history\",\"status\":200,\"t\":1791350046470,\"ms\":9.1}","source":"console","time":"2026-10-07T05:14:06Z"}
{"level":"info","msg":"{\"ev\":\"req\",\"route\":\"problem_list\",\"status\":200,\"t\":1791350046568,\"ms\":7.3}","source":"console","time":"2026-10-07T05:14:06Z"}
{"level":"info","msg":"{\"ev\":\"req\",\"route\":\"problem_detail\",\"status\":200,\"t\":1791350046668,\"ms\":7.1}","source":"console","time":"2026-10-07T05:14:06Z"}
{"level":"info","msg":"{\"ev\":\"req\",\"route\":\"history\",\"status\":200,\"t\":1791350046771,\"ms\":9.7}","source":"console","time":"2026-10-07T05:14:06Z"}
{"level":"info","msg":"{\"ev\":\"req\",\"route\":\"problem_list\",\"status\":200,\"t\":1791350046868,\"ms\":8}","source":"console","time":"2026-10-07T05:14:06Z"}
{"level":"info","msg":"{\"ev\":\"req\",\"route\":\"problem_detail\",\"status\":200,\"t\":1791350046967,\"ms\":7.1}","source":"console","time":"2026-10-07T05:14:06Z"}
{"level":"info","msg":"{\"ev\":\"req\",\"route\":\"history\",\"status\":200,\"t\":1791350047069,\"ms\":8}","source":"console","time":"2026-10-07T05:14:07Z"}
{"level":"info","msg":"{\"ev\":\"req\",\"route\":\"problem_list\",\"status\":200,\"t\":1791350047168,\"ms\":7.7}","source":"console","time":"2026-10-07T05:14:07Z"}
{"level":"info","msg":"{\"ev\":\"req\",\"route\":\"problem_detail\",\"status\":200,\"t\":1791350047269,\"ms\":8.7}","source":"console","time":"2026-10-07T05:14:07Z"}
{"level":"info","msg":"{\"ev\":\"req\",\"route\":\"history\",\"status\":200,\"t\":1791350047371,\"ms\":10}","source":"console","time":"2026-10-07T05:14:07Z"}
{"level":"info","msg":"{\"ev\":\"req\",\"route\":\"problem_list\",\"status\":200,\"t\":1791350047472,\"ms\":11.1}","source":"console","time":"2026-10-07T05:14:07Z"}
{"level":"info","msg":"{\"ev\":\"req\",\"route\":\"problem_detail\",\"status\":200,\"t\":1791350047574,\"ms\":12.5}","source":"console","time":"2026-10-07T05:14:07Z"}
{"level":"info","msg":"{\"ev\":\"req\",\"route\":\"history\",\"status\":200,\"t\":1791350047668,\"ms\":7.2}","source":"console","time":"2026-10-07T05:14:07Z"}
{"level":"info","msg":"{\"ev\":\"req\",\"route\":\"problem_list\",\"status\":200,\"t\":1791350047769,\"ms\":8.3}","source":"console","time":"2026-10-07T05:14:07Z"}
{"level":"info","msg":"{\"ev\":\"req\",\"route\":\"problem_detail\",\"status\":200,\"t\":1791350047868,\"ms\":7.1}","source":"console","time":"2026-10-07T05:14:07Z"}
{"level":"info","msg":"{\"ev\":\"req\",\"route\":\"history\",\"status\":200,\"t\":1791350047977,\"ms\":15.9}","source":"console","time":"2026-10-07T05:14:07Z"}
{"level":"info","msg":"{\"ev\":\"req\",\"route\":\"problem_list\",\"status\":200,\"t\":1791350048075,\"ms\":13.9}","source":"console","time":"2026-10-07T05:14:08Z"}
{"level":"info","msg":"{\"ev\":\"req\",\"route\":\"submit\",\"status\":200,\"t\":1791350048133,\"ms\":38.7}","source":"console","time":"2026-10-07T05:14:08Z"}
{"level":"info","msg":"{\"ev\":\"accepted\",\"id\":\"c10aea51-b672-4fb3-88c6-f7183e6661af\",\"t\":1791350048133}","source":"console","time":"2026-10-07T05:14:08Z"}
{"level":"info","msg":"{\"ev\":\"req\",\"route\":\"problem_detail\",\"status\":200,\"t\":1791350048168,\"ms\":7.2}","source":"console","time":"2026-10-07T05:14:08Z"}
{"level":"info","msg":"{\"ev\":\"req\",\"route\":\"history\",\"status\":200,\"t\":1791350048274,\"ms\":12.4}","source":"console","time":"2026-10-07T05:14:08Z"}
{"level":"info","msg":"{\"ev\":\"req\",\"route\":\"problem_list\",\"status\":200,\"t\":1791350048372,\"ms\":11.7}","source":"console","time":"2026-10-07T05:14:08Z"}
{"level":"info","msg":"{\"ev\":\"req\",\"route\":\"problem_detail\",\"status\":200,\"t\":1791350048470,\"ms\":9.9}","source":"console","time":"2026-10-07T05:14:08Z"}
{"level":"info","msg":"{\"ev\":\"req\",\"route\":\"history\",\"status\":200,\"t\":1791350048571,\"ms\":9.4}","source":"console","time":"2026-10-07T05:14:08Z"}
{"level":"info","msg":"{\"ev\":\"req\",\"route\":\"problem_list\",\"status\":200,\"t\":1791350048667,\"ms\":6.2}","source":"console","time":"2026-10-07T05:14:08Z"}
{"level":"info","msg":"{\"ev\":\"req\",\"route\":\"problem_detail\",\"status\":200,\"t\":1791350048776,\"ms\":15.1}","source":"console","time":"2026-10-07T05:14:08Z"}
{"level":"info","msg":"{\"ev\":\"req\",\"route\":\"history\",\"status\":200,\"t\":1791350048877,\"ms\":16}","source":"console","time":"2026-10-07T05:14:08Z"}
{"level":"info","msg":"{\"ev\":\"req\",\"route\":\"problem_list\",\"status\":200,\"t\":1791350048975,\"ms\":13.5}","source":"console","time":"2026-10-07T05:14:08Z"}
{"level":"info","msg":"{\"ev\":\"req\",\"route\":\"problem_detail\",\"status\":200,\"t\":1791350049067,\"ms\":6.2}","source":"console","time":"2026-10-07T05:14:09Z"}
{"level":"info","msg":"{\"ev\":\"req\",\"route\":\"history\",\"status\":200,\"t\":1791350049176,\"ms\":15.1}","source":"console","time":"2026-10-07T05:14:09Z"}
{"level":"info","msg":"{\"ev\":\"req\",\"route\":\"problem_list\",\"status\":200,\"t\":1791350049275,\"ms\":13.6}","source":"console","time":"2026-10-07T05:14:09Z"}
{"level":"info","msg":"{\"ev\":\"req\",\"route\":\"problem_detail\",\"status\":200,\"t\":1791350049377,\"ms\":16.8}","source":"console","time":"2026-10-07T05:14:09Z"}
{"level":"info","msg":"{\"ev\":\"req\",\"route\":\"history\",\"status\":200,\"t\":1791350049470,\"ms\":8.9}","source":"console","time":"2026-10-07T05:14:09Z"}
{"level":"info","msg":"{\"ev\":\"req\",\"route\":\"problem_list\",\"status\":200,\"t\":1791350049576,\"ms\":14.8}","source":"console","time":"2026-10-07T05:14:09Z"}
{"level":"info","msg":"{\"ev\":\"req\",\"route\":\"problem_detail\",\"status\":200,\"t\":1791350049674,\"ms\":13}","source":"console","time":"2026-10-07T05:14:09Z"}
{"level":"info","msg":"{\"ev\":\"req\",\"route\":\"history\",\"status\":200,\"t\":1791350049777,\"ms\":15.7}","source":"console","time":"2026-10-07T05:14:09Z"}
{"level":"info","msg":"{\"ev\":\"req\",\"route\":\"submit\",\"status\":200,\"t\":1791350049791,\"ms\":30.1}","source":"console","time":"2026-10-07T05:14:09Z"}
{"level":"info","msg":"{\"ev\":\"accepted\",\"id\":\"60d4313e-ce0b-48c1-828b-21cccd310162\",\"t\":1791350049792}","source":"console","time":"2026-10-07T05:14:09Z"}
{"level":"info","msg":"{\"ev\":\"req\",\"route\":\"problem_list\",\"status\":200,\"t\":1791350049868,\"ms\":7.3}","source":"console","time":"2026-10-07T05:14:09Z"}
{"level":"info","msg":"{\"ev\":\"req\",\"route\":\"problem_detail\",\"status\":200,\"t\":1791350049968,\"ms\":7}","source":"console","time":"2026-10-07T05:14:09Z"}
{"level":"info","msg":"{\"ev\":\"req\",\"route\":\"history\",\"status\":200,\"t\":1791350050068,\"ms\":7.4}","source":"console","time":"2026-10-07T05:14:10Z"}
{"level":"info","msg":"{\"ev\":\"req\",\"route\":\"problem_list\",\"status\":200,\"t\":1791350050168,\"ms\":6.3}","source":"console","time":"2026-10-07T05:14:10Z"}
{"level":"info","msg":"{\"ev\":\"req\",\"route\":\"problem_detail\",\"status\":200,\"t\":1791350050268,\"ms\":7.6}","source":"console","time":"2026-10-07T05:14:10Z"}
{"level":"info","msg":"{\"ev\":\"req\",\"route\":\"history\",\"status\":200,\"t\":1791350050369,\"ms\":8.1}","source":"console","time":"2026-10-07T05:14:10Z"}
{"level":"info","msg":"{\"ev\":\"req\",\"route\":\"problem_list\",\"status\":200,\"t\":1791350050469,\"ms\":8.4}","source":"console","time":"2026-10-07T05:14:10Z"}
{"level":"info","msg":"{\"ev\":\"req\",\"route\":\"problem_detail\",\"status\":200,\"t\":1791350050574,\"ms\":13.1}","source":"console","time":"2026-10-07T05:14:10Z"}
{"level":"info","msg":"{\"ev\":\"req\",\"route\":\"history\",\"status\":200,\"t\":1791350050669,\"ms\":7.5}","source":"console","time":"2026-10-07T05:14:10Z"}
{"level":"info","msg":"{\"ev\":\"req\",\"route\":\"problem_list\",\"status\":200,\"t\":1791350050775,\"ms\":14.7}","source":"console","time":"2026-10-07T05:14:10Z"}
{"level":"info","msg":"{\"ev\":\"req\",\"route\":\"problem_detail\",\"status\":200,\"t\":1791350050874,\"ms\":12.8}","source":"console","time":"2026-10-07T05:14:10Z"}
{"level":"info","msg":"{\"ev\":\"req\",\"route\":\"history\",\"status\":200,\"t\":1791350050975,\"ms\":14.4}","source":"console","time":"2026-10-07T05:14:10Z"}
{"level":"info","msg":"{\"ev\":\"req\",\"route\":\"problem_list\",\"status\":200,\"t\":1791350051074,\"ms\":12.9}","source":"console","time":"2026-10-07T05:14:11Z"}
{"level":"info","msg":"{\"ev\":\"req\",\"route\":\"problem_detail\",\"status\":200,\"t\":1791350051169,\"ms\":8}","source":"console","time":"2026-10-07T05:14:11Z"}
{"level":"info","msg":"{\"ev\":\"req\",\"route\":\"history\",\"status\":200,\"t\":1791350051275,\"ms\":14.4}","source":"console","time":"2026-10-07T05:14:11Z"}
{"level":"info","msg":"{\"ev\":\"req\",\"route\":\"problem_list\",\"status\":200,\"t\":1791350051376,\"ms\":15.1}","source":"console","time":"2026-10-07T05:14:11Z"}
{"level":"info","msg":"{\"ev\":\"req\",\"route\":\"submit\",\"status\":200,\"t\":1791350051462,\"ms\":33.7}","source":"console","time":"2026-10-07T05:14:11Z"}
{"level":"info","msg":"{\"ev\":\"accepted\",\"id\":\"b17213dc-7570-4d0c-a18a-56e430a817fa\",\"t\":1791350051462}","source":"console","time":"2026-10-07T05:14:11Z"}
{"level":"info","msg":"{\"ev\":\"req\",\"route\":\"problem_detail\",\"status\":200,\"t\":1791350051470,\"ms\":9}","source":"console","time":"2026-10-07T05:14:11Z"}
{"level":"info","msg":"{\"ev\":\"req\",\"route\":\"history\",\"status\":200,\"t\":1791350051573,\"ms\":11.6}","source":"console","time":"2026-10-07T05:14:11Z"}
{"level":"info","msg":"{\"ev\":\"req\",\"route\":\"problem_list\",\"status\":200,\"t\":1791350051670,\"ms\":8.4}","source":"console","time":"2026-10-07T05:14:11Z"}
{"level":"info","msg":"{\"ev\":\"req\",\"route\":\"problem_detail\",\"status\":200,\"t\":1791350051768,\"ms\":7.3}","source":"console","time":"2026-10-07T05:14:11Z"}
{"level":"info","msg":"{\"ev\":\"req\",\"route\":\"history\",\"status\":200,\"t\":1791350051871,\"ms\":10.3}","source":"console","time":"2026-10-07T05:14:11Z"}
{"level":"info","msg":"{\"ev\":\"req\",\"route\":\"problem_list\",\"status\":200,\"t\":1791350051967,\"ms\":6.5}","source":"console","time":"2026-10-07T05:14:11Z"}
{"level":"info","msg":"{\"ev\":\"req\",\"route\":\"problem_detail\",\"status\":200,\"t\":1791350052074,\"ms\":12.4}","source":"console","time":"2026-10-07T05:14:12Z"}
{"level":"info","msg":"{\"ev\":\"req\",\"route\":\"history\",\"status\":200,\"t\":1791350052170,\"ms\":8.5}","source":"console","time":"2026-10-07T05:14:12Z"}
{"level":"info","msg":"{\"ev\":\"req\",\"route\":\"problem_list\",\"status\":200,\"t\":1791350052278,\"ms\":17.2}","source":"console","time":"2026-10-07T05:14:12Z"}
{"level":"info","msg":"{\"ev\":\"req\",\"route\":\"problem_detail\",\"status\":200,\"t\":1791350052376,\"ms\":15}","source":"console","time":"2026-10-07T05:14:12Z"}
{"level":"info","msg":"{\"ev\":\"req\",\"route\":\"history\",\"status\":200,\"t\":1791350052477,\"ms\":15.2}","source":"console","time":"2026-10-07T05:14:12Z"}
{"level":"info","msg":"{\"ev\":\"req\",\"route\":\"problem_list\",\"status\":200,\"t\":1791350052576,\"ms\":15.2}","source":"console","time":"2026-10-07T05:14:12Z"}
{"level":"info","msg":"{\"ev\":\"req\",\"route\":\"problem_detail\",\"status\":200,\"t\":1791350052676,\"ms\":15.4}","source":"console","time":"2026-10-07T05:14:12Z"}
{"level":"info","msg":"{\"ev\":\"req\",\"route\":\"history\",\"status\":200,\"t\":1791350052777,\"ms\":15.3}","source":"console","time":"2026-10-07T05:14:12Z"}
{"level":"info","msg":"{\"ev\":\"req\",\"route\":\"problem_list\",\"status\":200,\"t\":1791350052874,\"ms\":12.9}","source":"console","time":"2026-10-07T05:14:12Z"}
{"level":"info","msg":"{\"ev\":\"req\",\"route\":\"problem_detail\",\"status\":200,\"t\":1791350052972,\"ms\":11.9}","source":"console","time":"2026-10-07T05:14:12Z"}
{"level":"info","msg":"{\"ev\":\"req\",\"route\":\"history\",\"status\":200,\"t\":1791350053078,\"ms\":17.3}","source":"console","time":"2026-10-07T05:14:13Z"}
{"level":"info","msg":"{\"ev\":\"req\",\"route\":\"submit\",\"status\":200,\"t\":1791350053116,\"ms\":22.7}","source":"console","time":"2026-10-07T05:14:13Z"}
{"level":"info","msg":"{\"ev\":\"accepted\",\"id\":\"8f1aa796-6e76-4fc9-bc6c-26cbec9714b9\",\"t\":1791350053116}","source":"console","time":"2026-10-07T05:14:13Z"}
{"level":"info","msg":"{\"ev\":\"req\",\"route\":\"problem_list\",\"status\":200,\"t\":1791350053167,\"ms\":6.5}","source":"console","time":"2026-10-07T05:14:13Z"}
{"level":"info","msg":"{\"ev\":\"req\",\"route\":\"problem_detail\",\"status\":200,\"t\":1791350053268,\"ms\":7.3}","source":"console","time":"2026-10-07T05:14:13Z"}
{"level":"info","msg":"{\"ev\":\"req\",\"route\":\"history\",\"status\":200,\"t\":1791350053368,\"ms\":7.4}","source":"console","time":"2026-10-07T05:14:13Z"}
{"level":"info","msg":"{\"ev\":\"req\",\"route\":\"problem_list\",\"status\":200,\"t\":1791350053470,\"ms\":8.8}","source":"console","time":"2026-10-07T05:14:13Z"}
{"level":"info","msg":"{\"ev\":\"req\",\"route\":\"problem_detail\",\"status\":200,\"t\":1791350053567,\"ms\":6.5}","source":"console","time":"2026-10-07T05:14:13Z"}
{"level":"info","msg":"{\"ev\":\"req\",\"route\":\"history\",\"status\":200,\"t\":1791350053672,\"ms\":10.6}","source":"console","time":"2026-10-07T05:14:13Z"}
{"level":"info","msg":"{\"ev\":\"req\",\"route\":\"problem_list\",\"status\":200,\"t\":1791350053770,\"ms\":10.2}","source":"console","time":"2026-10-07T05:14:13Z"}
{"level":"info","msg":"{\"ev\":\"req\",\"route\":\"problem_detail\",\"status\":200,\"t\":1791350053866,\"ms\":6.1}","source":"console","time":"2026-10-07T05:14:13Z"}
{"level":"info","msg":"{\"ev\":\"req\",\"route\":\"history\",\"status\":200,\"t\":1791350053969,\"ms\":7.8}","source":"console","time":"2026-10-07T05:14:13Z"}
{"level":"info","msg":"{\"ev\":\"req\",\"route\":\"problem_list\",\"status\":200,\"t\":1791350054073,\"ms\":11.5}","source":"console","time":"2026-10-07T05:14:14Z"}
{"level":"info","msg":"{\"ev\":\"req\",\"route\":\"problem_detail\",\"status\":200,\"t\":1791350054175,\"ms\":13.7}","source":"console","time":"2026-10-07T05:14:14Z"}
{"level":"info","msg":"{\"ev\":\"req\",\"route\":\"history\",\"status\":200,\"t\":1791350054276,\"ms\":15.1}","source":"console","time":"2026-10-07T05:14:14Z"}
{"level":"info","msg":"{\"ev\":\"req\",\"route\":\"problem_list\",\"status\":200,\"t\":1791350054375,\"ms\":13.7}","source":"console","time":"2026-10-07T05:14:14Z"}
{"level":"info","msg":"{\"ev\":\"req\",\"route\":\"problem_detail\",\"status\":200,\"t\":1791350054476,\"ms\":14.7}","source":"console","time":"2026-10-07T05:14:14Z"}
{"level":"info","msg":"{\"ev\":\"req\",\"route\":\"history\",\"status\":200,\"t\":1791350054577,\"ms\":16.5}","source":"console","time":"2026-10-07T05:14:14Z"}
{"level":"info","msg":"{\"ev\":\"req\",\"route\":\"problem_list\",\"status\":200,\"t\":1791350054675,\"ms\":14.3}","source":"console","time":"2026-10-07T05:14:14Z"}
{"level":"info","msg":"{\"ev\":\"req\",\"route\":\"problem_detail\",\"status\":200,\"t\":1791350054774,\"ms\":13.2}","source":"console","time":"2026-10-07T05:14:14Z"}
{"level":"info","msg":"{\"ev\":\"req\",\"route\":\"submit\",\"status\":200,\"t\":1791350054793,\"ms\":31.7}","source":"console","time":"2026-10-07T05:14:14Z"}
{"level":"info","msg":"{\"ev\":\"accepted\",\"id\":\"333b0285-47a4-4a8c-b461-1af692c55e2c\",\"t\":1791350054793}","source":"console","time":"2026-10-07T05:14:14Z"}
{"level":"info","msg":"{\"ev\":\"req\",\"route\":\"history\",\"status\":200,\"t\":1791350054872,\"ms\":11.3}","source":"console","time":"2026-10-07T05:14:14Z"}
{"level":"info","msg":"{\"ev\":\"req\",\"route\":\"problem_list\",\"status\":200,\"t\":1791350054973,\"ms\":12.8}","source":"console","time":"2026-10-07T05:14:14Z"}
{"level":"info","msg":"{\"ev\":\"req\",\"route\":\"problem_detail\",\"status\":200,\"t\":1791350055078,\"ms\":16.5}","source":"console","time":"2026-10-07T05:14:15Z"}
{"level":"info","msg":"{\"ev\":\"req\",\"route\":\"history\",\"status\":200,\"t\":1791350055171,\"ms\":10.3}","source":"console","time":"2026-10-07T05:14:15Z"}
{"level":"info","msg":"{\"ev\":\"req\",\"route\":\"problem_list\",\"status\":200,\"t\":1791350055269,\"ms\":7.9}","source":"console","time":"2026-10-07T05:14:15Z"}
{"level":"info","msg":"{\"ev\":\"req\",\"route\":\"problem_detail\",\"status\":200,\"t\":1791350055368,\"ms\":7}","source":"console","time":"2026-10-07T05:14:15Z"}
{"level":"info","msg":"{\"ev\":\"req\",\"route\":\"history\",\"status\":200,\"t\":1791350055471,\"ms\":10.7}","source":"console","time":"2026-10-07T05:14:15Z"}
{"level":"info","msg":"{\"ev\":\"req\",\"route\":\"problem_list\",\"status\":200,\"t\":1791350055574,\"ms\":13}","source":"console","time":"2026-10-07T05:14:15Z"}
{"level":"info","msg":"{\"ev\":\"req\",\"route\":\"problem_detail\",\"status\":200,\"t\":1791350055674,\"ms\":14}","source":"console","time":"2026-10-07T05:14:15Z"}
{"level":"info","msg":"{\"ev\":\"req\",\"route\":\"history\",\"status\":200,\"t\":1791350055769,\"ms\":8.6}","source":"console","time":"2026-10-07T05:14:15Z"}
{"level":"info","msg":"{\"ev\":\"req\",\"route\":\"problem_list\",\"status\":200,\"t\":1791350055869,\"ms\":8.9}","source":"console","time":"2026-10-07T05:14:15Z"}
{"level":"info","msg":"{\"ev\":\"req\",\"route\":\"problem_detail\",\"status\":200,\"t\":1791350055972,\"ms\":10.4}","source":"console","time":"2026-10-07T05:14:15Z"}
{"level":"info","msg":"{\"ev\":\"req\",\"route\":\"history\",\"status\":200,\"t\":1791350056077,\"ms\":16.1}","source":"console","time":"2026-10-07T05:14:16Z"}
{"level":"info","msg":"{\"ev\":\"req\",\"route\":\"problem_list\",\"status\":200,\"t\":1791350056175,\"ms\":13.7}","source":"console","time":"2026-10-07T05:14:16Z"}
{"level":"info","msg":"{\"ev\":\"req\",\"route\":\"problem_detail\",\"status\":200,\"t\":1791350056277,\"ms\":15.3}","source":"console","time":"2026-10-07T05:14:16Z"}
{"level":"info","msg":"{\"ev\":\"req\",\"route\":\"history\",\"status\":200,\"t\":1791350056367,\"ms\":7.1}","source":"console","time":"2026-10-07T05:14:16Z"}
{"level":"info","msg":"{\"ev\":\"req\",\"route\":\"submit\",\"status\":200,\"t\":1791350056456,\"ms\":28.8}","source":"console","time":"2026-10-07T05:14:16Z"}
{"level":"info","msg":"{\"ev\":\"accepted\",\"id\":\"2d5989f9-2be1-4108-af20-c06afb9ebb72\",\"t\":1791350056456}","source":"console","time":"2026-10-07T05:14:16Z"}
{"level":"info","msg":"{\"ev\":\"req\",\"route\":\"problem_list\",\"status\":200,\"t\":1791350056467,\"ms\":6.2}","source":"console","time":"2026-10-07T05:14:16Z"}
{"level":"info","msg":"{\"ev\":\"req\",\"route\":\"problem_detail\",\"status\":200,\"t\":1791350056568,\"ms\":6.5}","source":"console","time":"2026-10-07T05:14:16Z"}
{"level":"info","msg":"{\"ev\":\"req\",\"route\":\"history\",\"status\":200,\"t\":1791350056668,\"ms\":7.8}","source":"console","time":"2026-10-07T05:14:16Z"}
{"level":"info","msg":"{\"ev\":\"req\",\"route\":\"problem_list\",\"status\":200,\"t\":1791350056768,\"ms\":7.4}","source":"console","time":"2026-10-07T05:14:16Z"}
{"level":"info","msg":"{\"ev\":\"req\",\"route\":\"problem_detail\",\"status\":200,\"t\":1791350056868,\"ms\":7.3}","source":"console","time":"2026-10-07T05:14:16Z"}
{"level":"info","msg":"{\"ev\":\"req\",\"route\":\"history\",\"status\":200,\"t\":1791350056968,\"ms\":7.8}","source":"console","time":"2026-10-07T05:14:16Z"}
{"level":"info","msg":"{\"ev\":\"req\",\"route\":\"problem_list\",\"status\":200,\"t\":1791350057069,\"ms\":8.1}","source":"console","time":"2026-10-07T05:14:17Z"}
{"level":"info","msg":"{\"ev\":\"req\",\"route\":\"problem_detail\",\"status\":200,\"t\":1791350057167,\"ms\":6.2}","source":"console","time":"2026-10-07T05:14:17Z"}
{"level":"info","msg":"{\"ev\":\"req\",\"route\":\"history\",\"status\":200,\"t\":1791350057270,\"ms\":9.2}","source":"console","time":"2026-10-07T05:14:17Z"}
{"level":"info","msg":"{\"ev\":\"req\",\"route\":\"problem_list\",\"status\":200,\"t\":1791350057374,\"ms\":13}","source":"console","time":"2026-10-07T05:14:17Z"}
{"level":"info","msg":"{\"ev\":\"req\",\"route\":\"problem_detail\",\"status\":200,\"t\":1791350057474,\"ms\":12.7}","source":"console","time":"2026-10-07T05:14:17Z"}
{"level":"info","msg":"{\"ev\":\"req\",\"route\":\"history\",\"status\":200,\"t\":1791350057577,\"ms\":16.8}","source":"console","time":"2026-10-07T05:14:17Z"}
{"level":"info","msg":"{\"ev\":\"req\",\"route\":\"problem_list\",\"status\":200,\"t\":1791350057672,\"ms\":11.6}","source":"console","time":"2026-10-07T05:14:17Z"}
{"level":"info","msg":"{\"ev\":\"req\",\"route\":\"problem_detail\",\"status\":200,\"t\":1791350057774,\"ms\":12.2}","source":"console","time":"2026-10-07T05:14:17Z"}
{"level":"info","msg":"{\"ev\":\"req\",\"route\":\"history\",\"status\":200,\"t\":1791350057878,\"ms\":17.3}","source":"console","time":"2026-10-07T05:14:17Z"}
{"level":"info","msg":"{\"ev\":\"req\",\"route\":\"problem_list\",\"status\":200,\"t\":1791350057975,\"ms\":14.4}","source":"console","time":"2026-10-07T05:14:17Z"}
{"level":"info","msg":"{\"ev\":\"req\",\"route\":\"problem_detail\",\"status\":200,\"t\":1791350058085,\"ms\":23.7}","source":"console","time":"2026-10-07T05:14:18Z"}
{"level":"info","msg":"{\"ev\":\"req\",\"route\":\"submit\",\"status\":200,\"t\":1791350058114,\"ms\":19.6}","source":"console","time":"2026-10-07T05:14:18Z"}
{"level":"info","msg":"{\"ev\":\"accepted\",\"id\":\"0c67586e-c5c6-4f80-890e-742799a0f82a\",\"t\":1791350058114}","source":"console","time":"2026-10-07T05:14:18Z"}
{"level":"info","msg":"{\"ev\":\"req\",\"route\":\"history\",\"status\":200,\"t\":1791350058204,\"ms\":43.5}","source":"console","time":"2026-10-07T05:14:18Z"}
{"level":"info","msg":"{\"ev\":\"req\",\"route\":\"problem_list\",\"status\":200,\"t\":1791350058273,\"ms\":12}","source":"console","time":"2026-10-07T05:14:18Z"}
{"level":"info","msg":"{\"ev\":\"req\",\"route\":\"problem_detail\",\"status\":200,\"t\":1791350058371,\"ms\":10.6}","source":"console","time":"2026-10-07T05:14:18Z"}
{"level":"info","msg":"{\"ev\":\"req\",\"route\":\"history\",\"status\":200,\"t\":1791350058472,\"ms\":11.1}","source":"console","time":"2026-10-07T05:14:18Z"}
{"level":"info","msg":"{\"ev\":\"req\",\"route\":\"problem_list\",\"status\":200,\"t\":1791350058573,\"ms\":12.2}","source":"console","time":"2026-10-07T05:14:18Z"}
{"level":"info","msg":"{\"ev\":\"req\",\"route\":\"problem_detail\",\"status\":200,\"t\":1791350058674,\"ms\":13}","source":"console","time":"2026-10-07T05:14:18Z"}
{"level":"info","msg":"{\"ev\":\"req\",\"route\":\"history\",\"status\":200,\"t\":1791350058771,\"ms\":10.2}","source":"console","time":"2026-10-07T05:14:18Z"}
{"level":"info","msg":"{\"ev\":\"req\",\"route\":\"problem_list\",\"status\":200,\"t\":1791350058868,\"ms\":7.2}","source":"console","time":"2026-10-07T05:14:18Z"}
{"level":"info","msg":"{\"ev\":\"req\",\"route\":\"problem_detail\",\"status\":200,\"t\":1791350058972,\"ms\":11.2}","source":"console","time":"2026-10-07T05:14:18Z"}
{"level":"info","msg":"{\"ev\":\"req\",\"route\":\"history\",\"status\":200,\"t\":1791350059069,\"ms\":7.4}","source":"console","time":"2026-10-07T05:14:19Z"}
{"level":"info","msg":"{\"ev\":\"req\",\"route\":\"problem_list\",\"status\":200,\"t\":1791350059170,\"ms\":9.1}","source":"console","time":"2026-10-07T05:14:19Z"}
{"level":"info","msg":"{\"ev\":\"req\",\"route\":\"problem_detail\",\"status\":200,\"t\":1791350059274,\"ms\":12.9}","source":"console","time":"2026-10-07T05:14:19Z"}
{"level":"info","msg":"{\"ev\":\"req\",\"route\":\"history\",\"status\":200,\"t\":1791350059374,\"ms\":13.3}","source":"console","time":"2026-10-07T05:14:19Z"}
{"level":"info","msg":"{\"ev\":\"req\",\"route\":\"problem_list\",\"status\":200,\"t\":1791350059474,\"ms\":13.2}","source":"console","time":"2026-10-07T05:14:19Z"}
{"level":"info","msg":"{\"ev\":\"req\",\"route\":\"problem_detail\",\"status\":200,\"t\":1791350059567,\"ms\":5.5}","source":"console","time":"2026-10-07T05:14:19Z"}
{"level":"info","msg":"{\"ev\":\"req\",\"route\":\"history\",\"status\":200,\"t\":1791350059677,\"ms\":15.8}","source":"console","time":"2026-10-07T05:14:19Z"}
{"level":"info","msg":"{\"ev\":\"req\",\"route\":\"problem_list\",\"status\":200,\"t\":1791350059778,\"ms\":17}","source":"console","time":"2026-10-07T05:14:19Z"}
{"level":"info","msg":"{\"ev\":\"req\",\"route\":\"submit\",\"status\":200,\"t\":1791350059794,\"ms\":33.4}","source":"console","time":"2026-10-07T05:14:19Z"}
{"level":"info","msg":"{\"ev\":\"accepted\",\"id\":\"24e4e68a-d39f-4294-9612-c260720954fa\",\"t\":1791350059794}","source":"console","time":"2026-10-07T05:14:19Z"}
{"level":"info","msg":"{\"ev\":\"req\",\"route\":\"problem_detail\",\"status\":200,\"t\":1791350059868,\"ms\":6.8}","source":"console","time":"2026-10-07T05:14:19Z"}
{"level":"info","msg":"{\"ev\":\"req\",\"route\":\"history\",\"status\":200,\"t\":1791350059967,\"ms\":6.7}","source":"console","time":"2026-10-07T05:14:19Z"}
{"level":"info","msg":"{\"ev\":\"req\",\"route\":\"problem_list\",\"status\":200,\"t\":1791350060068,\"ms\":6.6}","source":"console","time":"2026-10-07T05:14:20Z"}
{"level":"info","msg":"{\"ev\":\"req\",\"route\":\"problem_detail\",\"status\":200,\"t\":1791350060167,\"ms\":6.2}","source":"console","time":"2026-10-07T05:14:20Z"}
{"level":"info","msg":"{\"ev\":\"req\",\"route\":\"history\",\"status\":200,\"t\":1791350060268,\"ms\":7.8}","source":"console","time":"2026-10-07T05:14:20Z"}
{"level":"info","msg":"{\"ev\":\"req\",\"route\":\"problem_list\",\"status\":200,\"t\":1791350060367,\"ms\":6.5}","source":"console","time":"2026-10-07T05:14:20Z"}
{"level":"info","msg":"{\"ev\":\"req\",\"route\":\"problem_detail\",\"status\":200,\"t\":1791350060469,\"ms\":8.2}","source":"console","time":"2026-10-07T05:14:20Z"}
{"level":"info","msg":"{\"ev\":\"req\",\"route\":\"history\",\"status\":200,\"t\":1791350060573,\"ms\":11.9}","source":"console","time":"2026-10-07T05:14:20Z"}
{"level":"info","msg":"{\"ev\":\"req\",\"route\":\"problem_list\",\"status\":200,\"t\":1791350060675,\"ms\":14.1}","source":"console","time":"2026-10-07T05:14:20Z"}
{"level":"info","msg":"{\"ev\":\"req\",\"route\":\"problem_detail\",\"status\":200,\"t\":1791350060776,\"ms\":14.8}","source":"console","time":"2026-10-07T05:14:20Z"}
{"level":"info","msg":"{\"ev\":\"req\",\"route\":\"history\",\"status\":200,\"t\":1791350060877,\"ms\":15.2}","source":"console","time":"2026-10-07T05:14:20Z"}
{"level":"info","msg":"{\"ev\":\"req\",\"route\":\"problem_list\",\"status\":200,\"t\":1791350060972,\"ms\":11.6}","source":"console","time":"2026-10-07T05:14:20Z"}
{"level":"info","msg":"{\"ev\":\"req\",\"route\":\"problem_detail\",\"status\":200,\"t\":1791350061072,\"ms\":11.1}","source":"console","time":"2026-10-07T05:14:21Z"}
{"level":"info","msg":"{\"ev\":\"req\",\"route\":\"history\",\"status\":200,\"t\":1791350061178,\"ms\":16.3}","source":"console","time":"2026-10-07T05:14:21Z"}
{"level":"info","msg":"{\"ev\":\"req\",\"route\":\"problem_list\",\"status\":200,\"t\":1791350061275,\"ms\":13.6}","source":"console","time":"2026-10-07T05:14:21Z"}
{"level":"info","msg":"{\"ev\":\"req\",\"route\":\"problem_detail\",\"status\":200,\"t\":1791350061373,\"ms\":12.6}","source":"console","time":"2026-10-07T05:14:21Z"}
{"level":"info","msg":"{\"ev\":\"req\",\"route\":\"submit\",\"status\":200,\"t\":1791350061444,\"ms\":17.1}","source":"console","time":"2026-10-07T05:14:21Z"}
{"level":"info","msg":"{\"ev\":\"accepted\",\"id\":\"dfb1c6ac-41b3-4e80-adc6-be60d3358e14\",\"t\":1791350061444}","source":"console","time":"2026-10-07T05:14:21Z"}
{"level":"info","msg":"{\"ev\":\"req\",\"route\":\"history\",\"status\":200,\"t\":1791350061469,\"ms\":7.9}","source":"console","time":"2026-10-07T05:14:21Z"}
{"level":"info","msg":"{\"ev\":\"req\",\"route\":\"problem_list\",\"status\":200,\"t\":1791350061572,\"ms\":10.6}","source":"console","time":"2026-10-07T05:14:21Z"}
{"level":"info","msg":"{\"ev\":\"req\",\"route\":\"problem_detail\",\"status\":200,\"t\":1791350061671,\"ms\":10.2}","source":"console","time":"2026-10-07T05:14:21Z"}
{"level":"info","msg":"{\"ev\":\"req\",\"route\":\"history\",\"status\":200,\"t\":1791350061771,\"ms\":10.3}","source":"console","time":"2026-10-07T05:14:21Z"}
{"level":"info","msg":"{\"ev\":\"req\",\"route\":\"problem_list\",\"status\":200,\"t\":1791350061867,\"ms\":6.5}","source":"console","time":"2026-10-07T05:14:21Z"}
{"level":"info","msg":"{\"ev\":\"req\",\"route\":\"problem_detail\",\"status\":200,\"t\":1791350061967,\"ms\":6}","source":"console","time":"2026-10-07T05:14:21Z"}
{"level":"info","msg":"{\"ev\":\"req\",\"route\":\"history\",\"status\":200,\"t\":1791350062075,\"ms\":14.1}","source":"console","time":"2026-10-07T05:14:22Z"}
{"level":"info","msg":"{\"ev\":\"req\",\"route\":\"problem_list\",\"status\":200,\"t\":1791350062174,\"ms\":12.6}","source":"console","time":"2026-10-07T05:14:22Z"}
{"level":"info","msg":"{\"ev\":\"req\",\"route\":\"problem_detail\",\"status\":200,\"t\":1791350062271,\"ms\":10.8}","source":"console","time":"2026-10-07T05:14:22Z"}
{"level":"info","msg":"{\"ev\":\"req\",\"route\":\"history\",\"status\":200,\"t\":1791350062375,\"ms\":14.1}","source":"console","time":"2026-10-07T05:14:22Z"}
{"level":"info","msg":"{\"ev\":\"req\",\"route\":\"problem_list\",\"status\":200,\"t\":1791350062468,\"ms\":7.2}","source":"console","time":"2026-10-07T05:14:22Z"}
{"level":"info","msg":"{\"ev\":\"req\",\"route\":\"problem_detail\",\"status\":200,\"t\":1791350062574,\"ms\":13.5}","source":"console","time":"2026-10-07T05:14:22Z"}
{"level":"info","msg":"{\"ev\":\"req\",\"route\":\"history\",\"status\":200,\"t\":1791350062668,\"ms\":7.2}","source":"console","time":"2026-10-07T05:14:22Z"}
{"level":"info","msg":"{\"ev\":\"req\",\"route\":\"problem_list\",\"status\":200,\"t\":1791350062774,\"ms\":13.3}","source":"console","time":"2026-10-07T05:14:22Z"}
{"level":"info","msg":"{\"ev\":\"req\",\"route\":\"problem_detail\",\"status\":200,\"t\":1791350062866,\"ms\":5.9}","source":"console","time":"2026-10-07T05:14:22Z"}
{"level":"info","msg":"{\"ev\":\"req\",\"route\":\"history\",\"status\":200,\"t\":1791350062977,\"ms\":15.3}","source":"console","time":"2026-10-07T05:14:22Z"}
{"level":"info","msg":"{\"ev\":\"req\",\"route\":\"problem_list\",\"status\":200,\"t\":1791350063073,\"ms\":12.6}","source":"console","time":"2026-10-07T05:14:23Z"}
{"level":"info","msg":"{\"ev\":\"req\",\"route\":\"submit\",\"status\":200,\"t\":1791350063128,\"ms\":34.3}","source":"console","time":"2026-10-07T05:14:23Z"}
{"level":"info","msg":"{\"ev\":\"accepted\",\"id\":\"a9ad7f6c-8ad3-48b5-b6f9-c9bf11ff00bb\",\"t\":1791350063129}","source":"console","time":"2026-10-07T05:14:23Z"}
{"level":"info","msg":"{\"ev\":\"req\",\"route\":\"problem_detail\",\"status\":200,\"t\":1791350063167,\"ms\":5.7}","source":"console","time":"2026-10-07T05:14:23Z"}
{"level":"info","msg":"{\"ev\":\"req\",\"route\":\"history\",\"status\":200,\"t\":1791350063269,\"ms\":8.2}","source":"console","time":"2026-10-07T05:14:23Z"}
{"level":"info","msg":"{\"ev\":\"req\",\"route\":\"problem_list\",\"status\":200,\"t\":1791350063368,\"ms\":6.9}","source":"console","time":"2026-10-07T05:14:23Z"}
{"level":"info","msg":"{\"ev\":\"req\",\"route\":\"problem_detail\",\"status\":200,\"t\":1791350063469,\"ms\":7.8}","source":"console","time":"2026-10-07T05:14:23Z"}
{"level":"info","msg":"{\"ev\":\"req\",\"route\":\"history\",\"status\":200,\"t\":1791350063568,\"ms\":7.7}","source":"console","time":"2026-10-07T05:14:23Z"}
{"level":"info","msg":"{\"ev\":\"req\",\"route\":\"problem_list\",\"status\":200,\"t\":1791350063667,\"ms\":6.7}","source":"console","time":"2026-10-07T05:14:23Z"}
{"level":"info","msg":"{\"ev\":\"req\",\"route\":\"problem_detail\",\"status\":200,\"t\":1791350063767,\"ms\":5.6}","source":"console","time":"2026-10-07T05:14:23Z"}
{"level":"info","msg":"{\"ev\":\"req\",\"route\":\"history\",\"status\":200,\"t\":1791350063875,\"ms\":13.9}","source":"console","time":"2026-10-07T05:14:23Z"}
{"level":"info","msg":"{\"ev\":\"req\",\"route\":\"problem_list\",\"status\":200,\"t\":1791350063970,\"ms\":9.2}","source":"console","time":"2026-10-07T05:14:23Z"}
{"level":"info","msg":"{\"ev\":\"req\",\"route\":\"problem_detail\",\"status\":200,\"t\":1791350064066,\"ms\":5.6}","source":"console","time":"2026-10-07T05:14:24Z"}
{"level":"info","msg":"{\"ev\":\"req\",\"route\":\"history\",\"status\":200,\"t\":1791350064168,\"ms\":7.4}","source":"console","time":"2026-10-07T05:14:24Z"}
{"level":"info","msg":"{\"ev\":\"req\",\"route\":\"problem_list\",\"status\":200,\"t\":1791350064269,\"ms\":7.8}","source":"console","time":"2026-10-07T05:14:24Z"}
{"level":"info","msg":"{\"ev\":\"req\",\"route\":\"problem_detail\",\"status\":200,\"t\":1791350064375,\"ms\":14.2}","source":"console","time":"2026-10-07T05:14:24Z"}
{"level":"info","msg":"{\"ev\":\"req\",\"route\":\"history\",\"status\":200,\"t\":1791350064478,\"ms\":17.3}","source":"console","time":"2026-10-07T05:14:24Z"}
{"level":"info","msg":"{\"ev\":\"req\",\"route\":\"problem_list\",\"status\":200,\"t\":1791350064566,\"ms\":5.9}","source":"console","time":"2026-10-07T05:14:24Z"}
{"level":"info","msg":"{\"ev\":\"req\",\"route\":\"problem_detail\",\"status\":200,\"t\":1791350064673,\"ms\":12.6}","source":"console","time":"2026-10-07T05:14:24Z"}
{"level":"info","msg":"{\"ev\":\"req\",\"route\":\"history\",\"status\":200,\"t\":1791350064778,\"ms\":16.9}","source":"console","time":"2026-10-07T05:14:24Z"}
{"level":"info","msg":"{\"ev\":\"req\",\"route\":\"submit\",\"status\":200,\"t\":1791350064792,\"ms\":30.8}","source":"console","time":"2026-10-07T05:14:24Z"}
{"level":"info","msg":"{\"ev\":\"accepted\",\"id\":\"48bbe270-a04c-4621-8a79-f9080da95fd3\",\"t\":1791350064792}","source":"console","time":"2026-10-07T05:14:24Z"}
{"level":"info","msg":"{\"ev\":\"req\",\"route\":\"problem_list\",\"status\":200,\"t\":1791350064872,\"ms\":11.4}","source":"console","time":"2026-10-07T05:14:24Z"}
{"level":"info","msg":"{\"ev\":\"req\",\"route\":\"problem_detail\",\"status\":200,\"t\":1791350064973,\"ms\":12.1}","source":"console","time":"2026-10-07T05:14:24Z"}
{"level":"info","msg":"{\"ev\":\"req\",\"route\":\"history\",\"status\":200,\"t\":1791350065070,\"ms\":9.6}","source":"console","time":"2026-10-07T05:14:25Z"}
{"level":"info","msg":"{\"ev\":\"req\",\"route\":\"problem_list\",\"status\":200,\"t\":1791350065168,\"ms\":6.8}","source":"console","time":"2026-10-07T05:14:25Z"}
{"level":"info","msg":"{\"ev\":\"req\",\"route\":\"problem_detail\",\"status\":200,\"t\":1791350065269,\"ms\":7.8}","source":"console","time":"2026-10-07T05:14:25Z"}
{"level":"info","msg":"{\"ev\":\"req\",\"route\":\"history\",\"status\":200,\"t\":1791350065376,\"ms\":15.8}","source":"console","time":"2026-10-07T05:14:25Z"}
{"level":"info","msg":"{\"ev\":\"req\",\"route\":\"problem_list\",\"status\":200,\"t\":1791350065473,\"ms\":12.7}","source":"console","time":"2026-10-07T05:14:25Z"}
{"level":"info","msg":"{\"ev\":\"req\",\"route\":\"problem_detail\",\"status\":200,\"t\":1791350065575,\"ms\":13.6}","source":"console","time":"2026-10-07T05:14:25Z"}
{"level":"info","msg":"{\"ev\":\"req\",\"route\":\"history\",\"status\":200,\"t\":1791350065676,\"ms\":14.1}","source":"console","time":"2026-10-07T05:14:25Z"}
{"level":"info","msg":"{\"ev\":\"req\",\"route\":\"problem_list\",\"status\":200,\"t\":1791350065772,\"ms\":11.7}","source":"console","time":"2026-10-07T05:14:25Z"}
{"level":"info","msg":"{\"ev\":\"req\",\"route\":\"problem_detail\",\"status\":200,\"t\":1791350065873,\"ms\":12}","source":"console","time":"2026-10-07T05:14:25Z"}
{"level":"info","msg":"{\"ev\":\"req\",\"route\":\"history\",\"status\":200,\"t\":1791350065968,\"ms\":7.5}","source":"console","time":"2026-10-07T05:14:25Z"}
{"level":"info","msg":"{\"ev\":\"req\",\"route\":\"problem_list\",\"status\":200,\"t\":1791350066074,\"ms\":12.6}","source":"console","time":"2026-10-07T05:14:26Z"}
{"level":"info","msg":"{\"ev\":\"req\",\"route\":\"problem_detail\",\"status\":200,\"t\":1791350066172,\"ms\":11.2}","source":"console","time":"2026-10-07T05:14:26Z"}
{"level":"info","msg":"{\"ev\":\"req\",\"route\":\"history\",\"status\":200,\"t\":1791350066278,\"ms\":16.5}","source":"console","time":"2026-10-07T05:14:26Z"}
{"level":"info","msg":"{\"ev\":\"req\",\"route\":\"problem_list\",\"status\":200,\"t\":1791350066374,\"ms\":13.7}","source":"console","time":"2026-10-07T05:14:26Z"}
{"level":"info","msg":"{\"ev\":\"req\",\"route\":\"submit\",\"status\":200,\"t\":1791350066445,\"ms\":18.3}","source":"console","time":"2026-10-07T05:14:26Z"}
{"level":"info","msg":"{\"ev\":\"accepted\",\"id\":\"c9302087-d063-4939-87d2-7f6b9637f07f\",\"t\":1791350066445}","source":"console","time":"2026-10-07T05:14:26Z"}
{"level":"info","msg":"{\"ev\":\"req\",\"route\":\"problem_detail\",\"status\":200,\"t\":1791350066468,\"ms\":7.1}","source":"console","time":"2026-10-07T05:14:26Z"}
{"level":"info","msg":"{\"ev\":\"req\",\"route\":\"history\",\"status\":200,\"t\":1791350066567,\"ms\":6.9}","source":"console","time":"2026-10-07T05:14:26Z"}
{"level":"info","msg":"{\"ev\":\"req\",\"route\":\"problem_list\",\"status\":200,\"t\":1791350066669,\"ms\":8.2}","source":"console","time":"2026-10-07T05:14:26Z"}
{"level":"info","msg":"{\"ev\":\"req\",\"route\":\"problem_detail\",\"status\":200,\"t\":1791350066769,\"ms\":7.8}","source":"console","time":"2026-10-07T05:14:26Z"}
{"level":"info","msg":"{\"ev\":\"req\",\"route\":\"history\",\"status\":200,\"t\":1791350066868,\"ms\":7.1}","source":"console","time":"2026-10-07T05:14:26Z"}
{"level":"info","msg":"{\"ev\":\"req\",\"route\":\"problem_list\",\"status\":200,\"t\":1791350066968,\"ms\":7.4}","source":"console","time":"2026-10-07T05:14:26Z"}
{"level":"info","msg":"{\"ev\":\"req\",\"route\":\"problem_detail\",\"status\":200,\"t\":1791350067067,\"ms\":6.3}","source":"console","time":"2026-10-07T05:14:27Z"}
{"level":"info","msg":"{\"ev\":\"req\",\"route\":\"history\",\"status\":200,\"t\":1791350067171,\"ms\":10.1}","source":"console","time":"2026-10-07T05:14:27Z"}
{"level":"info","msg":"{\"ev\":\"req\",\"route\":\"problem_list\",\"status\":200,\"t\":1791350067269,\"ms\":8}","source":"console","time":"2026-10-07T05:14:27Z"}
{"level":"info","msg":"{\"ev\":\"req\",\"route\":\"problem_detail\",\"status\":200,\"t\":1791350067366,\"ms\":5.8}","source":"console","time":"2026-10-07T05:14:27Z"}
{"level":"info","msg":"{\"ev\":\"req\",\"route\":\"history\",\"status\":200,\"t\":1791350067468,\"ms\":7.2}","source":"console","time":"2026-10-07T05:14:27Z"}
{"level":"info","msg":"{\"ev\":\"req\",\"route\":\"problem_list\",\"status\":200,\"t\":1791350067575,\"ms\":13.4}","source":"console","time":"2026-10-07T05:14:27Z"}
{"level":"info","msg":"{\"ev\":\"req\",\"route\":\"problem_detail\",\"status\":200,\"t\":1791350067674,\"ms\":13.4}","source":"console","time":"2026-10-07T05:14:27Z"}
{"level":"info","msg":"{\"ev\":\"req\",\"route\":\"history\",\"status\":200,\"t\":1791350067776,\"ms\":15}","source":"console","time":"2026-10-07T05:14:27Z"}
{"level":"info","msg":"{\"ev\":\"req\",\"route\":\"problem_list\",\"status\":200,\"t\":1791350067873,\"ms\":12.6}","source":"console","time":"2026-10-07T05:14:27Z"}
{"level":"info","msg":"{\"ev\":\"req\",\"route\":\"problem_detail\",\"status\":200,\"t\":1791350067971,\"ms\":10.7}","source":"console","time":"2026-10-07T05:14:27Z"}
{"level":"info","msg":"{\"ev\":\"req\",\"route\":\"history\",\"status\":200,\"t\":1791350068075,\"ms\":14.4}","source":"console","time":"2026-10-07T05:14:28Z"}
{"level":"info","msg":"{\"ev\":\"req\",\"route\":\"submit\",\"status\":200,\"t\":1791350068117,\"ms\":22.8}","source":"console","time":"2026-10-07T05:14:28Z"}
{"level":"info","msg":"{\"ev\":\"accepted\",\"id\":\"d282b177-eb06-4ab7-9ab4-a2aae9435a6a\",\"t\":1791350068117}","source":"console","time":"2026-10-07T05:14:28Z"}
{"level":"info","msg":"{\"ev\":\"req\",\"route\":\"problem_list\",\"status\":200,\"t\":1791350068169,\"ms\":8.2}","source":"console","time":"2026-10-07T05:14:28Z"}
{"level":"info","msg":"{\"ev\":\"req\",\"route\":\"problem_detail\",\"status\":200,\"t\":1791350068270,\"ms\":8.9}","source":"console","time":"2026-10-07T05:14:28Z"}
{"level":"info","msg":"{\"ev\":\"req\",\"route\":\"history\",\"status\":200,\"t\":1791350068373,\"ms\":12.9}","source":"console","time":"2026-10-07T05:14:28Z"}
{"level":"info","msg":"{\"ev\":\"req\",\"route\":\"problem_list\",\"status\":200,\"t\":1791350068470,\"ms\":9.4}","source":"console","time":"2026-10-07T05:14:28Z"}
{"level":"info","msg":"{\"ev\":\"req\",\"route\":\"problem_detail\",\"status\":200,\"t\":1791350068567,\"ms\":6.4}","source":"console","time":"2026-10-07T05:14:28Z"}
{"level":"info","msg":"{\"ev\":\"req\",\"route\":\"history\",\"status\":200,\"t\":1791350068674,\"ms\":13.2}","source":"console","time":"2026-10-07T05:14:28Z"}
{"level":"info","msg":"{\"ev\":\"req\",\"route\":\"problem_list\",\"status\":200,\"t\":1791350068768,\"ms\":7.7}","source":"console","time":"2026-10-07T05:14:28Z"}
{"level":"info","msg":"{\"ev\":\"req\",\"route\":\"problem_detail\",\"status\":200,\"t\":1791350068872,\"ms\":10.8}","source":"console","time":"2026-10-07T05:14:28Z"}
{"level":"info","msg":"{\"ev\":\"req\",\"route\":\"history\",\"status\":200,\"t\":1791350068970,\"ms\":9.4}","source":"console","time":"2026-10-07T05:14:28Z"}
{"level":"info","msg":"{\"ev\":\"req\",\"route\":\"problem_list\",\"status\":200,\"t\":1791350069070,\"ms\":9}","source":"console","time":"2026-10-07T05:14:29Z"}
{"level":"info","msg":"{\"ev\":\"req\",\"route\":\"problem_detail\",\"status\":200,\"t\":1791350069173,\"ms\":12.7}","source":"console","time":"2026-10-07T05:14:29Z"}
{"level":"info","msg":"{\"ev\":\"req\",\"route\":\"history\",\"status\":200,\"t\":1791350069277,\"ms\":15.8}","source":"console","time":"2026-10-07T05:14:29Z"}
{"level":"info","msg":"{\"ev\":\"req\",\"route\":\"problem_list\",\"status\":200,\"t\":1791350069374,\"ms\":13.9}","source":"console","time":"2026-10-07T05:14:29Z"}
{"level":"info","msg":"{\"ev\":\"req\",\"route\":\"problem_detail\",\"status\":200,\"t\":1791350069473,\"ms\":12.7}","source":"console","time":"2026-10-07T05:14:29Z"}
{"level":"info","msg":"{\"ev\":\"req\",\"route\":\"history\",\"status\":200,\"t\":1791350069568,\"ms\":7.3}","source":"console","time":"2026-10-07T05:14:29Z"}
{"level":"info","msg":"{\"ev\":\"req\",\"route\":\"problem_list\",\"status\":200,\"t\":1791350069668,\"ms\":7.1}","source":"console","time":"2026-10-07T05:14:29Z"}
{"level":"info","msg":"{\"ev\":\"req\",\"route\":\"problem_detail\",\"status\":200,\"t\":1791350069771,\"ms\":10.1}","source":"console","time":"2026-10-07T05:14:29Z"}
{"level":"info","msg":"{\"ev\":\"req\",\"route\":\"submit\",\"status\":200,\"t\":1791350069786,\"ms\":25.4}","source":"console","time":"2026-10-07T05:14:29Z"}
{"level":"info","msg":"{\"ev\":\"accepted\",\"id\":\"8534ed8c-8143-4a89-a7fc-85968e06d32f\",\"t\":1791350069786}","source":"console","time":"2026-10-07T05:14:29Z"}
{"level":"info","msg":"{\"ev\":\"req\",\"route\":\"history\",\"status\":200,\"t\":1791350069880,\"ms\":19.6}","source":"console","time":"2026-10-07T05:14:29Z"}
{"level":"info","msg":"{\"ev\":\"req\",\"route\":\"problem_list\",\"status\":200,\"t\":1791350069972,\"ms\":10.9}","source":"console","time":"2026-10-07T05:14:29Z"}
{"level":"info","msg":"{\"ev\":\"req\",\"route\":\"problem_detail\",\"status\":200,\"t\":1791350070071,\"ms\":10.5}","source":"console","time":"2026-10-07T05:14:30Z"}
{"level":"info","msg":"{\"ev\":\"req\",\"route\":\"history\",\"status\":200,\"t\":1791350070175,\"ms\":14.4}","source":"console","time":"2026-10-07T05:14:30Z"}
{"level":"info","msg":"{\"ev\":\"req\",\"route\":\"problem_list\",\"status\":200,\"t\":1791350070269,\"ms\":8}","source":"console","time":"2026-10-07T05:14:30Z"}
{"level":"info","msg":"{\"ev\":\"req\",\"route\":\"problem_detail\",\"status\":200,\"t\":1791350070368,\"ms\":7.3}","source":"console","time":"2026-10-07T05:14:30Z"}
{"level":"info","msg":"{\"ev\":\"req\",\"route\":\"history\",\"status\":200,\"t\":1791350070467,\"ms\":6.5}","source":"console","time":"2026-10-07T05:14:30Z"}
{"level":"info","msg":"{\"ev\":\"req\",\"route\":\"problem_list\",\"status\":200,\"t\":1791350070568,\"ms\":7.1}","source":"console","time":"2026-10-07T05:14:30Z"}
{"level":"info","msg":"{\"ev\":\"req\",\"route\":\"problem_detail\",\"status\":200,\"t\":1791350070669,\"ms\":8.4}","source":"console","time":"2026-10-07T05:14:30Z"}
{"level":"info","msg":"{\"ev\":\"req\",\"route\":\"history\",\"status\":200,\"t\":1791350070774,\"ms\":12.6}","source":"console","time":"2026-10-07T05:14:30Z"}
{"level":"info","msg":"{\"ev\":\"req\",\"route\":\"problem_list\",\"status\":200,\"t\":1791350070868,\"ms\":6.6}","source":"console","time":"2026-10-07T05:14:30Z"}
{"level":"info","msg":"{\"ev\":\"req\",\"route\":\"problem_detail\",\"status\":200,\"t\":1791350070973,\"ms\":12.8}","source":"console","time":"2026-10-07T05:14:30Z"}
{"level":"info","msg":"{\"ev\":\"req\",\"route\":\"history\",\"status\":200,\"t\":1791350071068,\"ms\":7.4}","source":"console","time":"2026-10-07T05:14:31Z"}
{"level":"info","msg":"{\"ev\":\"req\",\"route\":\"problem_list\",\"status\":200,\"t\":1791350071176,\"ms\":15.2}","source":"console","time":"2026-10-07T05:14:31Z"}
{"level":"info","msg":"{\"ev\":\"req\",\"route\":\"problem_detail\",\"status\":200,\"t\":1791350071267,\"ms\":5.8}","source":"console","time":"2026-10-07T05:14:31Z"}
{"level":"info","msg":"{\"ev\":\"req\",\"route\":\"history\",\"status\":200,\"t\":1791350071382,\"ms\":20.9}","source":"console","time":"2026-10-07T05:14:31Z"}
{"level":"info","msg":"{\"ev\":\"req\",\"route\":\"submit\",\"status\":200,\"t\":1791350071447,\"ms\":19.4}","source":"console","time":"2026-10-07T05:14:31Z"}
{"level":"info","msg":"{\"ev\":\"accepted\",\"id\":\"89d62f06-067d-489d-827d-e74c761b4128\",\"t\":1791350071447}","source":"console","time":"2026-10-07T05:14:31Z"}
{"level":"info","msg":"{\"ev\":\"req\",\"route\":\"problem_list\",\"status\":200,\"t\":1791350071468,\"ms\":6.6}","source":"console","time":"2026-10-07T05:14:31Z"}
{"level":"info","msg":"{\"ev\":\"req\",\"route\":\"problem_detail\",\"status\":200,\"t\":1791350071574,\"ms\":12.8}","source":"console","time":"2026-10-07T05:14:31Z"}
{"level":"info","msg":"{\"ev\":\"req\",\"route\":\"history\",\"status\":200,\"t\":1791350071679,\"ms\":18.5}","source":"console","time":"2026-10-07T05:14:31Z"}
{"level":"info","msg":"{\"ev\":\"req\",\"route\":\"problem_list\",\"status\":200,\"t\":1791350071776,\"ms\":15.9}","source":"console","time":"2026-10-07T05:14:31Z"}
{"level":"info","msg":"{\"ev\":\"req\",\"route\":\"problem_detail\",\"status\":200,\"t\":1791350071870,\"ms\":8.7}","source":"console","time":"2026-10-07T05:14:31Z"}
{"level":"info","msg":"{\"ev\":\"req\",\"route\":\"history\",\"status\":200,\"t\":1791350071970,\"ms\":8.9}","source":"console","time":"2026-10-07T05:14:31Z"}
{"level":"info","msg":"{\"ev\":\"req\",\"route\":\"problem_list\",\"status\":200,\"t\":1791350072067,\"ms\":6.5}","source":"console","time":"2026-10-07T05:14:32Z"}
{"level":"info","msg":"{\"ev\":\"req\",\"route\":\"problem_detail\",\"status\":200,\"t\":1791350072166,\"ms\":5.5}","source":"console","time":"2026-10-07T05:14:32Z"}
{"level":"info","msg":"{\"ev\":\"req\",\"route\":\"history\",\"status\":200,\"t\":1791350072276,\"ms\":14.7}","source":"console","time":"2026-10-07T05:14:32Z"}
{"level":"info","msg":"{\"ev\":\"req\",\"route\":\"problem_list\",\"status\":200,\"t\":1791350072373,\"ms\":12}","source":"console","time":"2026-10-07T05:14:32Z"}
{"level":"info","msg":"{\"ev\":\"req\",\"route\":\"problem_detail\",\"status\":200,\"t\":1791350072474,\"ms\":12.8}","source":"console","time":"2026-10-07T05:14:32Z"}
{"level":"info","msg":"{\"ev\":\"req\",\"route\":\"history\",\"status\":200,\"t\":1791350072576,\"ms\":14.7}","source":"console","time":"2026-10-07T05:14:32Z"}
{"level":"info","msg":"{\"ev\":\"req\",\"route\":\"problem_list\",\"status\":200,\"t\":1791350072674,\"ms\":12.8}","source":"console","time":"2026-10-07T05:14:32Z"}
{"level":"info","msg":"{\"ev\":\"req\",\"route\":\"problem_detail\",\"status\":200,\"t\":1791350072770,\"ms\":9.2}","source":"console","time":"2026-10-07T05:14:32Z"}
{"level":"info","msg":"{\"ev\":\"req\",\"route\":\"history\",\"status\":200,\"t\":1791350072876,\"ms\":14.8}","source":"console","time":"2026-10-07T05:14:32Z"}
{"level":"info","msg":"{\"ev\":\"req\",\"route\":\"problem_list\",\"status\":200,\"t\":1791350072972,\"ms\":11.1}","source":"console","time":"2026-10-07T05:14:32Z"}
{"level":"info","msg":"{\"ev\":\"req\",\"route\":\"problem_detail\",\"status\":200,\"t\":1791350073074,\"ms\":12.7}","source":"console","time":"2026-10-07T05:14:33Z"}
{"level":"info","msg":"{\"ev\":\"req\",\"route\":\"submit\",\"status\":200,\"t\":1791350073118,\"ms\":24.1}","source":"console","time":"2026-10-07T05:14:33Z"}
{"level":"info","msg":"{\"ev\":\"accepted\",\"id\":\"234499c9-cfa8-4047-98fc-0540944a85e6\",\"t\":1791350073118}","source":"console","time":"2026-10-07T05:14:33Z"}
{"level":"info","msg":"{\"ev\":\"req\",\"route\":\"history\",\"status\":200,\"t\":1791350073167,\"ms\":6.5}","source":"console","time":"2026-10-07T05:14:33Z"}
{"level":"info","msg":"{\"ev\":\"req\",\"route\":\"problem_list\",\"status\":200,\"t\":1791350073267,\"ms\":6.4}","source":"console","time":"2026-10-07T05:14:33Z"}
{"level":"info","msg":"{\"ev\":\"req\",\"route\":\"problem_detail\",\"status\":200,\"t\":1791350073374,\"ms\":12.7}","source":"console","time":"2026-10-07T05:14:33Z"}
{"level":"info","msg":"{\"ev\":\"req\",\"route\":\"history\",\"status\":200,\"t\":1791350073468,\"ms\":6.9}","source":"console","time":"2026-10-07T05:14:33Z"}
{"level":"info","msg":"{\"ev\":\"req\",\"route\":\"problem_list\",\"status\":200,\"t\":1791350073567,\"ms\":6.9}","source":"console","time":"2026-10-07T05:14:33Z"}
{"level":"info","msg":"{\"ev\":\"req\",\"route\":\"problem_detail\",\"status\":200,\"t\":1791350073668,\"ms\":7.3}","source":"console","time":"2026-10-07T05:14:33Z"}
{"level":"info","msg":"{\"ev\":\"req\",\"route\":\"history\",\"status\":200,\"t\":1791350073768,\"ms\":7.5}","source":"console","time":"2026-10-07T05:14:33Z"}
{"level":"info","msg":"{\"ev\":\"req\",\"route\":\"problem_list\",\"status\":200,\"t\":1791350073870,\"ms\":8.5}","source":"console","time":"2026-10-07T05:14:33Z"}
{"level":"info","msg":"{\"ev\":\"req\",\"route\":\"problem_detail\",\"status\":200,\"t\":1791350073971,\"ms\":10.6}","source":"console","time":"2026-10-07T05:14:33Z"}
{"level":"info","msg":"{\"ev\":\"req\",\"route\":\"history\",\"status\":200,\"t\":1791350074075,\"ms\":13.8}","source":"console","time":"2026-10-07T05:14:34Z"}
{"level":"info","msg":"{\"ev\":\"req\",\"route\":\"problem_list\",\"status\":200,\"t\":1791350074168,\"ms\":6.9}","source":"console","time":"2026-10-07T05:14:34Z"}
{"level":"info","msg":"{\"ev\":\"req\",\"route\":\"problem_detail\",\"status\":200,\"t\":1791350074273,\"ms\":12.2}","source":"console","time":"2026-10-07T05:14:34Z"}
{"level":"info","msg":"{\"ev\":\"req\",\"route\":\"history\",\"status\":200,\"t\":1791350074375,\"ms\":14}","source":"console","time":"2026-10-07T05:14:34Z"}
{"level":"info","msg":"{\"ev\":\"req\",\"route\":\"problem_list\",\"status\":200,\"t\":1791350074472,\"ms\":11.3}","source":"console","time":"2026-10-07T05:14:34Z"}
{"level":"info","msg":"{\"ev\":\"req\",\"route\":\"problem_detail\",\"status\":200,\"t\":1791350074567,\"ms\":6.6}","source":"console","time":"2026-10-07T05:14:34Z"}
{"level":"info","msg":"{\"ev\":\"req\",\"route\":\"history\",\"status\":200,\"t\":1791350074668,\"ms\":7}","source":"console","time":"2026-10-07T05:14:34Z"}
{"level":"info","msg":"{\"ev\":\"req\",\"route\":\"problem_list\",\"status\":200,\"t\":1791350074777,\"ms\":15.7}","source":"console","time":"2026-10-07T05:14:34Z"}
{"level":"info","msg":"{\"ev\":\"req\",\"route\":\"submit\",\"status\":200,\"t\":1791350074797,\"ms\":35.7}","source":"console","time":"2026-10-07T05:14:34Z"}
{"level":"info","msg":"{\"ev\":\"accepted\",\"id\":\"4f08d0b4-0b8a-4bc0-821e-128db0b0207b\",\"t\":1791350074797}","source":"console","time":"2026-10-07T05:14:34Z"}
{"level":"info","msg":"{\"ev\":\"req\",\"route\":\"problem_detail\",\"status\":200,\"t\":1791350074873,\"ms\":12.2}","source":"console","time":"2026-10-07T05:14:34Z"}
{"level":"info","msg":"{\"ev\":\"req\",\"route\":\"history\",\"status\":200,\"t\":1791350074974,\"ms\":12.5}","source":"console","time":"2026-10-07T05:14:34Z"}
{"level":"info","msg":"{\"ev\":\"req\",\"route\":\"problem_list\",\"status\":200,\"t\":1791350075079,\"ms\":18.9}","source":"console","time":"2026-10-07T05:14:35Z"}
{"level":"info","msg":"{\"ev\":\"req\",\"route\":\"problem_detail\",\"status\":200,\"t\":1791350075178,\"ms\":16.8}","source":"console","time":"2026-10-07T05:14:35Z"}
{"level":"info","msg":"{\"ev\":\"req\",\"route\":\"history\",\"status\":200,\"t\":1791350075271,\"ms\":9.5}","source":"console","time":"2026-10-07T05:14:35Z"}
{"level":"info","msg":"{\"ev\":\"req\",\"route\":\"problem_list\",\"status\":200,\"t\":1791350075377,\"ms\":16.6}","source":"console","time":"2026-10-07T05:14:35Z"}
{"level":"info","msg":"{\"ev\":\"req\",\"route\":\"problem_detail\",\"status\":200,\"t\":1791350075469,\"ms\":8}","source":"console","time":"2026-10-07T05:14:35Z"}
{"level":"info","msg":"{\"ev\":\"req\",\"route\":\"history\",\"status\":200,\"t\":1791350075571,\"ms\":10}","source":"console","time":"2026-10-07T05:14:35Z"}
{"level":"info","msg":"{\"ev\":\"req\",\"route\":\"problem_list\",\"status\":200,\"t\":1791350075672,\"ms\":11.7}","source":"console","time":"2026-10-07T05:14:35Z"}
{"level":"info","msg":"{\"ev\":\"req\",\"route\":\"problem_detail\",\"status\":200,\"t\":1791350075773,\"ms\":11.9}","source":"console","time":"2026-10-07T05:14:35Z"}
{"level":"info","msg":"{\"ev\":\"req\",\"route\":\"history\",\"status\":200,\"t\":1791350075866,\"ms\":5.6}","source":"console","time":"2026-10-07T05:14:35Z"}
{"level":"info","msg":"{\"ev\":\"req\",\"route\":\"problem_list\",\"status\":200,\"t\":1791350075969,\"ms\":7.7}","source":"console","time":"2026-10-07T05:14:35Z"}
{"level":"info","msg":"{\"ev\":\"req\",\"route\":\"problem_detail\",\"status\":200,\"t\":1791350076069,\"ms\":8.6}","source":"console","time":"2026-10-07T05:14:36Z"}
{"level":"info","msg":"{\"ev\":\"req\",\"route\":\"history\",\"status\":200,\"t\":1791350076170,\"ms\":9}","source":"console","time":"2026-10-07T05:14:36Z"}
{"level":"info","msg":"{\"ev\":\"req\",\"route\":\"problem_list\",\"status\":200,\"t\":1791350076275,\"ms\":13.7}","source":"console","time":"2026-10-07T05:14:36Z"}
{"level":"info","msg":"{\"ev\":\"req\",\"route\":\"problem_detail\",\"status\":200,\"t\":1791350076368,\"ms\":6.9}","source":"console","time":"2026-10-07T05:14:36Z"}
{"level":"info","msg":"{\"ev\":\"req\",\"route\":\"submit\",\"status\":200,\"t\":1791350076446,\"ms\":18.5}","source":"console","time":"2026-10-07T05:14:36Z"}
{"level":"info","msg":"{\"ev\":\"accepted\",\"id\":\"3ce314d0-27fe-410a-a32b-7829a4231ffa\",\"t\":1791350076446}","source":"console","time":"2026-10-07T05:14:36Z"}
{"level":"info","msg":"{\"ev\":\"req\",\"route\":\"history\",\"status\":200,\"t\":1791350076468,\"ms\":6.9}","source":"console","time":"2026-10-07T05:14:36Z"}
{"level":"info","msg":"{\"ev\":\"req\",\"route\":\"problem_list\",\"status\":200,\"t\":1791350076567,\"ms\":6.3}","source":"console","time":"2026-10-07T05:14:36Z"}
{"level":"info","msg":"{\"ev\":\"req\",\"route\":\"problem_detail\",\"status\":200,\"t\":1791350076668,\"ms\":6.8}","source":"console","time":"2026-10-07T05:14:36Z"}
{"level":"info","msg":"{\"ev\":\"req\",\"route\":\"history\",\"status\":200,\"t\":1791350076768,\"ms\":7.2}","source":"console","time":"2026-10-07T05:14:36Z"}
{"level":"info","msg":"{\"ev\":\"req\",\"route\":\"problem_list\",\"status\":200,\"t\":1791350076866,\"ms\":6.3}","source":"console","time":"2026-10-07T05:14:36Z"}
{"level":"info","msg":"{\"ev\":\"req\",\"route\":\"problem_detail\",\"status\":200,\"t\":1791350076967,\"ms\":5.7}","source":"console","time":"2026-10-07T05:14:36Z"}
{"level":"info","msg":"{\"ev\":\"req\",\"route\":\"history\",\"status\":200,\"t\":1791350077067,\"ms\":6.8}","source":"console","time":"2026-10-07T05:14:37Z"}
{"level":"info","msg":"{\"ev\":\"req\",\"route\":\"problem_list\",\"status\":200,\"t\":1791350077168,\"ms\":6.9}","source":"console","time":"2026-10-07T05:14:37Z"}
{"level":"info","msg":"{\"ev\":\"req\",\"route\":\"problem_detail\",\"status\":200,\"t\":1791350077273,\"ms\":12.2}","source":"console","time":"2026-10-07T05:14:37Z"}
{"level":"info","msg":"{\"ev\":\"req\",\"route\":\"history\",\"status\":200,\"t\":1791350077368,\"ms\":7.3}","source":"console","time":"2026-10-07T05:14:37Z"}
{"level":"info","msg":"{\"ev\":\"req\",\"route\":\"problem_list\",\"status\":200,\"t\":1791350077466,\"ms\":5.3}","source":"console","time":"2026-10-07T05:14:37Z"}
{"level":"info","msg":"{\"ev\":\"req\",\"route\":\"problem_detail\",\"status\":200,\"t\":1791350077573,\"ms\":12.1}","source":"console","time":"2026-10-07T05:14:37Z"}
{"level":"info","msg":"{\"ev\":\"req\",\"route\":\"history\",\"status\":200,\"t\":1791350077672,\"ms\":11.6}","source":"console","time":"2026-10-07T05:14:37Z"}
{"level":"info","msg":"{\"ev\":\"req\",\"route\":\"problem_list\",\"status\":200,\"t\":1791350077770,\"ms\":8.7}","source":"console","time":"2026-10-07T05:14:37Z"}
{"level":"info","msg":"{\"ev\":\"req\",\"route\":\"problem_detail\",\"status\":200,\"t\":1791350077873,\"ms\":12.1}","source":"console","time":"2026-10-07T05:14:37Z"}
{"level":"info","msg":"{\"ev\":\"req\",\"route\":\"history\",\"status\":200,\"t\":1791350077968,\"ms\":7.6}","source":"console","time":"2026-10-07T05:14:37Z"}
{"level":"info","msg":"{\"ev\":\"req\",\"route\":\"problem_list\",\"status\":200,\"t\":1791350078075,\"ms\":13.3}","source":"console","time":"2026-10-07T05:14:38Z"}
{"level":"info","msg":"{\"ev\":\"req\",\"route\":\"submit\",\"status\":200,\"t\":1791350078117,\"ms\":22.9}","source":"console","time":"2026-10-07T05:14:38Z"}
{"level":"info","msg":"{\"ev\":\"accepted\",\"id\":\"cb6795f4-b102-4258-a759-d82b71a250be\",\"t\":1791350078117}","source":"console","time":"2026-10-07T05:14:38Z"}
{"level":"info","msg":"{\"ev\":\"req\",\"route\":\"problem_detail\",\"status\":200,\"t\":1791350078176,\"ms\":15}","source":"console","time":"2026-10-07T05:14:38Z"}
{"level":"info","msg":"{\"ev\":\"req\",\"route\":\"history\",\"status\":200,\"t\":1791350078272,\"ms\":11.2}","source":"console","time":"2026-10-07T05:14:38Z"}
{"level":"info","msg":"{\"ev\":\"req\",\"route\":\"problem_list\",\"status\":200,\"t\":1791350078375,\"ms\":13.9}","source":"console","time":"2026-10-07T05:14:38Z"}
{"level":"info","msg":"{\"ev\":\"req\",\"route\":\"problem_detail\",\"status\":200,\"t\":1791350078468,\"ms\":7.4}","source":"console","time":"2026-10-07T05:14:38Z"}
{"level":"info","msg":"{\"ev\":\"req\",\"route\":\"history\",\"status\":200,\"t\":1791350078570,\"ms\":8.6}","source":"console","time":"2026-10-07T05:14:38Z"}
{"level":"info","msg":"{\"ev\":\"req\",\"route\":\"problem_list\",\"status\":200,\"t\":1791350078667,\"ms\":6.8}","source":"console","time":"2026-10-07T05:14:38Z"}
{"level":"info","msg":"{\"ev\":\"req\",\"route\":\"problem_detail\",\"status\":200,\"t\":1791350078776,\"ms\":14.2}","source":"console","time":"2026-10-07T05:14:38Z"}
{"level":"info","msg":"{\"ev\":\"req\",\"route\":\"history\",\"status\":200,\"t\":1791350078867,\"ms\":6.3}","source":"console","time":"2026-10-07T05:14:38Z"}
{"level":"info","msg":"{\"ev\":\"req\",\"route\":\"problem_list\",\"status\":200,\"t\":1791350078968,\"ms\":6.9}","source":"console","time":"2026-10-07T05:14:38Z"}
{"level":"info","msg":"{\"ev\":\"req\",\"route\":\"problem_detail\",\"status\":200,\"t\":1791350079069,\"ms\":8.1}","source":"console","time":"2026-10-07T05:14:39Z"}
{"level":"info","msg":"{\"ev\":\"req\",\"route\":\"history\",\"status\":200,\"t\":1791350079168,\"ms\":7.5}","source":"console","time":"2026-10-07T05:14:39Z"}
{"level":"info","msg":"{\"ev\":\"req\",\"route\":\"problem_list\",\"status\":200,\"t\":1791350079267,\"ms\":6.1}","source":"console","time":"2026-10-07T05:14:39Z"}
{"level":"info","msg":"{\"ev\":\"req\",\"route\":\"problem_detail\",\"status\":200,\"t\":1791350079373,\"ms\":12}","source":"console","time":"2026-10-07T05:14:39Z"}
{"level":"info","msg":"{\"ev\":\"req\",\"route\":\"history\",\"status\":200,\"t\":1791350079474,\"ms\":13.3}","source":"console","time":"2026-10-07T05:14:39Z"}
{"level":"info","msg":"{\"ev\":\"req\",\"route\":\"problem_list\",\"status\":200,\"t\":1791350079573,\"ms\":12.3}","source":"console","time":"2026-10-07T05:14:39Z"}
{"level":"info","msg":"{\"ev\":\"req\",\"route\":\"problem_detail\",\"status\":200,\"t\":1791350079667,\"ms\":6.3}","source":"console","time":"2026-10-07T05:14:39Z"}
{"level":"info","msg":"{\"ev\":\"req\",\"route\":\"history\",\"status\":200,\"t\":1791350079774,\"ms\":13.5}","source":"console","time":"2026-10-07T05:14:39Z"}
{"level":"info","msg":"{\"ev\":\"req\",\"route\":\"submit\",\"status\":200,\"t\":1791350079794,\"ms\":32.7}","source":"console","time":"2026-10-07T05:14:39Z"}
{"level":"info","msg":"{\"ev\":\"accepted\",\"id\":\"b739a1fc-8989-499f-bb27-99458aab6ca5\",\"t\":1791350079794}","source":"console","time":"2026-10-07T05:14:39Z"}
{"level":"info","msg":"{\"ev\":\"req\",\"route\":\"problem_list\",\"status\":200,\"t\":1791350079869,\"ms\":8.2}","source":"console","time":"2026-10-07T05:14:39Z"}
{"level":"info","msg":"{\"ev\":\"req\",\"route\":\"problem_detail\",\"status\":200,\"t\":1791350079968,\"ms\":7.3}","source":"console","time":"2026-10-07T05:14:39Z"}
{"level":"info","msg":"{\"ev\":\"req\",\"route\":\"history\",\"status\":200,\"t\":1791350080068,\"ms\":7.2}","source":"console","time":"2026-10-07T05:14:40Z"}
{"level":"info","msg":"{\"ev\":\"req\",\"route\":\"problem_list\",\"status\":200,\"t\":1791350080168,\"ms\":8.2}","source":"console","time":"2026-10-07T05:14:40Z"}
{"level":"info","msg":"{\"ev\":\"req\",\"route\":\"problem_detail\",\"status\":200,\"t\":1791350080267,\"ms\":6}","source":"console","time":"2026-10-07T05:14:40Z"}
{"level":"info","msg":"{\"ev\":\"req\",\"route\":\"history\",\"status\":200,\"t\":1791350080367,\"ms\":7}","source":"console","time":"2026-10-07T05:14:40Z"}
{"level":"info","msg":"{\"ev\":\"req\",\"route\":\"problem_list\",\"status\":200,\"t\":1791350080467,\"ms\":6.1}","source":"console","time":"2026-10-07T05:14:40Z"}
{"level":"info","msg":"{\"ev\":\"req\",\"route\":\"problem_detail\",\"status\":200,\"t\":1791350080566,\"ms\":5.3}","source":"console","time":"2026-10-07T05:14:40Z"}
{"level":"info","msg":"{\"ev\":\"req\",\"route\":\"history\",\"status\":200,\"t\":1791350080667,\"ms\":6.6}","source":"console","time":"2026-10-07T05:14:40Z"}
{"level":"info","msg":"{\"ev\":\"req\",\"route\":\"problem_list\",\"status\":200,\"t\":1791350080767,\"ms\":6.3}","source":"console","time":"2026-10-07T05:14:40Z"}
{"level":"info","msg":"{\"ev\":\"req\",\"route\":\"problem_detail\",\"status\":200,\"t\":1791350080867,\"ms\":6.4}","source":"console","time":"2026-10-07T05:14:40Z"}
{"level":"info","msg":"{\"ev\":\"req\",\"route\":\"history\",\"status\":200,\"t\":1791350080970,\"ms\":9}","source":"console","time":"2026-10-07T05:14:40Z"}
{"level":"info","msg":"{\"ev\":\"req\",\"route\":\"problem_list\",\"status\":200,\"t\":1791350081071,\"ms\":10.3}","source":"console","time":"2026-10-07T05:14:41Z"}
{"level":"info","msg":"{\"ev\":\"req\",\"route\":\"problem_detail\",\"status\":200,\"t\":1791350081169,\"ms\":8.6}","source":"console","time":"2026-10-07T05:14:41Z"}
{"level":"info","msg":"{\"ev\":\"req\",\"route\":\"history\",\"status\":200,\"t\":1791350081281,\"ms\":19.6}","source":"console","time":"2026-10-07T05:14:41Z"}
{"level":"info","msg":"{\"ev\":\"req\",\"route\":\"problem_list\",\"status\":200,\"t\":1791350081367,\"ms\":6.2}","source":"console","time":"2026-10-07T05:14:41Z"}
{"level":"info","msg":"{\"ev\":\"req\",\"route\":\"submit\",\"status\":200,\"t\":1791350081446,\"ms\":18.6}","source":"console","time":"2026-10-07T05:14:41Z"}
{"level":"info","msg":"{\"ev\":\"accepted\",\"id\":\"406de502-c7bf-4809-924c-4a1a62e611a3\",\"t\":1791350081446}","source":"console","time":"2026-10-07T05:14:41Z"}
{"level":"info","msg":"{\"ev\":\"req\",\"route\":\"problem_detail\",\"status\":200,\"t\":1791350081469,\"ms\":7.9}","source":"console","time":"2026-10-07T05:14:41Z"}
{"level":"info","msg":"{\"ev\":\"req\",\"route\":\"history\",\"status\":200,\"t\":1791350081574,\"ms\":13.2}","source":"console","time":"2026-10-07T05:14:41Z"}
{"level":"info","msg":"{\"ev\":\"req\",\"route\":\"problem_list\",\"status\":200,\"t\":1791350081672,\"ms\":11.2}","source":"console","time":"2026-10-07T05:14:41Z"}
{"level":"info","msg":"{\"ev\":\"req\",\"route\":\"problem_detail\",\"status\":200,\"t\":1791350081772,\"ms\":11.9}","source":"console","time":"2026-10-07T05:14:41Z"}
{"level":"info","msg":"{\"ev\":\"req\",\"route\":\"history\",\"status\":200,\"t\":1791350081869,\"ms\":8.1}","source":"console","time":"2026-10-07T05:14:41Z"}
{"level":"info","msg":"{\"ev\":\"req\",\"route\":\"problem_list\",\"status\":200,\"t\":1791350081968,\"ms\":7.2}","source":"console","time":"2026-10-07T05:14:41Z"}
{"level":"info","msg":"{\"ev\":\"req\",\"route\":\"problem_detail\",\"status\":200,\"t\":1791350082068,\"ms\":7}","source":"console","time":"2026-10-07T05:14:42Z"}
{"level":"info","msg":"{\"ev\":\"req\",\"route\":\"history\",\"status\":200,\"t\":1791350082175,\"ms\":13.2}","source":"console","time":"2026-10-07T05:14:42Z"}
{"level":"info","msg":"{\"ev\":\"req\",\"route\":\"problem_list\",\"status\":200,\"t\":1791350082267,\"ms\":6.4}","source":"console","time":"2026-10-07T05:14:42Z"}
{"level":"info","msg":"{\"ev\":\"req\",\"route\":\"problem_detail\",\"status\":200,\"t\":1791350082371,\"ms\":10.2}","source":"console","time":"2026-10-07T05:14:42Z"}
{"level":"info","msg":"{\"ev\":\"req\",\"route\":\"history\",\"status\":200,\"t\":1791350082474,\"ms\":12.3}","source":"console","time":"2026-10-07T05:14:42Z"}
{"level":"info","msg":"{\"ev\":\"req\",\"route\":\"problem_list\",\"status\":200,\"t\":1791350082572,\"ms\":11}","source":"console","time":"2026-10-07T05:14:42Z"}
{"level":"info","msg":"{\"ev\":\"req\",\"route\":\"problem_detail\",\"status\":200,\"t\":1791350082672,\"ms\":11.1}","source":"console","time":"2026-10-07T05:14:42Z"}
{"level":"info","msg":"{\"ev\":\"req\",\"route\":\"history\",\"status\":200,\"t\":1791350082767,\"ms\":6.7}","source":"console","time":"2026-10-07T05:14:42Z"}
{"level":"info","msg":"{\"ev\":\"req\",\"route\":\"problem_list\",\"status\":200,\"t\":1791350082870,\"ms\":9}","source":"console","time":"2026-10-07T05:14:42Z"}
{"level":"info","msg":"{\"ev\":\"req\",\"route\":\"problem_detail\",\"status\":200,\"t\":1791350082971,\"ms\":10.2}","source":"console","time":"2026-10-07T05:14:42Z"}
{"level":"info","msg":"{\"ev\":\"req\",\"route\":\"history\",\"status\":200,\"t\":1791350083075,\"ms\":13.5}","source":"console","time":"2026-10-07T05:14:43Z"}
{"level":"info","msg":"{\"ev\":\"req\",\"route\":\"submit\",\"status\":200,\"t\":1791350083114,\"ms\":19.8}","source":"console","time":"2026-10-07T05:14:43Z"}
{"level":"info","msg":"{\"ev\":\"accepted\",\"id\":\"25b5edcb-e98c-48e7-a548-2a911c357b07\",\"t\":1791350083114}","source":"console","time":"2026-10-07T05:14:43Z"}
{"level":"info","msg":"{\"ev\":\"req\",\"route\":\"problem_list\",\"status\":200,\"t\":1791350083168,\"ms\":7.1}","source":"console","time":"2026-10-07T05:14:43Z"}
{"level":"info","msg":"{\"ev\":\"req\",\"route\":\"problem_detail\",\"status\":200,\"t\":1791350083269,\"ms\":8.7}","source":"console","time":"2026-10-07T05:14:43Z"}
{"level":"info","msg":"{\"ev\":\"req\",\"route\":\"history\",\"status\":200,\"t\":1791350083369,\"ms\":7.8}","source":"console","time":"2026-10-07T05:14:43Z"}
{"level":"info","msg":"{\"ev\":\"req\",\"route\":\"problem_list\",\"status\":200,\"t\":1791350083466,\"ms\":5.8}","source":"console","time":"2026-10-07T05:14:43Z"}
{"level":"info","msg":"{\"ev\":\"req\",\"route\":\"problem_detail\",\"status\":200,\"t\":1791350083574,\"ms\":12.8}","source":"console","time":"2026-10-07T05:14:43Z"}
{"level":"info","msg":"{\"ev\":\"req\",\"route\":\"history\",\"status\":200,\"t\":1791350083668,\"ms\":7.1}","source":"console","time":"2026-10-07T05:14:43Z"}
{"level":"info","msg":"{\"ev\":\"req\",\"route\":\"problem_list\",\"status\":200,\"t\":1791350083767,\"ms\":5.8}","source":"console","time":"2026-10-07T05:14:43Z"}
{"level":"info","msg":"{\"ev\":\"req\",\"route\":\"problem_detail\",\"status\":200,\"t\":1791350083868,\"ms\":7.3}","source":"console","time":"2026-10-07T05:14:43Z"}
{"level":"info","msg":"{\"ev\":\"req\",\"route\":\"history\",\"status\":200,\"t\":1791350083971,\"ms\":9.6}","source":"console","time":"2026-10-07T05:14:43Z"}
{"level":"info","msg":"{\"ev\":\"req\",\"route\":\"problem_list\",\"status\":200,\"t\":1791350084070,\"ms\":8.9}","source":"console","time":"2026-10-07T05:14:44Z"}
{"level":"info","msg":"{\"ev\":\"req\",\"route\":\"problem_detail\",\"status\":200,\"t\":1791350084173,\"ms\":11.9}","source":"console","time":"2026-10-07T05:14:44Z"}
{"level":"info","msg":"{\"ev\":\"req\",\"route\":\"history\",\"status\":200,\"t\":1791350084274,\"ms\":12.2}","source":"console","time":"2026-10-07T05:14:44Z"}
{"level":"info","msg":"{\"ev\":\"req\",\"route\":\"problem_list\",\"status\":200,\"t\":1791350084367,\"ms\":6.8}","source":"console","time":"2026-10-07T05:14:44Z"}
{"level":"info","msg":"{\"ev\":\"req\",\"route\":\"problem_detail\",\"status\":200,\"t\":1791350084474,\"ms\":12.7}","source":"console","time":"2026-10-07T05:14:44Z"}
{"level":"info","msg":"{\"ev\":\"req\",\"route\":\"history\",\"status\":200,\"t\":1791350084574,\"ms\":13}","source":"console","time":"2026-10-07T05:14:44Z"}
{"level":"info","msg":"{\"ev\":\"req\",\"route\":\"problem_list\",\"status\":200,\"t\":1791350084667,\"ms\":6.2}","source":"console","time":"2026-10-07T05:14:44Z"}
{"level":"info","msg":"{\"ev\":\"req\",\"route\":\"problem_detail\",\"status\":200,\"t\":1791350084773,\"ms\":11.8}","source":"console","time":"2026-10-07T05:14:44Z"}
{"level":"info","msg":"{\"ev\":\"req\",\"route\":\"submit\",\"status\":200,\"t\":1791350084791,\"ms\":30.2}","source":"console","time":"2026-10-07T05:14:44Z"}
{"level":"info","msg":"{\"ev\":\"accepted\",\"id\":\"be24645c-0510-4214-9fcb-035101d5e958\",\"t\":1791350084791}","source":"console","time":"2026-10-07T05:14:44Z"}
{"level":"info","msg":"{\"ev\":\"req\",\"route\":\"history\",\"status\":200,\"t\":1791350084874,\"ms\":12.9}","source":"console","time":"2026-10-07T05:14:44Z"}
{"level":"info","msg":"{\"ev\":\"req\",\"route\":\"problem_list\",\"status\":200,\"t\":1791350084977,\"ms\":17}","source":"console","time":"2026-10-07T05:14:44Z"}
{"level":"info","msg":"{\"ev\":\"req\",\"route\":\"problem_detail\",\"status\":200,\"t\":1791350085068,\"ms\":6.4}","source":"console","time":"2026-10-07T05:14:45Z"}
{"level":"info","msg":"{\"ev\":\"req\",\"route\":\"history\",\"status\":200,\"t\":1791350085173,\"ms\":11.6}","source":"console","time":"2026-10-07T05:14:45Z"}
{"level":"info","msg":"{\"ev\":\"req\",\"route\":\"problem_list\",\"status\":200,\"t\":1791350085269,\"ms\":7.6}","source":"console","time":"2026-10-07T05:14:45Z"}
{"level":"info","msg":"{\"ev\":\"req\",\"route\":\"problem_detail\",\"status\":200,\"t\":1791350085367,\"ms\":5.9}","source":"console","time":"2026-10-07T05:14:45Z"}
{"level":"info","msg":"{\"ev\":\"req\",\"route\":\"history\",\"status\":200,\"t\":1791350085474,\"ms\":13.3}","source":"console","time":"2026-10-07T05:14:45Z"}
{"level":"info","msg":"{\"ev\":\"req\",\"route\":\"problem_list\",\"status\":200,\"t\":1791350085568,\"ms\":7}","source":"console","time":"2026-10-07T05:14:45Z"}
{"level":"info","msg":"{\"ev\":\"req\",\"route\":\"problem_detail\",\"status\":200,\"t\":1791350085666,\"ms\":5.8}","source":"console","time":"2026-10-07T05:14:45Z"}
{"level":"info","msg":"{\"ev\":\"req\",\"route\":\"history\",\"status\":200,\"t\":1791350085776,\"ms\":15.3}","source":"console","time":"2026-10-07T05:14:45Z"}
{"level":"info","msg":"{\"ev\":\"req\",\"route\":\"problem_list\",\"status\":200,\"t\":1791350085868,\"ms\":6.6}","source":"console","time":"2026-10-07T05:14:45Z"}
{"level":"info","msg":"{\"ev\":\"req\",\"route\":\"problem_detail\",\"status\":200,\"t\":1791350085967,\"ms\":6.1}","source":"console","time":"2026-10-07T05:14:45Z"}
{"level":"info","msg":"{\"ev\":\"req\",\"route\":\"history\",\"status\":200,\"t\":1791350086076,\"ms\":14.9}","source":"console","time":"2026-10-07T05:14:46Z"}
{"level":"info","msg":"{\"ev\":\"req\",\"route\":\"problem_list\",\"status\":200,\"t\":1791350086173,\"ms\":11.8}","source":"console","time":"2026-10-07T05:14:46Z"}
{"level":"info","msg":"{\"ev\":\"req\",\"route\":\"problem_detail\",\"status\":200,\"t\":1791350086273,\"ms\":12.6}","source":"console","time":"2026-10-07T05:14:46Z"}
{"level":"info","msg":"{\"ev\":\"req\",\"route\":\"history\",\"status\":200,\"t\":1791350086375,\"ms\":13.7}","source":"console","time":"2026-10-07T05:14:46Z"}
{"level":"info","msg":"{\"ev\":\"req\",\"route\":\"submit\",\"status\":200,\"t\":1791350086452,\"ms\":24.5}","source":"console","time":"2026-10-07T05:14:46Z"}
{"level":"info","msg":"{\"ev\":\"accepted\",\"id\":\"6f48bde8-19da-4d4d-bcd0-a198c0155233\",\"t\":1791350086453}","source":"console","time":"2026-10-07T05:14:46Z"}
{"level":"info","msg":"{\"ev\":\"req\",\"route\":\"problem_list\",\"status\":200,\"t\":1791350086467,\"ms\":6}","source":"console","time":"2026-10-07T05:14:46Z"}
{"level":"info","msg":"{\"ev\":\"req\",\"route\":\"problem_detail\",\"status\":200,\"t\":1791350086566,\"ms\":5.6}","source":"console","time":"2026-10-07T05:14:46Z"}
{"level":"info","msg":"{\"ev\":\"req\",\"route\":\"history\",\"status\":200,\"t\":1791350086667,\"ms\":6.4}","source":"console","time":"2026-10-07T05:14:46Z"}
{"level":"info","msg":"{\"ev\":\"req\",\"route\":\"problem_list\",\"status\":200,\"t\":1791350086768,\"ms\":7.2}","source":"console","time":"2026-10-07T05:14:46Z"}
{"level":"info","msg":"{\"ev\":\"req\",\"route\":\"problem_detail\",\"status\":200,\"t\":1791350086866,\"ms\":5.3}","source":"console","time":"2026-10-07T05:14:46Z"}
{"level":"info","msg":"{\"ev\":\"req\",\"route\":\"history\",\"status\":200,\"t\":1791350086968,\"ms\":7.4}","source":"console","time":"2026-10-07T05:14:46Z"}
{"level":"info","msg":"{\"ev\":\"req\",\"route\":\"problem_list\",\"status\":200,\"t\":1791350087068,\"ms\":7}","source":"console","time":"2026-10-07T05:14:47Z"}
{"level":"info","msg":"{\"ev\":\"req\",\"route\":\"problem_detail\",\"status\":200,\"t\":1791350087167,\"ms\":6.2}","source":"console","time":"2026-10-07T05:14:47Z"}
{"level":"info","msg":"{\"ev\":\"req\",\"route\":\"history\",\"status\":200,\"t\":1791350087274,\"ms\":12.7}","source":"console","time":"2026-10-07T05:14:47Z"}
{"level":"info","msg":"{\"ev\":\"req\",\"route\":\"problem_list\",\"status\":200,\"t\":1791350087367,\"ms\":6.4}","source":"console","time":"2026-10-07T05:14:47Z"}
{"level":"info","msg":"{\"ev\":\"req\",\"route\":\"problem_detail\",\"status\":200,\"t\":1791350087467,\"ms\":6.2}","source":"console","time":"2026-10-07T05:14:47Z"}
{"level":"info","msg":"{\"ev\":\"req\",\"route\":\"history\",\"status\":200,\"t\":1791350087568,\"ms\":6.7}","source":"console","time":"2026-10-07T05:14:47Z"}
{"level":"info","msg":"{\"ev\":\"req\",\"route\":\"problem_list\",\"status\":200,\"t\":1791350087674,\"ms\":13.3}","source":"console","time":"2026-10-07T05:14:47Z"}
{"level":"info","msg":"{\"ev\":\"req\",\"route\":\"problem_detail\",\"status\":200,\"t\":1791350087773,\"ms\":11.8}","source":"console","time":"2026-10-07T05:14:47Z"}
{"level":"info","msg":"{\"ev\":\"req\",\"route\":\"history\",\"status\":200,\"t\":1791350087874,\"ms\":13.8}","source":"console","time":"2026-10-07T05:14:47Z"}
{"level":"info","msg":"{\"ev\":\"req\",\"route\":\"problem_list\",\"status\":200,\"t\":1791350087974,\"ms\":12.6}","source":"console","time":"2026-10-07T05:14:47Z"}
{"level":"info","msg":"{\"ev\":\"req\",\"route\":\"problem_detail\",\"status\":200,\"t\":1791350088070,\"ms\":9.3}","source":"console","time":"2026-10-07T05:14:48Z"}
{"level":"info","msg":"{\"ev\":\"req\",\"route\":\"submit\",\"status\":200,\"t\":1791350088130,\"ms\":35.6}","source":"console","time":"2026-10-07T05:14:48Z"}
{"level":"info","msg":"{\"ev\":\"accepted\",\"id\":\"33da2f35-5d98-4808-81c7-7278e8b52b37\",\"t\":1791350088130}","source":"console","time":"2026-10-07T05:14:48Z"}
{"level":"info","msg":"{\"ev\":\"req\",\"route\":\"history\",\"status\":200,\"t\":1791350088171,\"ms\":9.8}","source":"console","time":"2026-10-07T05:14:48Z"}
{"level":"info","msg":"{\"ev\":\"req\",\"route\":\"problem_list\",\"status\":200,\"t\":1791350088274,\"ms\":12.7}","source":"console","time":"2026-10-07T05:14:48Z"}
{"level":"info","msg":"{\"ev\":\"req\",\"route\":\"problem_detail\",\"status\":200,\"t\":1791350088367,\"ms\":6.4}","source":"console","time":"2026-10-07T05:14:48Z"}
{"level":"info","msg":"{\"ev\":\"req\",\"route\":\"history\",\"status\":200,\"t\":1791350088473,\"ms\":11.9}","source":"console","time":"2026-10-07T05:14:48Z"}
{"level":"info","msg":"{\"ev\":\"req\",\"route\":\"problem_list\",\"status\":200,\"t\":1791350088568,\"ms\":7.1}","source":"console","time":"2026-10-07T05:14:48Z"}
{"level":"info","msg":"{\"ev\":\"req\",\"route\":\"problem_detail\",\"status\":200,\"t\":1791350088668,\"ms\":6.9}","source":"console","time":"2026-10-07T05:14:48Z"}
{"level":"info","msg":"{\"ev\":\"req\",\"route\":\"history\",\"status\":200,\"t\":1791350088777,\"ms\":16.3}","source":"console","time":"2026-10-07T05:14:48Z"}
{"level":"info","msg":"{\"ev\":\"req\",\"route\":\"problem_list\",\"status\":200,\"t\":1791350088884,\"ms\":23.1}","source":"console","time":"2026-10-07T05:14:48Z"}
{"level":"info","msg":"{\"ev\":\"req\",\"route\":\"problem_detail\",\"status\":200,\"t\":1791350088970,\"ms\":9.1}","source":"console","time":"2026-10-07T05:14:48Z"}
{"level":"info","msg":"{\"ev\":\"req\",\"route\":\"history\",\"status\":200,\"t\":1791350089072,\"ms\":10.9}","source":"console","time":"2026-10-07T05:14:49Z"}
{"level":"info","msg":"{\"ev\":\"req\",\"route\":\"problem_list\",\"status\":200,\"t\":1791350089170,\"ms\":8.7}","source":"console","time":"2026-10-07T05:14:49Z"}
{"level":"info","msg":"{\"ev\":\"req\",\"route\":\"problem_detail\",\"status\":200,\"t\":1791350089267,\"ms\":6.9}","source":"console","time":"2026-10-07T05:14:49Z"}
{"level":"info","msg":"{\"ev\":\"req\",\"route\":\"history\",\"status\":200,\"t\":1791350089373,\"ms\":11.8}","source":"console","time":"2026-10-07T05:14:49Z"}
{"level":"info","msg":"{\"ev\":\"req\",\"route\":\"problem_list\",\"status\":200,\"t\":1791350089472,\"ms\":10.1}","source":"console","time":"2026-10-07T05:14:49Z"}
{"level":"info","msg":"{\"ev\":\"req\",\"route\":\"problem_detail\",\"status\":200,\"t\":1791350089574,\"ms\":13.2}","source":"console","time":"2026-10-07T05:14:49Z"}
{"level":"info","msg":"{\"ev\":\"req\",\"route\":\"history\",\"status\":200,\"t\":1791350089672,\"ms\":11.1}","source":"console","time":"2026-10-07T05:14:49Z"}
{"level":"info","msg":"{\"ev\":\"req\",\"route\":\"problem_list\",\"status\":200,\"t\":1791350089773,\"ms\":11.4}","source":"console","time":"2026-10-07T05:14:49Z"}
{"level":"info","msg":"{\"ev\":\"req\",\"route\":\"submit\",\"status\":200,\"t\":1791350089783,\"ms\":21.8}","source":"console","time":"2026-10-07T05:14:49Z"}
{"level":"info","msg":"{\"ev\":\"accepted\",\"id\":\"c90c6fc9-f7c3-4c14-b56f-ff33879570a3\",\"t\":1791350089783}","source":"console","time":"2026-10-07T05:14:49Z"}
{"level":"info","msg":"{\"ev\":\"req\",\"route\":\"problem_detail\",\"status\":200,\"t\":1791350089867,\"ms\":6.4}","source":"console","time":"2026-10-07T05:14:49Z"}
{"level":"info","msg":"{\"ev\":\"req\",\"route\":\"history\",\"status\":200,\"t\":1791350089970,\"ms\":9.3}","source":"console","time":"2026-10-07T05:14:49Z"}
{"level":"info","msg":"{\"ev\":\"req\",\"route\":\"problem_list\",\"status\":200,\"t\":1791350090068,\"ms\":7.9}","source":"console","time":"2026-10-07T05:14:50Z"}
{"level":"info","msg":"{\"ev\":\"req\",\"route\":\"problem_detail\",\"status\":200,\"t\":1791350090169,\"ms\":7.7}","source":"console","time":"2026-10-07T05:14:50Z"}
{"level":"info","msg":"{\"ev\":\"req\",\"route\":\"history\",\"status\":200,\"t\":1791350090269,\"ms\":7.8}","source":"console","time":"2026-10-07T05:14:50Z"}
{"level":"info","msg":"{\"ev\":\"req\",\"route\":\"problem_list\",\"status\":200,\"t\":1791350090367,\"ms\":6.6}","source":"console","time":"2026-10-07T05:14:50Z"}
{"level":"info","msg":"{\"ev\":\"req\",\"route\":\"problem_detail\",\"status\":200,\"t\":1791350090468,\"ms\":7.3}","source":"console","time":"2026-10-07T05:14:50Z"}
{"level":"info","msg":"{\"ev\":\"req\",\"route\":\"history\",\"status\":200,\"t\":1791350090569,\"ms\":7.6}","source":"console","time":"2026-10-07T05:14:50Z"}
{"level":"info","msg":"{\"ev\":\"req\",\"route\":\"problem_list\",\"status\":200,\"t\":1791350090667,\"ms\":6.4}","source":"console","time":"2026-10-07T05:14:50Z"}
{"level":"info","msg":"{\"ev\":\"req\",\"route\":\"problem_detail\",\"status\":200,\"t\":1791350090773,\"ms\":11.9}","source":"console","time":"2026-10-07T05:14:50Z"}
{"level":"info","msg":"{\"ev\":\"req\",\"route\":\"history\",\"status\":200,\"t\":1791350090874,\"ms\":13.2}","source":"console","time":"2026-10-07T05:14:50Z"}
{"level":"info","msg":"{\"ev\":\"req\",\"route\":\"problem_list\",\"status\":200,\"t\":1791350090967,\"ms\":6.3}","source":"console","time":"2026-10-07T05:14:50Z"}
{"level":"info","msg":"{\"ev\":\"req\",\"route\":\"problem_detail\",\"status\":200,\"t\":1791350091072,\"ms\":11.1}","source":"console","time":"2026-10-07T05:14:51Z"}
{"level":"info","msg":"{\"ev\":\"req\",\"route\":\"history\",\"status\":200,\"t\":1791350091167,\"ms\":5.8}","source":"console","time":"2026-10-07T05:14:51Z"}
{"level":"info","msg":"{\"ev\":\"req\",\"route\":\"problem_list\",\"status\":200,\"t\":1791350091277,\"ms\":16.1}","source":"console","time":"2026-10-07T05:14:51Z"}
{"level":"info","msg":"{\"ev\":\"req\",\"route\":\"problem_detail\",\"status\":200,\"t\":1791350091366,\"ms\":5.6}","source":"console","time":"2026-10-07T05:14:51Z"}
{"level":"info","msg":"{\"ev\":\"req\",\"route\":\"submit\",\"status\":200,\"t\":1791350091463,\"ms\":35.5}","source":"console","time":"2026-10-07T05:14:51Z"}
{"level":"info","msg":"{\"ev\":\"accepted\",\"id\":\"a335edb5-4c72-47f3-a635-8384b1267af1\",\"t\":1791350091463}","source":"console","time":"2026-10-07T05:14:51Z"}
{"level":"info","msg":"{\"ev\":\"req\",\"route\":\"history\",\"status\":200,\"t\":1791350091476,\"ms\":15.5}","source":"console","time":"2026-10-07T05:14:51Z"}
{"level":"info","msg":"{\"ev\":\"req\",\"route\":\"problem_list\",\"status\":200,\"t\":1791350091571,\"ms\":10}","source":"console","time":"2026-10-07T05:14:51Z"}
{"level":"info","msg":"{\"ev\":\"req\",\"route\":\"problem_detail\",\"status\":200,\"t\":1791350091671,\"ms\":9.6}","source":"console","time":"2026-10-07T05:14:51Z"}
{"level":"info","msg":"{\"ev\":\"req\",\"route\":\"history\",\"status\":200,\"t\":1791350091772,\"ms\":11.2}","source":"console","time":"2026-10-07T05:14:51Z"}
{"level":"info","msg":"{\"ev\":\"req\",\"route\":\"problem_list\",\"status\":200,\"t\":1791350091870,\"ms\":8.8}","source":"console","time":"2026-10-07T05:14:51Z"}
{"level":"info","msg":"{\"ev\":\"req\",\"route\":\"problem_detail\",\"status\":200,\"t\":1791350091969,\"ms\":8.1}","source":"console","time":"2026-10-07T05:14:51Z"}
{"level":"info","msg":"{\"ev\":\"req\",\"route\":\"history\",\"status\":200,\"t\":1791350092069,\"ms\":7.9}","source":"console","time":"2026-10-07T05:14:52Z"}
{"level":"info","msg":"{\"ev\":\"req\",\"route\":\"problem_list\",\"status\":200,\"t\":1791350092175,\"ms\":14.6}","source":"console","time":"2026-10-07T05:14:52Z"}
{"level":"info","msg":"{\"ev\":\"req\",\"route\":\"problem_detail\",\"status\":200,\"t\":1791350092267,\"ms\":5.9}","source":"console","time":"2026-10-07T05:14:52Z"}
{"level":"info","msg":"{\"ev\":\"req\",\"route\":\"history\",\"status\":200,\"t\":1791350092370,\"ms\":8.9}","source":"console","time":"2026-10-07T05:14:52Z"}
{"level":"info","msg":"{\"ev\":\"req\",\"route\":\"problem_list\",\"status\":200,\"t\":1791350092467,\"ms\":6.7}","source":"console","time":"2026-10-07T05:14:52Z"}
{"level":"info","msg":"{\"ev\":\"req\",\"route\":\"problem_detail\",\"status\":200,\"t\":1791350092567,\"ms\":5.8}","source":"console","time":"2026-10-07T05:14:52Z"}
{"level":"info","msg":"{\"ev\":\"req\",\"route\":\"history\",\"status\":200,\"t\":1791350092669,\"ms\":8.2}","source":"console","time":"2026-10-07T05:14:52Z"}
{"level":"info","msg":"{\"ev\":\"req\",\"route\":\"problem_list\",\"status\":200,\"t\":1791350092768,\"ms\":7.8}","source":"console","time":"2026-10-07T05:14:52Z"}
{"level":"info","msg":"{\"ev\":\"req\",\"route\":\"problem_detail\",\"status\":200,\"t\":1791350092872,\"ms\":11}","source":"console","time":"2026-10-07T05:14:52Z"}
{"level":"info","msg":"{\"ev\":\"req\",\"route\":\"history\",\"status\":200,\"t\":1791350092975,\"ms\":13.8}","source":"console","time":"2026-10-07T05:14:52Z"}
{"level":"info","msg":"{\"ev\":\"req\",\"route\":\"problem_list\",\"status\":200,\"t\":1791350093073,\"ms\":12.7}","source":"console","time":"2026-10-07T05:14:53Z"}
{"level":"info","msg":"{\"ev\":\"req\",\"route\":\"submit\",\"status\":200,\"t\":1791350093127,\"ms\":33.5}","source":"console","time":"2026-10-07T05:14:53Z"}
{"level":"info","msg":"{\"ev\":\"accepted\",\"id\":\"e11d66ca-95e2-4c08-b3b6-f16172df628a\",\"t\":1791350093127}","source":"console","time":"2026-10-07T05:14:53Z"}
{"level":"info","msg":"{\"ev\":\"req\",\"route\":\"problem_detail\",\"status\":200,\"t\":1791350093166,\"ms\":5.4}","source":"console","time":"2026-10-07T05:14:53Z"}
{"level":"info","msg":"{\"ev\":\"req\",\"route\":\"history\",\"status\":200,\"t\":1791350093270,\"ms\":8.4}","source":"console","time":"2026-10-07T05:14:53Z"}
{"level":"info","msg":"{\"ev\":\"req\",\"route\":\"problem_list\",\"status\":200,\"t\":1791350093367,\"ms\":7.1}","source":"console","time":"2026-10-07T05:14:53Z"}
{"level":"info","msg":"{\"ev\":\"req\",\"route\":\"problem_detail\",\"status\":200,\"t\":1791350093465,\"ms\":5.2}","source":"console","time":"2026-10-07T05:14:53Z"}
{"level":"info","msg":"{\"ev\":\"req\",\"route\":\"history\",\"status\":200,\"t\":1791350093567,\"ms\":6.3}","source":"console","time":"2026-10-07T05:14:53Z"}
{"level":"info","msg":"{\"ev\":\"req\",\"route\":\"problem_list\",\"status\":200,\"t\":1791350093667,\"ms\":5.6}","source":"console","time":"2026-10-07T05:14:53Z"}
{"level":"info","msg":"{\"ev\":\"req\",\"route\":\"problem_detail\",\"status\":200,\"t\":1791350093765,\"ms\":4.9}","source":"console","time":"2026-10-07T05:14:53Z"}
{"level":"info","msg":"{\"ev\":\"req\",\"route\":\"history\",\"status\":200,\"t\":1791350093867,\"ms\":6.3}","source":"console","time":"2026-10-07T05:14:53Z"}
{"level":"info","msg":"{\"ev\":\"req\",\"route\":\"problem_list\",\"status\":200,\"t\":1791350093972,\"ms\":11}","source":"console","time":"2026-10-07T05:14:53Z"}
{"level":"info","msg":"{\"ev\":\"req\",\"route\":\"problem_detail\",\"status\":200,\"t\":1791350094067,\"ms\":7}","source":"console","time":"2026-10-07T05:14:54Z"}
{"level":"info","msg":"{\"ev\":\"req\",\"route\":\"history\",\"status\":200,\"t\":1791350094170,\"ms\":9}","source":"console","time":"2026-10-07T05:14:54Z"}
{"level":"info","msg":"{\"ev\":\"req\",\"route\":\"problem_list\",\"status\":200,\"t\":1791350094266,\"ms\":6.1}","source":"console","time":"2026-10-07T05:14:54Z"}
{"level":"info","msg":"{\"ev\":\"req\",\"route\":\"problem_detail\",\"status\":200,\"t\":1791350094373,\"ms\":11.4}","source":"console","time":"2026-10-07T05:14:54Z"}
{"level":"info","msg":"{\"ev\":\"req\",\"route\":\"history\",\"status\":200,\"t\":1791350094477,\"ms\":15.2}","source":"console","time":"2026-10-07T05:14:54Z"}
{"level":"info","msg":"{\"ev\":\"req\",\"route\":\"problem_list\",\"status\":200,\"t\":1791350094574,\"ms\":13.1}","source":"console","time":"2026-10-07T05:14:54Z"}
{"level":"info","msg":"{\"ev\":\"req\",\"route\":\"problem_detail\",\"status\":200,\"t\":1791350094673,\"ms\":12.1}","source":"console","time":"2026-10-07T05:14:54Z"}
{"level":"info","msg":"{\"ev\":\"req\",\"route\":\"history\",\"status\":200,\"t\":1791350094767,\"ms\":6.7}","source":"console","time":"2026-10-07T05:14:54Z"}
{"level":"info","msg":"{\"ev\":\"req\",\"route\":\"submit\",\"status\":200,\"t\":1791350094781,\"ms\":20.7}","source":"console","time":"2026-10-07T05:14:54Z"}
{"level":"info","msg":"{\"ev\":\"accepted\",\"id\":\"a97f22cd-3b34-4205-b23b-3ed331e67158\",\"t\":1791350094781}","source":"console","time":"2026-10-07T05:14:54Z"}
{"level":"info","msg":"{\"ev\":\"req\",\"route\":\"problem_list\",\"status\":200,\"t\":1791350094868,\"ms\":7.9}","source":"console","time":"2026-10-07T05:14:54Z"}
{"level":"info","msg":"{\"ev\":\"req\",\"route\":\"problem_detail\",\"status\":200,\"t\":1791350094974,\"ms\":13}","source":"console","time":"2026-10-07T05:14:54Z"}
{"level":"info","msg":"{\"ev\":\"req\",\"route\":\"history\",\"status\":200,\"t\":1791350095072,\"ms\":10.3}","source":"console","time":"2026-10-07T05:14:55Z"}
{"level":"info","msg":"{\"ev\":\"req\",\"route\":\"problem_list\",\"status\":200,\"t\":1791350095171,\"ms\":9.9}","source":"console","time":"2026-10-07T05:14:55Z"}
{"level":"info","msg":"{\"ev\":\"req\",\"route\":\"problem_detail\",\"status\":200,\"t\":1791350095267,\"ms\":6.4}","source":"console","time":"2026-10-07T05:14:55Z"}
{"level":"info","msg":"{\"ev\":\"req\",\"route\":\"history\",\"status\":200,\"t\":1791350095368,\"ms\":6.9}","source":"console","time":"2026-10-07T05:14:55Z"}
{"level":"info","msg":"{\"ev\":\"req\",\"route\":\"problem_list\",\"status\":200,\"t\":1791350095474,\"ms\":13.2}","source":"console","time":"2026-10-07T05:14:55Z"}
{"level":"info","msg":"{\"ev\":\"req\",\"route\":\"problem_detail\",\"status\":200,\"t\":1791350095570,\"ms\":9.1}","source":"console","time":"2026-10-07T05:14:55Z"}
{"level":"info","msg":"{\"ev\":\"req\",\"route\":\"history\",\"status\":200,\"t\":1791350095669,\"ms\":8.1}","source":"console","time":"2026-10-07T05:14:55Z"}
{"level":"info","msg":"{\"ev\":\"req\",\"route\":\"problem_list\",\"status\":200,\"t\":1791350095772,\"ms\":11.4}","source":"console","time":"2026-10-07T05:14:55Z"}
{"level":"info","msg":"{\"ev\":\"req\",\"route\":\"problem_detail\",\"status\":200,\"t\":1791350095872,\"ms\":11.9}","source":"console","time":"2026-10-07T05:14:55Z"}
{"level":"info","msg":"{\"ev\":\"req\",\"route\":\"history\",\"status\":200,\"t\":1791350095969,\"ms\":8.2}","source":"console","time":"2026-10-07T05:14:55Z"}
{"level":"info","msg":"{\"ev\":\"req\",\"route\":\"problem_list\",\"status\":200,\"t\":1791350096074,\"ms\":12.8}","source":"console","time":"2026-10-07T05:14:56Z"}
{"level":"info","msg":"{\"ev\":\"req\",\"route\":\"problem_detail\",\"status\":200,\"t\":1791350096171,\"ms\":9.9}","source":"console","time":"2026-10-07T05:14:56Z"}
{"level":"info","msg":"{\"ev\":\"req\",\"route\":\"history\",\"status\":200,\"t\":1791350096269,\"ms\":8.4}","source":"console","time":"2026-10-07T05:14:56Z"}
{"level":"info","msg":"{\"ev\":\"req\",\"route\":\"problem_list\",\"status\":200,\"t\":1791350096370,\"ms\":9.4}","source":"console","time":"2026-10-07T05:14:56Z"}
{"level":"info","msg":"{\"ev\":\"req\",\"route\":\"submit\",\"status\":200,\"t\":1791350096455,\"ms\":27.8}","source":"console","time":"2026-10-07T05:14:56Z"}
{"level":"info","msg":"{\"ev\":\"accepted\",\"id\":\"5a8841e6-41e8-45a3-ac3b-417e21ce7ebe\",\"t\":1791350096456}","source":"console","time":"2026-10-07T05:14:56Z"}
{"level":"info","msg":"{\"ev\":\"req\",\"route\":\"problem_detail\",\"status\":200,\"t\":1791350096466,\"ms\":5.7}","source":"console","time":"2026-10-07T05:14:56Z"}
{"level":"info","msg":"{\"ev\":\"req\",\"route\":\"history\",\"status\":200,\"t\":1791350096569,\"ms\":7.7}","source":"console","time":"2026-10-07T05:14:56Z"}
{"level":"info","msg":"{\"ev\":\"req\",\"route\":\"problem_list\",\"status\":200,\"t\":1791350096670,\"ms\":9.7}","source":"console","time":"2026-10-07T05:14:56Z"}
{"level":"info","msg":"{\"ev\":\"req\",\"route\":\"problem_detail\",\"status\":200,\"t\":1791350096766,\"ms\":5.5}","source":"console","time":"2026-10-07T05:14:56Z"}
{"level":"info","msg":"{\"ev\":\"req\",\"route\":\"history\",\"status\":200,\"t\":1791350096867,\"ms\":6.3}","source":"console","time":"2026-10-07T05:14:56Z"}
{"level":"info","msg":"{\"ev\":\"req\",\"route\":\"problem_list\",\"status\":200,\"t\":1791350096968,\"ms\":7.1}","source":"console","time":"2026-10-07T05:14:56Z"}
{"level":"info","msg":"{\"ev\":\"req\",\"route\":\"problem_detail\",\"status\":200,\"t\":1791350097067,\"ms\":6}","source":"console","time":"2026-10-07T05:14:57Z"}
{"level":"info","msg":"{\"ev\":\"req\",\"route\":\"history\",\"status\":200,\"t\":1791350097182,\"ms\":21}","source":"console","time":"2026-10-07T05:14:57Z"}
{"level":"info","msg":"{\"ev\":\"req\",\"route\":\"problem_list\",\"status\":200,\"t\":1791350097268,\"ms\":6.9}","source":"console","time":"2026-10-07T05:14:57Z"}
{"level":"info","msg":"{\"ev\":\"req\",\"route\":\"problem_detail\",\"status\":200,\"t\":1791350097369,\"ms\":8.1}","source":"console","time":"2026-10-07T05:14:57Z"}
{"level":"info","msg":"{\"ev\":\"req\",\"route\":\"history\",\"status\":200,\"t\":1791350097474,\"ms\":13.4}","source":"console","time":"2026-10-07T05:14:57Z"}
{"level":"info","msg":"{\"ev\":\"req\",\"route\":\"problem_list\",\"status\":200,\"t\":1791350097571,\"ms\":9.9}","source":"console","time":"2026-10-07T05:14:57Z"}
{"level":"info","msg":"{\"ev\":\"req\",\"route\":\"problem_detail\",\"status\":200,\"t\":1791350097669,\"ms\":8.2}","source":"console","time":"2026-10-07T05:14:57Z"}
{"level":"info","msg":"{\"ev\":\"req\",\"route\":\"history\",\"status\":200,\"t\":1791350097772,\"ms\":11.8}","source":"console","time":"2026-10-07T05:14:57Z"}
{"level":"info","msg":"{\"ev\":\"req\",\"route\":\"problem_list\",\"status\":200,\"t\":1791350097870,\"ms\":9.4}","source":"console","time":"2026-10-07T05:14:57Z"}
{"level":"info","msg":"{\"ev\":\"req\",\"route\":\"problem_detail\",\"status\":200,\"t\":1791350097969,\"ms\":8}","source":"console","time":"2026-10-07T05:14:57Z"}
{"level":"info","msg":"{\"ev\":\"req\",\"route\":\"history\",\"status\":200,\"t\":1791350098073,\"ms\":12.3}","source":"console","time":"2026-10-07T05:14:58Z"}
{"level":"info","msg":"{\"ev\":\"req\",\"route\":\"submit\",\"status\":200,\"t\":1791350098122,\"ms\":27.5}","source":"console","time":"2026-10-07T05:14:58Z"}
{"level":"info","msg":"{\"ev\":\"accepted\",\"id\":\"7fbe7df2-c1e4-42e1-8fdc-0222262c06dc\",\"t\":1791350098122}","source":"console","time":"2026-10-07T05:14:58Z"}
{"level":"info","msg":"{\"ev\":\"req\",\"route\":\"problem_list\",\"status\":200,\"t\":1791350098170,\"ms\":8.4}","source":"console","time":"2026-10-07T05:14:58Z"}
{"level":"info","msg":"{\"ev\":\"req\",\"route\":\"problem_detail\",\"status\":200,\"t\":1791350098269,\"ms\":8.4}","source":"console","time":"2026-10-07T05:14:58Z"}
{"level":"info","msg":"{\"ev\":\"req\",\"route\":\"history\",\"status\":200,\"t\":1791350098370,\"ms\":9.7}","source":"console","time":"2026-10-07T05:14:58Z"}
{"level":"info","msg":"{\"ev\":\"req\",\"route\":\"problem_list\",\"status\":200,\"t\":1791350098470,\"ms\":8.5}","source":"console","time":"2026-10-07T05:14:58Z"}
{"level":"info","msg":"{\"ev\":\"req\",\"route\":\"problem_detail\",\"status\":200,\"t\":1791350098568,\"ms\":7.4}","source":"console","time":"2026-10-07T05:14:58Z"}
{"level":"info","msg":"{\"ev\":\"req\",\"route\":\"history\",\"status\":200,\"t\":1791350098667,\"ms\":6.5}","source":"console","time":"2026-10-07T05:14:58Z"}
{"level":"info","msg":"{\"ev\":\"req\",\"route\":\"problem_list\",\"status\":200,\"t\":1791350098770,\"ms\":8.3}","source":"console","time":"2026-10-07T05:14:58Z"}
{"level":"info","msg":"{\"ev\":\"req\",\"route\":\"problem_detail\",\"status\":200,\"t\":1791350098868,\"ms\":7.2}","source":"console","time":"2026-10-07T05:14:58Z"}
{"level":"info","msg":"{\"ev\":\"req\",\"route\":\"history\",\"status\":200,\"t\":1791350098973,\"ms\":12.5}","source":"console","time":"2026-10-07T05:14:58Z"}
{"level":"info","msg":"{\"ev\":\"req\",\"route\":\"problem_list\",\"status\":200,\"t\":1791350099071,\"ms\":9.7}","source":"console","time":"2026-10-07T05:14:59Z"}
{"level":"info","msg":"{\"ev\":\"req\",\"route\":\"problem_detail\",\"status\":200,\"t\":1791350099172,\"ms\":10.7}","source":"console","time":"2026-10-07T05:14:59Z"}
{"level":"info","msg":"{\"ev\":\"req\",\"route\":\"history\",\"status\":200,\"t\":1791350099268,\"ms\":7.8}","source":"console","time":"2026-10-07T05:14:59Z"}
{"level":"info","msg":"{\"ev\":\"req\",\"route\":\"problem_list\",\"status\":200,\"t\":1791350099367,\"ms\":6.4}","source":"console","time":"2026-10-07T05:14:59Z"}
{"level":"info","msg":"{\"ev\":\"req\",\"route\":\"problem_detail\",\"status\":200,\"t\":1791350099472,\"ms\":10.8}","source":"console","time":"2026-10-07T05:14:59Z"}
{"level":"info","msg":"{\"ev\":\"req\",\"route\":\"history\",\"status\":200,\"t\":1791350099573,\"ms\":12.3}","source":"console","time":"2026-10-07T05:14:59Z"}
{"level":"info","msg":"{\"ev\":\"req\",\"route\":\"problem_list\",\"status\":200,\"t\":1791350099666,\"ms\":5.6}","source":"console","time":"2026-10-07T05:14:59Z"}
{"level":"info","msg":"{\"ev\":\"req\",\"route\":\"problem_detail\",\"status\":200,\"t\":1791350099769,\"ms\":8.7}","source":"console","time":"2026-10-07T05:14:59Z"}
{"level":"info","msg":"{\"ev\":\"req\",\"route\":\"submit\",\"status\":200,\"t\":1791350099793,\"ms\":33.1}","source":"console","time":"2026-10-07T05:14:59Z"}
{"level":"info","msg":"{\"ev\":\"accepted\",\"id\":\"9521b9b2-e550-40e2-bcc7-b9dfa9ea4693\",\"t\":1791350099793}","source":"console","time":"2026-10-07T05:14:59Z"}
{"level":"info","msg":"{\"ev\":\"req\",\"route\":\"history\",\"status\":200,\"t\":1791350099868,\"ms\":6.9}","source":"console","time":"2026-10-07T05:14:59Z"}
{"level":"info","msg":"{\"ev\":\"req\",\"route\":\"problem_list\",\"status\":200,\"t\":1791350099967,\"ms\":6.9}","source":"console","time":"2026-10-07T05:14:59Z"}
{"level":"info","msg":"{\"ev\":\"req\",\"route\":\"problem_detail\",\"status\":200,\"t\":1791350100067,\"ms\":6.2}","source":"console","time":"2026-10-07T05:15:00Z"}
{"level":"info","msg":"{\"ev\":\"req\",\"route\":\"history\",\"status\":200,\"t\":1791350100168,\"ms\":6.8}","source":"console","time":"2026-10-07T05:15:00Z"}
{"level":"info","msg":"{\"ev\":\"req\",\"route\":\"problem_list\",\"status\":200,\"t\":1791350100266,\"ms\":5.8}","source":"console","time":"2026-10-07T05:15:00Z"}
{"level":"info","msg":"{\"ev\":\"req\",\"route\":\"problem_detail\",\"status\":200,\"t\":1791350100366,\"ms\":5.8}","source":"console","time":"2026-10-07T05:15:00Z"}
{"level":"info","msg":"{\"ev\":\"req\",\"route\":\"history\",\"status\":200,\"t\":1791350100467,\"ms\":6.7}","source":"console","time":"2026-10-07T05:15:00Z"}
{"level":"info","msg":"{\"ev\":\"req\",\"route\":\"problem_list\",\"status\":200,\"t\":1791350100568,\"ms\":6.6}","source":"console","time":"2026-10-07T05:15:00Z"}
{"level":"info","msg":"{\"ev\":\"req\",\"route\":\"problem_detail\",\"status\":200,\"t\":1791350100669,\"ms\":7.6}","source":"console","time":"2026-10-07T05:15:00Z"}
{"level":"info","msg":"{\"ev\":\"req\",\"route\":\"history\",\"status\":200,\"t\":1791350100767,\"ms\":6.7}","source":"console","time":"2026-10-07T05:15:00Z"}
{"level":"info","msg":"{\"ev\":\"req\",\"route\":\"problem_list\",\"status\":200,\"t\":1791350100868,\"ms\":6.4}","source":"console","time":"2026-10-07T05:15:00Z"}
{"level":"info","msg":"{\"ev\":\"req\",\"route\":\"problem_detail\",\"status\":200,\"t\":1791350100967,\"ms\":6.2}","source":"console","time":"2026-10-07T05:15:00Z"}
{"level":"info","msg":"{\"ev\":\"req\",\"route\":\"history\",\"status\":200,\"t\":1791350101075,\"ms\":13.3}","source":"console","time":"2026-10-07T05:15:01Z"}
{"level":"info","msg":"{\"ev\":\"req\",\"route\":\"problem_list\",\"status\":200,\"t\":1791350101167,\"ms\":6.8}","source":"console","time":"2026-10-07T05:15:01Z"}
{"level":"info","msg":"{\"ev\":\"req\",\"route\":\"problem_detail\",\"status\":200,\"t\":1791350101273,\"ms\":11.9}","source":"console","time":"2026-10-07T05:15:01Z"}
{"level":"info","msg":"{\"ev\":\"req\",\"route\":\"history\",\"status\":200,\"t\":1791350101369,\"ms\":8.6}","source":"console","time":"2026-10-07T05:15:01Z"}
{"level":"info","msg":"{\"ev\":\"req\",\"route\":\"submit\",\"status\":200,\"t\":1791350101452,\"ms\":24.7}","source":"console","time":"2026-10-07T05:15:01Z"}
{"level":"info","msg":"{\"ev\":\"accepted\",\"id\":\"e8681aa0-682e-4bf8-acf4-3c5e2455b3df\",\"t\":1791350101452}","source":"console","time":"2026-10-07T05:15:01Z"}
{"level":"info","msg":"{\"ev\":\"req\",\"route\":\"problem_list\",\"status\":200,\"t\":1791350101467,\"ms\":6.5}","source":"console","time":"2026-10-07T05:15:01Z"}
{"level":"info","msg":"{\"ev\":\"req\",\"route\":\"problem_detail\",\"status\":200,\"t\":1791350101570,\"ms\":9.4}","source":"console","time":"2026-10-07T05:15:01Z"}
{"level":"info","msg":"{\"ev\":\"req\",\"route\":\"history\",\"status\":200,\"t\":1791350101672,\"ms\":11.1}","source":"console","time":"2026-10-07T05:15:01Z"}
{"level":"info","msg":"{\"ev\":\"req\",\"route\":\"problem_list\",\"status\":200,\"t\":1791350101771,\"ms\":10.5}","source":"console","time":"2026-10-07T05:15:01Z"}
{"level":"info","msg":"{\"ev\":\"req\",\"route\":\"problem_detail\",\"status\":200,\"t\":1791350101873,\"ms\":12.3}","source":"console","time":"2026-10-07T05:15:01Z"}
{"level":"info","msg":"{\"ev\":\"req\",\"route\":\"history\",\"status\":200,\"t\":1791350101970,\"ms\":8.5}","source":"console","time":"2026-10-07T05:15:01Z"}
{"level":"info","msg":"{\"ev\":\"req\",\"route\":\"problem_list\",\"status\":200,\"t\":1791350102066,\"ms\":5.9}","source":"console","time":"2026-10-07T05:15:02Z"}
{"level":"info","msg":"{\"ev\":\"req\",\"route\":\"problem_detail\",\"status\":200,\"t\":1791350102167,\"ms\":5.8}","source":"console","time":"2026-10-07T05:15:02Z"}
{"level":"info","msg":"{\"ev\":\"req\",\"route\":\"history\",\"status\":200,\"t\":1791350102268,\"ms\":7}","source":"console","time":"2026-10-07T05:15:02Z"}
{"level":"info","msg":"{\"ev\":\"req\",\"route\":\"problem_list\",\"status\":200,\"t\":1791350102371,\"ms\":9.8}","source":"console","time":"2026-10-07T05:15:02Z"}
{"level":"info","msg":"{\"ev\":\"req\",\"route\":\"problem_detail\",\"status\":200,\"t\":1791350102469,\"ms\":8.4}","source":"console","time":"2026-10-07T05:15:02Z"}
{"level":"info","msg":"{\"ev\":\"req\",\"route\":\"history\",\"status\":200,\"t\":1791350102568,\"ms\":7.3}","source":"console","time":"2026-10-07T05:15:02Z"}
{"level":"info","msg":"{\"ev\":\"req\",\"route\":\"problem_list\",\"status\":200,\"t\":1791350102668,\"ms\":6.6}","source":"console","time":"2026-10-07T05:15:02Z"}
{"level":"info","msg":"{\"ev\":\"req\",\"route\":\"problem_detail\",\"status\":200,\"t\":1791350102772,\"ms\":11.3}","source":"console","time":"2026-10-07T05:15:02Z"}
{"level":"info","msg":"{\"ev\":\"req\",\"route\":\"history\",\"status\":200,\"t\":1791350102874,\"ms\":12.4}","source":"console","time":"2026-10-07T05:15:02Z"}
{"level":"info","msg":"{\"ev\":\"req\",\"route\":\"problem_list\",\"status\":200,\"t\":1791350102972,\"ms\":10.9}","source":"console","time":"2026-10-07T05:15:02Z"}
{"level":"info","msg":"{\"ev\":\"req\",\"route\":\"problem_detail\",\"status\":200,\"t\":1791350103072,\"ms\":11.3}","source":"console","time":"2026-10-07T05:15:03Z"}
{"level":"info","msg":"{\"ev\":\"req\",\"route\":\"submit\",\"status\":200,\"t\":1791350103119,\"ms\":24.7}","source":"console","time":"2026-10-07T05:15:03Z"}
{"level":"info","msg":"{\"ev\":\"accepted\",\"id\":\"1ecefc5a-7810-4171-8680-1d312d22a944\",\"t\":1791350103119}","source":"console","time":"2026-10-07T05:15:03Z"}
{"level":"info","msg":"{\"ev\":\"req\",\"route\":\"history\",\"status\":200,\"t\":1791350103169,\"ms\":8.7}","source":"console","time":"2026-10-07T05:15:03Z"}
{"level":"info","msg":"{\"ev\":\"req\",\"route\":\"problem_list\",\"status\":200,\"t\":1791350103275,\"ms\":15}","source":"console","time":"2026-10-07T05:15:03Z"}
{"level":"info","msg":"{\"ev\":\"req\",\"route\":\"problem_detail\",\"status\":200,\"t\":1791350103369,\"ms\":7.4}","source":"console","time":"2026-10-07T05:15:03Z"}
{"level":"info","msg":"{\"ev\":\"req\",\"route\":\"history\",\"status\":200,\"t\":1791350103470,\"ms\":8.4}","source":"console","time":"2026-10-07T05:15:03Z"}
{"level":"info","msg":"{\"ev\":\"req\",\"route\":\"problem_list\",\"status\":200,\"t\":1791350103569,\"ms\":8.3}","source":"console","time":"2026-10-07T05:15:03Z"}
{"level":"info","msg":"{\"ev\":\"req\",\"route\":\"problem_detail\",\"status\":200,\"t\":1791350103668,\"ms\":7.8}","source":"console","time":"2026-10-07T05:15:03Z"}
{"level":"info","msg":"{\"ev\":\"req\",\"route\":\"history\",\"status\":200,\"t\":1791350103772,\"ms\":11.2}","source":"console","time":"2026-10-07T05:15:03Z"}
{"level":"info","msg":"{\"ev\":\"req\",\"route\":\"problem_list\",\"status\":200,\"t\":1791350103868,\"ms\":7.6}","source":"console","time":"2026-10-07T05:15:03Z"}
{"level":"info","msg":"{\"ev\":\"req\",\"route\":\"problem_detail\",\"status\":200,\"t\":1791350103968,\"ms\":6.7}","source":"console","time":"2026-10-07T05:15:03Z"}
{"level":"info","msg":"{\"ev\":\"req\",\"route\":\"history\",\"status\":200,\"t\":1791350104068,\"ms\":7.4}","source":"console","time":"2026-10-07T05:15:04Z"}
{"level":"info","msg":"{\"ev\":\"req\",\"route\":\"problem_list\",\"status\":200,\"t\":1791350104172,\"ms\":11}","source":"console","time":"2026-10-07T05:15:04Z"}
{"level":"info","msg":"{\"ev\":\"req\",\"route\":\"problem_detail\",\"status\":200,\"t\":1791350104272,\"ms\":10.4}","source":"console","time":"2026-10-07T05:15:04Z"}
{"level":"info","msg":"{\"ev\":\"req\",\"route\":\"history\",\"status\":200,\"t\":1791350104373,\"ms\":11.8}","source":"console","time":"2026-10-07T05:15:04Z"}
{"level":"info","msg":"{\"ev\":\"req\",\"route\":\"problem_list\",\"status\":200,\"t\":1791350104472,\"ms\":11.6}","source":"console","time":"2026-10-07T05:15:04Z"}
{"level":"info","msg":"{\"ev\":\"req\",\"route\":\"problem_detail\",\"status\":200,\"t\":1791350104572,\"ms\":10.9}","source":"console","time":"2026-10-07T05:15:04Z"}
{"level":"info","msg":"{\"ev\":\"req\",\"route\":\"history\",\"status\":200,\"t\":1791350104674,\"ms\":12.9}","source":"console","time":"2026-10-07T05:15:04Z"}
{"level":"info","msg":"{\"ev\":\"req\",\"route\":\"problem_list\",\"status\":200,\"t\":1791350104778,\"ms\":16.9}","source":"console","time":"2026-10-07T05:15:04Z"}
{"level":"info","msg":"{\"ev\":\"req\",\"route\":\"submit\",\"status\":200,\"t\":1791350104791,\"ms\":30.3}","source":"console","time":"2026-10-07T05:15:04Z"}
{"level":"info","msg":"{\"ev\":\"accepted\",\"id\":\"3a182dd8-0711-44e8-9cc5-782b77a39e54\",\"t\":1791350104791}","source":"console","time":"2026-10-07T05:15:04Z"}
{"level":"info","msg":"{\"ev\":\"req\",\"route\":\"problem_detail\",\"status\":200,\"t\":1791350104869,\"ms\":7.7}","source":"console","time":"2026-10-07T05:15:04Z"}
{"level":"info","msg":"{\"ev\":\"req\",\"route\":\"history\",\"status\":200,\"t\":1791350104971,\"ms\":10.6}","source":"console","time":"2026-10-07T05:15:04Z"}
{"level":"info","msg":"{\"ev\":\"req\",\"route\":\"problem_list\",\"status\":200,\"t\":1791350105067,\"ms\":6.4}","source":"console","time":"2026-10-07T05:15:05Z"}
{"level":"info","msg":"{\"ev\":\"req\",\"route\":\"problem_detail\",\"status\":200,\"t\":1791350105168,\"ms\":6.3}","source":"console","time":"2026-10-07T05:15:05Z"}
{"level":"info","msg":"{\"ev\":\"req\",\"route\":\"history\",\"status\":200,\"t\":1791350105272,\"ms\":10.9}","source":"console","time":"2026-10-07T05:15:05Z"}
{"level":"info","msg":"{\"ev\":\"req\",\"route\":\"problem_list\",\"status\":200,\"t\":1791350105367,\"ms\":6.1}","source":"console","time":"2026-10-07T05:15:05Z"}
{"level":"info","msg":"{\"ev\":\"req\",\"route\":\"problem_detail\",\"status\":200,\"t\":1791350105468,\"ms\":7.6}","source":"console","time":"2026-10-07T05:15:05Z"}
{"level":"info","msg":"{\"ev\":\"req\",\"route\":\"history\",\"status\":200,\"t\":1791350105580,\"ms\":19.3}","source":"console","time":"2026-10-07T05:15:05Z"}
{"level":"info","msg":"{\"ev\":\"req\",\"route\":\"problem_list\",\"status\":200,\"t\":1791350105672,\"ms\":11.3}","source":"console","time":"2026-10-07T05:15:05Z"}
{"level":"info","msg":"{\"ev\":\"req\",\"route\":\"problem_detail\",\"status\":200,\"t\":1791350105766,\"ms\":5.5}","source":"console","time":"2026-10-07T05:15:05Z"}
{"level":"info","msg":"{\"ev\":\"req\",\"route\":\"history\",\"status\":200,\"t\":1791350105872,\"ms\":10.9}","source":"console","time":"2026-10-07T05:15:05Z"}
{"level":"info","msg":"{\"ev\":\"req\",\"route\":\"problem_list\",\"status\":200,\"t\":1791350105967,\"ms\":6.1}","source":"console","time":"2026-10-07T05:15:05Z"}
{"level":"info","msg":"{\"ev\":\"req\",\"route\":\"problem_detail\",\"status\":200,\"t\":1791350106072,\"ms\":10.9}","source":"console","time":"2026-10-07T05:15:06Z"}
{"level":"info","msg":"{\"ev\":\"req\",\"route\":\"history\",\"status\":200,\"t\":1791350106168,\"ms\":8}","source":"console","time":"2026-10-07T05:15:06Z"}
{"level":"info","msg":"{\"ev\":\"req\",\"route\":\"problem_list\",\"status\":200,\"t\":1791350106272,\"ms\":11}","source":"console","time":"2026-10-07T05:15:06Z"}
{"level":"info","msg":"{\"ev\":\"req\",\"route\":\"problem_detail\",\"status\":200,\"t\":1791350106375,\"ms\":13.3}","source":"console","time":"2026-10-07T05:15:06Z"}
{"level":"info","msg":"{\"ev\":\"req\",\"route\":\"submit\",\"status\":200,\"t\":1791350106461,\"ms\":33.1}","source":"console","time":"2026-10-07T05:15:06Z"}
{"level":"info","msg":"{\"ev\":\"accepted\",\"id\":\"2e97bda0-e018-4b0e-b51a-153884ca8326\",\"t\":1791350106461}","source":"console","time":"2026-10-07T05:15:06Z"}
{"level":"info","msg":"{\"ev\":\"req\",\"route\":\"history\",\"status\":200,\"t\":1791350106469,\"ms\":8.6}","source":"console","time":"2026-10-07T05:15:06Z"}
{"level":"info","msg":"{\"ev\":\"req\",\"route\":\"problem_list\",\"status\":200,\"t\":1791350106567,\"ms\":5.9}","source":"console","time":"2026-10-07T05:15:06Z"}
{"level":"info","msg":"{\"ev\":\"req\",\"route\":\"problem_detail\",\"status\":200,\"t\":1791350106667,\"ms\":6.1}","source":"console","time":"2026-10-07T05:15:06Z"}
{"level":"info","msg":"{\"ev\":\"req\",\"route\":\"history\",\"status\":200,\"t\":1791350106766,\"ms\":5.8}","source":"console","time":"2026-10-07T05:15:06Z"}
{"level":"info","msg":"{\"ev\":\"req\",\"route\":\"problem_list\",\"status\":200,\"t\":1791350106867,\"ms\":5.9}","source":"console","time":"2026-10-07T05:15:06Z"}
{"level":"info","msg":"{\"ev\":\"req\",\"route\":\"problem_detail\",\"status\":200,\"t\":1791350106977,\"ms\":15.7}","source":"console","time":"2026-10-07T05:15:06Z"}
{"level":"info","msg":"{\"ev\":\"req\",\"route\":\"history\",\"status\":200,\"t\":1791350107066,\"ms\":6}","source":"console","time":"2026-10-07T05:15:07Z"}
{"level":"info","msg":"{\"ev\":\"req\",\"route\":\"problem_list\",\"status\":200,\"t\":1791350107167,\"ms\":6}","source":"console","time":"2026-10-07T05:15:07Z"}
{"level":"info","msg":"{\"ev\":\"req\",\"route\":\"problem_detail\",\"status\":200,\"t\":1791350107271,\"ms\":9.9}","source":"console","time":"2026-10-07T05:15:07Z"}
{"level":"info","msg":"{\"ev\":\"req\",\"route\":\"history\",\"status\":200,\"t\":1791350107375,\"ms\":14.1}","source":"console","time":"2026-10-07T05:15:07Z"}
{"level":"info","msg":"{\"ev\":\"req\",\"route\":\"problem_list\",\"status\":200,\"t\":1791350107472,\"ms\":10.6}","source":"console","time":"2026-10-07T05:15:07Z"}
{"level":"info","msg":"{\"ev\":\"req\",\"route\":\"problem_detail\",\"status\":200,\"t\":1791350107573,\"ms\":12}","source":"console","time":"2026-10-07T05:15:07Z"}
{"level":"info","msg":"{\"ev\":\"req\",\"route\":\"history\",\"status\":200,\"t\":1791350107675,\"ms\":14.1}","source":"console","time":"2026-10-07T05:15:07Z"}
{"level":"info","msg":"{\"ev\":\"req\",\"route\":\"problem_list\",\"status\":200,\"t\":1791350107774,\"ms\":13}","source":"console","time":"2026-10-07T05:15:07Z"}
{"level":"info","msg":"{\"ev\":\"req\",\"route\":\"problem_detail\",\"status\":200,\"t\":1791350107872,\"ms\":11.2}","source":"console","time":"2026-10-07T05:15:07Z"}
{"level":"info","msg":"{\"ev\":\"req\",\"route\":\"history\",\"status\":200,\"t\":1791350107971,\"ms\":10.3}","source":"console","time":"2026-10-07T05:15:07Z"}
{"level":"info","msg":"{\"ev\":\"req\",\"route\":\"problem_list\",\"status\":200,\"t\":1791350108067,\"ms\":5.9}","source":"console","time":"2026-10-07T05:15:08Z"}
{"level":"info","msg":"{\"ev\":\"req\",\"route\":\"submit\",\"status\":200,\"t\":1791350108127,\"ms\":32}","source":"console","time":"2026-10-07T05:15:08Z"}
{"level":"info","msg":"{\"ev\":\"accepted\",\"id\":\"1631af4b-b810-43ab-94ac-1a3e70c229d6\",\"t\":1791350108127}","source":"console","time":"2026-10-07T05:15:08Z"}
{"level":"info","msg":"{\"ev\":\"req\",\"route\":\"problem_detail\",\"status\":200,\"t\":1791350108170,\"ms\":8.6}","source":"console","time":"2026-10-07T05:15:08Z"}
{"level":"info","msg":"{\"ev\":\"req\",\"route\":\"history\",\"status\":200,\"t\":1791350108272,\"ms\":11.4}","source":"console","time":"2026-10-07T05:15:08Z"}
{"level":"info","msg":"{\"ev\":\"req\",\"route\":\"problem_list\",\"status\":200,\"t\":1791350108369,\"ms\":8.5}","source":"console","time":"2026-10-07T05:15:08Z"}
{"level":"info","msg":"{\"ev\":\"req\",\"route\":\"problem_detail\",\"status\":200,\"t\":1791350108468,\"ms\":6.6}","source":"console","time":"2026-10-07T05:15:08Z"}
{"level":"info","msg":"{\"ev\":\"req\",\"route\":\"history\",\"status\":200,\"t\":1791350108568,\"ms\":7.6}","source":"console","time":"2026-10-07T05:15:08Z"}
{"level":"info","msg":"{\"ev\":\"req\",\"route\":\"problem_list\",\"status\":200,\"t\":1791350108666,\"ms\":5.7}","source":"console","time":"2026-10-07T05:15:08Z"}
{"level":"info","msg":"{\"ev\":\"req\",\"route\":\"problem_detail\",\"status\":200,\"t\":1791350108767,\"ms\":6.1}","source":"console","time":"2026-10-07T05:15:08Z"}
{"level":"info","msg":"{\"ev\":\"req\",\"route\":\"history\",\"status\":200,\"t\":1791350108872,\"ms\":11.1}","source":"console","time":"2026-10-07T05:15:08Z"}
{"level":"info","msg":"{\"ev\":\"req\",\"route\":\"problem_list\",\"status\":200,\"t\":1791350108972,\"ms\":11.2}","source":"console","time":"2026-10-07T05:15:08Z"}
{"level":"info","msg":"{\"ev\":\"req\",\"route\":\"problem_detail\",\"status\":200,\"t\":1791350109069,\"ms\":7.5}","source":"console","time":"2026-10-07T05:15:09Z"}
{"level":"info","msg":"{\"ev\":\"req\",\"route\":\"history\",\"status\":200,\"t\":1791350109172,\"ms\":10.9}","source":"console","time":"2026-10-07T05:15:09Z"}
{"level":"info","msg":"{\"ev\":\"req\",\"route\":\"problem_list\",\"status\":200,\"t\":1791350109270,\"ms\":9.7}","source":"console","time":"2026-10-07T05:15:09Z"}
{"level":"info","msg":"{\"ev\":\"req\",\"route\":\"problem_detail\",\"status\":200,\"t\":1791350109366,\"ms\":5.1}","source":"console","time":"2026-10-07T05:15:09Z"}
{"level":"info","msg":"{\"ev\":\"req\",\"route\":\"history\",\"status\":200,\"t\":1791350109474,\"ms\":13.1}","source":"console","time":"2026-10-07T05:15:09Z"}
{"level":"info","msg":"{\"ev\":\"req\",\"route\":\"problem_list\",\"status\":200,\"t\":1791350109574,\"ms\":12.3}","source":"console","time":"2026-10-07T05:15:09Z"}
{"level":"info","msg":"{\"ev\":\"req\",\"route\":\"problem_detail\",\"status\":200,\"t\":1791350109673,\"ms\":12.1}","source":"console","time":"2026-10-07T05:15:09Z"}
{"level":"info","msg":"{\"ev\":\"req\",\"route\":\"history\",\"status\":200,\"t\":1791350109773,\"ms\":12.1}","source":"console","time":"2026-10-07T05:15:09Z"}
{"level":"info","msg":"{\"ev\":\"req\",\"route\":\"submit\",\"status\":200,\"t\":1791350109789,\"ms\":28.2}","source":"console","time":"2026-10-07T05:15:09Z"}
{"level":"info","msg":"{\"ev\":\"accepted\",\"id\":\"3ce9e386-74bd-4f59-8a86-65a791c73698\",\"t\":1791350109789}","source":"console","time":"2026-10-07T05:15:09Z"}
{"level":"info","msg":"{\"ev\":\"req\",\"route\":\"problem_list\",\"status\":200,\"t\":1791350109866,\"ms\":5.4}","source":"console","time":"2026-10-07T05:15:09Z"}
{"level":"info","msg":"{\"ev\":\"req\",\"route\":\"problem_detail\",\"status\":200,\"t\":1791350109966,\"ms\":5.6}","source":"console","time":"2026-10-07T05:15:09Z"}
{"level":"info","msg":"{\"ev\":\"req\",\"route\":\"history\",\"status\":200,\"t\":1791350110075,\"ms\":14.6}","source":"console","time":"2026-10-07T05:15:10Z"}
{"level":"info","msg":"{\"ev\":\"req\",\"route\":\"problem_list\",\"status\":200,\"t\":1791350110167,\"ms\":5.8}","source":"console","time":"2026-10-07T05:15:10Z"}
{"level":"info","msg":"{\"ev\":\"req\",\"route\":\"problem_detail\",\"status\":200,\"t\":1791350110266,\"ms\":5.3}","source":"console","time":"2026-10-07T05:15:10Z"}
{"level":"info","msg":"{\"ev\":\"req\",\"route\":\"history\",\"status\":200,\"t\":1791350110367,\"ms\":6.4}","source":"console","time":"2026-10-07T05:15:10Z"}
{"level":"info","msg":"{\"ev\":\"req\",\"route\":\"problem_list\",\"status\":200,\"t\":1791350110467,\"ms\":6.3}","source":"console","time":"2026-10-07T05:15:10Z"}
{"level":"info","msg":"{\"ev\":\"req\",\"route\":\"problem_detail\",\"status\":200,\"t\":1791350110572,\"ms\":10.7}","source":"console","time":"2026-10-07T05:15:10Z"}
{"level":"info","msg":"{\"ev\":\"req\",\"route\":\"history\",\"status\":200,\"t\":1791350110673,\"ms\":11.8}","source":"console","time":"2026-10-07T05:15:10Z"}
{"level":"info","msg":"{\"ev\":\"req\",\"route\":\"problem_list\",\"status\":200,\"t\":1791350110766,\"ms\":5.9}","source":"console","time":"2026-10-07T05:15:10Z"}
{"level":"info","msg":"{\"ev\":\"req\",\"route\":\"problem_detail\",\"status\":200,\"t\":1791350110873,\"ms\":11.6}","source":"console","time":"2026-10-07T05:15:10Z"}
{"level":"info","msg":"{\"ev\":\"req\",\"route\":\"history\",\"status\":200,\"t\":1791350110969,\"ms\":7.8}","source":"console","time":"2026-10-07T05:15:10Z"}
{"level":"info","msg":"{\"ev\":\"req\",\"route\":\"problem_list\",\"status\":200,\"t\":1791350111066,\"ms\":5.6}","source":"console","time":"2026-10-07T05:15:11Z"}
{"level":"info","msg":"{\"ev\":\"req\",\"route\":\"problem_detail\",\"status\":200,\"t\":1791350111167,\"ms\":6.5}","source":"console","time":"2026-10-07T05:15:11Z"}
{"level":"info","msg":"{\"ev\":\"req\",\"route\":\"history\",\"status\":200,\"t\":1791350111275,\"ms\":14.5}","source":"console","time":"2026-10-07T05:15:11Z"}
{"level":"info","msg":"{\"ev\":\"req\",\"route\":\"problem_list\",\"status\":200,\"t\":1791350111374,\"ms\":13.2}","source":"console","time":"2026-10-07T05:15:11Z"}
{"level":"info","msg":"{\"ev\":\"req\",\"route\":\"submit\",\"status\":200,\"t\":1791350111441,\"ms\":13.9}","source":"console","time":"2026-10-07T05:15:11Z"}
{"level":"info","msg":"{\"ev\":\"accepted\",\"id\":\"24a07b88-3957-418e-9429-31480fa8dd0b\",\"t\":1791350111441}","source":"console","time":"2026-10-07T05:15:11Z"}
{"level":"info","msg":"{\"ev\":\"req\",\"route\":\"problem_detail\",\"status\":200,\"t\":1791350111465,\"ms\":5.2}","source":"console","time":"2026-10-07T05:15:11Z"}
{"level":"info","msg":"{\"ev\":\"req\",\"route\":\"history\",\"status\":200,\"t\":1791350111572,\"ms\":10.5}","source":"console","time":"2026-10-07T05:15:11Z"}
{"level":"info","msg":"{\"ev\":\"req\",\"route\":\"problem_list\",\"status\":200,\"t\":1791350111667,\"ms\":6.4}","source":"console","time":"2026-10-07T05:15:11Z"}
{"level":"info","msg":"{\"ev\":\"req\",\"route\":\"problem_detail\",\"status\":200,\"t\":1791350111768,\"ms\":6.6}","source":"console","time":"2026-10-07T05:15:11Z"}
{"level":"info","msg":"{\"ev\":\"req\",\"route\":\"history\",\"status\":200,\"t\":1791350111872,\"ms\":11.1}","source":"console","time":"2026-10-07T05:15:11Z"}
{"level":"info","msg":"{\"ev\":\"req\",\"route\":\"problem_list\",\"status\":200,\"t\":1791350111968,\"ms\":7.2}","source":"console","time":"2026-10-07T05:15:11Z"}
{"level":"info","msg":"{\"ev\":\"req\",\"route\":\"problem_detail\",\"status\":200,\"t\":1791350112066,\"ms\":5.4}","source":"console","time":"2026-10-07T05:15:12Z"}
{"level":"info","msg":"{\"ev\":\"req\",\"route\":\"history\",\"status\":200,\"t\":1791350112173,\"ms\":12.1}","source":"console","time":"2026-10-07T05:15:12Z"}
{"level":"info","msg":"{\"ev\":\"req\",\"route\":\"problem_list\",\"status\":200,\"t\":1791350112273,\"ms\":12.2}","source":"console","time":"2026-10-07T05:15:12Z"}
{"level":"info","msg":"{\"ev\":\"req\",\"route\":\"problem_detail\",\"status\":200,\"t\":1791350112372,\"ms\":11.2}","source":"console","time":"2026-10-07T05:15:12Z"}
{"level":"info","msg":"{\"ev\":\"req\",\"route\":\"history\",\"status\":200,\"t\":1791350112474,\"ms\":12.8}","source":"console","time":"2026-10-07T05:15:12Z"}
{"level":"info","msg":"{\"ev\":\"req\",\"route\":\"problem_list\",\"status\":200,\"t\":1791350112572,\"ms\":11.2}","source":"console","time":"2026-10-07T05:15:12Z"}
{"level":"info","msg":"{\"ev\":\"req\",\"route\":\"problem_detail\",\"status\":200,\"t\":1791350112672,\"ms\":11.8}","source":"console","time":"2026-10-07T05:15:12Z"}
{"level":"info","msg":"{\"ev\":\"req\",\"route\":\"history\",\"status\":200,\"t\":1791350112773,\"ms\":11.4}","source":"console","time":"2026-10-07T05:15:12Z"}
{"level":"info","msg":"{\"ev\":\"req\",\"route\":\"problem_list\",\"status\":200,\"t\":1791350112872,\"ms\":10.7}","source":"console","time":"2026-10-07T05:15:12Z"}
{"level":"info","msg":"{\"ev\":\"req\",\"route\":\"problem_detail\",\"status\":200,\"t\":1791350112967,\"ms\":6.4}","source":"console","time":"2026-10-07T05:15:12Z"}
{"level":"info","msg":"{\"ev\":\"req\",\"route\":\"history\",\"status\":200,\"t\":1791350113074,\"ms\":13.2}","source":"console","time":"2026-10-07T05:15:13Z"}
{"level":"info","msg":"{\"ev\":\"req\",\"route\":\"submit\",\"status\":200,\"t\":1791350113128,\"ms\":33.6}","source":"console","time":"2026-10-07T05:15:13Z"}
{"level":"info","msg":"{\"ev\":\"accepted\",\"id\":\"4b597b31-7c3f-4b5a-980c-1fb2074e9f4a\",\"t\":1791350113128}","source":"console","time":"2026-10-07T05:15:13Z"}
{"level":"info","msg":"{\"ev\":\"req\",\"route\":\"problem_list\",\"status\":200,\"t\":1791350113167,\"ms\":6.7}","source":"console","time":"2026-10-07T05:15:13Z"}
{"level":"info","msg":"{\"ev\":\"req\",\"route\":\"problem_detail\",\"status\":200,\"t\":1791350113267,\"ms\":5.4}","source":"console","time":"2026-10-07T05:15:13Z"}
{"level":"info","msg":"{\"ev\":\"req\",\"route\":\"history\",\"status\":200,\"t\":1791350113367,\"ms\":6}","source":"console","time":"2026-10-07T05:15:13Z"}
{"level":"info","msg":"{\"ev\":\"req\",\"route\":\"problem_list\",\"status\":200,\"t\":1791350113467,\"ms\":6.4}","source":"console","time":"2026-10-07T05:15:13Z"}
{"level":"info","msg":"{\"ev\":\"req\",\"route\":\"problem_detail\",\"status\":200,\"t\":1791350113567,\"ms\":6.2}","source":"console","time":"2026-10-07T05:15:13Z"}
{"level":"info","msg":"{\"ev\":\"req\",\"route\":\"history\",\"status\":200,\"t\":1791350113668,\"ms\":7}","source":"console","time":"2026-10-07T05:15:13Z"}
{"level":"info","msg":"{\"ev\":\"req\",\"route\":\"problem_list\",\"status\":200,\"t\":1791350113767,\"ms\":6.6}","source":"console","time":"2026-10-07T05:15:13Z"}
{"level":"info","msg":"{\"ev\":\"req\",\"route\":\"problem_detail\",\"status\":200,\"t\":1791350113867,\"ms\":6.2}","source":"console","time":"2026-10-07T05:15:13Z"}
{"level":"info","msg":"{\"ev\":\"req\",\"route\":\"history\",\"status\":200,\"t\":1791350113967,\"ms\":6.6}","source":"console","time":"2026-10-07T05:15:13Z"}
{"level":"info","msg":"{\"ev\":\"req\",\"route\":\"problem_list\",\"status\":200,\"t\":1791350114074,\"ms\":13.1}","source":"console","time":"2026-10-07T05:15:14Z"}
{"level":"info","msg":"{\"ev\":\"req\",\"route\":\"problem_detail\",\"status\":200,\"t\":1791350114175,\"ms\":13}","source":"console","time":"2026-10-07T05:15:14Z"}
{"level":"info","msg":"{\"ev\":\"req\",\"route\":\"history\",\"status\":200,\"t\":1791350114274,\"ms\":12.9}","source":"console","time":"2026-10-07T05:15:14Z"}
{"level":"info","msg":"{\"ev\":\"req\",\"route\":\"problem_list\",\"status\":200,\"t\":1791350114373,\"ms\":12}","source":"console","time":"2026-10-07T05:15:14Z"}
{"level":"info","msg":"{\"ev\":\"req\",\"route\":\"problem_detail\",\"status\":200,\"t\":1791350114466,\"ms\":6.2}","source":"console","time":"2026-10-07T05:15:14Z"}
{"level":"info","msg":"{\"ev\":\"req\",\"route\":\"history\",\"status\":200,\"t\":1791350114568,\"ms\":7}","source":"console","time":"2026-10-07T05:15:14Z"}
{"level":"info","msg":"{\"ev\":\"req\",\"route\":\"problem_list\",\"status\":200,\"t\":1791350114682,\"ms\":21.7}","source":"console","time":"2026-10-07T05:15:14Z"}
{"level":"info","msg":"{\"ev\":\"req\",\"route\":\"problem_detail\",\"status\":200,\"t\":1791350114770,\"ms\":8.4}","source":"console","time":"2026-10-07T05:15:14Z"}
{"level":"info","msg":"{\"ev\":\"req\",\"route\":\"submit\",\"status\":200,\"t\":1791350114785,\"ms\":23.4}","source":"console","time":"2026-10-07T05:15:14Z"}
{"level":"info","msg":"{\"ev\":\"accepted\",\"id\":\"7c25db78-9226-49ea-94e3-43408ad486ba\",\"t\":1791350114785}","source":"console","time":"2026-10-07T05:15:14Z"}
{"level":"info","msg":"{\"ev\":\"req\",\"route\":\"history\",\"status\":200,\"t\":1791350114878,\"ms\":17.5}","source":"console","time":"2026-10-07T05:15:14Z"}
{"level":"info","msg":"{\"ev\":\"req\",\"route\":\"problem_list\",\"status\":200,\"t\":1791350114978,\"ms\":17.3}","source":"console","time":"2026-10-07T05:15:14Z"}
{"level":"info","msg":"{\"ev\":\"req\",\"route\":\"problem_detail\",\"status\":200,\"t\":1791350115072,\"ms\":10.8}","source":"console","time":"2026-10-07T05:15:15Z"}
{"level":"info","msg":"{\"ev\":\"req\",\"route\":\"history\",\"status\":200,\"t\":1791350115183,\"ms\":22.2}","source":"console","time":"2026-10-07T05:15:15Z"}
{"level":"info","msg":"{\"ev\":\"req\",\"route\":\"problem_list\",\"status\":200,\"t\":1791350115276,\"ms\":15.3}","source":"console","time":"2026-10-07T05:15:15Z"}
{"level":"info","msg":"{\"ev\":\"req\",\"route\":\"problem_detail\",\"status\":200,\"t\":1791350115369,\"ms\":7.7}","source":"console","time":"2026-10-07T05:15:15Z"}
{"level":"info","msg":"{\"ev\":\"req\",\"route\":\"history\",\"status\":200,\"t\":1791350115469,\"ms\":8.2}","source":"console","time":"2026-10-07T05:15:15Z"}
{"level":"info","msg":"{\"ev\":\"req\",\"route\":\"problem_list\",\"status\":200,\"t\":1791350115566,\"ms\":5.7}","source":"console","time":"2026-10-07T05:15:15Z"}
{"level":"info","msg":"{\"ev\":\"req\",\"route\":\"problem_detail\",\"status\":200,\"t\":1791350115675,\"ms\":13.8}","source":"console","time":"2026-10-07T05:15:15Z"}
{"level":"info","msg":"{\"ev\":\"req\",\"route\":\"history\",\"status\":200,\"t\":1791350115772,\"ms\":10.7}","source":"console","time":"2026-10-07T05:15:15Z"}
{"level":"info","msg":"{\"ev\":\"req\",\"route\":\"problem_list\",\"status\":200,\"t\":1791350115874,\"ms\":12.8}","source":"console","time":"2026-10-07T05:15:15Z"}
{"level":"info","msg":"{\"ev\":\"req\",\"route\":\"problem_detail\",\"status\":200,\"t\":1791350115967,\"ms\":6.4}","source":"console","time":"2026-10-07T05:15:15Z"}
{"level":"info","msg":"{\"ev\":\"req\",\"route\":\"history\",\"status\":200,\"t\":1791350116072,\"ms\":11.5}","source":"console","time":"2026-10-07T05:15:16Z"}
{"level":"info","msg":"{\"ev\":\"req\",\"route\":\"problem_list\",\"status\":200,\"t\":1791350116173,\"ms\":12}","source":"console","time":"2026-10-07T05:15:16Z"}
{"level":"info","msg":"{\"ev\":\"req\",\"route\":\"problem_detail\",\"status\":200,\"t\":1791350116272,\"ms\":10.7}","source":"console","time":"2026-10-07T05:15:16Z"}
{"level":"info","msg":"{\"ev\":\"req\",\"route\":\"history\",\"status\":200,\"t\":1791350116372,\"ms\":11.5}","source":"console","time":"2026-10-07T05:15:16Z"}
{"level":"info","msg":"{\"ev\":\"req\",\"route\":\"submit\",\"status\":200,\"t\":1791350116459,\"ms\":30.6}","source":"console","time":"2026-10-07T05:15:16Z"}
{"level":"info","msg":"{\"ev\":\"accepted\",\"id\":\"02389bbe-df9b-4f99-9713-141409e3fe8a\",\"t\":1791350116459}","source":"console","time":"2026-10-07T05:15:16Z"}
{"level":"info","msg":"{\"ev\":\"req\",\"route\":\"problem_list\",\"status\":200,\"t\":1791350116467,\"ms\":5.5}","source":"console","time":"2026-10-07T05:15:16Z"}
{"level":"info","msg":"{\"ev\":\"req\",\"route\":\"problem_detail\",\"status\":200,\"t\":1791350116566,\"ms\":5.5}","source":"console","time":"2026-10-07T05:15:16Z"}
{"level":"info","msg":"{\"ev\":\"req\",\"route\":\"history\",\"status\":200,\"t\":1791350116674,\"ms\":13.1}","source":"console","time":"2026-10-07T05:15:16Z"}
{"level":"info","msg":"{\"ev\":\"req\",\"route\":\"problem_list\",\"status\":200,\"t\":1791350116767,\"ms\":6}","source":"console","time":"2026-10-07T05:15:16Z"}
{"level":"info","msg":"{\"ev\":\"req\",\"route\":\"problem_detail\",\"status\":200,\"t\":1791350116866,\"ms\":4.9}","source":"console","time":"2026-10-07T05:15:16Z"}
{"level":"info","msg":"{\"ev\":\"req\",\"route\":\"history\",\"status\":200,\"t\":1791350116966,\"ms\":5.5}","source":"console","time":"2026-10-07T05:15:16Z"}
{"level":"info","msg":"{\"ev\":\"req\",\"route\":\"problem_list\",\"status\":200,\"t\":1791350117066,\"ms\":5.6}","source":"console","time":"2026-10-07T05:15:17Z"}
{"level":"info","msg":"{\"ev\":\"req\",\"route\":\"problem_detail\",\"status\":200,\"t\":1791350117168,\"ms\":7.3}","source":"console","time":"2026-10-07T05:15:17Z"}
{"level":"info","msg":"{\"ev\":\"req\",\"route\":\"history\",\"status\":200,\"t\":1791350117275,\"ms\":14.2}","source":"console","time":"2026-10-07T05:15:17Z"}
{"level":"info","msg":"{\"ev\":\"req\",\"route\":\"problem_list\",\"status\":200,\"t\":1791350117367,\"ms\":6}","source":"console","time":"2026-10-07T05:15:17Z"}
{"level":"info","msg":"{\"ev\":\"req\",\"route\":\"problem_detail\",\"status\":200,\"t\":1791350117472,\"ms\":10.8}","source":"console","time":"2026-10-07T05:15:17Z"}
{"level":"info","msg":"{\"ev\":\"req\",\"route\":\"history\",\"status\":200,\"t\":1791350117574,\"ms\":12.6}","source":"console","time":"2026-10-07T05:15:17Z"}
{"level":"info","msg":"{\"ev\":\"req\",\"route\":\"problem_list\",\"status\":200,\"t\":1791350117671,\"ms\":10.4}","source":"console","time":"2026-10-07T05:15:17Z"}
{"level":"info","msg":"{\"ev\":\"req\",\"route\":\"problem_detail\",\"status\":200,\"t\":1791350117766,\"ms\":5.5}","source":"console","time":"2026-10-07T05:15:17Z"}
{"level":"info","msg":"{\"ev\":\"req\",\"route\":\"history\",\"status\":200,\"t\":1791350117873,\"ms\":12}","source":"console","time":"2026-10-07T05:15:17Z"}
{"level":"info","msg":"{\"ev\":\"req\",\"route\":\"problem_list\",\"status\":200,\"t\":1791350117967,\"ms\":5.6}","source":"console","time":"2026-10-07T05:15:17Z"}
{"level":"info","msg":"{\"ev\":\"req\",\"route\":\"problem_detail\",\"status\":200,\"t\":1791350118066,\"ms\":5.4}","source":"console","time":"2026-10-07T05:15:18Z"}
{"level":"info","msg":"{\"ev\":\"req\",\"route\":\"submit\",\"status\":200,\"t\":1791350118111,\"ms\":17.4}","source":"console","time":"2026-10-07T05:15:18Z"}
{"level":"info","msg":"{\"ev\":\"accepted\",\"id\":\"8640af8e-1d40-4de2-a77b-e43ed9608432\",\"t\":1791350118111}","source":"console","time":"2026-10-07T05:15:18Z"}
{"level":"info","msg":"{\"ev\":\"req\",\"route\":\"history\",\"status\":200,\"t\":1791350118169,\"ms\":8.1}","source":"console","time":"2026-10-07T05:15:18Z"}
{"level":"info","msg":"{\"ev\":\"req\",\"route\":\"problem_list\",\"status\":200,\"t\":1791350118270,\"ms\":8.8}","source":"console","time":"2026-10-07T05:15:18Z"}
{"level":"info","msg":"{\"ev\":\"req\",\"route\":\"problem_detail\",\"status\":200,\"t\":1791350118367,\"ms\":6.8}","source":"console","time":"2026-10-07T05:15:18Z"}
{"level":"info","msg":"{\"ev\":\"req\",\"route\":\"history\",\"status\":200,\"t\":1791350118468,\"ms\":7.4}","source":"console","time":"2026-10-07T05:15:18Z"}
{"level":"info","msg":"{\"ev\":\"req\",\"route\":\"problem_list\",\"status\":200,\"t\":1791350118568,\"ms\":6.7}","source":"console","time":"2026-10-07T05:15:18Z"}
{"level":"info","msg":"{\"ev\":\"req\",\"route\":\"problem_detail\",\"status\":200,\"t\":1791350118666,\"ms\":5.6}","source":"console","time":"2026-10-07T05:15:18Z"}
{"level":"info","msg":"{\"ev\":\"req\",\"route\":\"history\",\"status\":200,\"t\":1791350118766,\"ms\":5.3}","source":"console","time":"2026-10-07T05:15:18Z"}
{"level":"info","msg":"{\"ev\":\"req\",\"route\":\"problem_list\",\"status\":200,\"t\":1791350118874,\"ms\":12.6}","source":"console","time":"2026-10-07T05:15:18Z"}
{"level":"info","msg":"{\"ev\":\"req\",\"route\":\"problem_detail\",\"status\":200,\"t\":1791350118969,\"ms\":8.7}","source":"console","time":"2026-10-07T05:15:18Z"}
{"level":"info","msg":"{\"ev\":\"req\",\"route\":\"history\",\"status\":200,\"t\":1791350119067,\"ms\":6.1}","source":"console","time":"2026-10-07T05:15:19Z"}
{"level":"info","msg":"{\"ev\":\"req\",\"route\":\"problem_list\",\"status\":200,\"t\":1791350119166,\"ms\":4.9}","source":"console","time":"2026-10-07T05:15:19Z"}
{"level":"info","msg":"{\"ev\":\"req\",\"route\":\"problem_detail\",\"status\":200,\"t\":1791350119269,\"ms\":8.1}","source":"console","time":"2026-10-07T05:15:19Z"}
{"level":"info","msg":"{\"ev\":\"req\",\"route\":\"history\",\"status\":200,\"t\":1791350119371,\"ms\":10.6}","source":"console","time":"2026-10-07T05:15:19Z"}
{"level":"info","msg":"{\"ev\":\"req\",\"route\":\"problem_list\",\"status\":200,\"t\":1791350119474,\"ms\":12.9}","source":"console","time":"2026-10-07T05:15:19Z"}
{"level":"info","msg":"{\"ev\":\"req\",\"route\":\"problem_detail\",\"status\":200,\"t\":1791350119567,\"ms\":5.6}","source":"console","time":"2026-10-07T05:15:19Z"}
{"level":"info","msg":"{\"ev\":\"req\",\"route\":\"history\",\"status\":200,\"t\":1791350119674,\"ms\":13.7}","source":"console","time":"2026-10-07T05:15:19Z"}
{"level":"info","msg":"{\"ev\":\"req\",\"route\":\"problem_list\",\"status\":200,\"t\":1791350119777,\"ms\":16.6}","source":"console","time":"2026-10-07T05:15:19Z"}
{"level":"info","msg":"{\"ev\":\"req\",\"route\":\"submit\",\"status\":200,\"t\":1791350119791,\"ms\":29.6}","source":"console","time":"2026-10-07T05:15:19Z"}
{"level":"info","msg":"{\"ev\":\"accepted\",\"id\":\"faf9696d-b362-4e3b-ab97-79785336a3f4\",\"t\":1791350119791}","source":"console","time":"2026-10-07T05:15:19Z"}
{"level":"info","msg":"{\"ev\":\"req\",\"route\":\"problem_detail\",\"status\":200,\"t\":1791350119873,\"ms\":12.3}","source":"console","time":"2026-10-07T05:15:19Z"}
{"level":"info","msg":"{\"ev\":\"req\",\"route\":\"history\",\"status\":200,\"t\":1791350119968,\"ms\":6.7}","source":"console","time":"2026-10-07T05:15:19Z"}
{"level":"info","msg":"{\"ev\":\"req\",\"route\":\"problem_list\",\"status\":200,\"t\":1791350120067,\"ms\":6.2}","source":"console","time":"2026-10-07T05:15:20Z"}
{"level":"info","msg":"{\"ev\":\"req\",\"route\":\"problem_detail\",\"status\":200,\"t\":1791350120166,\"ms\":5.4}","source":"console","time":"2026-10-07T05:15:20Z"}
{"level":"info","msg":"{\"ev\":\"req\",\"route\":\"history\",\"status\":200,\"t\":1791350120266,\"ms\":5.4}","source":"console","time":"2026-10-07T05:15:20Z"}
{"level":"info","msg":"{\"ev\":\"req\",\"route\":\"problem_list\",\"status\":200,\"t\":1791350120366,\"ms\":6.1}","source":"console","time":"2026-10-07T05:15:20Z"}
{"level":"info","msg":"{\"ev\":\"req\",\"route\":\"problem_detail\",\"status\":200,\"t\":1791350120466,\"ms\":5.4}","source":"console","time":"2026-10-07T05:15:20Z"}
{"level":"info","msg":"{\"ev\":\"req\",\"route\":\"history\",\"status\":200,\"t\":1791350120578,\"ms\":16.5}","source":"console","time":"2026-10-07T05:15:20Z"}
{"level":"info","msg":"{\"ev\":\"req\",\"route\":\"problem_list\",\"status\":200,\"t\":1791350120670,\"ms\":9.2}","source":"console","time":"2026-10-07T05:15:20Z"}
{"level":"info","msg":"{\"ev\":\"req\",\"route\":\"problem_detail\",\"status\":200,\"t\":1791350120770,\"ms\":8.5}","source":"console","time":"2026-10-07T05:15:20Z"}
{"level":"info","msg":"{\"ev\":\"req\",\"route\":\"history\",\"status\":200,\"t\":1791350120866,\"ms\":5.4}","source":"console","time":"2026-10-07T05:15:20Z"}
{"level":"info","msg":"{\"ev\":\"req\",\"route\":\"problem_list\",\"status\":200,\"t\":1791350120968,\"ms\":7.4}","source":"console","time":"2026-10-07T05:15:20Z"}
{"level":"info","msg":"{\"ev\":\"req\",\"route\":\"problem_detail\",\"status\":200,\"t\":1791350121069,\"ms\":8.3}","source":"console","time":"2026-10-07T05:15:21Z"}
{"level":"info","msg":"{\"ev\":\"req\",\"route\":\"history\",\"status\":200,\"t\":1791350121179,\"ms\":17.7}","source":"console","time":"2026-10-07T05:15:21Z"}
{"level":"info","msg":"{\"ev\":\"req\",\"route\":\"problem_list\",\"status\":200,\"t\":1791350121267,\"ms\":5.6}","source":"console","time":"2026-10-07T05:15:21Z"}
{"level":"info","msg":"{\"ev\":\"req\",\"route\":\"problem_detail\",\"status\":200,\"t\":1791350121372,\"ms\":11.6}","source":"console","time":"2026-10-07T05:15:21Z"}
{"level":"info","msg":"{\"ev\":\"req\",\"route\":\"history\",\"status\":200,\"t\":1791350121466,\"ms\":6}","source":"console","time":"2026-10-07T05:15:21Z"}
{"level":"info","msg":"{\"ev\":\"req\",\"route\":\"problem_list\",\"status\":200,\"t\":1791350121574,\"ms\":13}","source":"console","time":"2026-10-07T05:15:21Z"}
{"level":"info","msg":"{\"ev\":\"req\",\"route\":\"problem_detail\",\"status\":503,\"t\":1791350121677,\"ms\":15.8}","source":"console","time":"2026-10-07T05:15:21Z"}
{"level":"info","msg":"{\"ev\":\"req\",\"route\":\"history\",\"status\":200,\"t\":1791350121781,\"ms\":19.8}","source":"console","time":"2026-10-07T05:15:21Z"}
{"level":"info","msg":"{\"ev\":\"req\",\"route\":\"submit\",\"status\":503,\"t\":1791350121855,\"ms\":428.6}","source":"console","time":"2026-10-07T05:15:21Z"}
{"level":"info","msg":"{\"ev\":\"rejected\",\"status\":503,\"t\":1791350121856}","source":"console","time":"2026-10-07T05:15:21Z"}
{"level":"info","msg":"{\"ev\":\"req\",\"route\":\"problem_list\",\"status\":503,\"t\":1791350121864,\"ms\":3.5}","source":"console","time":"2026-10-07T05:15:21Z"}
{"level":"info","msg":"{\"ev\":\"req\",\"route\":\"problem_detail\",\"status\":503,\"t\":1791350121966,\"ms\":5}","source":"console","time":"2026-10-07T05:15:21Z"}
{"level":"info","msg":"{\"ev\":\"req\",\"route\":\"history\",\"status\":200,\"t\":1791350122068,\"ms\":7}","source":"console","time":"2026-10-07T05:15:22Z"}
{"level":"info","msg":"{\"ev\":\"req\",\"route\":\"history\",\"status\":200,\"t\":1791350122376,\"ms\":14.9}","source":"console","time":"2026-10-07T05:15:22Z"}
{"level":"info","msg":"{\"ev\":\"req\",\"route\":\"history\",\"status\":200,\"t\":1791350122675,\"ms\":13.9}","source":"console","time":"2026-10-07T05:15:22Z"}
{"level":"info","msg":"{\"ev\":\"req\",\"route\":\"history\",\"status\":200,\"t\":1791350122977,\"ms\":16.2}","source":"console","time":"2026-10-07T05:15:22Z"}
{"level":"info","msg":"{\"ev\":\"req\",\"route\":\"history\",\"status\":200,\"t\":1791350123273,\"ms\":12.2}","source":"console","time":"2026-10-07T05:15:23Z"}
{"level":"info","msg":"{\"ev\":\"req\",\"route\":\"submit\",\"status\":503,\"t\":1791350123509,\"ms\":414.3}","source":"console","time":"2026-10-07T05:15:23Z"}
{"level":"info","msg":"{\"ev\":\"rejected\",\"status\":503,\"t\":1791350123509}","source":"console","time":"2026-10-07T05:15:23Z"}
{"level":"info","msg":"{\"ev\":\"req\",\"route\":\"history\",\"status\":200,\"t\":1791350123574,\"ms\":12.8}","source":"console","time":"2026-10-07T05:15:23Z"}
{"level":"info","msg":"{\"ev\":\"req\",\"route\":\"history\",\"status\":200,\"t\":1791350123867,\"ms\":6.1}","source":"console","time":"2026-10-07T05:15:23Z"}
{"level":"info","msg":"{\"ev\":\"req\",\"route\":\"problem_list\",\"status\":503,\"t\":1791350124164,\"ms\":2004}","source":"console","time":"2026-10-07T05:15:24Z"}
{"level":"info","msg":"{\"ev\":\"req\",\"route\":\"history\",\"status\":200,\"t\":1791350124169,\"ms\":8.2}","source":"console","time":"2026-10-07T05:15:24Z"}
{"level":"info","msg":"{\"ev\":\"req\",\"route\":\"problem_detail\",\"status\":503,\"t\":1791350124267,\"ms\":2006.8}","source":"console","time":"2026-10-07T05:15:24Z"}
{"level":"info","msg":"{\"ev\":\"req\",\"route\":\"problem_list\",\"status\":503,\"t\":1791350124469,\"ms\":2008.6}","source":"console","time":"2026-10-07T05:15:24Z"}
{"level":"info","msg":"{\"ev\":\"req\",\"route\":\"history\",\"status\":200,\"t\":1791350124470,\"ms\":9.6}","source":"console","time":"2026-10-07T05:15:24Z"}
{"level":"info","msg":"{\"ev\":\"req\",\"route\":\"problem_detail\",\"status\":503,\"t\":1791350124567,\"ms\":2006.1}","source":"console","time":"2026-10-07T05:15:24Z"}
{"level":"info","msg":"{\"ev\":\"req\",\"route\":\"problem_list\",\"status\":503,\"t\":1791350124769,\"ms\":2008.2}","source":"console","time":"2026-10-07T05:15:24Z"}
{"level":"info","msg":"{\"ev\":\"req\",\"route\":\"history\",\"status\":200,\"t\":1791350124771,\"ms\":9.8}","source":"console","time":"2026-10-07T05:15:24Z"}
{"level":"info","msg":"{\"ev\":\"req\",\"route\":\"problem_detail\",\"status\":503,\"t\":1791350124865,\"ms\":2004.3}","source":"console","time":"2026-10-07T05:15:24Z"}
{"level":"info","msg":"{\"ev\":\"req\",\"route\":\"problem_list\",\"status\":503,\"t\":1791350125066,\"ms\":2004.6}","source":"console","time":"2026-10-07T05:15:25Z"}
{"level":"info","msg":"{\"ev\":\"req\",\"route\":\"history\",\"status\":200,\"t\":1791350125070,\"ms\":8.4}","source":"console","time":"2026-10-07T05:15:25Z"}
{"level":"info","msg":"{\"ev\":\"req\",\"route\":\"problem_detail\",\"status\":503,\"t\":1791350125167,\"ms\":2006}","source":"console","time":"2026-10-07T05:15:25Z"}
{"level":"info","msg":"{\"ev\":\"req\",\"route\":\"submit\",\"status\":503,\"t\":1791350125173,\"ms\":412.3}","source":"console","time":"2026-10-07T05:15:25Z"}
{"level":"info","msg":"{\"ev\":\"rejected\",\"status\":503,\"t\":1791350125173}","source":"console","time":"2026-10-07T05:15:25Z"}
{"level":"info","msg":"{\"ev\":\"req\",\"route\":\"problem_list\",\"status\":503,\"t\":1791350125369,\"ms\":2007.7}","source":"console","time":"2026-10-07T05:15:25Z"}
{"level":"info","msg":"{\"ev\":\"req\",\"route\":\"history\",\"status\":200,\"t\":1791350125373,\"ms\":12.7}","source":"console","time":"2026-10-07T05:15:25Z"}
{"level":"info","msg":"{\"ev\":\"req\",\"route\":\"problem_detail\",\"status\":503,\"t\":1791350125479,\"ms\":2018.8}","source":"console","time":"2026-10-07T05:15:25Z"}
{"level":"info","msg":"{\"ev\":\"req\",\"route\":\"problem_list\",\"status\":503,\"t\":1791350125668,\"ms\":2007}","source":"console","time":"2026-10-07T05:15:25Z"}
{"level":"info","msg":"{\"ev\":\"req\",\"route\":\"history\",\"status\":200,\"t\":1791350125670,\"ms\":9.5}","source":"console","time":"2026-10-07T05:15:25Z"}
{"level":"info","msg":"{\"ev\":\"req\",\"route\":\"problem_detail\",\"status\":503,\"t\":1791350125768,\"ms\":2006.6}","source":"console","time":"2026-10-07T05:15:25Z"}
{"level":"info","msg":"{\"ev\":\"req\",\"route\":\"problem_list\",\"status\":503,\"t\":1791350125967,\"ms\":2006.7}","source":"console","time":"2026-10-07T05:15:25Z"}
{"level":"info","msg":"{\"ev\":\"req\",\"route\":\"history\",\"status\":200,\"t\":1791350125968,\"ms\":8}","source":"console","time":"2026-10-07T05:15:25Z"}
{"level":"info","msg":"{\"ev\":\"req\",\"route\":\"problem_detail\",\"status\":503,\"t\":1791350126066,\"ms\":2004.8}","source":"console","time":"2026-10-07T05:15:26Z"}
{"level":"info","msg":"{\"ev\":\"req\",\"route\":\"problem_list\",\"status\":503,\"t\":1791350126265,\"ms\":2004.1}","source":"console","time":"2026-10-07T05:15:26Z"}
{"level":"info","msg":"{\"ev\":\"req\",\"route\":\"history\",\"status\":200,\"t\":1791350126268,\"ms\":7.8}","source":"console","time":"2026-10-07T05:15:26Z"}
{"level":"info","msg":"{\"ev\":\"req\",\"route\":\"problem_detail\",\"status\":503,\"t\":1791350126365,\"ms\":2003.6}","source":"console","time":"2026-10-07T05:15:26Z"}
{"level":"info","msg":"{\"ev\":\"req\",\"route\":\"problem_list\",\"status\":503,\"t\":1791350126567,\"ms\":2005.9}","source":"console","time":"2026-10-07T05:15:26Z"}
{"level":"info","msg":"{\"ev\":\"req\",\"route\":\"history\",\"status\":200,\"t\":1791350126572,\"ms\":11}","source":"console","time":"2026-10-07T05:15:26Z"}
{"level":"info","msg":"{\"ev\":\"req\",\"route\":\"submit\",\"status\":503,\"t\":1791350126646,\"ms\":219}","source":"console","time":"2026-10-07T05:15:26Z"}
{"level":"info","msg":"{\"ev\":\"rejected\",\"status\":503,\"t\":1791350126646}","source":"console","time":"2026-10-07T05:15:26Z"}
{"level":"info","msg":"{\"ev\":\"req\",\"route\":\"problem_detail\",\"status\":503,\"t\":1791350126667,\"ms\":2005.9}","source":"console","time":"2026-10-07T05:15:26Z"}
{"level":"info","msg":"{\"ev\":\"req\",\"route\":\"problem_list\",\"status\":503,\"t\":1791350126865,\"ms\":2004.8}","source":"console","time":"2026-10-07T05:15:26Z"}
{"level":"info","msg":"{\"ev\":\"req\",\"route\":\"history\",\"status\":200,\"t\":1791350126869,\"ms\":8.2}","source":"console","time":"2026-10-07T05:15:26Z"}
{"level":"info","msg":"{\"ev\":\"req\",\"route\":\"problem_detail\",\"status\":503,\"t\":1791350126963,\"ms\":2002.9}","source":"console","time":"2026-10-07T05:15:26Z"}
{"level":"info","msg":"{\"ev\":\"req\",\"route\":\"problem_list\",\"status\":503,\"t\":1791350127166,\"ms\":2005.1}","source":"console","time":"2026-10-07T05:15:27Z"}
{"level":"info","msg":"{\"ev\":\"req\",\"route\":\"history\",\"status\":200,\"t\":1791350127167,\"ms\":6.4}","source":"console","time":"2026-10-07T05:15:27Z"}
{"level":"info","msg":"{\"ev\":\"req\",\"route\":\"problem_detail\",\"status\":503,\"t\":1791350127266,\"ms\":2005.7}","source":"console","time":"2026-10-07T05:15:27Z"}
{"level":"info","msg":"{\"ev\":\"req\",\"route\":\"problem_list\",\"status\":503,\"t\":1791350127467,\"ms\":2005.5}","source":"console","time":"2026-10-07T05:15:27Z"}
{"level":"info","msg":"{\"ev\":\"req\",\"route\":\"history\",\"status\":200,\"t\":1791350127467,\"ms\":6.3}","source":"console","time":"2026-10-07T05:15:27Z"}
{"level":"info","msg":"{\"ev\":\"req\",\"route\":\"problem_detail\",\"status\":503,\"t\":1791350127567,\"ms\":2006.4}","source":"console","time":"2026-10-07T05:15:27Z"}
{"level":"info","msg":"{\"ev\":\"req\",\"route\":\"problem_list\",\"status\":503,\"t\":1791350127767,\"ms\":2006.1}","source":"console","time":"2026-10-07T05:15:27Z"}
{"level":"info","msg":"{\"ev\":\"req\",\"route\":\"history\",\"status\":200,\"t\":1791350127773,\"ms\":12.6}","source":"console","time":"2026-10-07T05:15:27Z"}
{"level":"info","msg":"{\"ev\":\"req\",\"route\":\"problem_detail\",\"status\":503,\"t\":1791350127864,\"ms\":2003.5}","source":"console","time":"2026-10-07T05:15:27Z"}
{"level":"info","msg":"{\"ev\":\"req\",\"route\":\"problem_list\",\"status\":503,\"t\":1791350128065,\"ms\":2003.8}","source":"console","time":"2026-10-07T05:15:28Z"}
{"level":"info","msg":"{\"ev\":\"req\",\"route\":\"history\",\"status\":200,\"t\":1791350128071,\"ms\":9.9}","source":"console","time":"2026-10-07T05:15:28Z"}
{"level":"info","msg":"{\"ev\":\"req\",\"route\":\"submit\",\"status\":503,\"t\":1791350128103,\"ms\":8.4}","source":"console","time":"2026-10-07T05:15:28Z"}
{"level":"info","msg":"{\"ev\":\"rejected\",\"status\":503,\"t\":1791350128103}","source":"console","time":"2026-10-07T05:15:28Z"}
{"level":"info","msg":"{\"ev\":\"req\",\"route\":\"problem_detail\",\"status\":503,\"t\":1791350128166,\"ms\":2005.7}","source":"console","time":"2026-10-07T05:15:28Z"}
{"level":"info","msg":"{\"ev\":\"req\",\"route\":\"problem_list\",\"status\":503,\"t\":1791350128365,\"ms\":2004.6}","source":"console","time":"2026-10-07T05:15:28Z"}
{"level":"info","msg":"{\"ev\":\"req\",\"route\":\"history\",\"status\":200,\"t\":1791350128375,\"ms\":13.5}","source":"console","time":"2026-10-07T05:15:28Z"}
{"level":"info","msg":"{\"ev\":\"req\",\"route\":\"problem_detail\",\"status\":503,\"t\":1791350128465,\"ms\":2004.8}","source":"console","time":"2026-10-07T05:15:28Z"}
{"level":"info","msg":"{\"ev\":\"req\",\"route\":\"problem_list\",\"status\":503,\"t\":1791350128665,\"ms\":2004.3}","source":"console","time":"2026-10-07T05:15:28Z"}
{"level":"info","msg":"{\"ev\":\"req\",\"route\":\"history\",\"status\":200,\"t\":1791350128672,\"ms\":11.5}","source":"console","time":"2026-10-07T05:15:28Z"}
{"level":"info","msg":"{\"ev\":\"req\",\"route\":\"problem_detail\",\"status\":503,\"t\":1791350128767,\"ms\":2005.9}","source":"console","time":"2026-10-07T05:15:28Z"}
{"level":"info","msg":"{\"ev\":\"req\",\"route\":\"problem_list\",\"status\":503,\"t\":1791350128964,\"ms\":2003.9}","source":"console","time":"2026-10-07T05:15:28Z"}
{"level":"info","msg":"{\"ev\":\"req\",\"route\":\"history\",\"status\":200,\"t\":1791350128973,\"ms\":12.4}","source":"console","time":"2026-10-07T05:15:28Z"}
{"level":"info","msg":"{\"ev\":\"req\",\"route\":\"problem_detail\",\"status\":503,\"t\":1791350129067,\"ms\":2005.4}","source":"console","time":"2026-10-07T05:15:29Z"}
{"level":"info","msg":"{\"ev\":\"req\",\"route\":\"problem_list\",\"status\":503,\"t\":1791350129264,\"ms\":2004.2}","source":"console","time":"2026-10-07T05:15:29Z"}
{"level":"info","msg":"{\"ev\":\"req\",\"route\":\"history\",\"status\":200,\"t\":1791350129274,\"ms\":12.8}","source":"console","time":"2026-10-07T05:15:29Z"}
{"level":"info","msg":"{\"ev\":\"req\",\"route\":\"problem_detail\",\"status\":503,\"t\":1791350129366,\"ms\":2005.2}","source":"console","time":"2026-10-07T05:15:29Z"}
{"level":"info","msg":"{\"ev\":\"req\",\"route\":\"problem_list\",\"status\":503,\"t\":1791350129568,\"ms\":2007}","source":"console","time":"2026-10-07T05:15:29Z"}
{"level":"info","msg":"{\"ev\":\"req\",\"route\":\"history\",\"status\":200,\"t\":1791350129574,\"ms\":12.3}","source":"console","time":"2026-10-07T05:15:29Z"}
{"level":"info","msg":"{\"ev\":\"req\",\"route\":\"problem_detail\",\"status\":503,\"t\":1791350129668,\"ms\":2006.7}","source":"console","time":"2026-10-07T05:15:29Z"}
{"level":"info","msg":"{\"ev\":\"req\",\"route\":\"submit\",\"status\":503,\"t\":1791350129773,\"ms\":11.3}","source":"console","time":"2026-10-07T05:15:29Z"}
{"level":"info","msg":"{\"ev\":\"rejected\",\"status\":503,\"t\":1791350129773}","source":"console","time":"2026-10-07T05:15:29Z"}
{"level":"info","msg":"{\"ev\":\"req\",\"route\":\"problem_list\",\"status\":503,\"t\":1791350129865,\"ms\":2004.9}","source":"console","time":"2026-10-07T05:15:29Z"}
{"level":"info","msg":"{\"ev\":\"req\",\"route\":\"history\",\"status\":200,\"t\":1791350129875,\"ms\":14.3}","source":"console","time":"2026-10-07T05:15:29Z"}
{"level":"info","msg":"{\"ev\":\"req\",\"route\":\"problem_detail\",\"status\":503,\"t\":1791350129963,\"ms\":2002.8}","source":"console","time":"2026-10-07T05:15:29Z"}
{"level":"info","msg":"{\"ev\":\"req\",\"route\":\"problem_list\",\"status\":503,\"t\":1791350130166,\"ms\":2005.7}","source":"console","time":"2026-10-07T05:15:30Z"}
{"level":"info","msg":"{\"ev\":\"req\",\"route\":\"history\",\"status\":200,\"t\":1791350130174,\"ms\":13}","source":"console","time":"2026-10-07T05:15:30Z"}
{"level":"info","msg":"{\"ev\":\"req\",\"route\":\"problem_detail\",\"status\":503,\"t\":1791350130266,\"ms\":2005}","source":"console","time":"2026-10-07T05:15:30Z"}
{"level":"info","msg":"{\"ev\":\"req\",\"route\":\"problem_list\",\"status\":503,\"t\":1791350130468,\"ms\":2007.2}","source":"console","time":"2026-10-07T05:15:30Z"}
{"level":"info","msg":"{\"ev\":\"req\",\"route\":\"history\",\"status\":200,\"t\":1791350130474,\"ms\":13.2}","source":"console","time":"2026-10-07T05:15:30Z"}
{"level":"info","msg":"{\"ev\":\"req\",\"route\":\"problem_detail\",\"status\":503,\"t\":1791350130566,\"ms\":2005.6}","source":"console","time":"2026-10-07T05:15:30Z"}
{"level":"info","msg":"{\"ev\":\"req\",\"route\":\"problem_list\",\"status\":503,\"t\":1791350130767,\"ms\":2006}","source":"console","time":"2026-10-07T05:15:30Z"}
{"level":"info","msg":"{\"ev\":\"req\",\"route\":\"history\",\"status\":200,\"t\":1791350130776,\"ms\":14.9}","source":"console","time":"2026-10-07T05:15:30Z"}
{"level":"info","msg":"{\"ev\":\"req\",\"route\":\"problem_detail\",\"status\":503,\"t\":1791350130866,\"ms\":2005.3}","source":"console","time":"2026-10-07T05:15:30Z"}
{"level":"info","msg":"{\"ev\":\"req\",\"route\":\"problem_list\",\"status\":503,\"t\":1791350131067,\"ms\":2006.4}","source":"console","time":"2026-10-07T05:15:31Z"}
{"level":"info","msg":"{\"ev\":\"req\",\"route\":\"history\",\"status\":200,\"t\":1791350131073,\"ms\":12.5}","source":"console","time":"2026-10-07T05:15:31Z"}
{"level":"info","msg":"{\"ev\":\"req\",\"route\":\"problem_detail\",\"status\":503,\"t\":1791350131167,\"ms\":2006.1}","source":"console","time":"2026-10-07T05:15:31Z"}
{"level":"info","msg":"{\"ev\":\"req\",\"route\":\"problem_list\",\"status\":503,\"t\":1791350131366,\"ms\":2005.1}","source":"console","time":"2026-10-07T05:15:31Z"}
{"level":"info","msg":"{\"ev\":\"req\",\"route\":\"history\",\"status\":200,\"t\":1791350131367,\"ms\":6.3}","source":"console","time":"2026-10-07T05:15:31Z"}
{"level":"info","msg":"{\"ev\":\"req\",\"route\":\"submit\",\"status\":503,\"t\":1791350131439,\"ms\":10.7}","source":"console","time":"2026-10-07T05:15:31Z"}
{"level":"info","msg":"{\"ev\":\"rejected\",\"status\":503,\"t\":1791350131439}","source":"console","time":"2026-10-07T05:15:31Z"}
{"level":"info","msg":"{\"ev\":\"req\",\"route\":\"problem_detail\",\"status\":503,\"t\":1791350131466,\"ms\":2005.1}","source":"console","time":"2026-10-07T05:15:31Z"}
{"level":"info","msg":"{\"ev\":\"req\",\"route\":\"problem_list\",\"status\":503,\"t\":1791350131668,\"ms\":2006.9}","source":"console","time":"2026-10-07T05:15:31Z"}
{"level":"info","msg":"{\"ev\":\"req\",\"route\":\"history\",\"status\":200,\"t\":1791350131674,\"ms\":13}","source":"console","time":"2026-10-07T05:15:31Z"}
{"level":"info","msg":"{\"ev\":\"req\",\"route\":\"problem_detail\",\"status\":503,\"t\":1791350131768,\"ms\":2006.5}","source":"console","time":"2026-10-07T05:15:31Z"}
{"level":"info","msg":"{\"ev\":\"req\",\"route\":\"problem_list\",\"status\":503,\"t\":1791350131964,\"ms\":2003.4}","source":"console","time":"2026-10-07T05:15:31Z"}
{"level":"info","msg":"{\"ev\":\"req\",\"route\":\"history\",\"status\":200,\"t\":1791350131966,\"ms\":5.8}","source":"console","time":"2026-10-07T05:15:31Z"}
{"level":"info","msg":"{\"ev\":\"req\",\"route\":\"problem_detail\",\"status\":503,\"t\":1791350132065,\"ms\":2004}","source":"console","time":"2026-10-07T05:15:32Z"}
{"level":"info","msg":"{\"ev\":\"req\",\"route\":\"problem_list\",\"status\":503,\"t\":1791350132264,\"ms\":2003.7}","source":"console","time":"2026-10-07T05:15:32Z"}
{"level":"info","msg":"{\"ev\":\"req\",\"route\":\"history\",\"status\":200,\"t\":1791350132272,\"ms\":11.7}","source":"console","time":"2026-10-07T05:15:32Z"}
{"level":"info","msg":"{\"ev\":\"req\",\"route\":\"problem_detail\",\"status\":503,\"t\":1791350132366,\"ms\":2004.6}","source":"console","time":"2026-10-07T05:15:32Z"}
{"level":"info","msg":"{\"ev\":\"req\",\"route\":\"problem_list\",\"status\":503,\"t\":1791350132566,\"ms\":2004.4}","source":"console","time":"2026-10-07T05:15:32Z"}
{"level":"info","msg":"{\"ev\":\"req\",\"route\":\"history\",\"status\":200,\"t\":1791350132572,\"ms\":11.5}","source":"console","time":"2026-10-07T05:15:32Z"}
{"level":"info","msg":"{\"ev\":\"req\",\"route\":\"problem_detail\",\"status\":503,\"t\":1791350132666,\"ms\":2006}","source":"console","time":"2026-10-07T05:15:32Z"}
{"level":"info","msg":"{\"ev\":\"req\",\"route\":\"problem_list\",\"status\":503,\"t\":1791350132868,\"ms\":2006.5}","source":"console","time":"2026-10-07T05:15:32Z"}
{"level":"info","msg":"{\"ev\":\"req\",\"route\":\"history\",\"status\":200,\"t\":1791350132874,\"ms\":12.2}","source":"console","time":"2026-10-07T05:15:32Z"}
{"level":"info","msg":"{\"ev\":\"req\",\"route\":\"problem_detail\",\"status\":503,\"t\":1791350132966,\"ms\":2004.5}","source":"console","time":"2026-10-07T05:15:32Z"}
{"level":"info","msg":"{\"ev\":\"req\",\"route\":\"submit\",\"status\":503,\"t\":1791350133100,\"ms\":5.8}","source":"console","time":"2026-10-07T05:15:33Z"}
{"level":"info","msg":"{\"ev\":\"rejected\",\"status\":503,\"t\":1791350133100}","source":"console","time":"2026-10-07T05:15:33Z"}
{"level":"info","msg":"{\"ev\":\"req\",\"route\":\"problem_list\",\"status\":503,\"t\":1791350133168,\"ms\":2006.7}","source":"console","time":"2026-10-07T05:15:33Z"}
{"level":"info","msg":"{\"ev\":\"req\",\"route\":\"history\",\"status\":200,\"t\":1791350133173,\"ms\":12.4}","source":"console","time":"2026-10-07T05:15:33Z"}
{"level":"info","msg":"{\"ev\":\"req\",\"route\":\"problem_detail\",\"status\":503,\"t\":1791350133267,\"ms\":2005.9}","source":"console","time":"2026-10-07T05:15:33Z"}
{"level":"info","msg":"{\"ev\":\"req\",\"route\":\"problem_list\",\"status\":503,\"t\":1791350133466,\"ms\":2004.7}","source":"console","time":"2026-10-07T05:15:33Z"}
{"level":"info","msg":"{\"ev\":\"req\",\"route\":\"history\",\"status\":200,\"t\":1791350133474,\"ms\":13.9}","source":"console","time":"2026-10-07T05:15:33Z"}
{"level":"info","msg":"{\"ev\":\"req\",\"route\":\"problem_detail\",\"status\":503,\"t\":1791350133569,\"ms\":2007.8}","source":"console","time":"2026-10-07T05:15:33Z"}
{"level":"info","msg":"{\"ev\":\"req\",\"route\":\"problem_list\",\"status\":503,\"t\":1791350133767,\"ms\":2006}","source":"console","time":"2026-10-07T05:15:33Z"}
{"level":"info","msg":"{\"ev\":\"req\",\"route\":\"history\",\"status\":200,\"t\":1791350133777,\"ms\":15.9}","source":"console","time":"2026-10-07T05:15:33Z"}
{"level":"info","msg":"{\"ev\":\"req\",\"route\":\"problem_detail\",\"status\":503,\"t\":1791350133865,\"ms\":2004.8}","source":"console","time":"2026-10-07T05:15:33Z"}
{"level":"info","msg":"{\"ev\":\"req\",\"route\":\"problem_list\",\"status\":503,\"t\":1791350134067,\"ms\":2005.9}","source":"console","time":"2026-10-07T05:15:34Z"}
{"level":"info","msg":"{\"ev\":\"req\",\"route\":\"history\",\"status\":200,\"t\":1791350134075,\"ms\":14.3}","source":"console","time":"2026-10-07T05:15:34Z"}
{"level":"info","msg":"{\"ev\":\"req\",\"route\":\"problem_detail\",\"status\":503,\"t\":1791350134164,\"ms\":2003.2}","source":"console","time":"2026-10-07T05:15:34Z"}
{"level":"info","msg":"{\"ev\":\"req\",\"route\":\"problem_list\",\"status\":503,\"t\":1791350134366,\"ms\":2004.2}","source":"console","time":"2026-10-07T05:15:34Z"}
{"level":"info","msg":"{\"ev\":\"req\",\"route\":\"history\",\"status\":200,\"t\":1791350134373,\"ms\":12.4}","source":"console","time":"2026-10-07T05:15:34Z"}
{"level":"info","msg":"{\"ev\":\"req\",\"route\":\"problem_detail\",\"status\":503,\"t\":1791350134467,\"ms\":2005.9}","source":"console","time":"2026-10-07T05:15:34Z"}
{"level":"info","msg":"{\"ev\":\"req\",\"route\":\"problem_list\",\"status\":503,\"t\":1791350134668,\"ms\":2007}","source":"console","time":"2026-10-07T05:15:34Z"}
{"level":"info","msg":"{\"ev\":\"req\",\"route\":\"history\",\"status\":200,\"t\":1791350134674,\"ms\":13.2}","source":"console","time":"2026-10-07T05:15:34Z"}
{"level":"info","msg":"{\"ev\":\"req\",\"route\":\"problem_detail\",\"status\":503,\"t\":1791350134767,\"ms\":2005.4}","source":"console","time":"2026-10-07T05:15:34Z"}
{"level":"info","msg":"{\"ev\":\"req\",\"route\":\"submit\",\"status\":503,\"t\":1791350134770,\"ms\":9.3}","source":"console","time":"2026-10-07T05:15:34Z"}
{"level":"info","msg":"{\"ev\":\"rejected\",\"status\":503,\"t\":1791350134770}","source":"console","time":"2026-10-07T05:15:34Z"}
{"level":"info","msg":"{\"ev\":\"req\",\"route\":\"problem_list\",\"status\":503,\"t\":1791350134964,\"ms\":2003.6}","source":"console","time":"2026-10-07T05:15:34Z"}
{"level":"info","msg":"{\"ev\":\"req\",\"route\":\"history\",\"status\":200,\"t\":1791350134969,\"ms\":8.3}","source":"console","time":"2026-10-07T05:15:34Z"}
{"level":"info","msg":"{\"ev\":\"req\",\"route\":\"problem_detail\",\"status\":503,\"t\":1791350135067,\"ms\":2005}","source":"console","time":"2026-10-07T05:15:35Z"}
{"level":"info","msg":"{\"ev\":\"req\",\"route\":\"problem_list\",\"status\":503,\"t\":1791350135267,\"ms\":2005.8}","source":"console","time":"2026-10-07T05:15:35Z"}
{"level":"info","msg":"{\"ev\":\"req\",\"route\":\"history\",\"status\":200,\"t\":1791350135273,\"ms\":12.7}","source":"console","time":"2026-10-07T05:15:35Z"}
{"level":"info","msg":"{\"ev\":\"req\",\"route\":\"problem_detail\",\"status\":503,\"t\":1791350135365,\"ms\":2004.2}","source":"console","time":"2026-10-07T05:15:35Z"}
{"level":"info","msg":"{\"ev\":\"req\",\"route\":\"problem_list\",\"status\":503,\"t\":1791350135567,\"ms\":2005.6}","source":"console","time":"2026-10-07T05:15:35Z"}
{"level":"info","msg":"{\"ev\":\"req\",\"route\":\"history\",\"status\":200,\"t\":1791350135573,\"ms\":11.9}","source":"console","time":"2026-10-07T05:15:35Z"}
{"level":"info","msg":"{\"ev\":\"req\",\"route\":\"problem_detail\",\"status\":503,\"t\":1791350135667,\"ms\":2006.1}","source":"console","time":"2026-10-07T05:15:35Z"}
{"level":"info","msg":"{\"ev\":\"req\",\"route\":\"problem_list\",\"status\":503,\"t\":1791350135868,\"ms\":2006.9}","source":"console","time":"2026-10-07T05:15:35Z"}
{"level":"info","msg":"{\"ev\":\"req\",\"route\":\"history\",\"status\":200,\"t\":1791350135874,\"ms\":13.4}","source":"console","time":"2026-10-07T05:15:35Z"}
{"level":"info","msg":"{\"ev\":\"req\",\"route\":\"problem_detail\",\"status\":503,\"t\":1791350135967,\"ms\":2005.7}","source":"console","time":"2026-10-07T05:15:35Z"}
{"level":"info","msg":"{\"ev\":\"req\",\"route\":\"problem_list\",\"status\":503,\"t\":1791350136165,\"ms\":2004.2}","source":"console","time":"2026-10-07T05:15:36Z"}
{"level":"info","msg":"{\"ev\":\"req\",\"route\":\"history\",\"status\":200,\"t\":1791350136172,\"ms\":11.7}","source":"console","time":"2026-10-07T05:15:36Z"}
{"level":"info","msg":"{\"ev\":\"req\",\"route\":\"problem_detail\",\"status\":503,\"t\":1791350136267,\"ms\":2006.2}","source":"console","time":"2026-10-07T05:15:36Z"}
{"level":"info","msg":"{\"ev\":\"req\",\"route\":\"submit\",\"status\":503,\"t\":1791350136433,\"ms\":5}","source":"console","time":"2026-10-07T05:15:36Z"}
{"level":"info","msg":"{\"ev\":\"rejected\",\"status\":503,\"t\":1791350136433}","source":"console","time":"2026-10-07T05:15:36Z"}
{"level":"info","msg":"{\"ev\":\"req\",\"route\":\"problem_list\",\"status\":503,\"t\":1791350136466,\"ms\":2005.3}","source":"console","time":"2026-10-07T05:15:36Z"}
{"level":"info","msg":"{\"ev\":\"req\",\"route\":\"history\",\"status\":200,\"t\":1791350136467,\"ms\":6.3}","source":"console","time":"2026-10-07T05:15:36Z"}
{"level":"info","msg":"{\"ev\":\"req\",\"route\":\"problem_detail\",\"status\":503,\"t\":1791350136567,\"ms\":2006.2}","source":"console","time":"2026-10-07T05:15:36Z"}
{"level":"info","msg":"{\"ev\":\"req\",\"route\":\"problem_list\",\"status\":503,\"t\":1791350136767,\"ms\":2005.9}","source":"console","time":"2026-10-07T05:15:36Z"}
{"level":"info","msg":"{\"ev\":\"req\",\"route\":\"history\",\"status\":200,\"t\":1791350136774,\"ms\":13.4}","source":"console","time":"2026-10-07T05:15:36Z"}
{"level":"info","msg":"{\"ev\":\"req\",\"route\":\"problem_detail\",\"status\":503,\"t\":1791350136868,\"ms\":2006.7}","source":"console","time":"2026-10-07T05:15:36Z"}
{"level":"info","msg":"{\"ev\":\"req\",\"route\":\"problem_list\",\"status\":503,\"t\":1791350137066,\"ms\":2004.7}","source":"console","time":"2026-10-07T05:15:37Z"}
{"level":"info","msg":"{\"ev\":\"req\",\"route\":\"history\",\"status\":200,\"t\":1791350137068,\"ms\":7.5}","source":"console","time":"2026-10-07T05:15:37Z"}
{"level":"info","msg":"{\"ev\":\"req\",\"route\":\"problem_detail\",\"status\":503,\"t\":1791350137164,\"ms\":2004}","source":"console","time":"2026-10-07T05:15:37Z"}
{"level":"info","msg":"{\"ev\":\"req\",\"route\":\"problem_list\",\"status\":503,\"t\":1791350137366,\"ms\":2005.1}","source":"console","time":"2026-10-07T05:15:37Z"}
{"level":"info","msg":"{\"ev\":\"req\",\"route\":\"history\",\"status\":200,\"t\":1791350137368,\"ms\":7.1}","source":"console","time":"2026-10-07T05:15:37Z"}
{"level":"info","msg":"{\"ev\":\"req\",\"route\":\"problem_detail\",\"status\":503,\"t\":1791350137466,\"ms\":2005.6}","source":"console","time":"2026-10-07T05:15:37Z"}
{"level":"info","msg":"{\"ev\":\"req\",\"route\":\"problem_list\",\"status\":503,\"t\":1791350137666,\"ms\":2005.6}","source":"console","time":"2026-10-07T05:15:37Z"}
{"level":"info","msg":"{\"ev\":\"req\",\"route\":\"history\",\"status\":200,\"t\":1791350137667,\"ms\":6.4}","source":"console","time":"2026-10-07T05:15:37Z"}
{"level":"info","msg":"{\"ev\":\"req\",\"route\":\"problem_detail\",\"status\":503,\"t\":1791350137766,\"ms\":2005.2}","source":"console","time":"2026-10-07T05:15:37Z"}
{"level":"info","msg":"{\"ev\":\"req\",\"route\":\"problem_list\",\"status\":503,\"t\":1791350137966,\"ms\":2005.7}","source":"console","time":"2026-10-07T05:15:37Z"}
{"level":"info","msg":"{\"ev\":\"req\",\"route\":\"history\",\"status\":200,\"t\":1791350137975,\"ms\":13.5}","source":"console","time":"2026-10-07T05:15:37Z"}
{"level":"info","msg":"{\"ev\":\"req\",\"route\":\"problem_detail\",\"status\":503,\"t\":1791350138065,\"ms\":2003.7}","source":"console","time":"2026-10-07T05:15:38Z"}
{"level":"info","msg":"{\"ev\":\"req\",\"route\":\"problem_list\",\"status\":503,\"t\":1791350138267,\"ms\":2006}","source":"console","time":"2026-10-07T05:15:38Z"}
{"level":"info","msg":"{\"ev\":\"req\",\"route\":\"history\",\"status\":200,\"t\":1791350138274,\"ms\":13}","source":"console","time":"2026-10-07T05:15:38Z"}
{"level":"info","msg":"{\"ev\":\"req\",\"route\":\"problem_detail\",\"status\":503,\"t\":1791350138364,\"ms\":2004}","source":"console","time":"2026-10-07T05:15:38Z"}
{"level":"info","msg":"{\"ev\":\"req\",\"route\":\"submit\",\"status\":503,\"t\":1791350138511,\"ms\":416.5}","source":"console","time":"2026-10-07T05:15:38Z"}
{"level":"info","msg":"{\"ev\":\"rejected\",\"status\":503,\"t\":1791350138512}","source":"console","time":"2026-10-07T05:15:38Z"}
{"level":"info","msg":"{\"ev\":\"req\",\"route\":\"problem_list\",\"status\":503,\"t\":1791350138567,\"ms\":2006.5}","source":"console","time":"2026-10-07T05:15:38Z"}
{"level":"info","msg":"{\"ev\":\"req\",\"route\":\"history\",\"status\":200,\"t\":1791350138573,\"ms\":11.3}","source":"console","time":"2026-10-07T05:15:38Z"}
{"level":"info","msg":"{\"ev\":\"req\",\"route\":\"problem_detail\",\"status\":503,\"t\":1791350138666,\"ms\":2005.7}","source":"console","time":"2026-10-07T05:15:38Z"}
{"level":"info","msg":"{\"ev\":\"req\",\"route\":\"problem_list\",\"status\":503,\"t\":1791350138866,\"ms\":2005.2}","source":"console","time":"2026-10-07T05:15:38Z"}
{"level":"info","msg":"{\"ev\":\"req\",\"route\":\"history\",\"status\":200,\"t\":1791350138868,\"ms\":7.3}","source":"console","time":"2026-10-07T05:15:38Z"}
{"level":"info","msg":"{\"ev\":\"req\",\"route\":\"problem_detail\",\"status\":503,\"t\":1791350138965,\"ms\":2003.5}","source":"console","time":"2026-10-07T05:15:38Z"}
{"level":"info","msg":"{\"ev\":\"req\",\"route\":\"problem_list\",\"status\":503,\"t\":1791350139165,\"ms\":2004}","source":"console","time":"2026-10-07T05:15:39Z"}
{"level":"info","msg":"{\"ev\":\"req\",\"route\":\"history\",\"status\":200,\"t\":1791350139170,\"ms\":9.2}","source":"console","time":"2026-10-07T05:15:39Z"}
{"level":"info","msg":"{\"ev\":\"req\",\"route\":\"problem_detail\",\"status\":503,\"t\":1791350139265,\"ms\":2004.2}","source":"console","time":"2026-10-07T05:15:39Z"}
{"level":"info","msg":"{\"ev\":\"req\",\"route\":\"problem_list\",\"status\":503,\"t\":1791350139464,\"ms\":2003.1}","source":"console","time":"2026-10-07T05:15:39Z"}
{"level":"info","msg":"{\"ev\":\"req\",\"route\":\"history\",\"status\":200,\"t\":1791350139468,\"ms\":6.9}","source":"console","time":"2026-10-07T05:15:39Z"}
{"level":"info","msg":"{\"ev\":\"req\",\"route\":\"problem_detail\",\"status\":503,\"t\":1791350139566,\"ms\":2004.4}","source":"console","time":"2026-10-07T05:15:39Z"}
{"level":"info","msg":"{\"ev\":\"req\",\"route\":\"problem_list\",\"status\":503,\"t\":1791350139767,\"ms\":2005.9}","source":"console","time":"2026-10-07T05:15:39Z"}
{"level":"info","msg":"{\"ev\":\"req\",\"route\":\"submit\",\"status\":503,\"t\":1791350139774,\"ms\":12.2}","source":"console","time":"2026-10-07T05:15:39Z"}
{"level":"info","msg":"{\"ev\":\"rejected\",\"status\":503,\"t\":1791350139774}","source":"console","time":"2026-10-07T05:15:39Z"}
{"level":"info","msg":"{\"ev\":\"req\",\"route\":\"history\",\"status\":200,\"t\":1791350139774,\"ms\":13}","source":"console","time":"2026-10-07T05:15:39Z"}
{"level":"info","msg":"{\"ev\":\"req\",\"route\":\"problem_detail\",\"status\":503,\"t\":1791350139866,\"ms\":2005.4}","source":"console","time":"2026-10-07T05:15:39Z"}
{"level":"info","msg":"{\"ev\":\"req\",\"route\":\"problem_list\",\"status\":503,\"t\":1791350140064,\"ms\":2003.3}","source":"console","time":"2026-10-07T05:15:40Z"}
{"level":"info","msg":"{\"ev\":\"req\",\"route\":\"history\",\"status\":200,\"t\":1791350140067,\"ms\":6.1}","source":"console","time":"2026-10-07T05:15:40Z"}
{"level":"info","msg":"{\"ev\":\"req\",\"route\":\"problem_detail\",\"status\":503,\"t\":1791350140165,\"ms\":2004.5}","source":"console","time":"2026-10-07T05:15:40Z"}
{"level":"info","msg":"{\"ev\":\"req\",\"route\":\"problem_list\",\"status\":503,\"t\":1791350140366,\"ms\":2004.9}","source":"console","time":"2026-10-07T05:15:40Z"}
{"level":"info","msg":"{\"ev\":\"req\",\"route\":\"history\",\"status\":200,\"t\":1791350140366,\"ms\":5.4}","source":"console","time":"2026-10-07T05:15:40Z"}
{"level":"info","msg":"{\"ev\":\"req\",\"route\":\"problem_detail\",\"status\":503,\"t\":1791350140467,\"ms\":2006.3}","source":"console","time":"2026-10-07T05:15:40Z"}
{"level":"info","msg":"{\"ev\":\"req\",\"route\":\"problem_list\",\"status\":503,\"t\":1791350140667,\"ms\":2005.6}","source":"console","time":"2026-10-07T05:15:40Z"}
{"level":"info","msg":"{\"ev\":\"req\",\"route\":\"history\",\"status\":200,\"t\":1791350140672,\"ms\":11.8}","source":"console","time":"2026-10-07T05:15:40Z"}
{"level":"info","msg":"{\"ev\":\"req\",\"route\":\"problem_detail\",\"status\":503,\"t\":1791350140766,\"ms\":2005.2}","source":"console","time":"2026-10-07T05:15:40Z"}
{"level":"info","msg":"{\"ev\":\"req\",\"route\":\"problem_list\",\"status\":503,\"t\":1791350140965,\"ms\":2003.9}","source":"console","time":"2026-10-07T05:15:40Z"}
{"level":"info","msg":"{\"ev\":\"req\",\"route\":\"history\",\"status\":200,\"t\":1791350140967,\"ms\":5.5}","source":"console","time":"2026-10-07T05:15:40Z"}
{"level":"info","msg":"{\"ev\":\"req\",\"route\":\"problem_detail\",\"status\":503,\"t\":1791350141066,\"ms\":2005.5}","source":"console","time":"2026-10-07T05:15:41Z"}
{"level":"info","msg":"{\"ev\":\"req\",\"route\":\"problem_list\",\"status\":503,\"t\":1791350141268,\"ms\":2006.5}","source":"console","time":"2026-10-07T05:15:41Z"}
{"level":"info","msg":"{\"ev\":\"req\",\"route\":\"history\",\"status\":200,\"t\":1791350141274,\"ms\":12.4}","source":"console","time":"2026-10-07T05:15:41Z"}
{"level":"info","msg":"{\"ev\":\"req\",\"route\":\"problem_detail\",\"status\":503,\"t\":1791350141368,\"ms\":2006.7}","source":"console","time":"2026-10-07T05:15:41Z"}
{"level":"info","msg":"{\"ev\":\"req\",\"route\":\"submit\",\"status\":503,\"t\":1791350141432,\"ms\":4.5}","source":"console","time":"2026-10-07T05:15:41Z"}
{"level":"info","msg":"{\"ev\":\"rejected\",\"status\":503,\"t\":1791350141432}","source":"console","time":"2026-10-07T05:15:41Z"}
{"level":"info","msg":"{\"ev\":\"req\",\"route\":\"problem_list\",\"status\":503,\"t\":1791350141567,\"ms\":2005.8}","source":"console","time":"2026-10-07T05:15:41Z"}
{"level":"info","msg":"{\"ev\":\"req\",\"route\":\"history\",\"status\":200,\"t\":1791350141573,\"ms\":12.9}","source":"console","time":"2026-10-07T05:15:41Z"}
{"level":"info","msg":"{\"ev\":\"req\",\"route\":\"problem_detail\",\"status\":503,\"t\":1791350141667,\"ms\":2006}","source":"console","time":"2026-10-07T05:15:41Z"}
{"level":"info","msg":"{\"ev\":\"req\",\"route\":\"problem_list\",\"status\":503,\"t\":1791350141866,\"ms\":2004.6}","source":"console","time":"2026-10-07T05:15:41Z"}
{"level":"info","msg":"{\"ev\":\"req\",\"route\":\"history\",\"status\":200,\"t\":1791350141872,\"ms\":10.2}","source":"console","time":"2026-10-07T05:15:41Z"}
{"level":"info","msg":"{\"ev\":\"req\",\"route\":\"problem_detail\",\"status\":503,\"t\":1791350141965,\"ms\":2004.1}","source":"console","time":"2026-10-07T05:15:41Z"}
{"level":"info","msg":"{\"ev\":\"req\",\"route\":\"problem_list\",\"status\":503,\"t\":1791350142164,\"ms\":2003.1}","source":"console","time":"2026-10-07T05:15:42Z"}
{"level":"info","msg":"{\"ev\":\"req\",\"route\":\"history\",\"status\":200,\"t\":1791350142168,\"ms\":7.7}","source":"console","time":"2026-10-07T05:15:42Z"}
{"level":"info","msg":"{\"ev\":\"req\",\"route\":\"problem_detail\",\"status\":503,\"t\":1791350142267,\"ms\":2006.2}","source":"console","time":"2026-10-07T05:15:42Z"}
{"level":"info","msg":"{\"ev\":\"req\",\"route\":\"problem_list\",\"status\":503,\"t\":1791350142466,\"ms\":2005.3}","source":"console","time":"2026-10-07T05:15:42Z"}
{"level":"info","msg":"{\"ev\":\"req\",\"route\":\"history\",\"status\":200,\"t\":1791350142467,\"ms\":6.3}","source":"console","time":"2026-10-07T05:15:42Z"}
{"level":"info","msg":"{\"ev\":\"req\",\"route\":\"problem_detail\",\"status\":503,\"t\":1791350142566,\"ms\":2005.3}","source":"console","time":"2026-10-07T05:15:42Z"}
{"level":"info","msg":"{\"ev\":\"req\",\"route\":\"problem_list\",\"status\":503,\"t\":1791350142767,\"ms\":2006}","source":"console","time":"2026-10-07T05:15:42Z"}
{"level":"info","msg":"{\"ev\":\"req\",\"route\":\"history\",\"status\":200,\"t\":1791350142769,\"ms\":8.8}","source":"console","time":"2026-10-07T05:15:42Z"}
{"level":"info","msg":"{\"ev\":\"req\",\"route\":\"problem_detail\",\"status\":503,\"t\":1791350142866,\"ms\":2005.2}","source":"console","time":"2026-10-07T05:15:42Z"}
{"level":"info","msg":"{\"ev\":\"req\",\"route\":\"problem_list\",\"status\":503,\"t\":1791350143066,\"ms\":2005.2}","source":"console","time":"2026-10-07T05:15:43Z"}
{"level":"info","msg":"{\"ev\":\"req\",\"route\":\"history\",\"status\":200,\"t\":1791350143073,\"ms\":12.2}","source":"console","time":"2026-10-07T05:15:43Z"}
{"level":"info","msg":"{\"ev\":\"req\",\"route\":\"submit\",\"status\":503,\"t\":1791350143104,\"ms\":9.4}","source":"console","time":"2026-10-07T05:15:43Z"}
{"level":"info","msg":"{\"ev\":\"rejected\",\"status\":503,\"t\":1791350143104}","source":"console","time":"2026-10-07T05:15:43Z"}
{"level":"info","msg":"{\"ev\":\"req\",\"route\":\"problem_detail\",\"status\":503,\"t\":1791350143167,\"ms\":2006.2}","source":"console","time":"2026-10-07T05:15:43Z"}
{"level":"info","msg":"{\"ev\":\"req\",\"route\":\"problem_list\",\"status\":503,\"t\":1791350143367,\"ms\":2006.1}","source":"console","time":"2026-10-07T05:15:43Z"}
{"level":"info","msg":"{\"ev\":\"req\",\"route\":\"history\",\"status\":200,\"t\":1791350143372,\"ms\":12.1}","source":"console","time":"2026-10-07T05:15:43Z"}
{"level":"info","msg":"{\"ev\":\"req\",\"route\":\"problem_detail\",\"status\":503,\"t\":1791350143467,\"ms\":2006.3}","source":"console","time":"2026-10-07T05:15:43Z"}
{"level":"info","msg":"{\"ev\":\"req\",\"route\":\"problem_list\",\"status\":503,\"t\":1791350143666,\"ms\":2005.7}","source":"console","time":"2026-10-07T05:15:43Z"}
{"level":"info","msg":"{\"ev\":\"req\",\"route\":\"history\",\"status\":200,\"t\":1791350143674,\"ms\":12.2}","source":"console","time":"2026-10-07T05:15:43Z"}
{"level":"info","msg":"{\"ev\":\"req\",\"route\":\"problem_detail\",\"status\":503,\"t\":1791350143766,\"ms\":2005.2}","source":"console","time":"2026-10-07T05:15:43Z"}
{"level":"info","msg":"{\"ev\":\"req\",\"route\":\"problem_list\",\"status\":503,\"t\":1791350143969,\"ms\":2005.6}","source":"console","time":"2026-10-07T05:15:43Z"}
{"level":"info","msg":"{\"ev\":\"req\",\"route\":\"history\",\"status\":200,\"t\":1791350143969,\"ms\":8.4}","source":"console","time":"2026-10-07T05:15:43Z"}
{"level":"info","msg":"{\"ev\":\"req\",\"route\":\"problem_detail\",\"status\":503,\"t\":1791350144065,\"ms\":2004.6}","source":"console","time":"2026-10-07T05:15:44Z"}
{"level":"info","msg":"{\"ev\":\"req\",\"route\":\"problem_list\",\"status\":503,\"t\":1791350144267,\"ms\":2006}","source":"console","time":"2026-10-07T05:15:44Z"}
{"level":"info","msg":"{\"ev\":\"req\",\"route\":\"history\",\"status\":200,\"t\":1791350144273,\"ms\":11.7}","source":"console","time":"2026-10-07T05:15:44Z"}
{"level":"info","msg":"{\"ev\":\"req\",\"route\":\"problem_detail\",\"status\":503,\"t\":1791350144368,\"ms\":2006.4}","source":"console","time":"2026-10-07T05:15:44Z"}
{"level":"info","msg":"{\"ev\":\"req\",\"route\":\"problem_list\",\"status\":503,\"t\":1791350144567,\"ms\":2005.7}","source":"console","time":"2026-10-07T05:15:44Z"}
{"level":"info","msg":"{\"ev\":\"req\",\"route\":\"history\",\"status\":200,\"t\":1791350144573,\"ms\":12.1}","source":"console","time":"2026-10-07T05:15:44Z"}
{"level":"info","msg":"{\"ev\":\"req\",\"route\":\"problem_detail\",\"status\":503,\"t\":1791350144665,\"ms\":2004}","source":"console","time":"2026-10-07T05:15:44Z"}
{"level":"info","msg":"{\"ev\":\"req\",\"route\":\"submit\",\"status\":503,\"t\":1791350144772,\"ms\":11.6}","source":"console","time":"2026-10-07T05:15:44Z"}
{"level":"info","msg":"{\"ev\":\"rejected\",\"status\":503,\"t\":1791350144773}","source":"console","time":"2026-10-07T05:15:44Z"}
{"level":"info","msg":"{\"ev\":\"req\",\"route\":\"problem_list\",\"status\":503,\"t\":1791350144866,\"ms\":2005}","source":"console","time":"2026-10-07T05:15:44Z"}
{"level":"info","msg":"{\"ev\":\"req\",\"route\":\"history\",\"status\":200,\"t\":1791350144876,\"ms\":15.1}","source":"console","time":"2026-10-07T05:15:44Z"}
{"level":"info","msg":"{\"ev\":\"req\",\"route\":\"problem_detail\",\"status\":503,\"t\":1791350144965,\"ms\":2004.2}","source":"console","time":"2026-10-07T05:15:44Z"}
{"level":"info","msg":"{\"ev\":\"req\",\"route\":\"problem_list\",\"status\":503,\"t\":1791350145166,\"ms\":2005.7}","source":"console","time":"2026-10-07T05:15:45Z"}
{"level":"info","msg":"{\"ev\":\"req\",\"route\":\"history\",\"status\":200,\"t\":1791350145166,\"ms\":5.9}","source":"console","time":"2026-10-07T05:15:45Z"}
{"level":"info","msg":"{\"ev\":\"req\",\"route\":\"problem_detail\",\"status\":503,\"t\":1791350145267,\"ms\":2006.2}","source":"console","time":"2026-10-07T05:15:45Z"}
{"level":"info","msg":"{\"ev\":\"req\",\"route\":\"problem_list\",\"status\":503,\"t\":1791350145467,\"ms\":2006.5}","source":"console","time":"2026-10-07T05:15:45Z"}
{"level":"info","msg":"{\"ev\":\"req\",\"route\":\"history\",\"status\":200,\"t\":1791350145473,\"ms\":12.2}","source":"console","time":"2026-10-07T05:15:45Z"}
{"level":"info","msg":"{\"ev\":\"req\",\"route\":\"problem_detail\",\"status\":503,\"t\":1791350145566,\"ms\":2005.2}","source":"console","time":"2026-10-07T05:15:45Z"}
{"level":"info","msg":"{\"ev\":\"req\",\"route\":\"problem_list\",\"status\":503,\"t\":1791350145766,\"ms\":2004.9}","source":"console","time":"2026-10-07T05:15:45Z"}
{"level":"info","msg":"{\"ev\":\"req\",\"route\":\"history\",\"status\":200,\"t\":1791350145773,\"ms\":12.5}","source":"console","time":"2026-10-07T05:15:45Z"}
{"level":"info","msg":"{\"ev\":\"req\",\"route\":\"problem_detail\",\"status\":503,\"t\":1791350145866,\"ms\":2005.4}","source":"console","time":"2026-10-07T05:15:45Z"}
{"level":"info","msg":"{\"ev\":\"req\",\"route\":\"problem_list\",\"status\":503,\"t\":1791350146066,\"ms\":2005.3}","source":"console","time":"2026-10-07T05:15:46Z"}
{"level":"info","msg":"{\"ev\":\"req\",\"route\":\"history\",\"status\":200,\"t\":1791350146067,\"ms\":6.2}","source":"console","time":"2026-10-07T05:15:46Z"}
{"level":"info","msg":"{\"ev\":\"req\",\"route\":\"problem_detail\",\"status\":503,\"t\":1791350146167,\"ms\":2005.7}","source":"console","time":"2026-10-07T05:15:46Z"}
{"level":"info","msg":"{\"ev\":\"req\",\"route\":\"problem_list\",\"status\":503,\"t\":1791350146368,\"ms\":2006.6}","source":"console","time":"2026-10-07T05:15:46Z"}
{"level":"info","msg":"{\"ev\":\"req\",\"route\":\"history\",\"status\":200,\"t\":1791350146372,\"ms\":11.4}","source":"console","time":"2026-10-07T05:15:46Z"}
{"level":"info","msg":"{\"ev\":\"req\",\"route\":\"submit\",\"status\":503,\"t\":1791350146438,\"ms\":11.4}","source":"console","time":"2026-10-07T05:15:46Z"}
{"level":"info","msg":"{\"ev\":\"rejected\",\"status\":503,\"t\":1791350146439}","source":"console","time":"2026-10-07T05:15:46Z"}
{"level":"info","msg":"{\"ev\":\"req\",\"route\":\"problem_detail\",\"status\":503,\"t\":1791350146467,\"ms\":2006.1}","source":"console","time":"2026-10-07T05:15:46Z"}
{"level":"info","msg":"{\"ev\":\"req\",\"route\":\"problem_list\",\"status\":503,\"t\":1791350146663,\"ms\":2003.1}","source":"console","time":"2026-10-07T05:15:46Z"}
{"level":"info","msg":"{\"ev\":\"req\",\"route\":\"history\",\"status\":200,\"t\":1791350146666,\"ms\":5.7}","source":"console","time":"2026-10-07T05:15:46Z"}
{"level":"info","msg":"{\"ev\":\"req\",\"route\":\"problem_detail\",\"status\":503,\"t\":1791350146768,\"ms\":2006.9}","source":"console","time":"2026-10-07T05:15:46Z"}
{"level":"info","msg":"{\"ev\":\"req\",\"route\":\"problem_list\",\"status\":503,\"t\":1791350146967,\"ms\":2005.2}","source":"console","time":"2026-10-07T05:15:46Z"}
{"level":"info","msg":"{\"ev\":\"req\",\"route\":\"history\",\"status\":200,\"t\":1791350146970,\"ms\":9.5}","source":"console","time":"2026-10-07T05:15:46Z"}
{"level":"info","msg":"{\"ev\":\"req\",\"route\":\"problem_detail\",\"status\":503,\"t\":1791350147066,\"ms\":2004.9}","source":"console","time":"2026-10-07T05:15:47Z"}
{"level":"info","msg":"{\"ev\":\"req\",\"route\":\"problem_list\",\"status\":503,\"t\":1791350147267,\"ms\":2006.2}","source":"console","time":"2026-10-07T05:15:47Z"}
{"level":"info","msg":"{\"ev\":\"req\",\"route\":\"history\",\"status\":200,\"t\":1791350147272,\"ms\":10.7}","source":"console","time":"2026-10-07T05:15:47Z"}
{"level":"info","msg":"{\"ev\":\"req\",\"route\":\"problem_detail\",\"status\":503,\"t\":1791350147366,\"ms\":2005.3}","source":"console","time":"2026-10-07T05:15:47Z"}
{"level":"info","msg":"{\"ev\":\"req\",\"route\":\"problem_list\",\"status\":503,\"t\":1791350147565,\"ms\":2004}","source":"console","time":"2026-10-07T05:15:47Z"}
{"level":"info","msg":"{\"ev\":\"req\",\"route\":\"history\",\"status\":200,\"t\":1791350147573,\"ms\":12.3}","source":"console","time":"2026-10-07T05:15:47Z"}
{"level":"info","msg":"{\"ev\":\"req\",\"route\":\"problem_detail\",\"status\":503,\"t\":1791350147665,\"ms\":2003.8}","source":"console","time":"2026-10-07T05:15:47Z"}
{"level":"info","msg":"{\"ev\":\"req\",\"route\":\"problem_list\",\"status\":503,\"t\":1791350147869,\"ms\":2007.1}","source":"console","time":"2026-10-07T05:15:47Z"}
{"level":"info","msg":"{\"ev\":\"req\",\"route\":\"history\",\"status\":200,\"t\":1791350147874,\"ms\":13}","source":"console","time":"2026-10-07T05:15:47Z"}
{"level":"info","msg":"{\"ev\":\"req\",\"route\":\"problem_detail\",\"status\":503,\"t\":1791350147965,\"ms\":2004.3}","source":"console","time":"2026-10-07T05:15:47Z"}
{"level":"info","msg":"{\"ev\":\"req\",\"route\":\"submit\",\"status\":503,\"t\":1791350148100,\"ms\":5.7}","source":"console","time":"2026-10-07T05:15:48Z"}
{"level":"info","msg":"{\"ev\":\"rejected\",\"status\":503,\"t\":1791350148100}","source":"console","time":"2026-10-07T05:15:48Z"}
{"level":"info","msg":"{\"ev\":\"req\",\"route\":\"problem_list\",\"status\":503,\"t\":1791350148165,\"ms\":2003.4}","source":"console","time":"2026-10-07T05:15:48Z"}
{"level":"info","msg":"{\"ev\":\"req\",\"route\":\"history\",\"status\":200,\"t\":1791350148168,\"ms\":7.3}","source":"console","time":"2026-10-07T05:15:48Z"}
{"level":"info","msg":"{\"ev\":\"req\",\"route\":\"problem_detail\",\"status\":503,\"t\":1791350148265,\"ms\":2004.2}","source":"console","time":"2026-10-07T05:15:48Z"}
{"level":"info","msg":"{\"ev\":\"req\",\"route\":\"problem_list\",\"status\":503,\"t\":1791350148467,\"ms\":2005.6}","source":"console","time":"2026-10-07T05:15:48Z"}
{"level":"info","msg":"{\"ev\":\"req\",\"route\":\"history\",\"status\":200,\"t\":1791350148467,\"ms\":7}","source":"console","time":"2026-10-07T05:15:48Z"}
{"level":"info","msg":"{\"ev\":\"req\",\"route\":\"problem_detail\",\"status\":503,\"t\":1791350148565,\"ms\":2004.4}","source":"console","time":"2026-10-07T05:15:48Z"}
{"level":"info","msg":"{\"ev\":\"req\",\"route\":\"problem_list\",\"status\":503,\"t\":1791350148767,\"ms\":2006.1}","source":"console","time":"2026-10-07T05:15:48Z"}
{"level":"info","msg":"{\"ev\":\"req\",\"route\":\"history\",\"status\":200,\"t\":1791350148769,\"ms\":7.7}","source":"console","time":"2026-10-07T05:15:48Z"}
{"level":"info","msg":"{\"ev\":\"req\",\"route\":\"problem_detail\",\"status\":503,\"t\":1791350148866,\"ms\":2005.7}","source":"console","time":"2026-10-07T05:15:48Z"}
{"level":"info","msg":"{\"ev\":\"req\",\"route\":\"problem_list\",\"status\":503,\"t\":1791350149065,\"ms\":2004.2}","source":"console","time":"2026-10-07T05:15:49Z"}
{"level":"info","msg":"{\"ev\":\"req\",\"route\":\"history\",\"status\":200,\"t\":1791350149073,\"ms\":12.8}","source":"console","time":"2026-10-07T05:15:49Z"}
{"level":"info","msg":"{\"ev\":\"req\",\"route\":\"problem_detail\",\"status\":503,\"t\":1791350149166,\"ms\":2005.2}","source":"console","time":"2026-10-07T05:15:49Z"}
{"level":"info","msg":"{\"ev\":\"req\",\"route\":\"problem_list\",\"status\":503,\"t\":1791350149371,\"ms\":2009.4}","source":"console","time":"2026-10-07T05:15:49Z"}
{"level":"info","msg":"{\"ev\":\"req\",\"route\":\"history\",\"status\":200,\"t\":1791350149371,\"ms\":9.4}","source":"console","time":"2026-10-07T05:15:49Z"}
{"level":"info","msg":"{\"ev\":\"req\",\"route\":\"problem_detail\",\"status\":503,\"t\":1791350149467,\"ms\":2005.8}","source":"console","time":"2026-10-07T05:15:49Z"}
{"level":"info","msg":"{\"ev\":\"req\",\"route\":\"problem_list\",\"status\":503,\"t\":1791350149667,\"ms\":2006.2}","source":"console","time":"2026-10-07T05:15:49Z"}
{"level":"info","msg":"{\"ev\":\"req\",\"route\":\"history\",\"status\":200,\"t\":1791350149673,\"ms\":12.6}","source":"console","time":"2026-10-07T05:15:49Z"}
{"level":"info","msg":"{\"ev\":\"req\",\"route\":\"problem_detail\",\"status\":503,\"t\":1791350149767,\"ms\":2006}","source":"console","time":"2026-10-07T05:15:49Z"}
{"level":"info","msg":"{\"ev\":\"req\",\"route\":\"problem_list\",\"status\":503,\"t\":1791350149967,\"ms\":2006.1}","source":"console","time":"2026-10-07T05:15:49Z"}
{"level":"info","msg":"{\"ev\":\"req\",\"route\":\"history\",\"status\":200,\"t\":1791350149973,\"ms\":12.3}","source":"console","time":"2026-10-07T05:15:49Z"}
{"level":"info","msg":"{\"ev\":\"req\",\"route\":\"problem_detail\",\"status\":503,\"t\":1791350150065,\"ms\":2003.8}","source":"console","time":"2026-10-07T05:15:50Z"}
{"level":"info","msg":"{\"ev\":\"req\",\"route\":\"problem_list\",\"status\":503,\"t\":1791350150267,\"ms\":2006.5}","source":"console","time":"2026-10-07T05:15:50Z"}
{"level":"info","msg":"{\"ev\":\"req\",\"route\":\"history\",\"status\":200,\"t\":1791350150270,\"ms\":9.2}","source":"console","time":"2026-10-07T05:15:50Z"}
{"level":"info","msg":"{\"ev\":\"req\",\"route\":\"problem_detail\",\"status\":503,\"t\":1791350150364,\"ms\":2003.4}","source":"console","time":"2026-10-07T05:15:50Z"}
{"level":"info","msg":"{\"ev\":\"req\",\"route\":\"problem_list\",\"status\":503,\"t\":1791350150565,\"ms\":2004.4}","source":"console","time":"2026-10-07T05:15:50Z"}
{"level":"info","msg":"{\"ev\":\"req\",\"route\":\"history\",\"status\":200,\"t\":1791350150573,\"ms\":12}","source":"console","time":"2026-10-07T05:15:50Z"}
{"level":"info","msg":"{\"ev\":\"req\",\"route\":\"problem_detail\",\"status\":503,\"t\":1791350150664,\"ms\":2002.7}","source":"console","time":"2026-10-07T05:15:50Z"}
{"level":"info","msg":"{\"ev\":\"req\",\"route\":\"problem_list\",\"status\":503,\"t\":1791350150865,\"ms\":2004.8}","source":"console","time":"2026-10-07T05:15:50Z"}
{"level":"info","msg":"{\"ev\":\"req\",\"route\":\"history\",\"status\":200,\"t\":1791350150873,\"ms\":12.6}","source":"console","time":"2026-10-07T05:15:50Z"}
{"level":"info","msg":"{\"ev\":\"req\",\"route\":\"problem_detail\",\"status\":503,\"t\":1791350150965,\"ms\":2004.5}","source":"console","time":"2026-10-07T05:15:50Z"}
{"level":"info","msg":"{\"ev\":\"req\",\"route\":\"problem_list\",\"status\":503,\"t\":1791350151166,\"ms\":2005}","source":"console","time":"2026-10-07T05:15:51Z"}
{"level":"info","msg":"{\"ev\":\"req\",\"route\":\"history\",\"status\":200,\"t\":1791350151168,\"ms\":7.4}","source":"console","time":"2026-10-07T05:15:51Z"}
{"level":"info","msg":"{\"ev\":\"req\",\"route\":\"problem_detail\",\"status\":503,\"t\":1791350151268,\"ms\":2006.5}","source":"console","time":"2026-10-07T05:15:51Z"}
{"level":"info","msg":"{\"ev\":\"req\",\"route\":\"problem_list\",\"status\":503,\"t\":1791350151466,\"ms\":2005.2}","source":"console","time":"2026-10-07T05:15:51Z"}
{"level":"info","msg":"{\"ev\":\"req\",\"route\":\"history\",\"status\":200,\"t\":1791350151469,\"ms\":8.5}","source":"console","time":"2026-10-07T05:15:51Z"}
{"level":"info","msg":"{\"ev\":\"req\",\"route\":\"problem_detail\",\"status\":503,\"t\":1791350151567,\"ms\":2005.8}","source":"console","time":"2026-10-07T05:15:51Z"}
{"level":"info","msg":"{\"ev\":\"req\",\"route\":\"problem_list\",\"status\":503,\"t\":1791350151771,\"ms\":2009.5}","source":"console","time":"2026-10-07T05:15:51Z"}
{"level":"info","msg":"{\"ev\":\"req\",\"route\":\"history\",\"status\":200,\"t\":1791350151775,\"ms\":13.5}","source":"console","time":"2026-10-07T05:15:51Z"}
{"level":"info","msg":"{\"ev\":\"req\",\"route\":\"submit\",\"status\":503,\"t\":1791350151775,\"ms\":2013.4}","source":"console","time":"2026-10-07T05:15:51Z"}
{"level":"info","msg":"{\"ev\":\"rejected\",\"status\":503,\"t\":1791350151775}","source":"console","time":"2026-10-07T05:15:51Z"}
{"level":"info","msg":"{\"ev\":\"req\",\"route\":\"problem_detail\",\"status\":503,\"t\":1791350151867,\"ms\":2005.7}","source":"console","time":"2026-10-07T05:15:51Z"}
{"level":"info","msg":"{\"ev\":\"req\",\"route\":\"problem_list\",\"status\":503,\"t\":1791350152067,\"ms\":2005.9}","source":"console","time":"2026-10-07T05:15:52Z"}
{"level":"info","msg":"{\"ev\":\"req\",\"route\":\"history\",\"status\":200,\"t\":1791350152073,\"ms\":12}","source":"console","time":"2026-10-07T05:15:52Z"}
{"level":"info","msg":"{\"ev\":\"req\",\"route\":\"problem_detail\",\"status\":503,\"t\":1791350152164,\"ms\":2003.8}","source":"console","time":"2026-10-07T05:15:52Z"}
{"level":"info","msg":"{\"ev\":\"req\",\"route\":\"problem_list\",\"status\":503,\"t\":1791350152367,\"ms\":2006.7}","source":"console","time":"2026-10-07T05:15:52Z"}
{"level":"info","msg":"{\"ev\":\"req\",\"route\":\"history\",\"status\":200,\"t\":1791350152373,\"ms\":11.6}","source":"console","time":"2026-10-07T05:15:52Z"}
{"level":"info","msg":"{\"ev\":\"req\",\"route\":\"problem_detail\",\"status\":503,\"t\":1791350152467,\"ms\":2005.9}","source":"console","time":"2026-10-07T05:15:52Z"}
{"level":"info","msg":"{\"ev\":\"req\",\"route\":\"problem_list\",\"status\":503,\"t\":1791350152665,\"ms\":2003.6}","source":"console","time":"2026-10-07T05:15:52Z"}
{"level":"info","msg":"{\"ev\":\"req\",\"route\":\"history\",\"status\":200,\"t\":1791350152671,\"ms\":11}","source":"console","time":"2026-10-07T05:15:52Z"}
{"level":"info","msg":"{\"ev\":\"req\",\"route\":\"problem_detail\",\"status\":503,\"t\":1791350152766,\"ms\":2005.7}","source":"console","time":"2026-10-07T05:15:52Z"}
{"level":"info","msg":"{\"ev\":\"req\",\"route\":\"problem_list\",\"status\":503,\"t\":1791350152964,\"ms\":2002.8}","source":"console","time":"2026-10-07T05:15:52Z"}
{"level":"info","msg":"{\"ev\":\"req\",\"route\":\"history\",\"status\":200,\"t\":1791350152968,\"ms\":7}","source":"console","time":"2026-10-07T05:15:52Z"}
{"level":"info","msg":"{\"ev\":\"req\",\"route\":\"problem_detail\",\"status\":503,\"t\":1791350153065,\"ms\":2003.4}","source":"console","time":"2026-10-07T05:15:53Z"}
{"level":"info","msg":"{\"ev\":\"req\",\"route\":\"problem_list\",\"status\":503,\"t\":1791350153270,\"ms\":2008.5}","source":"console","time":"2026-10-07T05:15:53Z"}
{"level":"info","msg":"{\"ev\":\"req\",\"route\":\"history\",\"status\":200,\"t\":1791350153273,\"ms\":12.4}","source":"console","time":"2026-10-07T05:15:53Z"}
{"level":"info","msg":"{\"ev\":\"req\",\"route\":\"problem_detail\",\"status\":503,\"t\":1791350153365,\"ms\":2004.4}","source":"console","time":"2026-10-07T05:15:53Z"}
{"level":"info","msg":"{\"ev\":\"req\",\"route\":\"submit\",\"status\":503,\"t\":1791350153443,\"ms\":2015.4}","source":"console","time":"2026-10-07T05:15:53Z"}
{"level":"info","msg":"{\"ev\":\"rejected\",\"status\":503,\"t\":1791350153443}","source":"console","time":"2026-10-07T05:15:53Z"}
{"level":"info","msg":"{\"ev\":\"req\",\"route\":\"problem_list\",\"status\":503,\"t\":1791350153566,\"ms\":2005.5}","source":"console","time":"2026-10-07T05:15:53Z"}
{"level":"info","msg":"{\"ev\":\"req\",\"route\":\"history\",\"status\":200,\"t\":1791350153574,\"ms\":12.8}","source":"console","time":"2026-10-07T05:15:53Z"}
{"level":"info","msg":"{\"ev\":\"req\",\"route\":\"problem_detail\",\"status\":503,\"t\":1791350153665,\"ms\":2003.8}","source":"console","time":"2026-10-07T05:15:53Z"}
{"level":"info","msg":"{\"ev\":\"req\",\"route\":\"problem_list\",\"status\":503,\"t\":1791350153867,\"ms\":2005.7}","source":"console","time":"2026-10-07T05:15:53Z"}
{"level":"info","msg":"{\"ev\":\"req\",\"route\":\"history\",\"status\":200,\"t\":1791350153871,\"ms\":10.8}","source":"console","time":"2026-10-07T05:15:53Z"}
{"level":"info","msg":"{\"ev\":\"req\",\"route\":\"problem_detail\",\"status\":503,\"t\":1791350153964,\"ms\":2002.9}","source":"console","time":"2026-10-07T05:15:53Z"}
{"level":"info","msg":"{\"ev\":\"req\",\"route\":\"submit\",\"status\":503,\"t\":1791350154086,\"ms\":991.7}","source":"console","time":"2026-10-07T05:15:54Z"}
{"level":"info","msg":"{\"ev\":\"rejected\",\"status\":503,\"t\":1791350154086}","source":"console","time":"2026-10-07T05:15:54Z"}
{"level":"info","msg":"{\"ev\":\"req\",\"route\":\"problem_list\",\"status\":503,\"t\":1791350154166,\"ms\":2005.8}","source":"console","time":"2026-10-07T05:15:54Z"}
{"level":"info","msg":"{\"ev\":\"req\",\"route\":\"history\",\"status\":200,\"t\":1791350154173,\"ms\":11.3}","source":"console","time":"2026-10-07T05:15:54Z"}
{"level":"info","msg":"{\"ev\":\"req\",\"route\":\"problem_detail\",\"status\":503,\"t\":1791350154267,\"ms\":2005.7}","source":"console","time":"2026-10-07T05:15:54Z"}
{"level":"info","msg":"{\"ev\":\"req\",\"route\":\"problem_list\",\"status\":503,\"t\":1791350154466,\"ms\":2005.7}","source":"console","time":"2026-10-07T05:15:54Z"}
{"level":"info","msg":"{\"ev\":\"req\",\"route\":\"history\",\"status\":200,\"t\":1791350154474,\"ms\":13}","source":"console","time":"2026-10-07T05:15:54Z"}
{"level":"info","msg":"{\"ev\":\"req\",\"route\":\"problem_detail\",\"status\":503,\"t\":1791350154565,\"ms\":2004.8}","source":"console","time":"2026-10-07T05:15:54Z"}
{"level":"info","msg":"{\"ev\":\"req\",\"route\":\"problem_list\",\"status\":503,\"t\":1791350154766,\"ms\":2005.5}","source":"console","time":"2026-10-07T05:15:54Z"}
{"level":"info","msg":"{\"ev\":\"req\",\"route\":\"submit\",\"status\":503,\"t\":1791350154769,\"ms\":8.1}","source":"console","time":"2026-10-07T05:15:54Z"}
{"level":"info","msg":"{\"ev\":\"rejected\",\"status\":503,\"t\":1791350154769}","source":"console","time":"2026-10-07T05:15:54Z"}
{"level":"info","msg":"{\"ev\":\"req\",\"route\":\"history\",\"status\":200,\"t\":1791350154769,\"ms\":8.5}","source":"console","time":"2026-10-07T05:15:54Z"}
{"level":"info","msg":"{\"ev\":\"req\",\"route\":\"problem_detail\",\"status\":503,\"t\":1791350154867,\"ms\":2005.2}","source":"console","time":"2026-10-07T05:15:54Z"}
{"level":"info","msg":"{\"ev\":\"req\",\"route\":\"problem_list\",\"status\":503,\"t\":1791350155065,\"ms\":2004}","source":"console","time":"2026-10-07T05:15:55Z"}
{"level":"info","msg":"{\"ev\":\"req\",\"route\":\"history\",\"status\":200,\"t\":1791350155066,\"ms\":5.7}","source":"console","time":"2026-10-07T05:15:55Z"}
{"level":"info","msg":"{\"ev\":\"req\",\"route\":\"problem_detail\",\"status\":503,\"t\":1791350155167,\"ms\":2005.5}","source":"console","time":"2026-10-07T05:15:55Z"}
{"level":"info","msg":"{\"ev\":\"req\",\"route\":\"problem_list\",\"status\":503,\"t\":1791350155366,\"ms\":2005.7}","source":"console","time":"2026-10-07T05:15:55Z"}
{"level":"info","msg":"{\"ev\":\"req\",\"route\":\"history\",\"status\":200,\"t\":1791350155373,\"ms\":11.9}","source":"console","time":"2026-10-07T05:15:55Z"}
{"level":"info","msg":"{\"ev\":\"req\",\"route\":\"problem_detail\",\"status\":503,\"t\":1791350155467,\"ms\":2005.4}","source":"console","time":"2026-10-07T05:15:55Z"}
{"level":"info","msg":"{\"ev\":\"req\",\"route\":\"problem_list\",\"status\":503,\"t\":1791350155666,\"ms\":2005}","source":"console","time":"2026-10-07T05:15:55Z"}
{"level":"info","msg":"{\"ev\":\"req\",\"route\":\"history\",\"status\":200,\"t\":1791350155666,\"ms\":5.5}","source":"console","time":"2026-10-07T05:15:55Z"}
{"level":"info","msg":"{\"ev\":\"req\",\"route\":\"problem_detail\",\"status\":503,\"t\":1791350155766,\"ms\":2005.2}","source":"console","time":"2026-10-07T05:15:55Z"}
{"level":"info","msg":"{\"ev\":\"req\",\"route\":\"problem_list\",\"status\":503,\"t\":1791350155964,\"ms\":2003.2}","source":"console","time":"2026-10-07T05:15:55Z"}
{"level":"info","msg":"{\"ev\":\"req\",\"route\":\"history\",\"status\":200,\"t\":1791350155966,\"ms\":5.5}","source":"console","time":"2026-10-07T05:15:55Z"}
{"level":"info","msg":"{\"ev\":\"req\",\"route\":\"problem_detail\",\"status\":503,\"t\":1791350156064,\"ms\":2004}","source":"console","time":"2026-10-07T05:15:56Z"}
{"level":"info","msg":"{\"ev\":\"req\",\"route\":\"problem_list\",\"status\":503,\"t\":1791350156266,\"ms\":2005.5}","source":"console","time":"2026-10-07T05:15:56Z"}
{"level":"info","msg":"{\"ev\":\"req\",\"route\":\"history\",\"status\":200,\"t\":1791350156273,\"ms\":11.7}","source":"console","time":"2026-10-07T05:15:56Z"}
{"level":"info","msg":"{\"ev\":\"req\",\"route\":\"problem_detail\",\"status\":503,\"t\":1791350156363,\"ms\":2002.6}","source":"console","time":"2026-10-07T05:15:56Z"}
{"level":"info","msg":"{\"ev\":\"req\",\"route\":\"submit\",\"status\":503,\"t\":1791350156438,\"ms\":10.5}","source":"console","time":"2026-10-07T05:15:56Z"}
{"level":"info","msg":"{\"ev\":\"rejected\",\"status\":503,\"t\":1791350156439}","source":"console","time":"2026-10-07T05:15:56Z"}
{"level":"info","msg":"{\"ev\":\"req\",\"route\":\"problem_list\",\"status\":503,\"t\":1791350156564,\"ms\":2003.6}","source":"console","time":"2026-10-07T05:15:56Z"}
{"level":"info","msg":"{\"ev\":\"req\",\"route\":\"history\",\"status\":200,\"t\":1791350156574,\"ms\":12.6}","source":"console","time":"2026-10-07T05:15:56Z"}
{"level":"info","msg":"{\"ev\":\"req\",\"route\":\"problem_detail\",\"status\":503,\"t\":1791350156665,\"ms\":2004.8}","source":"console","time":"2026-10-07T05:15:56Z"}
{"level":"info","msg":"{\"ev\":\"req\",\"route\":\"problem_list\",\"status\":503,\"t\":1791350156865,\"ms\":2004.3}","source":"console","time":"2026-10-07T05:15:56Z"}
{"level":"info","msg":"{\"ev\":\"req\",\"route\":\"history\",\"status\":200,\"t\":1791350156867,\"ms\":5.8}","source":"console","time":"2026-10-07T05:15:56Z"}
{"level":"info","msg":"{\"ev\":\"req\",\"route\":\"problem_detail\",\"status\":503,\"t\":1791350156964,\"ms\":2003.7}","source":"console","time":"2026-10-07T05:15:56Z"}
{"level":"info","msg":"{\"ev\":\"req\",\"route\":\"problem_list\",\"status\":503,\"t\":1791350157164,\"ms\":2003.3}","source":"console","time":"2026-10-07T05:15:57Z"}
{"level":"info","msg":"{\"ev\":\"req\",\"route\":\"history\",\"status\":200,\"t\":1791350157172,\"ms\":11}","source":"console","time":"2026-10-07T05:15:57Z"}
{"level":"info","msg":"{\"ev\":\"req\",\"route\":\"problem_detail\",\"status\":503,\"t\":1791350157267,\"ms\":2005.9}","source":"console","time":"2026-10-07T05:15:57Z"}
{"level":"info","msg":"{\"ev\":\"req\",\"route\":\"problem_list\",\"status\":503,\"t\":1791350157469,\"ms\":2008}","source":"console","time":"2026-10-07T05:15:57Z"}
{"level":"info","msg":"{\"ev\":\"req\",\"route\":\"history\",\"status\":200,\"t\":1791350157473,\"ms\":12.3}","source":"console","time":"2026-10-07T05:15:57Z"}
{"level":"info","msg":"{\"ev\":\"req\",\"route\":\"problem_detail\",\"status\":503,\"t\":1791350157566,\"ms\":2005.2}","source":"console","time":"2026-10-07T05:15:57Z"}
{"level":"info","msg":"{\"ev\":\"req\",\"route\":\"problem_list\",\"status\":503,\"t\":1791350157765,\"ms\":2004.8}","source":"console","time":"2026-10-07T05:15:57Z"}
{"level":"info","msg":"{\"ev\":\"req\",\"route\":\"history\",\"status\":200,\"t\":1791350157766,\"ms\":5.4}","source":"console","time":"2026-10-07T05:15:57Z"}
{"level":"info","msg":"{\"ev\":\"req\",\"route\":\"problem_detail\",\"status\":503,\"t\":1791350157866,\"ms\":2005.2}","source":"console","time":"2026-10-07T05:15:57Z"}
{"level":"info","msg":"{\"ev\":\"req\",\"route\":\"problem_list\",\"status\":503,\"t\":1791350158066,\"ms\":2005.7}","source":"console","time":"2026-10-07T05:15:58Z"}
{"level":"info","msg":"{\"ev\":\"req\",\"route\":\"history\",\"status\":200,\"t\":1791350158075,\"ms\":13.7}","source":"console","time":"2026-10-07T05:15:58Z"}
{"level":"info","msg":"{\"ev\":\"req\",\"route\":\"submit\",\"status\":503,\"t\":1791350158101,\"ms\":7.3}","source":"console","time":"2026-10-07T05:15:58Z"}
{"level":"info","msg":"{\"ev\":\"rejected\",\"status\":503,\"t\":1791350158102}","source":"console","time":"2026-10-07T05:15:58Z"}
{"level":"info","msg":"{\"ev\":\"req\",\"route\":\"problem_detail\",\"status\":503,\"t\":1791350158165,\"ms\":2003.8}","source":"console","time":"2026-10-07T05:15:58Z"}
{"level":"info","msg":"{\"ev\":\"req\",\"route\":\"problem_list\",\"status\":503,\"t\":1791350158364,\"ms\":2003.7}","source":"console","time":"2026-10-07T05:15:58Z"}
{"level":"info","msg":"{\"ev\":\"req\",\"route\":\"history\",\"status\":200,\"t\":1791350158370,\"ms\":9.6}","source":"console","time":"2026-10-07T05:15:58Z"}
{"level":"info","msg":"{\"ev\":\"req\",\"route\":\"problem_detail\",\"status\":503,\"t\":1791350158467,\"ms\":2006.2}","source":"console","time":"2026-10-07T05:15:58Z"}
{"level":"info","msg":"{\"ev\":\"req\",\"route\":\"problem_list\",\"status\":503,\"t\":1791350158665,\"ms\":2004.2}","source":"console","time":"2026-10-07T05:15:58Z"}
{"level":"info","msg":"{\"ev\":\"req\",\"route\":\"history\",\"status\":200,\"t\":1791350158674,\"ms\":12.3}","source":"console","time":"2026-10-07T05:15:58Z"}
{"level":"info","msg":"{\"ev\":\"req\",\"route\":\"problem_detail\",\"status\":503,\"t\":1791350158767,\"ms\":2006}","source":"console","time":"2026-10-07T05:15:58Z"}
{"level":"info","msg":"{\"ev\":\"req\",\"route\":\"problem_list\",\"status\":503,\"t\":1791350158965,\"ms\":2003.9}","source":"console","time":"2026-10-07T05:15:58Z"}
{"level":"info","msg":"{\"ev\":\"req\",\"route\":\"history\",\"status\":200,\"t\":1791350158968,\"ms\":6.9}","source":"console","time":"2026-10-07T05:15:58Z"}
{"level":"info","msg":"{\"ev\":\"req\",\"route\":\"problem_detail\",\"status\":503,\"t\":1791350159066,\"ms\":2005.4}","source":"console","time":"2026-10-07T05:15:59Z"}
{"level":"info","msg":"{\"ev\":\"req\",\"route\":\"problem_list\",\"status\":503,\"t\":1791350159265,\"ms\":2004.4}","source":"console","time":"2026-10-07T05:15:59Z"}
{"level":"info","msg":"{\"ev\":\"req\",\"route\":\"history\",\"status\":200,\"t\":1791350159267,\"ms\":5.9}","source":"console","time":"2026-10-07T05:15:59Z"}
{"level":"info","msg":"{\"ev\":\"req\",\"route\":\"problem_detail\",\"status\":503,\"t\":1791350159366,\"ms\":2004.7}","source":"console","time":"2026-10-07T05:15:59Z"}
{"level":"info","msg":"{\"ev\":\"req\",\"route\":\"problem_list\",\"status\":503,\"t\":1791350159566,\"ms\":2005.4}","source":"console","time":"2026-10-07T05:15:59Z"}
{"level":"info","msg":"{\"ev\":\"req\",\"route\":\"history\",\"status\":200,\"t\":1791350159571,\"ms\":10.3}","source":"console","time":"2026-10-07T05:15:59Z"}
{"level":"info","msg":"{\"ev\":\"req\",\"route\":\"problem_detail\",\"status\":503,\"t\":1791350159666,\"ms\":2005}","source":"console","time":"2026-10-07T05:15:59Z"}
{"level":"info","msg":"{\"ev\":\"req\",\"route\":\"submit\",\"status\":503,\"t\":1791350159767,\"ms\":5.8}","source":"console","time":"2026-10-07T05:15:59Z"}
{"level":"info","msg":"{\"ev\":\"rejected\",\"status\":503,\"t\":1791350159767}","source":"console","time":"2026-10-07T05:15:59Z"}
{"level":"info","msg":"{\"ev\":\"req\",\"route\":\"problem_list\",\"status\":503,\"t\":1791350159865,\"ms\":2004.2}","source":"console","time":"2026-10-07T05:15:59Z"}
{"level":"info","msg":"{\"ev\":\"req\",\"route\":\"history\",\"status\":200,\"t\":1791350159867,\"ms\":6.6}","source":"console","time":"2026-10-07T05:15:59Z"}
{"level":"info","msg":"{\"ev\":\"req\",\"route\":\"problem_detail\",\"status\":503,\"t\":1791350159967,\"ms\":2006}","source":"console","time":"2026-10-07T05:15:59Z"}
{"level":"info","msg":"{\"ev\":\"req\",\"route\":\"problem_list\",\"status\":503,\"t\":1791350160166,\"ms\":2005}","source":"console","time":"2026-10-07T05:16:00Z"}
{"level":"info","msg":"{\"ev\":\"req\",\"route\":\"history\",\"status\":200,\"t\":1791350160170,\"ms\":9.1}","source":"console","time":"2026-10-07T05:16:00Z"}
{"level":"info","msg":"{\"ev\":\"req\",\"route\":\"problem_detail\",\"status\":503,\"t\":1791350160267,\"ms\":2005.4}","source":"console","time":"2026-10-07T05:16:00Z"}
{"level":"info","msg":"{\"ev\":\"req\",\"route\":\"history\",\"status\":200,\"t\":1791350160466,\"ms\":5.4}","source":"console","time":"2026-10-07T05:16:00Z"}
{"level":"info","msg":"{\"ev\":\"req\",\"route\":\"problem_list\",\"status\":503,\"t\":1791350160468,\"ms\":2007.5}","source":"console","time":"2026-10-07T05:16:00Z"}
{"level":"info","msg":"{\"ev\":\"req\",\"route\":\"problem_detail\",\"status\":503,\"t\":1791350160566,\"ms\":2005.9}","source":"console","time":"2026-10-07T05:16:00Z"}
{"level":"info","msg":"{\"ev\":\"req\",\"route\":\"problem_list\",\"status\":503,\"t\":1791350160766,\"ms\":2005.9}","source":"console","time":"2026-10-07T05:16:00Z"}
{"level":"info","msg":"{\"ev\":\"req\",\"route\":\"history\",\"status\":200,\"t\":1791350160774,\"ms\":12.4}","source":"console","time":"2026-10-07T05:16:00Z"}
{"level":"info","msg":"{\"ev\":\"req\",\"route\":\"problem_detail\",\"status\":503,\"t\":1791350160864,\"ms\":2003.2}","source":"console","time":"2026-10-07T05:16:00Z"}
{"level":"info","msg":"{\"ev\":\"req\",\"route\":\"problem_list\",\"status\":503,\"t\":1791350161064,\"ms\":2003.7}","source":"console","time":"2026-10-07T05:16:01Z"}
{"level":"info","msg":"{\"ev\":\"req\",\"route\":\"history\",\"status\":200,\"t\":1791350161072,\"ms\":10.7}","source":"console","time":"2026-10-07T05:16:01Z"}
{"level":"info","msg":"{\"ev\":\"req\",\"route\":\"problem_detail\",\"status\":503,\"t\":1791350161164,\"ms\":2003.3}","source":"console","time":"2026-10-07T05:16:01Z"}
{"level":"info","msg":"{\"ev\":\"req\",\"route\":\"problem_list\",\"status\":503,\"t\":1791350161364,\"ms\":2004}","source":"console","time":"2026-10-07T05:16:01Z"}
{"level":"info","msg":"{\"ev\":\"req\",\"route\":\"history\",\"status\":200,\"t\":1791350161372,\"ms\":11.7}","source":"console","time":"2026-10-07T05:16:01Z"}
{"level":"info","msg":"{\"ev\":\"req\",\"route\":\"submit\",\"status\":503,\"t\":1791350161438,\"ms\":10.6}","source":"console","time":"2026-10-07T05:16:01Z"}
{"level":"info","msg":"{\"ev\":\"rejected\",\"status\":503,\"t\":1791350161438}","source":"console","time":"2026-10-07T05:16:01Z"}
{"level":"info","msg":"{\"ev\":\"req\",\"route\":\"problem_detail\",\"status\":503,\"t\":1791350161465,\"ms\":2004.3}","source":"console","time":"2026-10-07T05:16:01Z"}
{"level":"info","msg":"{\"ev\":\"req\",\"route\":\"problem_list\",\"status\":503,\"t\":1791350161665,\"ms\":2003.6}","source":"console","time":"2026-10-07T05:16:01Z"}
{"level":"info","msg":"{\"ev\":\"req\",\"route\":\"history\",\"status\":200,\"t\":1791350161671,\"ms\":10.8}","source":"console","time":"2026-10-07T05:16:01Z"}
{"level":"info","msg":"{\"ev\":\"req\",\"route\":\"problem_detail\",\"status\":503,\"t\":1791350161764,\"ms\":2003.4}","source":"console","time":"2026-10-07T05:16:01Z"}
{"level":"info","msg":"{\"ev\":\"req\",\"route\":\"problem_list\",\"status\":503,\"t\":1791350161965,\"ms\":2004.4}","source":"console","time":"2026-10-07T05:16:01Z"}
{"level":"info","msg":"{\"ev\":\"req\",\"route\":\"history\",\"status\":200,\"t\":1791350161970,\"ms\":8.7}","source":"console","time":"2026-10-07T05:16:01Z"}
{"level":"info","msg":"{\"ev\":\"req\",\"route\":\"problem_detail\",\"status\":503,\"t\":1791350162067,\"ms\":2005.6}","source":"console","time":"2026-10-07T05:16:02Z"}
{"level":"info","msg":"{\"ev\":\"req\",\"route\":\"problem_list\",\"status\":503,\"t\":1791350162269,\"ms\":2008.3}","source":"console","time":"2026-10-07T05:16:02Z"}
{"level":"info","msg":"{\"ev\":\"req\",\"route\":\"history\",\"status\":200,\"t\":1791350162269,\"ms\":8}","source":"console","time":"2026-10-07T05:16:02Z"}
{"level":"info","msg":"{\"ev\":\"req\",\"route\":\"problem_detail\",\"status\":503,\"t\":1791350162366,\"ms\":2005.7}","source":"console","time":"2026-10-07T05:16:02Z"}
{"level":"info","msg":"{\"ev\":\"req\",\"route\":\"problem_list\",\"status\":503,\"t\":1791350162568,\"ms\":2007}","source":"console","time":"2026-10-07T05:16:02Z"}
{"level":"info","msg":"{\"ev\":\"req\",\"route\":\"history\",\"status\":200,\"t\":1791350162574,\"ms\":13.1}","source":"console","time":"2026-10-07T05:16:02Z"}
{"level":"info","msg":"{\"ev\":\"req\",\"route\":\"problem_list\",\"status\":500,\"t\":1791350162653,\"ms\":1492.2}","source":"console","time":"2026-10-07T05:16:02Z"}
{"level":"info","msg":"{\"ev\":\"req\",\"route\":\"problem_list\",\"status\":500,\"t\":1791350162653,\"ms\":1792.6}","source":"console","time":"2026-10-07T05:16:02Z"}
{"level":"info","msg":"{\"ev\":\"req\",\"route\":\"problem_detail\",\"status\":500,\"t\":1791350162654,\"ms\":1693.4}","source":"console","time":"2026-10-07T05:16:02Z"}
{"level":"info","msg":"{\"ev\":\"req\",\"route\":\"problem_detail\",\"status\":500,\"t\":1791350162654,\"ms\":192.6}","source":"console","time":"2026-10-07T05:16:02Z"}
{"level":"info","msg":"{\"ev\":\"req\",\"route\":\"problem_detail\",\"status\":500,\"t\":1791350162654,\"ms\":1393.3}","source":"console","time":"2026-10-07T05:16:02Z"}
{"level":"info","msg":"{\"ev\":\"req\",\"route\":\"problem_detail\",\"status\":500,\"t\":1791350162654,\"ms\":792.8}","source":"console","time":"2026-10-07T05:16:02Z"}
{"level":"info","msg":"{\"ev\":\"req\",\"route\":\"problem_list\",\"status\":500,\"t\":1791350162654,\"ms\":593.3}","source":"console","time":"2026-10-07T05:16:02Z"}
{"level":"info","msg":"{\"ev\":\"req\",\"route\":\"problem_detail\",\"status\":500,\"t\":1791350162654,\"ms\":1993.2}","source":"console","time":"2026-10-07T05:16:02Z"}
{"level":"info","msg":"{\"ev\":\"req\",\"route\":\"problem_list\",\"status\":500,\"t\":1791350162654,\"ms\":1193.1}","source":"console","time":"2026-10-07T05:16:02Z"}
{"level":"info","msg":"{\"ev\":\"req\",\"route\":\"problem_detail\",\"status\":500,\"t\":1791350162655,\"ms\":494.1}","source":"console","time":"2026-10-07T05:16:02Z"}
{"level":"info","msg":"{\"ev\":\"req\",\"route\":\"problem_list\",\"status\":500,\"t\":1791350162655,\"ms\":293.1}","source":"console","time":"2026-10-07T05:16:02Z"}
{"level":"info","msg":"{\"ev\":\"req\",\"route\":\"problem_list\",\"status\":500,\"t\":1791350162655,\"ms\":893.6}","source":"console","time":"2026-10-07T05:16:02Z"}
{"level":"info","msg":"{\"ev\":\"req\",\"route\":\"problem_detail\",\"status\":500,\"t\":1791350162655,\"ms\":1094.1}","source":"console","time":"2026-10-07T05:16:02Z"}
{"level":"info","msg":"{\"ev\":\"req\",\"route\":\"history\",\"status\":200,\"t\":1791350162874,\"ms\":12.9}","source":"console","time":"2026-10-07T05:16:02Z"}
{"level":"info","msg":"{\"ev\":\"req\",\"route\":\"submit\",\"status\":503,\"t\":1791350163105,\"ms\":10.9}","source":"console","time":"2026-10-07T05:16:03Z"}
{"level":"info","msg":"{\"ev\":\"rejected\",\"status\":503,\"t\":1791350163105}","source":"console","time":"2026-10-07T05:16:03Z"}
{"level":"info","msg":"{\"ev\":\"req\",\"route\":\"history\",\"status\":200,\"t\":1791350163168,\"ms\":7}","source":"console","time":"2026-10-07T05:16:03Z"}
{"level":"info","msg":"{\"ev\":\"req\",\"route\":\"history\",\"status\":200,\"t\":1791350163467,\"ms\":6.1}","source":"console","time":"2026-10-07T05:16:03Z"}
{"level":"info","msg":"{\"ev\":\"req\",\"route\":\"history\",\"status\":200,\"t\":1791350163773,\"ms\":12.7}","source":"console","time":"2026-10-07T05:16:03Z"}
{"level":"info","msg":"{\"ev\":\"req\",\"route\":\"history\",\"status\":200,\"t\":1791350164071,\"ms\":10.6}","source":"console","time":"2026-10-07T05:16:04Z"}
{"level":"info","msg":"{\"ev\":\"req\",\"route\":\"history\",\"status\":200,\"t\":1791350164374,\"ms\":13.2}","source":"console","time":"2026-10-07T05:16:04Z"}
{"level":"info","msg":"{\"ev\":\"req\",\"route\":\"problem_list\",\"status\":503,\"t\":1791350164665,\"ms\":2004.6}","source":"console","time":"2026-10-07T05:16:04Z"}
{"level":"info","msg":"{\"ev\":\"req\",\"route\":\"history\",\"status\":200,\"t\":1791350164672,\"ms\":11.5}","source":"console","time":"2026-10-07T05:16:04Z"}
{"level":"info","msg":"{\"ev\":\"req\",\"route\":\"problem_detail\",\"status\":503,\"t\":1791350164767,\"ms\":2005.4}","source":"console","time":"2026-10-07T05:16:04Z"}
{"level":"info","msg":"{\"ev\":\"req\",\"route\":\"problem_list\",\"status\":503,\"t\":1791350164966,\"ms\":2005.8}","source":"console","time":"2026-10-07T05:16:04Z"}
{"level":"info","msg":"{\"ev\":\"req\",\"route\":\"history\",\"status\":200,\"t\":1791350164973,\"ms\":11.9}","source":"console","time":"2026-10-07T05:16:04Z"}
{"level":"info","msg":"{\"ev\":\"req\",\"route\":\"problem_detail\",\"status\":503,\"t\":1791350165066,\"ms\":2005.3}","source":"console","time":"2026-10-07T05:16:05Z"}
{"level":"info","msg":"{\"ev\":\"req\",\"route\":\"submit\",\"status\":503,\"t\":1791350165177,\"ms\":416}","source":"console","time":"2026-10-07T05:16:05Z"}
{"level":"info","msg":"{\"ev\":\"rejected\",\"status\":503,\"t\":1791350165177}","source":"console","time":"2026-10-07T05:16:05Z"}
{"level":"info","msg":"{\"ev\":\"req\",\"route\":\"problem_list\",\"status\":503,\"t\":1791350165266,\"ms\":2005.6}","source":"console","time":"2026-10-07T05:16:05Z"}
{"level":"info","msg":"{\"ev\":\"req\",\"route\":\"history\",\"status\":200,\"t\":1791350165272,\"ms\":11.2}","source":"console","time":"2026-10-07T05:16:05Z"}
{"level":"info","msg":"{\"ev\":\"req\",\"route\":\"problem_detail\",\"status\":503,\"t\":1791350165367,\"ms\":2005.8}","source":"console","time":"2026-10-07T05:16:05Z"}
{"level":"info","msg":"{\"ev\":\"req\",\"route\":\"problem_list\",\"status\":503,\"t\":1791350165566,\"ms\":2005.4}","source":"console","time":"2026-10-07T05:16:05Z"}
{"level":"info","msg":"{\"ev\":\"req\",\"route\":\"history\",\"status\":200,\"t\":1791350165573,\"ms\":12}","source":"console","time":"2026-10-07T05:16:05Z"}
{"level":"info","msg":"{\"ev\":\"req\",\"route\":\"problem_detail\",\"status\":503,\"t\":1791350165667,\"ms\":2005.6}","source":"console","time":"2026-10-07T05:16:05Z"}
{"level":"info","msg":"{\"ev\":\"req\",\"route\":\"problem_detail\",\"status\":500,\"t\":1791350165723,\"ms\":1462.1}","source":"console","time":"2026-10-07T05:16:05Z"}
{"level":"info","msg":"{\"ev\":\"req\",\"route\":\"problem_list\",\"status\":500,\"t\":1791350165724,\"ms\":963.4}","source":"console","time":"2026-10-07T05:16:05Z"}
{"level":"info","msg":"{\"ev\":\"req\",\"route\":\"problem_list\",\"status\":500,\"t\":1791350165724,\"ms\":1563.8}","source":"console","time":"2026-10-07T05:16:05Z"}
{"level":"info","msg":"{\"ev\":\"req\",\"route\":\"problem_list\",\"status\":500,\"t\":1791350165725,\"ms\":363.5}","source":"console","time":"2026-10-07T05:16:05Z"}
{"level":"info","msg":"{\"ev\":\"req\",\"route\":\"problem_list\",\"status\":500,\"t\":1791350165725,\"ms\":1263.7}","source":"console","time":"2026-10-07T05:16:05Z"}
{"level":"info","msg":"{\"ev\":\"req\",\"route\":\"problem_detail\",\"status\":500,\"t\":1791350165725,\"ms\":564.3}","source":"console","time":"2026-10-07T05:16:05Z"}
{"level":"info","msg":"{\"ev\":\"req\",\"route\":\"problem_detail\",\"status\":500,\"t\":1791350165725,\"ms\":864.2}","source":"console","time":"2026-10-07T05:16:05Z"}
{"level":"info","msg":"{\"ev\":\"req\",\"route\":\"problem_detail\",\"status\":500,\"t\":1791350165725,\"ms\":1164.3}","source":"console","time":"2026-10-07T05:16:05Z"}
{"level":"info","msg":"{\"ev\":\"req\",\"route\":\"problem_detail\",\"status\":500,\"t\":1791350165725,\"ms\":1764.5}","source":"console","time":"2026-10-07T05:16:05Z"}
{"level":"info","msg":"{\"ev\":\"req\",\"route\":\"problem_detail\",\"status\":500,\"t\":1791350165726,\"ms\":264.4}","source":"console","time":"2026-10-07T05:16:05Z"}
{"level":"info","msg":"{\"ev\":\"req\",\"route\":\"problem_list\",\"status\":500,\"t\":1791350165726,\"ms\":665.3}","source":"console","time":"2026-10-07T05:16:05Z"}
{"level":"info","msg":"{\"ev\":\"req\",\"route\":\"problem_list\",\"status\":500,\"t\":1791350165726,\"ms\":65.2}","source":"console","time":"2026-10-07T05:16:05Z"}
{"level":"info","msg":"{\"ev\":\"req\",\"route\":\"problem_list\",\"status\":500,\"t\":1791350165726,\"ms\":1865}","source":"console","time":"2026-10-07T05:16:05Z"}
{"level":"info","msg":"{\"ev\":\"req\",\"route\":\"history\",\"status\":200,\"t\":1791350165866,\"ms\":5.4}","source":"console","time":"2026-10-07T05:16:05Z"}
{"level":"info","msg":"{\"ev\":\"req\",\"route\":\"history\",\"status\":200,\"t\":1791350166166,\"ms\":5.3}","source":"console","time":"2026-10-07T05:16:06Z"}
{"level":"info","msg":"{\"ev\":\"req\",\"route\":\"submit\",\"status\":503,\"t\":1791350166437,\"ms\":9.7}","source":"console","time":"2026-10-07T05:16:06Z"}
{"level":"info","msg":"{\"ev\":\"rejected\",\"status\":503,\"t\":1791350166438}","source":"console","time":"2026-10-07T05:16:06Z"}
{"level":"info","msg":"{\"ev\":\"req\",\"route\":\"history\",\"status\":200,\"t\":1791350166468,\"ms\":7.6}","source":"console","time":"2026-10-07T05:16:06Z"}
{"level":"info","msg":"{\"ev\":\"req\",\"route\":\"history\",\"status\":200,\"t\":1791350166772,\"ms\":11.4}","source":"console","time":"2026-10-07T05:16:06Z"}
{"level":"info","msg":"{\"ev\":\"req\",\"route\":\"history\",\"status\":200,\"t\":1791350167076,\"ms\":14.3}","source":"console","time":"2026-10-07T05:16:07Z"}
{"level":"info","msg":"{\"ev\":\"req\",\"route\":\"history\",\"status\":200,\"t\":1791350167373,\"ms\":12.3}","source":"console","time":"2026-10-07T05:16:07Z"}
{"level":"info","msg":"{\"ev\":\"req\",\"route\":\"history\",\"status\":200,\"t\":1791350167670,\"ms\":9.4}","source":"console","time":"2026-10-07T05:16:07Z"}
{"level":"info","msg":"{\"ev\":\"req\",\"route\":\"problem_detail\",\"status\":503,\"t\":1791350167766,\"ms\":2005.3}","source":"console","time":"2026-10-07T05:16:07Z"}
{"level":"info","msg":"{\"ev\":\"req\",\"route\":\"problem_list\",\"status\":503,\"t\":1791350167966,\"ms\":2005.1}","source":"console","time":"2026-10-07T05:16:07Z"}
{"level":"info","msg":"{\"ev\":\"req\",\"route\":\"history\",\"status\":200,\"t\":1791350167969,\"ms\":7.6}","source":"console","time":"2026-10-07T05:16:07Z"}
{"level":"info","msg":"{\"ev\":\"req\",\"route\":\"problem_detail\",\"status\":503,\"t\":1791350168067,\"ms\":2006.2}","source":"console","time":"2026-10-07T05:16:08Z"}
{"level":"info","msg":"{\"ev\":\"req\",\"route\":\"submit\",\"status\":503,\"t\":1791350168121,\"ms\":26.8}","source":"console","time":"2026-10-07T05:16:08Z"}
{"level":"info","msg":"{\"ev\":\"rejected\",\"status\":503,\"t\":1791350168121}","source":"console","time":"2026-10-07T05:16:08Z"}
{"level":"info","msg":"{\"ev\":\"req\",\"route\":\"problem_list\",\"status\":503,\"t\":1791350168268,\"ms\":2006.5}","source":"console","time":"2026-10-07T05:16:08Z"}
{"level":"info","msg":"{\"ev\":\"req\",\"route\":\"history\",\"status\":200,\"t\":1791350168273,\"ms\":12.3}","source":"console","time":"2026-10-07T05:16:08Z"}
{"level":"info","msg":"{\"ev\":\"req\",\"route\":\"problem_detail\",\"status\":503,\"t\":1791350168367,\"ms\":2005.9}","source":"console","time":"2026-10-07T05:16:08Z"}
{"level":"info","msg":"{\"ev\":\"req\",\"route\":\"problem_list\",\"status\":503,\"t\":1791350168564,\"ms\":2003.3}","source":"console","time":"2026-10-07T05:16:08Z"}
{"level":"info","msg":"{\"ev\":\"req\",\"route\":\"history\",\"status\":200,\"t\":1791350168572,\"ms\":11}","source":"console","time":"2026-10-07T05:16:08Z"}
{"level":"info","msg":"{\"ev\":\"req\",\"route\":\"problem_detail\",\"status\":503,\"t\":1791350168665,\"ms\":2004.5}","source":"console","time":"2026-10-07T05:16:08Z"}
{"level":"info","msg":"{\"ev\":\"req\",\"route\":\"problem_list\",\"status\":500,\"t\":1791350168860,\"ms\":1098.7}","source":"console","time":"2026-10-07T05:16:08Z"}
{"level":"info","msg":"{\"ev\":\"req\",\"route\":\"problem_detail\",\"status\":500,\"t\":1791350168861,\"ms\":1600}","source":"console","time":"2026-10-07T05:16:08Z"}
{"level":"info","msg":"{\"ev\":\"req\",\"route\":\"problem_list\",\"status\":500,\"t\":1791350168861,\"ms\":1700.1}","source":"console","time":"2026-10-07T05:16:08Z"}
{"level":"info","msg":"{\"ev\":\"req\",\"route\":\"problem_list\",\"status\":500,\"t\":1791350168861,\"ms\":1400.6}","source":"console","time":"2026-10-07T05:16:08Z"}
{"level":"info","msg":"{\"ev\":\"req\",\"route\":\"problem_list\",\"status\":500,\"t\":1791350168861,\"ms\":2000.6}","source":"console","time":"2026-10-07T05:16:08Z"}
{"level":"info","msg":"{\"ev\":\"req\",\"route\":\"problem_detail\",\"status\":500,\"t\":1791350168861,\"ms\":700.2}","source":"console","time":"2026-10-07T05:16:08Z"}
{"level":"info","msg":"{\"ev\":\"req\",\"route\":\"problem_detail\",\"status\":500,\"t\":1791350168861,\"ms\":100.1}","source":"console","time":"2026-10-07T05:16:08Z"}
{"level":"info","msg":"{\"ev\":\"req\",\"route\":\"problem_list\",\"status\":500,\"t\":1791350168862,\"ms\":500.7}","source":"console","time":"2026-10-07T05:16:08Z"}
{"level":"info","msg":"{\"ev\":\"req\",\"route\":\"problem_detail\",\"status\":500,\"t\":1791350168862,\"ms\":1001.7}","source":"console","time":"2026-10-07T05:16:08Z"}
{"level":"info","msg":"{\"ev\":\"req\",\"route\":\"problem_detail\",\"status\":500,\"t\":1791350168862,\"ms\":1301.1}","source":"console","time":"2026-10-07T05:16:08Z"}
{"level":"info","msg":"{\"ev\":\"req\",\"route\":\"problem_list\",\"status\":500,\"t\":1791350168862,\"ms\":801.5}","source":"console","time":"2026-10-07T05:16:08Z"}
{"level":"info","msg":"{\"ev\":\"req\",\"route\":\"problem_list\",\"status\":500,\"t\":1791350168862,\"ms\":201.1}","source":"console","time":"2026-10-07T05:16:08Z"}
{"level":"info","msg":"{\"ev\":\"req\",\"route\":\"problem_detail\",\"status\":500,\"t\":1791350168862,\"ms\":1901.5}","source":"console","time":"2026-10-07T05:16:08Z"}
{"level":"info","msg":"{\"ev\":\"req\",\"route\":\"problem_detail\",\"status\":500,\"t\":1791350168863,\"ms\":401.2}","source":"console","time":"2026-10-07T05:16:08Z"}
{"level":"info","msg":"{\"ev\":\"req\",\"route\":\"history\",\"status\":200,\"t\":1791350168872,\"ms\":11.8}","source":"console","time":"2026-10-07T05:16:08Z"}
{"level":"info","msg":"{\"ev\":\"req\",\"route\":\"history\",\"status\":200,\"t\":1791350169173,\"ms\":12.3}","source":"console","time":"2026-10-07T05:16:09Z"}
{"level":"info","msg":"{\"ev\":\"req\",\"route\":\"history\",\"status\":200,\"t\":1791350169474,\"ms\":13.2}","source":"console","time":"2026-10-07T05:16:09Z"}
{"level":"info","msg":"{\"ev\":\"req\",\"route\":\"history\",\"status\":200,\"t\":1791350169771,\"ms\":10.5}","source":"console","time":"2026-10-07T05:16:09Z"}
{"level":"info","msg":"{\"ev\":\"req\",\"route\":\"submit\",\"status\":503,\"t\":1791350169772,\"ms\":11}","source":"console","time":"2026-10-07T05:16:09Z"}
{"level":"info","msg":"{\"ev\":\"rejected\",\"status\":503,\"t\":1791350169772}","source":"console","time":"2026-10-07T05:16:09Z"}
{"level":"info","msg":"{\"ev\":\"req\",\"route\":\"history\",\"status\":200,\"t\":1791350170072,\"ms\":11.1}","source":"console","time":"2026-10-07T05:16:10Z"}
{"level":"info","msg":"{\"ev\":\"req\",\"route\":\"history\",\"status\":200,\"t\":1791350170367,\"ms\":5.8}","source":"console","time":"2026-10-07T05:16:10Z"}
{"level":"info","msg":"{\"ev\":\"req\",\"route\":\"history\",\"status\":200,\"t\":1791350170668,\"ms\":7.1}","source":"console","time":"2026-10-07T05:16:10Z"}
{"level":"info","msg":"{\"ev\":\"req\",\"route\":\"history\",\"status\":200,\"t\":1791350170966,\"ms\":5.7}","source":"console","time":"2026-10-07T05:16:10Z"}
{"level":"info","msg":"{\"ev\":\"req\",\"route\":\"problem_list\",\"status\":503,\"t\":1791350170966,\"ms\":2005.1}","source":"console","time":"2026-10-07T05:16:10Z"}
{"level":"info","msg":"{\"ev\":\"req\",\"route\":\"problem_detail\",\"status\":503,\"t\":1791350171067,\"ms\":2006.3}","source":"console","time":"2026-10-07T05:16:11Z"}
{"level":"info","msg":"{\"ev\":\"req\",\"route\":\"problem_list\",\"status\":503,\"t\":1791350171266,\"ms\":2004.7}","source":"console","time":"2026-10-07T05:16:11Z"}
{"level":"info","msg":"{\"ev\":\"req\",\"route\":\"history\",\"status\":200,\"t\":1791350171266,\"ms\":5}","source":"console","time":"2026-10-07T05:16:11Z"}
{"level":"info","msg":"{\"ev\":\"req\",\"route\":\"problem_detail\",\"status\":503,\"t\":1791350171367,\"ms\":2006.1}","source":"console","time":"2026-10-07T05:16:11Z"}
{"level":"info","msg":"{\"ev\":\"req\",\"route\":\"submit\",\"status\":503,\"t\":1791350171440,\"ms\":11.8}","source":"console","time":"2026-10-07T05:16:11Z"}
{"level":"info","msg":"{\"ev\":\"rejected\",\"status\":503,\"t\":1791350171440}","source":"console","time":"2026-10-07T05:16:11Z"}
{"level":"info","msg":"{\"ev\":\"req\",\"route\":\"problem_list\",\"status\":503,\"t\":1791350171565,\"ms\":2004.2}","source":"console","time":"2026-10-07T05:16:11Z"}
{"level":"info","msg":"{\"ev\":\"req\",\"route\":\"history\",\"status\":200,\"t\":1791350171572,\"ms\":11.3}","source":"console","time":"2026-10-07T05:16:11Z"}
{"level":"info","msg":"{\"ev\":\"req\",\"route\":\"problem_detail\",\"status\":503,\"t\":1791350171664,\"ms\":2003.6}","source":"console","time":"2026-10-07T05:16:11Z"}
{"level":"info","msg":"{\"ev\":\"req\",\"route\":\"problem_list\",\"status\":503,\"t\":1791350171867,\"ms\":2006}","source":"console","time":"2026-10-07T05:16:11Z"}
{"level":"info","msg":"{\"ev\":\"req\",\"route\":\"history\",\"status\":200,\"t\":1791350171871,\"ms\":10.1}","source":"console","time":"2026-10-07T05:16:11Z"}
{"level":"info","msg":"{\"ev\":\"req\",\"route\":\"problem_detail\",\"status\":503,\"t\":1791350171963,\"ms\":2002.9}","source":"console","time":"2026-10-07T05:16:11Z"}
{"level":"info","msg":"{\"ev\":\"req\",\"route\":\"problem_detail\",\"status\":500,\"t\":1791350172059,\"ms\":1198.3}","source":"console","time":"2026-10-07T05:16:12Z"}
{"level":"info","msg":"{\"ev\":\"req\",\"route\":\"problem_list\",\"status\":500,\"t\":1791350172059,\"ms\":1298.2}","source":"console","time":"2026-10-07T05:16:12Z"}
{"level":"info","msg":"{\"ev\":\"req\",\"route\":\"problem_list\",\"status\":500,\"t\":1791350172060,\"ms\":1898.8}","source":"console","time":"2026-10-07T05:16:12Z"}
{"level":"info","msg":"{\"ev\":\"req\",\"route\":\"problem_list\",\"status\":500,\"t\":1791350172060,\"ms\":998.5}","source":"console","time":"2026-10-07T05:16:12Z"}
{"level":"info","msg":"{\"ev\":\"req\",\"route\":\"problem_list\",\"status\":500,\"t\":1791350172060,\"ms\":399}","source":"console","time":"2026-10-07T05:16:12Z"}
{"level":"info","msg":"{\"ev\":\"req\",\"route\":\"problem_detail\",\"status\":500,\"t\":1791350172060,\"ms\":299}","source":"console","time":"2026-10-07T05:16:12Z"}
{"level":"info","msg":"{\"ev\":\"req\",\"route\":\"problem_list\",\"status\":500,\"t\":1791350172061,\"ms\":100}","source":"console","time":"2026-10-07T05:16:12Z"}
{"level":"info","msg":"{\"ev\":\"req\",\"route\":\"problem_detail\",\"status\":500,\"t\":1791350172061,\"ms\":1800.2}","source":"console","time":"2026-10-07T05:16:12Z"}
{"level":"info","msg":"{\"ev\":\"req\",\"route\":\"problem_detail\",\"status\":500,\"t\":1791350172061,\"ms\":1499.8}","source":"console","time":"2026-10-07T05:16:12Z"}
{"level":"info","msg":"{\"ev\":\"req\",\"route\":\"problem_detail\",\"status\":500,\"t\":1791350172062,\"ms\":900.6}","source":"console","time":"2026-10-07T05:16:12Z"}
{"level":"info","msg":"{\"ev\":\"req\",\"route\":\"problem_detail\",\"status\":500,\"t\":1791350172062,\"ms\":601.8}","source":"console","time":"2026-10-07T05:16:12Z"}
{"level":"info","msg":"{\"ev\":\"req\",\"route\":\"problem_list\",\"status\":500,\"t\":1791350172062,\"ms\":1601.6}","source":"console","time":"2026-10-07T05:16:12Z"}
{"level":"info","msg":"{\"ev\":\"req\",\"route\":\"problem_list\",\"status\":500,\"t\":1791350172062,\"ms\":701.2}","source":"console","time":"2026-10-07T05:16:12Z"}
{"level":"info","msg":"{\"ev\":\"req\",\"route\":\"history\",\"status\":200,\"t\":1791350172173,\"ms\":11.2}","source":"console","time":"2026-10-07T05:16:12Z"}
{"level":"info","msg":"{\"ev\":\"req\",\"route\":\"history\",\"status\":200,\"t\":1791350172470,\"ms\":9.5}","source":"console","time":"2026-10-07T05:16:12Z"}
{"level":"info","msg":"{\"ev\":\"req\",\"route\":\"history\",\"status\":200,\"t\":1791350172773,\"ms\":12.7}","source":"console","time":"2026-10-07T05:16:12Z"}
{"level":"info","msg":"{\"ev\":\"req\",\"route\":\"history\",\"status\":200,\"t\":1791350173068,\"ms\":8.2}","source":"console","time":"2026-10-07T05:16:13Z"}
{"level":"info","msg":"{\"ev\":\"req\",\"route\":\"submit\",\"status\":503,\"t\":1791350173104,\"ms\":10.1}","source":"console","time":"2026-10-07T05:16:13Z"}
{"level":"info","msg":"{\"ev\":\"rejected\",\"status\":503,\"t\":1791350173105}","source":"console","time":"2026-10-07T05:16:13Z"}
{"level":"info","msg":"{\"ev\":\"req\",\"route\":\"history\",\"status\":200,\"t\":1791350173371,\"ms\":10.6}","source":"console","time":"2026-10-07T05:16:13Z"}
{"level":"info","msg":"{\"ev\":\"req\",\"route\":\"history\",\"status\":200,\"t\":1791350173674,\"ms\":12.8}","source":"console","time":"2026-10-07T05:16:13Z"}
{"level":"info","msg":"{\"ev\":\"req\",\"route\":\"history\",\"status\":200,\"t\":1791350173970,\"ms\":9.3}","source":"console","time":"2026-10-07T05:16:13Z"}
{"level":"info","msg":"{\"ev\":\"req\",\"route\":\"problem_detail\",\"status\":503,\"t\":1791350174066,\"ms\":2005.6}","source":"console","time":"2026-10-07T05:16:14Z"}
{"level":"info","msg":"{\"ev\":\"req\",\"route\":\"problem_list\",\"status\":503,\"t\":1791350174265,\"ms\":2004.6}","source":"console","time":"2026-10-07T05:16:14Z"}
{"level":"info","msg":"{\"ev\":\"req\",\"route\":\"history\",\"status\":200,\"t\":1791350174268,\"ms\":7.4}","source":"console","time":"2026-10-07T05:16:14Z"}
{"level":"info","msg":"{\"ev\":\"req\",\"route\":\"problem_detail\",\"status\":503,\"t\":1791350174367,\"ms\":2006.2}","source":"console","time":"2026-10-07T05:16:14Z"}
{"level":"info","msg":"{\"ev\":\"req\",\"route\":\"problem_list\",\"status\":503,\"t\":1791350174563,\"ms\":2002.5}","source":"console","time":"2026-10-07T05:16:14Z"}
{"level":"info","msg":"{\"ev\":\"req\",\"route\":\"history\",\"status\":200,\"t\":1791350174568,\"ms\":6.4}","source":"console","time":"2026-10-07T05:16:14Z"}
{"level":"info","msg":"{\"ev\":\"req\",\"route\":\"problem_detail\",\"status\":503,\"t\":1791350174664,\"ms\":2003.2}","source":"console","time":"2026-10-07T05:16:14Z"}
{"level":"info","msg":"{\"ev\":\"req\",\"route\":\"submit\",\"status\":503,\"t\":1791350174772,\"ms\":10.6}","source":"console","time":"2026-10-07T05:16:14Z"}
{"level":"info","msg":"{\"ev\":\"rejected\",\"status\":503,\"t\":1791350174772}","source":"console","time":"2026-10-07T05:16:14Z"}
{"level":"info","msg":"{\"ev\":\"req\",\"route\":\"problem_list\",\"status\":503,\"t\":1791350174867,\"ms\":2005.2}","source":"console","time":"2026-10-07T05:16:14Z"}
{"level":"info","msg":"{\"ev\":\"req\",\"route\":\"history\",\"status\":200,\"t\":1791350174873,\"ms\":12.1}","source":"console","time":"2026-10-07T05:16:14Z"}
{"level":"info","msg":"{\"ev\":\"req\",\"route\":\"problem_detail\",\"status\":503,\"t\":1791350174966,\"ms\":2005.3}","source":"console","time":"2026-10-07T05:16:14Z"}
{"level":"info","msg":"{\"ev\":\"req\",\"route\":\"problem_list\",\"status\":500,\"t\":1791350175133,\"ms\":1971.9}","source":"console","time":"2026-10-07T05:16:15Z"}
{"level":"info","msg":"{\"ev\":\"req\",\"route\":\"problem_detail\",\"status\":500,\"t\":1791350175133,\"ms\":1871.7}","source":"console","time":"2026-10-07T05:16:15Z"}
{"level":"info","msg":"{\"ev\":\"req\",\"route\":\"problem_list\",\"status\":500,\"t\":1791350175134,\"ms\":472.9}","source":"console","time":"2026-10-07T05:16:15Z"}
{"level":"info","msg":"{\"ev\":\"req\",\"route\":\"problem_list\",\"status\":500,\"t\":1791350175134,\"ms\":1072.5}","source":"console","time":"2026-10-07T05:16:15Z"}
{"level":"info","msg":"{\"ev\":\"req\",\"route\":\"problem_detail\",\"status\":500,\"t\":1791350175134,\"ms\":1273.3}","source":"console","time":"2026-10-07T05:16:15Z"}
{"level":"info","msg":"{\"ev\":\"req\",\"route\":\"problem_detail\",\"status\":500,\"t\":1791350175135,\"ms\":1574.4}","source":"console","time":"2026-10-07T05:16:15Z"}
{"level":"info","msg":"{\"ev\":\"req\",\"route\":\"problem_list\",\"status\":500,\"t\":1791350175136,\"ms\":1374.2}","source":"console","time":"2026-10-07T05:16:15Z"}
{"level":"info","msg":"{\"ev\":\"req\",\"route\":\"problem_detail\",\"status\":500,\"t\":1791350175136,\"ms\":74.5}","source":"console","time":"2026-10-07T05:16:15Z"}
{"level":"info","msg":"{\"ev\":\"req\",\"route\":\"problem_list\",\"status\":500,\"t\":1791350175136,\"ms\":1673.9}","source":"console","time":"2026-10-07T05:16:15Z"}
{"level":"info","msg":"{\"ev\":\"req\",\"route\":\"problem_detail\",\"status\":500,\"t\":1791350175136,\"ms\":676.1}","source":"console","time":"2026-10-07T05:16:15Z"}
{"level":"info","msg":"{\"ev\":\"req\",\"route\":\"problem_list\",\"status\":500,\"t\":1791350175136,\"ms\":175.7}","source":"console","time":"2026-10-07T05:16:15Z"}
{"level":"info","msg":"{\"ev\":\"req\",\"route\":\"problem_detail\",\"status\":500,\"t\":1791350175137,\"ms\":976}","source":"console","time":"2026-10-07T05:16:15Z"}
{"level":"info","msg":"{\"ev\":\"req\",\"route\":\"problem_detail\",\"status\":500,\"t\":1791350175137,\"ms\":375.9}","source":"console","time":"2026-10-07T05:16:15Z"}
{"level":"info","msg":"{\"ev\":\"req\",\"route\":\"problem_list\",\"status\":500,\"t\":1791350175138,\"ms\":777.8}","source":"console","time":"2026-10-07T05:16:15Z"}
{"level":"info","msg":"{\"ev\":\"req\",\"route\":\"history\",\"status\":200,\"t\":1791350175166,\"ms\":5.5}","source":"console","time":"2026-10-07T05:16:15Z"}
{"level":"info","msg":"{\"ev\":\"req\",\"route\":\"history\",\"status\":200,\"t\":1791350175474,\"ms\":13.5}","source":"console","time":"2026-10-07T05:16:15Z"}
{"level":"info","msg":"{\"ev\":\"req\",\"route\":\"history\",\"status\":200,\"t\":1791350175773,\"ms\":12.1}","source":"console","time":"2026-10-07T05:16:15Z"}
{"level":"info","msg":"{\"ev\":\"req\",\"route\":\"history\",\"status\":200,\"t\":1791350176067,\"ms\":6.1}","source":"console","time":"2026-10-07T05:16:16Z"}
{"level":"info","msg":"{\"ev\":\"req\",\"route\":\"history\",\"status\":200,\"t\":1791350176367,\"ms\":5.6}","source":"console","time":"2026-10-07T05:16:16Z"}
{"level":"info","msg":"{\"ev\":\"req\",\"route\":\"history\",\"status\":200,\"t\":1791350176674,\"ms\":12.8}","source":"console","time":"2026-10-07T05:16:16Z"}
{"level":"info","msg":"{\"ev\":\"req\",\"route\":\"history\",\"status\":200,\"t\":1791350176967,\"ms\":6.4}","source":"console","time":"2026-10-07T05:16:16Z"}
{"level":"info","msg":"{\"ev\":\"req\",\"route\":\"problem_list\",\"status\":503,\"t\":1791350177266,\"ms\":2004.4}","source":"console","time":"2026-10-07T05:16:17Z"}
{"level":"info","msg":"{\"ev\":\"req\",\"route\":\"history\",\"status\":200,\"t\":1791350177274,\"ms\":13.3}","source":"console","time":"2026-10-07T05:16:17Z"}
{"level":"info","msg":"{\"ev\":\"req\",\"route\":\"problem_detail\",\"status\":503,\"t\":1791350177374,\"ms\":2012.5}","source":"console","time":"2026-10-07T05:16:17Z"}
{"level":"info","msg":"{\"ev\":\"req\",\"route\":\"problem_list\",\"status\":503,\"t\":1791350177566,\"ms\":2005}","source":"console","time":"2026-10-07T05:16:17Z"}
{"level":"info","msg":"{\"ev\":\"req\",\"route\":\"history\",\"status\":200,\"t\":1791350177572,\"ms\":10.8}","source":"console","time":"2026-10-07T05:16:17Z"}
{"level":"info","msg":"{\"ev\":\"req\",\"route\":\"problem_detail\",\"status\":503,\"t\":1791350177664,\"ms\":2002.6}","source":"console","time":"2026-10-07T05:16:17Z"}
{"level":"info","msg":"{\"ev\":\"req\",\"route\":\"problem_list\",\"status\":503,\"t\":1791350177866,\"ms\":2005.7}","source":"console","time":"2026-10-07T05:16:17Z"}
{"level":"info","msg":"{\"ev\":\"req\",\"route\":\"history\",\"status\":200,\"t\":1791350177872,\"ms\":11.4}","source":"console","time":"2026-10-07T05:16:17Z"}
{"level":"info","msg":"{\"ev\":\"req\",\"route\":\"problem_detail\",\"status\":503,\"t\":1791350177965,\"ms\":2003.1}","source":"console","time":"2026-10-07T05:16:17Z"}
{"level":"info","msg":"{\"ev\":\"req\",\"route\":\"problem_list\",\"status\":503,\"t\":1791350178165,\"ms\":2004}","source":"console","time":"2026-10-07T05:16:18Z"}
{"level":"info","msg":"{\"ev\":\"req\",\"route\":\"history\",\"status\":200,\"t\":1791350178172,\"ms\":11.3}","source":"console","time":"2026-10-07T05:16:18Z"}
{"level":"info","msg":"{\"ev\":\"req\",\"route\":\"problem_detail\",\"status\":503,\"t\":1791350178266,\"ms\":2005.5}","source":"console","time":"2026-10-07T05:16:18Z"}
{"level":"info","msg":"{\"ev\":\"req\",\"route\":\"problem_detail\",\"status\":500,\"t\":1791350178330,\"ms\":1469}","source":"console","time":"2026-10-07T05:16:18Z"}
{"level":"info","msg":"{\"ev\":\"req\",\"route\":\"problem_list\",\"status\":500,\"t\":1791350178330,\"ms\":1569.1}","source":"console","time":"2026-10-07T05:16:18Z"}
{"level":"info","msg":"{\"ev\":\"req\",\"route\":\"problem_list\",\"status\":500,\"t\":1791350178330,\"ms\":1868.9}","source":"console","time":"2026-10-07T05:16:18Z"}
{"level":"info","msg":"{\"ev\":\"req\",\"route\":\"problem_list\",\"status\":500,\"t\":1791350178330,\"ms\":969}","source":"console","time":"2026-10-07T05:16:18Z"}
{"level":"info","msg":"{\"ev\":\"req\",\"route\":\"problem_detail\",\"status\":500,\"t\":1791350178330,\"ms\":1769}","source":"console","time":"2026-10-07T05:16:18Z"}
{"level":"info","msg":"{\"ev\":\"req\",\"route\":\"problem_detail\",\"status\":500,\"t\":1791350178330,\"ms\":1169.4}","source":"console","time":"2026-10-07T05:16:18Z"}
{"level":"info","msg":"{\"ev\":\"req\",\"route\":\"problem_list\",\"status\":500,\"t\":1791350178330,\"ms\":669.9}","source":"console","time":"2026-10-07T05:16:18Z"}
{"level":"info","msg":"{\"ev\":\"req\",\"route\":\"problem_detail\",\"status\":500,\"t\":1791350178330,\"ms\":270.1}","source":"console","time":"2026-10-07T05:16:18Z"}
{"level":"info","msg":"{\"ev\":\"req\",\"route\":\"problem_list\",\"status\":500,\"t\":1791350178330,\"ms\":369.2}","source":"console","time":"2026-10-07T05:16:18Z"}
{"level":"info","msg":"{\"ev\":\"req\",\"route\":\"problem_list\",\"status\":500,\"t\":1791350178330,\"ms\":1269.2}","source":"console","time":"2026-10-07T05:16:18Z"}
{"level":"info","msg":"{\"ev\":\"req\",\"route\":\"problem_detail\",\"status\":500,\"t\":1791350178331,\"ms\":570.1}","source":"console","time":"2026-10-07T05:16:18Z"}
{"level":"info","msg":"{\"ev\":\"req\",\"route\":\"problem_detail\",\"status\":500,\"t\":1791350178331,\"ms\":870.4}","source":"console","time":"2026-10-07T05:16:18Z"}
{"level":"info","msg":"{\"ev\":\"req\",\"route\":\"problem_list\",\"status\":500,\"t\":1791350178331,\"ms\":70.1}","source":"console","time":"2026-10-07T05:16:18Z"}
{"level":"info","msg":"{\"ev\":\"req\",\"route\":\"submit\",\"status\":503,\"t\":1791350178444,\"ms\":2016.1}","source":"console","time":"2026-10-07T05:16:18Z"}
{"level":"info","msg":"{\"ev\":\"rejected\",\"status\":503,\"t\":1791350178444}","source":"console","time":"2026-10-07T05:16:18Z"}
{"level":"info","msg":"{\"ev\":\"req\",\"route\":\"history\",\"status\":200,\"t\":1791350178472,\"ms\":11.7}","source":"console","time":"2026-10-07T05:16:18Z"}
{"level":"info","msg":"{\"ev\":\"req\",\"route\":\"history\",\"status\":200,\"t\":1791350178767,\"ms\":6.9}","source":"console","time":"2026-10-07T05:16:18Z"}
{"level":"info","msg":"{\"ev\":\"req\",\"route\":\"history\",\"status\":200,\"t\":1791350179072,\"ms\":10.5}","source":"console","time":"2026-10-07T05:16:19Z"}
{"level":"info","msg":"{\"ev\":\"req\",\"route\":\"history\",\"status\":200,\"t\":1791350179374,\"ms\":12.4}","source":"console","time":"2026-10-07T05:16:19Z"}
{"level":"info","msg":"{\"ev\":\"req\",\"route\":\"history\",\"status\":200,\"t\":1791350179671,\"ms\":10.7}","source":"console","time":"2026-10-07T05:16:19Z"}
{"level":"info","msg":"{\"ev\":\"req\",\"route\":\"history\",\"status\":200,\"t\":1791350179973,\"ms\":11.4}","source":"console","time":"2026-10-07T05:16:19Z"}
{"level":"info","msg":"{\"ev\":\"req\",\"route\":\"submit\",\"status\":503,\"t\":1791350180109,\"ms\":2014.7}","source":"console","time":"2026-10-07T05:16:20Z"}
{"level":"info","msg":"{\"ev\":\"rejected\",\"status\":503,\"t\":1791350180109}","source":"console","time":"2026-10-07T05:16:20Z"}
{"level":"info","msg":"{\"ev\":\"req\",\"route\":\"history\",\"status\":200,\"t\":1791350180273,\"ms\":11.9}","source":"console","time":"2026-10-07T05:16:20Z"}
{"level":"info","msg":"{\"ev\":\"req\",\"route\":\"problem_detail\",\"status\":503,\"t\":1791350180364,\"ms\":2003.5}","source":"console","time":"2026-10-07T05:16:20Z"}
{"level":"info","msg":"{\"ev\":\"req\",\"route\":\"problem_list\",\"status\":503,\"t\":1791350180567,\"ms\":2005.3}","source":"console","time":"2026-10-07T05:16:20Z"}
{"level":"info","msg":"{\"ev\":\"req\",\"route\":\"history\",\"status\":200,\"t\":1791350180573,\"ms\":11.6}","source":"console","time":"2026-10-07T05:16:20Z"}
{"level":"info","msg":"{\"ev\":\"req\",\"route\":\"problem_detail\",\"status\":503,\"t\":1791350180665,\"ms\":2004}","source":"console","time":"2026-10-07T05:16:20Z"}
{"level":"info","msg":"{\"ev\":\"req\",\"route\":\"problem_list\",\"status\":503,\"t\":1791350180865,\"ms\":2003.7}","source":"console","time":"2026-10-07T05:16:20Z"}
{"level":"info","msg":"{\"ev\":\"req\",\"route\":\"history\",\"status\":200,\"t\":1791350180870,\"ms\":9.4}","source":"console","time":"2026-10-07T05:16:20Z"}
{"level":"info","msg":"{\"ev\":\"req\",\"route\":\"problem_detail\",\"status\":503,\"t\":1791350180964,\"ms\":2003}","source":"console","time":"2026-10-07T05:16:20Z"}
{"level":"info","msg":"{\"ev\":\"req\",\"route\":\"problem_list\",\"status\":503,\"t\":1791350181165,\"ms\":2003.9}","source":"console","time":"2026-10-07T05:16:21Z"}
{"level":"info","msg":"{\"ev\":\"req\",\"route\":\"history\",\"status\":200,\"t\":1791350181172,\"ms\":11.4}","source":"console","time":"2026-10-07T05:16:21Z"}
{"level":"info","msg":"{\"ev\":\"req\",\"route\":\"problem_detail\",\"status\":503,\"t\":1791350181267,\"ms\":2006.3}","source":"console","time":"2026-10-07T05:16:21Z"}
{"level":"info","msg":"{\"ev\":\"req\",\"route\":\"submit\",\"status\":503,\"t\":1791350181433,\"ms\":5}","source":"console","time":"2026-10-07T05:16:21Z"}
{"level":"info","msg":"{\"ev\":\"rejected\",\"status\":503,\"t\":1791350181433}","source":"console","time":"2026-10-07T05:16:21Z"}
{"level":"info","msg":"{\"ev\":\"req\",\"route\":\"problem_detail\",\"status\":500,\"t\":1791350181466,\"ms\":1305.7}","source":"console","time":"2026-10-07T05:16:21Z"}
{"level":"info","msg":"{\"ev\":\"req\",\"route\":\"problem_list\",\"status\":500,\"t\":1791350181467,\"ms\":805.8}","source":"console","time":"2026-10-07T05:16:21Z"}
{"level":"info","msg":"{\"ev\":\"req\",\"route\":\"problem_detail\",\"status\":500,\"t\":1791350181467,\"ms\":406.2}","source":"console","time":"2026-10-07T05:16:21Z"}
{"level":"info","msg":"{\"ev\":\"req\",\"route\":\"problem_list\",\"status\":500,\"t\":1791350181466,\"ms\":1405.6}","source":"console","time":"2026-10-07T05:16:21Z"}
{"level":"info","msg":"{\"ev\":\"req\",\"route\":\"problem_detail\",\"status\":500,\"t\":1791350181467,\"ms\":1905.9}","source":"console","time":"2026-10-07T05:16:21Z"}
{"level":"info","msg":"{\"ev\":\"req\",\"route\":\"problem_detail\",\"status\":500,\"t\":1791350181467,\"ms\":1606.5}","source":"console","time":"2026-10-07T05:16:21Z"}
{"level":"info","msg":"{\"ev\":\"req\",\"route\":\"problem_detail\",\"status\":500,\"t\":1791350181467,\"ms\":105.7}","source":"console","time":"2026-10-07T05:16:21Z"}
{"level":"info","msg":"{\"ev\":\"req\",\"route\":\"problem_detail\",\"status\":500,\"t\":1791350181467,\"ms\":1005.7}","source":"console","time":"2026-10-07T05:16:21Z"}
{"level":"info","msg":"{\"ev\":\"req\",\"route\":\"problem_detail\",\"status\":500,\"t\":1791350181467,\"ms\":706.1}","source":"console","time":"2026-10-07T05:16:21Z"}
{"level":"info","msg":"{\"ev\":\"req\",\"route\":\"problem_list\",\"status\":500,\"t\":1791350181467,\"ms\":1706.8}","source":"console","time":"2026-10-07T05:16:21Z"}
{"level":"info","msg":"{\"ev\":\"req\",\"route\":\"problem_list\",\"status\":500,\"t\":1791350181467,\"ms\":506.2}","source":"console","time":"2026-10-07T05:16:21Z"}
{"level":"info","msg":"{\"ev\":\"req\",\"route\":\"problem_list\",\"status\":500,\"t\":1791350181468,\"ms\":2007.5}","source":"console","time":"2026-10-07T05:16:21Z"}
{"level":"info","msg":"{\"ev\":\"req\",\"route\":\"problem_list\",\"status\":500,\"t\":1791350181469,\"ms\":1107.4}","source":"console","time":"2026-10-07T05:16:21Z"}
{"level":"info","msg":"{\"ev\":\"req\",\"route\":\"problem_list\",\"status\":500,\"t\":1791350181469,\"ms\":207.9}","source":"console","time":"2026-10-07T05:16:21Z"}
{"level":"info","msg":"{\"ev\":\"req\",\"route\":\"history\",\"status\":200,\"t\":1791350181469,\"ms\":8.3}","source":"console","time":"2026-10-07T05:16:21Z"}
{"level":"info","msg":"{\"ev\":\"req\",\"route\":\"submit\",\"status\":503,\"t\":1791350181650,\"ms\":1889.4}","source":"console","time":"2026-10-07T05:16:21Z"}
{"level":"info","msg":"{\"ev\":\"rejected\",\"status\":503,\"t\":1791350181650}","source":"console","time":"2026-10-07T05:16:21Z"}
{"level":"info","msg":"{\"ev\":\"req\",\"route\":\"history\",\"status\":200,\"t\":1791350181768,\"ms\":6.8}","source":"console","time":"2026-10-07T05:16:21Z"}
{"level":"info","msg":"{\"ev\":\"req\",\"route\":\"history\",\"status\":200,\"t\":1791350182074,\"ms\":13}","source":"console","time":"2026-10-07T05:16:22Z"}
{"level":"info","msg":"{\"ev\":\"req\",\"route\":\"problem_list\",\"status\":503,\"t\":1791350182197,\"ms\":337.2}","source":"console","time":"2026-10-07T05:16:22Z"}
{"level":"info","msg":"{\"ev\":\"req\",\"route\":\"problem_detail\",\"status\":503,\"t\":1791350182198,\"ms\":237.5}","source":"console","time":"2026-10-07T05:16:22Z"}
{"level":"info","msg":"{\"ev\":\"req\",\"route\":\"problem_list\",\"status\":503,\"t\":1791350182198,\"ms\":637.6}","source":"console","time":"2026-10-07T05:16:22Z"}
{"level":"info","msg":"{\"ev\":\"req\",\"route\":\"problem_list\",\"status\":503,\"t\":1791350182198,\"ms\":37.6}","source":"console","time":"2026-10-07T05:16:22Z"}
{"level":"info","msg":"{\"ev\":\"req\",\"route\":\"problem_detail\",\"status\":503,\"t\":1791350182198,\"ms\":538.2}","source":"console","time":"2026-10-07T05:16:22Z"}
{"level":"info","msg":"{\"ev\":\"req\",\"route\":\"problem_detail\",\"status\":503,\"t\":1791350182264,\"ms\":2.9}","source":"console","time":"2026-10-07T05:16:22Z"}
{"level":"info","msg":"{\"ev\":\"req\",\"route\":\"history\",\"status\":200,\"t\":1791350182367,\"ms\":6.6}","source":"console","time":"2026-10-07T05:16:22Z"}
{"level":"info","msg":"{\"ev\":\"req\",\"route\":\"problem_list\",\"status\":503,\"t\":1791350182464,\"ms\":2.9}","source":"console","time":"2026-10-07T05:16:22Z"}
{"level":"info","msg":"{\"ev\":\"req\",\"route\":\"problem_detail\",\"status\":503,\"t\":1791350182564,\"ms\":2.9}","source":"console","time":"2026-10-07T05:16:22Z"}
{"level":"info","msg":"{\"ev\":\"req\",\"route\":\"history\",\"status\":200,\"t\":1791350182671,\"ms\":9.9}","source":"console","time":"2026-10-07T05:16:22Z"}
{"level":"info","msg":"{\"ev\":\"req\",\"route\":\"problem_list\",\"status\":503,\"t\":1791350182764,\"ms\":3}","source":"console","time":"2026-10-07T05:16:22Z"}
{"level":"info","msg":"{\"ev\":\"req\",\"route\":\"problem_detail\",\"status\":503,\"t\":1791350182864,\"ms\":2.9}","source":"console","time":"2026-10-07T05:16:22Z"}
{"level":"info","msg":"{\"ev\":\"req\",\"route\":\"history\",\"status\":200,\"t\":1791350182969,\"ms\":7.9}","source":"console","time":"2026-10-07T05:16:22Z"}
{"level":"info","msg":"{\"ev\":\"req\",\"route\":\"problem_list\",\"status\":503,\"t\":1791350183064,\"ms\":2.7}","source":"console","time":"2026-10-07T05:16:23Z"}
{"level":"info","msg":"{\"ev\":\"req\",\"route\":\"submit\",\"status\":503,\"t\":1791350183101,\"ms\":6.2}","source":"console","time":"2026-10-07T05:16:23Z"}
{"level":"info","msg":"{\"ev\":\"rejected\",\"status\":503,\"t\":1791350183101}","source":"console","time":"2026-10-07T05:16:23Z"}
{"level":"info","msg":"{\"ev\":\"req\",\"route\":\"problem_detail\",\"status\":503,\"t\":1791350183169,\"ms\":3.1}","source":"console","time":"2026-10-07T05:16:23Z"}
{"level":"info","msg":"{\"ev\":\"req\",\"route\":\"history\",\"status\":200,\"t\":1791350183269,\"ms\":8.2}","source":"console","time":"2026-10-07T05:16:23Z"}
{"level":"info","msg":"{\"ev\":\"req\",\"route\":\"problem_list\",\"status\":503,\"t\":1791350183365,\"ms\":5.1}","source":"console","time":"2026-10-07T05:16:23Z"}
{"level":"info","msg":"{\"ev\":\"req\",\"route\":\"problem_detail\",\"status\":503,\"t\":1791350183463,\"ms\":2.6}","source":"console","time":"2026-10-07T05:16:23Z"}
{"level":"info","msg":"{\"ev\":\"req\",\"route\":\"history\",\"status\":200,\"t\":1791350183567,\"ms\":6}","source":"console","time":"2026-10-07T05:16:23Z"}
{"level":"info","msg":"{\"ev\":\"req\",\"route\":\"problem_list\",\"status\":503,\"t\":1791350183663,\"ms\":2.8}","source":"console","time":"2026-10-07T05:16:23Z"}
{"level":"info","msg":"{\"ev\":\"req\",\"route\":\"problem_detail\",\"status\":503,\"t\":1791350183765,\"ms\":4}","source":"console","time":"2026-10-07T05:16:23Z"}
{"level":"info","msg":"{\"ev\":\"req\",\"route\":\"history\",\"status\":200,\"t\":1791350183868,\"ms\":6.7}","source":"console","time":"2026-10-07T05:16:23Z"}
{"level":"info","msg":"{\"ev\":\"req\",\"route\":\"problem_list\",\"status\":503,\"t\":1791350183965,\"ms\":3.7}","source":"console","time":"2026-10-07T05:16:23Z"}
{"level":"info","msg":"{\"ev\":\"req\",\"route\":\"problem_detail\",\"status\":503,\"t\":1791350184064,\"ms\":3}","source":"console","time":"2026-10-07T05:16:24Z"}
{"level":"info","msg":"{\"ev\":\"req\",\"route\":\"history\",\"status\":200,\"t\":1791350184169,\"ms\":8.1}","source":"console","time":"2026-10-07T05:16:24Z"}
{"level":"info","msg":"{\"ev\":\"req\",\"route\":\"problem_list\",\"status\":503,\"t\":1791350184264,\"ms\":3.5}","source":"console","time":"2026-10-07T05:16:24Z"}
{"level":"info","msg":"{\"ev\":\"req\",\"route\":\"problem_detail\",\"status\":503,\"t\":1791350184365,\"ms\":3.6}","source":"console","time":"2026-10-07T05:16:24Z"}
{"level":"info","msg":"{\"ev\":\"req\",\"route\":\"history\",\"status\":200,\"t\":1791350184467,\"ms\":6.6}","source":"console","time":"2026-10-07T05:16:24Z"}
{"level":"info","msg":"{\"ev\":\"req\",\"route\":\"problem_list\",\"status\":503,\"t\":1791350184564,\"ms\":3.6}","source":"console","time":"2026-10-07T05:16:24Z"}
{"level":"info","msg":"{\"ev\":\"req\",\"route\":\"problem_detail\",\"status\":503,\"t\":1791350184665,\"ms\":4.4}","source":"console","time":"2026-10-07T05:16:24Z"}
{"level":"info","msg":"{\"ev\":\"req\",\"route\":\"submit\",\"status\":503,\"t\":1791350184769,\"ms\":8.4}","source":"console","time":"2026-10-07T05:16:24Z"}
{"level":"info","msg":"{\"ev\":\"rejected\",\"status\":503,\"t\":1791350184769}","source":"console","time":"2026-10-07T05:16:24Z"}
{"level":"info","msg":"{\"ev\":\"req\",\"route\":\"history\",\"status\":200,\"t\":1791350184769,\"ms\":8.7}","source":"console","time":"2026-10-07T05:16:24Z"}
{"level":"info","msg":"{\"ev\":\"req\",\"route\":\"problem_list\",\"status\":503,\"t\":1791350184864,\"ms\":3.3}","source":"console","time":"2026-10-07T05:16:24Z"}
{"level":"info","msg":"{\"ev\":\"req\",\"route\":\"problem_detail\",\"status\":503,\"t\":1791350184964,\"ms\":3.7}","source":"console","time":"2026-10-07T05:16:24Z"}
{"level":"info","msg":"{\"ev\":\"req\",\"route\":\"history\",\"status\":200,\"t\":1791350185069,\"ms\":7.6}","source":"console","time":"2026-10-07T05:16:25Z"}
{"level":"info","msg":"{\"ev\":\"req\",\"route\":\"problem_list\",\"status\":503,\"t\":1791350185165,\"ms\":3.9}","source":"console","time":"2026-10-07T05:16:25Z"}
{"level":"info","msg":"{\"ev\":\"req\",\"route\":\"problem_detail\",\"status\":503,\"t\":1791350185265,\"ms\":4.3}","source":"console","time":"2026-10-07T05:16:25Z"}
{"level":"info","msg":"{\"ev\":\"req\",\"route\":\"history\",\"status\":200,\"t\":1791350185368,\"ms\":6.7}","source":"console","time":"2026-10-07T05:16:25Z"}
{"level":"info","msg":"{\"ev\":\"req\",\"route\":\"problem_list\",\"status\":503,\"t\":1791350185463,\"ms\":2.8}","source":"console","time":"2026-10-07T05:16:25Z"}
{"level":"info","msg":"{\"ev\":\"req\",\"route\":\"problem_detail\",\"status\":503,\"t\":1791350185564,\"ms\":2.7}","source":"console","time":"2026-10-07T05:16:25Z"}
{"level":"info","msg":"{\"ev\":\"req\",\"route\":\"history\",\"status\":200,\"t\":1791350185672,\"ms\":11.9}","source":"console","time":"2026-10-07T05:16:25Z"}
{"level":"info","msg":"{\"ev\":\"req\",\"route\":\"problem_list\",\"status\":503,\"t\":1791350185765,\"ms\":3.6}","source":"console","time":"2026-10-07T05:16:25Z"}
{"level":"info","msg":"{\"ev\":\"req\",\"route\":\"problem_detail\",\"status\":503,\"t\":1791350185867,\"ms\":6.7}","source":"console","time":"2026-10-07T05:16:25Z"}
{"level":"info","msg":"{\"ev\":\"req\",\"route\":\"history\",\"status\":200,\"t\":1791350185971,\"ms\":10.5}","source":"console","time":"2026-10-07T05:16:25Z"}
{"level":"info","msg":"{\"ev\":\"req\",\"route\":\"problem_list\",\"status\":503,\"t\":1791350186065,\"ms\":4.6}","source":"console","time":"2026-10-07T05:16:26Z"}
{"level":"info","msg":"{\"ev\":\"req\",\"route\":\"problem_detail\",\"status\":503,\"t\":1791350186167,\"ms\":6}","source":"console","time":"2026-10-07T05:16:26Z"}
{"level":"info","msg":"{\"ev\":\"req\",\"route\":\"history\",\"status\":200,\"t\":1791350186269,\"ms\":8.9}","source":"console","time":"2026-10-07T05:16:26Z"}
{"level":"info","msg":"{\"ev\":\"req\",\"route\":\"problem_list\",\"status\":503,\"t\":1791350186364,\"ms\":3.4}","source":"console","time":"2026-10-07T05:16:26Z"}
{"level":"info","msg":"{\"ev\":\"req\",\"route\":\"submit\",\"status\":503,\"t\":1791350186439,\"ms\":11.4}","source":"console","time":"2026-10-07T05:16:26Z"}
{"level":"info","msg":"{\"ev\":\"rejected\",\"status\":503,\"t\":1791350186439}","source":"console","time":"2026-10-07T05:16:26Z"}
{"level":"info","msg":"{\"ev\":\"req\",\"route\":\"problem_detail\",\"status\":503,\"t\":1791350186465,\"ms\":4.2}","source":"console","time":"2026-10-07T05:16:26Z"}
{"level":"info","msg":"{\"ev\":\"req\",\"route\":\"history\",\"status\":200,\"t\":1791350186571,\"ms\":9.6}","source":"console","time":"2026-10-07T05:16:26Z"}
{"level":"info","msg":"{\"ev\":\"req\",\"route\":\"problem_list\",\"status\":503,\"t\":1791350186665,\"ms\":4.2}","source":"console","time":"2026-10-07T05:16:26Z"}
{"level":"info","msg":"{\"ev\":\"req\",\"route\":\"problem_detail\",\"status\":503,\"t\":1791350186765,\"ms\":4.6}","source":"console","time":"2026-10-07T05:16:26Z"}
{"level":"info","msg":"{\"ev\":\"req\",\"route\":\"history\",\"status\":200,\"t\":1791350186869,\"ms\":8.4}","source":"console","time":"2026-10-07T05:16:26Z"}
{"level":"info","msg":"{\"ev\":\"req\",\"route\":\"problem_list\",\"status\":503,\"t\":1791350186964,\"ms\":3.6}","source":"console","time":"2026-10-07T05:16:26Z"}
{"level":"info","msg":"{\"ev\":\"req\",\"route\":\"problem_detail\",\"status\":503,\"t\":1791350187064,\"ms\":3.6}","source":"console","time":"2026-10-07T05:16:27Z"}
{"level":"info","msg":"{\"ev\":\"req\",\"route\":\"history\",\"status\":200,\"t\":1791350187170,\"ms\":8.7}","source":"console","time":"2026-10-07T05:16:27Z"}
{"level":"info","msg":"{\"ev\":\"req\",\"route\":\"problem_list\",\"status\":503,\"t\":1791350187263,\"ms\":2.9}","source":"console","time":"2026-10-07T05:16:27Z"}
{"level":"info","msg":"{\"ev\":\"req\",\"route\":\"problem_detail\",\"status\":503,\"t\":1791350187364,\"ms\":2.7}","source":"console","time":"2026-10-07T05:16:27Z"}
{"level":"info","msg":"{\"ev\":\"req\",\"route\":\"history\",\"status\":200,\"t\":1791350187471,\"ms\":10}","source":"console","time":"2026-10-07T05:16:27Z"}
{"level":"info","msg":"{\"ev\":\"req\",\"route\":\"problem_list\",\"status\":503,\"t\":1791350187564,\"ms\":3.5}","source":"console","time":"2026-10-07T05:16:27Z"}
{"level":"info","msg":"{\"ev\":\"req\",\"route\":\"problem_detail\",\"status\":503,\"t\":1791350187664,\"ms\":3.2}","source":"console","time":"2026-10-07T05:16:27Z"}
{"level":"info","msg":"{\"ev\":\"req\",\"route\":\"history\",\"status\":200,\"t\":1791350187769,\"ms\":8}","source":"console","time":"2026-10-07T05:16:27Z"}
{"level":"info","msg":"{\"ev\":\"req\",\"route\":\"problem_list\",\"status\":503,\"t\":1791350187863,\"ms\":2.9}","source":"console","time":"2026-10-07T05:16:27Z"}
{"level":"info","msg":"{\"ev\":\"req\",\"route\":\"problem_detail\",\"status\":503,\"t\":1791350187965,\"ms\":3.6}","source":"console","time":"2026-10-07T05:16:27Z"}
{"level":"info","msg":"{\"ev\":\"req\",\"route\":\"history\",\"status\":200,\"t\":1791350188068,\"ms\":6.9}","source":"console","time":"2026-10-07T05:16:28Z"}
{"level":"info","msg":"{\"ev\":\"req\",\"route\":\"submit\",\"status\":503,\"t\":1791350188100,\"ms\":6.4}","source":"console","time":"2026-10-07T05:16:28Z"}
{"level":"info","msg":"{\"ev\":\"rejected\",\"status\":503,\"t\":1791350188101}","source":"console","time":"2026-10-07T05:16:28Z"}
{"level":"info","msg":"{\"ev\":\"req\",\"route\":\"problem_list\",\"status\":503,\"t\":1791350188168,\"ms\":7.4}","source":"console","time":"2026-10-07T05:16:28Z"}
{"level":"info","msg":"{\"ev\":\"req\",\"route\":\"problem_detail\",\"status\":503,\"t\":1791350188265,\"ms\":4}","source":"console","time":"2026-10-07T05:16:28Z"}
{"level":"info","msg":"{\"ev\":\"req\",\"route\":\"history\",\"status\":200,\"t\":1791350188373,\"ms\":13.1}","source":"console","time":"2026-10-07T05:16:28Z"}
{"level":"info","msg":"{\"ev\":\"req\",\"route\":\"problem_list\",\"status\":503,\"t\":1791350188465,\"ms\":3.8}","source":"console","time":"2026-10-07T05:16:28Z"}
{"level":"info","msg":"{\"ev\":\"req\",\"route\":\"problem_detail\",\"status\":503,\"t\":1791350188563,\"ms\":2.8}","source":"console","time":"2026-10-07T05:16:28Z"}
{"level":"info","msg":"{\"ev\":\"req\",\"route\":\"history\",\"status\":200,\"t\":1791350188668,\"ms\":7.1}","source":"console","time":"2026-10-07T05:16:28Z"}
{"level":"info","msg":"{\"ev\":\"req\",\"route\":\"problem_list\",\"status\":503,\"t\":1791350188763,\"ms\":2.6}","source":"console","time":"2026-10-07T05:16:28Z"}
{"level":"info","msg":"{\"ev\":\"req\",\"route\":\"problem_detail\",\"status\":503,\"t\":1791350188865,\"ms\":3.6}","source":"console","time":"2026-10-07T05:16:28Z"}
{"level":"info","msg":"{\"ev\":\"req\",\"route\":\"history\",\"status\":200,\"t\":1791350188971,\"ms\":10.1}","source":"console","time":"2026-10-07T05:16:28Z"}
{"level":"info","msg":"{\"ev\":\"req\",\"route\":\"problem_list\",\"status\":503,\"t\":1791350189063,\"ms\":2.7}","source":"console","time":"2026-10-07T05:16:29Z"}
{"level":"info","msg":"{\"ev\":\"req\",\"route\":\"problem_detail\",\"status\":503,\"t\":1791350189164,\"ms\":2.7}","source":"console","time":"2026-10-07T05:16:29Z"}
{"level":"info","msg":"{\"ev\":\"req\",\"route\":\"history\",\"status\":200,\"t\":1791350189268,\"ms\":7.2}","source":"console","time":"2026-10-07T05:16:29Z"}
{"level":"info","msg":"{\"ev\":\"req\",\"route\":\"problem_list\",\"status\":503,\"t\":1791350189364,\"ms\":3.2}","source":"console","time":"2026-10-07T05:16:29Z"}
{"level":"info","msg":"{\"ev\":\"req\",\"route\":\"problem_detail\",\"status\":503,\"t\":1791350189464,\"ms\":3.5}","source":"console","time":"2026-10-07T05:16:29Z"}
{"level":"info","msg":"{\"ev\":\"req\",\"route\":\"history\",\"status\":200,\"t\":1791350189567,\"ms\":6.1}","source":"console","time":"2026-10-07T05:16:29Z"}
{"level":"info","msg":"{\"ev\":\"req\",\"route\":\"problem_list\",\"status\":503,\"t\":1791350189664,\"ms\":3.2}","source":"console","time":"2026-10-07T05:16:29Z"}
{"level":"info","msg":"{\"ev\":\"req\",\"route\":\"problem_detail\",\"status\":503,\"t\":1791350189768,\"ms\":7.3}","source":"console","time":"2026-10-07T05:16:29Z"}
{"level":"info","msg":"{\"ev\":\"req\",\"route\":\"submit\",\"status\":503,\"t\":1791350189772,\"ms\":11.6}","source":"console","time":"2026-10-07T05:16:29Z"}
{"level":"info","msg":"{\"ev\":\"rejected\",\"status\":503,\"t\":1791350189772}","source":"console","time":"2026-10-07T05:16:29Z"}
{"level":"info","msg":"{\"ev\":\"req\",\"route\":\"history\",\"status\":200,\"t\":1791350189869,\"ms\":8.1}","source":"console","time":"2026-10-07T05:16:29Z"}
{"level":"info","msg":"{\"ev\":\"req\",\"route\":\"problem_list\",\"status\":503,\"t\":1791350189964,\"ms\":3.1}","source":"console","time":"2026-10-07T05:16:29Z"}
{"level":"info","msg":"{\"ev\":\"req\",\"route\":\"problem_detail\",\"status\":503,\"t\":1791350190065,\"ms\":4}","source":"console","time":"2026-10-07T05:16:30Z"}
{"level":"info","msg":"{\"ev\":\"req\",\"route\":\"history\",\"status\":200,\"t\":1791350190172,\"ms\":11.3}","source":"console","time":"2026-10-07T05:16:30Z"}
{"level":"info","msg":"{\"ev\":\"req\",\"route\":\"problem_list\",\"status\":503,\"t\":1791350190264,\"ms\":3.4}","source":"console","time":"2026-10-07T05:16:30Z"}
{"level":"info","msg":"{\"ev\":\"req\",\"route\":\"problem_detail\",\"status\":503,\"t\":1791350190364,\"ms\":3.3}","source":"console","time":"2026-10-07T05:16:30Z"}
{"level":"info","msg":"{\"ev\":\"req\",\"route\":\"history\",\"status\":200,\"t\":1791350190468,\"ms\":7.7}","source":"console","time":"2026-10-07T05:16:30Z"}
{"level":"info","msg":"{\"ev\":\"req\",\"route\":\"problem_list\",\"status\":503,\"t\":1791350190564,\"ms\":3.3}","source":"console","time":"2026-10-07T05:16:30Z"}
{"level":"info","msg":"{\"ev\":\"req\",\"route\":\"problem_detail\",\"status\":503,\"t\":1791350190664,\"ms\":3.3}","source":"console","time":"2026-10-07T05:16:30Z"}
{"level":"info","msg":"{\"ev\":\"req\",\"route\":\"history\",\"status\":200,\"t\":1791350190772,\"ms\":10.8}","source":"console","time":"2026-10-07T05:16:30Z"}
{"level":"info","msg":"{\"ev\":\"req\",\"route\":\"problem_list\",\"status\":503,\"t\":1791350190863,\"ms\":2.6}","source":"console","time":"2026-10-07T05:16:30Z"}
{"level":"info","msg":"{\"ev\":\"req\",\"route\":\"problem_detail\",\"status\":503,\"t\":1791350190964,\"ms\":3.3}","source":"console","time":"2026-10-07T05:16:30Z"}
{"level":"info","msg":"{\"ev\":\"req\",\"route\":\"history\",\"status\":200,\"t\":1791350191072,\"ms\":10.5}","source":"console","time":"2026-10-07T05:16:31Z"}
{"level":"info","msg":"{\"ev\":\"req\",\"route\":\"problem_list\",\"status\":503,\"t\":1791350191165,\"ms\":3.7}","source":"console","time":"2026-10-07T05:16:31Z"}
{"level":"info","msg":"{\"ev\":\"req\",\"route\":\"problem_detail\",\"status\":503,\"t\":1791350191264,\"ms\":3}","source":"console","time":"2026-10-07T05:16:31Z"}
{"level":"info","msg":"{\"ev\":\"req\",\"route\":\"history\",\"status\":200,\"t\":1791350191371,\"ms\":10.8}","source":"console","time":"2026-10-07T05:16:31Z"}
{"level":"info","msg":"{\"ev\":\"req\",\"route\":\"submit\",\"status\":503,\"t\":1791350191438,\"ms\":10}","source":"console","time":"2026-10-07T05:16:31Z"}
{"level":"info","msg":"{\"ev\":\"rejected\",\"status\":503,\"t\":1791350191438}","source":"console","time":"2026-10-07T05:16:31Z"}
{"level":"info","msg":"{\"ev\":\"req\",\"route\":\"problem_list\",\"status\":503,\"t\":1791350191463,\"ms\":3}","source":"console","time":"2026-10-07T05:16:31Z"}
{"level":"info","msg":"{\"ev\":\"req\",\"route\":\"problem_detail\",\"status\":503,\"t\":1791350191563,\"ms\":2.4}","source":"console","time":"2026-10-07T05:16:31Z"}
{"level":"info","msg":"{\"ev\":\"req\",\"route\":\"history\",\"status\":200,\"t\":1791350191670,\"ms\":8.5}","source":"console","time":"2026-10-07T05:16:31Z"}
{"level":"info","msg":"{\"ev\":\"req\",\"route\":\"problem_list\",\"status\":503,\"t\":1791350191763,\"ms\":2.8}","source":"console","time":"2026-10-07T05:16:31Z"}
{"level":"info","msg":"{\"ev\":\"req\",\"route\":\"problem_detail\",\"status\":503,\"t\":1791350191865,\"ms\":4.3}","source":"console","time":"2026-10-07T05:16:31Z"}
{"level":"info","msg":"{\"ev\":\"req\",\"route\":\"history\",\"status\":200,\"t\":1791350191972,\"ms\":11.1}","source":"console","time":"2026-10-07T05:16:31Z"}
{"level":"info","msg":"{\"ev\":\"req\",\"route\":\"problem_list\",\"status\":503,\"t\":1791350192064,\"ms\":3.5}","source":"console","time":"2026-10-07T05:16:32Z"}
{"level":"info","msg":"{\"ev\":\"req\",\"route\":\"problem_detail\",\"status\":503,\"t\":1791350192166,\"ms\":4.1}","source":"console","time":"2026-10-07T05:16:32Z"}
{"level":"info","msg":"{\"ev\":\"req\",\"route\":\"history\",\"status\":200,\"t\":1791350192285,\"ms\":23.3}","source":"console","time":"2026-10-07T05:16:32Z"}
{"level":"info","msg":"{\"ev\":\"req\",\"route\":\"problem_list\",\"status\":503,\"t\":1791350192364,\"ms\":4.1}","source":"console","time":"2026-10-07T05:16:32Z"}
{"level":"info","msg":"{\"ev\":\"req\",\"route\":\"problem_detail\",\"status\":503,\"t\":1791350192464,\"ms\":3.8}","source":"console","time":"2026-10-07T05:16:32Z"}
{"level":"info","msg":"{\"ev\":\"req\",\"route\":\"history\",\"status\":200,\"t\":1791350192571,\"ms\":10.2}","source":"console","time":"2026-10-07T05:16:32Z"}
{"level":"info","msg":"{\"ev\":\"req\",\"route\":\"problem_list\",\"status\":503,\"t\":1791350192664,\"ms\":3.1}","source":"console","time":"2026-10-07T05:16:32Z"}
{"level":"info","msg":"{\"ev\":\"req\",\"route\":\"problem_detail\",\"status\":503,\"t\":1791350192768,\"ms\":3.7}","source":"console","time":"2026-10-07T05:16:32Z"}
{"level":"info","msg":"{\"ev\":\"req\",\"route\":\"history\",\"status\":200,\"t\":1791350192872,\"ms\":11.6}","source":"console","time":"2026-10-07T05:16:32Z"}
{"level":"info","msg":"{\"ev\":\"req\",\"route\":\"problem_list\",\"status\":503,\"t\":1791350192965,\"ms\":3.3}","source":"console","time":"2026-10-07T05:16:32Z"}
{"level":"info","msg":"{\"ev\":\"req\",\"route\":\"problem_detail\",\"status\":503,\"t\":1791350193064,\"ms\":3.2}","source":"console","time":"2026-10-07T05:16:33Z"}
{"level":"info","msg":"{\"ev\":\"req\",\"route\":\"history\",\"status\":200,\"t\":1791350193180,\"ms\":19.4}","source":"console","time":"2026-10-07T05:16:33Z"}
{"level":"info","msg":"{\"ev\":\"req\",\"route\":\"problem_list\",\"status\":503,\"t\":1791350193264,\"ms\":3}","source":"console","time":"2026-10-07T05:16:33Z"}
{"level":"info","msg":"{\"ev\":\"req\",\"route\":\"problem_detail\",\"status\":503,\"t\":1791350193364,\"ms\":3.4}","source":"console","time":"2026-10-07T05:16:33Z"}
{"level":"info","msg":"{\"ev\":\"req\",\"route\":\"history\",\"status\":200,\"t\":1791350193474,\"ms\":13.1}","source":"console","time":"2026-10-07T05:16:33Z"}
{"level":"info","msg":"{\"ev\":\"req\",\"route\":\"submit\",\"status\":503,\"t\":1791350193510,\"ms\":416.1}","source":"console","time":"2026-10-07T05:16:33Z"}
{"level":"info","msg":"{\"ev\":\"rejected\",\"status\":503,\"t\":1791350193510}","source":"console","time":"2026-10-07T05:16:33Z"}
{"level":"info","msg":"{\"ev\":\"req\",\"route\":\"problem_list\",\"status\":503,\"t\":1791350193563,\"ms\":2.7}","source":"console","time":"2026-10-07T05:16:33Z"}
{"level":"info","msg":"{\"ev\":\"req\",\"route\":\"problem_detail\",\"status\":503,\"t\":1791350193664,\"ms\":3.4}","source":"console","time":"2026-10-07T05:16:33Z"}
{"level":"info","msg":"{\"ev\":\"req\",\"route\":\"history\",\"status\":200,\"t\":1791350193768,\"ms\":7.9}","source":"console","time":"2026-10-07T05:16:33Z"}
{"level":"info","msg":"{\"ev\":\"req\",\"route\":\"problem_list\",\"status\":503,\"t\":1791350193864,\"ms\":3.9}","source":"console","time":"2026-10-07T05:16:33Z"}
{"level":"info","msg":"{\"ev\":\"req\",\"route\":\"problem_detail\",\"status\":503,\"t\":1791350193965,\"ms\":3.9}","source":"console","time":"2026-10-07T05:16:33Z"}
{"level":"info","msg":"{\"ev\":\"req\",\"route\":\"history\",\"status\":200,\"t\":1791350194070,\"ms\":8.9}","source":"console","time":"2026-10-07T05:16:34Z"}
{"level":"info","msg":"{\"ev\":\"req\",\"route\":\"problem_list\",\"status\":503,\"t\":1791350194164,\"ms\":3.1}","source":"console","time":"2026-10-07T05:16:34Z"}
{"level":"info","msg":"{\"ev\":\"req\",\"route\":\"problem_detail\",\"status\":503,\"t\":1791350194263,\"ms\":2.9}","source":"console","time":"2026-10-07T05:16:34Z"}
{"level":"info","msg":"{\"ev\":\"req\",\"route\":\"history\",\"status\":200,\"t\":1791350194369,\"ms\":7.8}","source":"console","time":"2026-10-07T05:16:34Z"}
{"level":"info","msg":"{\"ev\":\"req\",\"route\":\"problem_list\",\"status\":503,\"t\":1791350194465,\"ms\":3.9}","source":"console","time":"2026-10-07T05:16:34Z"}
{"level":"info","msg":"{\"ev\":\"req\",\"route\":\"problem_detail\",\"status\":503,\"t\":1791350194564,\"ms\":3.6}","source":"console","time":"2026-10-07T05:16:34Z"}
{"level":"info","msg":"{\"ev\":\"req\",\"route\":\"history\",\"status\":200,\"t\":1791350194668,\"ms\":7}","source":"console","time":"2026-10-07T05:16:34Z"}
{"level":"info","msg":"{\"ev\":\"req\",\"route\":\"problem_list\",\"status\":503,\"t\":1791350194764,\"ms\":2.7}","source":"console","time":"2026-10-07T05:16:34Z"}
{"level":"info","msg":"{\"ev\":\"req\",\"route\":\"submit\",\"status\":503,\"t\":1791350194768,\"ms\":7.4}","source":"console","time":"2026-10-07T05:16:34Z"}
{"level":"info","msg":"{\"ev\":\"rejected\",\"status\":503,\"t\":1791350194769}","source":"console","time":"2026-10-07T05:16:34Z"}
{"level":"info","msg":"{\"ev\":\"req\",\"route\":\"problem_detail\",\"status\":503,\"t\":1791350194864,\"ms\":3}","source":"console","time":"2026-10-07T05:16:34Z"}
{"level":"info","msg":"{\"ev\":\"req\",\"route\":\"history\",\"status\":200,\"t\":1791350194968,\"ms\":7.5}","source":"console","time":"2026-10-07T05:16:34Z"}
{"level":"info","msg":"{\"ev\":\"req\",\"route\":\"problem_list\",\"status\":503,\"t\":1791350195064,\"ms\":2.5}","source":"console","time":"2026-10-07T05:16:35Z"}
{"level":"info","msg":"{\"ev\":\"req\",\"route\":\"problem_detail\",\"status\":503,\"t\":1791350195163,\"ms\":2.5}","source":"console","time":"2026-10-07T05:16:35Z"}
{"level":"info","msg":"{\"ev\":\"req\",\"route\":\"history\",\"status\":200,\"t\":1791350195269,\"ms\":7.7}","source":"console","time":"2026-10-07T05:16:35Z"}
{"level":"info","msg":"{\"ev\":\"req\",\"route\":\"history\",\"status\":200,\"t\":1791350195570,\"ms\":8.9}","source":"console","time":"2026-10-07T05:16:35Z"}
{"level":"info","msg":"{\"ev\":\"req\",\"route\":\"history\",\"status\":200,\"t\":1791350195874,\"ms\":13.2}","source":"console","time":"2026-10-07T05:16:35Z"}
{"level":"info","msg":"{\"ev\":\"req\",\"route\":\"problem_list\",\"status\":200,\"t\":1791350196103,\"ms\":742.3}","source":"console","time":"2026-10-07T05:16:36Z"}
{"level":"info","msg":"{\"ev\":\"req\",\"route\":\"problem_list\",\"status\":200,\"t\":1791350196104,\"ms\":142.9}","source":"console","time":"2026-10-07T05:16:36Z"}
{"level":"info","msg":"{\"ev\":\"req\",\"route\":\"problem_list\",\"status\":200,\"t\":1791350196108,\"ms\":447.7}","source":"console","time":"2026-10-07T05:16:36Z"}
{"level":"info","msg":"{\"ev\":\"req\",\"route\":\"problem_detail\",\"status\":200,\"t\":1791350196110,\"ms\":649.2}","source":"console","time":"2026-10-07T05:16:36Z"}
{"level":"info","msg":"{\"ev\":\"req\",\"route\":\"problem_detail\",\"status\":200,\"t\":1791350196110,\"ms\":348.4}","source":"console","time":"2026-10-07T05:16:36Z"}
{"level":"info","msg":"{\"ev\":\"req\",\"route\":\"problem_detail\",\"status\":200,\"t\":1791350196110,\"ms\":49.1}","source":"console","time":"2026-10-07T05:16:36Z"}
{"level":"info","msg":"{\"ev\":\"req\",\"route\":\"history\",\"status\":200,\"t\":1791350196177,\"ms\":16.1}","source":"console","time":"2026-10-07T05:16:36Z"}
{"level":"info","msg":"{\"ev\":\"req\",\"route\":\"problem_list\",\"status\":200,\"t\":1791350196343,\"ms\":44.1}","source":"console","time":"2026-10-07T05:16:36Z"}
{"level":"info","msg":"{\"ev\":\"req\",\"route\":\"problem_detail\",\"status\":200,\"t\":1791350196376,\"ms\":14.8}","source":"console","time":"2026-10-07T05:16:36Z"}
{"level":"info","msg":"{\"ev\":\"req\",\"route\":\"submit\",\"status\":503,\"t\":1791350196434,\"ms\":5.9}","source":"console","time":"2026-10-07T05:16:36Z"}
{"level":"info","msg":"{\"ev\":\"rejected\",\"status\":503,\"t\":1791350196434}","source":"console","time":"2026-10-07T05:16:36Z"}
{"level":"info","msg":"{\"ev\":\"req\",\"route\":\"history\",\"status\":200,\"t\":1791350196471,\"ms\":9.6}","source":"console","time":"2026-10-07T05:16:36Z"}
{"level":"info","msg":"{\"ev\":\"req\",\"route\":\"problem_list\",\"status\":200,\"t\":1791350196578,\"ms\":16.6}","source":"console","time":"2026-10-07T05:16:36Z"}
{"level":"info","msg":"{\"ev\":\"req\",\"route\":\"problem_detail\",\"status\":200,\"t\":1791350196681,\"ms\":20}","source":"console","time":"2026-10-07T05:16:36Z"}
{"level":"info","msg":"{\"ev\":\"req\",\"route\":\"history\",\"status\":200,\"t\":1791350196766,\"ms\":5.4}","source":"console","time":"2026-10-07T05:16:36Z"}
{"level":"info","msg":"{\"ev\":\"req\",\"route\":\"problem_list\",\"status\":200,\"t\":1791350196892,\"ms\":31.2}","source":"console","time":"2026-10-07T05:16:36Z"}
{"level":"info","msg":"{\"ev\":\"req\",\"route\":\"problem_detail\",\"status\":200,\"t\":1791350196982,\"ms\":21.3}","source":"console","time":"2026-10-07T05:16:36Z"}
{"level":"info","msg":"{\"ev\":\"req\",\"route\":\"history\",\"status\":200,\"t\":1791350197068,\"ms\":6.9}","source":"console","time":"2026-10-07T05:16:37Z"}
{"level":"info","msg":"{\"ev\":\"req\",\"route\":\"problem_list\",\"status\":200,\"t\":1791350197182,\"ms\":21.1}","source":"console","time":"2026-10-07T05:16:37Z"}
{"level":"info","msg":"{\"ev\":\"req\",\"route\":\"problem_detail\",\"status\":200,\"t\":1791350197277,\"ms\":16}","source":"console","time":"2026-10-07T05:16:37Z"}
{"level":"info","msg":"{\"ev\":\"req\",\"route\":\"history\",\"status\":200,\"t\":1791350197368,\"ms\":7.9}","source":"console","time":"2026-10-07T05:16:37Z"}
{"level":"info","msg":"{\"ev\":\"req\",\"route\":\"problem_list\",\"status\":200,\"t\":1791350197480,\"ms\":19.1}","source":"console","time":"2026-10-07T05:16:37Z"}
{"level":"info","msg":"{\"ev\":\"req\",\"route\":\"problem_detail\",\"status\":200,\"t\":1791350197594,\"ms\":33.1}","source":"console","time":"2026-10-07T05:16:37Z"}
{"level":"info","msg":"{\"ev\":\"req\",\"route\":\"history\",\"status\":200,\"t\":1791350197671,\"ms\":10.1}","source":"console","time":"2026-10-07T05:16:37Z"}
{"level":"info","msg":"{\"ev\":\"req\",\"route\":\"problem_list\",\"status\":200,\"t\":1791350197775,\"ms\":14.7}","source":"console","time":"2026-10-07T05:16:37Z"}
{"level":"info","msg":"{\"ev\":\"req\",\"route\":\"problem_detail\",\"status\":200,\"t\":1791350197875,\"ms\":13.8}","source":"console","time":"2026-10-07T05:16:37Z"}
{"level":"info","msg":"{\"ev\":\"req\",\"route\":\"history\",\"status\":200,\"t\":1791350197966,\"ms\":5.8}","source":"console","time":"2026-10-07T05:16:37Z"}
{"level":"info","msg":"{\"ev\":\"req\",\"route\":\"problem_list\",\"status\":200,\"t\":1791350198075,\"ms\":13.8}","source":"console","time":"2026-10-07T05:16:38Z"}
{"level":"info","msg":"{\"ev\":\"req\",\"route\":\"submit\",\"status\":503,\"t\":1791350198099,\"ms\":4.5}","source":"console","time":"2026-10-07T05:16:38Z"}
{"level":"info","msg":"{\"ev\":\"rejected\",\"status\":503,\"t\":1791350198099}","source":"console","time":"2026-10-07T05:16:38Z"}
{"level":"info","msg":"{\"ev\":\"req\",\"route\":\"problem_detail\",\"status\":200,\"t\":1791350198185,\"ms\":24.4}","source":"console","time":"2026-10-07T05:16:38Z"}
{"level":"info","msg":"{\"ev\":\"req\",\"route\":\"history\",\"status\":200,\"t\":1791350198273,\"ms\":12.2}","source":"console","time":"2026-10-07T05:16:38Z"}
{"level":"info","msg":"{\"ev\":\"req\",\"route\":\"problem_list\",\"status\":200,\"t\":1791350198383,\"ms\":21.5}","source":"console","time":"2026-10-07T05:16:38Z"}
{"level":"info","msg":"{\"ev\":\"req\",\"route\":\"problem_detail\",\"status\":200,\"t\":1791350198480,\"ms\":19.5}","source":"console","time":"2026-10-07T05:16:38Z"}
{"level":"info","msg":"{\"ev\":\"req\",\"route\":\"history\",\"status\":200,\"t\":1791350198572,\"ms\":10.4}","source":"console","time":"2026-10-07T05:16:38Z"}
{"level":"info","msg":"{\"ev\":\"req\",\"route\":\"problem_list\",\"status\":200,\"t\":1791350198679,\"ms\":19.1}","source":"console","time":"2026-10-07T05:16:38Z"}
{"level":"info","msg":"{\"ev\":\"req\",\"route\":\"problem_detail\",\"status\":200,\"t\":1791350198783,\"ms\":22.1}","source":"console","time":"2026-10-07T05:16:38Z"}
{"level":"info","msg":"{\"ev\":\"req\",\"route\":\"history\",\"status\":200,\"t\":1791350198873,\"ms\":11.6}","source":"console","time":"2026-10-07T05:16:38Z"}
{"level":"info","msg":"{\"ev\":\"req\",\"route\":\"problem_list\",\"status\":200,\"t\":1791350198982,\"ms\":21.2}","source":"console","time":"2026-10-07T05:16:38Z"}
{"level":"info","msg":"{\"ev\":\"req\",\"route\":\"problem_detail\",\"status\":200,\"t\":1791350199084,\"ms\":23.1}","source":"console","time":"2026-10-07T05:16:39Z"}
{"level":"info","msg":"{\"ev\":\"req\",\"route\":\"history\",\"status\":200,\"t\":1791350199172,\"ms\":11.1}","source":"console","time":"2026-10-07T05:16:39Z"}
{"level":"info","msg":"{\"ev\":\"req\",\"route\":\"problem_list\",\"status\":200,\"t\":1791350199280,\"ms\":19.6}","source":"console","time":"2026-10-07T05:16:39Z"}
{"level":"info","msg":"{\"ev\":\"req\",\"route\":\"problem_detail\",\"status\":200,\"t\":1791350199377,\"ms\":16.5}","source":"console","time":"2026-10-07T05:16:39Z"}
{"level":"info","msg":"{\"ev\":\"req\",\"route\":\"history\",\"status\":200,\"t\":1791350199472,\"ms\":11.2}","source":"console","time":"2026-10-07T05:16:39Z"}
{"level":"info","msg":"{\"ev\":\"req\",\"route\":\"problem_list\",\"status\":200,\"t\":1791350199580,\"ms\":19.2}","source":"console","time":"2026-10-07T05:16:39Z"}
{"level":"info","msg":"{\"ev\":\"req\",\"route\":\"problem_detail\",\"status\":200,\"t\":1791350199681,\"ms\":20.4}","source":"console","time":"2026-10-07T05:16:39Z"}
{"level":"info","msg":"{\"ev\":\"req\",\"route\":\"history\",\"status\":200,\"t\":1791350199767,\"ms\":6.3}","source":"console","time":"2026-10-07T05:16:39Z"}
{"level":"info","msg":"{\"ev\":\"req\",\"route\":\"submit\",\"status\":503,\"t\":1791350199767,\"ms\":6.4}","source":"console","time":"2026-10-07T05:16:39Z"}
{"level":"info","msg":"{\"ev\":\"rejected\",\"status\":503,\"t\":1791350199767}","source":"console","time":"2026-10-07T05:16:39Z"}
{"level":"info","msg":"{\"ev\":\"req\",\"route\":\"problem_list\",\"status\":200,\"t\":1791350199884,\"ms\":23.3}","source":"console","time":"2026-10-07T05:16:39Z"}
{"level":"info","msg":"{\"ev\":\"req\",\"route\":\"problem_detail\",\"status\":200,\"t\":1791350199979,\"ms\":17.7}","source":"console","time":"2026-10-07T05:16:39Z"}
{"level":"info","msg":"{\"ev\":\"req\",\"route\":\"history\",\"status\":200,\"t\":1791350200072,\"ms\":11.1}","source":"console","time":"2026-10-07T05:16:40Z"}
{"level":"info","msg":"{\"ev\":\"req\",\"route\":\"problem_list\",\"status\":200,\"t\":1791350200170,\"ms\":8.9}","source":"console","time":"2026-10-07T05:16:40Z"}
{"level":"info","msg":"{\"ev\":\"req\",\"route\":\"problem_detail\",\"status\":200,\"t\":1791350200281,\"ms\":19.9}","source":"console","time":"2026-10-07T05:16:40Z"}
{"level":"info","msg":"{\"ev\":\"req\",\"route\":\"history\",\"status\":200,\"t\":1791350200371,\"ms\":10.5}","source":"console","time":"2026-10-07T05:16:40Z"}
{"level":"info","msg":"{\"ev\":\"req\",\"route\":\"problem_list\",\"status\":200,\"t\":1791350200470,\"ms\":9.4}","source":"console","time":"2026-10-07T05:16:40Z"}
{"level":"info","msg":"{\"ev\":\"req\",\"route\":\"problem_detail\",\"status\":200,\"t\":1791350200587,\"ms\":26.2}","source":"console","time":"2026-10-07T05:16:40Z"}
{"level":"info","msg":"{\"ev\":\"req\",\"route\":\"history\",\"status\":200,\"t\":1791350200666,\"ms\":5.2}","source":"console","time":"2026-10-07T05:16:40Z"}
{"level":"info","msg":"{\"ev\":\"req\",\"route\":\"problem_list\",\"status\":200,\"t\":1791350200783,\"ms\":21.3}","source":"console","time":"2026-10-07T05:16:40Z"}
{"level":"info","msg":"{\"ev\":\"req\",\"route\":\"problem_detail\",\"status\":200,\"t\":1791350200880,\"ms\":19.1}","source":"console","time":"2026-10-07T05:16:40Z"}
{"level":"info","msg":"{\"ev\":\"req\",\"route\":\"history\",\"status\":200,\"t\":1791350200967,\"ms\":5.9}","source":"console","time":"2026-10-07T05:16:40Z"}
{"level":"info","msg":"{\"ev\":\"req\",\"route\":\"problem_list\",\"status\":200,\"t\":1791350201081,\"ms\":19.8}","source":"console","time":"2026-10-07T05:16:41Z"}
{"level":"info","msg":"{\"ev\":\"req\",\"route\":\"problem_detail\",\"status\":200,\"t\":1791350201180,\"ms\":19.1}","source":"console","time":"2026-10-07T05:16:41Z"}
{"level":"info","msg":"{\"ev\":\"req\",\"route\":\"history\",\"status\":200,\"t\":1791350201272,\"ms\":11}","source":"console","time":"2026-10-07T05:16:41Z"}
{"level":"info","msg":"{\"ev\":\"req\",\"route\":\"problem_list\",\"status\":200,\"t\":1791350201385,\"ms\":24.1}","source":"console","time":"2026-10-07T05:16:41Z"}
{"level":"info","msg":"{\"ev\":\"req\",\"route\":\"submit\",\"status\":503,\"t\":1791350201436,\"ms\":9.1}","source":"console","time":"2026-10-07T05:16:41Z"}
{"level":"info","msg":"{\"ev\":\"rejected\",\"status\":503,\"t\":1791350201436}","source":"console","time":"2026-10-07T05:16:41Z"}
{"level":"info","msg":"{\"ev\":\"req\",\"route\":\"problem_detail\",\"status\":200,\"t\":1791350201477,\"ms\":16.5}","source":"console","time":"2026-10-07T05:16:41Z"}
{"level":"info","msg":"{\"ev\":\"req\",\"route\":\"history\",\"status\":200,\"t\":1791350201567,\"ms\":5.5}","source":"console","time":"2026-10-07T05:16:41Z"}
{"level":"info","msg":"{\"ev\":\"req\",\"route\":\"problem_list\",\"status\":200,\"t\":1791350201679,\"ms\":18.5}","source":"console","time":"2026-10-07T05:16:41Z"}
{"level":"info","msg":"{\"ev\":\"req\",\"route\":\"problem_detail\",\"status\":200,\"t\":1791350201779,\"ms\":18}","source":"console","time":"2026-10-07T05:16:41Z"}
{"level":"info","msg":"{\"ev\":\"req\",\"route\":\"history\",\"status\":200,\"t\":1791350201872,\"ms\":11}","source":"console","time":"2026-10-07T05:16:41Z"}
{"level":"info","msg":"{\"ev\":\"req\",\"route\":\"problem_list\",\"status\":200,\"t\":1791350201978,\"ms\":17.2}","source":"console","time":"2026-10-07T05:16:41Z"}
{"level":"info","msg":"{\"ev\":\"req\",\"route\":\"problem_detail\",\"status\":200,\"t\":1791350202083,\"ms\":21.8}","source":"console","time":"2026-10-07T05:16:42Z"}
{"level":"info","msg":"{\"ev\":\"req\",\"route\":\"history\",\"status\":200,\"t\":1791350202172,\"ms\":10.4}","source":"console","time":"2026-10-07T05:16:42Z"}
{"level":"info","msg":"{\"ev\":\"req\",\"route\":\"problem_list\",\"status\":200,\"t\":1791350202280,\"ms\":19.3}","source":"console","time":"2026-10-07T05:16:42Z"}
{"level":"info","msg":"{\"ev\":\"req\",\"route\":\"problem_detail\",\"status\":200,\"t\":1791350202377,\"ms\":16.6}","source":"console","time":"2026-10-07T05:16:42Z"}
{"level":"info","msg":"{\"ev\":\"req\",\"route\":\"history\",\"status\":200,\"t\":1791350202473,\"ms\":12.7}","source":"console","time":"2026-10-07T05:16:42Z"}
{"level":"info","msg":"{\"ev\":\"req\",\"route\":\"problem_list\",\"status\":200,\"t\":1791350202580,\"ms\":18.5}","source":"console","time":"2026-10-07T05:16:42Z"}
{"level":"info","msg":"{\"ev\":\"req\",\"route\":\"problem_detail\",\"status\":200,\"t\":1791350202671,\"ms\":10.7}","source":"console","time":"2026-10-07T05:16:42Z"}
{"level":"info","msg":"{\"ev\":\"req\",\"route\":\"history\",\"status\":200,\"t\":1791350202773,\"ms\":11.7}","source":"console","time":"2026-10-07T05:16:42Z"}
{"level":"info","msg":"{\"ev\":\"req\",\"route\":\"problem_list\",\"status\":200,\"t\":1791350202874,\"ms\":13.1}","source":"console","time":"2026-10-07T05:16:42Z"}
{"level":"info","msg":"{\"ev\":\"req\",\"route\":\"problem_detail\",\"status\":200,\"t\":1791350202970,\"ms\":8.7}","source":"console","time":"2026-10-07T05:16:42Z"}
{"level":"info","msg":"{\"ev\":\"req\",\"route\":\"history\",\"status\":200,\"t\":1791350203069,\"ms\":8.8}","source":"console","time":"2026-10-07T05:16:43Z"}
{"level":"info","msg":"{\"ev\":\"req\",\"route\":\"submit\",\"status\":503,\"t\":1791350203104,\"ms\":9.5}","source":"console","time":"2026-10-07T05:16:43Z"}
{"level":"info","msg":"{\"ev\":\"rejected\",\"status\":503,\"t\":1791350203104}","source":"console","time":"2026-10-07T05:16:43Z"}
{"level":"info","msg":"{\"ev\":\"req\",\"route\":\"problem_list\",\"status\":200,\"t\":1791350203171,\"ms\":10.4}","source":"console","time":"2026-10-07T05:16:43Z"}
{"level":"info","msg":"{\"ev\":\"req\",\"route\":\"problem_detail\",\"status\":200,\"t\":1791350203273,\"ms\":12.6}","source":"console","time":"2026-10-07T05:16:43Z"}
{"level":"info","msg":"{\"ev\":\"req\",\"route\":\"history\",\"status\":200,\"t\":1791350203373,\"ms\":11.4}","source":"console","time":"2026-10-07T05:16:43Z"}
{"level":"info","msg":"{\"ev\":\"req\",\"route\":\"problem_list\",\"status\":200,\"t\":1791350203483,\"ms\":21.8}","source":"console","time":"2026-10-07T05:16:43Z"}
{"level":"info","msg":"{\"ev\":\"req\",\"route\":\"problem_detail\",\"status\":200,\"t\":1791350203580,\"ms\":19.4}","source":"console","time":"2026-10-07T05:16:43Z"}
{"level":"info","msg":"{\"ev\":\"req\",\"route\":\"history\",\"status\":200,\"t\":1791350203666,\"ms\":5}","source":"console","time":"2026-10-07T05:16:43Z"}
{"level":"info","msg":"{\"ev\":\"req\",\"route\":\"problem_list\",\"status\":200,\"t\":1791350203778,\"ms\":17.7}","source":"console","time":"2026-10-07T05:16:43Z"}
{"level":"info","msg":"{\"ev\":\"req\",\"route\":\"problem_detail\",\"status\":200,\"t\":1791350203872,\"ms\":11.5}","source":"console","time":"2026-10-07T05:16:43Z"}
{"level":"info","msg":"{\"ev\":\"req\",\"route\":\"history\",\"status\":200,\"t\":1791350203967,\"ms\":5.6}","source":"console","time":"2026-10-07T05:16:43Z"}
{"level":"info","msg":"{\"ev\":\"req\",\"route\":\"problem_list\",\"status\":200,\"t\":1791350204073,\"ms\":11.3}","source":"console","time":"2026-10-07T05:16:44Z"}
{"level":"info","msg":"{\"ev\":\"req\",\"route\":\"problem_detail\",\"status\":200,\"t\":1791350204173,\"ms\":12}","source":"console","time":"2026-10-07T05:16:44Z"}
{"level":"info","msg":"{\"ev\":\"req\",\"route\":\"history\",\"status\":200,\"t\":1791350204268,\"ms\":6.5}","source":"console","time":"2026-10-07T05:16:44Z"}
{"level":"info","msg":"{\"ev\":\"req\",\"route\":\"problem_list\",\"status\":200,\"t\":1791350204372,\"ms\":10.7}","source":"console","time":"2026-10-07T05:16:44Z"}
{"level":"info","msg":"{\"ev\":\"req\",\"route\":\"problem_detail\",\"status\":200,\"t\":1791350204471,\"ms\":10}","source":"console","time":"2026-10-07T05:16:44Z"}
{"level":"info","msg":"{\"ev\":\"req\",\"route\":\"history\",\"status\":200,\"t\":1791350204567,\"ms\":6.7}","source":"console","time":"2026-10-07T05:16:44Z"}
{"level":"info","msg":"{\"ev\":\"req\",\"route\":\"problem_list\",\"status\":200,\"t\":1791350204682,\"ms\":21.1}","source":"console","time":"2026-10-07T05:16:44Z"}
{"level":"info","msg":"{\"ev\":\"req\",\"route\":\"problem_detail\",\"status\":200,\"t\":1791350204772,\"ms\":11.4}","source":"console","time":"2026-10-07T05:16:44Z"}
{"level":"info","msg":"{\"ev\":\"req\",\"route\":\"history\",\"status\":200,\"t\":1791350204867,\"ms\":6.2}","source":"console","time":"2026-10-07T05:16:44Z"}
{"level":"info","msg":"{\"ev\":\"req\",\"route\":\"problem_list\",\"status\":200,\"t\":1791350204979,\"ms\":18.8}","source":"console","time":"2026-10-07T05:16:44Z"}
{"level":"info","msg":"{\"ev\":\"req\",\"route\":\"submit\",\"status\":200,\"t\":1791350205013,\"ms\":252}","source":"console","time":"2026-10-07T05:16:45Z"}
{"level":"info","msg":"{\"ev\":\"accepted\",\"id\":\"363eb776-f4b6-49a1-92c4-9b7a2005c00b\",\"t\":1791350205013}","source":"console","time":"2026-10-07T05:16:45Z"}
{"level":"info","msg":"{\"ev\":\"req\",\"route\":\"problem_detail\",\"status\":200,\"t\":1791350205079,\"ms\":18.5}","source":"console","time":"2026-10-07T05:16:45Z"}
{"level":"info","msg":"{\"ev\":\"req\",\"route\":\"history\",\"status\":200,\"t\":1791350205169,\"ms\":8.8}","source":"console","time":"2026-10-07T05:16:45Z"}
{"level":"info","msg":"{\"ev\":\"req\",\"route\":\"problem_list\",\"status\":200,\"t\":1791350205282,\"ms\":20.8}","source":"console","time":"2026-10-07T05:16:45Z"}
{"level":"info","msg":"{\"ev\":\"req\",\"route\":\"problem_detail\",\"status\":200,\"t\":1791350205377,\"ms\":15.9}","source":"console","time":"2026-10-07T05:16:45Z"}
{"level":"info","msg":"{\"ev\":\"req\",\"route\":\"history\",\"status\":200,\"t\":1791350205470,\"ms\":9.8}","source":"console","time":"2026-10-07T05:16:45Z"}
{"level":"info","msg":"{\"ev\":\"req\",\"route\":\"problem_list\",\"status\":200,\"t\":1791350205573,\"ms\":11.9}","source":"console","time":"2026-10-07T05:16:45Z"}
{"level":"info","msg":"{\"ev\":\"req\",\"route\":\"problem_detail\",\"status\":200,\"t\":1791350205670,\"ms\":8.9}","source":"console","time":"2026-10-07T05:16:45Z"}
{"level":"info","msg":"{\"ev\":\"req\",\"route\":\"history\",\"status\":200,\"t\":1791350205767,\"ms\":6.3}","source":"console","time":"2026-10-07T05:16:45Z"}
{"level":"info","msg":"{\"ev\":\"req\",\"route\":\"problem_list\",\"status\":200,\"t\":1791350205870,\"ms\":9.4}","source":"console","time":"2026-10-07T05:16:45Z"}
{"level":"info","msg":"{\"ev\":\"req\",\"route\":\"problem_detail\",\"status\":200,\"t\":1791350205972,\"ms\":11.6}","source":"console","time":"2026-10-07T05:16:45Z"}
{"level":"info","msg":"{\"ev\":\"req\",\"route\":\"history\",\"status\":200,\"t\":1791350206065,\"ms\":5}","source":"console","time":"2026-10-07T05:16:46Z"}
{"level":"info","msg":"{\"ev\":\"req\",\"route\":\"problem_list\",\"status\":200,\"t\":1791350206184,\"ms\":22.9}","source":"console","time":"2026-10-07T05:16:46Z"}
{"level":"info","msg":"{\"ev\":\"req\",\"route\":\"problem_detail\",\"status\":200,\"t\":1791350206270,\"ms\":8.9}","source":"console","time":"2026-10-07T05:16:46Z"}
{"level":"info","msg":"{\"ev\":\"req\",\"route\":\"history\",\"status\":200,\"t\":1791350206368,\"ms\":6.5}","source":"console","time":"2026-10-07T05:16:46Z"}
{"level":"info","msg":"{\"ev\":\"req\",\"route\":\"submit\",\"status\":200,\"t\":1791350206465,\"ms\":36.9}","source":"console","time":"2026-10-07T05:16:46Z"}
{"level":"info","msg":"{\"ev\":\"accepted\",\"id\":\"3dd3f016-8baa-4168-aaa4-b8c0c3ddc662\",\"t\":1791350206465}","source":"console","time":"2026-10-07T05:16:46Z"}
{"level":"info","msg":"{\"ev\":\"req\",\"route\":\"problem_list\",\"status\":200,\"t\":1791350206473,\"ms\":11.8}","source":"console","time":"2026-10-07T05:16:46Z"}
{"level":"info","msg":"{\"ev\":\"req\",\"route\":\"problem_detail\",\"status\":200,\"t\":1791350206570,\"ms\":9.3}","source":"console","time":"2026-10-07T05:16:46Z"}
{"level":"info","msg":"{\"ev\":\"req\",\"route\":\"history\",\"status\":200,\"t\":1791350206666,\"ms\":5}","source":"console","time":"2026-10-07T05:16:46Z"}
{"level":"info","msg":"{\"ev\":\"req\",\"route\":\"problem_list\",\"status\":200,\"t\":1791350206769,\"ms\":8.7}","source":"console","time":"2026-10-07T05:16:46Z"}
{"level":"info","msg":"{\"ev\":\"req\",\"route\":\"problem_detail\",\"status\":200,\"t\":1791350206869,\"ms\":7.7}","source":"console","time":"2026-10-07T05:16:46Z"}
{"level":"info","msg":"{\"ev\":\"req\",\"route\":\"history\",\"status\":200,\"t\":1791350206968,\"ms\":7.3}","source":"console","time":"2026-10-07T05:16:46Z"}
{"level":"info","msg":"{\"ev\":\"req\",\"route\":\"problem_list\",\"status\":200,\"t\":1791350207071,\"ms\":10.5}","source":"console","time":"2026-10-07T05:16:47Z"}
{"level":"info","msg":"{\"ev\":\"req\",\"route\":\"problem_detail\",\"status\":200,\"t\":1791350207170,\"ms\":9.3}","source":"console","time":"2026-10-07T05:16:47Z"}
{"level":"info","msg":"{\"ev\":\"req\",\"route\":\"history\",\"status\":200,\"t\":1791350207273,\"ms\":12.1}","source":"console","time":"2026-10-07T05:16:47Z"}
{"level":"info","msg":"{\"ev\":\"req\",\"route\":\"problem_list\",\"status\":200,\"t\":1791350207370,\"ms\":9.2}","source":"console","time":"2026-10-07T05:16:47Z"}
{"level":"info","msg":"{\"ev\":\"req\",\"route\":\"problem_detail\",\"status\":200,\"t\":1791350207480,\"ms\":18.3}","source":"console","time":"2026-10-07T05:16:47Z"}
{"level":"info","msg":"{\"ev\":\"req\",\"route\":\"history\",\"status\":200,\"t\":1791350207571,\"ms\":10.6}","source":"console","time":"2026-10-07T05:16:47Z"}
{"level":"info","msg":"{\"ev\":\"req\",\"route\":\"problem_list\",\"status\":200,\"t\":1791350207680,\"ms\":19}","source":"console","time":"2026-10-07T05:16:47Z"}
{"level":"info","msg":"{\"ev\":\"req\",\"route\":\"problem_detail\",\"status\":200,\"t\":1791350207777,\"ms\":16.6}","source":"console","time":"2026-10-07T05:16:47Z"}
{"level":"info","msg":"{\"ev\":\"req\",\"route\":\"history\",\"status\":200,\"t\":1791350207870,\"ms\":9.8}","source":"console","time":"2026-10-07T05:16:47Z"}
{"level":"info","msg":"{\"ev\":\"req\",\"route\":\"problem_list\",\"status\":200,\"t\":1791350207978,\"ms\":16.5}","source":"console","time":"2026-10-07T05:16:47Z"}
{"level":"info","msg":"{\"ev\":\"req\",\"route\":\"problem_detail\",\"status\":200,\"t\":1791350208074,\"ms\":13.6}","source":"console","time":"2026-10-07T05:16:48Z"}
{"level":"info","msg":"{\"ev\":\"req\",\"route\":\"submit\",\"status\":200,\"t\":1791350208126,\"ms\":32}","source":"console","time":"2026-10-07T05:16:48Z"}
{"level":"info","msg":"{\"ev\":\"accepted\",\"id\":\"aa750aa1-91b5-49c3-8a48-61917c6f084e\",\"t\":1791350208126}","source":"console","time":"2026-10-07T05:16:48Z"}
{"level":"info","msg":"{\"ev\":\"req\",\"route\":\"history\",\"status\":200,\"t\":1791350208167,\"ms\":6.8}","source":"console","time":"2026-10-07T05:16:48Z"}
{"level":"info","msg":"{\"ev\":\"req\",\"route\":\"problem_list\",\"status\":200,\"t\":1791350208275,\"ms\":13.5}","source":"console","time":"2026-10-07T05:16:48Z"}
{"level":"info","msg":"{\"ev\":\"req\",\"route\":\"problem_detail\",\"status\":200,\"t\":1791350208371,\"ms\":10.5}","source":"console","time":"2026-10-07T05:16:48Z"}
{"level":"info","msg":"{\"ev\":\"req\",\"route\":\"history\",\"status\":200,\"t\":1791350208467,\"ms\":6.5}","source":"console","time":"2026-10-07T05:16:48Z"}
{"level":"info","msg":"{\"ev\":\"req\",\"route\":\"problem_list\",\"status\":200,\"t\":1791350208570,\"ms\":8.8}","source":"console","time":"2026-10-07T05:16:48Z"}
{"level":"info","msg":"{\"ev\":\"req\",\"route\":\"problem_detail\",\"status\":200,\"t\":1791350208668,\"ms\":7.6}","source":"console","time":"2026-10-07T05:16:48Z"}
{"level":"info","msg":"{\"ev\":\"req\",\"route\":\"history\",\"status\":200,\"t\":1791350208775,\"ms\":14.1}","source":"console","time":"2026-10-07T05:16:48Z"}
{"level":"info","msg":"{\"ev\":\"req\",\"route\":\"problem_list\",\"status\":200,\"t\":1791350208869,\"ms\":8}","source":"console","time":"2026-10-07T05:16:48Z"}
{"level":"info","msg":"{\"ev\":\"req\",\"route\":\"problem_detail\",\"status\":200,\"t\":1791350208977,\"ms\":16.5}","source":"console","time":"2026-10-07T05:16:48Z"}
{"level":"info","msg":"{\"ev\":\"req\",\"route\":\"history\",\"status\":200,\"t\":1791350209070,\"ms\":8.8}","source":"console","time":"2026-10-07T05:16:49Z"}
{"level":"info","msg":"{\"ev\":\"req\",\"route\":\"problem_list\",\"status\":200,\"t\":1791350209181,\"ms\":20.5}","source":"console","time":"2026-10-07T05:16:49Z"}
{"level":"info","msg":"{\"ev\":\"req\",\"route\":\"problem_detail\",\"status\":200,\"t\":1791350209268,\"ms\":7.4}","source":"console","time":"2026-10-07T05:16:49Z"}
{"level":"info","msg":"{\"ev\":\"req\",\"route\":\"history\",\"status\":200,\"t\":1791350209372,\"ms\":10.6}","source":"console","time":"2026-10-07T05:16:49Z"}
{"level":"info","msg":"{\"ev\":\"req\",\"route\":\"problem_list\",\"status\":200,\"t\":1791350209481,\"ms\":19.4}","source":"console","time":"2026-10-07T05:16:49Z"}
{"level":"info","msg":"{\"ev\":\"req\",\"route\":\"problem_detail\",\"status\":200,\"t\":1791350209574,\"ms\":14}","source":"console","time":"2026-10-07T05:16:49Z"}
{"level":"info","msg":"{\"ev\":\"req\",\"route\":\"history\",\"status\":200,\"t\":1791350209672,\"ms\":11.7}","source":"console","time":"2026-10-07T05:16:49Z"}
{"level":"info","msg":"{\"ev\":\"req\",\"route\":\"problem_list\",\"status\":200,\"t\":1791350209775,\"ms\":13.7}","source":"console","time":"2026-10-07T05:16:49Z"}
{"level":"info","msg":"{\"ev\":\"req\",\"route\":\"submit\",\"status\":200,\"t\":1791350209792,\"ms\":30.2}","source":"console","time":"2026-10-07T05:16:49Z"}
{"level":"info","msg":"{\"ev\":\"accepted\",\"id\":\"5c9f2c1f-ba59-4d33-ba59-ec91d561e08f\",\"t\":1791350209792}","source":"console","time":"2026-10-07T05:16:49Z"}
{"level":"info","msg":"{\"ev\":\"req\",\"route\":\"problem_detail\",\"status\":200,\"t\":1791350209869,\"ms\":8.1}","source":"console","time":"2026-10-07T05:16:49Z"}
{"level":"info","msg":"{\"ev\":\"req\",\"route\":\"history\",\"status\":200,\"t\":1791350209966,\"ms\":5.3}","source":"console","time":"2026-10-07T05:16:49Z"}
{"level":"info","msg":"{\"ev\":\"req\",\"route\":\"problem_list\",\"status\":200,\"t\":1791350210070,\"ms\":9}","source":"console","time":"2026-10-07T05:16:50Z"}
{"level":"info","msg":"{\"ev\":\"req\",\"route\":\"problem_detail\",\"status\":200,\"t\":1791350210169,\"ms\":8}","source":"console","time":"2026-10-07T05:16:50Z"}
{"level":"info","msg":"{\"ev\":\"req\",\"route\":\"history\",\"status\":200,\"t\":1791350210266,\"ms\":5.1}","source":"console","time":"2026-10-07T05:16:50Z"}
{"level":"info","msg":"{\"ev\":\"req\",\"route\":\"problem_list\",\"status\":200,\"t\":1791350210369,\"ms\":8.3}","source":"console","time":"2026-10-07T05:16:50Z"}
{"level":"info","msg":"{\"ev\":\"req\",\"route\":\"problem_detail\",\"status\":200,\"t\":1791350210472,\"ms\":11}","source":"console","time":"2026-10-07T05:16:50Z"}
{"level":"info","msg":"{\"ev\":\"req\",\"route\":\"history\",\"status\":200,\"t\":1791350210572,\"ms\":11.3}","source":"console","time":"2026-10-07T05:16:50Z"}
{"level":"info","msg":"{\"ev\":\"req\",\"route\":\"problem_list\",\"status\":200,\"t\":1791350210670,\"ms\":9.7}","source":"console","time":"2026-10-07T05:16:50Z"}
{"level":"info","msg":"{\"ev\":\"req\",\"route\":\"problem_detail\",\"status\":200,\"t\":1791350210776,\"ms\":14.9}","source":"console","time":"2026-10-07T05:16:50Z"}
{"level":"info","msg":"{\"ev\":\"req\",\"route\":\"history\",\"status\":200,\"t\":1791350210873,\"ms\":11.7}","source":"console","time":"2026-10-07T05:16:50Z"}
{"level":"info","msg":"{\"ev\":\"req\",\"route\":\"problem_list\",\"status\":200,\"t\":1791350210971,\"ms\":9.9}","source":"console","time":"2026-10-07T05:16:50Z"}
{"level":"info","msg":"{\"ev\":\"req\",\"route\":\"problem_detail\",\"status\":200,\"t\":1791350211076,\"ms\":15.2}","source":"console","time":"2026-10-07T05:16:51Z"}
{"level":"info","msg":"{\"ev\":\"req\",\"route\":\"history\",\"status\":200,\"t\":1791350211172,\"ms\":11.5}","source":"console","time":"2026-10-07T05:16:51Z"}
{"level":"info","msg":"{\"ev\":\"req\",\"route\":\"problem_list\",\"status\":200,\"t\":1791350211280,\"ms\":19.5}","source":"console","time":"2026-10-07T05:16:51Z"}
{"level":"info","msg":"{\"ev\":\"req\",\"route\":\"problem_detail\",\"status\":200,\"t\":1791350211379,\"ms\":17.8}","source":"console","time":"2026-10-07T05:16:51Z"}
{"level":"info","msg":"{\"ev\":\"req\",\"route\":\"submit\",\"status\":200,\"t\":1791350211449,\"ms\":20.7}","source":"console","time":"2026-10-07T05:16:51Z"}
{"level":"info","msg":"{\"ev\":\"accepted\",\"id\":\"87fab825-a4f3-4488-a484-578cbc81fdd2\",\"t\":1791350211449}","source":"console","time":"2026-10-07T05:16:51Z"}
{"level":"info","msg":"{\"ev\":\"req\",\"route\":\"history\",\"status\":200,\"t\":1791350211466,\"ms\":4.9}","source":"console","time":"2026-10-07T05:16:51Z"}
{"level":"info","msg":"{\"ev\":\"req\",\"route\":\"problem_list\",\"status\":200,\"t\":1791350211574,\"ms\":13.3}","source":"console","time":"2026-10-07T05:16:51Z"}
{"level":"info","msg":"{\"ev\":\"req\",\"route\":\"problem_detail\",\"status\":200,\"t\":1791350211674,\"ms\":13.3}","source":"console","time":"2026-10-07T05:16:51Z"}
{"level":"info","msg":"{\"ev\":\"req\",\"route\":\"history\",\"status\":200,\"t\":1791350211770,\"ms\":8.5}","source":"console","time":"2026-10-07T05:16:51Z"}
{"level":"info","msg":"{\"ev\":\"req\",\"route\":\"problem_list\",\"status\":200,\"t\":1791350211871,\"ms\":9.8}","source":"console","time":"2026-10-07T05:16:51Z"}
{"level":"info","msg":"{\"ev\":\"req\",\"route\":\"problem_detail\",\"status\":200,\"t\":1791350211971,\"ms\":9.5}","source":"console","time":"2026-10-07T05:16:51Z"}
{"level":"info","msg":"{\"ev\":\"req\",\"route\":\"history\",\"status\":200,\"t\":1791350212066,\"ms\":5.2}","source":"console","time":"2026-10-07T05:16:52Z"}
{"level":"info","msg":"{\"ev\":\"req\",\"route\":\"problem_list\",\"status\":200,\"t\":1791350212179,\"ms\":18.4}","source":"console","time":"2026-10-07T05:16:52Z"}
{"level":"info","msg":"{\"ev\":\"req\",\"route\":\"problem_detail\",\"status\":200,\"t\":1791350212279,\"ms\":18.3}","source":"console","time":"2026-10-07T05:16:52Z"}
{"level":"info","msg":"{\"ev\":\"req\",\"route\":\"history\",\"status\":200,\"t\":1791350212365,\"ms\":4.6}","source":"console","time":"2026-10-07T05:16:52Z"}
{"level":"info","msg":"{\"ev\":\"req\",\"route\":\"problem_list\",\"status\":200,\"t\":1791350212478,\"ms\":17.6}","source":"console","time":"2026-10-07T05:16:52Z"}
{"level":"info","msg":"{\"ev\":\"req\",\"route\":\"problem_detail\",\"status\":200,\"t\":1791350212576,\"ms\":14.5}","source":"console","time":"2026-10-07T05:16:52Z"}
{"level":"info","msg":"{\"ev\":\"req\",\"route\":\"history\",\"status\":200,\"t\":1791350212671,\"ms\":10.7}","source":"console","time":"2026-10-07T05:16:52Z"}
{"level":"info","msg":"{\"ev\":\"req\",\"route\":\"problem_list\",\"status\":200,\"t\":1791350212778,\"ms\":17.5}","source":"console","time":"2026-10-07T05:16:52Z"}
{"level":"info","msg":"{\"ev\":\"req\",\"route\":\"problem_detail\",\"status\":200,\"t\":1791350212869,\"ms\":8.4}","source":"console","time":"2026-10-07T05:16:52Z"}
{"level":"info","msg":"{\"ev\":\"req\",\"route\":\"history\",\"status\":200,\"t\":1791350212971,\"ms\":9.7}","source":"console","time":"2026-10-07T05:16:52Z"}
{"level":"info","msg":"{\"ev\":\"req\",\"route\":\"problem_list\",\"status\":200,\"t\":1791350213071,\"ms\":10.2}","source":"console","time":"2026-10-07T05:16:53Z"}
{"level":"info","msg":"{\"ev\":\"req\",\"route\":\"submit\",\"status\":200,\"t\":1791350213120,\"ms\":25.5}","source":"console","time":"2026-10-07T05:16:53Z"}
{"level":"info","msg":"{\"ev\":\"accepted\",\"id\":\"d4851fd6-ba0d-4cc9-982a-ce38e7117223\",\"t\":1791350213120}","source":"console","time":"2026-10-07T05:16:53Z"}
{"level":"info","msg":"{\"ev\":\"req\",\"route\":\"problem_detail\",\"status\":200,\"t\":1791350213168,\"ms\":7.8}","source":"console","time":"2026-10-07T05:16:53Z"}
{"level":"info","msg":"{\"ev\":\"req\",\"route\":\"history\",\"status\":200,\"t\":1791350213266,\"ms\":5.4}","source":"console","time":"2026-10-07T05:16:53Z"}
{"level":"info","msg":"{\"ev\":\"req\",\"route\":\"problem_list\",\"status\":200,\"t\":1791350213371,\"ms\":10.3}","source":"console","time":"2026-10-07T05:16:53Z"}
{"level":"info","msg":"{\"ev\":\"req\",\"route\":\"problem_detail\",\"status\":200,\"t\":1791350213470,\"ms\":9.1}","source":"console","time":"2026-10-07T05:16:53Z"}
{"level":"info","msg":"{\"ev\":\"req\",\"route\":\"history\",\"status\":200,\"t\":1791350213581,\"ms\":20.4}","source":"console","time":"2026-10-07T05:16:53Z"}
{"level":"info","msg":"{\"ev\":\"req\",\"route\":\"problem_list\",\"status\":200,\"t\":1791350213673,\"ms\":11.7}","source":"console","time":"2026-10-07T05:16:53Z"}
{"level":"info","msg":"{\"ev\":\"req\",\"route\":\"problem_detail\",\"status\":200,\"t\":1791350213770,\"ms\":10.1}","source":"console","time":"2026-10-07T05:16:53Z"}
{"level":"info","msg":"{\"ev\":\"req\",\"route\":\"history\",\"status\":200,\"t\":1791350213866,\"ms\":5.4}","source":"console","time":"2026-10-07T05:16:53Z"}
{"level":"info","msg":"{\"ev\":\"req\",\"route\":\"problem_list\",\"status\":200,\"t\":1791350213974,\"ms\":14}","source":"console","time":"2026-10-07T05:16:53Z"}
{"level":"info","msg":"{\"ev\":\"req\",\"route\":\"problem_detail\",\"status\":200,\"t\":1791350214078,\"ms\":17}","source":"console","time":"2026-10-07T05:16:54Z"}
{"level":"info","msg":"{\"ev\":\"req\",\"route\":\"history\",\"status\":200,\"t\":1791350214172,\"ms\":11.1}","source":"console","time":"2026-10-07T05:16:54Z"}
{"level":"info","msg":"{\"ev\":\"req\",\"route\":\"problem_list\",\"status\":200,\"t\":1791350214278,\"ms\":16.3}","source":"console","time":"2026-10-07T05:16:54Z"}
{"level":"info","msg":"{\"ev\":\"req\",\"route\":\"problem_detail\",\"status\":200,\"t\":1791350214376,\"ms\":15.3}","source":"console","time":"2026-10-07T05:16:54Z"}
{"level":"info","msg":"{\"ev\":\"req\",\"route\":\"history\",\"status\":200,\"t\":1791350214470,\"ms\":9.9}","source":"console","time":"2026-10-07T05:16:54Z"}
{"level":"info","msg":"{\"ev\":\"req\",\"route\":\"problem_list\",\"status\":200,\"t\":1791350214578,\"ms\":17.6}","source":"console","time":"2026-10-07T05:16:54Z"}
{"level":"info","msg":"{\"ev\":\"req\",\"route\":\"problem_detail\",\"status\":200,\"t\":1791350214679,\"ms\":17.7}","source":"console","time":"2026-10-07T05:16:54Z"}
{"level":"info","msg":"{\"ev\":\"req\",\"route\":\"history\",\"status\":200,\"t\":1791350214768,\"ms\":7.6}","source":"console","time":"2026-10-07T05:16:54Z"}
{"level":"info","msg":"{\"ev\":\"req\",\"route\":\"submit\",\"status\":200,\"t\":1791350214787,\"ms\":25.9}","source":"console","time":"2026-10-07T05:16:54Z"}
{"level":"info","msg":"{\"ev\":\"accepted\",\"id\":\"8c14f8ed-cb4a-4459-ad56-35e099d24ef1\",\"t\":1791350214787}","source":"console","time":"2026-10-07T05:16:54Z"}
{"level":"info","msg":"{\"ev\":\"req\",\"route\":\"problem_list\",\"status\":200,\"t\":1791350214880,\"ms\":19.4}","source":"console","time":"2026-10-07T05:16:54Z"}
{"level":"info","msg":"{\"ev\":\"req\",\"route\":\"problem_detail\",\"status\":200,\"t\":1791350214980,\"ms\":18.2}","source":"console","time":"2026-10-07T05:16:54Z"}
{"level":"info","msg":"{\"ev\":\"req\",\"route\":\"history\",\"status\":200,\"t\":1791350215071,\"ms\":10}","source":"console","time":"2026-10-07T05:16:55Z"}
{"level":"info","msg":"{\"ev\":\"req\",\"route\":\"problem_list\",\"status\":200,\"t\":1791350215172,\"ms\":10.4}","source":"console","time":"2026-10-07T05:16:55Z"}
{"level":"info","msg":"{\"ev\":\"req\",\"route\":\"problem_detail\",\"status\":200,\"t\":1791350215277,\"ms\":16.3}","source":"console","time":"2026-10-07T05:16:55Z"}
{"level":"info","msg":"{\"ev\":\"req\",\"route\":\"history\",\"status\":200,\"t\":1791350215371,\"ms\":11}","source":"console","time":"2026-10-07T05:16:55Z"}
{"level":"info","msg":"{\"ev\":\"req\",\"route\":\"problem_list\",\"status\":200,\"t\":1791350215472,\"ms\":11.2}","source":"console","time":"2026-10-07T05:16:55Z"}
{"level":"info","msg":"{\"ev\":\"req\",\"route\":\"problem_detail\",\"status\":200,\"t\":1791350215572,\"ms\":10.8}","source":"console","time":"2026-10-07T05:16:55Z"}
{"level":"info","msg":"{\"ev\":\"req\",\"route\":\"history\",\"status\":200,\"t\":1791350215668,\"ms\":7.4}","source":"console","time":"2026-10-07T05:16:55Z"}
{"level":"info","msg":"{\"ev\":\"req\",\"route\":\"problem_list\",\"status\":200,\"t\":1791350215769,\"ms\":8}","source":"console","time":"2026-10-07T05:16:55Z"}
{"level":"info","msg":"{\"ev\":\"req\",\"route\":\"problem_detail\",\"status\":200,\"t\":1791350215871,\"ms\":9.8}","source":"console","time":"2026-10-07T05:16:55Z"}
{"level":"info","msg":"{\"ev\":\"req\",\"route\":\"history\",\"status\":200,\"t\":1791350215966,\"ms\":5.3}","source":"console","time":"2026-10-07T05:16:55Z"}
{"level":"info","msg":"{\"ev\":\"req\",\"route\":\"problem_list\",\"status\":200,\"t\":1791350216076,\"ms\":14.6}","source":"console","time":"2026-10-07T05:16:56Z"}
{"level":"info","msg":"{\"ev\":\"req\",\"route\":\"problem_detail\",\"status\":200,\"t\":1791350216176,\"ms\":15.6}","source":"console","time":"2026-10-07T05:16:56Z"}
{"level":"info","msg":"{\"ev\":\"req\",\"route\":\"history\",\"status\":200,\"t\":1791350216266,\"ms\":5.1}","source":"console","time":"2026-10-07T05:16:56Z"}
{"level":"info","msg":"{\"ev\":\"req\",\"route\":\"problem_list\",\"status\":200,\"t\":1791350216370,\"ms\":8.7}","source":"console","time":"2026-10-07T05:16:56Z"}
{"level":"info","msg":"{\"ev\":\"req\",\"route\":\"submit\",\"status\":200,\"t\":1791350216460,\"ms\":32.3}","source":"console","time":"2026-10-07T05:16:56Z"}
{"level":"info","msg":"{\"ev\":\"accepted\",\"id\":\"17db845c-b643-47fe-a2bb-b70a406f650d\",\"t\":1791350216460}","source":"console","time":"2026-10-07T05:16:56Z"}
{"level":"info","msg":"{\"ev\":\"req\",\"route\":\"problem_detail\",\"status\":200,\"t\":1791350216471,\"ms\":10.5}","source":"console","time":"2026-10-07T05:16:56Z"}
{"level":"info","msg":"{\"ev\":\"req\",\"route\":\"history\",\"status\":200,\"t\":1791350216566,\"ms\":5.2}","source":"console","time":"2026-10-07T05:16:56Z"}
{"level":"info","msg":"{\"ev\":\"req\",\"route\":\"problem_list\",\"status\":200,\"t\":1791350216668,\"ms\":7.6}","source":"console","time":"2026-10-07T05:16:56Z"}
{"level":"info","msg":"{\"ev\":\"req\",\"route\":\"problem_detail\",\"status\":200,\"t\":1791350216769,\"ms\":7.8}","source":"console","time":"2026-10-07T05:16:56Z"}
{"level":"info","msg":"{\"ev\":\"req\",\"route\":\"history\",\"status\":200,\"t\":1791350216873,\"ms\":12.9}","source":"console","time":"2026-10-07T05:16:56Z"}
{"level":"info","msg":"{\"ev\":\"req\",\"route\":\"problem_list\",\"status\":200,\"t\":1791350216968,\"ms\":7.3}","source":"console","time":"2026-10-07T05:16:56Z"}
{"level":"info","msg":"{\"ev\":\"req\",\"route\":\"problem_detail\",\"status\":200,\"t\":1791350217068,\"ms\":7.3}","source":"console","time":"2026-10-07T05:16:57Z"}
{"level":"info","msg":"{\"ev\":\"req\",\"route\":\"history\",\"status\":200,\"t\":1791350217167,\"ms\":5.8}","source":"console","time":"2026-10-07T05:16:57Z"}
{"level":"info","msg":"{\"ev\":\"req\",\"route\":\"problem_list\",\"status\":200,\"t\":1791350217274,\"ms\":12.6}","source":"console","time":"2026-10-07T05:16:57Z"}
{"level":"info","msg":"{\"ev\":\"req\",\"route\":\"problem_detail\",\"status\":200,\"t\":1791350217368,\"ms\":7.5}","source":"console","time":"2026-10-07T05:16:57Z"}
{"level":"info","msg":"{\"ev\":\"req\",\"route\":\"history\",\"status\":200,\"t\":1791350217472,\"ms\":11.1}","source":"console","time":"2026-10-07T05:16:57Z"}
{"level":"info","msg":"{\"ev\":\"req\",\"route\":\"problem_list\",\"status\":200,\"t\":1791350217579,\"ms\":17.8}","source":"console","time":"2026-10-07T05:16:57Z"}
{"level":"info","msg":"{\"ev\":\"req\",\"route\":\"problem_detail\",\"status\":200,\"t\":1791350217675,\"ms\":14.3}","source":"console","time":"2026-10-07T05:16:57Z"}
{"level":"info","msg":"{\"ev\":\"req\",\"route\":\"history\",\"status\":200,\"t\":1791350217767,\"ms\":5.4}","source":"console","time":"2026-10-07T05:16:57Z"}
{"level":"info","msg":"{\"ev\":\"req\",\"route\":\"problem_list\",\"status\":200,\"t\":1791350217878,\"ms\":16.4}","source":"console","time":"2026-10-07T05:16:57Z"}
{"level":"info","msg":"{\"ev\":\"req\",\"route\":\"problem_detail\",\"status\":200,\"t\":1791350217977,\"ms\":16}","source":"console","time":"2026-10-07T05:16:57Z"}
{"level":"info","msg":"{\"ev\":\"req\",\"route\":\"history\",\"status\":200,\"t\":1791350218069,\"ms\":7.9}","source":"console","time":"2026-10-07T05:16:58Z"}
{"level":"info","msg":"{\"ev\":\"req\",\"route\":\"submit\",\"status\":200,\"t\":1791350218127,\"ms\":32.1}","source":"console","time":"2026-10-07T05:16:58Z"}
{"level":"info","msg":"{\"ev\":\"accepted\",\"id\":\"cb1b09c0-505c-4293-8511-d47883aa3c23\",\"t\":1791350218127}","source":"console","time":"2026-10-07T05:16:58Z"}
{"level":"info","msg":"{\"ev\":\"req\",\"route\":\"problem_list\",\"status\":200,\"t\":1791350218174,\"ms\":12.5}","source":"console","time":"2026-10-07T05:16:58Z"}
{"level":"info","msg":"{\"ev\":\"req\",\"route\":\"problem_detail\",\"status\":200,\"t\":1791350218278,\"ms\":17.2}","source":"console","time":"2026-10-07T05:16:58Z"}
{"level":"info","msg":"{\"ev\":\"req\",\"route\":\"history\",\"status\":200,\"t\":1791350218369,\"ms\":8.6}","source":"console","time":"2026-10-07T05:16:58Z"}
{"level":"info","msg":"{\"ev\":\"req\",\"route\":\"problem_list\",\"status\":200,\"t\":1791350218472,\"ms\":11}","source":"console","time":"2026-10-07T05:16:58Z"}
{"level":"info","msg":"{\"ev\":\"req\",\"route\":\"problem_detail\",\"status\":200,\"t\":1791350218579,\"ms\":17.9}","source":"console","time":"2026-10-07T05:16:58Z"}
{"level":"info","msg":"{\"ev\":\"req\",\"route\":\"history\",\"status\":200,\"t\":1791350218667,\"ms\":6.5}","source":"console","time":"2026-10-07T05:16:58Z"}
{"level":"info","msg":"{\"ev\":\"req\",\"route\":\"problem_list\",\"status\":200,\"t\":1791350218769,\"ms\":8.7}","source":"console","time":"2026-10-07T05:16:58Z"}
{"level":"info","msg":"{\"ev\":\"req\",\"route\":\"problem_detail\",\"status\":200,\"t\":1791350218878,\"ms\":16}","source":"console","time":"2026-10-07T05:16:58Z"}
{"level":"info","msg":"{\"ev\":\"req\",\"route\":\"history\",\"status\":200,\"t\":1791350218967,\"ms\":6}","source":"console","time":"2026-10-07T05:16:58Z"}
{"level":"info","msg":"{\"ev\":\"req\",\"route\":\"problem_list\",\"status\":200,\"t\":1791350219077,\"ms\":16.2}","source":"console","time":"2026-10-07T05:16:59Z"}
{"level":"info","msg":"{\"ev\":\"req\",\"route\":\"problem_detail\",\"status\":200,\"t\":1791350219168,\"ms\":6.7}","source":"console","time":"2026-10-07T05:16:59Z"}
{"level":"info","msg":"{\"ev\":\"req\",\"route\":\"history\",\"status\":200,\"t\":1791350219273,\"ms\":12.5}","source":"console","time":"2026-10-07T05:16:59Z"}
{"level":"info","msg":"{\"ev\":\"req\",\"route\":\"problem_list\",\"status\":200,\"t\":1791350219378,\"ms\":16.9}","source":"console","time":"2026-10-07T05:16:59Z"}
{"level":"info","msg":"{\"ev\":\"req\",\"route\":\"problem_detail\",\"status\":200,\"t\":1791350219478,\"ms\":16.1}","source":"console","time":"2026-10-07T05:16:59Z"}
{"level":"info","msg":"{\"ev\":\"req\",\"route\":\"history\",\"status\":200,\"t\":1791350219572,\"ms\":11}","source":"console","time":"2026-10-07T05:16:59Z"}
{"level":"info","msg":"{\"ev\":\"req\",\"route\":\"problem_list\",\"status\":200,\"t\":1791350219677,\"ms\":16.5}","source":"console","time":"2026-10-07T05:16:59Z"}
{"level":"info","msg":"{\"ev\":\"req\",\"route\":\"problem_detail\",\"status\":200,\"t\":1791350219779,\"ms\":18.3}","source":"console","time":"2026-10-07T05:16:59Z"}
{"level":"info","msg":"{\"ev\":\"req\",\"route\":\"submit\",\"status\":200,\"t\":1791350219791,\"ms\":30.8}","source":"console","time":"2026-10-07T05:16:59Z"}
{"level":"info","msg":"{\"ev\":\"accepted\",\"id\":\"e971d8ee-ed24-4bb4-85b7-551122e4b3de\",\"t\":1791350219792}","source":"console","time":"2026-10-07T05:16:59Z"}
{"level":"info","msg":"{\"ev\":\"req\",\"route\":\"history\",\"status\":200,\"t\":1791350219867,\"ms\":6.1}","source":"console","time":"2026-10-07T05:16:59Z"}
{"level":"info","msg":"{\"ev\":\"req\",\"route\":\"problem_list\",\"status\":200,\"t\":1791350219971,\"ms\":10.2}","source":"console","time":"2026-10-07T05:16:59Z"}
{"level":"info","msg":"{\"ev\":\"req\",\"route\":\"problem_detail\",\"status\":200,\"t\":1791350220069,\"ms\":7.8}","source":"console","time":"2026-10-07T05:17:00Z"}
{"level":"info","msg":"{\"ev\":\"req\",\"route\":\"history\",\"status\":200,\"t\":1791350220168,\"ms\":6.9}","source":"console","time":"2026-10-07T05:17:00Z"}
{"level":"info","msg":"{\"ev\":\"req\",\"route\":\"problem_list\",\"status\":200,\"t\":1791350220269,\"ms\":8.5}","source":"console","time":"2026-10-07T05:17:00Z"}
{"level":"info","msg":"{\"ev\":\"req\",\"route\":\"problem_detail\",\"status\":200,\"t\":1791350220368,\"ms\":7.4}","source":"console","time":"2026-10-07T05:17:00Z"}
{"level":"info","msg":"{\"ev\":\"req\",\"route\":\"history\",\"status\":200,\"t\":1791350220468,\"ms\":7.9}","source":"console","time":"2026-10-07T05:17:00Z"}
{"level":"info","msg":"{\"ev\":\"req\",\"route\":\"problem_list\",\"status\":200,\"t\":1791350220581,\"ms\":19.9}","source":"console","time":"2026-10-07T05:17:00Z"}
{"level":"info","msg":"{\"ev\":\"req\",\"route\":\"problem_detail\",\"status\":200,\"t\":1791350220670,\"ms\":8.7}","source":"console","time":"2026-10-07T05:17:00Z"}
{"level":"info","msg":"{\"ev\":\"req\",\"route\":\"history\",\"status\":200,\"t\":1791350220773,\"ms\":12.4}","source":"console","time":"2026-10-07T05:17:00Z"}
{"level":"info","msg":"{\"ev\":\"req\",\"route\":\"problem_list\",\"status\":200,\"t\":1791350220879,\"ms\":17.7}","source":"console","time":"2026-10-07T05:17:00Z"}
{"level":"info","msg":"{\"ev\":\"req\",\"route\":\"problem_detail\",\"status\":200,\"t\":1791350220970,\"ms\":9.4}","source":"console","time":"2026-10-07T05:17:00Z"}
{"level":"info","msg":"{\"ev\":\"req\",\"route\":\"history\",\"status\":200,\"t\":1791350221071,\"ms\":10.7}","source":"console","time":"2026-10-07T05:17:01Z"}
{"level":"info","msg":"{\"ev\":\"req\",\"route\":\"problem_list\",\"status\":200,\"t\":1791350221179,\"ms\":18}","source":"console","time":"2026-10-07T05:17:01Z"}
{"level":"info","msg":"{\"ev\":\"req\",\"route\":\"problem_detail\",\"status\":200,\"t\":1791350221277,\"ms\":16}","source":"console","time":"2026-10-07T05:17:01Z"}
{"level":"info","msg":"{\"ev\":\"req\",\"route\":\"history\",\"status\":200,\"t\":1791350221372,\"ms\":11.3}","source":"console","time":"2026-10-07T05:17:01Z"}
{"level":"info","msg":"{\"ev\":\"req\",\"route\":\"submit\",\"status\":200,\"t\":1791350221457,\"ms\":28.5}","source":"console","time":"2026-10-07T05:17:01Z"}
{"level":"info","msg":"{\"ev\":\"accepted\",\"id\":\"5a2c5f84-d2cb-4535-a1da-a3fc7280545e\",\"t\":1791350221457}","source":"console","time":"2026-10-07T05:17:01Z"}
{"level":"info","msg":"{\"ev\":\"req\",\"route\":\"problem_list\",\"status\":200,\"t\":1791350221468,\"ms\":7.3}","source":"console","time":"2026-10-07T05:17:01Z"}
{"level":"info","msg":"{\"ev\":\"req\",\"route\":\"problem_detail\",\"status\":200,\"t\":1791350221568,\"ms\":7.4}","source":"console","time":"2026-10-07T05:17:01Z"}
{"level":"info","msg":"{\"ev\":\"req\",\"route\":\"history\",\"status\":200,\"t\":1791350221671,\"ms\":9.5}","source":"console","time":"2026-10-07T05:17:01Z"}
{"level":"info","msg":"{\"ev\":\"req\",\"route\":\"problem_list\",\"status\":200,\"t\":1791350221790,\"ms\":28.9}","source":"console","time":"2026-10-07T05:17:01Z"}
{"level":"info","msg":"{\"ev\":\"req\",\"route\":\"problem_detail\",\"status\":200,\"t\":1791350221871,\"ms\":10.3}","source":"console","time":"2026-10-07T05:17:01Z"}
{"level":"info","msg":"{\"ev\":\"req\",\"route\":\"history\",\"status\":200,\"t\":1791350221967,\"ms\":6.4}","source":"console","time":"2026-10-07T05:17:01Z"}
{"level":"info","msg":"{\"ev\":\"req\",\"route\":\"problem_list\",\"status\":200,\"t\":1791350222071,\"ms\":10}","source":"console","time":"2026-10-07T05:17:02Z"}
{"level":"info","msg":"{\"ev\":\"req\",\"route\":\"problem_detail\",\"status\":200,\"t\":1791350222175,\"ms\":14.4}","source":"console","time":"2026-10-07T05:17:02Z"}
{"level":"info","msg":"{\"ev\":\"req\",\"route\":\"history\",\"status\":200,\"t\":1791350222272,\"ms\":10.8}","source":"console","time":"2026-10-07T05:17:02Z"}
{"level":"info","msg":"{\"ev\":\"req\",\"route\":\"problem_list\",\"status\":200,\"t\":1791350222377,\"ms\":16}","source":"console","time":"2026-10-07T05:17:02Z"}
{"level":"info","msg":"{\"ev\":\"req\",\"route\":\"problem_detail\",\"status\":200,\"t\":1791350222478,\"ms\":16.6}","source":"console","time":"2026-10-07T05:17:02Z"}
{"level":"info","msg":"{\"ev\":\"req\",\"route\":\"history\",\"status\":200,\"t\":1791350222569,\"ms\":7.8}","source":"console","time":"2026-10-07T05:17:02Z"}
{"level":"info","msg":"{\"ev\":\"req\",\"route\":\"problem_list\",\"status\":200,\"t\":1791350222677,\"ms\":15.6}","source":"console","time":"2026-10-07T05:17:02Z"}
{"level":"info","msg":"{\"ev\":\"req\",\"route\":\"problem_detail\",\"status\":200,\"t\":1791350222775,\"ms\":14.3}","source":"console","time":"2026-10-07T05:17:02Z"}
{"level":"info","msg":"{\"ev\":\"req\",\"route\":\"history\",\"status\":200,\"t\":1791350222870,\"ms\":9.4}","source":"console","time":"2026-10-07T05:17:02Z"}
{"level":"info","msg":"{\"ev\":\"req\",\"route\":\"problem_list\",\"status\":200,\"t\":1791350222969,\"ms\":8.7}","source":"console","time":"2026-10-07T05:17:02Z"}
{"level":"info","msg":"{\"ev\":\"req\",\"route\":\"problem_detail\",\"status\":200,\"t\":1791350223068,\"ms\":7.3}","source":"console","time":"2026-10-07T05:17:03Z"}
{"level":"info","msg":"{\"ev\":\"req\",\"route\":\"submit\",\"status\":200,\"t\":1791350223109,\"ms\":15.1}","source":"console","time":"2026-10-07T05:17:03Z"}
{"level":"info","msg":"{\"ev\":\"accepted\",\"id\":\"37598cc5-6e0d-4527-a008-5dcf4aaac2cf\",\"t\":1791350223109}","source":"console","time":"2026-10-07T05:17:03Z"}
{"level":"info","msg":"{\"ev\":\"req\",\"route\":\"history\",\"status\":200,\"t\":1791350223166,\"ms\":5.2}","source":"console","time":"2026-10-07T05:17:03Z"}
{"level":"info","msg":"{\"ev\":\"req\",\"route\":\"problem_list\",\"status\":200,\"t\":1791350223268,\"ms\":7.5}","source":"console","time":"2026-10-07T05:17:03Z"}
{"level":"info","msg":"{\"ev\":\"req\",\"route\":\"problem_detail\",\"status\":200,\"t\":1791350223370,\"ms\":9}","source":"console","time":"2026-10-07T05:17:03Z"}
{"level":"info","msg":"{\"ev\":\"req\",\"route\":\"history\",\"status\":200,\"t\":1791350223465,\"ms\":4.9}","source":"console","time":"2026-10-07T05:17:03Z"}
{"level":"info","msg":"{\"ev\":\"req\",\"route\":\"problem_list\",\"status\":200,\"t\":1791350223570,\"ms\":9}","source":"console","time":"2026-10-07T05:17:03Z"}
{"level":"info","msg":"{\"ev\":\"req\",\"route\":\"problem_detail\",\"status\":200,\"t\":1791350223668,\"ms\":7.5}","source":"console","time":"2026-10-07T05:17:03Z"}
{"level":"info","msg":"{\"ev\":\"req\",\"route\":\"history\",\"status\":200,\"t\":1791350223767,\"ms\":5.8}","source":"console","time":"2026-10-07T05:17:03Z"}
{"level":"info","msg":"{\"ev\":\"req\",\"route\":\"problem_list\",\"status\":200,\"t\":1791350223874,\"ms\":13.5}","source":"console","time":"2026-10-07T05:17:03Z"}
{"level":"info","msg":"{\"ev\":\"req\",\"route\":\"problem_detail\",\"status\":200,\"t\":1791350223968,\"ms\":7.6}","source":"console","time":"2026-10-07T05:17:03Z"}
{"level":"info","msg":"{\"ev\":\"req\",\"route\":\"history\",\"status\":200,\"t\":1791350224072,\"ms\":10.6}","source":"console","time":"2026-10-07T05:17:04Z"}
{"level":"info","msg":"{\"ev\":\"req\",\"route\":\"problem_list\",\"status\":200,\"t\":1791350224177,\"ms\":16.6}","source":"console","time":"2026-10-07T05:17:04Z"}
{"level":"info","msg":"{\"ev\":\"req\",\"route\":\"problem_detail\",\"status\":200,\"t\":1791350224275,\"ms\":14.9}","source":"console","time":"2026-10-07T05:17:04Z"}
{"level":"info","msg":"{\"ev\":\"req\",\"route\":\"history\",\"status\":200,\"t\":1791350224372,\"ms\":10.9}","source":"console","time":"2026-10-07T05:17:04Z"}
{"level":"info","msg":"{\"ev\":\"req\",\"route\":\"problem_list\",\"status\":200,\"t\":1791350224479,\"ms\":17.8}","source":"console","time":"2026-10-07T05:17:04Z"}
{"level":"info","msg":"{\"ev\":\"req\",\"route\":\"problem_detail\",\"status\":200,\"t\":1791350224567,\"ms\":6.4}","source":"console","time":"2026-10-07T05:17:04Z"}
{"level":"info","msg":"{\"ev\":\"req\",\"route\":\"history\",\"status\":200,\"t\":1791350224673,\"ms\":11.5}","source":"console","time":"2026-10-07T05:17:04Z"}
{"level":"info","msg":"{\"ev\":\"req\",\"route\":\"problem_list\",\"status\":200,\"t\":1791350224773,\"ms\":11.8}","source":"console","time":"2026-10-07T05:17:04Z"}
{"level":"info","msg":"{\"ev\":\"req\",\"route\":\"submit\",\"status\":200,\"t\":1791350224787,\"ms\":26.1}","source":"console","time":"2026-10-07T05:17:04Z"}
{"level":"info","msg":"{\"ev\":\"accepted\",\"id\":\"bff21aaf-71b9-4ee0-8eb8-e417465feb98\",\"t\":1791350224787}","source":"console","time":"2026-10-07T05:17:04Z"}
{"level":"info","msg":"{\"ev\":\"req\",\"route\":\"problem_detail\",\"status\":200,\"t\":1791350224870,\"ms\":9.4}","source":"console","time":"2026-10-07T05:17:04Z"}
{"level":"info","msg":"{\"ev\":\"req\",\"route\":\"history\",\"status\":200,\"t\":1791350224977,\"ms\":15.8}","source":"console","time":"2026-10-07T05:17:04Z"}
{"level":"info","msg":"{\"ev\":\"req\",\"route\":\"problem_list\",\"status\":200,\"t\":1791350225074,\"ms\":13.8}","source":"console","time":"2026-10-07T05:17:05Z"}
{"level":"info","msg":"{\"ev\":\"req\",\"route\":\"problem_detail\",\"status\":200,\"t\":1791350225183,\"ms\":22.4}","source":"console","time":"2026-10-07T05:17:05Z"}
{"level":"info","msg":"{\"ev\":\"req\",\"route\":\"history\",\"status\":200,\"t\":1791350225266,\"ms\":5.8}","source":"console","time":"2026-10-07T05:17:05Z"}
{"level":"info","msg":"{\"ev\":\"req\",\"route\":\"problem_list\",\"status\":200,\"t\":1791350225368,\"ms\":7}","source":"console","time":"2026-10-07T05:17:05Z"}
{"level":"info","msg":"{\"ev\":\"req\",\"route\":\"problem_detail\",\"status\":200,\"t\":1791350225479,\"ms\":18.1}","source":"console","time":"2026-10-07T05:17:05Z"}
{"level":"info","msg":"{\"ev\":\"req\",\"route\":\"history\",\"status\":200,\"t\":1791350225567,\"ms\":6.8}","source":"console","time":"2026-10-07T05:17:05Z"}
{"level":"info","msg":"{\"ev\":\"req\",\"route\":\"problem_list\",\"status\":200,\"t\":1791350225668,\"ms\":6.7}","source":"console","time":"2026-10-07T05:17:05Z"}
{"level":"info","msg":"{\"ev\":\"req\",\"route\":\"problem_detail\",\"status\":200,\"t\":1791350225773,\"ms\":12}","source":"console","time":"2026-10-07T05:17:05Z"}
{"level":"info","msg":"{\"ev\":\"req\",\"route\":\"history\",\"status\":200,\"t\":1791350225873,\"ms\":12.1}","source":"console","time":"2026-10-07T05:17:05Z"}
{"level":"info","msg":"{\"ev\":\"req\",\"route\":\"problem_list\",\"status\":200,\"t\":1791350225968,\"ms\":6.6}","source":"console","time":"2026-10-07T05:17:05Z"}
{"level":"info","msg":"{\"ev\":\"req\",\"route\":\"problem_detail\",\"status\":200,\"t\":1791350226074,\"ms\":13.3}","source":"console","time":"2026-10-07T05:17:06Z"}
{"level":"info","msg":"{\"ev\":\"req\",\"route\":\"history\",\"status\":200,\"t\":1791350226173,\"ms\":12.1}","source":"console","time":"2026-10-07T05:17:06Z"}
{"level":"info","msg":"{\"ev\":\"req\",\"route\":\"problem_list\",\"status\":200,\"t\":1791350226269,\"ms\":7.8}","source":"console","time":"2026-10-07T05:17:06Z"}
{"level":"info","msg":"{\"ev\":\"req\",\"route\":\"problem_detail\",\"status\":200,\"t\":1791350226367,\"ms\":6.4}","source":"console","time":"2026-10-07T05:17:06Z"}
{"level":"info","msg":"{\"ev\":\"req\",\"route\":\"submit\",\"status\":200,\"t\":1791350226461,\"ms\":33.9}","source":"console","time":"2026-10-07T05:17:06Z"}
{"level":"info","msg":"{\"ev\":\"accepted\",\"id\":\"6c939f2a-651e-4075-93da-04725348979d\",\"t\":1791350226461}","source":"console","time":"2026-10-07T05:17:06Z"}
{"level":"info","msg":"{\"ev\":\"req\",\"route\":\"history\",\"status\":200,\"t\":1791350226471,\"ms\":10.7}","source":"console","time":"2026-10-07T05:17:06Z"}
{"level":"info","msg":"{\"ev\":\"req\",\"route\":\"problem_list\",\"status\":200,\"t\":1791350226571,\"ms\":10.1}","source":"console","time":"2026-10-07T05:17:06Z"}
{"level":"info","msg":"{\"ev\":\"req\",\"route\":\"problem_detail\",\"status\":200,\"t\":1791350226673,\"ms\":12.5}","source":"console","time":"2026-10-07T05:17:06Z"}
{"level":"info","msg":"{\"ev\":\"req\",\"route\":\"history\",\"status\":200,\"t\":1791350226767,\"ms\":6.2}","source":"console","time":"2026-10-07T05:17:06Z"}
{"level":"info","msg":"{\"ev\":\"req\",\"route\":\"problem_list\",\"status\":200,\"t\":1791350226869,\"ms\":8.2}","source":"console","time":"2026-10-07T05:17:06Z"}
{"level":"info","msg":"{\"ev\":\"req\",\"route\":\"problem_detail\",\"status\":200,\"t\":1791350226973,\"ms\":11.8}","source":"console","time":"2026-10-07T05:17:06Z"}
{"level":"info","msg":"{\"ev\":\"req\",\"route\":\"history\",\"status\":200,\"t\":1791350227065,\"ms\":4.8}","source":"console","time":"2026-10-07T05:17:07Z"}
{"level":"info","msg":"{\"ev\":\"req\",\"route\":\"problem_list\",\"status\":200,\"t\":1791350227169,\"ms\":7.6}","source":"console","time":"2026-10-07T05:17:07Z"}
{"level":"info","msg":"{\"ev\":\"req\",\"route\":\"problem_detail\",\"status\":200,\"t\":1791350227270,\"ms\":9.1}","source":"console","time":"2026-10-07T05:17:07Z"}
{"level":"info","msg":"{\"ev\":\"req\",\"route\":\"history\",\"status\":200,\"t\":1791350227369,\"ms\":9}","source":"console","time":"2026-10-07T05:17:07Z"}
{"level":"info","msg":"{\"ev\":\"req\",\"route\":\"problem_list\",\"status\":200,\"t\":1791350227475,\"ms\":13.7}","source":"console","time":"2026-10-07T05:17:07Z"}
{"level":"info","msg":"{\"ev\":\"req\",\"route\":\"problem_detail\",\"status\":200,\"t\":1791350227574,\"ms\":12.4}","source":"console","time":"2026-10-07T05:17:07Z"}
{"level":"info","msg":"{\"ev\":\"req\",\"route\":\"history\",\"status\":200,\"t\":1791350227669,\"ms\":9.1}","source":"console","time":"2026-10-07T05:17:07Z"}
{"level":"info","msg":"{\"ev\":\"req\",\"route\":\"problem_list\",\"status\":200,\"t\":1791350227778,\"ms\":17.5}","source":"console","time":"2026-10-07T05:17:07Z"}
{"level":"info","msg":"{\"ev\":\"req\",\"route\":\"problem_detail\",\"status\":200,\"t\":1791350227878,\"ms\":16.6}","source":"console","time":"2026-10-07T05:17:07Z"}
{"level":"info","msg":"{\"ev\":\"req\",\"route\":\"history\",\"status\":200,\"t\":1791350227971,\"ms\":9.5}","source":"console","time":"2026-10-07T05:17:07Z"}
{"level":"info","msg":"{\"ev\":\"req\",\"route\":\"problem_list\",\"status\":200,\"t\":1791350228076,\"ms\":15.2}","source":"console","time":"2026-10-07T05:17:08Z"}
{"level":"info","msg":"{\"ev\":\"req\",\"route\":\"submit\",\"status\":200,\"t\":1791350228127,\"ms\":33.3}","source":"console","time":"2026-10-07T05:17:08Z"}
{"level":"info","msg":"{\"ev\":\"accepted\",\"id\":\"9d033264-ec1c-4a4a-841c-158d69e83853\",\"t\":1791350228127}","source":"console","time":"2026-10-07T05:17:08Z"}
{"level":"info","msg":"{\"ev\":\"req\",\"route\":\"problem_detail\",\"status\":200,\"t\":1791350228171,\"ms\":10.4}","source":"console","time":"2026-10-07T05:17:08Z"}
{"level":"info","msg":"{\"ev\":\"req\",\"route\":\"history\",\"status\":200,\"t\":1791350228267,\"ms\":7}","source":"console","time":"2026-10-07T05:17:08Z"}
{"level":"info","msg":"{\"ev\":\"req\",\"route\":\"problem_list\",\"status\":200,\"t\":1791350228371,\"ms\":10.6}","source":"console","time":"2026-10-07T05:17:08Z"}
{"level":"info","msg":"{\"ev\":\"req\",\"route\":\"problem_detail\",\"status\":200,\"t\":1791350228472,\"ms\":11.1}","source":"console","time":"2026-10-07T05:17:08Z"}
{"level":"info","msg":"{\"ev\":\"req\",\"route\":\"history\",\"status\":200,\"t\":1791350228567,\"ms\":6.7}","source":"console","time":"2026-10-07T05:17:08Z"}
{"level":"info","msg":"{\"ev\":\"req\",\"route\":\"problem_list\",\"status\":200,\"t\":1791350228668,\"ms\":7}","source":"console","time":"2026-10-07T05:17:08Z"}
{"level":"info","msg":"{\"ev\":\"req\",\"route\":\"problem_detail\",\"status\":200,\"t\":1791350228768,\"ms\":7}","source":"console","time":"2026-10-07T05:17:08Z"}
{"level":"info","msg":"{\"ev\":\"req\",\"route\":\"history\",\"status\":200,\"t\":1791350228871,\"ms\":10.4}","source":"console","time":"2026-10-07T05:17:08Z"}
{"level":"info","msg":"{\"ev\":\"req\",\"route\":\"problem_list\",\"status\":200,\"t\":1791350228976,\"ms\":15}","source":"console","time":"2026-10-07T05:17:08Z"}
{"level":"info","msg":"{\"ev\":\"req\",\"route\":\"problem_detail\",\"status\":200,\"t\":1791350229077,\"ms\":16.2}","source":"console","time":"2026-10-07T05:17:09Z"}
{"level":"info","msg":"{\"ev\":\"req\",\"route\":\"history\",\"status\":200,\"t\":1791350229176,\"ms\":16}","source":"console","time":"2026-10-07T05:17:09Z"}
{"level":"info","msg":"{\"ev\":\"req\",\"route\":\"problem_list\",\"status\":200,\"t\":1791350229274,\"ms\":13}","source":"console","time":"2026-10-07T05:17:09Z"}
{"level":"info","msg":"{\"ev\":\"req\",\"route\":\"problem_detail\",\"status\":200,\"t\":1791350229374,\"ms\":13.4}","source":"console","time":"2026-10-07T05:17:09Z"}
{"level":"info","msg":"{\"ev\":\"req\",\"route\":\"history\",\"status\":200,\"t\":1791350229471,\"ms\":9.9}","source":"console","time":"2026-10-07T05:17:09Z"}
{"level":"info","msg":"{\"ev\":\"req\",\"route\":\"problem_list\",\"status\":200,\"t\":1791350229577,\"ms\":15.9}","source":"console","time":"2026-10-07T05:17:09Z"}
{"level":"info","msg":"{\"ev\":\"req\",\"route\":\"problem_detail\",\"status\":200,\"t\":1791350229676,\"ms\":15.1}","source":"console","time":"2026-10-07T05:17:09Z"}
{"level":"info","msg":"{\"ev\":\"req\",\"route\":\"history\",\"status\":200,\"t\":1791350229772,\"ms\":11}","source":"console","time":"2026-10-07T05:17:09Z"}
{"level":"info","msg":"{\"ev\":\"req\",\"route\":\"submit\",\"status\":200,\"t\":1791350229794,\"ms\":32.6}","source":"console","time":"2026-10-07T05:17:09Z"}
{"level":"info","msg":"{\"ev\":\"accepted\",\"id\":\"c7306860-b016-4aa0-9228-86188a2149ed\",\"t\":1791350229794}","source":"console","time":"2026-10-07T05:17:09Z"}
{"level":"info","msg":"{\"ev\":\"req\",\"route\":\"problem_list\",\"status\":200,\"t\":1791350229868,\"ms\":7}","source":"console","time":"2026-10-07T05:17:09Z"}
{"level":"info","msg":"{\"ev\":\"req\",\"route\":\"problem_detail\",\"status\":200,\"t\":1791350229969,\"ms\":8.3}","source":"console","time":"2026-10-07T05:17:09Z"}
{"level":"info","msg":"{\"ev\":\"req\",\"route\":\"history\",\"status\":200,\"t\":1791350230066,\"ms\":5.2}","source":"console","time":"2026-10-07T05:17:10Z"}
{"level":"info","msg":"{\"ev\":\"req\",\"route\":\"problem_list\",\"status\":200,\"t\":1791350230170,\"ms\":9.1}","source":"console","time":"2026-10-07T05:17:10Z"}
{"level":"info","msg":"{\"ev\":\"req\",\"route\":\"problem_detail\",\"status\":200,\"t\":1791350230268,\"ms\":7.3}","source":"console","time":"2026-10-07T05:17:10Z"}
{"level":"info","msg":"{\"ev\":\"req\",\"route\":\"history\",\"status\":200,\"t\":1791350230366,\"ms\":4.9}","source":"console","time":"2026-10-07T05:17:10Z"}
{"level":"info","msg":"{\"ev\":\"req\",\"route\":\"problem_list\",\"status\":200,\"t\":1791350230469,\"ms\":8.3}","source":"console","time":"2026-10-07T05:17:10Z"}
{"level":"info","msg":"{\"ev\":\"req\",\"route\":\"problem_detail\",\"status\":200,\"t\":1791350230578,\"ms\":16.7}","source":"console","time":"2026-10-07T05:17:10Z"}
{"level":"info","msg":"{\"ev\":\"req\",\"route\":\"history\",\"status\":200,\"t\":1791350230666,\"ms\":5.9}","source":"console","time":"2026-10-07T05:17:10Z"}
{"level":"info","msg":"{\"ev\":\"req\",\"route\":\"problem_list\",\"status\":200,\"t\":1791350230777,\"ms\":15.3}","source":"console","time":"2026-10-07T05:17:10Z"}
{"level":"info","msg":"{\"ev\":\"req\",\"route\":\"problem_detail\",\"status\":200,\"t\":1791350230873,\"ms\":12.9}","source":"console","time":"2026-10-07T05:17:10Z"}
{"level":"info","msg":"{\"ev\":\"req\",\"route\":\"history\",\"status\":200,\"t\":1791350230966,\"ms\":5}","source":"console","time":"2026-10-07T05:17:10Z"}
{"level":"info","msg":"{\"ev\":\"req\",\"route\":\"problem_list\",\"status\":200,\"t\":1791350231074,\"ms\":13}","source":"console","time":"2026-10-07T05:17:11Z"}
{"level":"info","msg":"{\"ev\":\"req\",\"route\":\"problem_detail\",\"status\":200,\"t\":1791350231177,\"ms\":15.4}","source":"console","time":"2026-10-07T05:17:11Z"}
{"level":"info","msg":"{\"ev\":\"req\",\"route\":\"history\",\"status\":200,\"t\":1791350231266,\"ms\":5}","source":"console","time":"2026-10-07T05:17:11Z"}
{"level":"info","msg":"{\"ev\":\"req\",\"route\":\"problem_list\",\"status\":200,\"t\":1791350231375,\"ms\":13.5}","source":"console","time":"2026-10-07T05:17:11Z"}
{"level":"info","msg":"{\"ev\":\"req\",\"route\":\"submit\",\"status\":200,\"t\":1791350231451,\"ms\":23.6}","source":"console","time":"2026-10-07T05:17:11Z"}
{"level":"info","msg":"{\"ev\":\"accepted\",\"id\":\"01ae42a2-4eb4-4704-a13b-8e8ab7ab341e\",\"t\":1791350231451}","source":"console","time":"2026-10-07T05:17:11Z"}
{"level":"info","msg":"{\"ev\":\"req\",\"route\":\"problem_detail\",\"status\":200,\"t\":1791350231467,\"ms\":6.7}","source":"console","time":"2026-10-07T05:17:11Z"}
{"level":"info","msg":"{\"ev\":\"req\",\"route\":\"history\",\"status\":200,\"t\":1791350231571,\"ms\":10}","source":"console","time":"2026-10-07T05:17:11Z"}
{"level":"info","msg":"{\"ev\":\"req\",\"route\":\"problem_list\",\"status\":200,\"t\":1791350231668,\"ms\":7.6}","source":"console","time":"2026-10-07T05:17:11Z"}
{"level":"info","msg":"{\"ev\":\"req\",\"route\":\"problem_detail\",\"status\":200,\"t\":1791350231771,\"ms\":9.8}","source":"console","time":"2026-10-07T05:17:11Z"}
{"level":"info","msg":"{\"ev\":\"req\",\"route\":\"history\",\"status\":200,\"t\":1791350231868,\"ms\":7.1}","source":"console","time":"2026-10-07T05:17:11Z"}
{"level":"info","msg":"{\"ev\":\"req\",\"route\":\"problem_list\",\"status\":200,\"t\":1791350231972,\"ms\":10.9}","source":"console","time":"2026-10-07T05:17:11Z"}
{"level":"info","msg":"{\"ev\":\"req\",\"route\":\"problem_detail\",\"status\":200,\"t\":1791350232068,\"ms\":7}","source":"console","time":"2026-10-07T05:17:12Z"}
{"level":"info","msg":"{\"ev\":\"req\",\"route\":\"history\",\"status\":200,\"t\":1791350232167,\"ms\":6.8}","source":"console","time":"2026-10-07T05:17:12Z"}
{"level":"info","msg":"{\"ev\":\"req\",\"route\":\"problem_list\",\"status\":200,\"t\":1791350232274,\"ms\":13.1}","source":"console","time":"2026-10-07T05:17:12Z"}
{"level":"info","msg":"{\"ev\":\"req\",\"route\":\"problem_detail\",\"status\":200,\"t\":1791350232374,\"ms\":13.7}","source":"console","time":"2026-10-07T05:17:12Z"}
{"level":"info","msg":"{\"ev\":\"req\",\"route\":\"history\",\"status\":200,\"t\":1791350232466,\"ms\":5.4}","source":"console","time":"2026-10-07T05:17:12Z"}
{"level":"info","msg":"{\"ev\":\"req\",\"route\":\"problem_list\",\"status\":200,\"t\":1791350232578,\"ms\":17.3}","source":"console","time":"2026-10-07T05:17:12Z"}
{"level":"info","msg":"{\"ev\":\"req\",\"route\":\"problem_detail\",\"status\":200,\"t\":1791350232674,\"ms\":13.4}","source":"console","time":"2026-10-07T05:17:12Z"}
{"level":"info","msg":"{\"ev\":\"req\",\"route\":\"history\",\"status\":200,\"t\":1791350232772,\"ms\":11.5}","source":"console","time":"2026-10-07T05:17:12Z"}
{"level":"info","msg":"{\"ev\":\"req\",\"route\":\"problem_list\",\"status\":200,\"t\":1791350232877,\"ms\":15.5}","source":"console","time":"2026-10-07T05:17:12Z"}
{"level":"info","msg":"{\"ev\":\"req\",\"route\":\"problem_detail\",\"status\":200,\"t\":1791350232977,\"ms\":15.6}","source":"console","time":"2026-10-07T05:17:12Z"}
{"level":"info","msg":"{\"ev\":\"req\",\"route\":\"history\",\"status\":200,\"t\":1791350233069,\"ms\":8.9}","source":"console","time":"2026-10-07T05:17:13Z"}
{"level":"info","msg":"{\"ev\":\"req\",\"route\":\"submit\",\"status\":200,\"t\":1791350233140,\"ms\":45.3}","source":"console","time":"2026-10-07T05:17:13Z"}
{"level":"info","msg":"{\"ev\":\"accepted\",\"id\":\"98ee9acf-8b95-4829-b83a-27b61dc2bdff\",\"t\":1791350233140}","source":"console","time":"2026-10-07T05:17:13Z"}
{"level":"info","msg":"{\"ev\":\"req\",\"route\":\"problem_list\",\"status\":200,\"t\":1791350233168,\"ms\":7.3}","source":"console","time":"2026-10-07T05:17:13Z"}
{"level":"info","msg":"{\"ev\":\"req\",\"route\":\"problem_detail\",\"status\":200,\"t\":1791350233267,\"ms\":7}","source":"console","time":"2026-10-07T05:17:13Z"}
{"level":"info","msg":"{\"ev\":\"req\",\"route\":\"history\",\"status\":200,\"t\":1791350233368,\"ms\":6.5}","source":"console","time":"2026-10-07T05:17:13Z"}
{"level":"info","msg":"{\"ev\":\"req\",\"route\":\"problem_list\",\"status\":200,\"t\":1791350233468,\"ms\":7.1}","source":"console","time":"2026-10-07T05:17:13Z"}
{"level":"info","msg":"{\"ev\":\"req\",\"route\":\"problem_detail\",\"status\":200,\"t\":1791350233569,\"ms\":7.7}","source":"console","time":"2026-10-07T05:17:13Z"}
{"level":"info","msg":"{\"ev\":\"req\",\"route\":\"history\",\"status\":200,\"t\":1791350233665,\"ms\":4.8}","source":"console","time":"2026-10-07T05:17:13Z"}
{"level":"info","msg":"{\"ev\":\"req\",\"route\":\"problem_list\",\"status\":200,\"t\":1791350233768,\"ms\":7.3}","source":"console","time":"2026-10-07T05:17:13Z"}
{"level":"info","msg":"{\"ev\":\"req\",\"route\":\"problem_detail\",\"status\":200,\"t\":1791350233868,\"ms\":7.4}","source":"console","time":"2026-10-07T05:17:13Z"}
{"level":"info","msg":"{\"ev\":\"req\",\"route\":\"history\",\"status\":200,\"t\":1791350233966,\"ms\":5.8}","source":"console","time":"2026-10-07T05:17:13Z"}
{"level":"info","msg":"{\"ev\":\"req\",\"route\":\"problem_list\",\"status\":200,\"t\":1791350234075,\"ms\":13.8}","source":"console","time":"2026-10-07T05:17:14Z"}
{"level":"info","msg":"{\"ev\":\"req\",\"route\":\"problem_detail\",\"status\":200,\"t\":1791350234174,\"ms\":13.1}","source":"console","time":"2026-10-07T05:17:14Z"}
{"level":"info","msg":"{\"ev\":\"req\",\"route\":\"history\",\"status\":200,\"t\":1791350234269,\"ms\":8.8}","source":"console","time":"2026-10-07T05:17:14Z"}
{"level":"info","msg":"{\"ev\":\"req\",\"route\":\"problem_list\",\"status\":200,\"t\":1791350234368,\"ms\":6.8}","source":"console","time":"2026-10-07T05:17:14Z"}
{"level":"info","msg":"{\"ev\":\"req\",\"route\":\"problem_detail\",\"status\":200,\"t\":1791350234475,\"ms\":14.3}","source":"console","time":"2026-10-07T05:17:14Z"}
{"level":"info","msg":"{\"ev\":\"req\",\"route\":\"history\",\"status\":200,\"t\":1791350234573,\"ms\":11.9}","source":"console","time":"2026-10-07T05:17:14Z"}
{"level":"info","msg":"{\"ev\":\"req\",\"route\":\"problem_list\",\"status\":200,\"t\":1791350234677,\"ms\":15.4}","source":"console","time":"2026-10-07T05:17:14Z"}
{"level":"info","msg":"{\"ev\":\"req\",\"route\":\"problem_detail\",\"status\":200,\"t\":1791350234776,\"ms\":14.7}","source":"console","time":"2026-10-07T05:17:14Z"}
{"level":"info","msg":"{\"ev\":\"req\",\"route\":\"submit\",\"status\":200,\"t\":1791350234793,\"ms\":32.3}","source":"console","time":"2026-10-07T05:17:14Z"}
{"level":"info","msg":"{\"ev\":\"accepted\",\"id\":\"fab085e6-68cc-4def-86ee-990651c9dde1\",\"t\":1791350234793}","source":"console","time":"2026-10-07T05:17:14Z"}
{"level":"info","msg":"{\"ev\":\"req\",\"route\":\"history\",\"status\":200,\"t\":1791350234869,\"ms\":7.9}","source":"console","time":"2026-10-07T05:17:14Z"}
{"level":"info","msg":"{\"ev\":\"req\",\"route\":\"problem_list\",\"status\":200,\"t\":1791350234979,\"ms\":18.4}","source":"console","time":"2026-10-07T05:17:14Z"}
{"level":"info","msg":"{\"ev\":\"req\",\"route\":\"problem_detail\",\"status\":200,\"t\":1791350235073,\"ms\":11.7}","source":"console","time":"2026-10-07T05:17:15Z"}
{"level":"info","msg":"{\"ev\":\"req\",\"route\":\"history\",\"status\":200,\"t\":1791350235170,\"ms\":9.2}","source":"console","time":"2026-10-07T05:17:15Z"}
{"level":"info","msg":"{\"ev\":\"req\",\"route\":\"problem_list\",\"status\":200,\"t\":1791350235267,\"ms\":6.4}","source":"console","time":"2026-10-07T05:17:15Z"}
{"level":"info","msg":"{\"ev\":\"req\",\"route\":\"problem_detail\",\"status\":200,\"t\":1791350235367,\"ms\":5.9}","source":"console","time":"2026-10-07T05:17:15Z"}
{"level":"info","msg":"{\"ev\":\"req\",\"route\":\"history\",\"status\":200,\"t\":1791350235471,\"ms\":9.5}","source":"console","time":"2026-10-07T05:17:15Z"}
{"level":"info","msg":"{\"ev\":\"req\",\"route\":\"problem_list\",\"status\":200,\"t\":1791350235575,\"ms\":14.1}","source":"console","time":"2026-10-07T05:17:15Z"}
{"level":"info","msg":"{\"ev\":\"req\",\"route\":\"problem_detail\",\"status\":200,\"t\":1791350235670,\"ms\":8.9}","source":"console","time":"2026-10-07T05:17:15Z"}
{"level":"info","msg":"{\"ev\":\"req\",\"route\":\"history\",\"status\":200,\"t\":1791350235770,\"ms\":9}","source":"console","time":"2026-10-07T05:17:15Z"}
{"level":"info","msg":"{\"ev\":\"req\",\"route\":\"problem_list\",\"status\":200,\"t\":1791350235873,\"ms\":11.9}","source":"console","time":"2026-10-07T05:17:15Z"}
{"level":"info","msg":"{\"ev\":\"req\",\"route\":\"problem_detail\",\"status\":200,\"t\":1791350235968,\"ms\":7.1}","source":"console","time":"2026-10-07T05:17:15Z"}
{"level":"info","msg":"{\"ev\":\"req\",\"route\":\"history\",\"status\":200,\"t\":1791350236072,\"ms\":10.2}","source":"console","time":"2026-10-07T05:17:16Z"}
{"level":"info","msg":"{\"ev\":\"req\",\"route\":\"problem_list\",\"status\":200,\"t\":1791350236176,\"ms\":14.9}","source":"console","time":"2026-10-07T05:17:16Z"}
{"level":"info","msg":"{\"ev\":\"req\",\"route\":\"problem_detail\",\"status\":200,\"t\":1791350236276,\"ms\":14.7}","source":"console","time":"2026-10-07T05:17:16Z"}
{"level":"info","msg":"{\"ev\":\"req\",\"route\":\"history\",\"status\":200,\"t\":1791350236372,\"ms\":11.2}","source":"console","time":"2026-10-07T05:17:16Z"}
{"level":"info","msg":"{\"ev\":\"req\",\"route\":\"submit\",\"status\":200,\"t\":1791350236444,\"ms\":15.8}","source":"console","time":"2026-10-07T05:17:16Z"}
{"level":"info","msg":"{\"ev\":\"accepted\",\"id\":\"fbb46f83-a3b7-4e62-97b9-12c79a43e5cb\",\"t\":1791350236444}","source":"console","time":"2026-10-07T05:17:16Z"}
{"level":"info","msg":"{\"ev\":\"req\",\"route\":\"problem_list\",\"status\":200,\"t\":1791350236468,\"ms\":7.4}","source":"console","time":"2026-10-07T05:17:16Z"}
{"level":"info","msg":"{\"ev\":\"req\",\"route\":\"problem_detail\",\"status\":200,\"t\":1791350236567,\"ms\":6.7}","source":"console","time":"2026-10-07T05:17:16Z"}
{"level":"info","msg":"{\"ev\":\"req\",\"route\":\"history\",\"status\":200,\"t\":1791350236666,\"ms\":5.1}","source":"console","time":"2026-10-07T05:17:16Z"}
{"level":"info","msg":"{\"ev\":\"req\",\"route\":\"problem_list\",\"status\":200,\"t\":1791350236768,\"ms\":7.3}","source":"console","time":"2026-10-07T05:17:16Z"}
{"level":"info","msg":"{\"ev\":\"req\",\"route\":\"problem_detail\",\"status\":200,\"t\":1791350236868,\"ms\":6.8}","source":"console","time":"2026-10-07T05:17:16Z"}
{"level":"info","msg":"{\"ev\":\"req\",\"route\":\"history\",\"status\":200,\"t\":1791350236967,\"ms\":6.7}","source":"console","time":"2026-10-07T05:17:16Z"}
{"level":"info","msg":"{\"ev\":\"req\",\"route\":\"problem_list\",\"status\":200,\"t\":1791350237069,\"ms\":7.8}","source":"console","time":"2026-10-07T05:17:17Z"}
{"level":"info","msg":"{\"ev\":\"req\",\"route\":\"problem_detail\",\"status\":200,\"t\":1791350237167,\"ms\":6.1}","source":"console","time":"2026-10-07T05:17:17Z"}
{"level":"info","msg":"{\"ev\":\"req\",\"route\":\"history\",\"status\":200,\"t\":1791350237270,\"ms\":9.1}","source":"console","time":"2026-10-07T05:17:17Z"}
{"level":"info","msg":"{\"ev\":\"req\",\"route\":\"problem_list\",\"status\":200,\"t\":1791350237367,\"ms\":6.4}","source":"console","time":"2026-10-07T05:17:17Z"}
{"level":"info","msg":"{\"ev\":\"req\",\"route\":\"problem_detail\",\"status\":200,\"t\":1791350237467,\"ms\":6.2}","source":"console","time":"2026-10-07T05:17:17Z"}
{"level":"info","msg":"{\"ev\":\"req\",\"route\":\"history\",\"status\":200,\"t\":1791350237566,\"ms\":6.1}","source":"console","time":"2026-10-07T05:17:17Z"}
{"level":"info","msg":"{\"ev\":\"req\",\"route\":\"problem_list\",\"status\":200,\"t\":1791350237669,\"ms\":7.7}","source":"console","time":"2026-10-07T05:17:17Z"}
{"level":"info","msg":"{\"ev\":\"req\",\"route\":\"problem_detail\",\"status\":200,\"t\":1791350237772,\"ms\":11.3}","source":"console","time":"2026-10-07T05:17:17Z"}
{"level":"info","msg":"{\"ev\":\"req\",\"route\":\"history\",\"status\":200,\"t\":1791350237866,\"ms\":5.5}","source":"console","time":"2026-10-07T05:17:17Z"}
{"level":"info","msg":"{\"ev\":\"req\",\"route\":\"problem_list\",\"status\":200,\"t\":1791350237968,\"ms\":7.5}","source":"console","time":"2026-10-07T05:17:17Z"}
{"level":"info","msg":"{\"ev\":\"req\",\"route\":\"problem_detail\",\"status\":200,\"t\":1791350238067,\"ms\":6.3}","source":"console","time":"2026-10-07T05:17:18Z"}
{"level":"info","msg":"{\"ev\":\"req\",\"route\":\"submit\",\"status\":200,\"t\":1791350238119,\"ms\":25.2}","source":"console","time":"2026-10-07T05:17:18Z"}
{"level":"info","msg":"{\"ev\":\"accepted\",\"id\":\"f7d39248-1aa6-4186-9148-2d524600e27a\",\"t\":1791350238119}","source":"console","time":"2026-10-07T05:17:18Z"}
{"level":"info","msg":"{\"ev\":\"req\",\"route\":\"history\",\"status\":200,\"t\":1791350238168,\"ms\":7.5}","source":"console","time":"2026-10-07T05:17:18Z"}
{"level":"info","msg":"{\"ev\":\"req\",\"route\":\"problem_list\",\"status\":200,\"t\":1791350238271,\"ms\":10.5}","source":"console","time":"2026-10-07T05:17:18Z"}
{"level":"info","msg":"{\"ev\":\"req\",\"route\":\"problem_detail\",\"status\":200,\"t\":1791350238369,\"ms\":8.6}","source":"console","time":"2026-10-07T05:17:18Z"}
{"level":"info","msg":"{\"ev\":\"req\",\"route\":\"history\",\"status\":200,\"t\":1791350238468,\"ms\":7}","source":"console","time":"2026-10-07T05:17:18Z"}
{"level":"info","msg":"{\"ev\":\"req\",\"route\":\"problem_list\",\"status\":200,\"t\":1791350238571,\"ms\":9.8}","source":"console","time":"2026-10-07T05:17:18Z"}
{"level":"info","msg":"{\"ev\":\"req\",\"route\":\"problem_detail\",\"status\":200,\"t\":1791350238667,\"ms\":6.1}","source":"console","time":"2026-10-07T05:17:18Z"}
{"level":"info","msg":"{\"ev\":\"req\",\"route\":\"history\",\"status\":200,\"t\":1791350238766,\"ms\":5.6}","source":"console","time":"2026-10-07T05:17:18Z"}
{"level":"info","msg":"{\"ev\":\"req\",\"route\":\"problem_list\",\"status\":200,\"t\":1791350238878,\"ms\":17.5}","source":"console","time":"2026-10-07T05:17:18Z"}
{"level":"info","msg":"{\"ev\":\"req\",\"route\":\"problem_detail\",\"status\":200,\"t\":1791350238974,\"ms\":12.3}","source":"console","time":"2026-10-07T05:17:18Z"}
{"level":"info","msg":"{\"ev\":\"req\",\"route\":\"history\",\"status\":200,\"t\":1791350239073,\"ms\":11.2}","source":"console","time":"2026-10-07T05:17:19Z"}
{"level":"info","msg":"{\"ev\":\"req\",\"route\":\"problem_list\",\"status\":200,\"t\":1791350239176,\"ms\":15.1}","source":"console","time":"2026-10-07T05:17:19Z"}
{"level":"info","msg":"{\"ev\":\"req\",\"route\":\"problem_detail\",\"status\":200,\"t\":1791350239275,\"ms\":13.8}","source":"console","time":"2026-10-07T05:17:19Z"}
{"level":"info","msg":"{\"ev\":\"req\",\"route\":\"history\",\"status\":200,\"t\":1791350239369,\"ms\":7.7}","source":"console","time":"2026-10-07T05:17:19Z"}
{"level":"info","msg":"{\"ev\":\"req\",\"route\":\"problem_list\",\"status\":200,\"t\":1791350239476,\"ms\":14.4}","source":"console","time":"2026-10-07T05:17:19Z"}
{"level":"info","msg":"{\"ev\":\"req\",\"route\":\"problem_detail\",\"status\":200,\"t\":1791350239574,\"ms\":13.3}","source":"console","time":"2026-10-07T05:17:19Z"}
{"level":"info","msg":"{\"ev\":\"req\",\"route\":\"history\",\"status\":200,\"t\":1791350239669,\"ms\":7.8}","source":"console","time":"2026-10-07T05:17:19Z"}
{"level":"info","msg":"{\"ev\":\"req\",\"route\":\"problem_list\",\"status\":200,\"t\":1791350239775,\"ms\":14.1}","source":"console","time":"2026-10-07T05:17:19Z"}
{"level":"info","msg":"{\"ev\":\"req\",\"route\":\"submit\",\"status\":200,\"t\":1791350239792,\"ms\":30.9}","source":"console","time":"2026-10-07T05:17:19Z"}
{"level":"info","msg":"{\"ev\":\"accepted\",\"id\":\"136a551d-4a4a-4c86-a9bf-c5527c5162e9\",\"t\":1791350239792}","source":"console","time":"2026-10-07T05:17:19Z"}
{"level":"info","msg":"{\"ev\":\"req\",\"route\":\"problem_detail\",\"status\":200,\"t\":1791350239868,\"ms\":7.9}","source":"console","time":"2026-10-07T05:17:19Z"}
{"level":"info","msg":"{\"ev\":\"req\",\"route\":\"history\",\"status\":200,\"t\":1791350239967,\"ms\":5.8}","source":"console","time":"2026-10-07T05:17:19Z"}
{"level":"info","msg":"{\"ev\":\"req\",\"route\":\"problem_list\",\"status\":200,\"t\":1791350240069,\"ms\":7.7}","source":"console","time":"2026-10-07T05:17:20Z"}
{"level":"info","msg":"{\"ev\":\"req\",\"route\":\"problem_detail\",\"status\":200,\"t\":1791350240168,\"ms\":7.6}","source":"console","time":"2026-10-07T05:17:20Z"}
{"level":"info","msg":"{\"ev\":\"req\",\"route\":\"history\",\"status\":200,\"t\":1791350240265,\"ms\":5}","source":"console","time":"2026-10-07T05:17:20Z"}
{"level":"info","msg":"{\"ev\":\"req\",\"route\":\"problem_list\",\"status\":200,\"t\":1791350240370,\"ms\":9}","source":"console","time":"2026-10-07T05:17:20Z"}
{"level":"info","msg":"{\"ev\":\"req\",\"route\":\"problem_detail\",\"status\":200,\"t\":1791350240468,\"ms\":6.8}","source":"console","time":"2026-10-07T05:17:20Z"}
{"level":"info","msg":"{\"ev\":\"req\",\"route\":\"history\",\"status\":200,\"t\":1791350240566,\"ms\":5.7}","source":"console","time":"2026-10-07T05:17:20Z"}
{"level":"info","msg":"{\"ev\":\"req\",\"route\":\"problem_list\",\"status\":200,\"t\":1791350240670,\"ms\":8.8}","source":"console","time":"2026-10-07T05:17:20Z"}
{"level":"info","msg":"{\"ev\":\"req\",\"route\":\"problem_detail\",\"status\":200,\"t\":1791350240768,\"ms\":6.9}","source":"console","time":"2026-10-07T05:17:20Z"}
{"level":"info","msg":"{\"ev\":\"req\",\"route\":\"history\",\"status\":200,\"t\":1791350240866,\"ms\":5.5}","source":"console","time":"2026-10-07T05:17:20Z"}
{"level":"info","msg":"{\"ev\":\"req\",\"route\":\"problem_list\",\"status\":200,\"t\":1791350240967,\"ms\":6}","source":"console","time":"2026-10-07T05:17:20Z"}
{"level":"info","msg":"{\"ev\":\"req\",\"route\":\"problem_detail\",\"status\":200,\"t\":1791350241074,\"ms\":12.9}","source":"console","time":"2026-10-07T05:17:21Z"}
{"level":"info","msg":"{\"ev\":\"req\",\"route\":\"history\",\"status\":200,\"t\":1791350241171,\"ms\":10}","source":"console","time":"2026-10-07T05:17:21Z"}
{"level":"info","msg":"{\"ev\":\"req\",\"route\":\"problem_list\",\"status\":200,\"t\":1791350241275,\"ms\":14.1}","source":"console","time":"2026-10-07T05:17:21Z"}
{"level":"info","msg":"{\"ev\":\"req\",\"route\":\"problem_detail\",\"status\":200,\"t\":1791350241374,\"ms\":12.9}","source":"console","time":"2026-10-07T05:17:21Z"}
{"level":"info","msg":"{\"ev\":\"req\",\"route\":\"submit\",\"status\":200,\"t\":1791350241445,\"ms\":17.8}","source":"console","time":"2026-10-07T05:17:21Z"}
{"level":"info","msg":"{\"ev\":\"accepted\",\"id\":\"def00f2f-c76c-472e-8104-20a55841bb9f\",\"t\":1791350241445}","source":"console","time":"2026-10-07T05:17:21Z"}
{"level":"info","msg":"{\"ev\":\"req\",\"route\":\"history\",\"status\":200,\"t\":1791350241465,\"ms\":4.4}","source":"console","time":"2026-10-07T05:17:21Z"}
{"level":"info","msg":"{\"ev\":\"req\",\"route\":\"problem_list\",\"status\":200,\"t\":1791350241570,\"ms\":9.5}","source":"console","time":"2026-10-07T05:17:21Z"}
{"level":"info","msg":"{\"ev\":\"req\",\"route\":\"problem_detail\",\"status\":200,\"t\":1791350241672,\"ms\":11.1}","source":"console","time":"2026-10-07T05:17:21Z"}
{"level":"info","msg":"{\"ev\":\"req\",\"route\":\"history\",\"status\":200,\"t\":1791350241767,\"ms\":6}","source":"console","time":"2026-10-07T05:17:21Z"}
{"level":"info","msg":"{\"ev\":\"req\",\"route\":\"problem_list\",\"status\":200,\"t\":1791350241870,\"ms\":8.4}","source":"console","time":"2026-10-07T05:17:21Z"}
{"level":"info","msg":"{\"ev\":\"req\",\"route\":\"problem_detail\",\"status\":200,\"t\":1791350241968,\"ms\":7.9}","source":"console","time":"2026-10-07T05:17:21Z"}
{"level":"info","msg":"{\"ev\":\"req\",\"route\":\"history\",\"status\":200,\"t\":1791350242071,\"ms\":10.7}","source":"console","time":"2026-10-07T05:17:22Z"}
{"level":"info","msg":"{\"ev\":\"req\",\"route\":\"problem_list\",\"status\":200,\"t\":1791350242175,\"ms\":13.4}","source":"console","time":"2026-10-07T05:17:22Z"}
{"level":"info","msg":"{\"ev\":\"req\",\"route\":\"problem_detail\",\"status\":200,\"t\":1791350242274,\"ms\":13.1}","source":"console","time":"2026-10-07T05:17:22Z"}
{"level":"info","msg":"{\"ev\":\"req\",\"route\":\"history\",\"status\":200,\"t\":1791350242371,\"ms\":10}","source":"console","time":"2026-10-07T05:17:22Z"}
{"level":"info","msg":"{\"ev\":\"req\",\"route\":\"problem_list\",\"status\":200,\"t\":1791350242473,\"ms\":12.8}","source":"console","time":"2026-10-07T05:17:22Z"}
{"level":"info","msg":"{\"ev\":\"req\",\"route\":\"problem_detail\",\"status\":200,\"t\":1791350242574,\"ms\":13.8}","source":"console","time":"2026-10-07T05:17:22Z"}
{"level":"info","msg":"{\"ev\":\"req\",\"route\":\"history\",\"status\":200,\"t\":1791350242672,\"ms\":11.7}","source":"console","time":"2026-10-07T05:17:22Z"}
{"level":"info","msg":"{\"ev\":\"req\",\"route\":\"problem_list\",\"status\":200,\"t\":1791350242781,\"ms\":19.7}","source":"console","time":"2026-10-07T05:17:22Z"}
{"level":"info","msg":"{\"ev\":\"req\",\"route\":\"problem_detail\",\"status\":200,\"t\":1791350242867,\"ms\":6.3}","source":"console","time":"2026-10-07T05:17:22Z"}
{"level":"info","msg":"{\"ev\":\"req\",\"route\":\"history\",\"status\":200,\"t\":1791350242974,\"ms\":12.5}","source":"console","time":"2026-10-07T05:17:22Z"}
{"level":"info","msg":"{\"ev\":\"req\",\"route\":\"problem_list\",\"status\":200,\"t\":1791350243074,\"ms\":12.8}","source":"console","time":"2026-10-07T05:17:23Z"}
{"level":"info","msg":"{\"ev\":\"req\",\"route\":\"submit\",\"status\":200,\"t\":1791350243122,\"ms\":27.8}","source":"console","time":"2026-10-07T05:17:23Z"}
{"level":"info","msg":"{\"ev\":\"accepted\",\"id\":\"be2976a2-6605-4b0c-a381-d790966aa9ac\",\"t\":1791350243122}","source":"console","time":"2026-10-07T05:17:23Z"}
{"level":"info","msg":"{\"ev\":\"req\",\"route\":\"problem_detail\",\"status\":200,\"t\":1791350243167,\"ms\":6.4}","source":"console","time":"2026-10-07T05:17:23Z"}
{"level":"info","msg":"{\"ev\":\"req\",\"route\":\"history\",\"status\":200,\"t\":1791350243273,\"ms\":12.5}","source":"console","time":"2026-10-07T05:17:23Z"}
{"level":"info","msg":"{\"ev\":\"req\",\"route\":\"problem_list\",\"status\":200,\"t\":1791350243368,\"ms\":7.1}","source":"console","time":"2026-10-07T05:17:23Z"}
{"level":"info","msg":"{\"ev\":\"req\",\"route\":\"problem_detail\",\"status\":200,\"t\":1791350243467,\"ms\":6.3}","source":"console","time":"2026-10-07T05:17:23Z"}
{"level":"info","msg":"{\"ev\":\"req\",\"route\":\"history\",\"status\":200,\"t\":1791350243567,\"ms\":7}","source":"console","time":"2026-10-07T05:17:23Z"}
{"level":"info","msg":"{\"ev\":\"req\",\"route\":\"problem_list\",\"status\":200,\"t\":1791350243668,\"ms\":6.9}","source":"console","time":"2026-10-07T05:17:23Z"}
{"level":"info","msg":"{\"ev\":\"req\",\"route\":\"problem_detail\",\"status\":200,\"t\":1791350243767,\"ms\":5.8}","source":"console","time":"2026-10-07T05:17:23Z"}
{"level":"info","msg":"{\"ev\":\"req\",\"route\":\"history\",\"status\":200,\"t\":1791350243871,\"ms\":9.8}","source":"console","time":"2026-10-07T05:17:23Z"}
{"level":"info","msg":"{\"ev\":\"req\",\"route\":\"problem_list\",\"status\":200,\"t\":1791350243967,\"ms\":6.3}","source":"console","time":"2026-10-07T05:17:23Z"}
{"level":"info","msg":"{\"ev\":\"req\",\"route\":\"problem_detail\",\"status\":200,\"t\":1791350244074,\"ms\":13.3}","source":"console","time":"2026-10-07T05:17:24Z"}
{"level":"info","msg":"{\"ev\":\"req\",\"route\":\"history\",\"status\":200,\"t\":1791350244172,\"ms\":10.8}","source":"console","time":"2026-10-07T05:17:24Z"}
{"level":"info","msg":"{\"ev\":\"req\",\"route\":\"problem_list\",\"status\":200,\"t\":1791350244272,\"ms\":10.8}","source":"console","time":"2026-10-07T05:17:24Z"}
{"level":"info","msg":"{\"ev\":\"req\",\"route\":\"problem_detail\",\"status\":200,\"t\":1791350244375,\"ms\":13.7}","source":"console","time":"2026-10-07T05:17:24Z"}
{"level":"info","msg":"{\"ev\":\"req\",\"route\":\"history\",\"status\":200,\"t\":1791350244473,\"ms\":12.2}","source":"console","time":"2026-10-07T05:17:24Z"}
{"level":"info","msg":"{\"ev\":\"req\",\"route\":\"problem_list\",\"status\":200,\"t\":1791350244575,\"ms\":13.7}","source":"console","time":"2026-10-07T05:17:24Z"}
{"level":"info","msg":"{\"ev\":\"req\",\"route\":\"problem_detail\",\"status\":200,\"t\":1791350244674,\"ms\":13}","source":"console","time":"2026-10-07T05:17:24Z"}
{"level":"info","msg":"{\"ev\":\"req\",\"route\":\"history\",\"status\":200,\"t\":1791350244772,\"ms\":10.7}","source":"console","time":"2026-10-07T05:17:24Z"}
{"level":"info","msg":"{\"ev\":\"req\",\"route\":\"submit\",\"status\":200,\"t\":1791350244790,\"ms\":28.2}","source":"console","time":"2026-10-07T05:17:24Z"}
{"level":"info","msg":"{\"ev\":\"accepted\",\"id\":\"6fdab971-5d12-401d-aff3-2404aa3d805a\",\"t\":1791350244790}","source":"console","time":"2026-10-07T05:17:24Z"}
{"level":"info","msg":"{\"ev\":\"req\",\"route\":\"problem_list\",\"status\":200,\"t\":1791350244871,\"ms\":9.4}","source":"console","time":"2026-10-07T05:17:24Z"}
{"level":"info","msg":"{\"ev\":\"req\",\"route\":\"problem_detail\",\"status\":200,\"t\":1791350244970,\"ms\":9.9}","source":"console","time":"2026-10-07T05:17:24Z"}
{"level":"info","msg":"{\"ev\":\"req\",\"route\":\"history\",\"status\":200,\"t\":1791350245069,\"ms\":8.1}","source":"console","time":"2026-10-07T05:17:25Z"}
{"level":"info","msg":"{\"ev\":\"req\",\"route\":\"problem_list\",\"status\":200,\"t\":1791350245167,\"ms\":6.3}","source":"console","time":"2026-10-07T05:17:25Z"}
{"level":"info","msg":"{\"ev\":\"req\",\"route\":\"problem_detail\",\"status\":200,\"t\":1791350245268,\"ms\":7.2}","source":"console","time":"2026-10-07T05:17:25Z"}
{"level":"info","msg":"{\"ev\":\"req\",\"route\":\"history\",\"status\":200,\"t\":1791350245366,\"ms\":4.9}","source":"console","time":"2026-10-07T05:17:25Z"}
{"level":"info","msg":"{\"ev\":\"req\",\"route\":\"problem_list\",\"status\":200,\"t\":1791350245467,\"ms\":6.6}","source":"console","time":"2026-10-07T05:17:25Z"}
{"level":"info","msg":"{\"ev\":\"req\",\"route\":\"problem_detail\",\"status\":200,\"t\":1791350245574,\"ms\":12.9}","source":"console","time":"2026-10-07T05:17:25Z"}
{"level":"info","msg":"{\"ev\":\"req\",\"route\":\"history\",\"status\":200,\"t\":1791350245671,\"ms\":9.9}","source":"console","time":"2026-10-07T05:17:25Z"}
{"level":"info","msg":"{\"ev\":\"req\",\"route\":\"problem_list\",\"status\":200,\"t\":1791350245767,\"ms\":5.7}","source":"console","time":"2026-10-07T05:17:25Z"}
{"level":"info","msg":"{\"ev\":\"req\",\"route\":\"problem_detail\",\"status\":200,\"t\":1791350245874,\"ms\":13.4}","source":"console","time":"2026-10-07T05:17:25Z"}
{"level":"info","msg":"{\"ev\":\"req\",\"route\":\"history\",\"status\":200,\"t\":1791350245966,\"ms\":5.3}","source":"console","time":"2026-10-07T05:17:25Z"}
{"level":"info","msg":"{\"ev\":\"req\",\"route\":\"problem_list\",\"status\":200,\"t\":1791350246073,\"ms\":12.2}","source":"console","time":"2026-10-07T05:17:26Z"}
{"level":"info","msg":"{\"ev\":\"req\",\"route\":\"problem_detail\",\"status\":200,\"t\":1791350246170,\"ms\":9.8}","source":"console","time":"2026-10-07T05:17:26Z"}
{"level":"info","msg":"{\"ev\":\"req\",\"route\":\"history\",\"status\":200,\"t\":1791350246271,\"ms\":10.7}","source":"console","time":"2026-10-07T05:17:26Z"}
{"level":"info","msg":"{\"ev\":\"req\",\"route\":\"problem_list\",\"status\":200,\"t\":1791350246376,\"ms\":15.8}","source":"console","time":"2026-10-07T05:17:26Z"}
{"level":"info","msg":"{\"ev\":\"req\",\"route\":\"submit\",\"status\":200,\"t\":1791350246445,\"ms\":17.3}","source":"console","time":"2026-10-07T05:17:26Z"}
{"level":"info","msg":"{\"ev\":\"accepted\",\"id\":\"213b455b-af7b-466c-9765-0651f8a55aa7\",\"t\":1791350246445}","source":"console","time":"2026-10-07T05:17:26Z"}
{"level":"info","msg":"{\"ev\":\"req\",\"route\":\"problem_detail\",\"status\":200,\"t\":1791350246469,\"ms\":8.3}","source":"console","time":"2026-10-07T05:17:26Z"}
{"level":"info","msg":"{\"ev\":\"req\",\"route\":\"history\",\"status\":200,\"t\":1791350246566,\"ms\":5.1}","source":"console","time":"2026-10-07T05:17:26Z"}
{"level":"info","msg":"{\"ev\":\"req\",\"route\":\"problem_list\",\"status\":200,\"t\":1791350246668,\"ms\":7.3}","source":"console","time":"2026-10-07T05:17:26Z"}
{"level":"info","msg":"{\"ev\":\"req\",\"route\":\"problem_detail\",\"status\":200,\"t\":1791350246770,\"ms\":9.4}","source":"console","time":"2026-10-07T05:17:26Z"}
{"level":"info","msg":"{\"ev\":\"req\",\"route\":\"history\",\"status\":200,\"t\":1791350246866,\"ms\":5.1}","source":"console","time":"2026-10-07T05:17:26Z"}
{"level":"info","msg":"{\"ev\":\"req\",\"route\":\"problem_list\",\"status\":200,\"t\":1791350246970,\"ms\":9.6}","source":"console","time":"2026-10-07T05:17:26Z"}
{"level":"info","msg":"{\"ev\":\"req\",\"route\":\"problem_detail\",\"status\":200,\"t\":1791350247067,\"ms\":5.9}","source":"console","time":"2026-10-07T05:17:27Z"}
{"level":"info","msg":"{\"ev\":\"req\",\"route\":\"history\",\"status\":200,\"t\":1791350247167,\"ms\":6.7}","source":"console","time":"2026-10-07T05:17:27Z"}
{"level":"info","msg":"{\"ev\":\"req\",\"route\":\"problem_list\",\"status\":200,\"t\":1791350247269,\"ms\":7.5}","source":"console","time":"2026-10-07T05:17:27Z"}
{"level":"info","msg":"{\"ev\":\"req\",\"route\":\"problem_detail\",\"status\":200,\"t\":1791350247374,\"ms\":13.3}","source":"console","time":"2026-10-07T05:17:27Z"}
{"level":"info","msg":"{\"ev\":\"req\",\"route\":\"history\",\"status\":200,\"t\":1791350247471,\"ms\":10}","source":"console","time":"2026-10-07T05:17:27Z"}
{"level":"info","msg":"{\"ev\":\"req\",\"route\":\"problem_list\",\"status\":200,\"t\":1791350247567,\"ms\":6.5}","source":"console","time":"2026-10-07T05:17:27Z"}
{"level":"info","msg":"{\"ev\":\"req\",\"route\":\"problem_detail\",\"status\":200,\"t\":1791350247675,\"ms\":14}","source":"console","time":"2026-10-07T05:17:27Z"}
{"level":"info","msg":"{\"ev\":\"req\",\"route\":\"history\",\"status\":200,\"t\":1791350247772,\"ms\":10.2}","source":"console","time":"2026-10-07T05:17:27Z"}
{"level":"info","msg":"{\"ev\":\"req\",\"route\":\"problem_list\",\"status\":200,\"t\":1791350247874,\"ms\":13.7}","source":"console","time":"2026-10-07T05:17:27Z"}
{"level":"info","msg":"{\"ev\":\"req\",\"route\":\"problem_detail\",\"status\":200,\"t\":1791350247976,\"ms\":14.3}","source":"console","time":"2026-10-07T05:17:27Z"}
{"level":"info","msg":"{\"ev\":\"req\",\"route\":\"history\",\"status\":200,\"t\":1791350248071,\"ms\":9.8}","source":"console","time":"2026-10-07T05:17:28Z"}
{"level":"info","msg":"{\"ev\":\"req\",\"route\":\"submit\",\"status\":200,\"t\":1791350248124,\"ms\":30.3}","source":"console","time":"2026-10-07T05:17:28Z"}
{"level":"info","msg":"{\"ev\":\"accepted\",\"id\":\"0f2639c1-3b26-490a-b747-ff93ae7d5351\",\"t\":1791350248125}","source":"console","time":"2026-10-07T05:17:28Z"}
{"level":"info","msg":"{\"ev\":\"req\",\"route\":\"problem_list\",\"status\":200,\"t\":1791350248180,\"ms\":18.6}","source":"console","time":"2026-10-07T05:17:28Z"}
{"level":"info","msg":"{\"ev\":\"req\",\"route\":\"problem_detail\",\"status\":200,\"t\":1791350248272,\"ms\":11.5}","source":"console","time":"2026-10-07T05:17:28Z"}
{"level":"info","msg":"{\"ev\":\"req\",\"route\":\"history\",\"status\":200,\"t\":1791350248369,\"ms\":7.7}","source":"console","time":"2026-10-07T05:17:28Z"}
{"level":"info","msg":"{\"ev\":\"req\",\"route\":\"problem_list\",\"status\":200,\"t\":1791350248472,\"ms\":10.8}","source":"console","time":"2026-10-07T05:17:28Z"}
{"level":"info","msg":"{\"ev\":\"req\",\"route\":\"problem_detail\",\"status\":200,\"t\":1791350248569,\"ms\":8.3}","source":"console","time":"2026-10-07T05:17:28Z"}
{"level":"info","msg":"{\"ev\":\"req\",\"route\":\"history\",\"status\":200,\"t\":1791350248666,\"ms\":5.6}","source":"console","time":"2026-10-07T05:17:28Z"}
{"level":"info","msg":"{\"ev\":\"req\",\"route\":\"problem_list\",\"status\":200,\"t\":1791350248770,\"ms\":9.2}","source":"console","time":"2026-10-07T05:17:28Z"}
{"level":"info","msg":"{\"ev\":\"req\",\"route\":\"problem_detail\",\"status\":200,\"t\":1791350248868,\"ms\":6.7}","source":"console","time":"2026-10-07T05:17:28Z"}
{"level":"info","msg":"{\"ev\":\"req\",\"route\":\"history\",\"status\":200,\"t\":1791350248968,\"ms\":6.7}","source":"console","time":"2026-10-07T05:17:28Z"}
{"level":"info","msg":"{\"ev\":\"req\",\"route\":\"problem_list\",\"status\":200,\"t\":1791350249070,\"ms\":9.1}","source":"console","time":"2026-10-07T05:17:29Z"}
{"level":"info","msg":"{\"ev\":\"req\",\"route\":\"problem_detail\",\"status\":200,\"t\":1791350249167,\"ms\":6.1}","source":"console","time":"2026-10-07T05:17:29Z"}
{"level":"info","msg":"{\"ev\":\"req\",\"route\":\"history\",\"status\":200,\"t\":1791350249266,\"ms\":6}","source":"console","time":"2026-10-07T05:17:29Z"}
{"level":"info","msg":"{\"ev\":\"req\",\"route\":\"problem_list\",\"status\":200,\"t\":1791350249375,\"ms\":14.1}","source":"console","time":"2026-10-07T05:17:29Z"}
{"level":"info","msg":"{\"ev\":\"req\",\"route\":\"problem_detail\",\"status\":200,\"t\":1791350249474,\"ms\":13.5}","source":"console","time":"2026-10-07T05:17:29Z"}
{"level":"info","msg":"{\"ev\":\"req\",\"route\":\"history\",\"status\":200,\"t\":1791350249566,\"ms\":4.5}","source":"console","time":"2026-10-07T05:17:29Z"}
{"level":"info","msg":"{\"ev\":\"req\",\"route\":\"problem_list\",\"status\":200,\"t\":1791350249674,\"ms\":14}","source":"console","time":"2026-10-07T05:17:29Z"}
{"level":"info","msg":"{\"ev\":\"req\",\"route\":\"problem_detail\",\"status\":200,\"t\":1791350249774,\"ms\":12.9}","source":"console","time":"2026-10-07T05:17:29Z"}
{"level":"info","msg":"{\"ev\":\"req\",\"route\":\"submit\",\"status\":200,\"t\":1791350249787,\"ms\":25.5}","source":"console","time":"2026-10-07T05:17:29Z"}
{"level":"info","msg":"{\"ev\":\"accepted\",\"id\":\"c36d6d9c-d6f6-4022-8874-e954932f86b2\",\"t\":1791350249787}","source":"console","time":"2026-10-07T05:17:29Z"}
{"level":"info","msg":"{\"ev\":\"req\",\"route\":\"history\",\"status\":200,\"t\":1791350249866,\"ms\":5}","source":"console","time":"2026-10-07T05:17:29Z"}
{"level":"info","msg":"{\"ev\":\"req\",\"route\":\"problem_list\",\"status\":200,\"t\":1791350249968,\"ms\":7.9}","source":"console","time":"2026-10-07T05:17:29Z"}
{"level":"info","msg":"{\"ev\":\"req\",\"route\":\"problem_detail\",\"status\":200,\"t\":1791350250067,\"ms\":6.2}","source":"console","time":"2026-10-07T05:17:30Z"}
{"level":"info","msg":"{\"ev\":\"req\",\"route\":\"history\",\"status\":200,\"t\":1791350250166,\"ms\":5}","source":"console","time":"2026-10-07T05:17:30Z"}
{"level":"info","msg":"{\"ev\":\"req\",\"route\":\"problem_list\",\"status\":200,\"t\":1791350250268,\"ms\":7.3}","source":"console","time":"2026-10-07T05:17:30Z"}
{"level":"info","msg":"{\"ev\":\"req\",\"route\":\"problem_detail\",\"status\":200,\"t\":1791350250369,\"ms\":8.2}","source":"console","time":"2026-10-07T05:17:30Z"}
{"level":"info","msg":"{\"ev\":\"req\",\"route\":\"history\",\"status\":200,\"t\":1791350250467,\"ms\":5.5}","source":"console","time":"2026-10-07T05:17:30Z"}
{"level":"info","msg":"{\"ev\":\"req\",\"route\":\"problem_list\",\"status\":200,\"t\":1791350250568,\"ms\":7.6}","source":"console","time":"2026-10-07T05:17:30Z"}
{"level":"info","msg":"{\"ev\":\"req\",\"route\":\"problem_detail\",\"status\":200,\"t\":1791350250673,\"ms\":12.3}","source":"console","time":"2026-10-07T05:17:30Z"}
{"level":"info","msg":"{\"ev\":\"req\",\"route\":\"history\",\"status\":200,\"t\":1791350250766,\"ms\":4.7}","source":"console","time":"2026-10-07T05:17:30Z"}
{"level":"info","msg":"{\"ev\":\"req\",\"route\":\"problem_list\",\"status\":200,\"t\":1791350250874,\"ms\":13.2}","source":"console","time":"2026-10-07T05:17:30Z"}
{"level":"info","msg":"{\"ev\":\"req\",\"route\":\"problem_detail\",\"status\":200,\"t\":1791350250967,\"ms\":6.8}","source":"console","time":"2026-10-07T05:17:30Z"}
{"level":"info","msg":"{\"ev\":\"req\",\"route\":\"history\",\"status\":200,\"t\":1791350251072,\"ms\":11.6}","source":"console","time":"2026-10-07T05:17:31Z"}
{"level":"info","msg":"{\"ev\":\"req\",\"route\":\"problem_list\",\"status\":200,\"t\":1791350251174,\"ms\":13.7}","source":"console","time":"2026-10-07T05:17:31Z"}
{"level":"info","msg":"{\"ev\":\"req\",\"route\":\"problem_detail\",\"status\":200,\"t\":1791350251273,\"ms\":12.9}","source":"console","time":"2026-10-07T05:17:31Z"}
{"level":"info","msg":"{\"ev\":\"req\",\"route\":\"history\",\"status\":200,\"t\":1791350251372,\"ms\":11.1}","source":"console","time":"2026-10-07T05:17:31Z"}
{"level":"info","msg":"{\"ev\":\"req\",\"route\":\"submit\",\"status\":200,\"t\":1791350251449,\"ms\":21.7}","source":"console","time":"2026-10-07T05:17:31Z"}
{"level":"info","msg":"{\"ev\":\"accepted\",\"id\":\"5c39ec2a-db72-47f5-b696-cefcdf5472ce\",\"t\":1791350251449}","source":"console","time":"2026-10-07T05:17:31Z"}
{"level":"info","msg":"{\"ev\":\"req\",\"route\":\"problem_list\",\"status\":200,\"t\":1791350251467,\"ms\":6.3}","source":"console","time":"2026-10-07T05:17:31Z"}
{"level":"info","msg":"{\"ev\":\"req\",\"route\":\"problem_detail\",\"status\":200,\"t\":1791350251571,\"ms\":10.1}","source":"console","time":"2026-10-07T05:17:31Z"}
{"level":"info","msg":"{\"ev\":\"req\",\"route\":\"history\",\"status\":200,\"t\":1791350251667,\"ms\":6.3}","source":"console","time":"2026-10-07T05:17:31Z"}
{"level":"info","msg":"{\"ev\":\"req\",\"route\":\"problem_list\",\"status\":200,\"t\":1791350251767,\"ms\":6.4}","source":"console","time":"2026-10-07T05:17:31Z"}
{"level":"info","msg":"{\"ev\":\"req\",\"route\":\"problem_detail\",\"status\":200,\"t\":1791350251868,\"ms\":7}","source":"console","time":"2026-10-07T05:17:31Z"}
{"level":"info","msg":"{\"ev\":\"req\",\"route\":\"history\",\"status\":200,\"t\":1791350251968,\"ms\":7}","source":"console","time":"2026-10-07T05:17:31Z"}
{"level":"info","msg":"{\"ev\":\"req\",\"route\":\"problem_list\",\"status\":200,\"t\":1791350252067,\"ms\":6.4}","source":"console","time":"2026-10-07T05:17:32Z"}
{"level":"info","msg":"{\"ev\":\"req\",\"route\":\"problem_detail\",\"status\":200,\"t\":1791350252173,\"ms\":11.8}","source":"console","time":"2026-10-07T05:17:32Z"}
{"level":"info","msg":"{\"ev\":\"req\",\"route\":\"history\",\"status\":200,\"t\":1791350252271,\"ms\":10.2}","source":"console","time":"2026-10-07T05:17:32Z"}
{"level":"info","msg":"{\"ev\":\"req\",\"route\":\"problem_list\",\"status\":200,\"t\":1791350252367,\"ms\":5.8}","source":"console","time":"2026-10-07T05:17:32Z"}
{"level":"info","msg":"{\"ev\":\"req\",\"route\":\"problem_detail\",\"status\":200,\"t\":1791350252474,\"ms\":13.1}","source":"console","time":"2026-10-07T05:17:32Z"}
{"level":"info","msg":"{\"ev\":\"req\",\"route\":\"history\",\"status\":200,\"t\":1791350252566,\"ms\":5.1}","source":"console","time":"2026-10-07T05:17:32Z"}
{"level":"info","msg":"{\"ev\":\"req\",\"route\":\"problem_list\",\"status\":200,\"t\":1791350252674,\"ms\":13}","source":"console","time":"2026-10-07T05:17:32Z"}
{"level":"info","msg":"{\"ev\":\"req\",\"route\":\"problem_detail\",\"status\":200,\"t\":1791350252777,\"ms\":15.4}","source":"console","time":"2026-10-07T05:17:32Z"}
{"level":"info","msg":"{\"ev\":\"req\",\"route\":\"history\",\"status\":200,\"t\":1791350252873,\"ms\":11.1}","source":"console","time":"2026-10-07T05:17:32Z"}
{"level":"info","msg":"{\"ev\":\"req\",\"route\":\"problem_list\",\"status\":200,\"t\":1791350252974,\"ms\":13.6}","source":"console","time":"2026-10-07T05:17:32Z"}
{"level":"info","msg":"{\"ev\":\"req\",\"route\":\"problem_detail\",\"status\":200,\"t\":1791350253075,\"ms\":14.9}","source":"console","time":"2026-10-07T05:17:33Z"}
{"level":"info","msg":"{\"ev\":\"req\",\"route\":\"submit\",\"status\":200,\"t\":1791350253120,\"ms\":26.3}","source":"console","time":"2026-10-07T05:17:33Z"}
{"level":"info","msg":"{\"ev\":\"accepted\",\"id\":\"35640c82-fe96-41e7-8929-d09124b4173e\",\"t\":1791350253120}","source":"console","time":"2026-10-07T05:17:33Z"}
{"level":"info","msg":"{\"ev\":\"req\",\"route\":\"history\",\"status\":200,\"t\":1791350253165,\"ms\":4.7}","source":"console","time":"2026-10-07T05:17:33Z"}
{"level":"info","msg":"{\"ev\":\"req\",\"route\":\"problem_list\",\"status\":200,\"t\":1791350253267,\"ms\":6.6}","source":"console","time":"2026-10-07T05:17:33Z"}
{"level":"info","msg":"{\"ev\":\"req\",\"route\":\"problem_detail\",\"status\":200,\"t\":1791350253366,\"ms\":5.3}","source":"console","time":"2026-10-07T05:17:33Z"}
{"level":"info","msg":"{\"ev\":\"req\",\"route\":\"history\",\"status\":200,\"t\":1791350253466,\"ms\":5}","source":"console","time":"2026-10-07T05:17:33Z"}
{"level":"info","msg":"{\"ev\":\"req\",\"route\":\"problem_list\",\"status\":200,\"t\":1791350253567,\"ms\":6.3}","source":"console","time":"2026-10-07T05:17:33Z"}
{"level":"info","msg":"{\"ev\":\"req\",\"route\":\"problem_detail\",\"status\":200,\"t\":1791350253667,\"ms\":5.7}","source":"console","time":"2026-10-07T05:17:33Z"}
{"level":"info","msg":"{\"ev\":\"req\",\"route\":\"history\",\"status\":200,\"t\":1791350253766,\"ms\":5.5}","source":"console","time":"2026-10-07T05:17:33Z"}
{"level":"info","msg":"{\"ev\":\"req\",\"route\":\"problem_list\",\"status\":200,\"t\":1791350253875,\"ms\":14.1}","source":"console","time":"2026-10-07T05:17:33Z"}
{"level":"info","msg":"{\"ev\":\"req\",\"route\":\"problem_detail\",\"status\":200,\"t\":1791350253971,\"ms\":9.6}","source":"console","time":"2026-10-07T05:17:33Z"}
{"level":"info","msg":"{\"ev\":\"req\",\"route\":\"history\",\"status\":200,\"t\":1791350254071,\"ms\":10.6}","source":"console","time":"2026-10-07T05:17:34Z"}
{"level":"info","msg":"{\"ev\":\"req\",\"route\":\"problem_list\",\"status\":200,\"t\":1791350254176,\"ms\":14.9}","source":"console","time":"2026-10-07T05:17:34Z"}
{"level":"info","msg":"{\"ev\":\"req\",\"route\":\"problem_detail\",\"status\":200,\"t\":1791350254273,\"ms\":12}","source":"console","time":"2026-10-07T05:17:34Z"}
{"level":"info","msg":"{\"ev\":\"req\",\"route\":\"history\",\"status\":200,\"t\":1791350254371,\"ms\":10.3}","source":"console","time":"2026-10-07T05:17:34Z"}
{"level":"info","msg":"{\"ev\":\"req\",\"route\":\"problem_list\",\"status\":200,\"t\":1791350254475,\"ms\":13.7}","source":"console","time":"2026-10-07T05:17:34Z"}
{"level":"info","msg":"{\"ev\":\"req\",\"route\":\"problem_detail\",\"status\":200,\"t\":1791350254568,\"ms\":6.9}","source":"console","time":"2026-10-07T05:17:34Z"}
{"level":"info","msg":"{\"ev\":\"req\",\"route\":\"history\",\"status\":200,\"t\":1791350254667,\"ms\":5.6}","source":"console","time":"2026-10-07T05:17:34Z"}
{"level":"info","msg":"{\"ev\":\"req\",\"route\":\"problem_list\",\"status\":200,\"t\":1791350254770,\"ms\":8.8}","source":"console","time":"2026-10-07T05:17:34Z"}
{"level":"info","msg":"{\"ev\":\"req\",\"route\":\"submit\",\"status\":200,\"t\":1791350254782,\"ms\":21}","source":"console","time":"2026-10-07T05:17:34Z"}
{"level":"info","msg":"{\"ev\":\"accepted\",\"id\":\"dad17589-141d-472a-ab9d-4e3453141f13\",\"t\":1791350254782}","source":"console","time":"2026-10-07T05:17:34Z"}
{"level":"info","msg":"{\"ev\":\"req\",\"route\":\"problem_detail\",\"status\":200,\"t\":1791350254870,\"ms\":9.1}","source":"console","time":"2026-10-07T05:17:34Z"}
{"level":"info","msg":"{\"ev\":\"req\",\"route\":\"history\",\"status\":200,\"t\":1791350254973,\"ms\":11.3}","source":"console","time":"2026-10-07T05:17:34Z"}
{"level":"info","msg":"{\"ev\":\"req\",\"route\":\"problem_list\",\"status\":200,\"t\":1791350255073,\"ms\":11.9}","source":"console","time":"2026-10-07T05:17:35Z"}
{"level":"info","msg":"{\"ev\":\"req\",\"route\":\"problem_detail\",\"status\":200,\"t\":1791350255167,\"ms\":6}","source":"console","time":"2026-10-07T05:17:35Z"}
{"level":"info","msg":"{\"ev\":\"req\",\"route\":\"history\",\"status\":200,\"t\":1791350255266,\"ms\":5.6}","source":"console","time":"2026-10-07T05:17:35Z"}
{"level":"info","msg":"{\"ev\":\"req\",\"route\":\"problem_list\",\"status\":200,\"t\":1791350255367,\"ms\":6.2}","source":"console","time":"2026-10-07T05:17:35Z"}
{"level":"info","msg":"{\"ev\":\"req\",\"route\":\"problem_detail\",\"status\":200,\"t\":1791350255467,\"ms\":5.8}","source":"console","time":"2026-10-07T05:17:35Z"}
{"level":"info","msg":"{\"ev\":\"req\",\"route\":\"history\",\"status\":200,\"t\":1791350255569,\"ms\":7.9}","source":"console","time":"2026-10-07T05:17:35Z"}
{"level":"info","msg":"{\"ev\":\"req\",\"route\":\"problem_list\",\"status\":200,\"t\":1791350255667,\"ms\":6.2}","source":"console","time":"2026-10-07T05:17:35Z"}
{"level":"info","msg":"{\"ev\":\"req\",\"route\":\"problem_detail\",\"status\":200,\"t\":1791350255773,\"ms\":11.5}","source":"console","time":"2026-10-07T05:17:35Z"}
{"level":"info","msg":"{\"ev\":\"req\",\"route\":\"history\",\"status\":200,\"t\":1791350255871,\"ms\":10.2}","source":"console","time":"2026-10-07T05:17:35Z"}
{"level":"info","msg":"{\"ev\":\"req\",\"route\":\"problem_list\",\"status\":200,\"t\":1791350255969,\"ms\":7.9}","source":"console","time":"2026-10-07T05:17:35Z"}
{"level":"info","msg":"{\"ev\":\"req\",\"route\":\"problem_detail\",\"status\":200,\"t\":1791350256076,\"ms\":14.8}","source":"console","time":"2026-10-07T05:17:36Z"}
{"level":"info","msg":"{\"ev\":\"req\",\"route\":\"history\",\"status\":200,\"t\":1791350256167,\"ms\":6.1}","source":"console","time":"2026-10-07T05:17:36Z"}
{"level":"info","msg":"{\"ev\":\"req\",\"route\":\"problem_list\",\"status\":200,\"t\":1791350256274,\"ms\":13}","source":"console","time":"2026-10-07T05:17:36Z"}
{"level":"info","msg":"{\"ev\":\"req\",\"route\":\"problem_detail\",\"status\":200,\"t\":1791350256373,\"ms\":11.1}","source":"console","time":"2026-10-07T05:17:36Z"}
{"level":"info","msg":"{\"ev\":\"req\",\"route\":\"submit\",\"status\":200,\"t\":1791350256457,\"ms\":29.5}","source":"console","time":"2026-10-07T05:17:36Z"}
{"level":"info","msg":"{\"ev\":\"accepted\",\"id\":\"3d85812a-db4a-4be8-a9d3-3f554c4d5b5d\",\"t\":1791350256457}","source":"console","time":"2026-10-07T05:17:36Z"}
{"level":"info","msg":"{\"ev\":\"req\",\"route\":\"history\",\"status\":200,\"t\":1791350256468,\"ms\":7.9}","source":"console","time":"2026-10-07T05:17:36Z"}
{"level":"info","msg":"{\"ev\":\"req\",\"route\":\"problem_list\",\"status\":200,\"t\":1791350256568,\"ms\":6.9}","source":"console","time":"2026-10-07T05:17:36Z"}
{"level":"info","msg":"{\"ev\":\"req\",\"route\":\"problem_detail\",\"status\":200,\"t\":1791350256667,\"ms\":6.4}","source":"console","time":"2026-10-07T05:17:36Z"}
{"level":"info","msg":"{\"ev\":\"req\",\"route\":\"history\",\"status\":200,\"t\":1791350256766,\"ms\":4.9}","source":"console","time":"2026-10-07T05:17:36Z"}
{"level":"info","msg":"{\"ev\":\"req\",\"route\":\"problem_list\",\"status\":200,\"t\":1791350256867,\"ms\":6.2}","source":"console","time":"2026-10-07T05:17:36Z"}
{"level":"info","msg":"{\"ev\":\"req\",\"route\":\"problem_detail\",\"status\":200,\"t\":1791350256968,\"ms\":6.8}","source":"console","time":"2026-10-07T05:17:36Z"}
{"level":"info","msg":"{\"ev\":\"req\",\"route\":\"history\",\"status\":200,\"t\":1791350257065,\"ms\":5}","source":"console","time":"2026-10-07T05:17:37Z"}
{"level":"info","msg":"{\"ev\":\"req\",\"route\":\"problem_list\",\"status\":200,\"t\":1791350257169,\"ms\":8.4}","source":"console","time":"2026-10-07T05:17:37Z"}
{"level":"info","msg":"{\"ev\":\"req\",\"route\":\"problem_detail\",\"status\":200,\"t\":1791350257272,\"ms\":10.9}","source":"console","time":"2026-10-07T05:17:37Z"}
{"level":"info","msg":"{\"ev\":\"req\",\"route\":\"history\",\"status\":200,\"t\":1791350257370,\"ms\":9.6}","source":"console","time":"2026-10-07T05:17:37Z"}
{"level":"info","msg":"{\"ev\":\"req\",\"route\":\"problem_list\",\"status\":200,\"t\":1791350257472,\"ms\":11.3}","source":"console","time":"2026-10-07T05:17:37Z"}
{"level":"info","msg":"{\"ev\":\"req\",\"route\":\"problem_detail\",\"status\":200,\"t\":1791350257572,\"ms\":11.5}","source":"console","time":"2026-10-07T05:17:37Z"}
{"level":"info","msg":"{\"ev\":\"req\",\"route\":\"history\",\"status\":200,\"t\":1791350257671,\"ms\":9.9}","source":"console","time":"2026-10-07T05:17:37Z"}
{"level":"info","msg":"{\"ev\":\"req\",\"route\":\"problem_list\",\"status\":200,\"t\":1791350257774,\"ms\":12.7}","source":"console","time":"2026-10-07T05:17:37Z"}
{"level":"info","msg":"{\"ev\":\"req\",\"route\":\"problem_detail\",\"status\":200,\"t\":1791350257874,\"ms\":12.7}","source":"console","time":"2026-10-07T05:17:37Z"}
{"level":"info","msg":"{\"ev\":\"req\",\"route\":\"history\",\"status\":200,\"t\":1791350257968,\"ms\":7.3}","source":"console","time":"2026-10-07T05:17:37Z"}
{"level":"info","msg":"{\"ev\":\"req\",\"route\":\"problem_list\",\"status\":200,\"t\":1791350258073,\"ms\":11.7}","source":"console","time":"2026-10-07T05:17:38Z"}
{"level":"info","msg":"{\"ev\":\"req\",\"route\":\"submit\",\"status\":200,\"t\":1791350258128,\"ms\":33.3}","source":"console","time":"2026-10-07T05:17:38Z"}
{"level":"info","msg":"{\"ev\":\"accepted\",\"id\":\"3e9019ca-87b3-4fe5-a473-098fea90ac1b\",\"t\":1791350258128}","source":"console","time":"2026-10-07T05:17:38Z"}
{"level":"info","msg":"{\"ev\":\"req\",\"route\":\"problem_detail\",\"status\":200,\"t\":1791350258170,\"ms\":9.7}","source":"console","time":"2026-10-07T05:17:38Z"}
{"level":"info","msg":"{\"ev\":\"req\",\"route\":\"history\",\"status\":200,\"t\":1791350258268,\"ms\":7.3}","source":"console","time":"2026-10-07T05:17:38Z"}
{"level":"info","msg":"{\"ev\":\"req\",\"route\":\"problem_list\",\"status\":200,\"t\":1791350258368,\"ms\":7}","source":"console","time":"2026-10-07T05:17:38Z"}
{"level":"info","msg":"{\"ev\":\"req\",\"route\":\"problem_detail\",\"status\":200,\"t\":1791350258468,\"ms\":7}","source":"console","time":"2026-10-07T05:17:38Z"}
{"level":"info","msg":"{\"ev\":\"req\",\"route\":\"history\",\"status\":200,\"t\":1791350258565,\"ms\":5.1}","source":"console","time":"2026-10-07T05:17:38Z"}
{"level":"info","msg":"{\"ev\":\"req\",\"route\":\"problem_list\",\"status\":200,\"t\":1791350258667,\"ms\":6}","source":"console","time":"2026-10-07T05:17:38Z"}
{"level":"info","msg":"{\"ev\":\"req\",\"route\":\"problem_detail\",\"status\":200,\"t\":1791350258766,\"ms\":5.5}","source":"console","time":"2026-10-07T05:17:38Z"}
{"level":"info","msg":"{\"ev\":\"req\",\"route\":\"history\",\"status\":200,\"t\":1791350258872,\"ms\":10.6}","source":"console","time":"2026-10-07T05:17:38Z"}
{"level":"info","msg":"{\"ev\":\"req\",\"route\":\"problem_list\",\"status\":200,\"t\":1791350258973,\"ms\":12.1}","source":"console","time":"2026-10-07T05:17:38Z"}
{"level":"info","msg":"{\"ev\":\"req\",\"route\":\"problem_detail\",\"status\":200,\"t\":1791350259072,\"ms\":11.7}","source":"console","time":"2026-10-07T05:17:39Z"}
{"level":"info","msg":"{\"ev\":\"req\",\"route\":\"history\",\"status\":200,\"t\":1791350259171,\"ms\":9.7}","source":"console","time":"2026-10-07T05:17:39Z"}
{"level":"info","msg":"{\"ev\":\"req\",\"route\":\"problem_list\",\"status\":200,\"t\":1791350259272,\"ms\":11.4}","source":"console","time":"2026-10-07T05:17:39Z"}
{"level":"info","msg":"{\"ev\":\"req\",\"route\":\"problem_detail\",\"status\":200,\"t\":1791350259375,\"ms\":13.6}","source":"console","time":"2026-10-07T05:17:39Z"}
{"level":"info","msg":"{\"ev\":\"req\",\"route\":\"history\",\"status\":200,\"t\":1791350259472,\"ms\":10.7}","source":"console","time":"2026-10-07T05:17:39Z"}
{"level":"info","msg":"{\"ev\":\"req\",\"route\":\"problem_list\",\"status\":200,\"t\":1791350259574,\"ms\":13.2}","source":"console","time":"2026-10-07T05:17:39Z"}
{"level":"info","msg":"{\"ev\":\"req\",\"route\":\"problem_detail\",\"status\":200,\"t\":1791350259666,\"ms\":5.5}","source":"console","time":"2026-10-07T05:17:39Z"}
{"level":"info","msg":"{\"ev\":\"req\",\"route\":\"history\",\"status\":200,\"t\":1791350259766,\"ms\":5.7}","source":"console","time":"2026-10-07T05:17:39Z"}
{"level":"info","msg":"{\"ev\":\"req\",\"route\":\"submit\",\"status\":200,\"t\":1791350259782,\"ms\":21.7}","source":"console","time":"2026-10-07T05:17:39Z"}
{"level":"info","msg":"{\"ev\":\"accepted\",\"id\":\"59fb7e74-f0b0-41d4-8cc4-94772f79a555\",\"t\":1791350259782}","source":"console","time":"2026-10-07T05:17:39Z"}
{"level":"info","msg":"{\"ev\":\"req\",\"route\":\"problem_list\",\"status\":200,\"t\":1791350259869,\"ms\":8.3}","source":"console","time":"2026-10-07T05:17:39Z"}
{"level":"info","msg":"{\"ev\":\"req\",\"route\":\"problem_detail\",\"status\":200,\"t\":1791350259972,\"ms\":11.1}","source":"console","time":"2026-10-07T05:17:39Z"}
{"level":"info","msg":"{\"ev\":\"req\",\"route\":\"history\",\"status\":200,\"t\":1791350260067,\"ms\":6}","source":"console","time":"2026-10-07T05:17:40Z"}
{"level":"info","msg":"{\"ev\":\"req\",\"route\":\"problem_list\",\"status\":200,\"t\":1791350260173,\"ms\":12}","source":"console","time":"2026-10-07T05:17:40Z"}
{"level":"info","msg":"{\"ev\":\"req\",\"route\":\"problem_detail\",\"status\":200,\"t\":1791350260270,\"ms\":9.1}","source":"console","time":"2026-10-07T05:17:40Z"}
{"level":"info","msg":"{\"ev\":\"req\",\"route\":\"history\",\"status\":200,\"t\":1791350260367,\"ms\":6.1}","source":"console","time":"2026-10-07T05:17:40Z"}
{"level":"info","msg":"{\"ev\":\"req\",\"route\":\"problem_list\",\"status\":200,\"t\":1791350260467,\"ms\":6.1}","source":"console","time":"2026-10-07T05:17:40Z"}
{"level":"info","msg":"{\"ev\":\"req\",\"route\":\"problem_detail\",\"status\":200,\"t\":1791350260566,\"ms\":5.8}","source":"console","time":"2026-10-07T05:17:40Z"}
{"level":"info","msg":"{\"ev\":\"req\",\"route\":\"history\",\"status\":200,\"t\":1791350260666,\"ms\":4.5}","source":"console","time":"2026-10-07T05:17:40Z"}
{"level":"info","msg":"{\"ev\":\"req\",\"route\":\"problem_list\",\"status\":200,\"t\":1791350260773,\"ms\":12.7}","source":"console","time":"2026-10-07T05:17:40Z"}
{"level":"info","msg":"{\"ev\":\"req\",\"route\":\"problem_detail\",\"status\":200,\"t\":1791350260868,\"ms\":6.7}","source":"console","time":"2026-10-07T05:17:40Z"}
{"level":"info","msg":"{\"ev\":\"req\",\"route\":\"history\",\"status\":200,\"t\":1791350260970,\"ms\":9.3}","source":"console","time":"2026-10-07T05:17:40Z"}
{"level":"info","msg":"{\"ev\":\"req\",\"route\":\"problem_list\",\"status\":200,\"t\":1791350261073,\"ms\":12.1}","source":"console","time":"2026-10-07T05:17:41Z"}
{"level":"info","msg":"{\"ev\":\"req\",\"route\":\"problem_detail\",\"status\":200,\"t\":1791350261171,\"ms\":10.7}","source":"console","time":"2026-10-07T05:17:41Z"}
{"level":"info","msg":"{\"ev\":\"req\",\"route\":\"history\",\"status\":200,\"t\":1791350261271,\"ms\":9.9}","source":"console","time":"2026-10-07T05:17:41Z"}
{"level":"info","msg":"{\"ev\":\"req\",\"route\":\"problem_list\",\"status\":200,\"t\":1791350261377,\"ms\":15.3}","source":"console","time":"2026-10-07T05:17:41Z"}
{"level":"info","msg":"{\"ev\":\"req\",\"route\":\"submit\",\"status\":200,\"t\":1791350261455,\"ms\":28.2}","source":"console","time":"2026-10-07T05:17:41Z"}
{"level":"info","msg":"{\"ev\":\"accepted\",\"id\":\"79c55f99-3102-498b-a3c3-94609c210a60\",\"t\":1791350261456}","source":"console","time":"2026-10-07T05:17:41Z"}
{"level":"info","msg":"{\"ev\":\"req\",\"route\":\"problem_detail\",\"status\":200,\"t\":1791350261468,\"ms\":7.1}","source":"console","time":"2026-10-07T05:17:41Z"}
{"level":"info","msg":"{\"ev\":\"req\",\"route\":\"history\",\"status\":200,\"t\":1791350261568,\"ms\":7.1}","source":"console","time":"2026-10-07T05:17:41Z"}
{"level":"info","msg":"{\"ev\":\"req\",\"route\":\"problem_list\",\"status\":200,\"t\":1791350261668,\"ms\":6.8}","source":"console","time":"2026-10-07T05:17:41Z"}
{"level":"info","msg":"{\"ev\":\"req\",\"route\":\"problem_detail\",\"status\":200,\"t\":1791350261768,\"ms\":7.8}","source":"console","time":"2026-10-07T05:17:41Z"}
{"level":"info","msg":"{\"ev\":\"req\",\"route\":\"history\",\"status\":200,\"t\":1791350261866,\"ms\":4.8}","source":"console","time":"2026-10-07T05:17:41Z"}
{"level":"info","msg":"{\"ev\":\"req\",\"route\":\"problem_list\",\"status\":200,\"t\":1791350261969,\"ms\":8.7}","source":"console","time":"2026-10-07T05:17:41Z"}
{"level":"info","msg":"{\"ev\":\"req\",\"route\":\"problem_detail\",\"status\":200,\"t\":1791350262068,\"ms\":6.5}","source":"console","time":"2026-10-07T05:17:42Z"}
{"level":"info","msg":"{\"ev\":\"req\",\"route\":\"history\",\"status\":200,\"t\":1791350262167,\"ms\":5.3}","source":"console","time":"2026-10-07T05:17:42Z"}
{"level":"info","msg":"{\"ev\":\"req\",\"route\":\"problem_list\",\"status\":200,\"t\":1791350262273,\"ms\":12.6}","source":"console","time":"2026-10-07T05:17:42Z"}
{"level":"info","msg":"{\"ev\":\"req\",\"route\":\"problem_detail\",\"status\":200,\"t\":1791350262372,\"ms\":11.3}","source":"console","time":"2026-10-07T05:17:42Z"}
{"level":"info","msg":"{\"ev\":\"req\",\"route\":\"history\",\"status\":200,\"t\":1791350262470,\"ms\":9.1}","source":"console","time":"2026-10-07T05:17:42Z"}
{"level":"info","msg":"{\"ev\":\"req\",\"route\":\"problem_list\",\"status\":200,\"t\":1791350262573,\"ms\":12.4}","source":"console","time":"2026-10-07T05:17:42Z"}
{"level":"info","msg":"{\"ev\":\"req\",\"route\":\"problem_detail\",\"status\":200,\"t\":1791350262672,\"ms\":11.7}","source":"console","time":"2026-10-07T05:17:42Z"}
{"level":"info","msg":"{\"ev\":\"req\",\"route\":\"history\",\"status\":200,\"t\":1791350262771,\"ms\":9.5}","source":"console","time":"2026-10-07T05:17:42Z"}
{"level":"info","msg":"{\"ev\":\"req\",\"route\":\"problem_list\",\"status\":200,\"t\":1791350262873,\"ms\":11.8}","source":"console","time":"2026-10-07T05:17:42Z"}
{"level":"info","msg":"{\"ev\":\"req\",\"route\":\"problem_detail\",\"status\":200,\"t\":1791350262979,\"ms\":18.4}","source":"console","time":"2026-10-07T05:17:42Z"}
{"level":"info","msg":"{\"ev\":\"req\",\"route\":\"history\",\"status\":200,\"t\":1791350263071,\"ms\":9.9}","source":"console","time":"2026-10-07T05:17:43Z"}
{"level":"info","msg":"{\"ev\":\"req\",\"route\":\"submit\",\"status\":200,\"t\":1791350263118,\"ms\":24.1}","source":"console","time":"2026-10-07T05:17:43Z"}
{"level":"info","msg":"{\"ev\":\"accepted\",\"id\":\"fb47596c-ed6c-442d-b6d2-da37e0fd8bfd\",\"t\":1791350263118}","source":"console","time":"2026-10-07T05:17:43Z"}
{"level":"info","msg":"{\"ev\":\"req\",\"route\":\"problem_list\",\"status\":200,\"t\":1791350263167,\"ms\":5.9}","source":"console","time":"2026-10-07T05:17:43Z"}
{"level":"info","msg":"{\"ev\":\"req\",\"route\":\"problem_detail\",\"status\":200,\"t\":1791350263267,\"ms\":6.2}","source":"console","time":"2026-10-07T05:17:43Z"}
{"level":"info","msg":"{\"ev\":\"req\",\"route\":\"history\",\"status\":200,\"t\":1791350263366,\"ms\":4.9}","source":"console","time":"2026-10-07T05:17:43Z"}
{"level":"info","msg":"{\"ev\":\"req\",\"route\":\"problem_list\",\"status\":200,\"t\":1791350263466,\"ms\":5.7}","source":"console","time":"2026-10-07T05:17:43Z"}
{"level":"info","msg":"{\"ev\":\"req\",\"route\":\"problem_detail\",\"status\":200,\"t\":1791350263567,\"ms\":6.1}","source":"console","time":"2026-10-07T05:17:43Z"}
{"level":"info","msg":"{\"ev\":\"req\",\"route\":\"history\",\"status\":200,\"t\":1791350263667,\"ms\":6.6}","source":"console","time":"2026-10-07T05:17:43Z"}
{"level":"info","msg":"{\"ev\":\"req\",\"route\":\"problem_list\",\"status\":200,\"t\":1791350263768,\"ms\":6.8}","source":"console","time":"2026-10-07T05:17:43Z"}
{"level":"info","msg":"{\"ev\":\"req\",\"route\":\"problem_detail\",\"status\":200,\"t\":1791350263871,\"ms\":10.4}","source":"console","time":"2026-10-07T05:17:43Z"}
{"level":"info","msg":"{\"ev\":\"req\",\"route\":\"history\",\"status\":200,\"t\":1791350263968,\"ms\":7.4}","source":"console","time":"2026-10-07T05:17:43Z"}
{"level":"info","msg":"{\"ev\":\"req\",\"route\":\"problem_list\",\"status\":200,\"t\":1791350264076,\"ms\":15.2}","source":"console","time":"2026-10-07T05:17:44Z"}
{"level":"info","msg":"{\"ev\":\"req\",\"route\":\"problem_detail\",\"status\":200,\"t\":1791350264174,\"ms\":13}","source":"console","time":"2026-10-07T05:17:44Z"}
{"level":"info","msg":"{\"ev\":\"req\",\"route\":\"history\",\"status\":200,\"t\":1791350264266,\"ms\":5}","source":"console","time":"2026-10-07T05:17:44Z"}
{"level":"info","msg":"{\"ev\":\"req\",\"route\":\"problem_list\",\"status\":200,\"t\":1791350264374,\"ms\":13.2}","source":"console","time":"2026-10-07T05:17:44Z"}
{"level":"info","msg":"{\"ev\":\"req\",\"route\":\"problem_detail\",\"status\":200,\"t\":1791350264473,\"ms\":12.1}","source":"console","time":"2026-10-07T05:17:44Z"}
{"level":"info","msg":"{\"ev\":\"req\",\"route\":\"history\",\"status\":200,\"t\":1791350264571,\"ms\":10.2}","source":"console","time":"2026-10-07T05:17:44Z"}
{"level":"info","msg":"{\"ev\":\"req\",\"route\":\"problem_list\",\"status\":200,\"t\":1791350264669,\"ms\":8.5}","source":"console","time":"2026-10-07T05:17:44Z"}
{"level":"info","msg":"{\"ev\":\"req\",\"route\":\"problem_detail\",\"status\":200,\"t\":1791350264774,\"ms\":12.3}","source":"console","time":"2026-10-07T05:17:44Z"}
{"level":"info","msg":"{\"ev\":\"req\",\"route\":\"submit\",\"status\":200,\"t\":1791350264793,\"ms\":32}","source":"console","time":"2026-10-07T05:17:44Z"}
{"level":"info","msg":"{\"ev\":\"accepted\",\"id\":\"f57a1606-00d8-4edb-85a3-c1c29521ed51\",\"t\":1791350264794}","source":"console","time":"2026-10-07T05:17:44Z"}
{"level":"info","msg":"{\"ev\":\"req\",\"route\":\"history\",\"status\":200,\"t\":1791350264873,\"ms\":12.1}","source":"console","time":"2026-10-07T05:17:44Z"}
{"level":"info","msg":"{\"ev\":\"req\",\"route\":\"problem_list\",\"status\":200,\"t\":1791350264970,\"ms\":8.9}","source":"console","time":"2026-10-07T05:17:44Z"}
{"level":"info","msg":"{\"ev\":\"req\",\"route\":\"problem_detail\",\"status\":200,\"t\":1791350265070,\"ms\":9.3}","source":"console","time":"2026-10-07T05:17:45Z"}
{"level":"info","msg":"{\"ev\":\"req\",\"route\":\"history\",\"status\":200,\"t\":1791350265167,\"ms\":6.1}","source":"console","time":"2026-10-07T05:17:45Z"}
{"level":"info","msg":"{\"ev\":\"req\",\"route\":\"problem_list\",\"status\":200,\"t\":1791350265268,\"ms\":7.5}","source":"console","time":"2026-10-07T05:17:45Z"}
{"level":"info","msg":"{\"ev\":\"req\",\"route\":\"problem_detail\",\"status\":200,\"t\":1791350265367,\"ms\":6.2}","source":"console","time":"2026-10-07T05:17:45Z"}
{"level":"info","msg":"{\"ev\":\"req\",\"route\":\"history\",\"status\":200,\"t\":1791350265465,\"ms\":4.7}","source":"console","time":"2026-10-07T05:17:45Z"}
{"level":"info","msg":"{\"ev\":\"req\",\"route\":\"problem_list\",\"status\":200,\"t\":1791350265566,\"ms\":5.3}","source":"console","time":"2026-10-07T05:17:45Z"}
{"level":"info","msg":"{\"ev\":\"req\",\"route\":\"problem_detail\",\"status\":200,\"t\":1791350265674,\"ms\":13}","source":"console","time":"2026-10-07T05:17:45Z"}
{"level":"info","msg":"{\"ev\":\"req\",\"route\":\"history\",\"status\":200,\"t\":1791350265769,\"ms\":7.7}","source":"console","time":"2026-10-07T05:17:45Z"}
{"level":"info","msg":"{\"ev\":\"req\",\"route\":\"problem_list\",\"status\":200,\"t\":1791350265867,\"ms\":7.1}","source":"console","time":"2026-10-07T05:17:45Z"}
{"level":"info","msg":"{\"ev\":\"req\",\"route\":\"problem_detail\",\"status\":200,\"t\":1791350265967,\"ms\":6.6}","source":"console","time":"2026-10-07T05:17:45Z"}
{"level":"info","msg":"{\"ev\":\"req\",\"route\":\"history\",\"status\":200,\"t\":1791350266071,\"ms\":9.7}","source":"console","time":"2026-10-07T05:17:46Z"}
{"level":"info","msg":"{\"ev\":\"req\",\"route\":\"problem_list\",\"status\":200,\"t\":1791350266175,\"ms\":13.7}","source":"console","time":"2026-10-07T05:17:46Z"}
{"level":"info","msg":"{\"ev\":\"req\",\"route\":\"problem_detail\",\"status\":200,\"t\":1791350266273,\"ms\":12.5}","source":"console","time":"2026-10-07T05:17:46Z"}
{"level":"info","msg":"{\"ev\":\"req\",\"route\":\"history\",\"status\":200,\"t\":1791350266372,\"ms\":10.9}","source":"console","time":"2026-10-07T05:17:46Z"}
{"level":"info","msg":"{\"ev\":\"req\",\"route\":\"submit\",\"status\":200,\"t\":1791350266449,\"ms\":21}","source":"console","time":"2026-10-07T05:17:46Z"}
{"level":"info","msg":"{\"ev\":\"accepted\",\"id\":\"19515dbf-4b05-4a8e-bc8c-100b94dc95b4\",\"t\":1791350266449}","source":"console","time":"2026-10-07T05:17:46Z"}
{"level":"info","msg":"{\"ev\":\"req\",\"route\":\"problem_list\",\"status\":200,\"t\":1791350266467,\"ms\":5.7}","source":"console","time":"2026-10-07T05:17:46Z"}
{"level":"info","msg":"{\"ev\":\"req\",\"route\":\"problem_detail\",\"status\":200,\"t\":1791350266566,\"ms\":5.8}","source":"console","time":"2026-10-07T05:17:46Z"}
{"level":"info","msg":"{\"ev\":\"req\",\"route\":\"history\",\"status\":200,\"t\":1791350266666,\"ms\":4.7}","source":"console","time":"2026-10-07T05:17:46Z"}
{"level":"info","msg":"{\"ev\":\"req\",\"route\":\"problem_list\",\"status\":200,\"t\":1791350266766,\"ms\":5.6}","source":"console","time":"2026-10-07T05:17:46Z"}
{"level":"info","msg":"{\"ev\":\"req\",\"route\":\"problem_detail\",\"status\":200,\"t\":1791350266868,\"ms\":7.6}","source":"console","time":"2026-10-07T05:17:46Z"}
{"level":"info","msg":"{\"ev\":\"req\",\"route\":\"history\",\"status\":200,\"t\":1791350266967,\"ms\":6.2}","source":"console","time":"2026-10-07T05:17:46Z"}
{"level":"info","msg":"{\"ev\":\"req\",\"route\":\"problem_list\",\"status\":200,\"t\":1791350267067,\"ms\":5.8}","source":"console","time":"2026-10-07T05:17:47Z"}
{"level":"info","msg":"{\"ev\":\"req\",\"route\":\"problem_detail\",\"status\":200,\"t\":1791350267166,\"ms\":5.7}","source":"console","time":"2026-10-07T05:17:47Z"}
{"level":"info","msg":"{\"ev\":\"req\",\"route\":\"history\",\"status\":200,\"t\":1791350267270,\"ms\":9}","source":"console","time":"2026-10-07T05:17:47Z"}
{"level":"info","msg":"{\"ev\":\"req\",\"route\":\"problem_list\",\"status\":200,\"t\":1791350267374,\"ms\":12.8}","source":"console","time":"2026-10-07T05:17:47Z"}
{"level":"info","msg":"{\"ev\":\"req\",\"route\":\"problem_detail\",\"status\":200,\"t\":1791350267472,\"ms\":11.3}","source":"console","time":"2026-10-07T05:17:47Z"}
{"level":"info","msg":"{\"ev\":\"req\",\"route\":\"history\",\"status\":200,\"t\":1791350267565,\"ms\":4.1}","source":"console","time":"2026-10-07T05:17:47Z"}
{"level":"info","msg":"{\"ev\":\"req\",\"route\":\"problem_list\",\"status\":200,\"t\":1791350267672,\"ms\":11}","source":"console","time":"2026-10-07T05:17:47Z"}
{"level":"info","msg":"{\"ev\":\"req\",\"route\":\"problem_detail\",\"status\":200,\"t\":1791350267771,\"ms\":10.7}","source":"console","time":"2026-10-07T05:17:47Z"}
{"level":"info","msg":"{\"ev\":\"req\",\"route\":\"history\",\"status\":200,\"t\":1791350267867,\"ms\":6.2}","source":"console","time":"2026-10-07T05:17:47Z"}
{"level":"info","msg":"{\"ev\":\"req\",\"route\":\"problem_list\",\"status\":200,\"t\":1791350267973,\"ms\":11.6}","source":"console","time":"2026-10-07T05:17:47Z"}
{"level":"info","msg":"{\"ev\":\"req\",\"route\":\"problem_detail\",\"status\":200,\"t\":1791350268073,\"ms\":11.6}","source":"console","time":"2026-10-07T05:17:48Z"}
{"level":"info","msg":"{\"ev\":\"req\",\"route\":\"submit\",\"status\":200,\"t\":1791350268125,\"ms\":29.9}","source":"console","time":"2026-10-07T05:17:48Z"}
{"level":"info","msg":"{\"ev\":\"accepted\",\"id\":\"bd3f30f6-2fa0-4189-b57d-43773b98d32d\",\"t\":1791350268125}","source":"console","time":"2026-10-07T05:17:48Z"}
{"level":"info","msg":"{\"ev\":\"req\",\"route\":\"history\",\"status\":200,\"t\":1791350268169,\"ms\":7.5}","source":"console","time":"2026-10-07T05:17:48Z"}
{"level":"info","msg":"{\"ev\":\"req\",\"route\":\"problem_list\",\"status\":200,\"t\":1791350268268,\"ms\":7.6}","source":"console","time":"2026-10-07T05:17:48Z"}
{"level":"info","msg":"{\"ev\":\"req\",\"route\":\"problem_detail\",\"status\":200,\"t\":1791350268368,\"ms\":7.7}","source":"console","time":"2026-10-07T05:17:48Z"}
{"level":"info","msg":"{\"ev\":\"req\",\"route\":\"history\",\"status\":200,\"t\":1791350268467,\"ms\":5.5}","source":"console","time":"2026-10-07T05:17:48Z"}
{"level":"info","msg":"{\"ev\":\"req\",\"route\":\"problem_list\",\"status\":200,\"t\":1791350268570,\"ms\":9}","source":"console","time":"2026-10-07T05:17:48Z"}
{"level":"info","msg":"{\"ev\":\"req\",\"route\":\"problem_detail\",\"status\":200,\"t\":1791350268667,\"ms\":5.7}","source":"console","time":"2026-10-07T05:17:48Z"}
{"level":"info","msg":"{\"ev\":\"req\",\"route\":\"history\",\"status\":200,\"t\":1791350268771,\"ms\":10.4}","source":"console","time":"2026-10-07T05:17:48Z"}
{"level":"info","msg":"{\"ev\":\"req\",\"route\":\"problem_list\",\"status\":200,\"t\":1791350268874,\"ms\":13.3}","source":"console","time":"2026-10-07T05:17:48Z"}
{"level":"info","msg":"{\"ev\":\"req\",\"route\":\"problem_detail\",\"status\":200,\"t\":1791350268972,\"ms\":10.8}","source":"console","time":"2026-10-07T05:17:48Z"}
{"level":"info","msg":"{\"ev\":\"req\",\"route\":\"history\",\"status\":200,\"t\":1791350269071,\"ms\":10.1}","source":"console","time":"2026-10-07T05:17:49Z"}
{"level":"info","msg":"{\"ev\":\"req\",\"route\":\"problem_list\",\"status\":200,\"t\":1791350269173,\"ms\":12.2}","source":"console","time":"2026-10-07T05:17:49Z"}
{"level":"info","msg":"{\"ev\":\"req\",\"route\":\"problem_detail\",\"status\":200,\"t\":1791350269272,\"ms\":11.4}","source":"console","time":"2026-10-07T05:17:49Z"}
{"level":"info","msg":"{\"ev\":\"req\",\"route\":\"history\",\"status\":200,\"t\":1791350269371,\"ms\":9.7}","source":"console","time":"2026-10-07T05:17:49Z"}
{"level":"info","msg":"{\"ev\":\"req\",\"route\":\"problem_list\",\"status\":200,\"t\":1791350269468,\"ms\":6.8}","source":"console","time":"2026-10-07T05:17:49Z"}
{"level":"info","msg":"{\"ev\":\"req\",\"route\":\"problem_detail\",\"status\":200,\"t\":1791350269572,\"ms\":11.2}","source":"console","time":"2026-10-07T05:17:49Z"}
{"level":"info","msg":"{\"ev\":\"req\",\"route\":\"history\",\"status\":200,\"t\":1791350269672,\"ms\":10.5}","source":"console","time":"2026-10-07T05:17:49Z"}
{"level":"info","msg":"{\"ev\":\"req\",\"route\":\"problem_list\",\"status\":200,\"t\":1791350269767,\"ms\":5.9}","source":"console","time":"2026-10-07T05:17:49Z"}
{"level":"info","msg":"{\"ev\":\"req\",\"route\":\"submit\",\"status\":200,\"t\":1791350269776,\"ms\":14.7}","source":"console","time":"2026-10-07T05:17:49Z"}
{"level":"info","msg":"{\"ev\":\"accepted\",\"id\":\"a2f57409-a8a1-455c-bbc5-61ca1d382fe9\",\"t\":1791350269776}","source":"console","time":"2026-10-07T05:17:49Z"}
{"level":"info","msg":"{\"ev\":\"req\",\"route\":\"problem_detail\",\"status\":200,\"t\":1791350269866,\"ms\":5.6}","source":"console","time":"2026-10-07T05:17:49Z"}
{"level":"info","msg":"{\"ev\":\"req\",\"route\":\"history\",\"status\":200,\"t\":1791350269966,\"ms\":5.8}","source":"console","time":"2026-10-07T05:17:49Z"}
{"level":"info","msg":"{\"ev\":\"req\",\"route\":\"problem_list\",\"status\":200,\"t\":1791350270067,\"ms\":5.9}","source":"console","time":"2026-10-07T05:17:50Z"}
{"level":"info","msg":"{\"ev\":\"req\",\"route\":\"problem_detail\",\"status\":200,\"t\":1791350270166,\"ms\":5.6}","source":"console","time":"2026-10-07T05:17:50Z"}
{"level":"info","msg":"{\"ev\":\"req\",\"route\":\"history\",\"status\":200,\"t\":1791350270267,\"ms\":5.7}","source":"console","time":"2026-10-07T05:17:50Z"}
{"level":"info","msg":"{\"ev\":\"req\",\"route\":\"problem_list\",\"status\":200,\"t\":1791350270367,\"ms\":5.9}","source":"console","time":"2026-10-07T05:17:50Z"}
{"level":"info","msg":"{\"ev\":\"req\",\"route\":\"problem_detail\",\"status\":200,\"t\":1791350270466,\"ms\":4.9}","source":"console","time":"2026-10-07T05:17:50Z"}
{"level":"info","msg":"{\"ev\":\"req\",\"route\":\"history\",\"status\":200,\"t\":1791350270571,\"ms\":10.8}","source":"console","time":"2026-10-07T05:17:50Z"}
{"level":"info","msg":"{\"ev\":\"req\",\"route\":\"problem_list\",\"status\":200,\"t\":1791350270673,\"ms\":11.4}","source":"console","time":"2026-10-07T05:17:50Z"}
{"level":"info","msg":"{\"ev\":\"req\",\"route\":\"problem_detail\",\"status\":200,\"t\":1791350270775,\"ms\":14.3}","source":"console","time":"2026-10-07T05:17:50Z"}
{"level":"info","msg":"{\"ev\":\"req\",\"route\":\"history\",\"status\":200,\"t\":1791350270866,\"ms\":5.4}","source":"console","time":"2026-10-07T05:17:50Z"}
{"level":"info","msg":"{\"ev\":\"req\",\"route\":\"problem_list\",\"status\":200,\"t\":1791350270969,\"ms\":8.2}","source":"console","time":"2026-10-07T05:17:50Z"}
{"level":"info","msg":"{\"ev\":\"req\",\"route\":\"problem_detail\",\"status\":200,\"t\":1791350271067,\"ms\":5.7}","source":"console","time":"2026-10-07T05:17:51Z"}
{"level":"info","msg":"{\"ev\":\"req\",\"route\":\"history\",\"status\":200,\"t\":1791350271167,\"ms\":6.8}","source":"console","time":"2026-10-07T05:17:51Z"}
{"level":"info","msg":"{\"ev\":\"req\",\"route\":\"problem_list\",\"status\":200,\"t\":1791350271267,\"ms\":6.1}","source":"console","time":"2026-10-07T05:17:51Z"}
{"level":"info","msg":"{\"ev\":\"req\",\"route\":\"problem_detail\",\"status\":200,\"t\":1791350271368,\"ms\":6.8}","source":"console","time":"2026-10-07T05:17:51Z"}
{"level":"info","msg":"{\"ev\":\"req\",\"route\":\"submit\",\"status\":200,\"t\":1791350271446,\"ms\":18.2}","source":"console","time":"2026-10-07T05:17:51Z"}
{"level":"info","msg":"{\"ev\":\"accepted\",\"id\":\"cd1cc57b-e160-4148-8f20-00aeabaf9e97\",\"t\":1791350271446}","source":"console","time":"2026-10-07T05:17:51Z"}
{"level":"info","msg":"{\"ev\":\"req\",\"route\":\"history\",\"status\":200,\"t\":1791350271467,\"ms\":5.7}","source":"console","time":"2026-10-07T05:17:51Z"}
{"level":"info","msg":"{\"ev\":\"req\",\"route\":\"problem_list\",\"status\":200,\"t\":1791350271576,\"ms\":14.8}","source":"console","time":"2026-10-07T05:17:51Z"}
{"level":"info","msg":"{\"ev\":\"req\",\"route\":\"problem_detail\",\"status\":200,\"t\":1791350271667,\"ms\":6.7}","source":"console","time":"2026-10-07T05:17:51Z"}
{"level":"info","msg":"{\"ev\":\"req\",\"route\":\"history\",\"status\":200,\"t\":1791350271770,\"ms\":8.6}","source":"console","time":"2026-10-07T05:17:51Z"}
{"level":"info","msg":"{\"ev\":\"req\",\"route\":\"problem_list\",\"status\":200,\"t\":1791350271869,\"ms\":8.1}","source":"console","time":"2026-10-07T05:17:51Z"}
{"level":"info","msg":"{\"ev\":\"req\",\"route\":\"problem_detail\",\"status\":200,\"t\":1791350271969,\"ms\":8.3}","source":"console","time":"2026-10-07T05:17:51Z"}
{"level":"info","msg":"{\"ev\":\"req\",\"route\":\"history\",\"status\":200,\"t\":1791350272066,\"ms\":5.5}","source":"console","time":"2026-10-07T05:17:52Z"}
{"level":"info","msg":"{\"ev\":\"req\",\"route\":\"problem_list\",\"status\":200,\"t\":1791350272167,\"ms\":6.2}","source":"console","time":"2026-10-07T05:17:52Z"}
{"level":"info","msg":"{\"ev\":\"req\",\"route\":\"problem_detail\",\"status\":200,\"t\":1791350272269,\"ms\":7.9}","source":"console","time":"2026-10-07T05:17:52Z"}
{"level":"info","msg":"{\"ev\":\"req\",\"route\":\"history\",\"status\":200,\"t\":1791350272370,\"ms\":9.5}","source":"console","time":"2026-10-07T05:17:52Z"}
{"level":"info","msg":"{\"ev\":\"req\",\"route\":\"problem_list\",\"status\":200,\"t\":1791350272473,\"ms\":12.8}","source":"console","time":"2026-10-07T05:17:52Z"}
{"level":"info","msg":"{\"ev\":\"req\",\"route\":\"problem_detail\",\"status\":200,\"t\":1791350272574,\"ms\":13.6}","source":"console","time":"2026-10-07T05:17:52Z"}
{"level":"info","msg":"{\"ev\":\"req\",\"route\":\"history\",\"status\":200,\"t\":1791350272672,\"ms\":11.2}","source":"console","time":"2026-10-07T05:17:52Z"}
{"level":"info","msg":"{\"ev\":\"req\",\"route\":\"problem_list\",\"status\":200,\"t\":1791350272773,\"ms\":12.3}","source":"console","time":"2026-10-07T05:17:52Z"}
{"level":"info","msg":"{\"ev\":\"req\",\"route\":\"problem_detail\",\"status\":200,\"t\":1791350272872,\"ms\":11.5}","source":"console","time":"2026-10-07T05:17:52Z"}
{"level":"info","msg":"{\"ev\":\"req\",\"route\":\"history\",\"status\":200,\"t\":1791350272972,\"ms\":11.4}","source":"console","time":"2026-10-07T05:17:52Z"}
{"level":"info","msg":"{\"ev\":\"req\",\"route\":\"problem_list\",\"status\":200,\"t\":1791350273073,\"ms\":12.1}","source":"console","time":"2026-10-07T05:17:53Z"}
{"level":"info","msg":"{\"ev\":\"req\",\"route\":\"submit\",\"status\":200,\"t\":1791350273122,\"ms\":28}","source":"console","time":"2026-10-07T05:17:53Z"}
{"level":"info","msg":"{\"ev\":\"accepted\",\"id\":\"6605f8f1-0456-41fa-bded-5b4227abc2cb\",\"t\":1791350273122}","source":"console","time":"2026-10-07T05:17:53Z"}
{"level":"info","msg":"{\"ev\":\"req\",\"route\":\"problem_detail\",\"status\":200,\"t\":1791350273166,\"ms\":5.5}","source":"console","time":"2026-10-07T05:17:53Z"}
{"level":"info","msg":"{\"ev\":\"req\",\"route\":\"history\",\"status\":200,\"t\":1791350273266,\"ms\":4.9}","source":"console","time":"2026-10-07T05:17:53Z"}
{"level":"info","msg":"{\"ev\":\"req\",\"route\":\"problem_list\",\"status\":200,\"t\":1791350273368,\"ms\":7.4}","source":"console","time":"2026-10-07T05:17:53Z"}
{"level":"info","msg":"{\"ev\":\"req\",\"route\":\"problem_detail\",\"status\":200,\"t\":1791350273468,\"ms\":7.1}","source":"console","time":"2026-10-07T05:17:53Z"}
{"level":"info","msg":"{\"ev\":\"req\",\"route\":\"history\",\"status\":200,\"t\":1791350273565,\"ms\":4.9}","source":"console","time":"2026-10-07T05:17:53Z"}
{"level":"info","msg":"{\"ev\":\"req\",\"route\":\"problem_list\",\"status\":200,\"t\":1791350273668,\"ms\":7.4}","source":"console","time":"2026-10-07T05:17:53Z"}
{"level":"info","msg":"{\"ev\":\"req\",\"route\":\"problem_detail\",\"status\":200,\"t\":1791350273768,\"ms\":6.6}","source":"console","time":"2026-10-07T05:17:53Z"}
{"level":"info","msg":"{\"ev\":\"req\",\"route\":\"history\",\"status\":200,\"t\":1791350273866,\"ms\":5}","source":"console","time":"2026-10-07T05:17:53Z"}
{"level":"info","msg":"{\"ev\":\"req\",\"route\":\"problem_list\",\"status\":200,\"t\":1791350273970,\"ms\":9.3}","source":"console","time":"2026-10-07T05:17:53Z"}
{"level":"info","msg":"{\"ev\":\"req\",\"route\":\"problem_detail\",\"status\":200,\"t\":1791350274066,\"ms\":5.6}","source":"console","time":"2026-10-07T05:17:54Z"}
{"level":"info","msg":"{\"ev\":\"req\",\"route\":\"history\",\"status\":200,\"t\":1791350274171,\"ms\":10.4}","source":"console","time":"2026-10-07T05:17:54Z"}
{"level":"info","msg":"{\"ev\":\"req\",\"route\":\"problem_list\",\"status\":200,\"t\":1791350274266,\"ms\":5.1}","source":"console","time":"2026-10-07T05:17:54Z"}
{"level":"info","msg":"{\"ev\":\"req\",\"route\":\"problem_detail\",\"status\":200,\"t\":1791350274372,\"ms\":11.1}","source":"console","time":"2026-10-07T05:17:54Z"}
{"level":"info","msg":"{\"ev\":\"req\",\"route\":\"history\",\"status\":200,\"t\":1791350274472,\"ms\":11.1}","source":"console","time":"2026-10-07T05:17:54Z"}
{"level":"info","msg":"{\"ev\":\"req\",\"route\":\"problem_list\",\"status\":200,\"t\":1791350274574,\"ms\":12.6}","source":"console","time":"2026-10-07T05:17:54Z"}
{"level":"info","msg":"{\"ev\":\"req\",\"route\":\"problem_detail\",\"status\":200,\"t\":1791350274673,\"ms\":11.6}","source":"console","time":"2026-10-07T05:17:54Z"}
{"level":"info","msg":"{\"ev\":\"req\",\"route\":\"history\",\"status\":200,\"t\":1791350274772,\"ms\":11.4}","source":"console","time":"2026-10-07T05:17:54Z"}
{"level":"info","msg":"{\"ev\":\"req\",\"route\":\"submit\",\"status\":200,\"t\":1791350274794,\"ms\":33.1}","source":"console","time":"2026-10-07T05:17:54Z"}
{"level":"info","msg":"{\"ev\":\"accepted\",\"id\":\"94f4db92-884b-4542-b421-a54d9c3b8336\",\"t\":1791350274794}","source":"console","time":"2026-10-07T05:17:54Z"}
{"level":"info","msg":"{\"ev\":\"req\",\"route\":\"problem_list\",\"status\":200,\"t\":1791350274873,\"ms\":12.7}","source":"console","time":"2026-10-07T05:17:54Z"}
{"level":"info","msg":"{\"ev\":\"req\",\"route\":\"problem_detail\",\"status\":200,\"t\":1791350274970,\"ms\":9}","source":"console","time":"2026-10-07T05:17:54Z"}
{"level":"info","msg":"{\"ev\":\"req\",\"route\":\"history\",\"status\":200,\"t\":1791350275068,\"ms\":7.8}","source":"console","time":"2026-10-07T05:17:55Z"}
{"level":"info","msg":"{\"ev\":\"req\",\"route\":\"problem_list\",\"status\":200,\"t\":1791350275167,\"ms\":6.4}","source":"console","time":"2026-10-07T05:17:55Z"}
{"level":"info","msg":"{\"ev\":\"req\",\"route\":\"problem_detail\",\"status\":200,\"t\":1791350275269,\"ms\":8.4}","source":"console","time":"2026-10-07T05:17:55Z"}
{"level":"info","msg":"{\"ev\":\"req\",\"route\":\"history\",\"status\":200,\"t\":1791350275365,\"ms\":4.5}","source":"console","time":"2026-10-07T05:17:55Z"}
{"level":"info","msg":"{\"ev\":\"req\",\"route\":\"problem_list\",\"status\":200,\"t\":1791350275473,\"ms\":12.3}","source":"console","time":"2026-10-07T05:17:55Z"}
{"level":"info","msg":"{\"ev\":\"req\",\"route\":\"problem_detail\",\"status\":200,\"t\":1791350275567,\"ms\":5.6}","source":"console","time":"2026-10-07T05:17:55Z"}
{"level":"info","msg":"{\"ev\":\"req\",\"route\":\"history\",\"status\":200,\"t\":1791350275670,\"ms\":9.4}","source":"console","time":"2026-10-07T05:17:55Z"}
{"level":"info","msg":"{\"ev\":\"req\",\"route\":\"problem_list\",\"status\":200,\"t\":1791350275772,\"ms\":11.9}","source":"console","time":"2026-10-07T05:17:55Z"}
{"level":"info","msg":"{\"ev\":\"req\",\"route\":\"problem_detail\",\"status\":200,\"t\":1791350275872,\"ms\":10.8}","source":"console","time":"2026-10-07T05:17:55Z"}
{"level":"info","msg":"{\"ev\":\"req\",\"route\":\"history\",\"status\":200,\"t\":1791350275966,\"ms\":4.8}","source":"console","time":"2026-10-07T05:17:55Z"}
{"level":"info","msg":"{\"ev\":\"req\",\"route\":\"problem_list\",\"status\":200,\"t\":1791350276073,\"ms\":11.9}","source":"console","time":"2026-10-07T05:17:56Z"}
{"level":"info","msg":"{\"ev\":\"req\",\"route\":\"problem_detail\",\"status\":200,\"t\":1791350276173,\"ms\":11.8}","source":"console","time":"2026-10-07T05:17:56Z"}
{"level":"info","msg":"{\"ev\":\"req\",\"route\":\"history\",\"status\":200,\"t\":1791350276272,\"ms\":10.4}","source":"console","time":"2026-10-07T05:17:56Z"}
{"level":"info","msg":"{\"ev\":\"req\",\"route\":\"problem_list\",\"status\":200,\"t\":1791350276375,\"ms\":14.4}","source":"console","time":"2026-10-07T05:17:56Z"}
{"level":"info","msg":"{\"ev\":\"req\",\"route\":\"submit\",\"status\":200,\"t\":1791350276447,\"ms\":18.9}","source":"console","time":"2026-10-07T05:17:56Z"}
{"level":"info","msg":"{\"ev\":\"accepted\",\"id\":\"4aa3b007-1069-49be-99d3-62f8edded7cf\",\"t\":1791350276447}","source":"console","time":"2026-10-07T05:17:56Z"}
{"level":"info","msg":"{\"ev\":\"req\",\"route\":\"problem_detail\",\"status\":200,\"t\":1791350276466,\"ms\":5.1}","source":"console","time":"2026-10-07T05:17:56Z"}
{"level":"info","msg":"{\"ev\":\"req\",\"route\":\"history\",\"status\":200,\"t\":1791350276566,\"ms\":5.2}","source":"console","time":"2026-10-07T05:17:56Z"}
{"level":"info","msg":"{\"ev\":\"req\",\"route\":\"problem_list\",\"status\":200,\"t\":1791350276667,\"ms\":6.2}","source":"console","time":"2026-10-07T05:17:56Z"}
{"level":"info","msg":"{\"ev\":\"req\",\"route\":\"problem_detail\",\"status\":200,\"t\":1791350276766,\"ms\":5.5}","source":"console","time":"2026-10-07T05:17:56Z"}
{"level":"info","msg":"{\"ev\":\"req\",\"route\":\"history\",\"status\":200,\"t\":1791350276865,\"ms\":4.6}","source":"console","time":"2026-10-07T05:17:56Z"}
{"level":"info","msg":"{\"ev\":\"req\",\"route\":\"problem_list\",\"status\":200,\"t\":1791350276966,\"ms\":5.4}","source":"console","time":"2026-10-07T05:17:56Z"}
{"level":"info","msg":"{\"ev\":\"req\",\"route\":\"problem_detail\",\"status\":200,\"t\":1791350277067,\"ms\":6.1}","source":"console","time":"2026-10-07T05:17:57Z"}
{"level":"info","msg":"{\"ev\":\"req\",\"route\":\"history\",\"status\":200,\"t\":1791350277168,\"ms\":7.2}","source":"console","time":"2026-10-07T05:17:57Z"}
{"level":"info","msg":"{\"ev\":\"req\",\"route\":\"problem_list\",\"status\":200,\"t\":1791350277266,\"ms\":5.2}","source":"console","time":"2026-10-07T05:17:57Z"}
{"level":"info","msg":"{\"ev\":\"req\",\"route\":\"problem_detail\",\"status\":200,\"t\":1791350277373,\"ms\":11.5}","source":"console","time":"2026-10-07T05:17:57Z"}
{"level":"info","msg":"{\"ev\":\"req\",\"route\":\"history\",\"status\":200,\"t\":1791350277472,\"ms\":10.4}","source":"console","time":"2026-10-07T05:17:57Z"}
{"level":"info","msg":"{\"ev\":\"req\",\"route\":\"problem_list\",\"status\":200,\"t\":1791350277570,\"ms\":9.4}","source":"console","time":"2026-10-07T05:17:57Z"}
{"level":"info","msg":"{\"ev\":\"req\",\"route\":\"problem_detail\",\"status\":200,\"t\":1791350277673,\"ms\":12}","source":"console","time":"2026-10-07T05:17:57Z"}
{"level":"info","msg":"{\"ev\":\"req\",\"route\":\"history\",\"status\":200,\"t\":1791350277772,\"ms\":10.3}","source":"console","time":"2026-10-07T05:17:57Z"}
{"level":"info","msg":"{\"ev\":\"req\",\"route\":\"problem_list\",\"status\":200,\"t\":1791350277869,\"ms\":8.6}","source":"console","time":"2026-10-07T05:17:57Z"}
{"level":"info","msg":"{\"ev\":\"req\",\"route\":\"problem_detail\",\"status\":200,\"t\":1791350277972,\"ms\":11}","source":"console","time":"2026-10-07T05:17:57Z"}
{"level":"info","msg":"{\"ev\":\"req\",\"route\":\"history\",\"status\":200,\"t\":1791350278073,\"ms\":11.8}","source":"console","time":"2026-10-07T05:17:58Z"}
{"level":"info","msg":"{\"ev\":\"req\",\"route\":\"submit\",\"status\":200,\"t\":1791350278124,\"ms\":30}","source":"console","time":"2026-10-07T05:17:58Z"}
{"level":"info","msg":"{\"ev\":\"accepted\",\"id\":\"142daa44-7191-429d-9551-b9a03db3183b\",\"t\":1791350278124}","source":"console","time":"2026-10-07T05:17:58Z"}
{"level":"info","msg":"{\"ev\":\"req\",\"route\":\"problem_list\",\"status\":200,\"t\":1791350278170,\"ms\":9.9}","source":"console","time":"2026-10-07T05:17:58Z"}
{"level":"info","msg":"{\"ev\":\"req\",\"route\":\"problem_detail\",\"status\":200,\"t\":1791350278272,\"ms\":10.4}","source":"console","time":"2026-10-07T05:17:58Z"}
{"level":"info","msg":"{\"ev\":\"req\",\"route\":\"history\",\"status\":200,\"t\":1791350278368,\"ms\":7}","source":"console","time":"2026-10-07T05:17:58Z"}
{"level":"info","msg":"{\"ev\":\"req\",\"route\":\"problem_list\",\"status\":200,\"t\":1791350278467,\"ms\":6.5}","source":"console","time":"2026-10-07T05:17:58Z"}
{"level":"info","msg":"{\"ev\":\"req\",\"route\":\"problem_detail\",\"status\":200,\"t\":1791350278566,\"ms\":6}","source":"console","time":"2026-10-07T05:17:58Z"}
{"level":"info","msg":"{\"ev\":\"req\",\"route\":\"history\",\"status\":200,\"t\":1791350278665,\"ms\":4.9}","source":"console","time":"2026-10-07T05:17:58Z"}
{"level":"info","msg":"{\"ev\":\"req\",\"route\":\"problem_list\",\"status\":200,\"t\":1791350278769,\"ms\":7.5}","source":"console","time":"2026-10-07T05:17:58Z"}
{"level":"info","msg":"{\"ev\":\"req\",\"route\":\"problem_detail\",\"status\":200,\"t\":1791350278872,\"ms\":11.1}","source":"console","time":"2026-10-07T05:17:58Z"}
{"level":"info","msg":"{\"ev\":\"req\",\"route\":\"history\",\"status\":200,\"t\":1791350278970,\"ms\":9.5}","source":"console","time":"2026-10-07T05:17:58Z"}
{"level":"info","msg":"{\"ev\":\"req\",\"route\":\"problem_list\",\"status\":200,\"t\":1791350279073,\"ms\":12}","source":"console","time":"2026-10-07T05:17:59Z"}
{"level":"info","msg":"{\"ev\":\"req\",\"route\":\"problem_detail\",\"status\":200,\"t\":1791350279173,\"ms\":12}","source":"console","time":"2026-10-07T05:17:59Z"}
{"level":"info","msg":"{\"ev\":\"req\",\"route\":\"history\",\"status\":200,\"t\":1791350279272,\"ms\":10.9}","source":"console","time":"2026-10-07T05:17:59Z"}
{"level":"info","msg":"{\"ev\":\"req\",\"route\":\"problem_list\",\"status\":200,\"t\":1791350279373,\"ms\":11.9}","source":"console","time":"2026-10-07T05:17:59Z"}
{"level":"info","msg":"{\"ev\":\"req\",\"route\":\"problem_detail\",\"status\":200,\"t\":1791350279472,\"ms\":10.8}","source":"console","time":"2026-10-07T05:17:59Z"}
{"level":"info","msg":"{\"ev\":\"req\",\"route\":\"history\",\"status\":200,\"t\":1791350279571,\"ms\":10.1}","source":"console","time":"2026-10-07T05:17:59Z"}
{"level":"info","msg":"{\"ev\":\"req\",\"route\":\"problem_list\",\"status\":200,\"t\":1791350279674,\"ms\":13.2}","source":"console","time":"2026-10-07T05:17:59Z"}
{"level":"info","msg":"{\"ev\":\"req\",\"route\":\"problem_detail\",\"status\":200,\"t\":1791350279773,\"ms\":12}","source":"console","time":"2026-10-07T05:17:59Z"}
{"level":"info","msg":"{\"ev\":\"req\",\"route\":\"submit\",\"status\":200,\"t\":1791350279790,\"ms\":29}","source":"console","time":"2026-10-07T05:17:59Z"}
{"level":"info","msg":"{\"ev\":\"accepted\",\"id\":\"b96c75da-d425-4370-a838-ea27f1f45576\",\"t\":1791350279791}","source":"console","time":"2026-10-07T05:17:59Z"}
{"level":"info","msg":"{\"ev\":\"req\",\"route\":\"history\",\"status\":200,\"t\":1791350279866,\"ms\":4.8}","source":"console","time":"2026-10-07T05:17:59Z"}
{"level":"info","msg":"{\"ev\":\"req\",\"route\":\"problem_list\",\"status\":200,\"t\":1791350279968,\"ms\":7.4}","source":"console","time":"2026-10-07T05:17:59Z"}
{"level":"info","msg":"{\"ev\":\"req\",\"route\":\"problem_detail\",\"status\":200,\"t\":1791350280070,\"ms\":9.3}","source":"console","time":"2026-10-07T05:18:00Z"}
{"level":"info","msg":"{\"ev\":\"req\",\"route\":\"history\",\"status\":200,\"t\":1791350280166,\"ms\":5.3}","source":"console","time":"2026-10-07T05:18:00Z"}
{"level":"info","msg":"{\"ev\":\"req\",\"route\":\"problem_list\",\"status\":200,\"t\":1791350280267,\"ms\":5.7}","source":"console","time":"2026-10-07T05:18:00Z"}
{"level":"info","msg":"{\"ev\":\"req\",\"route\":\"problem_detail\",\"status\":200,\"t\":1791350280365,\"ms\":5.1}","source":"console","time":"2026-10-07T05:18:00Z"}
{"level":"info","msg":"{\"ev\":\"req\",\"route\":\"history\",\"status\":200,\"t\":1791350280466,\"ms\":5}","source":"console","time":"2026-10-07T05:18:00Z"}
{"level":"info","msg":"{\"ev\":\"req\",\"route\":\"problem_list\",\"status\":200,\"t\":1791350280573,\"ms\":11.7}","source":"console","time":"2026-10-07T05:18:00Z"}
{"level":"info","msg":"{\"ev\":\"req\",\"route\":\"problem_detail\",\"status\":200,\"t\":1791350280673,\"ms\":12}","source":"console","time":"2026-10-07T05:18:00Z"}
{"level":"info","msg":"{\"ev\":\"req\",\"route\":\"history\",\"status\":200,\"t\":1791350280771,\"ms\":10.2}","source":"console","time":"2026-10-07T05:18:00Z"}
{"level":"info","msg":"{\"ev\":\"req\",\"route\":\"problem_list\",\"status\":200,\"t\":1791350280867,\"ms\":6.7}","source":"console","time":"2026-10-07T05:18:00Z"}
{"level":"info","msg":"{\"ev\":\"req\",\"route\":\"problem_detail\",\"status\":200,\"t\":1791350280968,\"ms\":7.4}","source":"console","time":"2026-10-07T05:18:00Z"}
{"level":"info","msg":"{\"ev\":\"req\",\"route\":\"history\",\"status\":200,\"t\":1791350281071,\"ms\":9.9}","source":"console","time":"2026-10-07T05:18:01Z"}
{"level":"info","msg":"{\"ev\":\"req\",\"route\":\"problem_list\",\"status\":200,\"t\":1791350281174,\"ms\":13.2}","source":"console","time":"2026-10-07T05:18:01Z"}
{"level":"info","msg":"{\"ev\":\"req\",\"route\":\"problem_detail\",\"status\":200,\"t\":1791350281274,\"ms\":12.3}","source":"console","time":"2026-10-07T05:18:01Z"}
{"level":"info","msg":"{\"ev\":\"req\",\"route\":\"history\",\"status\":200,\"t\":1791350281371,\"ms\":10.3}","source":"console","time":"2026-10-07T05:18:01Z"}
{"level":"info","msg":"{\"ev\":\"req\",\"route\":\"submit\",\"status\":200,\"t\":1791350281457,\"ms\":28.7}","source":"console","time":"2026-10-07T05:18:01Z"}
{"level":"info","msg":"{\"ev\":\"accepted\",\"id\":\"0f899276-5f5f-4bb3-93b2-4ff7d743a583\",\"t\":1791350281457}","source":"console","time":"2026-10-07T05:18:01Z"}
{"level":"info","msg":"{\"ev\":\"req\",\"route\":\"problem_list\",\"status\":200,\"t\":1791350281466,\"ms\":5.3}","source":"console","time":"2026-10-07T05:18:01Z"}
{"level":"info","msg":"{\"ev\":\"req\",\"route\":\"problem_detail\",\"status\":200,\"t\":1791350281575,\"ms\":13.7}","source":"console","time":"2026-10-07T05:18:01Z"}
{"level":"info","msg":"{\"ev\":\"req\",\"route\":\"history\",\"status\":200,\"t\":1791350281671,\"ms\":8.4}","source":"console","time":"2026-10-07T05:18:01Z"}
{"level":"info","msg":"{\"ev\":\"req\",\"route\":\"problem_list\",\"status\":200,\"t\":1791350281768,\"ms\":6.9}","source":"console","time":"2026-10-07T05:18:01Z"}
{"level":"info","msg":"{\"ev\":\"req\",\"route\":\"problem_detail\",\"status\":200,\"t\":1791350281868,\"ms\":7.3}","source":"console","time":"2026-10-07T05:18:01Z"}
{"level":"info","msg":"{\"ev\":\"req\",\"route\":\"history\",\"status\":200,\"t\":1791350281968,\"ms\":7}","source":"console","time":"2026-10-07T05:18:01Z"}
{"level":"info","msg":"{\"ev\":\"req\",\"route\":\"problem_list\",\"status\":200,\"t\":1791350282067,\"ms\":6.4}","source":"console","time":"2026-10-07T05:18:02Z"}
{"level":"info","msg":"{\"ev\":\"req\",\"route\":\"problem_detail\",\"status\":200,\"t\":1791350282167,\"ms\":5.9}","source":"console","time":"2026-10-07T05:18:02Z"}
{"level":"info","msg":"{\"ev\":\"req\",\"route\":\"history\",\"status\":200,\"t\":1791350282266,\"ms\":4.9}","source":"console","time":"2026-10-07T05:18:02Z"}
{"level":"info","msg":"{\"ev\":\"req\",\"route\":\"problem_list\",\"status\":200,\"t\":1791350282368,\"ms\":7.8}","source":"console","time":"2026-10-07T05:18:02Z"}
{"level":"info","msg":"{\"ev\":\"req\",\"route\":\"problem_detail\",\"status\":200,\"t\":1791350282468,\"ms\":7.3}","source":"console","time":"2026-10-07T05:18:02Z"}
{"level":"info","msg":"{\"ev\":\"req\",\"route\":\"history\",\"status\":200,\"t\":1791350282571,\"ms\":10.4}","source":"console","time":"2026-10-07T05:18:02Z"}
{"level":"info","msg":"{\"ev\":\"req\",\"route\":\"problem_list\",\"status\":200,\"t\":1791350282667,\"ms\":6.4}","source":"console","time":"2026-10-07T05:18:02Z"}
{"level":"info","msg":"{\"ev\":\"req\",\"route\":\"problem_detail\",\"status\":200,\"t\":1791350282766,\"ms\":5.1}","source":"console","time":"2026-10-07T05:18:02Z"}
{"level":"info","msg":"{\"ev\":\"req\",\"route\":\"history\",\"status\":200,\"t\":1791350282872,\"ms\":12}","source":"console","time":"2026-10-07T05:18:02Z"}
{"level":"info","msg":"{\"ev\":\"req\",\"route\":\"problem_list\",\"status\":200,\"t\":1791350282979,\"ms\":17.7}","source":"console","time":"2026-10-07T05:18:02Z"}
{"level":"info","msg":"{\"ev\":\"req\",\"route\":\"problem_detail\",\"status\":200,\"t\":1791350283072,\"ms\":11.4}","source":"console","time":"2026-10-07T05:18:03Z"}
{"level":"info","msg":"{\"ev\":\"req\",\"route\":\"submit\",\"status\":200,\"t\":1791350283117,\"ms\":22.4}","source":"console","time":"2026-10-07T05:18:03Z"}
{"level":"info","msg":"{\"ev\":\"accepted\",\"id\":\"a1b2d70d-6b74-4ac2-a14f-13700408cd21\",\"t\":1791350283117}","source":"console","time":"2026-10-07T05:18:03Z"}
{"level":"info","msg":"{\"ev\":\"req\",\"route\":\"history\",\"status\":200,\"t\":1791350283166,\"ms\":4.7}","source":"console","time":"2026-10-07T05:18:03Z"}
{"level":"info","msg":"{\"ev\":\"req\",\"route\":\"problem_list\",\"status\":200,\"t\":1791350283266,\"ms\":5.7}","source":"console","time":"2026-10-07T05:18:03Z"}
{"level":"info","msg":"{\"ev\":\"req\",\"route\":\"problem_detail\",\"status\":200,\"t\":1791350283366,\"ms\":5.3}","source":"console","time":"2026-10-07T05:18:03Z"}
{"level":"info","msg":"{\"ev\":\"req\",\"route\":\"history\",\"status\":200,\"t\":1791350283466,\"ms\":4.8}","source":"console","time":"2026-10-07T05:18:03Z"}
{"level":"info","msg":"{\"ev\":\"req\",\"route\":\"problem_list\",\"status\":200,\"t\":1791350283568,\"ms\":7}","source":"console","time":"2026-10-07T05:18:03Z"}
{"level":"info","msg":"{\"ev\":\"req\",\"route\":\"problem_detail\",\"status\":200,\"t\":1791350283666,\"ms\":5.8}","source":"console","time":"2026-10-07T05:18:03Z"}
{"level":"info","msg":"{\"ev\":\"req\",\"route\":\"history\",\"status\":200,\"t\":1791350283766,\"ms\":5.1}","source":"console","time":"2026-10-07T05:18:03Z"}
{"level":"info","msg":"{\"ev\":\"req\",\"route\":\"problem_list\",\"status\":200,\"t\":1791350283873,\"ms\":12}","source":"console","time":"2026-10-07T05:18:03Z"}
{"level":"info","msg":"{\"ev\":\"req\",\"route\":\"problem_detail\",\"status\":200,\"t\":1791350283971,\"ms\":10.5}","source":"console","time":"2026-10-07T05:18:03Z"}
{"level":"info","msg":"{\"ev\":\"req\",\"route\":\"history\",\"status\":200,\"t\":1791350284070,\"ms\":9}","source":"console","time":"2026-10-07T05:18:04Z"}
{"level":"info","msg":"{\"ev\":\"req\",\"route\":\"problem_list\",\"status\":200,\"t\":1791350284173,\"ms\":11.7}","source":"console","time":"2026-10-07T05:18:04Z"}
{"level":"info","msg":"{\"ev\":\"req\",\"route\":\"problem_detail\",\"status\":200,\"t\":1791350284273,\"ms\":11.7}","source":"console","time":"2026-10-07T05:18:04Z"}
{"level":"info","msg":"{\"ev\":\"req\",\"route\":\"history\",\"status\":200,\"t\":1791350284372,\"ms\":10.8}","source":"console","time":"2026-10-07T05:18:04Z"}
{"level":"info","msg":"{\"ev\":\"req\",\"route\":\"problem_list\",\"status\":200,\"t\":1791350284472,\"ms\":10.8}","source":"console","time":"2026-10-07T05:18:04Z"}
{"level":"info","msg":"{\"ev\":\"req\",\"route\":\"problem_detail\",\"status\":200,\"t\":1791350284576,\"ms\":15.1}","source":"console","time":"2026-10-07T05:18:04Z"}
{"level":"info","msg":"{\"ev\":\"req\",\"route\":\"history\",\"status\":200,\"t\":1791350284672,\"ms\":10.7}","source":"console","time":"2026-10-07T05:18:04Z"}
{"level":"info","msg":"{\"ev\":\"req\",\"route\":\"problem_list\",\"status\":200,\"t\":1791350284774,\"ms\":12.8}","source":"console","time":"2026-10-07T05:18:04Z"}
{"level":"info","msg":"{\"ev\":\"req\",\"route\":\"submit\",\"status\":200,\"t\":1791350284794,\"ms\":33}","source":"console","time":"2026-10-07T05:18:04Z"}
{"level":"info","msg":"{\"ev\":\"accepted\",\"id\":\"fd2e5244-98e3-4c3f-b526-4234c3a38a3d\",\"t\":1791350284794}","source":"console","time":"2026-10-07T05:18:04Z"}
{"level":"info","msg":"{\"ev\":\"req\",\"route\":\"problem_detail\",\"status\":200,\"t\":1791350284870,\"ms\":9}","source":"console","time":"2026-10-07T05:18:04Z"}
{"level":"info","msg":"{\"ev\":\"req\",\"route\":\"history\",\"status\":200,\"t\":1791350284971,\"ms\":9.4}","source":"console","time":"2026-10-07T05:18:04Z"}
{"level":"info","msg":"{\"ev\":\"req\",\"route\":\"problem_list\",\"status\":200,\"t\":1791350285069,\"ms\":8.4}","source":"console","time":"2026-10-07T05:18:05Z"}
{"level":"info","msg":"{\"ev\":\"req\",\"route\":\"problem_detail\",\"status\":200,\"t\":1791350285168,\"ms\":7}","source":"console","time":"2026-10-07T05:18:05Z"}
{"level":"info","msg":"{\"ev\":\"req\",\"route\":\"history\",\"status\":200,\"t\":1791350285266,\"ms\":5.1}","source":"console","time":"2026-10-07T05:18:05Z"}
{"level":"info","msg":"{\"ev\":\"req\",\"route\":\"problem_list\",\"status\":200,\"t\":1791350285367,\"ms\":5.7}","source":"console","time":"2026-10-07T05:18:05Z"}
{"level":"info","msg":"{\"ev\":\"req\",\"route\":\"problem_detail\",\"status\":200,\"t\":1791350285469,\"ms\":8.1}","source":"console","time":"2026-10-07T05:18:05Z"}
{"level":"info","msg":"{\"ev\":\"req\",\"route\":\"history\",\"status\":200,\"t\":1791350285570,\"ms\":9.2}","source":"console","time":"2026-10-07T05:18:05Z"}
{"level":"info","msg":"{\"ev\":\"req\",\"route\":\"problem_list\",\"status\":200,\"t\":1791350285666,\"ms\":5.5}","source":"console","time":"2026-10-07T05:18:05Z"}
{"level":"info","msg":"{\"ev\":\"req\",\"route\":\"problem_detail\",\"status\":200,\"t\":1791350285772,\"ms\":12}","source":"console","time":"2026-10-07T05:18:05Z"}
{"level":"info","msg":"{\"ev\":\"req\",\"route\":\"history\",\"status\":200,\"t\":1791350285869,\"ms\":7.3}","source":"console","time":"2026-10-07T05:18:05Z"}
{"level":"info","msg":"{\"ev\":\"req\",\"route\":\"problem_list\",\"status\":200,\"t\":1791350285966,\"ms\":5.8}","source":"console","time":"2026-10-07T05:18:05Z"}
{"level":"info","msg":"{\"ev\":\"req\",\"route\":\"problem_detail\",\"status\":200,\"t\":1791350286072,\"ms\":11.4}","source":"console","time":"2026-10-07T05:18:06Z"}
{"level":"info","msg":"{\"ev\":\"req\",\"route\":\"history\",\"status\":200,\"t\":1791350286167,\"ms\":5.9}","source":"console","time":"2026-10-07T05:18:06Z"}
{"level":"info","msg":"{\"ev\":\"req\",\"route\":\"problem_list\",\"status\":200,\"t\":1791350286274,\"ms\":13.1}","source":"console","time":"2026-10-07T05:18:06Z"}
{"level":"info","msg":"{\"ev\":\"req\",\"route\":\"problem_detail\",\"status\":200,\"t\":1791350286370,\"ms\":8.5}","source":"console","time":"2026-10-07T05:18:06Z"}
{"level":"info","msg":"{\"ev\":\"req\",\"route\":\"submit\",\"status\":200,\"t\":1791350286453,\"ms\":25}","source":"console","time":"2026-10-07T05:18:06Z"}
{"level":"info","msg":"{\"ev\":\"accepted\",\"id\":\"f4a067ba-c42e-4e72-a22c-5511ee2336a5\",\"t\":1791350286453}","source":"console","time":"2026-10-07T05:18:06Z"}
{"level":"info","msg":"{\"ev\":\"req\",\"route\":\"history\",\"status\":200,\"t\":1791350286466,\"ms\":5.1}","source":"console","time":"2026-10-07T05:18:06Z"}
{"level":"info","msg":"{\"ev\":\"req\",\"route\":\"problem_list\",\"status\":200,\"t\":1791350286567,\"ms\":5.8}","source":"console","time":"2026-10-07T05:18:06Z"}
{"level":"info","msg":"{\"ev\":\"req\",\"route\":\"problem_detail\",\"status\":200,\"t\":1791350286667,\"ms\":6.3}","source":"console","time":"2026-10-07T05:18:06Z"}
{"level":"info","msg":"{\"ev\":\"req\",\"route\":\"history\",\"status\":200,\"t\":1791350286775,\"ms\":13.1}","source":"console","time":"2026-10-07T05:18:06Z"}
{"level":"info","msg":"{\"ev\":\"req\",\"route\":\"problem_list\",\"status\":200,\"t\":1791350286867,\"ms\":6.2}","source":"console","time":"2026-10-07T05:18:06Z"}
{"level":"info","msg":"{\"ev\":\"req\",\"route\":\"problem_detail\",\"status\":200,\"t\":1791350286967,\"ms\":6.4}","source":"console","time":"2026-10-07T05:18:06Z"}
{"level":"info","msg":"{\"ev\":\"req\",\"route\":\"history\",\"status\":200,\"t\":1791350287066,\"ms\":5.3}","source":"console","time":"2026-10-07T05:18:07Z"}
{"level":"info","msg":"{\"ev\":\"req\",\"route\":\"problem_list\",\"status\":200,\"t\":1791350287166,\"ms\":5.5}","source":"console","time":"2026-10-07T05:18:07Z"}
{"level":"info","msg":"{\"ev\":\"req\",\"route\":\"problem_detail\",\"status\":200,\"t\":1791350287269,\"ms\":8.4}","source":"console","time":"2026-10-07T05:18:07Z"}
{"level":"info","msg":"{\"ev\":\"req\",\"route\":\"history\",\"status\":200,\"t\":1791350287366,\"ms\":4.7}","source":"console","time":"2026-10-07T05:18:07Z"}
{"level":"info","msg":"{\"ev\":\"req\",\"route\":\"problem_list\",\"status\":200,\"t\":1791350287473,\"ms\":12.2}","source":"console","time":"2026-10-07T05:18:07Z"}
{"level":"info","msg":"{\"ev\":\"req\",\"route\":\"problem_detail\",\"status\":200,\"t\":1791350287572,\"ms\":11.9}","source":"console","time":"2026-10-07T05:18:07Z"}
{"level":"info","msg":"{\"ev\":\"req\",\"route\":\"history\",\"status\":200,\"t\":1791350287673,\"ms\":11.1}","source":"console","time":"2026-10-07T05:18:07Z"}
{"level":"info","msg":"{\"ev\":\"req\",\"route\":\"problem_list\",\"status\":200,\"t\":1791350287773,\"ms\":12.3}","source":"console","time":"2026-10-07T05:18:07Z"}
{"level":"info","msg":"{\"ev\":\"req\",\"route\":\"problem_detail\",\"status\":200,\"t\":1791350287871,\"ms\":10.9}","source":"console","time":"2026-10-07T05:18:07Z"}
{"level":"info","msg":"{\"ev\":\"req\",\"route\":\"history\",\"status\":200,\"t\":1791350287967,\"ms\":6.8}","source":"console","time":"2026-10-07T05:18:07Z"}
{"level":"info","msg":"{\"ev\":\"req\",\"route\":\"problem_list\",\"status\":200,\"t\":1791350288072,\"ms\":11.6}","source":"console","time":"2026-10-07T05:18:08Z"}
{"level":"info","msg":"{\"ev\":\"req\",\"route\":\"submit\",\"status\":200,\"t\":1791350288119,\"ms\":24.6}","source":"console","time":"2026-10-07T05:18:08Z"}
{"level":"info","msg":"{\"ev\":\"accepted\",\"id\":\"0d06a278-4a38-4732-aeff-d3db1e555080\",\"t\":1791350288119}","source":"console","time":"2026-10-07T05:18:08Z"}
{"level":"info","msg":"{\"ev\":\"req\",\"route\":\"problem_detail\",\"status\":200,\"t\":1791350288175,\"ms\":13.3}","source":"console","time":"2026-10-07T05:18:08Z"}
{"level":"info","msg":"{\"ev\":\"req\",\"route\":\"history\",\"status\":200,\"t\":1791350288267,\"ms\":5.9}","source":"console","time":"2026-10-07T05:18:08Z"}
{"level":"info","msg":"{\"ev\":\"req\",\"route\":\"problem_list\",\"status\":200,\"t\":1791350288368,\"ms\":7.7}","source":"console","time":"2026-10-07T05:18:08Z"}
{"level":"info","msg":"{\"ev\":\"req\",\"route\":\"problem_detail\",\"status\":200,\"t\":1791350288466,\"ms\":5.3}","source":"console","time":"2026-10-07T05:18:08Z"}
{"level":"info","msg":"{\"ev\":\"req\",\"route\":\"history\",\"status\":200,\"t\":1791350288566,\"ms\":4.8}","source":"console","time":"2026-10-07T05:18:08Z"}
{"level":"info","msg":"{\"ev\":\"req\",\"route\":\"problem_list\",\"status\":200,\"t\":1791350288666,\"ms\":5.8}","source":"console","time":"2026-10-07T05:18:08Z"}
{"level":"info","msg":"{\"ev\":\"req\",\"route\":\"problem_detail\",\"status\":200,\"t\":1791350288773,\"ms\":12.3}","source":"console","time":"2026-10-07T05:18:08Z"}
{"level":"info","msg":"{\"ev\":\"req\",\"route\":\"history\",\"status\":200,\"t\":1791350288871,\"ms\":9.4}","source":"console","time":"2026-10-07T05:18:08Z"}
{"level":"info","msg":"{\"ev\":\"req\",\"route\":\"problem_list\",\"status\":200,\"t\":1791350288974,\"ms\":13}","source":"console","time":"2026-10-07T05:18:08Z"}
{"level":"info","msg":"{\"ev\":\"req\",\"route\":\"problem_detail\",\"status\":200,\"t\":1791350289072,\"ms\":11.2}","source":"console","time":"2026-10-07T05:18:09Z"}
{"level":"info","msg":"{\"ev\":\"req\",\"route\":\"history\",\"status\":200,\"t\":1791350289170,\"ms\":9.2}","source":"console","time":"2026-10-07T05:18:09Z"}
{"level":"info","msg":"{\"ev\":\"req\",\"route\":\"problem_list\",\"status\":200,\"t\":1791350289266,\"ms\":5.2}","source":"console","time":"2026-10-07T05:18:09Z"}
{"level":"info","msg":"{\"ev\":\"req\",\"route\":\"problem_detail\",\"status\":200,\"t\":1791350289374,\"ms\":12.8}","source":"console","time":"2026-10-07T05:18:09Z"}
{"level":"info","msg":"{\"ev\":\"req\",\"route\":\"history\",\"status\":200,\"t\":1791350289473,\"ms\":12.4}","source":"console","time":"2026-10-07T05:18:09Z"}
{"level":"info","msg":"{\"ev\":\"req\",\"route\":\"problem_list\",\"status\":200,\"t\":1791350289572,\"ms\":11.8}","source":"console","time":"2026-10-07T05:18:09Z"}
{"level":"info","msg":"{\"ev\":\"req\",\"route\":\"problem_detail\",\"status\":200,\"t\":1791350289672,\"ms\":11.9}","source":"console","time":"2026-10-07T05:18:09Z"}
{"level":"info","msg":"{\"ev\":\"req\",\"route\":\"history\",\"status\":200,\"t\":1791350289773,\"ms\":11.9}","source":"console","time":"2026-10-07T05:18:09Z"}
{"level":"info","msg":"{\"ev\":\"req\",\"route\":\"submit\",\"status\":200,\"t\":1791350289791,\"ms\":30.5}","source":"console","time":"2026-10-07T05:18:09Z"}
{"level":"info","msg":"{\"ev\":\"accepted\",\"id\":\"d2ca3b30-4eb4-4d2b-8943-7ed2d0e060b8\",\"t\":1791350289791}","source":"console","time":"2026-10-07T05:18:09Z"}
{"level":"info","msg":"{\"ev\":\"req\",\"route\":\"problem_list\",\"status\":200,\"t\":1791350289867,\"ms\":5.8}","source":"console","time":"2026-10-07T05:18:09Z"}
{"level":"info","msg":"{\"ev\":\"req\",\"route\":\"problem_detail\",\"status\":200,\"t\":1791350289966,\"ms\":6.1}","source":"console","time":"2026-10-07T05:18:09Z"}
{"level":"info","msg":"{\"ev\":\"req\",\"route\":\"history\",\"status\":200,\"t\":1791350290066,\"ms\":5.1}","source":"console","time":"2026-10-07T05:18:10Z"}
{"level":"info","msg":"{\"ev\":\"req\",\"route\":\"problem_list\",\"status\":200,\"t\":1791350290168,\"ms\":6.7}","source":"console","time":"2026-10-07T05:18:10Z"}
{"level":"info","msg":"{\"ev\":\"req\",\"route\":\"problem_detail\",\"status\":200,\"t\":1791350290266,\"ms\":5.3}","source":"console","time":"2026-10-07T05:18:10Z"}
{"level":"info","msg":"{\"ev\":\"req\",\"route\":\"history\",\"status\":200,\"t\":1791350290367,\"ms\":6}","source":"console","time":"2026-10-07T05:18:10Z"}
{"level":"info","msg":"{\"ev\":\"req\",\"route\":\"problem_list\",\"status\":200,\"t\":1791350290467,\"ms\":6.9}","source":"console","time":"2026-10-07T05:18:10Z"}
{"level":"info","msg":"{\"ev\":\"req\",\"route\":\"problem_detail\",\"status\":200,\"t\":1791350290572,\"ms\":11.5}","source":"console","time":"2026-10-07T05:18:10Z"}
{"level":"info","msg":"{\"ev\":\"req\",\"route\":\"history\",\"status\":200,\"t\":1791350290671,\"ms\":10.1}","source":"console","time":"2026-10-07T05:18:10Z"}
{"level":"info","msg":"{\"ev\":\"req\",\"route\":\"problem_list\",\"status\":200,\"t\":1791350290772,\"ms\":11.1}","source":"console","time":"2026-10-07T05:18:10Z"}
{"level":"info","msg":"{\"ev\":\"req\",\"route\":\"problem_detail\",\"status\":200,\"t\":1791350290872,\"ms\":11}","source":"console","time":"2026-10-07T05:18:10Z"}
{"level":"info","msg":"{\"ev\":\"req\",\"route\":\"history\",\"status\":200,\"t\":1791350290966,\"ms\":5.1}","source":"console","time":"2026-10-07T05:18:10Z"}
{"level":"info","msg":"{\"ev\":\"req\",\"route\":\"problem_list\",\"status\":200,\"t\":1791350291067,\"ms\":5.4}","source":"console","time":"2026-10-07T05:18:11Z"}
{"level":"info","msg":"{\"ev\":\"req\",\"route\":\"problem_detail\",\"status\":200,\"t\":1791350291174,\"ms\":12.7}","source":"console","time":"2026-10-07T05:18:11Z"}
{"level":"info","msg":"{\"ev\":\"req\",\"route\":\"history\",\"status\":200,\"t\":1791350291271,\"ms\":9.6}","source":"console","time":"2026-10-07T05:18:11Z"}
{"level":"info","msg":"{\"ev\":\"req\",\"route\":\"problem_list\",\"status\":200,\"t\":1791350291375,\"ms\":14.4}","source":"console","time":"2026-10-07T05:18:11Z"}
{"level":"info","msg":"{\"ev\":\"req\",\"route\":\"submit\",\"status\":200,\"t\":1791350291451,\"ms\":23.5}","source":"console","time":"2026-10-07T05:18:11Z"}
{"level":"info","msg":"{\"ev\":\"accepted\",\"id\":\"7c9c0f91-0e36-41af-81ce-c9437b5abb63\",\"t\":1791350291451}","source":"console","time":"2026-10-07T05:18:11Z"}
{"level":"info","msg":"{\"ev\":\"req\",\"route\":\"problem_detail\",\"status\":200,\"t\":1791350291466,\"ms\":5.6}","source":"console","time":"2026-10-07T05:18:11Z"}
{"level":"info","msg":"{\"ev\":\"req\",\"route\":\"history\",\"status\":200,\"t\":1791350291569,\"ms\":7.8}","source":"console","time":"2026-10-07T05:18:11Z"}
{"level":"info","msg":"{\"ev\":\"req\",\"route\":\"problem_list\",\"status\":200,\"t\":1791350291668,\"ms\":6.9}","source":"console","time":"2026-10-07T05:18:11Z"}
{"level":"info","msg":"{\"ev\":\"req\",\"route\":\"problem_detail\",\"status\":200,\"t\":1791350291767,\"ms\":6.8}","source":"console","time":"2026-10-07T05:18:11Z"}
{"level":"info","msg":"{\"ev\":\"req\",\"route\":\"history\",\"status\":200,\"t\":1791350291866,\"ms\":5}","source":"console","time":"2026-10-07T05:18:11Z"}
{"level":"info","msg":"{\"ev\":\"req\",\"route\":\"problem_list\",\"status\":200,\"t\":1791350291967,\"ms\":5.9}","source":"console","time":"2026-10-07T05:18:11Z"}
{"level":"info","msg":"{\"ev\":\"req\",\"route\":\"problem_detail\",\"status\":200,\"t\":1791350292068,\"ms\":6.8}","source":"console","time":"2026-10-07T05:18:12Z"}
{"level":"info","msg":"{\"ev\":\"req\",\"route\":\"history\",\"status\":200,\"t\":1791350292171,\"ms\":9.9}","source":"console","time":"2026-10-07T05:18:12Z"}
{"level":"info","msg":"{\"ev\":\"req\",\"route\":\"problem_list\",\"status\":200,\"t\":1791350292273,\"ms\":12.6}","source":"console","time":"2026-10-07T05:18:12Z"}
{"level":"info","msg":"{\"ev\":\"req\",\"route\":\"problem_detail\",\"status\":200,\"t\":1791350292372,\"ms\":10.7}","source":"console","time":"2026-10-07T05:18:12Z"}
{"level":"info","msg":"{\"ev\":\"req\",\"route\":\"history\",\"status\":200,\"t\":1791350292470,\"ms\":9.6}","source":"console","time":"2026-10-07T05:18:12Z"}
{"level":"info","msg":"{\"ev\":\"req\",\"route\":\"problem_list\",\"status\":200,\"t\":1791350292573,\"ms\":11.9}","source":"console","time":"2026-10-07T05:18:12Z"}
{"level":"info","msg":"{\"ev\":\"req\",\"route\":\"problem_detail\",\"status\":200,\"t\":1791350292672,\"ms\":11.2}","source":"console","time":"2026-10-07T05:18:12Z"}
{"level":"info","msg":"{\"ev\":\"req\",\"route\":\"history\",\"status\":200,\"t\":1791350292771,\"ms\":9.7}","source":"console","time":"2026-10-07T05:18:12Z"}
{"level":"info","msg":"{\"ev\":\"req\",\"route\":\"problem_list\",\"status\":200,\"t\":1791350292871,\"ms\":10}","source":"console","time":"2026-10-07T05:18:12Z"}
{"level":"info","msg":"{\"ev\":\"req\",\"route\":\"problem_detail\",\"status\":200,\"t\":1791350292973,\"ms\":12.2}","source":"console","time":"2026-10-07T05:18:12Z"}
{"level":"info","msg":"{\"ev\":\"req\",\"route\":\"history\",\"status\":200,\"t\":1791350293071,\"ms\":10.5}","source":"console","time":"2026-10-07T05:18:13Z"}
{"level":"info","msg":"{\"ev\":\"req\",\"route\":\"submit\",\"status\":200,\"t\":1791350293112,\"ms\":18.4}","source":"console","time":"2026-10-07T05:18:13Z"}
{"level":"info","msg":"{\"ev\":\"accepted\",\"id\":\"3f75b8bc-48cb-49e1-81a0-3c7b7c3ee873\",\"t\":1791350293112}","source":"console","time":"2026-10-07T05:18:13Z"}
{"level":"info","msg":"{\"ev\":\"req\",\"route\":\"problem_list\",\"status\":200,\"t\":1791350293173,\"ms\":11.8}","source":"console","time":"2026-10-07T05:18:13Z"}
{"level":"info","msg":"{\"ev\":\"req\",\"route\":\"problem_detail\",\"status\":200,\"t\":1791350293268,\"ms\":7}","source":"console","time":"2026-10-07T05:18:13Z"}
{"level":"info","msg":"{\"ev\":\"req\",\"route\":\"history\",\"status\":200,\"t\":1791350293368,\"ms\":6.8}","source":"console","time":"2026-10-07T05:18:13Z"}
{"level":"info","msg":"{\"ev\":\"req\",\"route\":\"problem_list\",\"status\":200,\"t\":1791350293469,\"ms\":8.4}","source":"console","time":"2026-10-07T05:18:13Z"}
{"level":"info","msg":"{\"ev\":\"req\",\"route\":\"problem_detail\",\"status\":200,\"t\":1791350293567,\"ms\":6.8}","source":"console","time":"2026-10-07T05:18:13Z"}
{"level":"info","msg":"{\"ev\":\"req\",\"route\":\"history\",\"status\":200,\"t\":1791350293666,\"ms\":6.2}","source":"console","time":"2026-10-07T05:18:13Z"}
{"level":"info","msg":"{\"ev\":\"req\",\"route\":\"problem_list\",\"status\":200,\"t\":1791350293769,\"ms\":7.4}","source":"console","time":"2026-10-07T05:18:13Z"}
{"level":"info","msg":"{\"ev\":\"req\",\"route\":\"problem_detail\",\"status\":200,\"t\":1791350293868,\"ms\":6.9}","source":"console","time":"2026-10-07T05:18:13Z"}
{"level":"info","msg":"{\"ev\":\"req\",\"route\":\"history\",\"status\":200,\"t\":1791350293971,\"ms\":10.5}","source":"console","time":"2026-10-07T05:18:13Z"}
{"level":"info","msg":"{\"ev\":\"req\",\"route\":\"problem_list\",\"status\":200,\"t\":1791350294072,\"ms\":11.4}","source":"console","time":"2026-10-07T05:18:14Z"}
{"level":"info","msg":"{\"ev\":\"req\",\"route\":\"problem_detail\",\"status\":200,\"t\":1791350294173,\"ms\":12.2}","source":"console","time":"2026-10-07T05:18:14Z"}
{"level":"info","msg":"{\"ev\":\"req\",\"route\":\"history\",\"status\":200,\"t\":1791350294272,\"ms\":11.3}","source":"console","time":"2026-10-07T05:18:14Z"}
{"level":"info","msg":"{\"ev\":\"req\",\"route\":\"problem_list\",\"status\":200,\"t\":1791350294374,\"ms\":12.6}","source":"console","time":"2026-10-07T05:18:14Z"}
{"level":"info","msg":"{\"ev\":\"req\",\"route\":\"problem_detail\",\"status\":200,\"t\":1791350294473,\"ms\":12.4}","source":"console","time":"2026-10-07T05:18:14Z"}
{"level":"info","msg":"{\"ev\":\"req\",\"route\":\"history\",\"status\":200,\"t\":1791350294584,\"ms\":22.8}","source":"console","time":"2026-10-07T05:18:14Z"}
{"level":"info","msg":"{\"ev\":\"req\",\"route\":\"problem_list\",\"status\":200,\"t\":1791350294672,\"ms\":11.3}","source":"console","time":"2026-10-07T05:18:14Z"}
{"level":"info","msg":"{\"ev\":\"req\",\"route\":\"problem_detail\",\"status\":200,\"t\":1791350294773,\"ms\":12}","source":"console","time":"2026-10-07T05:18:14Z"}
{"level":"info","msg":"{\"ev\":\"req\",\"route\":\"submit\",\"status\":200,\"t\":1791350294787,\"ms\":25.6}","source":"console","time":"2026-10-07T05:18:14Z"}
{"level":"info","msg":"{\"ev\":\"accepted\",\"id\":\"2f86a906-1151-4066-a1af-46d811412a57\",\"t\":1791350294787}","source":"console","time":"2026-10-07T05:18:14Z"}
{"level":"info","msg":"{\"ev\":\"req\",\"route\":\"history\",\"status\":200,\"t\":1791350294869,\"ms\":7.5}","source":"console","time":"2026-10-07T05:18:14Z"}
{"level":"info","msg":"{\"ev\":\"req\",\"route\":\"problem_list\",\"status\":200,\"t\":1791350294972,\"ms\":11.6}","source":"console","time":"2026-10-07T05:18:14Z"}
{"level":"info","msg":"{\"ev\":\"req\",\"route\":\"problem_detail\",\"status\":200,\"t\":1791350295068,\"ms\":6.8}","source":"console","time":"2026-10-07T05:18:15Z"}
{"level":"info","msg":"{\"ev\":\"req\",\"route\":\"history\",\"status\":200,\"t\":1791350295165,\"ms\":4.8}","source":"console","time":"2026-10-07T05:18:15Z"}
{"level":"info","msg":"{\"ev\":\"req\",\"route\":\"problem_list\",\"status\":200,\"t\":1791350295274,\"ms\":13.4}","source":"console","time":"2026-10-07T05:18:15Z"}
{"level":"info","msg":"{\"ev\":\"req\",\"route\":\"problem_detail\",\"status\":200,\"t\":1791350295367,\"ms\":5.5}","source":"console","time":"2026-10-07T05:18:15Z"}
{"level":"info","msg":"{\"ev\":\"req\",\"route\":\"history\",\"status\":200,\"t\":1791350295470,\"ms\":9.2}","source":"console","time":"2026-10-07T05:18:15Z"}
{"level":"info","msg":"{\"ev\":\"req\",\"route\":\"problem_list\",\"status\":200,\"t\":1791350295573,\"ms\":11.7}","source":"console","time":"2026-10-07T05:18:15Z"}
{"level":"info","msg":"{\"ev\":\"req\",\"route\":\"problem_detail\",\"status\":200,\"t\":1791350295667,\"ms\":6.4}","source":"console","time":"2026-10-07T05:18:15Z"}
{"level":"info","msg":"{\"ev\":\"req\",\"route\":\"history\",\"status\":200,\"t\":1791350295772,\"ms\":10.9}","source":"console","time":"2026-10-07T05:18:15Z"}
{"level":"info","msg":"{\"ev\":\"req\",\"route\":\"problem_list\",\"status\":200,\"t\":1791350295875,\"ms\":13.3}","source":"console","time":"2026-10-07T05:18:15Z"}
{"level":"info","msg":"{\"ev\":\"req\",\"route\":\"problem_detail\",\"status\":200,\"t\":1791350295968,\"ms\":7.4}","source":"console","time":"2026-10-07T05:18:15Z"}
{"level":"info","msg":"{\"ev\":\"req\",\"route\":\"history\",\"status\":200,\"t\":1791350296067,\"ms\":6.4}","source":"console","time":"2026-10-07T05:18:16Z"}
{"level":"info","msg":"{\"ev\":\"req\",\"route\":\"problem_list\",\"status\":200,\"t\":1791350296174,\"ms\":12.8}","source":"console","time":"2026-10-07T05:18:16Z"}
{"level":"info","msg":"{\"ev\":\"req\",\"route\":\"problem_detail\",\"status\":200,\"t\":1791350296270,\"ms\":8.5}","source":"console","time":"2026-10-07T05:18:16Z"}
{"level":"info","msg":"{\"ev\":\"req\",\"route\":\"history\",\"status\":200,\"t\":1791350296371,\"ms\":9.8}","source":"console","time":"2026-10-07T05:18:16Z"}
{"level":"info","msg":"{\"ev\":\"req\",\"route\":\"submit\",\"status\":200,\"t\":1791350296455,\"ms\":27.5}","source":"console","time":"2026-10-07T05:18:16Z"}
{"level":"info","msg":"{\"ev\":\"accepted\",\"id\":\"1e177d5e-6d5a-4345-94c9-88c236cade42\",\"t\":1791350296455}","source":"console","time":"2026-10-07T05:18:16Z"}
{"level":"info","msg":"{\"ev\":\"req\",\"route\":\"problem_list\",\"status\":200,\"t\":1791350296466,\"ms\":5.3}","source":"console","time":"2026-10-07T05:18:16Z"}
{"level":"info","msg":"{\"ev\":\"req\",\"route\":\"problem_detail\",\"status\":200,\"t\":1791350296566,\"ms\":5.2}","source":"console","time":"2026-10-07T05:18:16Z"}
{"level":"info","msg":"{\"ev\":\"req\",\"route\":\"history\",\"status\":200,\"t\":1791350296666,\"ms\":5.5}","source":"console","time":"2026-10-07T05:18:16Z"}
{"level":"info","msg":"{\"ev\":\"req\",\"route\":\"problem_list\",\"status\":200,\"t\":1791350296766,\"ms\":5.7}","source":"console","time":"2026-10-07T05:18:16Z"}
{"level":"info","msg":"{\"ev\":\"req\",\"route\":\"problem_detail\",\"status\":200,\"t\":1791350296866,\"ms\":5.3}","source":"console","time":"2026-10-07T05:18:16Z"}
{"level":"info","msg":"{\"ev\":\"req\",\"route\":\"history\",\"status\":200,\"t\":1791350296966,\"ms\":5.8}","source":"console","time":"2026-10-07T05:18:16Z"}
{"level":"info","msg":"{\"ev\":\"req\",\"route\":\"problem_list\",\"status\":200,\"t\":1791350297067,\"ms\":5.7}","source":"console","time":"2026-10-07T05:18:17Z"}
{"level":"info","msg":"{\"ev\":\"req\",\"route\":\"problem_detail\",\"status\":200,\"t\":1791350297170,\"ms\":9.8}","source":"console","time":"2026-10-07T05:18:17Z"}
{"level":"info","msg":"{\"ev\":\"req\",\"route\":\"history\",\"status\":200,\"t\":1791350297265,\"ms\":4.8}","source":"console","time":"2026-10-07T05:18:17Z"}
{"level":"info","msg":"{\"ev\":\"req\",\"route\":\"problem_list\",\"status\":200,\"t\":1791350297367,\"ms\":5.9}","source":"console","time":"2026-10-07T05:18:17Z"}
{"level":"info","msg":"{\"ev\":\"req\",\"route\":\"problem_detail\",\"status\":200,\"t\":1791350297465,\"ms\":4.9}","source":"console","time":"2026-10-07T05:18:17Z"}
{"level":"info","msg":"{\"ev\":\"req\",\"route\":\"history\",\"status\":200,\"t\":1791350297571,\"ms\":9.4}","source":"console","time":"2026-10-07T05:18:17Z"}
{"level":"info","msg":"{\"ev\":\"req\",\"route\":\"problem_list\",\"status\":200,\"t\":1791350297666,\"ms\":4.8}","source":"console","time":"2026-10-07T05:18:17Z"}
{"level":"info","msg":"{\"ev\":\"req\",\"route\":\"problem_detail\",\"status\":200,\"t\":1791350297772,\"ms\":11.1}","source":"console","time":"2026-10-07T05:18:17Z"}
{"level":"info","msg":"{\"ev\":\"req\",\"route\":\"history\",\"status\":200,\"t\":1791350297865,\"ms\":4.5}","source":"console","time":"2026-10-07T05:18:17Z"}
{"level":"info","msg":"{\"ev\":\"req\",\"route\":\"problem_list\",\"status\":200,\"t\":1791350297975,\"ms\":13.6}","source":"console","time":"2026-10-07T05:18:17Z"}
{"level":"info","msg":"{\"ev\":\"req\",\"route\":\"problem_detail\",\"status\":200,\"t\":1791350298073,\"ms\":11.8}","source":"console","time":"2026-10-07T05:18:18Z"}
{"level":"info","msg":"{\"ev\":\"req\",\"route\":\"submit\",\"status\":200,\"t\":1791350298113,\"ms\":18.8}","source":"console","time":"2026-10-07T05:18:18Z"}
{"level":"info","msg":"{\"ev\":\"accepted\",\"id\":\"444609e6-48b7-47db-a860-f651184cd4bf\",\"t\":1791350298113}","source":"console","time":"2026-10-07T05:18:18Z"}
{"level":"info","msg":"{\"ev\":\"req\",\"route\":\"history\",\"status\":200,\"t\":1791350298171,\"ms\":9.9}","source":"console","time":"2026-10-07T05:18:18Z"}
{"level":"info","msg":"{\"ev\":\"req\",\"route\":\"problem_list\",\"status\":200,\"t\":1791350298270,\"ms\":9}","source":"console","time":"2026-10-07T05:18:18Z"}
{"level":"info","msg":"{\"ev\":\"req\",\"route\":\"problem_detail\",\"status\":200,\"t\":1791350298371,\"ms\":9.4}","source":"console","time":"2026-10-07T05:18:18Z"}
{"level":"info","msg":"{\"ev\":\"req\",\"route\":\"history\",\"status\":200,\"t\":1791350298467,\"ms\":5.8}","source":"console","time":"2026-10-07T05:18:18Z"}
{"level":"info","msg":"{\"ev\":\"req\",\"route\":\"problem_list\",\"status\":200,\"t\":1791350298567,\"ms\":6.2}","source":"console","time":"2026-10-07T05:18:18Z"}
{"level":"info","msg":"{\"ev\":\"req\",\"route\":\"problem_detail\",\"status\":200,\"t\":1791350298666,\"ms\":5.4}","source":"console","time":"2026-10-07T05:18:18Z"}
{"level":"info","msg":"{\"ev\":\"req\",\"route\":\"history\",\"status\":200,\"t\":1791350298770,\"ms\":8.5}","source":"console","time":"2026-10-07T05:18:18Z"}
{"level":"info","msg":"{\"ev\":\"req\",\"route\":\"problem_list\",\"status\":200,\"t\":1791350298873,\"ms\":12.8}","source":"console","time":"2026-10-07T05:18:18Z"}
{"level":"info","msg":"{\"ev\":\"req\",\"route\":\"problem_detail\",\"status\":200,\"t\":1791350298974,\"ms\":12.5}","source":"console","time":"2026-10-07T05:18:18Z"}
{"level":"info","msg":"{\"ev\":\"req\",\"route\":\"history\",\"status\":200,\"t\":1791350299072,\"ms\":10.5}","source":"console","time":"2026-10-07T05:18:19Z"}
{"level":"info","msg":"{\"ev\":\"req\",\"route\":\"problem_list\",\"status\":200,\"t\":1791350299173,\"ms\":12.1}","source":"console","time":"2026-10-07T05:18:19Z"}
{"level":"info","msg":"{\"ev\":\"req\",\"route\":\"problem_detail\",\"status\":200,\"t\":1791350299271,\"ms\":10.5}","source":"console","time":"2026-10-07T05:18:19Z"}
{"level":"info","msg":"{\"ev\":\"req\",\"route\":\"history\",\"status\":200,\"t\":1791350299371,\"ms\":10}","source":"console","time":"2026-10-07T05:18:19Z"}
{"level":"info","msg":"{\"ev\":\"req\",\"route\":\"problem_list\",\"status\":200,\"t\":1791350299470,\"ms\":9.2}","source":"console","time":"2026-10-07T05:18:19Z"}
{"level":"info","msg":"{\"ev\":\"req\",\"route\":\"problem_detail\",\"status\":200,\"t\":1791350299573,\"ms\":11.6}","source":"console","time":"2026-10-07T05:18:19Z"}
{"level":"info","msg":"{\"ev\":\"req\",\"route\":\"history\",\"status\":200,\"t\":1791350299672,\"ms\":10.7}","source":"console","time":"2026-10-07T05:18:19Z"}
{"level":"info","msg":"{\"ev\":\"req\",\"route\":\"problem_list\",\"status\":200,\"t\":1791350299774,\"ms\":12.5}","source":"console","time":"2026-10-07T05:18:19Z"}
{"level":"info","msg":"{\"ev\":\"req\",\"route\":\"submit\",\"status\":200,\"t\":1791350299794,\"ms\":32.7}","source":"console","time":"2026-10-07T05:18:19Z"}
{"level":"info","msg":"{\"ev\":\"accepted\",\"id\":\"4b1152b5-e93a-4f8b-9441-8ef63ab4d520\",\"t\":1791350299794}","source":"console","time":"2026-10-07T05:18:19Z"}
{"level":"info","msg":"{\"ev\":\"req\",\"route\":\"problem_detail\",\"status\":200,\"t\":1791350299866,\"ms\":5}","source":"console","time":"2026-10-07T05:18:19Z"}
{"level":"info","msg":"{\"ev\":\"req\",\"route\":\"history\",\"status\":200,\"t\":1791350299967,\"ms\":5.3}","source":"console","time":"2026-10-07T05:18:19Z"}
{"level":"info","msg":"{\"ev\":\"req\",\"route\":\"problem_list\",\"status\":200,\"t\":1791350300066,\"ms\":6}","source":"console","time":"2026-10-07T05:18:20Z"}
{"level":"info","msg":"{\"ev\":\"req\",\"route\":\"problem_detail\",\"status\":200,\"t\":1791350300166,\"ms\":5.8}","source":"console","time":"2026-10-07T05:18:20Z"}
{"level":"info","msg":"{\"ev\":\"req\",\"route\":\"history\",\"status\":200,\"t\":1791350300265,\"ms\":4.7}","source":"console","time":"2026-10-07T05:18:20Z"}
{"level":"info","msg":"{\"ev\":\"req\",\"route\":\"problem_list\",\"status\":200,\"t\":1791350300367,\"ms\":5.9}","source":"console","time":"2026-10-07T05:18:20Z"}
{"level":"info","msg":"{\"ev\":\"req\",\"route\":\"problem_detail\",\"status\":200,\"t\":1791350300467,\"ms\":6.4}","source":"console","time":"2026-10-07T05:18:20Z"}
{"level":"info","msg":"{\"ev\":\"req\",\"route\":\"history\",\"status\":200,\"t\":1791350300571,\"ms\":9.9}","source":"console","time":"2026-10-07T05:18:20Z"}
{"level":"info","msg":"{\"ev\":\"req\",\"route\":\"problem_list\",\"status\":200,\"t\":1791350300672,\"ms\":11.7}","source":"console","time":"2026-10-07T05:18:20Z"}
{"level":"info","msg":"{\"ev\":\"req\",\"route\":\"problem_detail\",\"status\":200,\"t\":1791350300772,\"ms\":10.6}","source":"console","time":"2026-10-07T05:18:20Z"}
{"level":"info","msg":"{\"ev\":\"req\",\"route\":\"history\",\"status\":200,\"t\":1791350300869,\"ms\":8.2}","source":"console","time":"2026-10-07T05:18:20Z"}
{"level":"info","msg":"{\"ev\":\"req\",\"route\":\"problem_list\",\"status\":200,\"t\":1791350300970,\"ms\":8.7}","source":"console","time":"2026-10-07T05:18:20Z"}
{"level":"info","msg":"{\"ev\":\"req\",\"route\":\"problem_detail\",\"status\":200,\"t\":1791350301065,\"ms\":4.6}","source":"console","time":"2026-10-07T05:18:21Z"}
{"level":"info","msg":"{\"ev\":\"req\",\"route\":\"history\",\"status\":200,\"t\":1791350301169,\"ms\":8.4}","source":"console","time":"2026-10-07T05:18:21Z"}
{"level":"info","msg":"{\"ev\":\"req\",\"route\":\"problem_list\",\"status\":200,\"t\":1791350301272,\"ms\":11}","source":"console","time":"2026-10-07T05:18:21Z"}
{"level":"info","msg":"{\"ev\":\"req\",\"route\":\"problem_detail\",\"status\":200,\"t\":1791350301371,\"ms\":10.6}","source":"console","time":"2026-10-07T05:18:21Z"}
{"level":"info","msg":"{\"ev\":\"req\",\"route\":\"submit\",\"status\":200,\"t\":1791350301459,\"ms\":31.8}","source":"console","time":"2026-10-07T05:18:21Z"}
{"level":"info","msg":"{\"ev\":\"accepted\",\"id\":\"4c613930-f20f-496a-9c8d-c159bfe5dbaa\",\"t\":1791350301459}","source":"console","time":"2026-10-07T05:18:21Z"}
{"level":"info","msg":"{\"ev\":\"req\",\"route\":\"history\",\"status\":200,\"t\":1791350301469,\"ms\":7.7}","source":"console","time":"2026-10-07T05:18:21Z"}
{"level":"info","msg":"{\"ev\":\"req\",\"route\":\"problem_list\",\"status\":200,\"t\":1791350301568,\"ms\":7.3}","source":"console","time":"2026-10-07T05:18:21Z"}
{"level":"info","msg":"{\"ev\":\"req\",\"route\":\"problem_detail\",\"status\":200,\"t\":1791350301668,\"ms\":7.3}","source":"console","time":"2026-10-07T05:18:21Z"}
{"level":"info","msg":"{\"ev\":\"req\",\"route\":\"history\",\"status\":200,\"t\":1791350301767,\"ms\":6.4}","source":"console","time":"2026-10-07T05:18:21Z"}
{"level":"info","msg":"{\"ev\":\"req\",\"route\":\"problem_list\",\"status\":200,\"t\":1791350301868,\"ms\":7.1}","source":"console","time":"2026-10-07T05:18:21Z"}
{"level":"info","msg":"{\"ev\":\"req\",\"route\":\"problem_detail\",\"status\":200,\"t\":1791350301966,\"ms\":5.8}","source":"console","time":"2026-10-07T05:18:21Z"}
{"level":"info","msg":"{\"ev\":\"req\",\"route\":\"history\",\"status\":200,\"t\":1791350302068,\"ms\":6.8}","source":"console","time":"2026-10-07T05:18:22Z"}
{"level":"info","msg":"{\"ev\":\"req\",\"route\":\"problem_list\",\"status\":200,\"t\":1791350302166,\"ms\":5.1}","source":"console","time":"2026-10-07T05:18:22Z"}
{"level":"info","msg":"{\"ev\":\"req\",\"route\":\"problem_detail\",\"status\":200,\"t\":1791350302272,\"ms\":10.7}","source":"console","time":"2026-10-07T05:18:22Z"}
{"level":"info","msg":"{\"ev\":\"req\",\"route\":\"history\",\"status\":200,\"t\":1791350302374,\"ms\":12.6}","source":"console","time":"2026-10-07T05:18:22Z"}
{"level":"info","msg":"{\"ev\":\"req\",\"route\":\"problem_list\",\"status\":200,\"t\":1791350302466,\"ms\":5.2}","source":"console","time":"2026-10-07T05:18:22Z"}
{"level":"info","msg":"{\"ev\":\"req\",\"route\":\"problem_detail\",\"status\":200,\"t\":1791350302572,\"ms\":11.2}","source":"console","time":"2026-10-07T05:18:22Z"}
{"level":"info","msg":"{\"ev\":\"req\",\"route\":\"history\",\"status\":200,\"t\":1791350302670,\"ms\":9.3}","source":"console","time":"2026-10-07T05:18:22Z"}
{"level":"info","msg":"{\"ev\":\"req\",\"route\":\"problem_list\",\"status\":200,\"t\":1791350302775,\"ms\":14.5}","source":"console","time":"2026-10-07T05:18:22Z"}
{"level":"info","msg":"{\"ev\":\"req\",\"route\":\"problem_detail\",\"status\":200,\"t\":1791350302873,\"ms\":11.3}","source":"console","time":"2026-10-07T05:18:22Z"}
{"level":"info","msg":"{\"ev\":\"req\",\"route\":\"history\",\"status\":200,\"t\":1791350302971,\"ms\":10}","source":"console","time":"2026-10-07T05:18:22Z"}
{"level":"info","msg":"{\"ev\":\"req\",\"route\":\"problem_list\",\"status\":200,\"t\":1791350303074,\"ms\":12.9}","source":"console","time":"2026-10-07T05:18:23Z"}
{"level":"info","msg":"{\"ev\":\"req\",\"route\":\"submit\",\"status\":200,\"t\":1791350303128,\"ms\":33.2}","source":"console","time":"2026-10-07T05:18:23Z"}
{"level":"info","msg":"{\"ev\":\"accepted\",\"id\":\"718aacbf-e7f6-45bd-ac74-a5c86cdd760c\",\"t\":1791350303128}","source":"console","time":"2026-10-07T05:18:23Z"}
{"level":"info","msg":"{\"ev\":\"req\",\"route\":\"problem_detail\",\"status\":200,\"t\":1791350303167,\"ms\":5.5}","source":"console","time":"2026-10-07T05:18:23Z"}
{"level":"info","msg":"{\"ev\":\"req\",\"route\":\"history\",\"status\":200,\"t\":1791350303266,\"ms\":4.8}","source":"console","time":"2026-10-07T05:18:23Z"}
{"level":"info","msg":"{\"ev\":\"req\",\"route\":\"problem_list\",\"status\":200,\"t\":1791350303367,\"ms\":6.3}","source":"console","time":"2026-10-07T05:18:23Z"}
{"level":"info","msg":"{\"ev\":\"req\",\"route\":\"problem_detail\",\"status\":200,\"t\":1791350303467,\"ms\":5.6}","source":"console","time":"2026-10-07T05:18:23Z"}
{"level":"info","msg":"{\"ev\":\"req\",\"route\":\"history\",\"status\":200,\"t\":1791350303565,\"ms\":4.7}","source":"console","time":"2026-10-07T05:18:23Z"}
{"level":"info","msg":"{\"ev\":\"req\",\"route\":\"problem_list\",\"status\":200,\"t\":1791350303667,\"ms\":5.6}","source":"console","time":"2026-10-07T05:18:23Z"}
{"level":"info","msg":"{\"ev\":\"req\",\"route\":\"problem_detail\",\"status\":200,\"t\":1791350303766,\"ms\":5.2}","source":"console","time":"2026-10-07T05:18:23Z"}
{"level":"info","msg":"{\"ev\":\"req\",\"route\":\"history\",\"status\":200,\"t\":1791350303870,\"ms\":9.3}","source":"console","time":"2026-10-07T05:18:23Z"}
{"level":"info","msg":"{\"ev\":\"req\",\"route\":\"problem_list\",\"status\":200,\"t\":1791350303968,\"ms\":6.9}","source":"console","time":"2026-10-07T05:18:23Z"}
{"level":"info","msg":"{\"ev\":\"req\",\"route\":\"problem_detail\",\"status\":200,\"t\":1791350304068,\"ms\":6.7}","source":"console","time":"2026-10-07T05:18:24Z"}
{"level":"info","msg":"{\"ev\":\"req\",\"route\":\"history\",\"status\":200,\"t\":1791350304167,\"ms\":6.6}","source":"console","time":"2026-10-07T05:18:24Z"}
{"level":"info","msg":"{\"ev\":\"req\",\"route\":\"problem_list\",\"status\":200,\"t\":1791350304267,\"ms\":5.8}","source":"console","time":"2026-10-07T05:18:24Z"}
{"level":"info","msg":"{\"ev\":\"req\",\"route\":\"problem_detail\",\"status\":200,\"t\":1791350304366,\"ms\":5.4}","source":"console","time":"2026-10-07T05:18:24Z"}
{"level":"info","msg":"{\"ev\":\"req\",\"route\":\"history\",\"status\":200,\"t\":1791350304465,\"ms\":4.8}","source":"console","time":"2026-10-07T05:18:24Z"}
{"level":"info","msg":"{\"ev\":\"req\",\"route\":\"problem_list\",\"status\":200,\"t\":1791350304568,\"ms\":6.9}","source":"console","time":"2026-10-07T05:18:24Z"}
{"level":"info","msg":"{\"ev\":\"req\",\"route\":\"problem_detail\",\"status\":200,\"t\":1791350304666,\"ms\":5.1}","source":"console","time":"2026-10-07T05:18:24Z"}
{"level":"info","msg":"{\"ev\":\"req\",\"route\":\"history\",\"status\":200,\"t\":1791350304766,\"ms\":5.1}","source":"console","time":"2026-10-07T05:18:24Z"}
{"level":"info","msg":"{\"ev\":\"req\",\"route\":\"submit\",\"status\":200,\"t\":1791350304782,\"ms\":21.1}","source":"console","time":"2026-10-07T05:18:24Z"}
{"level":"info","msg":"{\"ev\":\"accepted\",\"id\":\"267ba947-48a9-4c46-9b75-9d7aa385f5b4\",\"t\":1791350304783}","source":"console","time":"2026-10-07T05:18:24Z"}
{"level":"info","msg":"{\"ev\":\"req\",\"route\":\"problem_list\",\"status\":200,\"t\":1791350304876,\"ms\":14.8}","source":"console","time":"2026-10-07T05:18:24Z"}
{"level":"info","msg":"{\"ev\":\"req\",\"route\":\"problem_detail\",\"status\":200,\"t\":1791350304970,\"ms\":9.3}","source":"console","time":"2026-10-07T05:18:24Z"}
{"level":"info","msg":"{\"ev\":\"req\",\"route\":\"history\",\"status\":200,\"t\":1791350305077,\"ms\":16.1}","source":"console","time":"2026-10-07T05:18:25Z"}
{"level":"info","msg":"{\"ev\":\"req\",\"route\":\"problem_list\",\"status\":200,\"t\":1791350305169,\"ms\":8.1}","source":"console","time":"2026-10-07T05:18:25Z"}
{"level":"info","msg":"{\"ev\":\"req\",\"route\":\"problem_detail\",\"status\":200,\"t\":1791350305265,\"ms\":5.2}","source":"console","time":"2026-10-07T05:18:25Z"}
{"level":"info","msg":"{\"ev\":\"req\",\"route\":\"history\",\"status\":200,\"t\":1791350305366,\"ms\":4.8}","source":"console","time":"2026-10-07T05:18:25Z"}
{"level":"info","msg":"{\"ev\":\"req\",\"route\":\"problem_list\",\"status\":200,\"t\":1791350305468,\"ms\":7.7}","source":"console","time":"2026-10-07T05:18:25Z"}
{"level":"info","msg":"{\"ev\":\"req\",\"route\":\"problem_detail\",\"status\":200,\"t\":1791350305566,\"ms\":5.5}","source":"console","time":"2026-10-07T05:18:25Z"}
{"level":"info","msg":"{\"ev\":\"req\",\"route\":\"history\",\"status\":200,\"t\":1791350305670,\"ms\":9.4}","source":"console","time":"2026-10-07T05:18:25Z"}
{"level":"info","msg":"{\"ev\":\"req\",\"route\":\"problem_list\",\"status\":200,\"t\":1791350305774,\"ms\":12.9}","source":"console","time":"2026-10-07T05:18:25Z"}
{"level":"info","msg":"{\"ev\":\"req\",\"route\":\"problem_detail\",\"status\":200,\"t\":1791350305873,\"ms\":11.6}","source":"console","time":"2026-10-07T05:18:25Z"}
{"level":"info","msg":"{\"ev\":\"req\",\"route\":\"history\",\"status\":200,\"t\":1791350305967,\"ms\":6.1}","source":"console","time":"2026-10-07T05:18:25Z"}
{"level":"info","msg":"{\"ev\":\"req\",\"route\":\"problem_list\",\"status\":200,\"t\":1791350306069,\"ms\":8.4}","source":"console","time":"2026-10-07T05:18:26Z"}
{"level":"info","msg":"{\"ev\":\"req\",\"route\":\"problem_detail\",\"status\":200,\"t\":1791350306173,\"ms\":12.5}","source":"console","time":"2026-10-07T05:18:26Z"}
{"level":"info","msg":"{\"ev\":\"req\",\"route\":\"history\",\"status\":200,\"t\":1791350306266,\"ms\":5.7}","source":"console","time":"2026-10-07T05:18:26Z"}
{"level":"info","msg":"{\"ev\":\"req\",\"route\":\"problem_list\",\"status\":200,\"t\":1791350306374,\"ms\":13.1}","source":"console","time":"2026-10-07T05:18:26Z"}
{"level":"info","msg":"{\"ev\":\"req\",\"route\":\"submit\",\"status\":200,\"t\":1791350306448,\"ms\":19.5}","source":"console","time":"2026-10-07T05:18:26Z"}
{"level":"info","msg":"{\"ev\":\"accepted\",\"id\":\"ace66b42-9cb3-41cc-9aa0-ed302750dd74\",\"t\":1791350306448}","source":"console","time":"2026-10-07T05:18:26Z"}
{"level":"info","msg":"{\"ev\":\"req\",\"route\":\"problem_detail\",\"status\":200,\"t\":1791350306466,\"ms\":5.6}","source":"console","time":"2026-10-07T05:18:26Z"}
{"level":"info","msg":"{\"ev\":\"req\",\"route\":\"history\",\"status\":200,\"t\":1791350306566,\"ms\":4.7}","source":"console","time":"2026-10-07T05:18:26Z"}
{"level":"info","msg":"{\"ev\":\"req\",\"route\":\"problem_list\",\"status\":200,\"t\":1791350306666,\"ms\":5.5}","source":"console","time":"2026-10-07T05:18:26Z"}
{"level":"info","msg":"{\"ev\":\"req\",\"route\":\"problem_detail\",\"status\":200,\"t\":1791350306767,\"ms\":5.7}","source":"console","time":"2026-10-07T05:18:26Z"}
{"level":"info","msg":"{\"ev\":\"req\",\"route\":\"history\",\"status\":200,\"t\":1791350306866,\"ms\":5.2}","source":"console","time":"2026-10-07T05:18:26Z"}
{"level":"info","msg":"{\"ev\":\"req\",\"route\":\"problem_list\",\"status\":200,\"t\":1791350306968,\"ms\":7.1}","source":"console","time":"2026-10-07T05:18:26Z"}
{"level":"info","msg":"{\"ev\":\"req\",\"route\":\"problem_detail\",\"status\":200,\"t\":1791350307067,\"ms\":5.5}","source":"console","time":"2026-10-07T05:18:27Z"}
{"level":"info","msg":"{\"ev\":\"req\",\"route\":\"history\",\"status\":200,\"t\":1791350307167,\"ms\":5.5}","source":"console","time":"2026-10-07T05:18:27Z"}
{"level":"info","msg":"{\"ev\":\"req\",\"route\":\"problem_list\",\"status\":200,\"t\":1791350307272,\"ms\":11.2}","source":"console","time":"2026-10-07T05:18:27Z"}
{"level":"info","msg":"{\"ev\":\"req\",\"route\":\"problem_detail\",\"status\":200,\"t\":1791350307373,\"ms\":11.4}","source":"console","time":"2026-10-07T05:18:27Z"}
{"level":"info","msg":"{\"ev\":\"req\",\"route\":\"history\",\"status\":200,\"t\":1791350307470,\"ms\":9.3}","source":"console","time":"2026-10-07T05:18:27Z"}
{"level":"info","msg":"{\"ev\":\"req\",\"route\":\"problem_list\",\"status\":200,\"t\":1791350307572,\"ms\":11.2}","source":"console","time":"2026-10-07T05:18:27Z"}
{"level":"info","msg":"{\"ev\":\"req\",\"route\":\"problem_detail\",\"status\":200,\"t\":1791350307666,\"ms\":4.9}","source":"console","time":"2026-10-07T05:18:27Z"}
{"level":"info","msg":"{\"ev\":\"req\",\"route\":\"history\",\"status\":200,\"t\":1791350307769,\"ms\":8.2}","source":"console","time":"2026-10-07T05:18:27Z"}
{"level":"info","msg":"{\"ev\":\"req\",\"route\":\"problem_list\",\"status\":200,\"t\":1791350307869,\"ms\":8}","source":"console","time":"2026-10-07T05:18:27Z"}
{"level":"info","msg":"{\"ev\":\"req\",\"route\":\"problem_detail\",\"status\":200,\"t\":1791350307974,\"ms\":12.4}","source":"console","time":"2026-10-07T05:18:27Z"}
{"level":"info","msg":"{\"ev\":\"req\",\"route\":\"history\",\"status\":200,\"t\":1791350308067,\"ms\":6.5}","source":"console","time":"2026-10-07T05:18:28Z"}
{"level":"info","msg":"{\"ev\":\"req\",\"route\":\"submit\",\"status\":200,\"t\":1791350308123,\"ms\":29.6}","source":"console","time":"2026-10-07T05:18:28Z"}
{"level":"info","msg":"{\"ev\":\"accepted\",\"id\":\"9b082d24-8603-444b-bc12-b2f1c9e75371\",\"t\":1791350308124}","source":"console","time":"2026-10-07T05:18:28Z"}
{"level":"info","msg":"{\"ev\":\"req\",\"route\":\"problem_list\",\"status\":200,\"t\":1791350308170,\"ms\":8.8}","source":"console","time":"2026-10-07T05:18:28Z"}
{"level":"info","msg":"{\"ev\":\"req\",\"route\":\"problem_detail\",\"status\":200,\"t\":1791350308269,\"ms\":7.3}","source":"console","time":"2026-10-07T05:18:28Z"}
{"level":"info","msg":"{\"ev\":\"req\",\"route\":\"history\",\"status\":200,\"t\":1791350308366,\"ms\":5.2}","source":"console","time":"2026-10-07T05:18:28Z"}
{"level":"info","msg":"{\"ev\":\"req\",\"route\":\"problem_list\",\"status\":200,\"t\":1791350308473,\"ms\":11.5}","source":"console","time":"2026-10-07T05:18:28Z"}
{"level":"info","msg":"{\"ev\":\"req\",\"route\":\"problem_detail\",\"status\":200,\"t\":1791350308567,\"ms\":6.1}","source":"console","time":"2026-10-07T05:18:28Z"}
{"level":"info","msg":"{\"ev\":\"req\",\"route\":\"history\",\"status\":200,\"t\":1791350308666,\"ms\":5.3}","source":"console","time":"2026-10-07T05:18:28Z"}
{"level":"info","msg":"{\"ev\":\"req\",\"route\":\"problem_list\",\"status\":200,\"t\":1791350308774,\"ms\":10}","source":"console","time":"2026-10-07T05:18:28Z"}
{"level":"info","msg":"{\"ev\":\"req\",\"route\":\"problem_detail\",\"status\":200,\"t\":1791350308872,\"ms\":11.2}","source":"console","time":"2026-10-07T05:18:28Z"}
{"level":"info","msg":"{\"ev\":\"req\",\"route\":\"history\",\"status\":200,\"t\":1791350308971,\"ms\":10.9}","source":"console","time":"2026-10-07T05:18:28Z"}
{"level":"info","msg":"{\"ev\":\"req\",\"route\":\"problem_list\",\"status\":200,\"t\":1791350309073,\"ms\":11.7}","source":"console","time":"2026-10-07T05:18:29Z"}
{"level":"info","msg":"{\"ev\":\"req\",\"route\":\"problem_detail\",\"status\":200,\"t\":1791350309172,\"ms\":11}","source":"console","time":"2026-10-07T05:18:29Z"}
{"level":"info","msg":"{\"ev\":\"req\",\"route\":\"history\",\"status\":200,\"t\":1791350309269,\"ms\":8.5}","source":"console","time":"2026-10-07T05:18:29Z"}
{"level":"info","msg":"{\"ev\":\"req\",\"route\":\"problem_list\",\"status\":200,\"t\":1791350309374,\"ms\":13.2}","source":"console","time":"2026-10-07T05:18:29Z"}
{"level":"info","msg":"{\"ev\":\"req\",\"route\":\"problem_detail\",\"status\":200,\"t\":1791350309472,\"ms\":11.1}","source":"console","time":"2026-10-07T05:18:29Z"}
{"level":"info","msg":"{\"ev\":\"req\",\"route\":\"history\",\"status\":200,\"t\":1791350309571,\"ms\":9.4}","source":"console","time":"2026-10-07T05:18:29Z"}
{"level":"info","msg":"{\"ev\":\"req\",\"route\":\"problem_list\",\"status\":200,\"t\":1791350309670,\"ms\":9.7}","source":"console","time":"2026-10-07T05:18:29Z"}
{"level":"info","msg":"{\"ev\":\"req\",\"route\":\"problem_detail\",\"status\":200,\"t\":1791350309772,\"ms\":11.6}","source":"console","time":"2026-10-07T05:18:29Z"}
{"level":"info","msg":"{\"ev\":\"req\",\"route\":\"submit\",\"status\":200,\"t\":1791350309787,\"ms\":26.4}","source":"console","time":"2026-10-07T05:18:29Z"}
{"level":"info","msg":"{\"ev\":\"accepted\",\"id\":\"eb221708-966a-447d-b886-04b22e23cb08\",\"t\":1791350309787}","source":"console","time":"2026-10-07T05:18:29Z"}
{"level":"info","msg":"{\"ev\":\"req\",\"route\":\"history\",\"status\":200,\"t\":1791350309865,\"ms\":4.9}","source":"console","time":"2026-10-07T05:18:29Z"}
{"level":"info","msg":"{\"ev\":\"req\",\"route\":\"problem_list\",\"status\":200,\"t\":1791350309967,\"ms\":6.1}","source":"console","time":"2026-10-07T05:18:29Z"}
{"level":"info","msg":"{\"ev\":\"req\",\"route\":\"problem_detail\",\"status\":200,\"t\":1791350310067,\"ms\":6.5}","source":"console","time":"2026-10-07T05:18:30Z"}
{"level":"info","msg":"{\"ev\":\"req\",\"route\":\"history\",\"status\":200,\"t\":1791350310166,\"ms\":4.9}","source":"console","time":"2026-10-07T05:18:30Z"}
{"level":"info","msg":"{\"ev\":\"req\",\"route\":\"problem_list\",\"status\":200,\"t\":1791350310266,\"ms\":5.6}","source":"console","time":"2026-10-07T05:18:30Z"}
{"level":"info","msg":"{\"ev\":\"req\",\"route\":\"problem_detail\",\"status\":200,\"t\":1791350310367,\"ms\":6.4}","source":"console","time":"2026-10-07T05:18:30Z"}
{"level":"info","msg":"{\"ev\":\"req\",\"route\":\"history\",\"status\":200,\"t\":1791350310467,\"ms\":6.6}","source":"console","time":"2026-10-07T05:18:30Z"}
{"level":"info","msg":"{\"ev\":\"req\",\"route\":\"problem_list\",\"status\":200,\"t\":1791350310573,\"ms\":12.5}","source":"console","time":"2026-10-07T05:18:30Z"}
{"level":"info","msg":"{\"ev\":\"req\",\"route\":\"problem_detail\",\"status\":200,\"t\":1791350310667,\"ms\":6.3}","source":"console","time":"2026-10-07T05:18:30Z"}
{"level":"info","msg":"{\"ev\":\"req\",\"route\":\"history\",\"status\":200,\"t\":1791350310770,\"ms\":9.4}","source":"console","time":"2026-10-07T05:18:30Z"}
{"level":"info","msg":"{\"ev\":\"req\",\"route\":\"problem_list\",\"status\":200,\"t\":1791350310873,\"ms\":11.9}","source":"console","time":"2026-10-07T05:18:30Z"}
{"level":"info","msg":"{\"ev\":\"req\",\"route\":\"problem_detail\",\"status\":200,\"t\":1791350310967,\"ms\":6.3}","source":"console","time":"2026-10-07T05:18:30Z"}
{"level":"info","msg":"{\"ev\":\"req\",\"route\":\"history\",\"status\":200,\"t\":1791350311072,\"ms\":10.3}","source":"console","time":"2026-10-07T05:18:31Z"}
{"level":"info","msg":"{\"ev\":\"req\",\"route\":\"problem_list\",\"status\":200,\"t\":1791350311174,\"ms\":13.7}","source":"console","time":"2026-10-07T05:18:31Z"}
{"level":"info","msg":"{\"ev\":\"req\",\"route\":\"problem_detail\",\"status\":200,\"t\":1791350311266,\"ms\":5.4}","source":"console","time":"2026-10-07T05:18:31Z"}
{"level":"info","msg":"{\"ev\":\"req\",\"route\":\"history\",\"status\":200,\"t\":1791350311372,\"ms\":11.5}","source":"console","time":"2026-10-07T05:18:31Z"}
{"level":"info","msg":"{\"ev\":\"req\",\"route\":\"submit\",\"status\":200,\"t\":1791350311457,\"ms\":28.8}","source":"console","time":"2026-10-07T05:18:31Z"}
{"level":"info","msg":"{\"ev\":\"accepted\",\"id\":\"eec50484-3454-4892-bd69-180c070e8e8f\",\"t\":1791350311457}","source":"console","time":"2026-10-07T05:18:31Z"}
{"level":"info","msg":"{\"ev\":\"req\",\"route\":\"problem_list\",\"status\":200,\"t\":1791350311467,\"ms\":6.2}","source":"console","time":"2026-10-07T05:18:31Z"}
{"level":"info","msg":"{\"ev\":\"req\",\"route\":\"problem_detail\",\"status\":200,\"t\":1791350311569,\"ms\":7.8}","source":"console","time":"2026-10-07T05:18:31Z"}
{"level":"info","msg":"{\"ev\":\"req\",\"route\":\"history\",\"status\":200,\"t\":1791350311669,\"ms\":8}","source":"console","time":"2026-10-07T05:18:31Z"}
{"level":"info","msg":"{\"ev\":\"req\",\"route\":\"problem_list\",\"status\":200,\"t\":1791350311769,\"ms\":8.2}","source":"console","time":"2026-10-07T05:18:31Z"}
{"level":"info","msg":"{\"ev\":\"req\",\"route\":\"problem_detail\",\"status\":200,\"t\":1791350311866,\"ms\":5.7}","source":"console","time":"2026-10-07T05:18:31Z"}
{"level":"info","msg":"{\"ev\":\"req\",\"route\":\"history\",\"status\":200,\"t\":1791350311968,\"ms\":7.5}","source":"console","time":"2026-10-07T05:18:31Z"}
{"level":"info","msg":"{\"ev\":\"req\",\"route\":\"problem_list\",\"status\":200,\"t\":1791350312066,\"ms\":5.3}","source":"console","time":"2026-10-07T05:18:32Z"}
{"level":"info","msg":"{\"ev\":\"req\",\"route\":\"problem_detail\",\"status\":200,\"t\":1791350312165,\"ms\":4.4}","source":"console","time":"2026-10-07T05:18:32Z"}
{"level":"info","msg":"{\"ev\":\"req\",\"route\":\"history\",\"status\":200,\"t\":1791350312266,\"ms\":5.6}","source":"console","time":"2026-10-07T05:18:32Z"}
{"level":"info","msg":"{\"ev\":\"req\",\"route\":\"problem_list\",\"status\":200,\"t\":1791350312367,\"ms\":6}","source":"console","time":"2026-10-07T05:18:32Z"}
{"level":"info","msg":"{\"ev\":\"req\",\"route\":\"problem_detail\",\"status\":200,\"t\":1791350312471,\"ms\":10.3}","source":"console","time":"2026-10-07T05:18:32Z"}
{"level":"info","msg":"{\"ev\":\"req\",\"route\":\"history\",\"status\":200,\"t\":1791350312566,\"ms\":5.2}","source":"console","time":"2026-10-07T05:18:32Z"}
{"level":"info","msg":"{\"ev\":\"req\",\"route\":\"problem_list\",\"status\":200,\"t\":1791350312674,\"ms\":13.1}","source":"console","time":"2026-10-07T05:18:32Z"}
{"level":"info","msg":"{\"ev\":\"req\",\"route\":\"problem_detail\",\"status\":200,\"t\":1791350312773,\"ms\":11.7}","source":"console","time":"2026-10-07T05:18:32Z"}
{"level":"info","msg":"{\"ev\":\"req\",\"route\":\"history\",\"status\":200,\"t\":1791350312872,\"ms\":10.6}","source":"console","time":"2026-10-07T05:18:32Z"}
{"level":"info","msg":"{\"ev\":\"req\",\"route\":\"problem_list\",\"status\":200,\"t\":1791350312974,\"ms\":13.1}","source":"console","time":"2026-10-07T05:18:32Z"}
{"level":"info","msg":"{\"ev\":\"req\",\"route\":\"problem_detail\",\"status\":200,\"t\":1791350313074,\"ms\":12.2}","source":"console","time":"2026-10-07T05:18:33Z"}
{"level":"info","msg":"{\"ev\":\"req\",\"route\":\"submit\",\"status\":200,\"t\":1791350313113,\"ms\":18.7}","source":"console","time":"2026-10-07T05:18:33Z"}
{"level":"info","msg":"{\"ev\":\"accepted\",\"id\":\"d17d7496-245a-4911-aae5-3c2a92844f36\",\"t\":1791350313113}","source":"console","time":"2026-10-07T05:18:33Z"}
{"level":"info","msg":"{\"ev\":\"req\",\"route\":\"history\",\"status\":200,\"t\":1791350313165,\"ms\":4.3}","source":"console","time":"2026-10-07T05:18:33Z"}
{"level":"info","msg":"{\"ev\":\"req\",\"route\":\"problem_list\",\"status\":200,\"t\":1791350313266,\"ms\":5.6}","source":"console","time":"2026-10-07T05:18:33Z"}
{"level":"info","msg":"{\"ev\":\"req\",\"route\":\"problem_detail\",\"status\":200,\"t\":1791350313366,\"ms\":5.6}","source":"console","time":"2026-10-07T05:18:33Z"}
{"level":"info","msg":"{\"ev\":\"req\",\"route\":\"history\",\"status\":200,\"t\":1791350313466,\"ms\":4.6}","source":"console","time":"2026-10-07T05:18:33Z"}
{"level":"info","msg":"{\"ev\":\"req\",\"route\":\"problem_list\",\"status\":200,\"t\":1791350313567,\"ms\":6.3}","source":"console","time":"2026-10-07T05:18:33Z"}
{"level":"info","msg":"{\"ev\":\"req\",\"route\":\"problem_detail\",\"status\":200,\"t\":1791350313666,\"ms\":5.3}","source":"console","time":"2026-10-07T05:18:33Z"}
{"level":"info","msg":"{\"ev\":\"req\",\"route\":\"history\",\"status\":200,\"t\":1791350313765,\"ms\":4.5}","source":"console","time":"2026-10-07T05:18:33Z"}
{"level":"info","msg":"{\"ev\":\"req\",\"route\":\"problem_list\",\"status\":200,\"t\":1791350313871,\"ms\":10.6}","source":"console","time":"2026-10-07T05:18:33Z"}
{"level":"info","msg":"{\"ev\":\"req\",\"route\":\"problem_detail\",\"status\":200,\"t\":1791350313973,\"ms\":11.6}","source":"console","time":"2026-10-07T05:18:33Z"}
{"level":"info","msg":"{\"ev\":\"req\",\"route\":\"history\",\"status\":200,\"t\":1791350314071,\"ms\":9.7}","source":"console","time":"2026-10-07T05:18:34Z"}
{"level":"info","msg":"{\"ev\":\"req\",\"route\":\"problem_list\",\"status\":200,\"t\":1791350314171,\"ms\":10.8}","source":"console","time":"2026-10-07T05:18:34Z"}
{"level":"info","msg":"{\"ev\":\"req\",\"route\":\"problem_detail\",\"status\":200,\"t\":1791350314271,\"ms\":9.6}","source":"console","time":"2026-10-07T05:18:34Z"}
{"level":"info","msg":"{\"ev\":\"req\",\"route\":\"history\",\"status\":200,\"t\":1791350314371,\"ms\":9.6}","source":"console","time":"2026-10-07T05:18:34Z"}
{"level":"info","msg":"{\"ev\":\"req\",\"route\":\"problem_list\",\"status\":200,\"t\":1791350314473,\"ms\":12.2}","source":"console","time":"2026-10-07T05:18:34Z"}
{"level":"info","msg":"{\"ev\":\"req\",\"route\":\"problem_detail\",\"status\":200,\"t\":1791350314574,\"ms\":12.5}","source":"console","time":"2026-10-07T05:18:34Z"}
{"level":"info","msg":"{\"ev\":\"req\",\"route\":\"history\",\"status\":200,\"t\":1791350314671,\"ms\":10.4}","source":"console","time":"2026-10-07T05:18:34Z"}
{"level":"info","msg":"{\"ev\":\"req\",\"route\":\"problem_list\",\"status\":200,\"t\":1791350314776,\"ms\":14.7}","source":"console","time":"2026-10-07T05:18:34Z"}
{"level":"info","msg":"{\"ev\":\"req\",\"route\":\"submit\",\"status\":200,\"t\":1791350314791,\"ms\":29.3}","source":"console","time":"2026-10-07T05:18:34Z"}
{"level":"info","msg":"{\"ev\":\"accepted\",\"id\":\"e50de535-bbcd-4bf4-9dba-2367b2f868fa\",\"t\":1791350314791}","source":"console","time":"2026-10-07T05:18:34Z"}
{"level":"info","msg":"{\"ev\":\"req\",\"route\":\"problem_detail\",\"status\":200,\"t\":1791350314871,\"ms\":9.8}","source":"console","time":"2026-10-07T05:18:34Z"}
{"level":"info","msg":"{\"ev\":\"req\",\"route\":\"history\",\"status\":200,\"t\":1791350314968,\"ms\":6.9}","source":"console","time":"2026-10-07T05:18:34Z"}
{"level":"info","msg":"{\"ev\":\"req\",\"route\":\"problem_list\",\"status\":200,\"t\":1791350315067,\"ms\":6.3}","source":"console","time":"2026-10-07T05:18:35Z"}
{"level":"info","msg":"{\"ev\":\"req\",\"route\":\"problem_detail\",\"status\":200,\"t\":1791350315168,\"ms\":7.6}","source":"console","time":"2026-10-07T05:18:35Z"}
{"level":"info","msg":"{\"ev\":\"req\",\"route\":\"history\",\"status\":200,\"t\":1791350315266,\"ms\":4.8}","source":"console","time":"2026-10-07T05:18:35Z"}
{"level":"info","msg":"{\"ev\":\"req\",\"route\":\"problem_list\",\"status\":200,\"t\":1791350315370,\"ms\":9.3}","source":"console","time":"2026-10-07T05:18:35Z"}
{"level":"info","msg":"{\"ev\":\"req\",\"route\":\"problem_detail\",\"status\":200,\"t\":1791350315467,\"ms\":6.2}","source":"console","time":"2026-10-07T05:18:35Z"}
{"level":"info","msg":"{\"ev\":\"req\",\"route\":\"history\",\"status\":200,\"t\":1791350315566,\"ms\":5.3}","source":"console","time":"2026-10-07T05:18:35Z"}
{"level":"info","msg":"{\"ev\":\"req\",\"route\":\"problem_list\",\"status\":200,\"t\":1791350315666,\"ms\":5.2}","source":"console","time":"2026-10-07T05:18:35Z"}
{"level":"info","msg":"{\"ev\":\"req\",\"route\":\"problem_detail\",\"status\":200,\"t\":1791350315766,\"ms\":5.2}","source":"console","time":"2026-10-07T05:18:35Z"}
{"level":"info","msg":"{\"ev\":\"req\",\"route\":\"history\",\"status\":200,\"t\":1791350315866,\"ms\":5}","source":"console","time":"2026-10-07T05:18:35Z"}
{"level":"info","msg":"{\"ev\":\"req\",\"route\":\"problem_list\",\"status\":200,\"t\":1791350315969,\"ms\":8.4}","source":"console","time":"2026-10-07T05:18:35Z"}
{"level":"info","msg":"{\"ev\":\"req\",\"route\":\"problem_detail\",\"status\":200,\"t\":1791350316067,\"ms\":5.9}","source":"console","time":"2026-10-07T05:18:36Z"}
{"level":"info","msg":"{\"ev\":\"req\",\"route\":\"history\",\"status\":200,\"t\":1791350316166,\"ms\":5.8}","source":"console","time":"2026-10-07T05:18:36Z"}
{"level":"info","msg":"{\"ev\":\"req\",\"route\":\"problem_list\",\"status\":200,\"t\":1791350316270,\"ms\":9.1}","source":"console","time":"2026-10-07T05:18:36Z"}
{"level":"info","msg":"{\"ev\":\"req\",\"route\":\"problem_detail\",\"status\":200,\"t\":1791350316367,\"ms\":6.2}","source":"console","time":"2026-10-07T05:18:36Z"}
{"level":"info","msg":"{\"ev\":\"req\",\"route\":\"submit\",\"status\":200,\"t\":1791350316451,\"ms\":23.8}","source":"console","time":"2026-10-07T05:18:36Z"}
{"level":"info","msg":"{\"ev\":\"accepted\",\"id\":\"d8abdf91-5c53-4185-9ce4-883b2788d5e8\",\"t\":1791350316451}","source":"console","time":"2026-10-07T05:18:36Z"}
{"level":"info","msg":"{\"ev\":\"req\",\"route\":\"history\",\"status\":200,\"t\":1791350316465,\"ms\":4.2}","source":"console","time":"2026-10-07T05:18:36Z"}
{"level":"info","msg":"{\"ev\":\"req\",\"route\":\"problem_list\",\"status\":200,\"t\":1791350316566,\"ms\":5.3}","source":"console","time":"2026-10-07T05:18:36Z"}
{"level":"info","msg":"{\"ev\":\"req\",\"route\":\"problem_detail\",\"status\":200,\"t\":1791350316667,\"ms\":6.3}","source":"console","time":"2026-10-07T05:18:36Z"}
{"level":"info","msg":"{\"ev\":\"req\",\"route\":\"history\",\"status\":200,\"t\":1791350316773,\"ms\":12.9}","source":"console","time":"2026-10-07T05:18:36Z"}
{"level":"info","msg":"{\"ev\":\"req\",\"route\":\"problem_list\",\"status\":200,\"t\":1791350316866,\"ms\":5.5}","source":"console","time":"2026-10-07T05:18:36Z"}
{"level":"info","msg":"{\"ev\":\"req\",\"route\":\"problem_detail\",\"status\":200,\"t\":1791350316966,\"ms\":6}","source":"console","time":"2026-10-07T05:18:36Z"}
{"level":"info","msg":"{\"ev\":\"req\",\"route\":\"history\",\"status\":200,\"t\":1791350317067,\"ms\":5.5}","source":"console","time":"2026-10-07T05:18:37Z"}
{"level":"info","msg":"{\"ev\":\"req\",\"route\":\"problem_list\",\"status\":200,\"t\":1791350317166,\"ms\":5.8}","source":"console","time":"2026-10-07T05:18:37Z"}
{"level":"info","msg":"{\"ev\":\"req\",\"route\":\"problem_detail\",\"status\":200,\"t\":1791350317272,\"ms\":10.5}","source":"console","time":"2026-10-07T05:18:37Z"}
{"level":"info","msg":"{\"ev\":\"req\",\"route\":\"history\",\"status\":200,\"t\":1791350317371,\"ms\":9.7}","source":"console","time":"2026-10-07T05:18:37Z"}
{"level":"info","msg":"{\"ev\":\"req\",\"route\":\"problem_list\",\"status\":200,\"t\":1791350317481,\"ms\":19.1}","source":"console","time":"2026-10-07T05:18:37Z"}
{"level":"info","msg":"{\"ev\":\"req\",\"route\":\"problem_detail\",\"status\":200,\"t\":1791350317567,\"ms\":5.6}","source":"console","time":"2026-10-07T05:18:37Z"}
{"level":"info","msg":"{\"ev\":\"req\",\"route\":\"history\",\"status\":200,\"t\":1791350317671,\"ms\":9.7}","source":"console","time":"2026-10-07T05:18:37Z"}
{"level":"info","msg":"{\"ev\":\"req\",\"route\":\"problem_list\",\"status\":200,\"t\":1791350317773,\"ms\":11.7}","source":"console","time":"2026-10-07T05:18:37Z"}
{"level":"info","msg":"{\"ev\":\"req\",\"route\":\"problem_detail\",\"status\":200,\"t\":1791350317871,\"ms\":11}","source":"console","time":"2026-10-07T05:18:37Z"}
{"level":"info","msg":"{\"ev\":\"req\",\"route\":\"history\",\"status\":200,\"t\":1791350317970,\"ms\":9.8}","source":"console","time":"2026-10-07T05:18:37Z"}
{"level":"info","msg":"{\"ev\":\"req\",\"route\":\"problem_list\",\"status\":200,\"t\":1791350318072,\"ms\":11.5}","source":"console","time":"2026-10-07T05:18:38Z"}
{"level":"info","msg":"{\"ev\":\"req\",\"route\":\"submit\",\"status\":200,\"t\":1791350318124,\"ms\":29.5}","source":"console","time":"2026-10-07T05:18:38Z"}
{"level":"info","msg":"{\"ev\":\"accepted\",\"id\":\"8753f65e-3c05-4783-a82c-46112ad1c2bd\",\"t\":1791350318124}","source":"console","time":"2026-10-07T05:18:38Z"}
{"level":"info","msg":"{\"ev\":\"req\",\"route\":\"problem_detail\",\"status\":200,\"t\":1791350318170,\"ms\":9.2}","source":"console","time":"2026-10-07T05:18:38Z"}
{"level":"info","msg":"{\"ev\":\"req\",\"route\":\"history\",\"status\":200,\"t\":1791350318267,\"ms\":6.4}","source":"console","time":"2026-10-07T05:18:38Z"}
{"level":"info","msg":"{\"ev\":\"req\",\"route\":\"problem_list\",\"status\":200,\"t\":1791350318371,\"ms\":9.3}","source":"console","time":"2026-10-07T05:18:38Z"}
{"level":"info","msg":"{\"ev\":\"req\",\"route\":\"problem_detail\",\"status\":200,\"t\":1791350318469,\"ms\":8.5}","source":"console","time":"2026-10-07T05:18:38Z"}
{"level":"info","msg":"{\"ev\":\"req\",\"route\":\"history\",\"status\":200,\"t\":1791350318566,\"ms\":5}","source":"console","time":"2026-10-07T05:18:38Z"}
{"level":"info","msg":"{\"ev\":\"req\",\"route\":\"problem_list\",\"status\":200,\"t\":1791350318673,\"ms\":12}","source":"console","time":"2026-10-07T05:18:38Z"}
{"level":"info","msg":"{\"ev\":\"req\",\"route\":\"problem_detail\",\"status\":200,\"t\":1791350318772,\"ms\":11.8}","source":"console","time":"2026-10-07T05:18:38Z"}
{"level":"info","msg":"{\"ev\":\"req\",\"route\":\"history\",\"status\":200,\"t\":1791350318870,\"ms\":9.1}","source":"console","time":"2026-10-07T05:18:38Z"}
{"level":"info","msg":"{\"ev\":\"req\",\"route\":\"problem_list\",\"status\":200,\"t\":1791350318969,\"ms\":8.3}","source":"console","time":"2026-10-07T05:18:38Z"}
{"level":"info","msg":"{\"ev\":\"req\",\"route\":\"problem_detail\",\"status\":200,\"t\":1791350319072,\"ms\":11.5}","source":"console","time":"2026-10-07T05:18:39Z"}
{"level":"info","msg":"{\"ev\":\"req\",\"route\":\"history\",\"status\":200,\"t\":1791350319172,\"ms\":10.2}","source":"console","time":"2026-10-07T05:18:39Z"}
{"level":"info","msg":"{\"ev\":\"req\",\"route\":\"problem_list\",\"status\":200,\"t\":1791350319272,\"ms\":11.6}","source":"console","time":"2026-10-07T05:18:39Z"}
{"level":"info","msg":"{\"ev\":\"req\",\"route\":\"problem_detail\",\"status\":200,\"t\":1791350319373,\"ms\":11.9}","source":"console","time":"2026-10-07T05:18:39Z"}
{"level":"info","msg":"{\"ev\":\"req\",\"route\":\"history\",\"status\":200,\"t\":1791350319471,\"ms\":9.8}","source":"console","time":"2026-10-07T05:18:39Z"}
{"level":"info","msg":"{\"ev\":\"req\",\"route\":\"problem_list\",\"status\":200,\"t\":1791350319572,\"ms\":11.4}","source":"console","time":"2026-10-07T05:18:39Z"}
{"level":"info","msg":"{\"ev\":\"req\",\"route\":\"problem_detail\",\"status\":200,\"t\":1791350319672,\"ms\":10.7}","source":"console","time":"2026-10-07T05:18:39Z"}
{"level":"info","msg":"{\"ev\":\"req\",\"route\":\"history\",\"status\":200,\"t\":1791350319771,\"ms\":9.6}","source":"console","time":"2026-10-07T05:18:39Z"}
{"level":"info","msg":"{\"ev\":\"req\",\"route\":\"submit\",\"status\":200,\"t\":1791350319789,\"ms\":28.1}","source":"console","time":"2026-10-07T05:18:39Z"}
{"level":"info","msg":"{\"ev\":\"accepted\",\"id\":\"54b146ac-a18c-477c-96a5-77f1a2100a6f\",\"t\":1791350319789}","source":"console","time":"2026-10-07T05:18:39Z"}
{"level":"info","msg":"{\"ev\":\"req\",\"route\":\"problem_list\",\"status\":200,\"t\":1791350319866,\"ms\":5.1}","source":"console","time":"2026-10-07T05:18:39Z"}
{"level":"info","msg":"{\"ev\":\"req\",\"route\":\"problem_detail\",\"status\":200,\"t\":1791350319966,\"ms\":5.5}","source":"console","time":"2026-10-07T05:18:39Z"}
{"level":"info","msg":"{\"ev\":\"req\",\"route\":\"history\",\"status\":200,\"t\":1791350320066,\"ms\":5.1}","source":"console","time":"2026-10-07T05:18:40Z"}
{"level":"info","msg":"{\"ev\":\"req\",\"route\":\"problem_list\",\"status\":200,\"t\":1791350320166,\"ms\":5.6}","source":"console","time":"2026-10-07T05:18:40Z"}
{"level":"info","msg":"{\"ev\":\"req\",\"route\":\"problem_detail\",\"status\":200,\"t\":1791350320266,\"ms\":5.2}","source":"console","time":"2026-10-07T05:18:40Z"}
{"level":"info","msg":"{\"ev\":\"req\",\"route\":\"history\",\"status\":200,\"t\":1791350320366,\"ms\":5.5}","source":"console","time":"2026-10-07T05:18:40Z"}
{"level":"info","msg":"{\"ev\":\"req\",\"route\":\"problem_list\",\"status\":200,\"t\":1791350320467,\"ms\":5.8}","source":"console","time":"2026-10-07T05:18:40Z"}
{"level":"info","msg":"{\"ev\":\"req\",\"route\":\"problem_detail\",\"status\":200,\"t\":1791350320566,\"ms\":5.1}","source":"console","time":"2026-10-07T05:18:40Z"}
{"level":"info","msg":"{\"ev\":\"req\",\"route\":\"history\",\"status\":200,\"t\":1791350320671,\"ms\":10}","source":"console","time":"2026-10-07T05:18:40Z"}
{"level":"info","msg":"{\"ev\":\"req\",\"route\":\"problem_list\",\"status\":200,\"t\":1791350320772,\"ms\":11.3}","source":"console","time":"2026-10-07T05:18:40Z"}
{"level":"info","msg":"{\"ev\":\"req\",\"route\":\"problem_detail\",\"status\":200,\"t\":1791350320870,\"ms\":9.2}","source":"console","time":"2026-10-07T05:18:40Z"}
{"level":"info","msg":"{\"ev\":\"req\",\"route\":\"history\",\"status\":200,\"t\":1791350320983,\"ms\":22.2}","source":"console","time":"2026-10-07T05:18:40Z"}
{"level":"info","msg":"{\"ev\":\"req\",\"route\":\"problem_list\",\"status\":200,\"t\":1791350321074,\"ms\":12.6}","source":"console","time":"2026-10-07T05:18:41Z"}
{"level":"info","msg":"{\"ev\":\"req\",\"route\":\"problem_detail\",\"status\":200,\"t\":1791350321166,\"ms\":5}","source":"console","time":"2026-10-07T05:18:41Z"}
{"level":"info","msg":"{\"ev\":\"req\",\"route\":\"history\",\"status\":200,\"t\":1791350321272,\"ms\":10.6}","source":"console","time":"2026-10-07T05:18:41Z"}
{"level":"info","msg":"{\"ev\":\"req\",\"route\":\"problem_list\",\"status\":200,\"t\":1791350321373,\"ms\":12}","source":"console","time":"2026-10-07T05:18:41Z"}
{"level":"info","msg":"{\"ev\":\"req\",\"route\":\"submit\",\"status\":200,\"t\":1791350321457,\"ms\":29.4}","source":"console","time":"2026-10-07T05:18:41Z"}
{"level":"info","msg":"{\"ev\":\"accepted\",\"id\":\"278593e0-6a75-45c9-97b6-0e28c132619b\",\"t\":1791350321458}","source":"console","time":"2026-10-07T05:18:41Z"}
{"level":"info","msg":"{\"ev\":\"req\",\"route\":\"problem_detail\",\"status\":200,\"t\":1791350321466,\"ms\":5}","source":"console","time":"2026-10-07T05:18:41Z"}
{"level":"info","msg":"{\"ev\":\"req\",\"route\":\"history\",\"status\":200,\"t\":1791350321568,\"ms\":6.9}","source":"console","time":"2026-10-07T05:18:41Z"}
{"level":"info","msg":"{\"ev\":\"req\",\"route\":\"problem_list\",\"status\":200,\"t\":1791350321666,\"ms\":5.7}","source":"console","time":"2026-10-07T05:18:41Z"}
{"level":"info","msg":"{\"ev\":\"req\",\"route\":\"problem_detail\",\"status\":200,\"t\":1791350321768,\"ms\":7.2}","source":"console","time":"2026-10-07T05:18:41Z"}
{"level":"info","msg":"{\"ev\":\"req\",\"route\":\"history\",\"status\":200,\"t\":1791350321866,\"ms\":5.1}","source":"console","time":"2026-10-07T05:18:41Z"}
{"level":"info","msg":"{\"ev\":\"req\",\"route\":\"problem_list\",\"status\":200,\"t\":1791350321968,\"ms\":6.6}","source":"console","time":"2026-10-07T05:18:41Z"}
{"level":"info","msg":"{\"ev\":\"req\",\"route\":\"problem_detail\",\"status\":200,\"t\":1791350322071,\"ms\":11}","source":"console","time":"2026-10-07T05:18:42Z"}
{"level":"info","msg":"{\"ev\":\"req\",\"route\":\"history\",\"status\":200,\"t\":1791350322165,\"ms\":5.1}","source":"console","time":"2026-10-07T05:18:42Z"}
{"level":"info","msg":"{\"ev\":\"req\",\"route\":\"problem_list\",\"status\":200,\"t\":1791350322266,\"ms\":6.1}","source":"console","time":"2026-10-07T05:18:42Z"}
{"level":"info","msg":"{\"ev\":\"req\",\"route\":\"problem_detail\",\"status\":200,\"t\":1791350322373,\"ms\":12}","source":"console","time":"2026-10-07T05:18:42Z"}
{"level":"info","msg":"{\"ev\":\"req\",\"route\":\"history\",\"status\":200,\"t\":1791350322471,\"ms\":9.9}","source":"console","time":"2026-10-07T05:18:42Z"}
{"level":"info","msg":"{\"ev\":\"req\",\"route\":\"problem_list\",\"status\":200,\"t\":1791350322573,\"ms\":11.6}","source":"console","time":"2026-10-07T05:18:42Z"}
{"level":"info","msg":"{\"ev\":\"req\",\"route\":\"problem_detail\",\"status\":200,\"t\":1791350322666,\"ms\":5.2}","source":"console","time":"2026-10-07T05:18:42Z"}
{"level":"info","msg":"{\"ev\":\"req\",\"route\":\"history\",\"status\":200,\"t\":1791350322770,\"ms\":9.2}","source":"console","time":"2026-10-07T05:18:42Z"}
{"level":"info","msg":"{\"ev\":\"req\",\"route\":\"problem_list\",\"status\":200,\"t\":1791350322867,\"ms\":6.4}","source":"console","time":"2026-10-07T05:18:42Z"}
{"level":"info","msg":"{\"ev\":\"req\",\"route\":\"problem_detail\",\"status\":200,\"t\":1791350322973,\"ms\":11.8}","source":"console","time":"2026-10-07T05:18:42Z"}
{"level":"info","msg":"{\"ev\":\"req\",\"route\":\"history\",\"status\":200,\"t\":1791350323071,\"ms\":10.1}","source":"console","time":"2026-10-07T05:18:43Z"}
{"level":"info","msg":"{\"ev\":\"req\",\"route\":\"submit\",\"status\":200,\"t\":1791350323124,\"ms\":30.5}","source":"console","time":"2026-10-07T05:18:43Z"}
{"level":"info","msg":"{\"ev\":\"accepted\",\"id\":\"41492ea8-533e-42c9-8221-0680f680db43\",\"t\":1791350323125}","source":"console","time":"2026-10-07T05:18:43Z"}
{"level":"info","msg":"{\"ev\":\"req\",\"route\":\"problem_list\",\"status\":200,\"t\":1791350323166,\"ms\":5.1}","source":"console","time":"2026-10-07T05:18:43Z"}
{"level":"info","msg":"{\"ev\":\"req\",\"route\":\"problem_detail\",\"status\":200,\"t\":1791350323266,\"ms\":5.4}","source":"console","time":"2026-10-07T05:18:43Z"}
{"level":"info","msg":"{\"ev\":\"req\",\"route\":\"history\",\"status\":200,\"t\":1791350323366,\"ms\":5.3}","source":"console","time":"2026-10-07T05:18:43Z"}
{"level":"info","msg":"{\"ev\":\"req\",\"route\":\"problem_list\",\"status\":200,\"t\":1791350323466,\"ms\":5.4}","source":"console","time":"2026-10-07T05:18:43Z"}
{"level":"info","msg":"{\"ev\":\"req\",\"route\":\"problem_detail\",\"status\":200,\"t\":1791350323565,\"ms\":5.3}","source":"console","time":"2026-10-07T05:18:43Z"}
{"level":"info","msg":"{\"ev\":\"req\",\"route\":\"history\",\"status\":200,\"t\":1791350323666,\"ms\":4.9}","source":"console","time":"2026-10-07T05:18:43Z"}
{"level":"info","msg":"{\"ev\":\"req\",\"route\":\"problem_list\",\"status\":200,\"t\":1791350323774,\"ms\":12.7}","source":"console","time":"2026-10-07T05:18:43Z"}
{"level":"info","msg":"{\"ev\":\"req\",\"route\":\"problem_detail\",\"status\":200,\"t\":1791350323871,\"ms\":10.3}","source":"console","time":"2026-10-07T05:18:43Z"}
{"level":"info","msg":"{\"ev\":\"req\",\"route\":\"history\",\"status\":200,\"t\":1791350323969,\"ms\":8.6}","source":"console","time":"2026-10-07T05:18:43Z"}
{"level":"info","msg":"{\"ev\":\"req\",\"route\":\"problem_list\",\"status\":200,\"t\":1791350324073,\"ms\":11.5}","source":"console","time":"2026-10-07T05:18:44Z"}
{"level":"info","msg":"{\"ev\":\"req\",\"route\":\"problem_detail\",\"status\":200,\"t\":1791350324171,\"ms\":10.6}","source":"console","time":"2026-10-07T05:18:44Z"}
{"level":"info","msg":"{\"ev\":\"req\",\"route\":\"history\",\"status\":200,\"t\":1791350324270,\"ms\":9.7}","source":"console","time":"2026-10-07T05:18:44Z"}
{"level":"info","msg":"{\"ev\":\"req\",\"route\":\"problem_list\",\"status\":200,\"t\":1791350324373,\"ms\":11.6}","source":"console","time":"2026-10-07T05:18:44Z"}
{"level":"info","msg":"{\"ev\":\"req\",\"route\":\"problem_detail\",\"status\":200,\"t\":1791350324467,\"ms\":6.3}","source":"console","time":"2026-10-07T05:18:44Z"}
{"level":"info","msg":"{\"ev\":\"req\",\"route\":\"history\",\"status\":200,\"t\":1791350324571,\"ms\":9.9}","source":"console","time":"2026-10-07T05:18:44Z"}
{"level":"info","msg":"{\"ev\":\"req\",\"route\":\"problem_list\",\"status\":200,\"t\":1791350324669,\"ms\":8.2}","source":"console","time":"2026-10-07T05:18:44Z"}
{"level":"info","msg":"{\"ev\":\"req\",\"route\":\"problem_detail\",\"status\":200,\"t\":1791350324773,\"ms\":11.4}","source":"console","time":"2026-10-07T05:18:44Z"}
{"level":"info","msg":"{\"ev\":\"req\",\"route\":\"submit\",\"status\":200,\"t\":1791350324791,\"ms\":29.9}","source":"console","time":"2026-10-07T05:18:44Z"}
{"level":"info","msg":"{\"ev\":\"accepted\",\"id\":\"9b63a1ba-db1d-4047-9659-499c9b76470a\",\"t\":1791350324791}","source":"console","time":"2026-10-07T05:18:44Z"}
{"level":"info","msg":"{\"ev\":\"req\",\"route\":\"history\",\"status\":200,\"t\":1791350324867,\"ms\":6.3}","source":"console","time":"2026-10-07T05:18:44Z"}
{"level":"info","msg":"{\"ev\":\"req\",\"route\":\"problem_list\",\"status\":200,\"t\":1791350324970,\"ms\":9.6}","source":"console","time":"2026-10-07T05:18:44Z"}
{"level":"info","msg":"{\"ev\":\"req\",\"route\":\"problem_detail\",\"status\":200,\"t\":1791350325068,\"ms\":6.6}","source":"console","time":"2026-10-07T05:18:45Z"}
{"level":"info","msg":"{\"ev\":\"req\",\"route\":\"history\",\"status\":200,\"t\":1791350325167,\"ms\":5.3}","source":"console","time":"2026-10-07T05:18:45Z"}
{"level":"info","msg":"{\"ev\":\"req\",\"route\":\"problem_list\",\"status\":200,\"t\":1791350325267,\"ms\":6.4}","source":"console","time":"2026-10-07T05:18:45Z"}
{"level":"info","msg":"{\"ev\":\"req\",\"route\":\"problem_detail\",\"status\":200,\"t\":1791350325366,\"ms\":4.8}","source":"console","time":"2026-10-07T05:18:45Z"}
{"level":"info","msg":"{\"ev\":\"req\",\"route\":\"history\",\"status\":200,\"t\":1791350325465,\"ms\":4.5}","source":"console","time":"2026-10-07T05:18:45Z"}
{"level":"info","msg":"{\"ev\":\"req\",\"route\":\"problem_list\",\"status\":200,\"t\":1791350325574,\"ms\":13.5}","source":"console","time":"2026-10-07T05:18:45Z"}
{"level":"info","msg":"{\"ev\":\"req\",\"route\":\"problem_detail\",\"status\":200,\"t\":1791350325666,\"ms\":5.1}","source":"console","time":"2026-10-07T05:18:45Z"}
{"level":"info","msg":"{\"ev\":\"req\",\"route\":\"history\",\"status\":200,\"t\":1791350325772,\"ms\":10.7}","source":"console","time":"2026-10-07T05:18:45Z"}
{"level":"info","msg":"{\"ev\":\"req\",\"route\":\"problem_list\",\"status\":200,\"t\":1791350325873,\"ms\":11.6}","source":"console","time":"2026-10-07T05:18:45Z"}
{"level":"info","msg":"{\"ev\":\"req\",\"route\":\"problem_detail\",\"status\":200,\"t\":1791350325965,\"ms\":4.4}","source":"console","time":"2026-10-07T05:18:45Z"}
{"level":"info","msg":"{\"ev\":\"req\",\"route\":\"history\",\"status\":200,\"t\":1791350326071,\"ms\":9.9}","source":"console","time":"2026-10-07T05:18:46Z"}
{"level":"info","msg":"{\"ev\":\"req\",\"route\":\"problem_list\",\"status\":200,\"t\":1791350326174,\"ms\":12.8}","source":"console","time":"2026-10-07T05:18:46Z"}
{"level":"info","msg":"{\"ev\":\"req\",\"route\":\"problem_detail\",\"status\":200,\"t\":1791350326272,\"ms\":10.6}","source":"console","time":"2026-10-07T05:18:46Z"}
{"level":"info","msg":"{\"ev\":\"req\",\"route\":\"history\",\"status\":200,\"t\":1791350326366,\"ms\":5.8}","source":"console","time":"2026-10-07T05:18:46Z"}
{"level":"info","msg":"{\"ev\":\"req\",\"route\":\"submit\",\"status\":200,\"t\":1791350326459,\"ms\":31.2}","source":"console","time":"2026-10-07T05:18:46Z"}
{"level":"info","msg":"{\"ev\":\"accepted\",\"id\":\"24b5d5e3-46a9-404c-8c8d-55f3fabbff71\",\"t\":1791350326459}","source":"console","time":"2026-10-07T05:18:46Z"}
{"level":"info","msg":"{\"ev\":\"req\",\"route\":\"problem_list\",\"status\":200,\"t\":1791350326467,\"ms\":6.6}","source":"console","time":"2026-10-07T05:18:46Z"}
{"level":"info","msg":"{\"ev\":\"req\",\"route\":\"problem_detail\",\"status\":200,\"t\":1791350326567,\"ms\":5.6}","source":"console","time":"2026-10-07T05:18:46Z"}
{"level":"info","msg":"{\"ev\":\"req\",\"route\":\"history\",\"status\":200,\"t\":1791350326666,\"ms\":5.3}","source":"console","time":"2026-10-07T05:18:46Z"}
{"level":"info","msg":"{\"ev\":\"req\",\"route\":\"problem_list\",\"status\":200,\"t\":1791350326767,\"ms\":6.9}","source":"console","time":"2026-10-07T05:18:46Z"}
{"level":"info","msg":"{\"ev\":\"req\",\"route\":\"problem_detail\",\"status\":200,\"t\":1791350326867,\"ms\":6.2}","source":"console","time":"2026-10-07T05:18:46Z"}
{"level":"info","msg":"{\"ev\":\"req\",\"route\":\"history\",\"status\":200,\"t\":1791350326967,\"ms\":5.6}","source":"console","time":"2026-10-07T05:18:46Z"}
{"level":"info","msg":"{\"ev\":\"req\",\"route\":\"problem_list\",\"status\":200,\"t\":1791350327067,\"ms\":6.3}","source":"console","time":"2026-10-07T05:18:47Z"}
{"level":"info","msg":"{\"ev\":\"req\",\"route\":\"problem_detail\",\"status\":200,\"t\":1791350327168,\"ms\":6.8}","source":"console","time":"2026-10-07T05:18:47Z"}
{"level":"info","msg":"{\"ev\":\"req\",\"route\":\"history\",\"status\":200,\"t\":1791350327267,\"ms\":6.4}","source":"console","time":"2026-10-07T05:18:47Z"}
{"level":"info","msg":"{\"ev\":\"req\",\"route\":\"problem_list\",\"status\":200,\"t\":1791350327373,\"ms\":11.7}","source":"console","time":"2026-10-07T05:18:47Z"}
{"level":"info","msg":"{\"ev\":\"req\",\"route\":\"problem_detail\",\"status\":200,\"t\":1791350327473,\"ms\":12.3}","source":"console","time":"2026-10-07T05:18:47Z"}
{"level":"info","msg":"{\"ev\":\"req\",\"route\":\"history\",\"status\":200,\"t\":1791350327570,\"ms\":9.6}","source":"console","time":"2026-10-07T05:18:47Z"}
{"level":"info","msg":"{\"ev\":\"req\",\"route\":\"problem_list\",\"status\":200,\"t\":1791350327666,\"ms\":5.5}","source":"console","time":"2026-10-07T05:18:47Z"}
{"level":"info","msg":"{\"ev\":\"req\",\"route\":\"problem_detail\",\"status\":200,\"t\":1791350327766,\"ms\":5}","source":"console","time":"2026-10-07T05:18:47Z"}
{"level":"info","msg":"{\"ev\":\"req\",\"route\":\"history\",\"status\":200,\"t\":1791350327871,\"ms\":10.4}","source":"console","time":"2026-10-07T05:18:47Z"}
{"level":"info","msg":"{\"ev\":\"req\",\"route\":\"problem_list\",\"status\":200,\"t\":1791350327973,\"ms\":12.1}","source":"console","time":"2026-10-07T05:18:47Z"}
{"level":"info","msg":"{\"ev\":\"req\",\"route\":\"problem_detail\",\"status\":200,\"t\":1791350328071,\"ms\":10}","source":"console","time":"2026-10-07T05:18:48Z"}
{"level":"info","msg":"{\"ev\":\"req\",\"route\":\"submit\",\"status\":200,\"t\":1791350328126,\"ms\":31.5}","source":"console","time":"2026-10-07T05:18:48Z"}
{"level":"info","msg":"{\"ev\":\"accepted\",\"id\":\"8576280e-ddb9-4886-903d-14d1e16e9ed8\",\"t\":1791350328126}","source":"console","time":"2026-10-07T05:18:48Z"}
{"level":"info","msg":"{\"ev\":\"req\",\"route\":\"history\",\"status\":200,\"t\":1791350328166,\"ms\":5.1}","source":"console","time":"2026-10-07T05:18:48Z"}
{"level":"info","msg":"{\"ev\":\"req\",\"route\":\"problem_list\",\"status\":200,\"t\":1791350328269,\"ms\":7.7}","source":"console","time":"2026-10-07T05:18:48Z"}
{"level":"info","msg":"{\"ev\":\"req\",\"route\":\"problem_detail\",\"status\":200,\"t\":1791350328371,\"ms\":10.7}","source":"console","time":"2026-10-07T05:18:48Z"}
{"level":"info","msg":"{\"ev\":\"req\",\"route\":\"history\",\"status\":200,\"t\":1791350328469,\"ms\":8.4}","source":"console","time":"2026-10-07T05:18:48Z"}
{"level":"info","msg":"{\"ev\":\"req\",\"route\":\"problem_list\",\"status\":200,\"t\":1791350328568,\"ms\":7.1}","source":"console","time":"2026-10-07T05:18:48Z"}
{"level":"info","msg":"{\"ev\":\"req\",\"route\":\"problem_detail\",\"status\":200,\"t\":1791350328666,\"ms\":4.6}","source":"console","time":"2026-10-07T05:18:48Z"}
{"level":"info","msg":"{\"ev\":\"req\",\"route\":\"history\",\"status\":200,\"t\":1791350328765,\"ms\":4.4}","source":"console","time":"2026-10-07T05:18:48Z"}
{"level":"info","msg":"{\"ev\":\"req\",\"route\":\"problem_list\",\"status\":200,\"t\":1791350328872,\"ms\":11.6}","source":"console","time":"2026-10-07T05:18:48Z"}
{"level":"info","msg":"{\"ev\":\"req\",\"route\":\"problem_detail\",\"status\":200,\"t\":1791350328967,\"ms\":6.3}","source":"console","time":"2026-10-07T05:18:48Z"}
{"level":"info","msg":"{\"ev\":\"req\",\"route\":\"history\",\"status\":200,\"t\":1791350329071,\"ms\":9.3}","source":"console","time":"2026-10-07T05:18:49Z"}
{"level":"info","msg":"{\"ev\":\"req\",\"route\":\"problem_list\",\"status\":200,\"t\":1791350329171,\"ms\":10.8}","source":"console","time":"2026-10-07T05:18:49Z"}
{"level":"info","msg":"{\"ev\":\"req\",\"route\":\"problem_detail\",\"status\":200,\"t\":1791350329271,\"ms\":10}","source":"console","time":"2026-10-07T05:18:49Z"}
{"level":"info","msg":"{\"ev\":\"req\",\"route\":\"history\",\"status\":200,\"t\":1791350329371,\"ms\":9.4}","source":"console","time":"2026-10-07T05:18:49Z"}
{"level":"info","msg":"{\"ev\":\"req\",\"route\":\"problem_list\",\"status\":200,\"t\":1791350329473,\"ms\":12.2}","source":"console","time":"2026-10-07T05:18:49Z"}
{"level":"info","msg":"{\"ev\":\"req\",\"route\":\"problem_detail\",\"status\":200,\"t\":1791350329573,\"ms\":11.8}","source":"console","time":"2026-10-07T05:18:49Z"}
{"level":"info","msg":"{\"ev\":\"req\",\"route\":\"history\",\"status\":200,\"t\":1791350329671,\"ms\":9.9}","source":"console","time":"2026-10-07T05:18:49Z"}
{"level":"info","msg":"{\"ev\":\"req\",\"route\":\"problem_list\",\"status\":200,\"t\":1791350329767,\"ms\":6}","source":"console","time":"2026-10-07T05:18:49Z"}
{"level":"info","msg":"{\"ev\":\"req\",\"route\":\"submit\",\"status\":200,\"t\":1791350329776,\"ms\":15.2}","source":"console","time":"2026-10-07T05:18:49Z"}
{"level":"info","msg":"{\"ev\":\"accepted\",\"id\":\"bd7ebce4-6426-4df1-bdf4-85ea08034ec6\",\"t\":1791350329776}","source":"console","time":"2026-10-07T05:18:49Z"}
{"level":"info","msg":"{\"ev\":\"req\",\"route\":\"problem_detail\",\"status\":200,\"t\":1791350329866,\"ms\":5.1}","source":"console","time":"2026-10-07T05:18:49Z"}
{"level":"info","msg":"{\"ev\":\"req\",\"route\":\"history\",\"status\":200,\"t\":1791350329966,\"ms\":4.9}","source":"console","time":"2026-10-07T05:18:49Z"}
{"level":"info","msg":"{\"ev\":\"req\",\"route\":\"problem_list\",\"status\":200,\"t\":1791350330066,\"ms\":5.5}","source":"console","time":"2026-10-07T05:18:50Z"}
{"level":"info","msg":"{\"ev\":\"req\",\"route\":\"problem_detail\",\"status\":200,\"t\":1791350330166,\"ms\":5}","source":"console","time":"2026-10-07T05:18:50Z"}
{"level":"info","msg":"{\"ev\":\"req\",\"route\":\"history\",\"status\":200,\"t\":1791350330265,\"ms\":4.7}","source":"console","time":"2026-10-07T05:18:50Z"}
{"level":"info","msg":"{\"ev\":\"req\",\"route\":\"problem_list\",\"status\":200,\"t\":1791350330367,\"ms\":5.9}","source":"console","time":"2026-10-07T05:18:50Z"}
{"level":"info","msg":"{\"ev\":\"req\",\"route\":\"problem_detail\",\"status\":200,\"t\":1791350330465,\"ms\":4.3}","source":"console","time":"2026-10-07T05:18:50Z"}
{"level":"info","msg":"{\"ev\":\"req\",\"route\":\"history\",\"status\":200,\"t\":1791350330566,\"ms\":4.7}","source":"console","time":"2026-10-07T05:18:50Z"}
{"level":"info","msg":"{\"ev\":\"req\",\"route\":\"problem_list\",\"status\":200,\"t\":1791350330673,\"ms\":12}","source":"console","time":"2026-10-07T05:18:50Z"}
{"level":"info","msg":"{\"ev\":\"req\",\"route\":\"problem_detail\",\"status\":200,\"t\":1791350330771,\"ms\":10.6}","source":"console","time":"2026-10-07T05:18:50Z"}
{"level":"info","msg":"{\"ev\":\"req\",\"route\":\"history\",\"status\":200,\"t\":1791350330871,\"ms\":10}","source":"console","time":"2026-10-07T05:18:50Z"}
{"level":"info","msg":"{\"ev\":\"req\",\"route\":\"problem_list\",\"status\":200,\"t\":1791350330966,\"ms\":5.8}","source":"console","time":"2026-10-07T05:18:50Z"}
{"level":"info","msg":"{\"ev\":\"req\",\"route\":\"problem_detail\",\"status\":200,\"t\":1791350331070,\"ms\":10.1}","source":"console","time":"2026-10-07T05:18:51Z"}
{"level":"info","msg":"{\"ev\":\"req\",\"route\":\"history\",\"status\":200,\"t\":1791350331170,\"ms\":8.8}","source":"console","time":"2026-10-07T05:18:51Z"}
{"level":"info","msg":"{\"ev\":\"req\",\"route\":\"problem_list\",\"status\":200,\"t\":1791350331272,\"ms\":10.3}","source":"console","time":"2026-10-07T05:18:51Z"}
{"level":"info","msg":"{\"ev\":\"req\",\"route\":\"problem_detail\",\"status\":200,\"t\":1791350331372,\"ms\":11.7}","source":"console","time":"2026-10-07T05:18:51Z"}
{"level":"info","msg":"{\"ev\":\"req\",\"route\":\"submit\",\"status\":200,\"t\":1791350331447,\"ms\":19}","source":"console","time":"2026-10-07T05:18:51Z"}
{"level":"info","msg":"{\"ev\":\"accepted\",\"id\":\"a4e3cdb0-2b06-4789-ad6c-9a563c43222f\",\"t\":1791350331447}","source":"console","time":"2026-10-07T05:18:51Z"}
{"level":"info","msg":"{\"ev\":\"req\",\"route\":\"history\",\"status\":200,\"t\":1791350331466,\"ms\":4.8}","source":"console","time":"2026-10-07T05:18:51Z"}
{"level":"info","msg":"{\"ev\":\"req\",\"route\":\"problem_list\",\"status\":200,\"t\":1791350331569,\"ms\":7.9}","source":"console","time":"2026-10-07T05:18:51Z"}
{"level":"info","msg":"{\"ev\":\"req\",\"route\":\"problem_detail\",\"status\":200,\"t\":1791350331669,\"ms\":7.9}","source":"console","time":"2026-10-07T05:18:51Z"}
{"level":"info","msg":"{\"ev\":\"req\",\"route\":\"history\",\"status\":200,\"t\":1791350331768,\"ms\":6.8}","source":"console","time":"2026-10-07T05:18:51Z"}
{"level":"info","msg":"{\"ev\":\"req\",\"route\":\"problem_list\",\"status\":200,\"t\":1791350331868,\"ms\":6.8}","source":"console","time":"2026-10-07T05:18:51Z"}
{"level":"info","msg":"{\"ev\":\"req\",\"route\":\"problem_detail\",\"status\":200,\"t\":1791350331969,\"ms\":7.7}","source":"console","time":"2026-10-07T05:18:51Z"}
{"level":"info","msg":"{\"ev\":\"req\",\"route\":\"history\",\"status\":200,\"t\":1791350332066,\"ms\":5.4}","source":"console","time":"2026-10-07T05:18:52Z"}
{"level":"info","msg":"{\"ev\":\"req\",\"route\":\"problem_list\",\"status\":200,\"t\":1791350332173,\"ms\":12}","source":"console","time":"2026-10-07T05:18:52Z"}
{"level":"info","msg":"{\"ev\":\"req\",\"route\":\"problem_detail\",\"status\":200,\"t\":1791350332272,\"ms\":10.9}","source":"console","time":"2026-10-07T05:18:52Z"}
{"level":"info","msg":"{\"ev\":\"req\",\"route\":\"history\",\"status\":200,\"t\":1791350332372,\"ms\":11.3}","source":"console","time":"2026-10-07T05:18:52Z"}
{"level":"info","msg":"{\"ev\":\"req\",\"route\":\"problem_list\",\"status\":200,\"t\":1791350332472,\"ms\":11.6}","source":"console","time":"2026-10-07T05:18:52Z"}
{"level":"info","msg":"{\"ev\":\"req\",\"route\":\"problem_detail\",\"status\":200,\"t\":1791350332571,\"ms\":9.9}","source":"console","time":"2026-10-07T05:18:52Z"}
{"level":"info","msg":"{\"ev\":\"req\",\"route\":\"history\",\"status\":200,\"t\":1791350332671,\"ms\":10.2}","source":"console","time":"2026-10-07T05:18:52Z"}
{"level":"info","msg":"{\"ev\":\"req\",\"route\":\"problem_list\",\"status\":200,\"t\":1791350332772,\"ms\":11.3}","source":"console","time":"2026-10-07T05:18:52Z"}
{"level":"info","msg":"{\"ev\":\"req\",\"route\":\"problem_detail\",\"status\":200,\"t\":1791350332871,\"ms\":9.9}","source":"console","time":"2026-10-07T05:18:52Z"}
{"level":"info","msg":"{\"ev\":\"req\",\"route\":\"history\",\"status\":200,\"t\":1791350332970,\"ms\":9.3}","source":"console","time":"2026-10-07T05:18:52Z"}
{"level":"info","msg":"{\"ev\":\"req\",\"route\":\"problem_list\",\"status\":200,\"t\":1791350333071,\"ms\":10.5}","source":"console","time":"2026-10-07T05:18:53Z"}
{"level":"info","msg":"{\"ev\":\"req\",\"route\":\"submit\",\"status\":200,\"t\":1791350333122,\"ms\":27.5}","source":"console","time":"2026-10-07T05:18:53Z"}
{"level":"info","msg":"{\"ev\":\"accepted\",\"id\":\"7a355bb6-8ecc-4e38-bc93-a9765442908d\",\"t\":1791350333122}","source":"console","time":"2026-10-07T05:18:53Z"}
{"level":"info","msg":"{\"ev\":\"req\",\"route\":\"problem_detail\",\"status\":200,\"t\":1791350333166,\"ms\":5.4}","source":"console","time":"2026-10-07T05:18:53Z"}
{"level":"info","msg":"{\"ev\":\"req\",\"route\":\"history\",\"status\":200,\"t\":1791350333266,\"ms\":5.5}","source":"console","time":"2026-10-07T05:18:53Z"}
{"level":"info","msg":"{\"ev\":\"req\",\"route\":\"problem_list\",\"status\":200,\"t\":1791350333367,\"ms\":5.7}","source":"console","time":"2026-10-07T05:18:53Z"}
{"level":"info","msg":"{\"ev\":\"req\",\"route\":\"problem_detail\",\"status\":200,\"t\":1791350333466,\"ms\":5.3}","source":"console","time":"2026-10-07T05:18:53Z"}
{"level":"info","msg":"{\"ev\":\"req\",\"route\":\"history\",\"status\":200,\"t\":1791350333565,\"ms\":4.7}","source":"console","time":"2026-10-07T05:18:53Z"}
{"level":"info","msg":"{\"ev\":\"req\",\"route\":\"problem_list\",\"status\":200,\"t\":1791350333667,\"ms\":5.6}","source":"console","time":"2026-10-07T05:18:53Z"}
{"level":"info","msg":"{\"ev\":\"req\",\"route\":\"problem_detail\",\"status\":200,\"t\":1791350333766,\"ms\":5.4}","source":"console","time":"2026-10-07T05:18:53Z"}
{"level":"info","msg":"{\"ev\":\"req\",\"route\":\"history\",\"status\":200,\"t\":1791350333875,\"ms\":13.2}","source":"console","time":"2026-10-07T05:18:53Z"}
{"level":"info","msg":"{\"ev\":\"req\",\"route\":\"problem_list\",\"status\":200,\"t\":1791350333969,\"ms\":7.9}","source":"console","time":"2026-10-07T05:18:53Z"}
{"level":"info","msg":"{\"ev\":\"req\",\"route\":\"problem_detail\",\"status\":200,\"t\":1791350334072,\"ms\":11.2}","source":"console","time":"2026-10-07T05:18:54Z"}
{"level":"info","msg":"{\"ev\":\"req\",\"route\":\"history\",\"status\":200,\"t\":1791350334172,\"ms\":10.8}","source":"console","time":"2026-10-07T05:18:54Z"}
{"level":"info","msg":"{\"ev\":\"req\",\"route\":\"problem_list\",\"status\":200,\"t\":1791350334273,\"ms\":12.4}","source":"console","time":"2026-10-07T05:18:54Z"}
{"level":"info","msg":"{\"ev\":\"req\",\"route\":\"problem_detail\",\"status\":200,\"t\":1791350334373,\"ms\":11.8}","source":"console","time":"2026-10-07T05:18:54Z"}
{"level":"info","msg":"{\"ev\":\"req\",\"route\":\"history\",\"status\":200,\"t\":1791350334466,\"ms\":4.7}","source":"console","time":"2026-10-07T05:18:54Z"}
{"level":"info","msg":"{\"ev\":\"req\",\"route\":\"problem_list\",\"status\":200,\"t\":1791350334566,\"ms\":5.2}","source":"console","time":"2026-10-07T05:18:54Z"}
{"level":"info","msg":"{\"ev\":\"req\",\"route\":\"problem_detail\",\"status\":200,\"t\":1791350334672,\"ms\":10.8}","source":"console","time":"2026-10-07T05:18:54Z"}
{"level":"info","msg":"{\"ev\":\"req\",\"route\":\"history\",\"status\":200,\"t\":1791350334766,\"ms\":5.3}","source":"console","time":"2026-10-07T05:18:54Z"}
{"level":"info","msg":"{\"ev\":\"req\",\"route\":\"submit\",\"status\":200,\"t\":1791350334780,\"ms\":19.5}","source":"console","time":"2026-10-07T05:18:54Z"}
{"level":"info","msg":"{\"ev\":\"accepted\",\"id\":\"21d294a0-7dd4-4708-a103-7da32192786a\",\"t\":1791350334780}","source":"console","time":"2026-10-07T05:18:54Z"}
{"level":"info","msg":"{\"ev\":\"req\",\"route\":\"problem_list\",\"status\":200,\"t\":1791350334875,\"ms\":13.7}","source":"console","time":"2026-10-07T05:18:54Z"}
{"level":"info","msg":"{\"ev\":\"req\",\"route\":\"problem_detail\",\"status\":200,\"t\":1791350334972,\"ms\":11.2}","source":"console","time":"2026-10-07T05:18:54Z"}
{"level":"info","msg":"{\"ev\":\"req\",\"route\":\"history\",\"status\":200,\"t\":1791350335068,\"ms\":7.3}","source":"console","time":"2026-10-07T05:18:55Z"}
{"level":"info","msg":"{\"ev\":\"req\",\"route\":\"problem_list\",\"status\":200,\"t\":1791350335167,\"ms\":6}","source":"console","time":"2026-10-07T05:18:55Z"}
{"level":"info","msg":"{\"ev\":\"req\",\"route\":\"problem_detail\",\"status\":200,\"t\":1791350335266,\"ms\":5.6}","source":"console","time":"2026-10-07T05:18:55Z"}
{"level":"info","msg":"{\"ev\":\"req\",\"route\":\"history\",\"status\":200,\"t\":1791350335366,\"ms\":4.5}","source":"console","time":"2026-10-07T05:18:55Z"}
{"level":"info","msg":"{\"ev\":\"req\",\"route\":\"problem_list\",\"status\":200,\"t\":1791350335467,\"ms\":6.3}","source":"console","time":"2026-10-07T05:18:55Z"}
{"level":"info","msg":"{\"ev\":\"req\",\"route\":\"problem_detail\",\"status\":200,\"t\":1791350335565,\"ms\":4.6}","source":"console","time":"2026-10-07T05:18:55Z"}
{"level":"info","msg":"{\"ev\":\"req\",\"route\":\"history\",\"status\":200,\"t\":1791350335666,\"ms\":4.4}","source":"console","time":"2026-10-07T05:18:55Z"}
{"level":"info","msg":"{\"ev\":\"req\",\"route\":\"problem_list\",\"status\":200,\"t\":1791350335772,\"ms\":11.2}","source":"console","time":"2026-10-07T05:18:55Z"}
{"level":"info","msg":"{\"ev\":\"req\",\"route\":\"problem_detail\",\"status\":200,\"t\":1791350335869,\"ms\":7.5}","source":"console","time":"2026-10-07T05:18:55Z"}
{"level":"info","msg":"{\"ev\":\"req\",\"route\":\"history\",\"status\":200,\"t\":1791350335969,\"ms\":8.2}","source":"console","time":"2026-10-07T05:18:55Z"}
{"level":"info","msg":"{\"ev\":\"req\",\"route\":\"problem_list\",\"status\":200,\"t\":1791350336066,\"ms\":5.5}","source":"console","time":"2026-10-07T05:18:56Z"}
{"level":"info","msg":"{\"ev\":\"req\",\"route\":\"problem_detail\",\"status\":200,\"t\":1791350336172,\"ms\":11}","source":"console","time":"2026-10-07T05:18:56Z"}
{"level":"info","msg":"{\"ev\":\"req\",\"route\":\"history\",\"status\":200,\"t\":1791350336265,\"ms\":4.3}","source":"console","time":"2026-10-07T05:18:56Z"}
{"level":"info","msg":"{\"ev\":\"req\",\"route\":\"problem_list\",\"status\":200,\"t\":1791350336373,\"ms\":12.4}","source":"console","time":"2026-10-07T05:18:56Z"}
{"level":"info","msg":"{\"ev\":\"req\",\"route\":\"submit\",\"status\":200,\"t\":1791350336441,\"ms\":14}","source":"console","time":"2026-10-07T05:18:56Z"}
{"level":"info","msg":"{\"ev\":\"accepted\",\"id\":\"a0cbfe8d-7e31-4d63-8523-19e970303986\",\"t\":1791350336441}","source":"console","time":"2026-10-07T05:18:56Z"}
{"level":"info","msg":"{\"ev\":\"req\",\"route\":\"problem_detail\",\"status\":200,\"t\":1791350336466,\"ms\":5.1}","source":"console","time":"2026-10-07T05:18:56Z"}
{"level":"info","msg":"{\"ev\":\"req\",\"route\":\"history\",\"status\":200,\"t\":1791350336567,\"ms\":6.3}","source":"console","time":"2026-10-07T05:18:56Z"}
{"level":"info","msg":"{\"ev\":\"req\",\"route\":\"problem_list\",\"status\":200,\"t\":1791350336667,\"ms\":6.6}","source":"console","time":"2026-10-07T05:18:56Z"}
{"level":"info","msg":"{\"ev\":\"req\",\"route\":\"problem_detail\",\"status\":200,\"t\":1791350336767,\"ms\":5.6}","source":"console","time":"2026-10-07T05:18:56Z"}
{"level":"info","msg":"{\"ev\":\"req\",\"route\":\"history\",\"status\":200,\"t\":1791350336866,\"ms\":5.4}","source":"console","time":"2026-10-07T05:18:56Z"}
{"level":"info","msg":"{\"ev\":\"req\",\"route\":\"problem_list\",\"status\":200,\"t\":1791350336967,\"ms\":6.2}","source":"console","time":"2026-10-07T05:18:56Z"}
{"level":"info","msg":"{\"ev\":\"req\",\"route\":\"problem_detail\",\"status\":200,\"t\":1791350337066,\"ms\":5.3}","source":"console","time":"2026-10-07T05:18:57Z"}
{"level":"info","msg":"{\"ev\":\"req\",\"route\":\"history\",\"status\":200,\"t\":1791350337166,\"ms\":4.5}","source":"console","time":"2026-10-07T05:18:57Z"}
{"level":"info","msg":"{\"ev\":\"req\",\"route\":\"problem_list\",\"status\":200,\"t\":1791350337266,\"ms\":5.2}","source":"console","time":"2026-10-07T05:18:57Z"}
{"level":"info","msg":"{\"ev\":\"req\",\"route\":\"problem_detail\",\"status\":200,\"t\":1791350337372,\"ms\":11.3}","source":"console","time":"2026-10-07T05:18:57Z"}
{"level":"info","msg":"{\"ev\":\"req\",\"route\":\"history\",\"status\":200,\"t\":1791350337468,\"ms\":7}","source":"console","time":"2026-10-07T05:18:57Z"}
{"level":"info","msg":"{\"ev\":\"req\",\"route\":\"problem_list\",\"status\":200,\"t\":1791350337566,\"ms\":5}","source":"console","time":"2026-10-07T05:18:57Z"}
{"level":"info","msg":"{\"ev\":\"req\",\"route\":\"problem_detail\",\"status\":200,\"t\":1791350337666,\"ms\":4.9}","source":"console","time":"2026-10-07T05:18:57Z"}
{"level":"info","msg":"{\"ev\":\"req\",\"route\":\"history\",\"status\":200,\"t\":1791350337768,\"ms\":7.5}","source":"console","time":"2026-10-07T05:18:57Z"}
{"level":"info","msg":"{\"ev\":\"req\",\"route\":\"problem_list\",\"status\":200,\"t\":1791350337866,\"ms\":5.4}","source":"console","time":"2026-10-07T05:18:57Z"}
{"level":"info","msg":"{\"ev\":\"req\",\"route\":\"problem_detail\",\"status\":200,\"t\":1791350337967,\"ms\":5.8}","source":"console","time":"2026-10-07T05:18:57Z"}
{"level":"info","msg":"{\"ev\":\"req\",\"route\":\"history\",\"status\":200,\"t\":1791350338067,\"ms\":5.4}","source":"console","time":"2026-10-07T05:18:58Z"}
{"level":"info","msg":"{\"ev\":\"req\",\"route\":\"submit\",\"status\":200,\"t\":1791350338116,\"ms\":21.6}","source":"console","time":"2026-10-07T05:18:58Z"}
{"level":"info","msg":"{\"ev\":\"accepted\",\"id\":\"9be51d01-94c0-4e3a-9345-1c376db51451\",\"t\":1791350338116}","source":"console","time":"2026-10-07T05:18:58Z"}
{"level":"info","msg":"{\"ev\":\"req\",\"route\":\"problem_list\",\"status\":200,\"t\":1791350338176,\"ms\":14.8}","source":"console","time":"2026-10-07T05:18:58Z"}
{"level":"info","msg":"{\"ev\":\"req\",\"route\":\"problem_detail\",\"status\":200,\"t\":1791350338270,\"ms\":9.2}","source":"console","time":"2026-10-07T05:18:58Z"}
{"level":"info","msg":"{\"ev\":\"req\",\"route\":\"history\",\"status\":200,\"t\":1791350338371,\"ms\":10.4}","source":"console","time":"2026-10-07T05:18:58Z"}
{"level":"info","msg":"{\"ev\":\"req\",\"route\":\"problem_list\",\"status\":200,\"t\":1791350338471,\"ms\":10}","source":"console","time":"2026-10-07T05:18:58Z"}
{"level":"info","msg":"{\"ev\":\"req\",\"route\":\"problem_detail\",\"status\":200,\"t\":1791350338568,\"ms\":7.8}","source":"console","time":"2026-10-07T05:18:58Z"}
{"level":"info","msg":"{\"ev\":\"req\",\"route\":\"history\",\"status\":200,\"t\":1791350338666,\"ms\":5.8}","source":"console","time":"2026-10-07T05:18:58Z"}
{"level":"info","msg":"{\"ev\":\"req\",\"route\":\"problem_list\",\"status\":200,\"t\":1791350338767,\"ms\":5.9}","source":"console","time":"2026-10-07T05:18:58Z"}
{"level":"info","msg":"{\"ev\":\"req\",\"route\":\"problem_detail\",\"status\":200,\"t\":1791350338866,\"ms\":4.7}","source":"console","time":"2026-10-07T05:18:58Z"}
{"level":"info","msg":"{\"ev\":\"req\",\"route\":\"history\",\"status\":200,\"t\":1791350338973,\"ms\":11.8}","source":"console","time":"2026-10-07T05:18:58Z"}
{"level":"info","msg":"{\"ev\":\"req\",\"route\":\"problem_list\",\"status\":200,\"t\":1791350339081,\"ms\":19.8}","source":"console","time":"2026-10-07T05:18:59Z"}
{"level":"info","msg":"{\"ev\":\"req\",\"route\":\"problem_detail\",\"status\":200,\"t\":1791350339166,\"ms\":4.9}","source":"console","time":"2026-10-07T05:18:59Z"}
{"level":"info","msg":"{\"ev\":\"req\",\"route\":\"history\",\"status\":200,\"t\":1791350339271,\"ms\":10.3}","source":"console","time":"2026-10-07T05:18:59Z"}
{"level":"info","msg":"{\"ev\":\"req\",\"route\":\"problem_list\",\"status\":200,\"t\":1791350339373,\"ms\":12.2}","source":"console","time":"2026-10-07T05:18:59Z"}
{"level":"info","msg":"{\"ev\":\"req\",\"route\":\"problem_detail\",\"status\":200,\"t\":1791350339472,\"ms\":10.7}","source":"console","time":"2026-10-07T05:18:59Z"}
{"level":"info","msg":"{\"ev\":\"req\",\"route\":\"history\",\"status\":200,\"t\":1791350339567,\"ms\":6.8}","source":"console","time":"2026-10-07T05:18:59Z"}
{"level":"info","msg":"{\"ev\":\"req\",\"route\":\"problem_list\",\"status\":200,\"t\":1791350339672,\"ms\":10.3}","source":"console","time":"2026-10-07T05:18:59Z"}
{"level":"info","msg":"{\"ev\":\"req\",\"route\":\"problem_detail\",\"status\":200,\"t\":1791350339779,\"ms\":18.3}","source":"console","time":"2026-10-07T05:18:59Z"}
{"level":"info","msg":"{\"ev\":\"req\",\"route\":\"submit\",\"status\":200,\"t\":1791350339791,\"ms\":30}","source":"console","time":"2026-10-07T05:18:59Z"}
{"level":"info","msg":"{\"ev\":\"accepted\",\"id\":\"6c2a7950-b8f3-4cf9-85b3-56bb80c5af02\",\"t\":1791350339791}","source":"console","time":"2026-10-07T05:18:59Z"}
{"level":"info","msg":"{\"ev\":\"req\",\"route\":\"history\",\"status\":200,\"t\":1791350339865,\"ms\":4.9}","source":"console","time":"2026-10-07T05:18:59Z"}
{"level":"info","msg":"{\"ev\":\"req\",\"route\":\"problem_list\",\"status\":200,\"t\":1791350339966,\"ms\":5.3}","source":"console","time":"2026-10-07T05:18:59Z"}
{"level":"info","msg":"{\"ev\":\"req\",\"route\":\"problem_detail\",\"status\":200,\"t\":1791350340065,\"ms\":4.8}","source":"console","time":"2026-10-07T05:19:00Z"}
{"level":"info","msg":"{\"ev\":\"req\",\"route\":\"history\",\"status\":200,\"t\":1791350340167,\"ms\":5.6}","source":"console","time":"2026-10-07T05:19:00Z"}
{"level":"info","msg":"{\"ev\":\"req\",\"route\":\"problem_list\",\"status\":200,\"t\":1791350340265,\"ms\":4.9}","source":"console","time":"2026-10-07T05:19:00Z"}
{"level":"info","msg":"{\"ev\":\"req\",\"route\":\"problem_detail\",\"status\":200,\"t\":1791350340366,\"ms\":4.9}","source":"console","time":"2026-10-07T05:19:00Z"}
{"level":"info","msg":"{\"ev\":\"req\",\"route\":\"history\",\"status\":200,\"t\":1791350340466,\"ms\":5}","source":"console","time":"2026-10-07T05:19:00Z"}
{"level":"info","msg":"{\"ev\":\"req\",\"route\":\"problem_list\",\"status\":200,\"t\":1791350340572,\"ms\":10.6}","source":"console","time":"2026-10-07T05:19:00Z"}
{"level":"info","msg":"{\"ev\":\"req\",\"route\":\"problem_detail\",\"status\":200,\"t\":1791350340668,\"ms\":6.2}","source":"console","time":"2026-10-07T05:19:00Z"}
{"level":"info","msg":"{\"ev\":\"req\",\"route\":\"history\",\"status\":200,\"t\":1791350340770,\"ms\":9.8}","source":"console","time":"2026-10-07T05:19:00Z"}
{"level":"info","msg":"{\"ev\":\"req\",\"route\":\"problem_list\",\"status\":200,\"t\":1791350340873,\"ms\":11.6}","source":"console","time":"2026-10-07T05:19:00Z"}
{"level":"info","msg":"{\"ev\":\"req\",\"route\":\"problem_detail\",\"status\":200,\"t\":1791350340971,\"ms\":9.9}","source":"console","time":"2026-10-07T05:19:00Z"}
{"level":"info","msg":"{\"ev\":\"req\",\"route\":\"history\",\"status\":200,\"t\":1791350341072,\"ms\":10.4}","source":"console","time":"2026-10-07T05:19:01Z"}
{"level":"info","msg":"{\"ev\":\"req\",\"route\":\"problem_list\",\"status\":200,\"t\":1791350341175,\"ms\":13.9}","source":"console","time":"2026-10-07T05:19:01Z"}
{"level":"info","msg":"{\"ev\":\"req\",\"route\":\"problem_detail\",\"status\":200,\"t\":1791350341265,\"ms\":4.6}","source":"console","time":"2026-10-07T05:19:01Z"}
{"level":"info","msg":"{\"ev\":\"req\",\"route\":\"history\",\"status\":200,\"t\":1791350341366,\"ms\":4.7}","source":"console","time":"2026-10-07T05:19:01Z"}
{"level":"info","msg":"{\"ev\":\"req\",\"route\":\"submit\",\"status\":200,\"t\":1791350341459,\"ms\":32.1}","source":"console","time":"2026-10-07T05:19:01Z"}
{"level":"info","msg":"{\"ev\":\"accepted\",\"id\":\"859f328a-10f5-49e9-b5a5-2bae6b44934f\",\"t\":1791350341460}","source":"console","time":"2026-10-07T05:19:01Z"}
{"level":"info","msg":"{\"ev\":\"req\",\"route\":\"problem_list\",\"status\":200,\"t\":1791350341471,\"ms\":10}","source":"console","time":"2026-10-07T05:19:01Z"}
{"level":"info","msg":"{\"ev\":\"req\",\"route\":\"problem_detail\",\"status\":200,\"t\":1791350341568,\"ms\":7.7}","source":"console","time":"2026-10-07T05:19:01Z"}
{"level":"info","msg":"{\"ev\":\"req\",\"route\":\"history\",\"status\":200,\"t\":1791350341666,\"ms\":5.3}","source":"console","time":"2026-10-07T05:19:01Z"}
{"level":"info","msg":"{\"ev\":\"req\",\"route\":\"problem_list\",\"status\":200,\"t\":1791350341766,\"ms\":5.5}","source":"console","time":"2026-10-07T05:19:01Z"}
{"level":"info","msg":"{\"ev\":\"req\",\"route\":\"problem_detail\",\"status\":200,\"t\":1791350341867,\"ms\":6.5}","source":"console","time":"2026-10-07T05:19:01Z"}
{"level":"info","msg":"{\"ev\":\"req\",\"route\":\"history\",\"status\":200,\"t\":1791350341966,\"ms\":4.6}","source":"console","time":"2026-10-07T05:19:01Z"}
{"level":"info","msg":"{\"ev\":\"req\",\"route\":\"problem_list\",\"status\":200,\"t\":1791350342067,\"ms\":6.1}","source":"console","time":"2026-10-07T05:19:02Z"}
{"level":"info","msg":"{\"ev\":\"req\",\"route\":\"problem_detail\",\"status\":200,\"t\":1791350342167,\"ms\":6.4}","source":"console","time":"2026-10-07T05:19:02Z"}
{"level":"info","msg":"{\"ev\":\"req\",\"route\":\"history\",\"status\":200,\"t\":1791350342265,\"ms\":4.4}","source":"console","time":"2026-10-07T05:19:02Z"}
{"level":"info","msg":"{\"ev\":\"req\",\"route\":\"problem_list\",\"status\":200,\"t\":1791350342371,\"ms\":9.6}","source":"console","time":"2026-10-07T05:19:02Z"}
{"level":"info","msg":"{\"ev\":\"req\",\"route\":\"problem_detail\",\"status\":200,\"t\":1791350342471,\"ms\":9.8}","source":"console","time":"2026-10-07T05:19:02Z"}
{"level":"info","msg":"{\"ev\":\"req\",\"route\":\"history\",\"status\":200,\"t\":1791350342572,\"ms\":11.3}","source":"console","time":"2026-10-07T05:19:02Z"}
{"level":"info","msg":"{\"ev\":\"req\",\"route\":\"problem_list\",\"status\":200,\"t\":1791350342666,\"ms\":5}","source":"console","time":"2026-10-07T05:19:02Z"}
{"level":"info","msg":"{\"ev\":\"req\",\"route\":\"problem_detail\",\"status\":200,\"t\":1791350342768,\"ms\":6.8}","source":"console","time":"2026-10-07T05:19:02Z"}
{"level":"info","msg":"{\"ev\":\"req\",\"route\":\"history\",\"status\":200,\"t\":1791350342872,\"ms\":10.7}","source":"console","time":"2026-10-07T05:19:02Z"}
{"level":"info","msg":"{\"ev\":\"req\",\"route\":\"problem_list\",\"status\":200,\"t\":1791350342973,\"ms\":12.1}","source":"console","time":"2026-10-07T05:19:02Z"}
{"level":"info","msg":"{\"ev\":\"req\",\"route\":\"problem_detail\",\"status\":200,\"t\":1791350343071,\"ms\":10.8}","source":"console","time":"2026-10-07T05:19:03Z"}
{"level":"info","msg":"{\"ev\":\"req\",\"route\":\"submit\",\"status\":200,\"t\":1791350343126,\"ms\":31.5}","source":"console","time":"2026-10-07T05:19:03Z"}
{"level":"info","msg":"{\"ev\":\"accepted\",\"id\":\"ea6bcf67-fc56-470d-96bc-dfb20b4b026e\",\"t\":1791350343126}","source":"console","time":"2026-10-07T05:19:03Z"}
{"level":"info","msg":"{\"ev\":\"req\",\"route\":\"history\",\"status\":200,\"t\":1791350343166,\"ms\":4.5}","source":"console","time":"2026-10-07T05:19:03Z"}
{"level":"info","msg":"{\"ev\":\"req\",\"route\":\"problem_list\",\"status\":200,\"t\":1791350343266,\"ms\":5.5}","source":"console","time":"2026-10-07T05:19:03Z"}
{"level":"info","msg":"{\"ev\":\"req\",\"route\":\"problem_detail\",\"status\":200,\"t\":1791350343365,\"ms\":4.5}","source":"console","time":"2026-10-07T05:19:03Z"}
{"level":"info","msg":"{\"ev\":\"req\",\"route\":\"history\",\"status\":200,\"t\":1791350343467,\"ms\":5.4}","source":"console","time":"2026-10-07T05:19:03Z"}
{"level":"info","msg":"{\"ev\":\"req\",\"route\":\"problem_list\",\"status\":200,\"t\":1791350343565,\"ms\":5.2}","source":"console","time":"2026-10-07T05:19:03Z"}
{"level":"info","msg":"{\"ev\":\"req\",\"route\":\"problem_detail\",\"status\":200,\"t\":1791350343666,\"ms\":5.3}","source":"console","time":"2026-10-07T05:19:03Z"}
{"level":"info","msg":"{\"ev\":\"req\",\"route\":\"history\",\"status\":200,\"t\":1791350343765,\"ms\":4.9}","source":"console","time":"2026-10-07T05:19:03Z"}
{"level":"info","msg":"{\"ev\":\"req\",\"route\":\"problem_list\",\"status\":200,\"t\":1791350343871,\"ms\":10}","source":"console","time":"2026-10-07T05:19:03Z"}
{"level":"info","msg":"{\"ev\":\"req\",\"route\":\"problem_detail\",\"status\":200,\"t\":1791350343972,\"ms\":10.8}","source":"console","time":"2026-10-07T05:19:03Z"}
{"level":"info","msg":"{\"ev\":\"req\",\"route\":\"history\",\"status\":200,\"t\":1791350344070,\"ms\":9.2}","source":"console","time":"2026-10-07T05:19:04Z"}
{"level":"info","msg":"{\"ev\":\"req\",\"route\":\"problem_list\",\"status\":200,\"t\":1791350344170,\"ms\":9.6}","source":"console","time":"2026-10-07T05:19:04Z"}
{"level":"info","msg":"{\"ev\":\"req\",\"route\":\"problem_detail\",\"status\":200,\"t\":1791350344266,\"ms\":5.5}","source":"console","time":"2026-10-07T05:19:04Z"}
{"level":"info","msg":"{\"ev\":\"req\",\"route\":\"history\",\"status\":200,\"t\":1791350344371,\"ms\":10.5}","source":"console","time":"2026-10-07T05:19:04Z"}
{"level":"info","msg":"{\"ev\":\"req\",\"route\":\"problem_list\",\"status\":200,\"t\":1791350344473,\"ms\":12}","source":"console","time":"2026-10-07T05:19:04Z"}
{"level":"info","msg":"{\"ev\":\"req\",\"route\":\"problem_detail\",\"status\":200,\"t\":1791350344573,\"ms\":12.2}","source":"console","time":"2026-10-07T05:19:04Z"}
{"level":"info","msg":"{\"ev\":\"req\",\"route\":\"history\",\"status\":200,\"t\":1791350344671,\"ms\":10}","source":"console","time":"2026-10-07T05:19:04Z"}
{"level":"info","msg":"{\"ev\":\"req\",\"route\":\"problem_list\",\"status\":200,\"t\":1791350344774,\"ms\":13.4}","source":"console","time":"2026-10-07T05:19:04Z"}
{"level":"info","msg":"{\"ev\":\"req\",\"route\":\"submit\",\"status\":200,\"t\":1791350344791,\"ms\":30.1}","source":"console","time":"2026-10-07T05:19:04Z"}
{"level":"info","msg":"{\"ev\":\"accepted\",\"id\":\"67181fb9-2bed-4b8b-82c2-6607e1a8f29a\",\"t\":1791350344791}","source":"console","time":"2026-10-07T05:19:04Z"}
{"level":"info","msg":"{\"ev\":\"req\",\"route\":\"problem_detail\",\"status\":200,\"t\":1791350344868,\"ms\":6.8}","source":"console","time":"2026-10-07T05:19:04Z"}
{"level":"info","msg":"{\"ev\":\"req\",\"route\":\"history\",\"status\":200,\"t\":1791350344967,\"ms\":6.5}","source":"console","time":"2026-10-07T05:19:04Z"}
{"level":"info","msg":"{\"ev\":\"req\",\"route\":\"problem_list\",\"status\":200,\"t\":1791350345066,\"ms\":4.9}","source":"console","time":"2026-10-07T05:19:05Z"}
{"level":"info","msg":"{\"ev\":\"req\",\"route\":\"problem_detail\",\"status\":200,\"t\":1791350345167,\"ms\":6}","source":"console","time":"2026-10-07T05:19:05Z"}
{"level":"info","msg":"{\"ev\":\"req\",\"route\":\"history\",\"status\":200,\"t\":1791350345265,\"ms\":5}","source":"console","time":"2026-10-07T05:19:05Z"}
{"level":"info","msg":"{\"ev\":\"req\",\"route\":\"problem_list\",\"status\":200,\"t\":1791350345369,\"ms\":7.9}","source":"console","time":"2026-10-07T05:19:05Z"}
{"level":"info","msg":"{\"ev\":\"req\",\"route\":\"problem_detail\",\"status\":200,\"t\":1791350345472,\"ms\":11}","source":"console","time":"2026-10-07T05:19:05Z"}
{"level":"info","msg":"{\"ev\":\"req\",\"route\":\"history\",\"status\":200,\"t\":1791350345565,\"ms\":4.4}","source":"console","time":"2026-10-07T05:19:05Z"}
{"level":"info","msg":"{\"ev\":\"req\",\"route\":\"problem_list\",\"status\":200,\"t\":1791350345672,\"ms\":11}","source":"console","time":"2026-10-07T05:19:05Z"}
{"level":"info","msg":"{\"ev\":\"req\",\"route\":\"problem_detail\",\"status\":200,\"t\":1791350345771,\"ms\":9.9}","source":"console","time":"2026-10-07T05:19:05Z"}
{"level":"info","msg":"{\"ev\":\"req\",\"route\":\"history\",\"status\":200,\"t\":1791350345873,\"ms\":11.3}","source":"console","time":"2026-10-07T05:19:05Z"}
{"level":"info","msg":"{\"ev\":\"req\",\"route\":\"problem_list\",\"status\":200,\"t\":1791350345966,\"ms\":5.5}","source":"console","time":"2026-10-07T05:19:05Z"}
{"level":"info","msg":"{\"ev\":\"req\",\"route\":\"problem_detail\",\"status\":200,\"t\":1791350346072,\"ms\":11.3}","source":"console","time":"2026-10-07T05:19:06Z"}
{"level":"info","msg":"{\"ev\":\"req\",\"route\":\"history\",\"status\":200,\"t\":1791350346172,\"ms\":10.3}","source":"console","time":"2026-10-07T05:19:06Z"}
{"level":"info","msg":"{\"ev\":\"req\",\"route\":\"problem_list\",\"status\":200,\"t\":1791350346273,\"ms\":11.1}","source":"console","time":"2026-10-07T05:19:06Z"}
{"level":"info","msg":"{\"ev\":\"req\",\"route\":\"problem_detail\",\"status\":200,\"t\":1791350346370,\"ms\":9.5}","source":"console","time":"2026-10-07T05:19:06Z"}
{"level":"info","msg":"{\"ev\":\"req\",\"route\":\"submit\",\"status\":200,\"t\":1791350346444,\"ms\":16}","source":"console","time":"2026-10-07T05:19:06Z"}
{"level":"info","msg":"{\"ev\":\"accepted\",\"id\":\"5a9dc5d7-f0b2-4b66-b6af-737073bf3826\",\"t\":1791350346444}","source":"console","time":"2026-10-07T05:19:06Z"}
{"level":"info","msg":"{\"ev\":\"req\",\"route\":\"history\",\"status\":200,\"t\":1791350346465,\"ms\":4.6}","source":"console","time":"2026-10-07T05:19:06Z"}
{"level":"info","msg":"{\"ev\":\"req\",\"route\":\"problem_list\",\"status\":200,\"t\":1791350346566,\"ms\":5.3}","source":"console","time":"2026-10-07T05:19:06Z"}
{"level":"info","msg":"{\"ev\":\"req\",\"route\":\"problem_detail\",\"status\":200,\"t\":1791350346665,\"ms\":4.6}","source":"console","time":"2026-10-07T05:19:06Z"}
{"level":"info","msg":"{\"ev\":\"req\",\"route\":\"history\",\"status\":200,\"t\":1791350346768,\"ms\":6.4}","source":"console","time":"2026-10-07T05:19:06Z"}
{"level":"info","msg":"{\"ev\":\"req\",\"route\":\"problem_list\",\"status\":200,\"t\":1791350346866,\"ms\":5.7}","source":"console","time":"2026-10-07T05:19:06Z"}
{"level":"info","msg":"{\"ev\":\"req\",\"route\":\"problem_detail\",\"status\":200,\"t\":1791350346966,\"ms\":5}","source":"console","time":"2026-10-07T05:19:06Z"}
{"level":"info","msg":"{\"ev\":\"req\",\"route\":\"history\",\"status\":200,\"t\":1791350347066,\"ms\":4.3}","source":"console","time":"2026-10-07T05:19:07Z"}
{"level":"info","msg":"{\"ev\":\"req\",\"route\":\"problem_list\",\"status\":200,\"t\":1791350347171,\"ms\":10.5}","source":"console","time":"2026-10-07T05:19:07Z"}
{"level":"info","msg":"{\"ev\":\"req\",\"route\":\"problem_detail\",\"status\":200,\"t\":1791350347266,\"ms\":4.9}","source":"console","time":"2026-10-07T05:19:07Z"}
{"level":"info","msg":"{\"ev\":\"req\",\"route\":\"history\",\"status\":200,\"t\":1791350347366,\"ms\":5.5}","source":"console","time":"2026-10-07T05:19:07Z"}
{"level":"info","msg":"{\"ev\":\"req\",\"route\":\"problem_list\",\"status\":200,\"t\":1791350347472,\"ms\":11}","source":"console","time":"2026-10-07T05:19:07Z"}
{"level":"info","msg":"{\"ev\":\"req\",\"route\":\"problem_detail\",\"status\":200,\"t\":1791350347569,\"ms\":8.7}","source":"console","time":"2026-10-07T05:19:07Z"}
{"level":"info","msg":"{\"ev\":\"req\",\"route\":\"history\",\"status\":200,\"t\":1791350347671,\"ms\":9.7}","source":"console","time":"2026-10-07T05:19:07Z"}
{"level":"info","msg":"{\"ev\":\"req\",\"route\":\"problem_list\",\"status\":200,\"t\":1791350347771,\"ms\":10.9}","source":"console","time":"2026-10-07T05:19:07Z"}
{"level":"info","msg":"{\"ev\":\"req\",\"route\":\"problem_detail\",\"status\":200,\"t\":1791350347866,\"ms\":5.2}","source":"console","time":"2026-10-07T05:19:07Z"}
{"level":"info","msg":"{\"ev\":\"req\",\"route\":\"history\",\"status\":200,\"t\":1791350347968,\"ms\":7.9}","source":"console","time":"2026-10-07T05:19:07Z"}
{"level":"info","msg":"{\"ev\":\"req\",\"route\":\"problem_list\",\"status\":200,\"t\":1791350348072,\"ms\":11.3}","source":"console","time":"2026-10-07T05:19:08Z"}
{"level":"info","msg":"{\"ev\":\"req\",\"route\":\"submit\",\"status\":200,\"t\":1791350348124,\"ms\":30.5}","source":"console","time":"2026-10-07T05:19:08Z"}
{"level":"info","msg":"{\"ev\":\"accepted\",\"id\":\"cbd04ecf-1a8e-41b8-8a86-b09a65fe374b\",\"t\":1791350348125}","source":"console","time":"2026-10-07T05:19:08Z"}
{"level":"info","msg":"{\"ev\":\"req\",\"route\":\"problem_detail\",\"status\":200,\"t\":1791350348168,\"ms\":7.3}","source":"console","time":"2026-10-07T05:19:08Z"}
{"level":"info","msg":"{\"ev\":\"req\",\"route\":\"history\",\"status\":200,\"t\":1791350348268,\"ms\":6.9}","source":"console","time":"2026-10-07T05:19:08Z"}
{"level":"info","msg":"{\"ev\":\"req\",\"route\":\"problem_list\",\"status\":200,\"t\":1791350348373,\"ms\":12.2}","source":"console","time":"2026-10-07T05:19:08Z"}
{"level":"info","msg":"{\"ev\":\"req\",\"route\":\"problem_detail\",\"status\":200,\"t\":1791350348467,\"ms\":6.2}","source":"console","time":"2026-10-07T05:19:08Z"}
{"level":"info","msg":"{\"ev\":\"req\",\"route\":\"history\",\"status\":200,\"t\":1791350348567,\"ms\":5.6}","source":"console","time":"2026-10-07T05:19:08Z"}
{"level":"info","msg":"{\"ev\":\"req\",\"route\":\"problem_list\",\"status\":200,\"t\":1791350348666,\"ms\":5.5}","source":"console","time":"2026-10-07T05:19:08Z"}
{"level":"info","msg":"{\"ev\":\"req\",\"route\":\"problem_detail\",\"status\":200,\"t\":1791350348772,\"ms\":11.4}","source":"console","time":"2026-10-07T05:19:08Z"}
{"level":"info","msg":"{\"ev\":\"req\",\"route\":\"history\",\"status\":200,\"t\":1791350348865,\"ms\":4.4}","source":"console","time":"2026-10-07T05:19:08Z"}
{"level":"info","msg":"{\"ev\":\"req\",\"route\":\"problem_list\",\"status\":200,\"t\":1791350348966,\"ms\":5.8}","source":"console","time":"2026-10-07T05:19:08Z"}
{"level":"info","msg":"{\"ev\":\"req\",\"route\":\"problem_detail\",\"status\":200,\"t\":1791350349067,\"ms\":6.3}","source":"console","time":"2026-10-07T05:19:09Z"}
{"level":"info","msg":"{\"ev\":\"req\",\"route\":\"history\",\"status\":200,\"t\":1791350349169,\"ms\":7.6}","source":"console","time":"2026-10-07T05:19:09Z"}
{"level":"info","msg":"{\"ev\":\"req\",\"route\":\"problem_list\",\"status\":200,\"t\":1791350349267,\"ms\":6.7}","source":"console","time":"2026-10-07T05:19:09Z"}
{"level":"info","msg":"{\"ev\":\"req\",\"route\":\"problem_detail\",\"status\":200,\"t\":1791350349366,\"ms\":5.2}","source":"console","time":"2026-10-07T05:19:09Z"}
{"level":"info","msg":"{\"ev\":\"req\",\"route\":\"history\",\"status\":200,\"t\":1791350349466,\"ms\":5.2}","source":"console","time":"2026-10-07T05:19:09Z"}
{"level":"info","msg":"{\"ev\":\"req\",\"route\":\"problem_list\",\"status\":200,\"t\":1791350349565,\"ms\":4.7}","source":"console","time":"2026-10-07T05:19:09Z"}
{"level":"info","msg":"{\"ev\":\"req\",\"route\":\"problem_detail\",\"status\":200,\"t\":1791350349671,\"ms\":10.3}","source":"console","time":"2026-10-07T05:19:09Z"}
{"level":"info","msg":"{\"ev\":\"req\",\"route\":\"history\",\"status\":200,\"t\":1791350349766,\"ms\":5}","source":"console","time":"2026-10-07T05:19:09Z"}
{"level":"info","msg":"{\"ev\":\"req\",\"route\":\"submit\",\"status\":200,\"t\":1791350349779,\"ms\":18.7}","source":"console","time":"2026-10-07T05:19:09Z"}
{"level":"info","msg":"{\"ev\":\"accepted\",\"id\":\"8df4041a-fde0-4754-8414-aed4746867d6\",\"t\":1791350349780}","source":"console","time":"2026-10-07T05:19:09Z"}
{"level":"info","msg":"{\"ev\":\"req\",\"route\":\"problem_list\",\"status\":200,\"t\":1791350349867,\"ms\":5.3}","source":"console","time":"2026-10-07T05:19:09Z"}
{"level":"info","msg":"{\"ev\":\"req\",\"route\":\"problem_detail\",\"status\":200,\"t\":1791350349966,\"ms\":4.7}","source":"console","time":"2026-10-07T05:19:09Z"}
{"level":"info","msg":"{\"ev\":\"req\",\"route\":\"history\",\"status\":200,\"t\":1791350350065,\"ms\":4.4}","source":"console","time":"2026-10-07T05:19:10Z"}
{"level":"info","msg":"{\"ev\":\"req\",\"route\":\"problem_list\",\"status\":200,\"t\":1791350350166,\"ms\":5.1}","source":"console","time":"2026-10-07T05:19:10Z"}
{"level":"info","msg":"{\"ev\":\"req\",\"route\":\"problem_detail\",\"status\":200,\"t\":1791350350266,\"ms\":4.9}","source":"console","time":"2026-10-07T05:19:10Z"}
{"level":"info","msg":"{\"ev\":\"req\",\"route\":\"history\",\"status\":200,\"t\":1791350350366,\"ms\":5.5}","source":"console","time":"2026-10-07T05:19:10Z"}
{"level":"info","msg":"{\"ev\":\"req\",\"route\":\"problem_list\",\"status\":200,\"t\":1791350350467,\"ms\":6.1}","source":"console","time":"2026-10-07T05:19:10Z"}
{"level":"info","msg":"{\"ev\":\"req\",\"route\":\"problem_detail\",\"status\":200,\"t\":1791350350571,\"ms\":9.9}","source":"console","time":"2026-10-07T05:19:10Z"}
{"level":"info","msg":"{\"ev\":\"req\",\"route\":\"history\",\"status\":200,\"t\":1791350350667,\"ms\":5.5}","source":"console","time":"2026-10-07T05:19:10Z"}
{"level":"info","msg":"{\"ev\":\"req\",\"route\":\"problem_list\",\"status\":200,\"t\":1791350350766,\"ms\":4.7}","source":"console","time":"2026-10-07T05:19:10Z"}
{"level":"info","msg":"{\"ev\":\"req\",\"route\":\"problem_detail\",\"status\":200,\"t\":1791350350873,\"ms\":11.3}","source":"console","time":"2026-10-07T05:19:10Z"}
{"level":"info","msg":"{\"ev\":\"req\",\"route\":\"history\",\"status\":200,\"t\":1791350350968,\"ms\":6.9}","source":"console","time":"2026-10-07T05:19:10Z"}
{"level":"info","msg":"{\"ev\":\"req\",\"route\":\"problem_list\",\"status\":200,\"t\":1791350351071,\"ms\":9.5}","source":"console","time":"2026-10-07T05:19:11Z"}
{"level":"info","msg":"{\"ev\":\"req\",\"route\":\"problem_detail\",\"status\":200,\"t\":1791350351172,\"ms\":10.6}","source":"console","time":"2026-10-07T05:19:11Z"}
{"level":"info","msg":"{\"ev\":\"req\",\"route\":\"history\",\"status\":200,\"t\":1791350351272,\"ms\":10.4}","source":"console","time":"2026-10-07T05:19:11Z"}
{"level":"info","msg":"{\"ev\":\"req\",\"route\":\"problem_list\",\"status\":200,\"t\":1791350351367,\"ms\":6.9}","source":"console","time":"2026-10-07T05:19:11Z"}
{"level":"info","msg":"{\"ev\":\"req\",\"route\":\"submit\",\"status\":200,\"t\":1791350351456,\"ms\":29}","source":"console","time":"2026-10-07T05:19:11Z"}
{"level":"info","msg":"{\"ev\":\"accepted\",\"id\":\"2ebe1f1f-7515-42a4-ad21-c1adf317814e\",\"t\":1791350351457}","source":"console","time":"2026-10-07T05:19:11Z"}
{"level":"info","msg":"{\"ev\":\"req\",\"route\":\"problem_detail\",\"status\":200,\"t\":1791350351467,\"ms\":6.6}","source":"console","time":"2026-10-07T05:19:11Z"}
{"level":"info","msg":"{\"ev\":\"req\",\"route\":\"history\",\"status\":200,\"t\":1791350351568,\"ms\":7.4}","source":"console","time":"2026-10-07T05:19:11Z"}
{"level":"info","msg":"{\"ev\":\"req\",\"route\":\"problem_list\",\"status\":200,\"t\":1791350351667,\"ms\":6.5}","source":"console","time":"2026-10-07T05:19:11Z"}
{"level":"info","msg":"{\"ev\":\"req\",\"route\":\"problem_detail\",\"status\":200,\"t\":1791350351767,\"ms\":6.4}","source":"console","time":"2026-10-07T05:19:11Z"}
{"level":"info","msg":"{\"ev\":\"req\",\"route\":\"history\",\"status\":200,\"t\":1791350351865,\"ms\":4.5}","source":"console","time":"2026-10-07T05:19:11Z"}
{"level":"info","msg":"{\"ev\":\"req\",\"route\":\"problem_list\",\"status\":200,\"t\":1791350351967,\"ms\":6.8}","source":"console","time":"2026-10-07T05:19:11Z"}
{"level":"info","msg":"{\"ev\":\"req\",\"route\":\"problem_detail\",\"status\":200,\"t\":1791350352066,\"ms\":4.7}","source":"console","time":"2026-10-07T05:19:12Z"}
{"level":"info","msg":"{\"ev\":\"req\",\"route\":\"history\",\"status\":200,\"t\":1791350352168,\"ms\":7.4}","source":"console","time":"2026-10-07T05:19:12Z"}
{"level":"info","msg":"{\"ev\":\"req\",\"route\":\"problem_list\",\"status\":200,\"t\":1791350352266,\"ms\":4.8}","source":"console","time":"2026-10-07T05:19:12Z"}
{"level":"info","msg":"{\"ev\":\"req\",\"route\":\"problem_detail\",\"status\":200,\"t\":1791350352371,\"ms\":9.7}","source":"console","time":"2026-10-07T05:19:12Z"}
{"level":"info","msg":"{\"ev\":\"req\",\"route\":\"history\",\"status\":200,\"t\":1791350352469,\"ms\":8.6}","source":"console","time":"2026-10-07T05:19:12Z"}
{"level":"info","msg":"{\"ev\":\"req\",\"route\":\"problem_list\",\"status\":200,\"t\":1791350352574,\"ms\":13}","source":"console","time":"2026-10-07T05:19:12Z"}
{"level":"info","msg":"{\"ev\":\"req\",\"route\":\"problem_detail\",\"status\":200,\"t\":1791350352672,\"ms\":10.7}","source":"console","time":"2026-10-07T05:19:12Z"}
{"level":"info","msg":"{\"ev\":\"req\",\"route\":\"history\",\"status\":200,\"t\":1791350352770,\"ms\":8.9}","source":"console","time":"2026-10-07T05:19:12Z"}
{"level":"info","msg":"{\"ev\":\"req\",\"route\":\"problem_list\",\"status\":200,\"t\":1791350352866,\"ms\":5.2}","source":"console","time":"2026-10-07T05:19:12Z"}
{"level":"info","msg":"{\"ev\":\"req\",\"route\":\"problem_detail\",\"status\":200,\"t\":1791350352973,\"ms\":11.9}","source":"console","time":"2026-10-07T05:19:12Z"}
{"level":"info","msg":"{\"ev\":\"req\",\"route\":\"history\",\"status\":200,\"t\":1791350353071,\"ms\":9.3}","source":"console","time":"2026-10-07T05:19:13Z"}
{"level":"info","msg":"{\"ev\":\"req\",\"route\":\"submit\",\"status\":200,\"t\":1791350353124,\"ms\":29.8}","source":"console","time":"2026-10-07T05:19:13Z"}
{"level":"info","msg":"{\"ev\":\"accepted\",\"id\":\"ed4ea5db-9b20-414c-a72a-deb886263b5f\",\"t\":1791350353124}","source":"console","time":"2026-10-07T05:19:13Z"}
{"level":"info","msg":"{\"ev\":\"req\",\"route\":\"problem_list\",\"status\":200,\"t\":1791350353166,\"ms\":5.2}","source":"console","time":"2026-10-07T05:19:13Z"}
{"level":"info","msg":"{\"ev\":\"req\",\"route\":\"problem_detail\",\"status\":200,\"t\":1791350353265,\"ms\":4.9}","source":"console","time":"2026-10-07T05:19:13Z"}
{"level":"info","msg":"{\"ev\":\"req\",\"route\":\"history\",\"status\":200,\"t\":1791350353368,\"ms\":7.4}","source":"console","time":"2026-10-07T05:19:13Z"}
{"level":"info","msg":"{\"ev\":\"req\",\"route\":\"problem_list\",\"status\":200,\"t\":1791350353467,\"ms\":5.5}","source":"console","time":"2026-10-07T05:19:13Z"}
{"level":"info","msg":"{\"ev\":\"req\",\"route\":\"problem_detail\",\"status\":200,\"t\":1791350353565,\"ms\":4.9}","source":"console","time":"2026-10-07T05:19:13Z"}
{"level":"info","msg":"{\"ev\":\"req\",\"route\":\"history\",\"status\":200,\"t\":1791350353666,\"ms\":4.9}","source":"console","time":"2026-10-07T05:19:13Z"}
{"level":"info","msg":"{\"ev\":\"req\",\"route\":\"problem_list\",\"status\":200,\"t\":1791350353766,\"ms\":5.6}","source":"console","time":"2026-10-07T05:19:13Z"}
{"level":"info","msg":"{\"ev\":\"req\",\"route\":\"problem_detail\",\"status\":200,\"t\":1791350353872,\"ms\":11}","source":"console","time":"2026-10-07T05:19:13Z"}
{"level":"info","msg":"{\"ev\":\"req\",\"route\":\"history\",\"status\":200,\"t\":1791350353972,\"ms\":10.3}","source":"console","time":"2026-10-07T05:19:13Z"}
{"level":"info","msg":"{\"ev\":\"req\",\"route\":\"problem_list\",\"status\":200,\"t\":1791350354072,\"ms\":11.2}","source":"console","time":"2026-10-07T05:19:14Z"}
{"level":"info","msg":"{\"ev\":\"req\",\"route\":\"problem_detail\",\"status\":200,\"t\":1791350354172,\"ms\":10.3}","source":"console","time":"2026-10-07T05:19:14Z"}
{"level":"info","msg":"{\"ev\":\"req\",\"route\":\"history\",\"status\":200,\"t\":1791350354270,\"ms\":9.5}","source":"console","time":"2026-10-07T05:19:14Z"}
{"level":"info","msg":"{\"ev\":\"req\",\"route\":\"problem_list\",\"status\":200,\"t\":1791350354373,\"ms\":11.5}","source":"console","time":"2026-10-07T05:19:14Z"}
{"level":"info","msg":"{\"ev\":\"req\",\"route\":\"problem_detail\",\"status\":200,\"t\":1791350354481,\"ms\":20.4}","source":"console","time":"2026-10-07T05:19:14Z"}
{"level":"info","msg":"{\"ev\":\"req\",\"route\":\"history\",\"status\":200,\"t\":1791350354570,\"ms\":9.1}","source":"console","time":"2026-10-07T05:19:14Z"}
{"level":"info","msg":"{\"ev\":\"req\",\"route\":\"problem_list\",\"status\":200,\"t\":1791350354672,\"ms\":11.3}","source":"console","time":"2026-10-07T05:19:14Z"}
{"level":"info","msg":"{\"ev\":\"req\",\"route\":\"problem_detail\",\"status\":200,\"t\":1791350354770,\"ms\":10}","source":"console","time":"2026-10-07T05:19:14Z"}
{"level":"info","msg":"{\"ev\":\"req\",\"route\":\"submit\",\"status\":200,\"t\":1791350354785,\"ms\":24.6}","source":"console","time":"2026-10-07T05:19:14Z"}
{"level":"info","msg":"{\"ev\":\"accepted\",\"id\":\"8b672db8-bd13-4de5-ad41-732acccdc232\",\"t\":1791350354785}","source":"console","time":"2026-10-07T05:19:14Z"}
{"level":"info","msg":"{\"ev\":\"req\",\"route\":\"history\",\"status\":200,\"t\":1791350354868,\"ms\":6.9}","source":"console","time":"2026-10-07T05:19:14Z"}
{"level":"info","msg":"{\"ev\":\"req\",\"route\":\"problem_list\",\"status\":200,\"t\":1791350354968,\"ms\":7.7}","source":"console","time":"2026-10-07T05:19:14Z"}
{"level":"info","msg":"{\"ev\":\"req\",\"route\":\"problem_detail\",\"status\":200,\"t\":1791350355067,\"ms\":6.1}","source":"console","time":"2026-10-07T05:19:15Z"}
{"level":"info","msg":"{\"ev\":\"req\",\"route\":\"history\",\"status\":200,\"t\":1791350355170,\"ms\":8.4}","source":"console","time":"2026-10-07T05:19:15Z"}
{"level":"info","msg":"{\"ev\":\"req\",\"route\":\"problem_list\",\"status\":200,\"t\":1791350355267,\"ms\":6.6}","source":"console","time":"2026-10-07T05:19:15Z"}
{"level":"info","msg":"{\"ev\":\"req\",\"route\":\"problem_detail\",\"status\":200,\"t\":1791350355366,\"ms\":5.4}","source":"console","time":"2026-10-07T05:19:15Z"}
{"level":"info","msg":"{\"ev\":\"req\",\"route\":\"history\",\"status\":200,\"t\":1791350355470,\"ms\":8.8}","source":"console","time":"2026-10-07T05:19:15Z"}
{"level":"info","msg":"{\"ev\":\"req\",\"route\":\"problem_list\",\"status\":200,\"t\":1791350355573,\"ms\":11.3}","source":"console","time":"2026-10-07T05:19:15Z"}
{"level":"info","msg":"{\"ev\":\"req\",\"route\":\"problem_detail\",\"status\":200,\"t\":1791350355666,\"ms\":4.9}","source":"console","time":"2026-10-07T05:19:15Z"}
{"level":"info","msg":"{\"ev\":\"req\",\"route\":\"history\",\"status\":200,\"t\":1791350355771,\"ms\":9.8}","source":"console","time":"2026-10-07T05:19:15Z"}
{"level":"info","msg":"{\"ev\":\"req\",\"route\":\"problem_list\",\"status\":200,\"t\":1791350355866,\"ms\":4.8}","source":"console","time":"2026-10-07T05:19:15Z"}
{"level":"info","msg":"{\"ev\":\"req\",\"route\":\"problem_detail\",\"status\":200,\"t\":1791350355970,\"ms\":9.1}","source":"console","time":"2026-10-07T05:19:15Z"}
{"level":"info","msg":"{\"ev\":\"req\",\"route\":\"history\",\"status\":200,\"t\":1791350356070,\"ms\":9.2}","source":"console","time":"2026-10-07T05:19:16Z"}
{"level":"info","msg":"{\"ev\":\"req\",\"route\":\"problem_list\",\"status\":200,\"t\":1791350356171,\"ms\":9.4}","source":"console","time":"2026-10-07T05:19:16Z"}
{"level":"info","msg":"{\"ev\":\"req\",\"route\":\"problem_detail\",\"status\":200,\"t\":1791350356272,\"ms\":10.5}","source":"console","time":"2026-10-07T05:19:16Z"}
{"level":"info","msg":"{\"ev\":\"req\",\"route\":\"history\",\"status\":200,\"t\":1791350356366,\"ms\":4.8}","source":"console","time":"2026-10-07T05:19:16Z"}
{"level":"info","msg":"{\"ev\":\"req\",\"route\":\"submit\",\"status\":200,\"t\":1791350356450,\"ms\":22.6}","source":"console","time":"2026-10-07T05:19:16Z"}
{"level":"info","msg":"{\"ev\":\"accepted\",\"id\":\"23d28508-f595-4e70-9320-951ae878dcd5\",\"t\":1791350356450}","source":"console","time":"2026-10-07T05:19:16Z"}
{"level":"info","msg":"{\"ev\":\"req\",\"route\":\"problem_list\",\"status\":200,\"t\":1791350356470,\"ms\":9.5}","source":"console","time":"2026-10-07T05:19:16Z"}
{"level":"info","msg":"{\"ev\":\"req\",\"route\":\"problem_detail\",\"status\":200,\"t\":1791350356566,\"ms\":5.4}","source":"console","time":"2026-10-07T05:19:16Z"}
{"level":"info","msg":"{\"ev\":\"req\",\"route\":\"history\",\"status\":200,\"t\":1791350356666,\"ms\":5.6}","source":"console","time":"2026-10-07T05:19:16Z"}
{"level":"info","msg":"{\"ev\":\"req\",\"route\":\"problem_list\",\"status\":200,\"t\":1791350356767,\"ms\":5.7}","source":"console","time":"2026-10-07T05:19:16Z"}
{"level":"info","msg":"{\"ev\":\"req\",\"route\":\"problem_detail\",\"status\":200,\"t\":1791350356866,\"ms\":5.1}","source":"console","time":"2026-10-07T05:19:16Z"}
{"level":"info","msg":"{\"ev\":\"req\",\"route\":\"history\",\"status\":200,\"t\":1791350356967,\"ms\":5.3}","source":"console","time":"2026-10-07T05:19:16Z"}
{"level":"info","msg":"{\"ev\":\"req\",\"route\":\"problem_list\",\"status\":200,\"t\":1791350357067,\"ms\":5.5}","source":"console","time":"2026-10-07T05:19:17Z"}
{"level":"info","msg":"{\"ev\":\"req\",\"route\":\"problem_detail\",\"status\":200,\"t\":1791350357166,\"ms\":5.3}","source":"console","time":"2026-10-07T05:19:17Z"}
{"level":"info","msg":"{\"ev\":\"req\",\"route\":\"history\",\"status\":200,\"t\":1791350357269,\"ms\":7.6}","source":"console","time":"2026-10-07T05:19:17Z"}
{"level":"info","msg":"{\"ev\":\"req\",\"route\":\"problem_list\",\"status\":200,\"t\":1791350357371,\"ms\":10}","source":"console","time":"2026-10-07T05:19:17Z"}
{"level":"info","msg":"{\"ev\":\"req\",\"route\":\"problem_detail\",\"status\":200,\"t\":1791350357471,\"ms\":10.9}","source":"console","time":"2026-10-07T05:19:17Z"}
{"level":"info","msg":"{\"ev\":\"req\",\"route\":\"history\",\"status\":200,\"t\":1791350357571,\"ms\":10.9}","source":"console","time":"2026-10-07T05:19:17Z"}
{"level":"info","msg":"{\"ev\":\"req\",\"route\":\"problem_list\",\"status\":200,\"t\":1791350357672,\"ms\":11.7}","source":"console","time":"2026-10-07T05:19:17Z"}
{"level":"info","msg":"{\"ev\":\"req\",\"route\":\"problem_detail\",\"status\":200,\"t\":1791350357771,\"ms\":10.6}","source":"console","time":"2026-10-07T05:19:17Z"}
{"level":"info","msg":"{\"ev\":\"req\",\"route\":\"history\",\"status\":200,\"t\":1791350357870,\"ms\":9.3}","source":"console","time":"2026-10-07T05:19:17Z"}
{"level":"info","msg":"{\"ev\":\"req\",\"route\":\"problem_list\",\"status\":200,\"t\":1791350357972,\"ms\":11.3}","source":"console","time":"2026-10-07T05:19:17Z"}
{"level":"info","msg":"{\"ev\":\"req\",\"route\":\"problem_detail\",\"status\":200,\"t\":1791350358071,\"ms\":10.4}","source":"console","time":"2026-10-07T05:19:18Z"}
{"level":"info","msg":"{\"ev\":\"req\",\"route\":\"submit\",\"status\":200,\"t\":1791350358126,\"ms\":31.6}","source":"console","time":"2026-10-07T05:19:18Z"}
{"level":"info","msg":"{\"ev\":\"accepted\",\"id\":\"ffcf099b-dc32-4133-be4f-354600b26a72\",\"t\":1791350358127}","source":"console","time":"2026-10-07T05:19:18Z"}
{"level":"info","msg":"{\"ev\":\"req\",\"route\":\"history\",\"status\":200,\"t\":1791350358166,\"ms\":5}","source":"console","time":"2026-10-07T05:19:18Z"}
{"level":"info","msg":"{\"ev\":\"req\",\"route\":\"problem_list\",\"status\":200,\"t\":1791350358269,\"ms\":7.8}","source":"console","time":"2026-10-07T05:19:18Z"}
{"level":"info","msg":"{\"ev\":\"req\",\"route\":\"problem_detail\",\"status\":200,\"t\":1791350358369,\"ms\":7.8}","source":"console","time":"2026-10-07T05:19:18Z"}
{"level":"info","msg":"{\"ev\":\"req\",\"route\":\"history\",\"status\":200,\"t\":1791350358468,\"ms\":6.6}","source":"console","time":"2026-10-07T05:19:18Z"}
{"level":"info","msg":"{\"ev\":\"req\",\"route\":\"problem_list\",\"status\":200,\"t\":1791350358566,\"ms\":5.3}","source":"console","time":"2026-10-07T05:19:18Z"}
{"level":"info","msg":"{\"ev\":\"req\",\"route\":\"problem_detail\",\"status\":200,\"t\":1791350358665,\"ms\":4.5}","source":"console","time":"2026-10-07T05:19:18Z"}
{"level":"info","msg":"{\"ev\":\"req\",\"route\":\"history\",\"status\":200,\"t\":1791350358770,\"ms\":9.6}","source":"console","time":"2026-10-07T05:19:18Z"}
{"level":"info","msg":"{\"ev\":\"req\",\"route\":\"problem_list\",\"status\":200,\"t\":1791350358866,\"ms\":5.3}","source":"console","time":"2026-10-07T05:19:18Z"}
{"level":"info","msg":"{\"ev\":\"req\",\"route\":\"problem_detail\",\"status\":200,\"t\":1791350358972,\"ms\":10.9}","source":"console","time":"2026-10-07T05:19:18Z"}
{"level":"info","msg":"{\"ev\":\"req\",\"route\":\"history\",\"status\":200,\"t\":1791350359068,\"ms\":7.6}","source":"console","time":"2026-10-07T05:19:19Z"}
{"level":"info","msg":"{\"ev\":\"req\",\"route\":\"problem_list\",\"status\":200,\"t\":1791350359172,\"ms\":11.2}","source":"console","time":"2026-10-07T05:19:19Z"}
{"level":"info","msg":"{\"ev\":\"req\",\"route\":\"problem_detail\",\"status\":200,\"t\":1791350359272,\"ms\":11.2}","source":"console","time":"2026-10-07T05:19:19Z"}
{"level":"info","msg":"{\"ev\":\"req\",\"route\":\"history\",\"status\":200,\"t\":1791350359371,\"ms\":10.1}","source":"console","time":"2026-10-07T05:19:19Z"}
{"level":"info","msg":"{\"ev\":\"req\",\"route\":\"problem_list\",\"status\":200,\"t\":1791350359474,\"ms\":12.5}","source":"console","time":"2026-10-07T05:19:19Z"}
{"level":"info","msg":"{\"ev\":\"req\",\"route\":\"problem_detail\",\"status\":200,\"t\":1791350359566,\"ms\":5.5}","source":"console","time":"2026-10-07T05:19:19Z"}
{"level":"info","msg":"{\"ev\":\"req\",\"route\":\"history\",\"status\":200,\"t\":1791350359665,\"ms\":4.5}","source":"console","time":"2026-10-07T05:19:19Z"}
{"level":"info","msg":"{\"ev\":\"req\",\"route\":\"problem_list\",\"status\":200,\"t\":1791350359772,\"ms\":11.3}","source":"console","time":"2026-10-07T05:19:19Z"}
{"level":"info","msg":"{\"ev\":\"req\",\"route\":\"submit\",\"status\":200,\"t\":1791350359784,\"ms\":23.1}","source":"console","time":"2026-10-07T05:19:19Z"}
{"level":"info","msg":"{\"ev\":\"accepted\",\"id\":\"1c6494c0-e9d0-465c-92b4-2147c7c7317b\",\"t\":1791350359784}","source":"console","time":"2026-10-07T05:19:19Z"}
