{"level":"info","msg":"{\"ev\":\"setup-done\",\"t\":1791351965909}","source":"console","time":"2026-10-07T05:46:05Z"}
{"level":"info","msg":"{\"ev\":\"req\",\"route\":\"problem_list\",\"status\":200,\"t\":1791351965919,\"ms\":3.3}","source":"console","time":"2026-10-07T05:46:05Z"}
{"level":"info","msg":"{\"ev\":\"req\",\"route\":\"submit\",\"status\":200,\"t\":1791351965930,\"ms\":16}","source":"console","time":"2026-10-07T05:46:05Z"}
{"level":"info","msg":"{\"ev\":\"accepted\",\"id\":\"6c47f453-8ec8-4526-918c-e289a1187883\",\"t\":1791351965931}","source":"console","time":"2026-10-07T05:46:05Z"}
{"level":"info","msg":"{\"ev\":\"req\",\"route\":\"problem_detail\",\"status\":200,\"t\":1791351966020,\"ms\":3.3}","source":"console","time":"2026-10-07T05:46:06Z"}
{"level":"info","msg":"{\"ev\":\"req\",\"route\":\"history\",\"status\":200,\"t\":1791351966121,\"ms\":6}","source":"console","time":"2026-10-07T05:46:06Z"}
{"level":"info","msg":"{\"ev\":\"req\",\"route\":\"problem_list\",\"status\":200,\"t\":1791351966220,\"ms\":3.7}","source":"console","time":"2026-10-07T05:46:06Z"}
{"level":"info","msg":"{\"ev\":\"req\",\"route\":\"problem_detail\",\"status\":200,\"t\":1791351966318,\"ms\":3.1}","source":"console","time":"2026-10-07T05:46:06Z"}
{"level":"info","msg":"{\"ev\":\"req\",\"route\":\"history\",\"status\":200,\"t\":1791351966420,\"ms\":4.9}","source":"console","time":"2026-10-07T05:46:06Z"}
{"level":"info","msg":"{\"ev\":\"req\",\"route\":\"problem_list\",\"status\":200,\"t\":1791351966519,\"ms\":3.5}","source":"console","time":"2026-10-07T05:46:06Z"}
{"level":"info","msg":"{\"ev\":\"req\",\"route\":\"problem_detail\",\"status\":200,\"t\":1791351966619,\"ms\":3.9}","source":"console","time":"2026-10-07T05:46:06Z"}
{"level":"info","msg":"{\"ev\":\"req\",\"route\":\"history\",\"status\":200,\"t\":1791351966726,\"ms\":9.3}","source":"console","time":"2026-10-07T05:46:06Z"}
{"level":"info","msg":"{\"ev\":\"req\",\"route\":\"problem_list\",\"status\":200,\"t\":1791351966819,\"ms\":3.4}","source":"console","time":"2026-10-07T05:46:06Z"}
{"level":"info","msg":"{\"ev\":\"req\",\"route\":\"problem_detail\",\"status\":200,\"t\":1791351966918,\"ms\":3.3}","source":"console","time":"2026-10-07T05:46:06Z"}
{"level":"info","msg":"{\"ev\":\"req\",\"route\":\"history\",\"status\":200,\"t\":1791351967021,\"ms\":5.4}","source":"console","time":"2026-10-07T05:46:07Z"}
{"level":"info","msg":"{\"ev\":\"req\",\"route\":\"problem_list\",\"status\":200,\"t\":1791351967120,\"ms\":4.4}","source":"console","time":"2026-10-07T05:46:07Z"}
{"level":"info","msg":"{\"ev\":\"req\",\"route\":\"problem_detail\",\"status\":200,\"t\":1791351967219,\"ms\":3.4}","source":"console","time":"2026-10-07T05:46:07Z"}
{"level":"info","msg":"{\"ev\":\"req\",\"route\":\"history\",\"status\":200,\"t\":1791351967320,\"ms\":4.4}","source":"console","time":"2026-10-07T05:46:07Z"}
{"level":"info","msg":"{\"ev\":\"req\",\"route\":\"problem_list\",\"status\":200,\"t\":1791351967419,\"ms\":3.3}","source":"console","time":"2026-10-07T05:46:07Z"}
{"level":"info","msg":"{\"ev\":\"req\",\"route\":\"problem_detail\",\"status\":200,\"t\":1791351967519,\"ms\":3.2}","source":"console","time":"2026-10-07T05:46:07Z"}
{"level":"info","msg":"{\"ev\":\"req\",\"route\":\"submit\",\"status\":200,\"t\":1791351967604,\"ms\":21.7}","source":"console","time":"2026-10-07T05:46:07Z"}
{"level":"info","msg":"{\"ev\":\"accepted\",\"id\":\"032d12c1-83d2-4ac7-8c85-3309a6213e6c\",\"t\":1791351967604}","source":"console","time":"2026-10-07T05:46:07Z"}
{"level":"info","msg":"{\"ev\":\"req\",\"route\":\"history\",\"status\":200,\"t\":1791351967620,\"ms\":4.5}","source":"console","time":"2026-10-07T05:46:07Z"}
{"level":"info","msg":"{\"ev\":\"req\",\"route\":\"problem_list\",\"status\":200,\"t\":1791351967724,\"ms\":7.8}","source":"console","time":"2026-10-07T05:46:07Z"}
{"level":"info","msg":"{\"ev\":\"req\",\"route\":\"problem_detail\",\"status\":200,\"t\":1791351967820,\"ms\":4.3}","source":"console","time":"2026-10-07T05:46:07Z"}
{"level":"info","msg":"{\"ev\":\"req\",\"route\":\"history\",\"status\":200,\"t\":1791351967921,\"ms\":6.4}","source":"console","time":"2026-10-07T05:46:07Z"}
{"level":"info","msg":"{\"ev\":\"req\",\"route\":\"problem_list\",\"status\":200,\"t\":1791351968019,\"ms\":3.9}","source":"console","time":"2026-10-07T05:46:08Z"}
{"level":"info","msg":"{\"ev\":\"req\",\"route\":\"problem_detail\",\"status\":200,\"t\":1791351968117,\"ms\":2.9}","source":"console","time":"2026-10-07T05:46:08Z"}
{"level":"info","msg":"{\"ev\":\"req\",\"route\":\"history\",\"status\":200,\"t\":1791351968225,\"ms\":10.4}","source":"console","time":"2026-10-07T05:46:08Z"}
{"level":"info","msg":"{\"ev\":\"req\",\"route\":\"problem_list\",\"status\":200,\"t\":1791351968323,\"ms\":8}","source":"console","time":"2026-10-07T05:46:08Z"}
{"level":"info","msg":"{\"ev\":\"req\",\"route\":\"problem_detail\",\"status\":200,\"t\":1791351968422,\"ms\":7.7}","source":"console","time":"2026-10-07T05:46:08Z"}
{"level":"info","msg":"{\"ev\":\"req\",\"route\":\"history\",\"status\":200,\"t\":1791351968526,\"ms\":11.5}","source":"console","time":"2026-10-07T05:46:08Z"}
{"level":"info","msg":"{\"ev\":\"req\",\"route\":\"problem_list\",\"status\":200,\"t\":1791351968624,\"ms\":8.5}","source":"console","time":"2026-10-07T05:46:08Z"}
{"level":"info","msg":"{\"ev\":\"req\",\"route\":\"problem_detail\",\"status\":200,\"t\":1791351968723,\"ms\":7.7}","source":"console","time":"2026-10-07T05:46:08Z"}
{"level":"info","msg":"{\"ev\":\"req\",\"route\":\"history\",\"status\":200,\"t\":1791351968826,\"ms\":10.6}","source":"console","time":"2026-10-07T05:46:08Z"}
{"level":"info","msg":"{\"ev\":\"req\",\"route\":\"problem_list\",\"status\":200,\"t\":1791351968924,\"ms\":8.5}","source":"console","time":"2026-10-07T05:46:08Z"}
{"level":"info","msg":"{\"ev\":\"req\",\"route\":\"problem_detail\",\"status\":200,\"t\":1791351969018,\"ms\":3.4}","source":"console","time":"2026-10-07T05:46:09Z"}
{"level":"info","msg":"{\"ev\":\"req\",\"route\":\"history\",\"status\":200,\"t\":1791351969126,\"ms\":10}","source":"console","time":"2026-10-07T05:46:09Z"}
{"level":"info","msg":"{\"ev\":\"req\",\"route\":\"problem_list\",\"status\":200,\"t\":1791351969224,\"ms\":9.1}","source":"console","time":"2026-10-07T05:46:09Z"}
{"level":"info","msg":"{\"ev\":\"req\",\"route\":\"submit\",\"status\":200,\"t\":1791351969279,\"ms\":30.9}","source":"console","time":"2026-10-07T05:46:09Z"}
{"level":"info","msg":"{\"ev\":\"accepted\",\"id\":\"95a3fb61-3305-41e3-b1b0-3ce357c086da\",\"t\":1791351969279}","source":"console","time":"2026-10-07T05:46:09Z"}
{"level":"info","msg":"{\"ev\":\"req\",\"route\":\"problem_detail\",\"status\":200,\"t\":1791351969318,\"ms\":3.4}","source":"console","time":"2026-10-07T05:46:09Z"}
{"level":"info","msg":"{\"ev\":\"req\",\"route\":\"history\",\"status\":200,\"t\":1791351969420,\"ms\":5.5}","source":"console","time":"2026-10-07T05:46:09Z"}
{"level":"info","msg":"{\"ev\":\"req\",\"route\":\"problem_list\",\"status\":200,\"t\":1791351969518,\"ms\":4}","source":"console","time":"2026-10-07T05:46:09Z"}
{"level":"info","msg":"{\"ev\":\"req\",\"route\":\"problem_detail\",\"status\":200,\"t\":1791351969619,\"ms\":4.2}","source":"console","time":"2026-10-07T05:46:09Z"}
{"level":"info","msg":"{\"ev\":\"req\",\"route\":\"history\",\"status\":200,\"t\":1791351969720,\"ms\":5.2}","source":"console","time":"2026-10-07T05:46:09Z"}
{"level":"info","msg":"{\"ev\":\"req\",\"route\":\"problem_list\",\"status\":200,\"t\":1791351969819,\"ms\":4.1}","source":"console","time":"2026-10-07T05:46:09Z"}
{"level":"info","msg":"{\"ev\":\"req\",\"route\":\"problem_detail\",\"status\":200,\"t\":1791351969919,\"ms\":3.8}","source":"console","time":"2026-10-07T05:46:09Z"}
{"level":"info","msg":"{\"ev\":\"req\",\"route\":\"history\",\"status\":200,\"t\":1791351970021,\"ms\":6.5}","source":"console","time":"2026-10-07T05:46:10Z"}
{"level":"info","msg":"{\"ev\":\"req\",\"route\":\"problem_list\",\"status\":200,\"t\":1791351970118,\"ms\":3.4}","source":"console","time":"2026-10-07T05:46:10Z"}
{"level":"info","msg":"{\"ev\":\"req\",\"route\":\"problem_detail\",\"status\":200,\"t\":1791351970218,\"ms\":3.3}","source":"console","time":"2026-10-07T05:46:10Z"}
{"level":"info","msg":"{\"ev\":\"req\",\"route\":\"history\",\"status\":200,\"t\":1791351970320,\"ms\":4.8}","source":"console","time":"2026-10-07T05:46:10Z"}
{"level":"info","msg":"{\"ev\":\"req\",\"route\":\"problem_list\",\"status\":200,\"t\":1791351970424,\"ms\":8.3}","source":"console","time":"2026-10-07T05:46:10Z"}
{"level":"info","msg":"{\"ev\":\"req\",\"route\":\"problem_detail\",\"status\":200,\"t\":1791351970524,\"ms\":9.1}","source":"console","time":"2026-10-07T05:46:10Z"}
{"level":"info","msg":"{\"ev\":\"req\",\"route\":\"history\",\"status\":200,\"t\":1791351970626,\"ms\":11.3}","source":"console","time":"2026-10-07T05:46:10Z"}
{"level":"info","msg":"{\"ev\":\"req\",\"route\":\"problem_list\",\"status\":200,\"t\":1791351970723,\"ms\":7.3}","source":"console","time":"2026-10-07T05:46:10Z"}
{"level":"info","msg":"{\"ev\":\"req\",\"route\":\"problem_detail\",\"status\":200,\"t\":1791351970822,\"ms\":7.3}","source":"console","time":"2026-10-07T05:46:10Z"}
{"level":"info","msg":"{\"ev\":\"req\",\"route\":\"history\",\"status\":200,\"t\":1791351970924,\"ms\":10.2}","source":"console","time":"2026-10-07T05:46:10Z"}
{"level":"info","msg":"{\"ev\":\"req\",\"route\":\"submit\",\"status\":200,\"t\":1791351970935,\"ms\":21.2}","source":"console","time":"2026-10-07T05:46:10Z"}
{"level":"info","msg":"{\"ev\":\"accepted\",\"id\":\"ebf33813-c79c-4e9d-b891-809e8e0b6f9c\",\"t\":1791351970935}","source":"console","time":"2026-10-07T05:46:10Z"}
{"level":"info","msg":"{\"ev\":\"req\",\"route\":\"problem_list\",\"status\":200,\"t\":1791351971020,\"ms\":5}","source":"console","time":"2026-10-07T05:46:11Z"}
{"level":"info","msg":"{\"ev\":\"req\",\"route\":\"problem_detail\",\"status\":200,\"t\":1791351971120,\"ms\":5}","source":"console","time":"2026-10-07T05:46:11Z"}
{"level":"info","msg":"{\"ev\":\"req\",\"route\":\"history\",\"status\":200,\"t\":1791351971220,\"ms\":5.3}","source":"console","time":"2026-10-07T05:46:11Z"}
{"level":"info","msg":"{\"ev\":\"req\",\"route\":\"problem_list\",\"status\":200,\"t\":1791351971319,\"ms\":3.8}","source":"console","time":"2026-10-07T05:46:11Z"}
{"level":"info","msg":"{\"ev\":\"req\",\"route\":\"problem_detail\",\"status\":200,\"t\":1791351971418,\"ms\":3.3}","source":"console","time":"2026-10-07T05:46:11Z"}
{"level":"info","msg":"{\"ev\":\"req\",\"route\":\"history\",\"status\":200,\"t\":1791351971525,\"ms\":9.6}","source":"console","time":"2026-10-07T05:46:11Z"}
{"level":"info","msg":"{\"ev\":\"req\",\"route\":\"problem_list\",\"status\":200,\"t\":1791351971622,\"ms\":7.3}","source":"console","time":"2026-10-07T05:46:11Z"}
{"level":"info","msg":"{\"ev\":\"req\",\"route\":\"problem_detail\",\"status\":200,\"t\":1791351971723,\"ms\":8.7}","source":"console","time":"2026-10-07T05:46:11Z"}
{"level":"info","msg":"{\"ev\":\"req\",\"route\":\"history\",\"status\":200,\"t\":1791351971825,\"ms\":9.5}","source":"console","time":"2026-10-07T05:46:11Z"}
{"level":"info","msg":"{\"ev\":\"req\",\"route\":\"problem_list\",\"status\":200,\"t\":1791351971924,\"ms\":9.3}","source":"console","time":"2026-10-07T05:46:11Z"}
{"level":"info","msg":"{\"ev\":\"req\",\"route\":\"problem_detail\",\"status\":200,\"t\":1791351972022,\"ms\":7.5}","source":"console","time":"2026-10-07T05:46:12Z"}
{"level":"info","msg":"{\"ev\":\"req\",\"route\":\"history\",\"status\":200,\"t\":1791351972126,\"ms\":11.1}","source":"console","time":"2026-10-07T05:46:12Z"}
{"level":"info","msg":"{\"ev\":\"req\",\"route\":\"problem_list\",\"status\":200,\"t\":1791351972224,\"ms\":8.5}","source":"console","time":"2026-10-07T05:46:12Z"}
{"level":"info","msg":"{\"ev\":\"req\",\"route\":\"problem_detail\",\"status\":200,\"t\":1791351972323,\"ms\":7.5}","source":"console","time":"2026-10-07T05:46:12Z"}
{"level":"info","msg":"{\"ev\":\"req\",\"route\":\"history\",\"status\":200,\"t\":1791351972428,\"ms\":12.5}","source":"console","time":"2026-10-07T05:46:12Z"}
{"level":"info","msg":"{\"ev\":\"req\",\"route\":\"problem_list\",\"status\":200,\"t\":1791351972523,\"ms\":7.9}","source":"console","time":"2026-10-07T05:46:12Z"}
{"level":"info","msg":"{\"ev\":\"req\",\"route\":\"submit\",\"status\":200,\"t\":1791351972596,\"ms\":16}","source":"console","time":"2026-10-07T05:46:12Z"}
{"level":"info","msg":"{\"ev\":\"accepted\",\"id\":\"13d32a88-7fa7-4e8d-a81a-0d51e636ab99\",\"t\":1791351972596}","source":"console","time":"2026-10-07T05:46:12Z"}
{"level":"info","msg":"{\"ev\":\"req\",\"route\":\"problem_detail\",\"status\":200,\"t\":1791351972618,\"ms\":3.2}","source":"console","time":"2026-10-07T05:46:12Z"}
{"level":"info","msg":"{\"ev\":\"req\",\"route\":\"history\",\"status\":200,\"t\":1791351972719,\"ms\":4.3}","source":"console","time":"2026-10-07T05:46:12Z"}
{"level":"info","msg":"{\"ev\":\"req\",\"route\":\"problem_list\",\"status\":200,\"t\":1791351972819,\"ms\":4}","source":"console","time":"2026-10-07T05:46:12Z"}
{"level":"info","msg":"{\"ev\":\"req\",\"route\":\"problem_detail\",\"status\":200,\"t\":1791351972918,\"ms\":3.2}","source":"console","time":"2026-10-07T05:46:12Z"}
{"level":"info","msg":"{\"ev\":\"req\",\"route\":\"history\",\"status\":200,\"t\":1791351973020,\"ms\":4.6}","source":"console","time":"2026-10-07T05:46:13Z"}
{"level":"info","msg":"{\"ev\":\"req\",\"route\":\"problem_list\",\"status\":200,\"t\":1791351973118,\"ms\":3.5}","source":"console","time":"2026-10-07T05:46:13Z"}
{"level":"info","msg":"{\"ev\":\"req\",\"route\":\"problem_detail\",\"status\":200,\"t\":1791351973219,\"ms\":3.9}","source":"console","time":"2026-10-07T05:46:13Z"}
{"level":"info","msg":"{\"ev\":\"req\",\"route\":\"history\",\"status\":200,\"t\":1791351973325,\"ms\":10.3}","source":"console","time":"2026-10-07T05:46:13Z"}
{"level":"info","msg":"{\"ev\":\"req\",\"route\":\"problem_list\",\"status\":200,\"t\":1791351973422,\"ms\":7}","source":"console","time":"2026-10-07T05:46:13Z"}
{"level":"info","msg":"{\"ev\":\"req\",\"route\":\"problem_detail\",\"status\":200,\"t\":1791351973518,\"ms\":3.3}","source":"console","time":"2026-10-07T05:46:13Z"}
{"level":"info","msg":"{\"ev\":\"req\",\"route\":\"history\",\"status\":200,\"t\":1791351973624,\"ms\":9.6}","source":"console","time":"2026-10-07T05:46:13Z"}
{"level":"info","msg":"{\"ev\":\"req\",\"route\":\"problem_list\",\"status\":200,\"t\":1791351973723,\"ms\":8.3}","source":"console","time":"2026-10-07T05:46:13Z"}
{"level":"info","msg":"{\"ev\":\"req\",\"route\":\"problem_detail\",\"status\":200,\"t\":1791351973823,\"ms\":7.7}","source":"console","time":"2026-10-07T05:46:13Z"}
{"level":"info","msg":"{\"ev\":\"req\",\"route\":\"history\",\"status\":200,\"t\":1791351973927,\"ms\":11.9}","source":"console","time":"2026-10-07T05:46:13Z"}
{"level":"info","msg":"{\"ev\":\"req\",\"route\":\"problem_list\",\"status\":200,\"t\":1791351974023,\"ms\":8.2}","source":"console","time":"2026-10-07T05:46:14Z"}
{"level":"info","msg":"{\"ev\":\"req\",\"route\":\"problem_detail\",\"status\":200,\"t\":1791351974123,\"ms\":7.8}","source":"console","time":"2026-10-07T05:46:14Z"}
{"level":"info","msg":"{\"ev\":\"req\",\"route\":\"history\",\"status\":200,\"t\":1791351974223,\"ms\":7.9}","source":"console","time":"2026-10-07T05:46:14Z"}
{"level":"info","msg":"{\"ev\":\"req\",\"route\":\"submit\",\"status\":200,\"t\":1791351974278,\"ms\":29.9}","source":"console","time":"2026-10-07T05:46:14Z"}
{"level":"info","msg":"{\"ev\":\"accepted\",\"id\":\"a8b0c10a-e87a-4780-aa09-df0020c7a144\",\"t\":1791351974278}","source":"console","time":"2026-10-07T05:46:14Z"}
{"level":"info","msg":"{\"ev\":\"req\",\"route\":\"problem_list\",\"status\":200,\"t\":1791351974318,\"ms\":3.5}","source":"console","time":"2026-10-07T05:46:14Z"}
{"level":"info","msg":"{\"ev\":\"req\",\"route\":\"problem_detail\",\"status\":200,\"t\":1791351974420,\"ms\":4.7}","source":"console","time":"2026-10-07T05:46:14Z"}
{"level":"info","msg":"{\"ev\":\"req\",\"route\":\"history\",\"status\":200,\"t\":1791351974521,\"ms\":6.1}","source":"console","time":"2026-10-07T05:46:14Z"}
{"level":"info","msg":"{\"ev\":\"req\",\"route\":\"problem_list\",\"status\":200,\"t\":1791351974618,\"ms\":3.8}","source":"console","time":"2026-10-07T05:46:14Z"}
{"level":"info","msg":"{\"ev\":\"req\",\"route\":\"problem_detail\",\"status\":200,\"t\":1791351974719,\"ms\":4}","source":"console","time":"2026-10-07T05:46:14Z"}
{"level":"info","msg":"{\"ev\":\"req\",\"route\":\"history\",\"status\":200,\"t\":1791351974824,\"ms\":9.3}","source":"console","time":"2026-10-07T05:46:14Z"}
{"level":"info","msg":"{\"ev\":\"req\",\"route\":\"problem_list\",\"status\":200,\"t\":1791351974922,\"ms\":7.6}","source":"console","time":"2026-10-07T05:46:14Z"}
{"level":"info","msg":"{\"ev\":\"req\",\"route\":\"problem_detail\",\"status\":200,\"t\":1791351975022,\"ms\":7.6}","source":"console","time":"2026-10-07T05:46:15Z"}
{"level":"info","msg":"{\"ev\":\"req\",\"route\":\"history\",\"status\":200,\"t\":1791351975126,\"ms\":10.4}","source":"console","time":"2026-10-07T05:46:15Z"}
{"level":"info","msg":"{\"ev\":\"req\",\"route\":\"problem_list\",\"status\":200,\"t\":1791351975223,\"ms\":8.1}","source":"console","time":"2026-10-07T05:46:15Z"}
{"level":"info","msg":"{\"ev\":\"req\",\"route\":\"problem_detail\",\"status\":200,\"t\":1791351975323,\"ms\":7.7}","source":"console","time":"2026-10-07T05:46:15Z"}
{"level":"info","msg":"{\"ev\":\"req\",\"route\":\"history\",\"status\":200,\"t\":1791351975427,\"ms\":11.8}","source":"console","time":"2026-10-07T05:46:15Z"}
{"level":"info","msg":"{\"ev\":\"req\",\"route\":\"problem_list\",\"status\":200,\"t\":1791351975523,\"ms\":8.8}","source":"console","time":"2026-10-07T05:46:15Z"}
{"level":"info","msg":"{\"ev\":\"req\",\"route\":\"problem_detail\",\"status\":200,\"t\":1791351975618,\"ms\":3}","source":"console","time":"2026-10-07T05:46:15Z"}
{"level":"info","msg":"{\"ev\":\"req\",\"route\":\"history\",\"status\":200,\"t\":1791351975719,\"ms\":4.7}","source":"console","time":"2026-10-07T05:46:15Z"}
{"level":"info","msg":"{\"ev\":\"req\",\"route\":\"problem_list\",\"status\":200,\"t\":1791351975818,\"ms\":3.2}","source":"console","time":"2026-10-07T05:46:15Z"}
{"level":"info","msg":"{\"ev\":\"req\",\"route\":\"problem_detail\",\"status\":200,\"t\":1791351975922,\"ms\":7.3}","source":"console","time":"2026-10-07T05:46:15Z"}
{"level":"info","msg":"{\"ev\":\"req\",\"route\":\"submit\",\"status\":200,\"t\":1791351975934,\"ms\":19.5}","source":"console","time":"2026-10-07T05:46:15Z"}
{"level":"info","msg":"{\"ev\":\"accepted\",\"id\":\"29db0b49-c895-4238-a09e-acbdc44cc334\",\"t\":1791351975935}","source":"console","time":"2026-10-07T05:46:15Z"}
{"level":"info","msg":"{\"ev\":\"req\",\"route\":\"history\",\"status\":200,\"t\":1791351976026,\"ms\":11}","source":"console","time":"2026-10-07T05:46:16Z"}
{"level":"info","msg":"{\"ev\":\"req\",\"route\":\"problem_list\",\"status\":200,\"t\":1791351976118,\"ms\":3.3}","source":"console","time":"2026-10-07T05:46:16Z"}
{"level":"info","msg":"{\"ev\":\"req\",\"route\":\"problem_detail\",\"status\":200,\"t\":1791351976219,\"ms\":4.1}","source":"console","time":"2026-10-07T05:46:16Z"}
{"level":"info","msg":"{\"ev\":\"req\",\"route\":\"history\",\"status\":200,\"t\":1791351976320,\"ms\":4.9}","source":"console","time":"2026-10-07T05:46:16Z"}
{"level":"info","msg":"{\"ev\":\"req\",\"route\":\"problem_list\",\"status\":200,\"t\":1791351976418,\"ms\":3.5}","source":"console","time":"2026-10-07T05:46:16Z"}
{"level":"info","msg":"{\"ev\":\"req\",\"route\":\"problem_detail\",\"status\":200,\"t\":1791351976519,\"ms\":3.7}","source":"console","time":"2026-10-07T05:46:16Z"}
{"level":"info","msg":"{\"ev\":\"req\",\"route\":\"history\",\"status\":200,\"t\":1791351976620,\"ms\":5.5}","source":"console","time":"2026-10-07T05:46:16Z"}
{"level":"info","msg":"{\"ev\":\"req\",\"route\":\"problem_list\",\"status\":200,\"t\":1791351976719,\"ms\":3.9}","source":"console","time":"2026-10-07T05:46:16Z"}
{"level":"info","msg":"{\"ev\":\"req\",\"route\":\"problem_detail\",\"status\":200,\"t\":1791351976821,\"ms\":6.9}","source":"console","time":"2026-10-07T05:46:16Z"}
{"level":"info","msg":"{\"ev\":\"req\",\"route\":\"history\",\"status\":200,\"t\":1791351976927,\"ms\":11.8}","source":"console","time":"2026-10-07T05:46:16Z"}
{"level":"info","msg":"{\"ev\":\"req\",\"route\":\"problem_list\",\"status\":200,\"t\":1791351977024,\"ms\":8.9}","source":"console","time":"2026-10-07T05:46:17Z"}
{"level":"info","msg":"{\"ev\":\"req\",\"route\":\"problem_detail\",\"status\":200,\"t\":1791351977123,\"ms\":8.1}","source":"console","time":"2026-10-07T05:46:17Z"}
{"level":"info","msg":"{\"ev\":\"req\",\"route\":\"history\",\"status\":200,\"t\":1791351977226,\"ms\":10.1}","source":"console","time":"2026-10-07T05:46:17Z"}
{"level":"info","msg":"{\"ev\":\"req\",\"route\":\"problem_list\",\"status\":200,\"t\":1791351977320,\"ms\":5.7}","source":"console","time":"2026-10-07T05:46:17Z"}
{"level":"info","msg":"{\"ev\":\"req\",\"route\":\"problem_detail\",\"status\":200,\"t\":1791351977423,\"ms\":7.5}","source":"console","time":"2026-10-07T05:46:17Z"}
{"level":"info","msg":"{\"ev\":\"req\",\"route\":\"history\",\"status\":200,\"t\":1791351977525,\"ms\":10.4}","source":"console","time":"2026-10-07T05:46:17Z"}
{"level":"info","msg":"{\"ev\":\"req\",\"route\":\"submit\",\"status\":200,\"t\":1791351977596,\"ms\":15.2}","source":"console","time":"2026-10-07T05:46:17Z"}
{"level":"info","msg":"{\"ev\":\"accepted\",\"id\":\"5c11502b-9a5c-403b-a8a3-1d77ad257e23\",\"t\":1791351977596}","source":"console","time":"2026-10-07T05:46:17Z"}
{"level":"info","msg":"{\"ev\":\"req\",\"route\":\"problem_list\",\"status\":200,\"t\":1791351977618,\"ms\":3.8}","source":"console","time":"2026-10-07T05:46:17Z"}
{"level":"info","msg":"{\"ev\":\"req\",\"route\":\"problem_detail\",\"status\":200,\"t\":1791351977720,\"ms\":4.9}","source":"console","time":"2026-10-07T05:46:17Z"}
{"level":"info","msg":"{\"ev\":\"req\",\"route\":\"history\",\"status\":200,\"t\":1791351977826,\"ms\":10.7}","source":"console","time":"2026-10-07T05:46:17Z"}
{"level":"info","msg":"{\"ev\":\"req\",\"route\":\"problem_list\",\"status\":200,\"t\":1791351977920,\"ms\":4.8}","source":"console","time":"2026-10-07T05:46:17Z"}
{"level":"info","msg":"{\"ev\":\"req\",\"route\":\"problem_detail\",\"status\":200,\"t\":1791351978019,\"ms\":4}","source":"console","time":"2026-10-07T05:46:18Z"}
{"level":"info","msg":"{\"ev\":\"req\",\"route\":\"history\",\"status\":200,\"t\":1791351978120,\"ms\":6}","source":"console","time":"2026-10-07T05:46:18Z"}
{"level":"info","msg":"{\"ev\":\"req\",\"route\":\"problem_list\",\"status\":200,\"t\":1791351978219,\"ms\":3.9}","source":"console","time":"2026-10-07T05:46:18Z"}
{"level":"info","msg":"{\"ev\":\"req\",\"route\":\"problem_detail\",\"status\":200,\"t\":1791351978318,\"ms\":3.7}","source":"console","time":"2026-10-07T05:46:18Z"}
{"level":"info","msg":"{\"ev\":\"req\",\"route\":\"history\",\"status\":200,\"t\":1791351978421,\"ms\":6.2}","source":"console","time":"2026-10-07T05:46:18Z"}
{"level":"info","msg":"{\"ev\":\"req\",\"route\":\"problem_list\",\"status\":200,\"t\":1791351978519,\"ms\":4}","source":"console","time":"2026-10-07T05:46:18Z"}
{"level":"info","msg":"{\"ev\":\"req\",\"route\":\"problem_detail\",\"status\":200,\"t\":1791351978618,\"ms\":3.3}","source":"console","time":"2026-10-07T05:46:18Z"}
{"level":"info","msg":"{\"ev\":\"req\",\"route\":\"history\",\"status\":200,\"t\":1791351978724,\"ms\":8.9}","source":"console","time":"2026-10-07T05:46:18Z"}
{"level":"info","msg":"{\"ev\":\"req\",\"route\":\"problem_list\",\"status\":200,\"t\":1791351978818,\"ms\":3.3}","source":"console","time":"2026-10-07T05:46:18Z"}
{"level":"info","msg":"{\"ev\":\"req\",\"route\":\"problem_detail\",\"status\":200,\"t\":1791351978922,\"ms\":6.9}","source":"console","time":"2026-10-07T05:46:18Z"}
{"level":"info","msg":"{\"ev\":\"req\",\"route\":\"history\",\"status\":200,\"t\":1791351979024,\"ms\":9.2}","source":"console","time":"2026-10-07T05:46:19Z"}
{"level":"info","msg":"{\"ev\":\"req\",\"route\":\"problem_list\",\"status\":200,\"t\":1791351979123,\"ms\":8}","source":"console","time":"2026-10-07T05:46:19Z"}
{"level":"info","msg":"{\"ev\":\"req\",\"route\":\"problem_detail\",\"status\":200,\"t\":1791351979223,\"ms\":8.1}","source":"console","time":"2026-10-07T05:46:19Z"}
{"level":"info","msg":"{\"ev\":\"req\",\"route\":\"submit\",\"status\":200,\"t\":1791351979259,\"ms\":13}","source":"console","time":"2026-10-07T05:46:19Z"}
{"level":"info","msg":"{\"ev\":\"accepted\",\"id\":\"e16c0ccd-dd9f-4624-9ad0-9f92937d15a7\",\"t\":1791351979259}","source":"console","time":"2026-10-07T05:46:19Z"}
{"level":"info","msg":"{\"ev\":\"req\",\"route\":\"history\",\"status\":200,\"t\":1791351979319,\"ms\":4.8}","source":"console","time":"2026-10-07T05:46:19Z"}
{"level":"info","msg":"{\"ev\":\"req\",\"route\":\"problem_list\",\"status\":200,\"t\":1791351979420,\"ms\":4.5}","source":"console","time":"2026-10-07T05:46:19Z"}
{"level":"info","msg":"{\"ev\":\"req\",\"route\":\"problem_detail\",\"status\":200,\"t\":1791351979517,\"ms\":3.1}","source":"console","time":"2026-10-07T05:46:19Z"}
{"level":"info","msg":"{\"ev\":\"req\",\"route\":\"history\",\"status\":200,\"t\":1791351979619,\"ms\":4.6}","source":"console","time":"2026-10-07T05:46:19Z"}
{"level":"info","msg":"{\"ev\":\"req\",\"route\":\"problem_list\",\"status\":200,\"t\":1791351979719,\"ms\":4.5}","source":"console","time":"2026-10-07T05:46:19Z"}
{"level":"info","msg":"{\"ev\":\"req\",\"route\":\"problem_detail\",\"status\":200,\"t\":1791351979818,\"ms\":3.3}","source":"console","time":"2026-10-07T05:46:19Z"}
{"level":"info","msg":"{\"ev\":\"req\",\"route\":\"history\",\"status\":200,\"t\":1791351979920,\"ms\":5.4}","source":"console","time":"2026-10-07T05:46:19Z"}
{"level":"info","msg":"{\"ev\":\"req\",\"route\":\"problem_list\",\"status\":200,\"t\":1791351980023,\"ms\":8.5}","source":"console","time":"2026-10-07T05:46:20Z"}
{"level":"info","msg":"{\"ev\":\"req\",\"route\":\"problem_detail\",\"status\":200,\"t\":1791351980119,\"ms\":3.6}","source":"console","time":"2026-10-07T05:46:20Z"}
{"level":"info","msg":"{\"ev\":\"req\",\"route\":\"history\",\"status\":200,\"t\":1791351980226,\"ms\":10.8}","source":"console","time":"2026-10-07T05:46:20Z"}
{"level":"info","msg":"{\"ev\":\"req\",\"route\":\"problem_list\",\"status\":200,\"t\":1791351980324,\"ms\":8.5}","source":"console","time":"2026-10-07T05:46:20Z"}
{"level":"info","msg":"{\"ev\":\"req\",\"route\":\"problem_detail\",\"status\":200,\"t\":1791351980423,\"ms\":7.9}","source":"console","time":"2026-10-07T05:46:20Z"}
{"level":"info","msg":"{\"ev\":\"req\",\"route\":\"history\",\"status\":200,\"t\":1791351980527,\"ms\":11.6}","source":"console","time":"2026-10-07T05:46:20Z"}
{"level":"info","msg":"{\"ev\":\"req\",\"route\":\"problem_list\",\"status\":200,\"t\":1791351980624,\"ms\":8.7}","source":"console","time":"2026-10-07T05:46:20Z"}
{"level":"info","msg":"{\"ev\":\"req\",\"route\":\"problem_detail\",\"status\":200,\"t\":1791351980724,\"ms\":8.1}","source":"console","time":"2026-10-07T05:46:20Z"}
{"level":"info","msg":"{\"ev\":\"req\",\"route\":\"history\",\"status\":200,\"t\":1791351980824,\"ms\":9.6}","source":"console","time":"2026-10-07T05:46:20Z"}
{"level":"info","msg":"{\"ev\":\"req\",\"route\":\"problem_list\",\"status\":200,\"t\":1791351980924,\"ms\":9.4}","source":"console","time":"2026-10-07T05:46:20Z"}
{"level":"info","msg":"{\"ev\":\"req\",\"route\":\"submit\",\"status\":200,\"t\":1791351980939,\"ms\":23.7}","source":"console","time":"2026-10-07T05:46:20Z"}
{"level":"info","msg":"{\"ev\":\"accepted\",\"id\":\"c586434c-2f47-4733-86f3-294cda644a66\",\"t\":1791351980939}","source":"console","time":"2026-10-07T05:46:20Z"}
{"level":"info","msg":"{\"ev\":\"req\",\"route\":\"problem_detail\",\"status\":200,\"t\":1791351981021,\"ms\":6}","source":"console","time":"2026-10-07T05:46:21Z"}
{"level":"info","msg":"{\"ev\":\"req\",\"route\":\"history\",\"status\":200,\"t\":1791351981122,\"ms\":6.9}","source":"console","time":"2026-10-07T05:46:21Z"}
{"level":"info","msg":"{\"ev\":\"req\",\"route\":\"problem_list\",\"status\":200,\"t\":1791351981224,\"ms\":9.4}","source":"console","time":"2026-10-07T05:46:21Z"}
{"level":"info","msg":"{\"ev\":\"req\",\"route\":\"problem_detail\",\"status\":200,\"t\":1791351981319,\"ms\":4.3}","source":"console","time":"2026-10-07T05:46:21Z"}
{"level":"info","msg":"{\"ev\":\"req\",\"route\":\"history\",\"status\":200,\"t\":1791351981419,\"ms\":4.3}","source":"console","time":"2026-10-07T05:46:21Z"}
{"level":"info","msg":"{\"ev\":\"req\",\"route\":\"problem_list\",\"status\":200,\"t\":1791351981521,\"ms\":6}","source":"console","time":"2026-10-07T05:46:21Z"}
{"level":"info","msg":"{\"ev\":\"req\",\"route\":\"problem_detail\",\"status\":200,\"t\":1791351981623,\"ms\":7.7}","source":"console","time":"2026-10-07T05:46:21Z"}
{"level":"info","msg":"{\"ev\":\"req\",\"route\":\"history\",\"status\":200,\"t\":1791351981725,\"ms\":9.8}","source":"console","time":"2026-10-07T05:46:21Z"}
{"level":"info","msg":"{\"ev\":\"req\",\"route\":\"problem_list\",\"status\":200,\"t\":1791351981823,\"ms\":8.2}","source":"console","time":"2026-10-07T05:46:21Z"}
{"level":"info","msg":"{\"ev\":\"req\",\"route\":\"problem_detail\",\"status\":200,\"t\":1791351981918,\"ms\":3}","source":"console","time":"2026-10-07T05:46:21Z"}
{"level":"info","msg":"{\"ev\":\"req\",\"route\":\"history\",\"status\":200,\"t\":1791351982027,\"ms\":12}","source":"console","time":"2026-10-07T05:46:22Z"}
{"level":"info","msg":"{\"ev\":\"req\",\"route\":\"problem_list\",\"status\":200,\"t\":1791351982124,\"ms\":8.5}","source":"console","time":"2026-10-07T05:46:22Z"}
{"level":"info","msg":"{\"ev\":\"req\",\"route\":\"problem_detail\",\"status\":200,\"t\":1791351982217,\"ms\":2.5}","source":"console","time":"2026-10-07T05:46:22Z"}
{"level":"info","msg":"{\"ev\":\"req\",\"route\":\"history\",\"status\":200,\"t\":1791351982320,\"ms\":5.1}","source":"console","time":"2026-10-07T05:46:22Z"}
{"level":"info","msg":"{\"ev\":\"req\",\"route\":\"problem_list\",\"status\":200,\"t\":1791351982423,\"ms\":8.1}","source":"console","time":"2026-10-07T05:46:22Z"}
{"level":"info","msg":"{\"ev\":\"req\",\"route\":\"problem_detail\",\"status\":200,\"t\":1791351982523,\"ms\":7.8}","source":"console","time":"2026-10-07T05:46:22Z"}
{"level":"info","msg":"{\"ev\":\"req\",\"route\":\"submit\",\"status\":200,\"t\":1791351982611,\"ms\":32}","source":"console","time":"2026-10-07T05:46:22Z"}
{"level":"info","msg":"{\"ev\":\"accepted\",\"id\":\"76a26dcf-2ce2-4a56-9bfd-91e5a8bf6f90\",\"t\":1791351982611}","source":"console","time":"2026-10-07T05:46:22Z"}
{"level":"info","msg":"{\"ev\":\"req\",\"route\":\"history\",\"status\":200,\"t\":1791351982625,\"ms\":9.9}","source":"console","time":"2026-10-07T05:46:22Z"}
{"level":"info","msg":"{\"ev\":\"req\",\"route\":\"problem_list\",\"status\":200,\"t\":1791351982718,\"ms\":3.9}","source":"console","time":"2026-10-07T05:46:22Z"}
{"level":"info","msg":"{\"ev\":\"req\",\"route\":\"problem_detail\",\"status\":200,\"t\":1791351982818,\"ms\":3.1}","source":"console","time":"2026-10-07T05:46:22Z"}
{"level":"info","msg":"{\"ev\":\"req\",\"route\":\"history\",\"status\":200,\"t\":1791351982920,\"ms\":4.8}","source":"console","time":"2026-10-07T05:46:22Z"}
{"level":"info","msg":"{\"ev\":\"req\",\"route\":\"problem_list\",\"status\":200,\"t\":1791351983019,\"ms\":4.2}","source":"console","time":"2026-10-07T05:46:23Z"}
{"level":"info","msg":"{\"ev\":\"req\",\"route\":\"problem_detail\",\"status\":200,\"t\":1791351983118,\"ms\":3.6}","source":"console","time":"2026-10-07T05:46:23Z"}
{"level":"info","msg":"{\"ev\":\"req\",\"route\":\"history\",\"status\":200,\"t\":1791351983220,\"ms\":4.8}","source":"console","time":"2026-10-07T05:46:23Z"}
{"level":"info","msg":"{\"ev\":\"req\",\"route\":\"problem_list\",\"status\":200,\"t\":1791351983322,\"ms\":6.9}","source":"console","time":"2026-10-07T05:46:23Z"}
{"level":"info","msg":"{\"ev\":\"req\",\"route\":\"problem_detail\",\"status\":200,\"t\":1791351983422,\"ms\":7.1}","source":"console","time":"2026-10-07T05:46:23Z"}
{"level":"info","msg":"{\"ev\":\"req\",\"route\":\"history\",\"status\":200,\"t\":1791351983527,\"ms\":11.3}","source":"console","time":"2026-10-07T05:46:23Z"}
{"level":"info","msg":"{\"ev\":\"req\",\"route\":\"problem_list\",\"status\":200,\"t\":1791351983623,\"ms\":8.2}","source":"console","time":"2026-10-07T05:46:23Z"}
{"level":"info","msg":"{\"ev\":\"req\",\"route\":\"problem_detail\",\"status\":200,\"t\":1791351983718,\"ms\":3}","source":"console","time":"2026-10-07T05:46:23Z"}
{"level":"info","msg":"{\"ev\":\"req\",\"route\":\"history\",\"status\":200,\"t\":1791351983825,\"ms\":10}","source":"console","time":"2026-10-07T05:46:23Z"}
{"level":"info","msg":"{\"ev\":\"req\",\"route\":\"problem_list\",\"status\":200,\"t\":1791351983923,\"ms\":7.8}","source":"console","time":"2026-10-07T05:46:23Z"}
{"level":"info","msg":"{\"ev\":\"req\",\"route\":\"problem_detail\",\"status\":200,\"t\":1791351984021,\"ms\":6.5}","source":"console","time":"2026-10-07T05:46:24Z"}
{"level":"info","msg":"{\"ev\":\"req\",\"route\":\"history\",\"status\":200,\"t\":1791351984126,\"ms\":11.8}","source":"console","time":"2026-10-07T05:46:24Z"}
{"level":"info","msg":"{\"ev\":\"req\",\"route\":\"problem_list\",\"status\":200,\"t\":1791351984223,\"ms\":8.4}","source":"console","time":"2026-10-07T05:46:24Z"}
{"level":"info","msg":"{\"ev\":\"req\",\"route\":\"submit\",\"status\":200,\"t\":1791351984272,\"ms\":25.9}","source":"console","time":"2026-10-07T05:46:24Z"}
{"level":"info","msg":"{\"ev\":\"accepted\",\"id\":\"060d0e40-7457-4a90-b2aa-fa80e4c84269\",\"t\":1791351984273}","source":"console","time":"2026-10-07T05:46:24Z"}
{"level":"info","msg":"{\"ev\":\"req\",\"route\":\"problem_detail\",\"status\":200,\"t\":1791351984320,\"ms\":5.2}","source":"console","time":"2026-10-07T05:46:24Z"}
{"level":"info","msg":"{\"ev\":\"req\",\"route\":\"history\",\"status\":200,\"t\":1791351984422,\"ms\":7.3}","source":"console","time":"2026-10-07T05:46:24Z"}
{"level":"info","msg":"{\"ev\":\"req\",\"route\":\"problem_list\",\"status\":200,\"t\":1791351984519,\"ms\":3.8}","source":"console","time":"2026-10-07T05:46:24Z"}
{"level":"info","msg":"{\"ev\":\"req\",\"route\":\"problem_detail\",\"status\":200,\"t\":1791351984618,\"ms\":3.4}","source":"console","time":"2026-10-07T05:46:24Z"}
{"level":"info","msg":"{\"ev\":\"req\",\"route\":\"history\",\"status\":200,\"t\":1791351984720,\"ms\":5.6}","source":"console","time":"2026-10-07T05:46:24Z"}
{"level":"info","msg":"{\"ev\":\"req\",\"route\":\"problem_list\",\"status\":200,\"t\":1791351984818,\"ms\":3.5}","source":"console","time":"2026-10-07T05:46:24Z"}
{"level":"info","msg":"{\"ev\":\"req\",\"route\":\"problem_detail\",\"status\":200,\"t\":1791351984919,\"ms\":4.2}","source":"console","time":"2026-10-07T05:46:24Z"}
{"level":"info","msg":"{\"ev\":\"req\",\"route\":\"history\",\"status\":200,\"t\":1791351985026,\"ms\":10.6}","source":"console","time":"2026-10-07T05:46:25Z"}
{"level":"info","msg":"{\"ev\":\"req\",\"route\":\"problem_list\",\"status\":200,\"t\":1791351985123,\"ms\":8.6}","source":"console","time":"2026-10-07T05:46:25Z"}
{"level":"info","msg":"{\"ev\":\"req\",\"route\":\"problem_detail\",\"status\":200,\"t\":1791351985218,\"ms\":3.3}","source":"console","time":"2026-10-07T05:46:25Z"}
{"level":"info","msg":"{\"ev\":\"req\",\"route\":\"history\",\"status\":200,\"t\":1791351985319,\"ms\":4.4}","source":"console","time":"2026-10-07T05:46:25Z"}
{"level":"info","msg":"{\"ev\":\"req\",\"route\":\"problem_list\",\"status\":200,\"t\":1791351985423,\"ms\":7.9}","source":"console","time":"2026-10-07T05:46:25Z"}
{"level":"info","msg":"{\"ev\":\"req\",\"route\":\"problem_detail\",\"status\":200,\"t\":1791351985523,\"ms\":7.7}","source":"console","time":"2026-10-07T05:46:25Z"}
{"level":"info","msg":"{\"ev\":\"req\",\"route\":\"history\",\"status\":200,\"t\":1791351985625,\"ms\":10.3}","source":"console","time":"2026-10-07T05:46:25Z"}
{"level":"info","msg":"{\"ev\":\"req\",\"route\":\"problem_list\",\"status\":200,\"t\":1791351985724,\"ms\":8.2}","source":"console","time":"2026-10-07T05:46:25Z"}
{"level":"info","msg":"{\"ev\":\"req\",\"route\":\"problem_detail\",\"status\":200,\"t\":1791351985823,\"ms\":7.3}","source":"console","time":"2026-10-07T05:46:25Z"}
{"level":"info","msg":"{\"ev\":\"req\",\"route\":\"history\",\"status\":200,\"t\":1791351985927,\"ms\":11.9}","source":"console","time":"2026-10-07T05:46:25Z"}
{"level":"info","msg":"{\"ev\":\"req\",\"route\":\"submit\",\"status\":200,\"t\":1791351985940,\"ms\":26.7}","source":"console","time":"2026-10-07T05:46:25Z"}
{"level":"info","msg":"{\"ev\":\"accepted\",\"id\":\"d0337907-db34-4c07-8707-a724a7090191\",\"t\":1791351985940}","source":"console","time":"2026-10-07T05:46:25Z"}
{"level":"info","msg":"{\"ev\":\"req\",\"route\":\"problem_list\",\"status\":200,\"t\":1791351986018,\"ms\":3.4}","source":"console","time":"2026-10-07T05:46:26Z"}
{"level":"info","msg":"{\"ev\":\"req\",\"route\":\"problem_detail\",\"status\":200,\"t\":1791351986118,\"ms\":3.8}","source":"console","time":"2026-10-07T05:46:26Z"}
{"level":"info","msg":"{\"ev\":\"req\",\"route\":\"history\",\"status\":200,\"t\":1791351986220,\"ms\":5.2}","source":"console","time":"2026-10-07T05:46:26Z"}
{"level":"info","msg":"{\"ev\":\"req\",\"route\":\"problem_list\",\"status\":200,\"t\":1791351986318,\"ms\":3.6}","source":"console","time":"2026-10-07T05:46:26Z"}
{"level":"info","msg":"{\"ev\":\"req\",\"route\":\"problem_detail\",\"status\":200,\"t\":1791351986418,\"ms\":3.3}","source":"console","time":"2026-10-07T05:46:26Z"}
{"level":"info","msg":"{\"ev\":\"req\",\"route\":\"history\",\"status\":200,\"t\":1791351986520,\"ms\":5.6}","source":"console","time":"2026-10-07T05:46:26Z"}
{"level":"info","msg":"{\"ev\":\"req\",\"route\":\"problem_list\",\"status\":200,\"t\":1791351986621,\"ms\":5.5}","source":"console","time":"2026-10-07T05:46:26Z"}
{"level":"info","msg":"{\"ev\":\"req\",\"route\":\"problem_detail\",\"status\":200,\"t\":1791351986722,\"ms\":7.1}","source":"console","time":"2026-10-07T05:46:26Z"}
{"level":"info","msg":"{\"ev\":\"req\",\"route\":\"history\",\"status\":200,\"t\":1791351986826,\"ms\":10.5}","source":"console","time":"2026-10-07T05:46:26Z"}
{"level":"info","msg":"{\"ev\":\"req\",\"route\":\"problem_list\",\"status\":200,\"t\":1791351986924,\"ms\":8.4}","source":"console","time":"2026-10-07T05:46:26Z"}
{"level":"info","msg":"{\"ev\":\"req\",\"route\":\"problem_detail\",\"status\":200,\"t\":1791351987023,\"ms\":8.3}","source":"console","time":"2026-10-07T05:46:27Z"}
{"level":"info","msg":"{\"ev\":\"req\",\"route\":\"history\",\"status\":200,\"t\":1791351987125,\"ms\":9.8}","source":"console","time":"2026-10-07T05:46:27Z"}
{"level":"info","msg":"{\"ev\":\"req\",\"route\":\"problem_list\",\"status\":200,\"t\":1791351987222,\"ms\":7.6}","source":"console","time":"2026-10-07T05:46:27Z"}
{"level":"info","msg":"{\"ev\":\"req\",\"route\":\"problem_detail\",\"status\":200,\"t\":1791351987322,\"ms\":7.4}","source":"console","time":"2026-10-07T05:46:27Z"}
{"level":"info","msg":"{\"ev\":\"req\",\"route\":\"history\",\"status\":200,\"t\":1791351987424,\"ms\":9.6}","source":"console","time":"2026-10-07T05:46:27Z"}
{"level":"info","msg":"{\"ev\":\"req\",\"route\":\"problem_list\",\"status\":200,\"t\":1791351987522,\"ms\":7.7}","source":"console","time":"2026-10-07T05:46:27Z"}
{"level":"info","msg":"{\"ev\":\"req\",\"route\":\"submit\",\"status\":200,\"t\":1791351987589,\"ms\":10.4}","source":"console","time":"2026-10-07T05:46:27Z"}
{"level":"info","msg":"{\"ev\":\"accepted\",\"id\":\"c2c4b322-8884-4045-ae59-6eef4c9626c1\",\"t\":1791351987590}","source":"console","time":"2026-10-07T05:46:27Z"}
{"level":"info","msg":"{\"ev\":\"req\",\"route\":\"problem_detail\",\"status\":200,\"t\":1791351987618,\"ms\":3.4}","source":"console","time":"2026-10-07T05:46:27Z"}
{"level":"info","msg":"{\"ev\":\"req\",\"route\":\"history\",\"status\":200,\"t\":1791351987727,\"ms\":11.8}","source":"console","time":"2026-10-07T05:46:27Z"}
{"level":"info","msg":"{\"ev\":\"req\",\"route\":\"problem_list\",\"status\":200,\"t\":1791351987821,\"ms\":5.8}","source":"console","time":"2026-10-07T05:46:27Z"}
{"level":"info","msg":"{\"ev\":\"req\",\"route\":\"problem_detail\",\"status\":200,\"t\":1791351987919,\"ms\":4.6}","source":"console","time":"2026-10-07T05:46:27Z"}
{"level":"info","msg":"{\"ev\":\"req\",\"route\":\"history\",\"status\":200,\"t\":1791351988020,\"ms\":5.6}","source":"console","time":"2026-10-07T05:46:28Z"}
{"level":"info","msg":"{\"ev\":\"req\",\"route\":\"problem_list\",\"status\":200,\"t\":1791351988123,\"ms\":7.4}","source":"console","time":"2026-10-07T05:46:28Z"}
{"level":"info","msg":"{\"ev\":\"req\",\"route\":\"problem_detail\",\"status\":200,\"t\":1791351988222,\"ms\":6.9}","source":"console","time":"2026-10-07T05:46:28Z"}
{"level":"info","msg":"{\"ev\":\"req\",\"route\":\"history\",\"status\":200,\"t\":1791351988327,\"ms\":11.9}","source":"console","time":"2026-10-07T05:46:28Z"}
{"level":"info","msg":"{\"ev\":\"req\",\"route\":\"problem_list\",\"status\":200,\"t\":1791351988418,\"ms\":3.8}","source":"console","time":"2026-10-07T05:46:28Z"}
{"level":"info","msg":"{\"ev\":\"req\",\"route\":\"problem_detail\",\"status\":200,\"t\":1791351988522,\"ms\":7.2}","source":"console","time":"2026-10-07T05:46:28Z"}
{"level":"info","msg":"{\"ev\":\"req\",\"route\":\"history\",\"status\":200,\"t\":1791351988625,\"ms\":10.1}","source":"console","time":"2026-10-07T05:46:28Z"}
{"level":"info","msg":"{\"ev\":\"req\",\"route\":\"problem_list\",\"status\":200,\"t\":1791351988723,\"ms\":8.2}","source":"console","time":"2026-10-07T05:46:28Z"}
{"level":"info","msg":"{\"ev\":\"req\",\"route\":\"problem_detail\",\"status\":200,\"t\":1791351988823,\"ms\":7.2}","source":"console","time":"2026-10-07T05:46:28Z"}
{"level":"info","msg":"{\"ev\":\"req\",\"route\":\"history\",\"status\":200,\"t\":1791351988925,\"ms\":9.7}","source":"console","time":"2026-10-07T05:46:28Z"}
{"level":"info","msg":"{\"ev\":\"req\",\"route\":\"problem_list\",\"status\":200,\"t\":1791351989018,\"ms\":3.5}","source":"console","time":"2026-10-07T05:46:29Z"}
{"level":"info","msg":"{\"ev\":\"req\",\"route\":\"problem_detail\",\"status\":200,\"t\":1791351989118,\"ms\":3.6}","source":"console","time":"2026-10-07T05:46:29Z"}
{"level":"info","msg":"{\"ev\":\"req\",\"route\":\"history\",\"status\":200,\"t\":1791351989219,\"ms\":4.3}","source":"console","time":"2026-10-07T05:46:29Z"}
{"level":"info","msg":"{\"ev\":\"req\",\"route\":\"submit\",\"status\":200,\"t\":1791351989260,\"ms\":14.4}","source":"console","time":"2026-10-07T05:46:29Z"}
{"level":"info","msg":"{\"ev\":\"accepted\",\"id\":\"44887a3c-9b59-4ac1-a76d-5bb8e186551b\",\"t\":1791351989260}","source":"console","time":"2026-10-07T05:46:29Z"}
{"level":"info","msg":"{\"ev\":\"req\",\"route\":\"problem_list\",\"status\":200,\"t\":1791351989319,\"ms\":4.5}","source":"console","time":"2026-10-07T05:46:29Z"}
{"level":"info","msg":"{\"ev\":\"req\",\"route\":\"problem_detail\",\"status\":200,\"t\":1791351989419,\"ms\":4.5}","source":"console","time":"2026-10-07T05:46:29Z"}
{"level":"info","msg":"{\"ev\":\"req\",\"route\":\"history\",\"status\":200,\"t\":1791351989521,\"ms\":5.5}","source":"console","time":"2026-10-07T05:46:29Z"}
{"level":"info","msg":"{\"ev\":\"req\",\"route\":\"problem_list\",\"status\":200,\"t\":1791351989619,\"ms\":3.7}","source":"console","time":"2026-10-07T05:46:29Z"}
{"level":"info","msg":"{\"ev\":\"req\",\"route\":\"problem_detail\",\"status\":200,\"t\":1791351989718,\"ms\":3}","source":"console","time":"2026-10-07T05:46:29Z"}
{"level":"info","msg":"{\"ev\":\"req\",\"route\":\"history\",\"status\":200,\"t\":1791351989819,\"ms\":4.9}","source":"console","time":"2026-10-07T05:46:29Z"}
{"level":"info","msg":"{\"ev\":\"req\",\"route\":\"problem_list\",\"status\":200,\"t\":1791351989918,\"ms\":3.3}","source":"console","time":"2026-10-07T05:46:29Z"}
{"level":"info","msg":"{\"ev\":\"req\",\"route\":\"problem_detail\",\"status\":200,\"t\":1791351990019,\"ms\":3.6}","source":"console","time":"2026-10-07T05:46:30Z"}
{"level":"info","msg":"{\"ev\":\"req\",\"route\":\"history\",\"status\":200,\"t\":1791351990128,\"ms\":11.6}","source":"console","time":"2026-10-07T05:46:30Z"}
{"level":"info","msg":"{\"ev\":\"req\",\"route\":\"problem_list\",\"status\":200,\"t\":1791351990223,\"ms\":8.1}","source":"console","time":"2026-10-07T05:46:30Z"}
{"level":"info","msg":"{\"ev\":\"req\",\"route\":\"problem_detail\",\"status\":200,\"t\":1791351990323,\"ms\":7.6}","source":"console","time":"2026-10-07T05:46:30Z"}
{"level":"info","msg":"{\"ev\":\"req\",\"route\":\"history\",\"status\":200,\"t\":1791351990420,\"ms\":5.1}","source":"console","time":"2026-10-07T05:46:30Z"}
{"level":"info","msg":"{\"ev\":\"req\",\"route\":\"problem_list\",\"status\":200,\"t\":1791351990518,\"ms\":4.2}","source":"console","time":"2026-10-07T05:46:30Z"}
{"level":"info","msg":"{\"ev\":\"req\",\"route\":\"problem_detail\",\"status\":200,\"t\":1791351990622,\"ms\":7.4}","source":"console","time":"2026-10-07T05:46:30Z"}
{"level":"info","msg":"{\"ev\":\"req\",\"route\":\"history\",\"status\":200,\"t\":1791351990726,\"ms\":11}","source":"console","time":"2026-10-07T05:46:30Z"}
{"level":"info","msg":"{\"ev\":\"req\",\"route\":\"problem_list\",\"status\":200,\"t\":1791351990824,\"ms\":8.9}","source":"console","time":"2026-10-07T05:46:30Z"}
{"level":"info","msg":"{\"ev\":\"req\",\"route\":\"problem_detail\",\"status\":200,\"t\":1791351990923,\"ms\":8}","source":"console","time":"2026-10-07T05:46:30Z"}
{"level":"info","msg":"{\"ev\":\"req\",\"route\":\"submit\",\"status\":200,\"t\":1791351990936,\"ms\":23}","source":"console","time":"2026-10-07T05:46:30Z"}
{"level":"info","msg":"{\"ev\":\"accepted\",\"id\":\"93adb8c1-5708-4b84-b1c3-4c54fbf6df15\",\"t\":1791351990936}","source":"console","time":"2026-10-07T05:46:30Z"}
{"level":"info","msg":"{\"ev\":\"req\",\"route\":\"history\",\"status\":200,\"t\":1791351991025,\"ms\":10.5}","source":"console","time":"2026-10-07T05:46:31Z"}
{"level":"info","msg":"{\"ev\":\"req\",\"route\":\"problem_list\",\"status\":200,\"t\":1791351991120,\"ms\":5.3}","source":"console","time":"2026-10-07T05:46:31Z"}
{"level":"info","msg":"{\"ev\":\"req\",\"route\":\"problem_detail\",\"status\":200,\"t\":1791351991225,\"ms\":9.6}","source":"console","time":"2026-10-07T05:46:31Z"}
{"level":"info","msg":"{\"ev\":\"req\",\"route\":\"history\",\"status\":200,\"t\":1791351991320,\"ms\":5}","source":"console","time":"2026-10-07T05:46:31Z"}
{"level":"info","msg":"{\"ev\":\"req\",\"route\":\"problem_list\",\"status\":200,\"t\":1791351991419,\"ms\":4.3}","source":"console","time":"2026-10-07T05:46:31Z"}
{"level":"info","msg":"{\"ev\":\"req\",\"route\":\"problem_detail\",\"status\":200,\"t\":1791351991518,\"ms\":3.5}","source":"console","time":"2026-10-07T05:46:31Z"}
{"level":"info","msg":"{\"ev\":\"req\",\"route\":\"history\",\"status\":200,\"t\":1791351991624,\"ms\":9}","source":"console","time":"2026-10-07T05:46:31Z"}
{"level":"info","msg":"{\"ev\":\"req\",\"route\":\"problem_list\",\"status\":200,\"t\":1791351991724,\"ms\":8.6}","source":"console","time":"2026-10-07T05:46:31Z"}
{"level":"info","msg":"{\"ev\":\"req\",\"route\":\"problem_detail\",\"status\":200,\"t\":1791351991819,\"ms\":4}","source":"console","time":"2026-10-07T05:46:31Z"}
{"level":"info","msg":"{\"ev\":\"req\",\"route\":\"history\",\"status\":200,\"t\":1791351991926,\"ms\":10.8}","source":"console","time":"2026-10-07T05:46:31Z"}
{"level":"info","msg":"{\"ev\":\"req\",\"route\":\"problem_list\",\"status\":200,\"t\":1791351992024,\"ms\":8.9}","source":"console","time":"2026-10-07T05:46:32Z"}
{"level":"info","msg":"{\"ev\":\"req\",\"route\":\"problem_detail\",\"status\":200,\"t\":1791351992119,\"ms\":4.9}","source":"console","time":"2026-10-07T05:46:32Z"}
{"level":"info","msg":"{\"ev\":\"req\",\"route\":\"history\",\"status\":200,\"t\":1791351992224,\"ms\":9.5}","source":"console","time":"2026-10-07T05:46:32Z"}
{"level":"info","msg":"{\"ev\":\"req\",\"route\":\"problem_list\",\"status\":200,\"t\":1791351992323,\"ms\":7.8}","source":"console","time":"2026-10-07T05:46:32Z"}
{"level":"info","msg":"{\"ev\":\"req\",\"route\":\"problem_detail\",\"status\":200,\"t\":1791351992423,\"ms\":8}","source":"console","time":"2026-10-07T05:46:32Z"}
{"level":"info","msg":"{\"ev\":\"req\",\"route\":\"history\",\"status\":200,\"t\":1791351992526,\"ms\":11.1}","source":"console","time":"2026-10-07T05:46:32Z"}
{"level":"info","msg":"{\"ev\":\"req\",\"route\":\"submit\",\"status\":200,\"t\":1791351992611,\"ms\":31.2}","source":"console","time":"2026-10-07T05:46:32Z"}
{"level":"info","msg":"{\"ev\":\"accepted\",\"id\":\"16f2bf62-eea8-4fc9-9041-fe44c197fa6f\",\"t\":1791351992611}","source":"console","time":"2026-10-07T05:46:32Z"}
{"level":"info","msg":"{\"ev\":\"req\",\"route\":\"problem_list\",\"status\":200,\"t\":1791351992620,\"ms\":5.6}","source":"console","time":"2026-10-07T05:46:32Z"}
{"level":"info","msg":"{\"ev\":\"req\",\"route\":\"problem_detail\",\"status\":200,\"t\":1791351992718,\"ms\":3.3}","source":"console","time":"2026-10-07T05:46:32Z"}
{"level":"info","msg":"{\"ev\":\"req\",\"route\":\"history\",\"status\":200,\"t\":1791351992820,\"ms\":4.9}","source":"console","time":"2026-10-07T05:46:32Z"}
{"level":"info","msg":"{\"ev\":\"req\",\"route\":\"problem_list\",\"status\":200,\"t\":1791351992918,\"ms\":3.4}","source":"console","time":"2026-10-07T05:46:32Z"}
{"level":"info","msg":"{\"ev\":\"req\",\"route\":\"problem_detail\",\"status\":200,\"t\":1791351993019,\"ms\":4.2}","source":"console","time":"2026-10-07T05:46:33Z"}
{"level":"info","msg":"{\"ev\":\"req\",\"route\":\"history\",\"status\":200,\"t\":1791351993120,\"ms\":4.9}","source":"console","time":"2026-10-07T05:46:33Z"}
{"level":"info","msg":"{\"ev\":\"req\",\"route\":\"problem_list\",\"status\":200,\"t\":1791351993218,\"ms\":3.3}","source":"console","time":"2026-10-07T05:46:33Z"}
{"level":"info","msg":"{\"ev\":\"req\",\"route\":\"problem_detail\",\"status\":200,\"t\":1791351993322,\"ms\":6.8}","source":"console","time":"2026-10-07T05:46:33Z"}
{"level":"info","msg":"{\"ev\":\"req\",\"route\":\"history\",\"status\":200,\"t\":1791351993424,\"ms\":8.9}","source":"console","time":"2026-10-07T05:46:33Z"}
{"level":"info","msg":"{\"ev\":\"req\",\"route\":\"problem_list\",\"status\":200,\"t\":1791351993523,\"ms\":8}","source":"console","time":"2026-10-07T05:46:33Z"}
{"level":"info","msg":"{\"ev\":\"req\",\"route\":\"problem_detail\",\"status\":200,\"t\":1791351993623,\"ms\":7.9}","source":"console","time":"2026-10-07T05:46:33Z"}
{"level":"info","msg":"{\"ev\":\"req\",\"route\":\"history\",\"status\":200,\"t\":1791351993719,\"ms\":3.9}","source":"console","time":"2026-10-07T05:46:33Z"}
{"level":"info","msg":"{\"ev\":\"req\",\"route\":\"problem_list\",\"status\":200,\"t\":1791351993823,\"ms\":8.1}","source":"console","time":"2026-10-07T05:46:33Z"}
{"level":"info","msg":"{\"ev\":\"req\",\"route\":\"problem_detail\",\"status\":200,\"t\":1791351993923,\"ms\":8.1}","source":"console","time":"2026-10-07T05:46:33Z"}
{"level":"info","msg":"{\"ev\":\"req\",\"route\":\"history\",\"status\":200,\"t\":1791351994023,\"ms\":7.2}","source":"console","time":"2026-10-07T05:46:34Z"}
{"level":"info","msg":"{\"ev\":\"req\",\"route\":\"problem_list\",\"status\":200,\"t\":1791351994119,\"ms\":3.9}","source":"console","time":"2026-10-07T05:46:34Z"}
{"level":"info","msg":"{\"ev\":\"req\",\"route\":\"problem_detail\",\"status\":200,\"t\":1791351994223,\"ms\":7.6}","source":"console","time":"2026-10-07T05:46:34Z"}
{"level":"info","msg":"{\"ev\":\"req\",\"route\":\"submit\",\"status\":200,\"t\":1791351994274,\"ms\":28.3}","source":"console","time":"2026-10-07T05:46:34Z"}
{"level":"info","msg":"{\"ev\":\"accepted\",\"id\":\"5dcdf2f1-6a87-41be-9bb2-3db3ddf3ac90\",\"t\":1791351994274}","source":"console","time":"2026-10-07T05:46:34Z"}
{"level":"info","msg":"{\"ev\":\"req\",\"route\":\"history\",\"status\":200,\"t\":1791351994322,\"ms\":7.5}","source":"console","time":"2026-10-07T05:46:34Z"}
{"level":"info","msg":"{\"ev\":\"req\",\"route\":\"problem_list\",\"status\":200,\"t\":1791351994420,\"ms\":5.5}","source":"console","time":"2026-10-07T05:46:34Z"}
{"level":"info","msg":"{\"ev\":\"req\",\"route\":\"problem_detail\",\"status\":200,\"t\":1791351994521,\"ms\":5.5}","source":"console","time":"2026-10-07T05:46:34Z"}
{"level":"info","msg":"{\"ev\":\"req\",\"route\":\"history\",\"status\":200,\"t\":1791351994620,\"ms\":5.6}","source":"console","time":"2026-10-07T05:46:34Z"}
{"level":"info","msg":"{\"ev\":\"req\",\"route\":\"problem_list\",\"status\":200,\"t\":1791351994719,\"ms\":4}","source":"console","time":"2026-10-07T05:46:34Z"}
{"level":"info","msg":"{\"ev\":\"req\",\"route\":\"problem_detail\",\"status\":200,\"t\":1791351994817,\"ms\":3.1}","source":"console","time":"2026-10-07T05:46:34Z"}
{"level":"info","msg":"{\"ev\":\"req\",\"route\":\"history\",\"status\":200,\"t\":1791351994927,\"ms\":10.7}","source":"console","time":"2026-10-07T05:46:34Z"}
{"level":"info","msg":"{\"ev\":\"req\",\"route\":\"problem_list\",\"status\":200,\"t\":1791351995023,\"ms\":8.2}","source":"console","time":"2026-10-07T05:46:35Z"}
{"level":"info","msg":"{\"ev\":\"req\",\"route\":\"problem_detail\",\"status\":200,\"t\":1791351995122,\"ms\":7.5}","source":"console","time":"2026-10-07T05:46:35Z"}
{"level":"info","msg":"{\"ev\":\"req\",\"route\":\"history\",\"status\":200,\"t\":1791351995224,\"ms\":8.8}","source":"console","time":"2026-10-07T05:46:35Z"}
{"level":"info","msg":"{\"ev\":\"req\",\"route\":\"problem_list\",\"status\":200,\"t\":1791351995323,\"ms\":7.9}","source":"console","time":"2026-10-07T05:46:35Z"}
{"level":"info","msg":"{\"ev\":\"req\",\"route\":\"problem_detail\",\"status\":200,\"t\":1791351995422,\"ms\":7.6}","source":"console","time":"2026-10-07T05:46:35Z"}
{"level":"info","msg":"{\"ev\":\"req\",\"route\":\"history\",\"status\":200,\"t\":1791351995526,\"ms\":11.3}","source":"console","time":"2026-10-07T05:46:35Z"}
{"level":"info","msg":"{\"ev\":\"req\",\"route\":\"problem_list\",\"status\":200,\"t\":1791351995618,\"ms\":3.3}","source":"console","time":"2026-10-07T05:46:35Z"}
{"level":"info","msg":"{\"ev\":\"req\",\"route\":\"problem_detail\",\"status\":200,\"t\":1791351995724,\"ms\":8.7}","source":"console","time":"2026-10-07T05:46:35Z"}
{"level":"info","msg":"{\"ev\":\"req\",\"route\":\"history\",\"status\":200,\"t\":1791351995826,\"ms\":10.8}","source":"console","time":"2026-10-07T05:46:35Z"}
{"level":"info","msg":"{\"ev\":\"req\",\"route\":\"problem_list\",\"status\":200,\"t\":1791351995920,\"ms\":5.1}","source":"console","time":"2026-10-07T05:46:35Z"}
{"level":"info","msg":"{\"ev\":\"req\",\"route\":\"submit\",\"status\":200,\"t\":1791351995932,\"ms\":18.7}","source":"console","time":"2026-10-07T05:46:35Z"}
{"level":"info","msg":"{\"ev\":\"accepted\",\"id\":\"36cdb683-55af-4ae9-902e-c62e5d9af519\",\"t\":1791351995932}","source":"console","time":"2026-10-07T05:46:35Z"}
{"level":"info","msg":"{\"ev\":\"req\",\"route\":\"problem_detail\",\"status\":200,\"t\":1791351996018,\"ms\":3.5}","source":"console","time":"2026-10-07T05:46:36Z"}
{"level":"info","msg":"{\"ev\":\"req\",\"route\":\"history\",\"status\":200,\"t\":1791351996120,\"ms\":5}","source":"console","time":"2026-10-07T05:46:36Z"}
{"level":"info","msg":"{\"ev\":\"req\",\"route\":\"problem_list\",\"status\":200,\"t\":1791351996218,\"ms\":3.4}","source":"console","time":"2026-10-07T05:46:36Z"}
{"level":"info","msg":"{\"ev\":\"req\",\"route\":\"problem_detail\",\"status\":200,\"t\":1791351996318,\"ms\":3.5}","source":"console","time":"2026-10-07T05:46:36Z"}
{"level":"info","msg":"{\"ev\":\"req\",\"route\":\"history\",\"status\":200,\"t\":1791351996420,\"ms\":5}","source":"console","time":"2026-10-07T05:46:36Z"}
{"level":"info","msg":"{\"ev\":\"req\",\"route\":\"problem_list\",\"status\":200,\"t\":1791351996519,\"ms\":3.8}","source":"console","time":"2026-10-07T05:46:36Z"}
{"level":"info","msg":"{\"ev\":\"req\",\"route\":\"problem_detail\",\"status\":200,\"t\":1791351996622,\"ms\":6.5}","source":"console","time":"2026-10-07T05:46:36Z"}
{"level":"info","msg":"{\"ev\":\"req\",\"route\":\"history\",\"status\":200,\"t\":1791351996724,\"ms\":9}","source":"console","time":"2026-10-07T05:46:36Z"}
{"level":"info","msg":"{\"ev\":\"req\",\"route\":\"problem_list\",\"status\":200,\"t\":1791351996824,\"ms\":8.4}","source":"console","time":"2026-10-07T05:46:36Z"}
{"level":"info","msg":"{\"ev\":\"req\",\"route\":\"problem_detail\",\"status\":200,\"t\":1791351996923,\"ms\":7.8}","source":"console","time":"2026-10-07T05:46:36Z"}
{"level":"info","msg":"{\"ev\":\"req\",\"route\":\"history\",\"status\":200,\"t\":1791351997025,\"ms\":10.4}","source":"console","time":"2026-10-07T05:46:37Z"}
{"level":"info","msg":"{\"ev\":\"req\",\"route\":\"problem_list\",\"status\":200,\"t\":1791351997124,\"ms\":8.8}","source":"console","time":"2026-10-07T05:46:37Z"}
{"level":"info","msg":"{\"ev\":\"req\",\"route\":\"problem_detail\",\"status\":200,\"t\":1791351997222,\"ms\":7.3}","source":"console","time":"2026-10-07T05:46:37Z"}
{"level":"info","msg":"{\"ev\":\"req\",\"route\":\"history\",\"status\":200,\"t\":1791351997325,\"ms\":10.7}","source":"console","time":"2026-10-07T05:46:37Z"}
{"level":"info","msg":"{\"ev\":\"req\",\"route\":\"problem_list\",\"status\":200,\"t\":1791351997423,\"ms\":8.4}","source":"console","time":"2026-10-07T05:46:37Z"}
{"level":"info","msg":"{\"ev\":\"req\",\"route\":\"problem_detail\",\"status\":200,\"t\":1791351997523,\"ms\":8}","source":"console","time":"2026-10-07T05:46:37Z"}
{"level":"info","msg":"{\"ev\":\"req\",\"route\":\"submit\",\"status\":200,\"t\":1791351997591,\"ms\":12.1}","source":"console","time":"2026-10-07T05:46:37Z"}
{"level":"info","msg":"{\"ev\":\"accepted\",\"id\":\"b65dcd18-b4df-4cbd-b841-ab984d995e71\",\"t\":1791351997591}","source":"console","time":"2026-10-07T05:46:37Z"}
{"level":"info","msg":"{\"ev\":\"req\",\"route\":\"history\",\"status\":200,\"t\":1791351997619,\"ms\":4.6}","source":"console","time":"2026-10-07T05:46:37Z"}
{"level":"info","msg":"{\"ev\":\"req\",\"route\":\"problem_list\",\"status\":200,\"t\":1791351997720,\"ms\":5}","source":"console","time":"2026-10-07T05:46:37Z"}
{"level":"info","msg":"{\"ev\":\"req\",\"route\":\"problem_detail\",\"status\":200,\"t\":1791351997819,\"ms\":4.3}","source":"console","time":"2026-10-07T05:46:37Z"}
{"level":"info","msg":"{\"ev\":\"req\",\"route\":\"history\",\"status\":200,\"t\":1791351997921,\"ms\":6.2}","source":"console","time":"2026-10-07T05:46:37Z"}
{"level":"info","msg":"{\"ev\":\"req\",\"route\":\"problem_list\",\"status\":200,\"t\":1791351998019,\"ms\":3.7}","source":"console","time":"2026-10-07T05:46:38Z"}
{"level":"info","msg":"{\"ev\":\"req\",\"route\":\"problem_detail\",\"status\":200,\"t\":1791351998118,\"ms\":3.2}","source":"console","time":"2026-10-07T05:46:38Z"}
{"level":"info","msg":"{\"ev\":\"req\",\"route\":\"history\",\"status\":200,\"t\":1791351998220,\"ms\":5.5}","source":"console","time":"2026-10-07T05:46:38Z"}
{"level":"info","msg":"{\"ev\":\"req\",\"route\":\"problem_list\",\"status\":200,\"t\":1791351998324,\"ms\":8.3}","source":"console","time":"2026-10-07T05:46:38Z"}
{"level":"info","msg":"{\"ev\":\"req\",\"route\":\"problem_detail\",\"status\":200,\"t\":1791351998422,\"ms\":7.6}","source":"console","time":"2026-10-07T05:46:38Z"}
{"level":"info","msg":"{\"ev\":\"req\",\"route\":\"history\",\"status\":200,\"t\":1791351998540,\"ms\":25.8}","source":"console","time":"2026-10-07T05:46:38Z"}
{"level":"info","msg":"{\"ev\":\"req\",\"route\":\"problem_list\",\"status\":200,\"t\":1791351998623,\"ms\":8.6}","source":"console","time":"2026-10-07T05:46:38Z"}
{"level":"info","msg":"{\"ev\":\"req\",\"route\":\"problem_detail\",\"status\":200,\"t\":1791351998722,\"ms\":7.5}","source":"console","time":"2026-10-07T05:46:38Z"}
{"level":"info","msg":"{\"ev\":\"req\",\"route\":\"history\",\"status\":200,\"t\":1791351998825,\"ms\":9.6}","source":"console","time":"2026-10-07T05:46:38Z"}
{"level":"info","msg":"{\"ev\":\"req\",\"route\":\"problem_list\",\"status\":200,\"t\":1791351998924,\"ms\":8.8}","source":"console","time":"2026-10-07T05:46:38Z"}
{"level":"info","msg":"{\"ev\":\"req\",\"route\":\"problem_detail\",\"status\":200,\"t\":1791351999022,\"ms\":7.1}","source":"console","time":"2026-10-07T05:46:39Z"}
{"level":"info","msg":"{\"ev\":\"req\",\"route\":\"history\",\"status\":200,\"t\":1791351999119,\"ms\":4.5}","source":"console","time":"2026-10-07T05:46:39Z"}
{"level":"info","msg":"{\"ev\":\"req\",\"route\":\"problem_list\",\"status\":200,\"t\":1791351999222,\"ms\":6.9}","source":"console","time":"2026-10-07T05:46:39Z"}
{"level":"info","msg":"{\"ev\":\"req\",\"route\":\"submit\",\"status\":200,\"t\":1791351999275,\"ms\":28.9}","source":"console","time":"2026-10-07T05:46:39Z"}
{"level":"info","msg":"{\"ev\":\"accepted\",\"id\":\"ddaf9eca-b04d-4b17-80b8-f60efa748b6e\",\"t\":1791351999275}","source":"console","time":"2026-10-07T05:46:39Z"}
{"level":"info","msg":"{\"ev\":\"req\",\"route\":\"problem_detail\",\"status\":200,\"t\":1791351999318,\"ms\":3.2}","source":"console","time":"2026-10-07T05:46:39Z"}
{"level":"info","msg":"{\"ev\":\"req\",\"route\":\"history\",\"status\":200,\"t\":1791351999419,\"ms\":4.6}","source":"console","time":"2026-10-07T05:46:39Z"}
{"level":"info","msg":"{\"ev\":\"req\",\"route\":\"problem_list\",\"status\":200,\"t\":1791351999519,\"ms\":3.8}","source":"console","time":"2026-10-07T05:46:39Z"}
{"level":"info","msg":"{\"ev\":\"req\",\"route\":\"problem_detail\",\"status\":200,\"t\":1791351999618,\"ms\":3.2}","source":"console","time":"2026-10-07T05:46:39Z"}
{"level":"info","msg":"{\"ev\":\"req\",\"route\":\"history\",\"status\":200,\"t\":1791351999724,\"ms\":9.3}","source":"console","time":"2026-10-07T05:46:39Z"}
{"level":"info","msg":"{\"ev\":\"req\",\"route\":\"problem_list\",\"status\":200,\"t\":1791351999818,\"ms\":3.3}","source":"console","time":"2026-10-07T05:46:39Z"}
{"level":"info","msg":"{\"ev\":\"req\",\"route\":\"problem_detail\",\"status\":200,\"t\":1791351999918,\"ms\":3.5}","source":"console","time":"2026-10-07T05:46:39Z"}
{"level":"info","msg":"{\"ev\":\"req\",\"route\":\"history\",\"status\":200,\"t\":1791352000021,\"ms\":5.7}","source":"console","time":"2026-10-07T05:46:40Z"}
{"level":"info","msg":"{\"ev\":\"req\",\"route\":\"problem_list\",\"status\":200,\"t\":1791352000119,\"ms\":3.3}","source":"console","time":"2026-10-07T05:46:40Z"}
{"level":"info","msg":"{\"ev\":\"req\",\"route\":\"problem_detail\",\"status\":200,\"t\":1791352000219,\"ms\":4.6}","source":"console","time":"2026-10-07T05:46:40Z"}
{"level":"info","msg":"{\"ev\":\"req\",\"route\":\"history\",\"status\":200,\"t\":1791352000321,\"ms\":6.3}","source":"console","time":"2026-10-07T05:46:40Z"}
{"level":"info","msg":"{\"ev\":\"req\",\"route\":\"problem_list\",\"status\":200,\"t\":1791352000420,\"ms\":4.4}","source":"console","time":"2026-10-07T05:46:40Z"}
{"level":"info","msg":"{\"ev\":\"req\",\"route\":\"problem_detail\",\"status\":200,\"t\":1791352000518,\"ms\":3.5}","source":"console","time":"2026-10-07T05:46:40Z"}
{"level":"info","msg":"{\"ev\":\"req\",\"route\":\"history\",\"status\":200,\"t\":1791352000620,\"ms\":5.7}","source":"console","time":"2026-10-07T05:46:40Z"}
{"level":"info","msg":"{\"ev\":\"req\",\"route\":\"problem_list\",\"status\":200,\"t\":1791352000723,\"ms\":7.9}","source":"console","time":"2026-10-07T05:46:40Z"}
{"level":"info","msg":"{\"ev\":\"req\",\"route\":\"problem_detail\",\"status\":200,\"t\":1791352000823,\"ms\":7.4}","source":"console","time":"2026-10-07T05:46:40Z"}
{"level":"info","msg":"{\"ev\":\"req\",\"route\":\"history\",\"status\":200,\"t\":1791352000926,\"ms\":10.6}","source":"console","time":"2026-10-07T05:46:40Z"}
{"level":"info","msg":"{\"ev\":\"req\",\"route\":\"submit\",\"status\":200,\"t\":1791352000937,\"ms\":24.3}","source":"console","time":"2026-10-07T05:46:40Z"}
{"level":"info","msg":"{\"ev\":\"accepted\",\"id\":\"5a4d1539-3895-4318-affe-a4f857b15fdf\",\"t\":1791352000938}","source":"console","time":"2026-10-07T05:46:40Z"}
{"level":"info","msg":"{\"ev\":\"req\",\"route\":\"problem_list\",\"status\":200,\"t\":1791352001020,\"ms\":4.9}","source":"console","time":"2026-10-07T05:46:41Z"}
{"level":"info","msg":"{\"ev\":\"req\",\"route\":\"problem_detail\",\"status\":200,\"t\":1791352001119,\"ms\":4.1}","source":"console","time":"2026-10-07T05:46:41Z"}
{"level":"info","msg":"{\"ev\":\"req\",\"route\":\"history\",\"status\":200,\"t\":1791352001221,\"ms\":6.3}","source":"console","time":"2026-10-07T05:46:41Z"}
{"level":"info","msg":"{\"ev\":\"req\",\"route\":\"problem_list\",\"status\":200,\"t\":1791352001320,\"ms\":4.7}","source":"console","time":"2026-10-07T05:46:41Z"}
{"level":"info","msg":"{\"ev\":\"req\",\"route\":\"problem_detail\",\"status\":200,\"t\":1791352001418,\"ms\":3.1}","source":"console","time":"2026-10-07T05:46:41Z"}
{"level":"info","msg":"{\"ev\":\"req\",\"route\":\"history\",\"status\":200,\"t\":1791352001524,\"ms\":9}","source":"console","time":"2026-10-07T05:46:41Z"}
{"level":"info","msg":"{\"ev\":\"req\",\"route\":\"problem_list\",\"status\":200,\"t\":1791352001622,\"ms\":7.1}","source":"console","time":"2026-10-07T05:46:41Z"}
{"level":"info","msg":"{\"ev\":\"req\",\"route\":\"problem_detail\",\"status\":200,\"t\":1791352001723,\"ms\":8.2}","source":"console","time":"2026-10-07T05:46:41Z"}
{"level":"info","msg":"{\"ev\":\"req\",\"route\":\"history\",\"status\":200,\"t\":1791352001820,\"ms\":4.6}","source":"console","time":"2026-10-07T05:46:41Z"}
{"level":"info","msg":"{\"ev\":\"req\",\"route\":\"problem_list\",\"status\":200,\"t\":1791352001918,\"ms\":3.4}","source":"console","time":"2026-10-07T05:46:41Z"}
{"level":"info","msg":"{\"ev\":\"req\",\"route\":\"problem_detail\",\"status\":200,\"t\":1791352002018,\"ms\":3.4}","source":"console","time":"2026-10-07T05:46:42Z"}
{"level":"info","msg":"{\"ev\":\"req\",\"route\":\"history\",\"status\":200,\"t\":1791352002122,\"ms\":6.6}","source":"console","time":"2026-10-07T05:46:42Z"}
{"level":"info","msg":"{\"ev\":\"req\",\"route\":\"problem_list\",\"status\":200,\"t\":1791352002218,\"ms\":3.7}","source":"console","time":"2026-10-07T05:46:42Z"}
{"level":"info","msg":"{\"ev\":\"req\",\"route\":\"problem_detail\",\"status\":200,\"t\":1791352002323,\"ms\":7.8}","source":"console","time":"2026-10-07T05:46:42Z"}
{"level":"info","msg":"{\"ev\":\"req\",\"route\":\"history\",\"status\":200,\"t\":1791352002426,\"ms\":11.3}","source":"console","time":"2026-10-07T05:46:42Z"}
{"level":"info","msg":"{\"ev\":\"req\",\"route\":\"problem_list\",\"status\":200,\"t\":1791352002525,\"ms\":9.6}","source":"console","time":"2026-10-07T05:46:42Z"}
{"level":"info","msg":"{\"ev\":\"req\",\"route\":\"submit\",\"status\":200,\"t\":1791352002602,\"ms\":23.2}","source":"console","time":"2026-10-07T05:46:42Z"}
{"level":"info","msg":"{\"ev\":\"accepted\",\"id\":\"9337025f-62bb-4251-b545-c5fb576699eb\",\"t\":1791352002602}","source":"console","time":"2026-10-07T05:46:42Z"}
{"level":"info","msg":"{\"ev\":\"req\",\"route\":\"problem_detail\",\"status\":200,\"t\":1791352002623,\"ms\":7.7}","source":"console","time":"2026-10-07T05:46:42Z"}
{"level":"info","msg":"{\"ev\":\"req\",\"route\":\"history\",\"status\":200,\"t\":1791352002720,\"ms\":5.4}","source":"console","time":"2026-10-07T05:46:42Z"}
{"level":"info","msg":"{\"ev\":\"req\",\"route\":\"problem_list\",\"status\":200,\"t\":1791352002819,\"ms\":3.9}","source":"console","time":"2026-10-07T05:46:42Z"}
{"level":"info","msg":"{\"ev\":\"req\",\"route\":\"problem_detail\",\"status\":200,\"t\":1791352002918,\"ms\":3.3}","source":"console","time":"2026-10-07T05:46:42Z"}
{"level":"info","msg":"{\"ev\":\"req\",\"route\":\"history\",\"status\":200,\"t\":1791352003020,\"ms\":4.9}","source":"console","time":"2026-10-07T05:46:43Z"}
{"level":"info","msg":"{\"ev\":\"req\",\"route\":\"problem_list\",\"status\":200,\"t\":1791352003118,\"ms\":3.8}","source":"console","time":"2026-10-07T05:46:43Z"}
{"level":"info","msg":"{\"ev\":\"req\",\"route\":\"problem_detail\",\"status\":200,\"t\":1791352003218,\"ms\":3.5}","source":"console","time":"2026-10-07T05:46:43Z"}
{"level":"info","msg":"{\"ev\":\"req\",\"route\":\"history\",\"status\":200,\"t\":1791352003320,\"ms\":5.2}","source":"console","time":"2026-10-07T05:46:43Z"}
{"level":"info","msg":"{\"ev\":\"req\",\"route\":\"problem_list\",\"status\":200,\"t\":1791352003423,\"ms\":8.5}","source":"console","time":"2026-10-07T05:46:43Z"}
{"level":"info","msg":"{\"ev\":\"req\",\"route\":\"problem_detail\",\"status\":200,\"t\":1791352003518,\"ms\":3.4}","source":"console","time":"2026-10-07T05:46:43Z"}
{"level":"info","msg":"{\"ev\":\"req\",\"route\":\"history\",\"status\":200,\"t\":1791352003625,\"ms\":10.2}","source":"console","time":"2026-10-07T05:46:43Z"}
{"level":"info","msg":"{\"ev\":\"req\",\"route\":\"problem_list\",\"status\":200,\"t\":1791352003723,\"ms\":7.8}","source":"console","time":"2026-10-07T05:46:43Z"}
{"level":"info","msg":"{\"ev\":\"req\",\"route\":\"problem_detail\",\"status\":200,\"t\":1791352003823,\"ms\":7.8}","source":"console","time":"2026-10-07T05:46:43Z"}
{"level":"info","msg":"{\"ev\":\"req\",\"route\":\"history\",\"status\":200,\"t\":1791352003927,\"ms\":11.3}","source":"console","time":"2026-10-07T05:46:43Z"}
{"level":"info","msg":"{\"ev\":\"req\",\"route\":\"problem_list\",\"status\":200,\"t\":1791352004020,\"ms\":5.5}","source":"console","time":"2026-10-07T05:46:44Z"}
{"level":"info","msg":"{\"ev\":\"req\",\"route\":\"problem_detail\",\"status\":200,\"t\":1791352004119,\"ms\":3.8}","source":"console","time":"2026-10-07T05:46:44Z"}
{"level":"info","msg":"{\"ev\":\"req\",\"route\":\"history\",\"status\":200,\"t\":1791352004220,\"ms\":4.9}","source":"console","time":"2026-10-07T05:46:44Z"}
{"level":"info","msg":"{\"ev\":\"req\",\"route\":\"submit\",\"status\":200,\"t\":1791352004274,\"ms\":27.8}","source":"console","time":"2026-10-07T05:46:44Z"}
{"level":"info","msg":"{\"ev\":\"accepted\",\"id\":\"df19c40b-6cfa-4205-ae9b-d94a516edc4f\",\"t\":1791352004275}","source":"console","time":"2026-10-07T05:46:44Z"}
{"level":"info","msg":"{\"ev\":\"req\",\"route\":\"problem_list\",\"status\":200,\"t\":1791352004319,\"ms\":4.3}","source":"console","time":"2026-10-07T05:46:44Z"}
{"level":"info","msg":"{\"ev\":\"req\",\"route\":\"problem_detail\",\"status\":200,\"t\":1791352004420,\"ms\":5.1}","source":"console","time":"2026-10-07T05:46:44Z"}
{"level":"info","msg":"{\"ev\":\"req\",\"route\":\"history\",\"status\":200,\"t\":1791352004522,\"ms\":6.7}","source":"console","time":"2026-10-07T05:46:44Z"}
{"level":"info","msg":"{\"ev\":\"req\",\"route\":\"problem_list\",\"status\":200,\"t\":1791352004619,\"ms\":4.3}","source":"console","time":"2026-10-07T05:46:44Z"}
{"level":"info","msg":"{\"ev\":\"req\",\"route\":\"problem_detail\",\"status\":200,\"t\":1791352004718,\"ms\":3}","source":"console","time":"2026-10-07T05:46:44Z"}
{"level":"info","msg":"{\"ev\":\"req\",\"route\":\"history\",\"status\":200,\"t\":1791352004820,\"ms\":4.8}","source":"console","time":"2026-10-07T05:46:44Z"}
{"level":"info","msg":"{\"ev\":\"req\",\"route\":\"problem_list\",\"status\":200,\"t\":1791352004923,\"ms\":8.1}","source":"console","time":"2026-10-07T05:46:44Z"}
{"level":"info","msg":"{\"ev\":\"req\",\"route\":\"problem_detail\",\"status\":200,\"t\":1791352005023,\"ms\":8.4}","source":"console","time":"2026-10-07T05:46:45Z"}
{"level":"info","msg":"{\"ev\":\"req\",\"route\":\"history\",\"status\":200,\"t\":1791352005126,\"ms\":10.7}","source":"console","time":"2026-10-07T05:46:45Z"}
{"level":"info","msg":"{\"ev\":\"req\",\"route\":\"problem_list\",\"status\":200,\"t\":1791352005219,\"ms\":3.6}","source":"console","time":"2026-10-07T05:46:45Z"}
{"level":"info","msg":"{\"ev\":\"req\",\"route\":\"problem_detail\",\"status\":200,\"t\":1791352005318,\"ms\":3.4}","source":"console","time":"2026-10-07T05:46:45Z"}
{"level":"info","msg":"{\"ev\":\"req\",\"route\":\"history\",\"status\":200,\"t\":1791352005425,\"ms\":9.6}","source":"console","time":"2026-10-07T05:46:45Z"}
{"level":"info","msg":"{\"ev\":\"req\",\"route\":\"problem_list\",\"status\":200,\"t\":1791352005522,\"ms\":6.8}","source":"console","time":"2026-10-07T05:46:45Z"}
{"level":"info","msg":"{\"ev\":\"req\",\"route\":\"problem_detail\",\"status\":200,\"t\":1791352005622,\"ms\":7.9}","source":"console","time":"2026-10-07T05:46:45Z"}
{"level":"info","msg":"{\"ev\":\"req\",\"route\":\"history\",\"status\":200,\"t\":1791352005726,\"ms\":11.4}","source":"console","time":"2026-10-07T05:46:45Z"}
{"level":"info","msg":"{\"ev\":\"req\",\"route\":\"problem_list\",\"status\":200,\"t\":1791352005823,\"ms\":7.8}","source":"console","time":"2026-10-07T05:46:45Z"}
{"level":"info","msg":"{\"ev\":\"req\",\"route\":\"problem_detail\",\"status\":200,\"t\":1791352005924,\"ms\":9}","source":"console","time":"2026-10-07T05:46:45Z"}
{"level":"info","msg":"{\"ev\":\"req\",\"route\":\"submit\",\"status\":200,\"t\":1791352005936,\"ms\":22.6}","source":"console","time":"2026-10-07T05:46:45Z"}
{"level":"info","msg":"{\"ev\":\"accepted\",\"id\":\"45af0bd8-9263-481c-b9b6-97589121867e\",\"t\":1791352005936}","source":"console","time":"2026-10-07T05:46:45Z"}
{"level":"info","msg":"{\"ev\":\"req\",\"route\":\"history\",\"status\":200,\"t\":1791352006020,\"ms\":4.7}","source":"console","time":"2026-10-07T05:46:46Z"}
{"level":"info","msg":"{\"ev\":\"req\",\"route\":\"problem_list\",\"status\":200,\"t\":1791352006119,\"ms\":4.1}","source":"console","time":"2026-10-07T05:46:46Z"}
{"level":"info","msg":"{\"ev\":\"req\",\"route\":\"problem_detail\",\"status\":200,\"t\":1791352006218,\"ms\":3.5}","source":"console","time":"2026-10-07T05:46:46Z"}
{"level":"info","msg":"{\"ev\":\"req\",\"route\":\"history\",\"status\":200,\"t\":1791352006321,\"ms\":6.4}","source":"console","time":"2026-10-07T05:46:46Z"}
{"level":"info","msg":"{\"ev\":\"req\",\"route\":\"problem_list\",\"status\":200,\"t\":1791352006420,\"ms\":5.4}","source":"console","time":"2026-10-07T05:46:46Z"}
{"level":"info","msg":"{\"ev\":\"req\",\"route\":\"problem_detail\",\"status\":200,\"t\":1791352006518,\"ms\":3.5}","source":"console","time":"2026-10-07T05:46:46Z"}
{"level":"info","msg":"{\"ev\":\"req\",\"route\":\"history\",\"status\":200,\"t\":1791352006619,\"ms\":4.1}","source":"console","time":"2026-10-07T05:46:46Z"}
{"level":"info","msg":"{\"ev\":\"req\",\"route\":\"problem_list\",\"status\":200,\"t\":1791352006718,\"ms\":3.5}","source":"console","time":"2026-10-07T05:46:46Z"}
{"level":"info","msg":"{\"ev\":\"req\",\"route\":\"problem_detail\",\"status\":200,\"t\":1791352006823,\"ms\":7.8}","source":"console","time":"2026-10-07T05:46:46Z"}
{"level":"info","msg":"{\"ev\":\"req\",\"route\":\"history\",\"status\":200,\"t\":1791352006926,\"ms\":10.8}","source":"console","time":"2026-10-07T05:46:46Z"}
{"level":"info","msg":"{\"ev\":\"req\",\"route\":\"problem_list\",\"status\":200,\"t\":1791352007024,\"ms\":8.8}","source":"console","time":"2026-10-07T05:46:47Z"}
{"level":"info","msg":"{\"ev\":\"req\",\"route\":\"problem_detail\",\"status\":200,\"t\":1791352007123,\"ms\":8.1}","source":"console","time":"2026-10-07T05:46:47Z"}
{"level":"info","msg":"{\"ev\":\"req\",\"route\":\"history\",\"status\":200,\"t\":1791352007225,\"ms\":10}","source":"console","time":"2026-10-07T05:46:47Z"}
{"level":"info","msg":"{\"ev\":\"req\",\"route\":\"problem_list\",\"status\":200,\"t\":1791352007324,\"ms\":8.6}","source":"console","time":"2026-10-07T05:46:47Z"}
{"level":"info","msg":"{\"ev\":\"req\",\"route\":\"problem_detail\",\"status\":200,\"t\":1791352007423,\"ms\":7.5}","source":"console","time":"2026-10-07T05:46:47Z"}
{"level":"info","msg":"{\"ev\":\"req\",\"route\":\"history\",\"status\":200,\"t\":1791352007527,\"ms\":11.9}","source":"console","time":"2026-10-07T05:46:47Z"}
{"level":"info","msg":"{\"ev\":\"req\",\"route\":\"submit\",\"status\":200,\"t\":1791352007605,\"ms\":26}","source":"console","time":"2026-10-07T05:46:47Z"}
{"level":"info","msg":"{\"ev\":\"accepted\",\"id\":\"5b352e4d-5816-4703-b2d0-9819cbea98dc\",\"t\":1791352007605}","source":"console","time":"2026-10-07T05:46:47Z"}
{"level":"info","msg":"{\"ev\":\"req\",\"route\":\"problem_list\",\"status\":200,\"t\":1791352007619,\"ms\":3.6}","source":"console","time":"2026-10-07T05:46:47Z"}
{"level":"info","msg":"{\"ev\":\"req\",\"route\":\"problem_detail\",\"status\":200,\"t\":1791352007720,\"ms\":5.2}","source":"console","time":"2026-10-07T05:46:47Z"}
{"level":"info","msg":"{\"ev\":\"req\",\"route\":\"history\",\"status\":200,\"t\":1791352007820,\"ms\":5.7}","source":"console","time":"2026-10-07T05:46:47Z"}
{"level":"info","msg":"{\"ev\":\"req\",\"route\":\"problem_list\",\"status\":200,\"t\":1791352007919,\"ms\":4.5}","source":"console","time":"2026-10-07T05:46:47Z"}
{"level":"info","msg":"{\"ev\":\"req\",\"route\":\"problem_detail\",\"status\":200,\"t\":1791352008021,\"ms\":5.7}","source":"console","time":"2026-10-07T05:46:48Z"}
{"level":"info","msg":"{\"ev\":\"req\",\"route\":\"history\",\"status\":200,\"t\":1791352008119,\"ms\":4.3}","source":"console","time":"2026-10-07T05:46:48Z"}
{"level":"info","msg":"{\"ev\":\"req\",\"route\":\"problem_list\",\"status\":200,\"t\":1791352008218,\"ms\":3.3}","source":"console","time":"2026-10-07T05:46:48Z"}
{"level":"info","msg":"{\"ev\":\"req\",\"route\":\"problem_detail\",\"status\":200,\"t\":1791352008322,\"ms\":7.5}","source":"console","time":"2026-10-07T05:46:48Z"}
{"level":"info","msg":"{\"ev\":\"req\",\"route\":\"history\",\"status\":200,\"t\":1791352008426,\"ms\":10.5}","source":"console","time":"2026-10-07T05:46:48Z"}
{"level":"info","msg":"{\"ev\":\"req\",\"route\":\"problem_list\",\"status\":200,\"t\":1791352008524,\"ms\":9.2}","source":"console","time":"2026-10-07T05:46:48Z"}
{"level":"info","msg":"{\"ev\":\"req\",\"route\":\"problem_detail\",\"status\":200,\"t\":1791352008623,\"ms\":7.9}","source":"console","time":"2026-10-07T05:46:48Z"}
{"level":"info","msg":"{\"ev\":\"req\",\"route\":\"history\",\"status\":200,\"t\":1791352008719,\"ms\":4.5}","source":"console","time":"2026-10-07T05:46:48Z"}
{"level":"info","msg":"{\"ev\":\"req\",\"route\":\"problem_list\",\"status\":200,\"t\":1791352008822,\"ms\":7.5}","source":"console","time":"2026-10-07T05:46:48Z"}
{"level":"info","msg":"{\"ev\":\"req\",\"route\":\"problem_detail\",\"status\":200,\"t\":1791352008922,\"ms\":7.9}","source":"console","time":"2026-10-07T05:46:48Z"}
{"level":"info","msg":"{\"ev\":\"req\",\"route\":\"history\",\"status\":200,\"t\":1791352009024,\"ms\":9.3}","source":"console","time":"2026-10-07T05:46:49Z"}
{"level":"info","msg":"{\"ev\":\"req\",\"route\":\"problem_list\",\"status\":200,\"t\":1791352009123,\"ms\":7.3}","source":"console","time":"2026-10-07T05:46:49Z"}
{"level":"info","msg":"{\"ev\":\"req\",\"route\":\"problem_detail\",\"status\":200,\"t\":1791352009222,\"ms\":7}","source":"console","time":"2026-10-07T05:46:49Z"}
{"level":"info","msg":"{\"ev\":\"req\",\"route\":\"submit\",\"status\":200,\"t\":1791352009269,\"ms\":22.2}","source":"console","time":"2026-10-07T05:46:49Z"}
{"level":"info","msg":"{\"ev\":\"accepted\",\"id\":\"aba52f30-6a00-47e5-a3e1-24a5a5232c18\",\"t\":1791352009269}","source":"console","time":"2026-10-07T05:46:49Z"}
{"level":"info","msg":"{\"ev\":\"req\",\"route\":\"history\",\"status\":200,\"t\":1791352009320,\"ms\":4.8}","source":"console","time":"2026-10-07T05:46:49Z"}
{"level":"info","msg":"{\"ev\":\"req\",\"route\":\"problem_list\",\"status\":200,\"t\":1791352009418,\"ms\":3.6}","source":"console","time":"2026-10-07T05:46:49Z"}
{"level":"info","msg":"{\"ev\":\"req\",\"route\":\"problem_detail\",\"status\":200,\"t\":1791352009518,\"ms\":3.4}","source":"console","time":"2026-10-07T05:46:49Z"}
{"level":"info","msg":"{\"ev\":\"req\",\"route\":\"history\",\"status\":200,\"t\":1791352009619,\"ms\":4.6}","source":"console","time":"2026-10-07T05:46:49Z"}
{"level":"info","msg":"{\"ev\":\"req\",\"route\":\"problem_list\",\"status\":200,\"t\":1791352009719,\"ms\":4}","source":"console","time":"2026-10-07T05:46:49Z"}
{"level":"info","msg":"{\"ev\":\"req\",\"route\":\"problem_detail\",\"status\":200,\"t\":1791352009818,\"ms\":3.7}","source":"console","time":"2026-10-07T05:46:49Z"}
{"level":"info","msg":"{\"ev\":\"req\",\"route\":\"history\",\"status\":200,\"t\":1791352009919,\"ms\":4.5}","source":"console","time":"2026-10-07T05:46:49Z"}
{"level":"info","msg":"{\"ev\":\"req\",\"route\":\"problem_list\",\"status\":200,\"t\":1791352010021,\"ms\":6.6}","source":"console","time":"2026-10-07T05:46:50Z"}
{"level":"info","msg":"{\"ev\":\"req\",\"route\":\"problem_detail\",\"status\":200,\"t\":1791352010123,\"ms\":7.7}","source":"console","time":"2026-10-07T05:46:50Z"}
{"level":"info","msg":"{\"ev\":\"req\",\"route\":\"history\",\"status\":200,\"t\":1791352010222,\"ms\":7.1}","source":"console","time":"2026-10-07T05:46:50Z"}
{"level":"info","msg":"{\"ev\":\"req\",\"route\":\"problem_list\",\"status\":200,\"t\":1791352010324,\"ms\":8.1}","source":"console","time":"2026-10-07T05:46:50Z"}
{"level":"info","msg":"{\"ev\":\"req\",\"route\":\"problem_detail\",\"status\":200,\"t\":1791352010422,\"ms\":7.4}","source":"console","time":"2026-10-07T05:46:50Z"}
{"level":"info","msg":"{\"ev\":\"req\",\"route\":\"history\",\"status\":200,\"t\":1791352010526,\"ms\":11.1}","source":"console","time":"2026-10-07T05:46:50Z"}
{"level":"info","msg":"{\"ev\":\"req\",\"route\":\"problem_list\",\"status\":200,\"t\":1791352010623,\"ms\":7.9}","source":"console","time":"2026-10-07T05:46:50Z"}
{"level":"info","msg":"{\"ev\":\"req\",\"route\":\"problem_detail\",\"status\":200,\"t\":1791352010722,\"ms\":7.6}","source":"console","time":"2026-10-07T05:46:50Z"}
{"level":"info","msg":"{\"ev\":\"req\",\"route\":\"history\",\"status\":200,\"t\":1791352010826,\"ms\":11}","source":"console","time":"2026-10-07T05:46:50Z"}
{"level":"info","msg":"{\"ev\":\"req\",\"route\":\"problem_list\",\"status\":200,\"t\":1791352010924,\"ms\":9}","source":"console","time":"2026-10-07T05:46:50Z"}
{"level":"info","msg":"{\"ev\":\"req\",\"route\":\"submit\",\"status\":200,\"t\":1791352010939,\"ms\":26.6}","source":"console","time":"2026-10-07T05:46:50Z"}
{"level":"info","msg":"{\"ev\":\"accepted\",\"id\":\"e2019ca1-feca-46b6-b854-dbb3770dc680\",\"t\":1791352010939}","source":"console","time":"2026-10-07T05:46:50Z"}
{"level":"info","msg":"{\"ev\":\"req\",\"route\":\"problem_detail\",\"status\":200,\"t\":1791352011024,\"ms\":9.1}","source":"console","time":"2026-10-07T05:46:51Z"}
{"level":"info","msg":"{\"ev\":\"req\",\"route\":\"history\",\"status\":200,\"t\":1791352011124,\"ms\":9.4}","source":"console","time":"2026-10-07T05:46:51Z"}
{"level":"info","msg":"{\"ev\":\"req\",\"route\":\"problem_list\",\"status\":200,\"t\":1791352011222,\"ms\":7.2}","source":"console","time":"2026-10-07T05:46:51Z"}
{"level":"info","msg":"{\"ev\":\"req\",\"route\":\"problem_detail\",\"status\":200,\"t\":1791352011319,\"ms\":3.7}","source":"console","time":"2026-10-07T05:46:51Z"}
{"level":"info","msg":"{\"ev\":\"req\",\"route\":\"history\",\"status\":200,\"t\":1791352011421,\"ms\":6}","source":"console","time":"2026-10-07T05:46:51Z"}
{"level":"info","msg":"{\"ev\":\"req\",\"route\":\"problem_list\",\"status\":200,\"t\":1791352011520,\"ms\":5.1}","source":"console","time":"2026-10-07T05:46:51Z"}
{"level":"info","msg":"{\"ev\":\"req\",\"route\":\"problem_detail\",\"status\":200,\"t\":1791352011620,\"ms\":4.4}","source":"console","time":"2026-10-07T05:46:51Z"}
{"level":"info","msg":"{\"ev\":\"req\",\"route\":\"history\",\"status\":200,\"t\":1791352011719,\"ms\":4.5}","source":"console","time":"2026-10-07T05:46:51Z"}
{"level":"info","msg":"{\"ev\":\"req\",\"route\":\"problem_list\",\"status\":200,\"t\":1791352011818,\"ms\":3.3}","source":"console","time":"2026-10-07T05:46:51Z"}
{"level":"info","msg":"{\"ev\":\"req\",\"route\":\"problem_detail\",\"status\":200,\"t\":1791352011918,\"ms\":2.9}","source":"console","time":"2026-10-07T05:46:51Z"}
{"level":"info","msg":"{\"ev\":\"req\",\"route\":\"history\",\"status\":200,\"t\":1791352012020,\"ms\":5.8}","source":"console","time":"2026-10-07T05:46:52Z"}
{"level":"info","msg":"{\"ev\":\"req\",\"route\":\"problem_list\",\"status\":200,\"t\":1791352012123,\"ms\":7.7}","source":"console","time":"2026-10-07T05:46:52Z"}
{"level":"info","msg":"{\"ev\":\"req\",\"route\":\"problem_detail\",\"status\":200,\"t\":1791352012222,\"ms\":6.9}","source":"console","time":"2026-10-07T05:46:52Z"}
{"level":"info","msg":"{\"ev\":\"req\",\"route\":\"history\",\"status\":200,\"t\":1791352012319,\"ms\":4}","source":"console","time":"2026-10-07T05:46:52Z"}
{"level":"info","msg":"{\"ev\":\"req\",\"route\":\"problem_list\",\"status\":200,\"t\":1791352012420,\"ms\":5.2}","source":"console","time":"2026-10-07T05:46:52Z"}
{"level":"info","msg":"{\"ev\":\"req\",\"route\":\"problem_detail\",\"status\":200,\"t\":1791352012523,\"ms\":7.5}","source":"console","time":"2026-10-07T05:46:52Z"}
{"level":"info","msg":"{\"ev\":\"req\",\"route\":\"submit\",\"status\":200,\"t\":1791352012599,\"ms\":19.4}","source":"console","time":"2026-10-07T05:46:52Z"}
{"level":"info","msg":"{\"ev\":\"accepted\",\"id\":\"8a2f0dea-bacb-4eaa-a41d-f74b71e9ec0d\",\"t\":1791352012599}","source":"console","time":"2026-10-07T05:46:52Z"}
{"level":"info","msg":"{\"ev\":\"req\",\"route\":\"history\",\"status\":200,\"t\":1791352012619,\"ms\":4.5}","source":"console","time":"2026-10-07T05:46:52Z"}
{"level":"info","msg":"{\"ev\":\"req\",\"route\":\"problem_list\",\"status\":200,\"t\":1791352012718,\"ms\":3.7}","source":"console","time":"2026-10-07T05:46:52Z"}
{"level":"info","msg":"{\"ev\":\"req\",\"route\":\"problem_detail\",\"status\":200,\"t\":1791352012819,\"ms\":3.9}","source":"console","time":"2026-10-07T05:46:52Z"}
{"level":"info","msg":"{\"ev\":\"req\",\"route\":\"history\",\"status\":200,\"t\":1791352012919,\"ms\":4.5}","source":"console","time":"2026-10-07T05:46:52Z"}
{"level":"info","msg":"{\"ev\":\"req\",\"route\":\"problem_list\",\"status\":200,\"t\":1791352013018,\"ms\":3.4}","source":"console","time":"2026-10-07T05:46:53Z"}
{"level":"info","msg":"{\"ev\":\"req\",\"route\":\"problem_detail\",\"status\":200,\"t\":1791352013118,\"ms\":3.2}","source":"console","time":"2026-10-07T05:46:53Z"}
{"level":"info","msg":"{\"ev\":\"req\",\"route\":\"history\",\"status\":200,\"t\":1791352013220,\"ms\":4.9}","source":"console","time":"2026-10-07T05:46:53Z"}
{"level":"info","msg":"{\"ev\":\"req\",\"route\":\"problem_list\",\"status\":200,\"t\":1791352013328,\"ms\":13.7}","source":"console","time":"2026-10-07T05:46:53Z"}
{"level":"info","msg":"{\"ev\":\"req\",\"route\":\"problem_detail\",\"status\":200,\"t\":1791352013423,\"ms\":7.5}","source":"console","time":"2026-10-07T05:46:53Z"}
{"level":"info","msg":"{\"ev\":\"req\",\"route\":\"history\",\"status\":200,\"t\":1791352013526,\"ms\":10.5}","source":"console","time":"2026-10-07T05:46:53Z"}
{"level":"info","msg":"{\"ev\":\"req\",\"route\":\"problem_list\",\"status\":200,\"t\":1791352013624,\"ms\":8.7}","source":"console","time":"2026-10-07T05:46:53Z"}
{"level":"info","msg":"{\"ev\":\"req\",\"route\":\"problem_detail\",\"status\":200,\"t\":1791352013723,\"ms\":7.9}","source":"console","time":"2026-10-07T05:46:53Z"}
{"level":"info","msg":"{\"ev\":\"req\",\"route\":\"history\",\"status\":200,\"t\":1791352013825,\"ms\":9.7}","source":"console","time":"2026-10-07T05:46:53Z"}
{"level":"info","msg":"{\"ev\":\"req\",\"route\":\"problem_list\",\"status\":200,\"t\":1791352013923,\"ms\":8.3}","source":"console","time":"2026-10-07T05:46:53Z"}
{"level":"info","msg":"{\"ev\":\"req\",\"route\":\"problem_detail\",\"status\":200,\"t\":1791352014022,\"ms\":7.8}","source":"console","time":"2026-10-07T05:46:54Z"}
{"level":"info","msg":"{\"ev\":\"req\",\"route\":\"history\",\"status\":200,\"t\":1791352014120,\"ms\":4.6}","source":"console","time":"2026-10-07T05:46:54Z"}
{"level":"info","msg":"{\"ev\":\"req\",\"route\":\"problem_list\",\"status\":200,\"t\":1791352014221,\"ms\":5.7}","source":"console","time":"2026-10-07T05:46:54Z"}
{"level":"info","msg":"{\"ev\":\"req\",\"route\":\"submit\",\"status\":200,\"t\":1791352014261,\"ms\":15.4}","source":"console","time":"2026-10-07T05:46:54Z"}
{"level":"info","msg":"{\"ev\":\"accepted\",\"id\":\"a00aeadc-c948-481d-bdc3-6a89097b0767\",\"t\":1791352014262}","source":"console","time":"2026-10-07T05:46:54Z"}
{"level":"info","msg":"{\"ev\":\"req\",\"route\":\"problem_detail\",\"status\":200,\"t\":1791352014320,\"ms\":4.9}","source":"console","time":"2026-10-07T05:46:54Z"}
{"level":"info","msg":"{\"ev\":\"req\",\"route\":\"history\",\"status\":200,\"t\":1791352014421,\"ms\":7.1}","source":"console","time":"2026-10-07T05:46:54Z"}
{"level":"info","msg":"{\"ev\":\"req\",\"route\":\"problem_list\",\"status\":200,\"t\":1791352014521,\"ms\":5.7}","source":"console","time":"2026-10-07T05:46:54Z"}
{"level":"info","msg":"{\"ev\":\"req\",\"route\":\"problem_detail\",\"status\":200,\"t\":1791352014620,\"ms\":5.2}","source":"console","time":"2026-10-07T05:46:54Z"}
{"level":"info","msg":"{\"ev\":\"req\",\"route\":\"history\",\"status\":200,\"t\":1791352014719,\"ms\":4.9}","source":"console","time":"2026-10-07T05:46:54Z"}
{"level":"info","msg":"{\"ev\":\"req\",\"route\":\"problem_list\",\"status\":200,\"t\":1791352014819,\"ms\":3.7}","source":"console","time":"2026-10-07T05:46:54Z"}
{"level":"info","msg":"{\"ev\":\"req\",\"route\":\"problem_detail\",\"status\":200,\"t\":1791352014919,\"ms\":4.2}","source":"console","time":"2026-10-07T05:46:54Z"}
{"level":"info","msg":"{\"ev\":\"req\",\"route\":\"history\",\"status\":200,\"t\":1791352015026,\"ms\":11.2}","source":"console","time":"2026-10-07T05:46:55Z"}
{"level":"info","msg":"{\"ev\":\"req\",\"route\":\"problem_list\",\"status\":200,\"t\":1791352015124,\"ms\":8.4}","source":"console","time":"2026-10-07T05:46:55Z"}
{"level":"info","msg":"{\"ev\":\"req\",\"route\":\"problem_detail\",\"status\":200,\"t\":1791352015222,\"ms\":6.8}","source":"console","time":"2026-10-07T05:46:55Z"}
{"level":"info","msg":"{\"ev\":\"req\",\"route\":\"history\",\"status\":200,\"t\":1791352015319,\"ms\":4.3}","source":"console","time":"2026-10-07T05:46:55Z"}
{"level":"info","msg":"{\"ev\":\"req\",\"route\":\"problem_list\",\"status\":200,\"t\":1791352015423,\"ms\":8.2}","source":"console","time":"2026-10-07T05:46:55Z"}
{"level":"info","msg":"{\"ev\":\"req\",\"route\":\"problem_detail\",\"status\":200,\"t\":1791352015517,\"ms\":2.7}","source":"console","time":"2026-10-07T05:46:55Z"}
{"level":"info","msg":"{\"ev\":\"req\",\"route\":\"history\",\"status\":200,\"t\":1791352015627,\"ms\":11.2}","source":"console","time":"2026-10-07T05:46:55Z"}
{"level":"info","msg":"{\"ev\":\"req\",\"route\":\"problem_list\",\"status\":200,\"t\":1791352015723,\"ms\":8.4}","source":"console","time":"2026-10-07T05:46:55Z"}
{"level":"info","msg":"{\"ev\":\"req\",\"route\":\"problem_detail\",\"status\":200,\"t\":1791352015823,\"ms\":7.4}","source":"console","time":"2026-10-07T05:46:55Z"}
{"level":"info","msg":"{\"ev\":\"req\",\"route\":\"history\",\"status\":200,\"t\":1791352015926,\"ms\":11.2}","source":"console","time":"2026-10-07T05:46:55Z"}
{"level":"info","msg":"{\"ev\":\"req\",\"route\":\"submit\",\"status\":200,\"t\":1791352015941,\"ms\":27.9}","source":"console","time":"2026-10-07T05:46:55Z"}
{"level":"info","msg":"{\"ev\":\"accepted\",\"id\":\"7a9f0299-eebb-46cd-9fad-9b2a36904ae4\",\"t\":1791352015941}","source":"console","time":"2026-10-07T05:46:55Z"}
{"level":"info","msg":"{\"ev\":\"req\",\"route\":\"problem_list\",\"status\":200,\"t\":1791352016018,\"ms\":3.8}","source":"console","time":"2026-10-07T05:46:56Z"}
{"level":"info","msg":"{\"ev\":\"req\",\"route\":\"problem_detail\",\"status\":200,\"t\":1791352016119,\"ms\":4.3}","source":"console","time":"2026-10-07T05:46:56Z"}
{"level":"info","msg":"{\"ev\":\"req\",\"route\":\"history\",\"status\":200,\"t\":1791352016219,\"ms\":5.1}","source":"console","time":"2026-10-07T05:46:56Z"}
{"level":"info","msg":"{\"ev\":\"req\",\"route\":\"problem_list\",\"status\":200,\"t\":1791352016320,\"ms\":4.4}","source":"console","time":"2026-10-07T05:46:56Z"}
{"level":"info","msg":"{\"ev\":\"req\",\"route\":\"problem_detail\",\"status\":200,\"t\":1791352016418,\"ms\":3.3}","source":"console","time":"2026-10-07T05:46:56Z"}
{"level":"info","msg":"{\"ev\":\"req\",\"route\":\"history\",\"status\":200,\"t\":1791352016520,\"ms\":5.1}","source":"console","time":"2026-10-07T05:46:56Z"}
{"level":"info","msg":"{\"ev\":\"req\",\"route\":\"problem_list\",\"status\":200,\"t\":1791352016621,\"ms\":6.3}","source":"console","time":"2026-10-07T05:46:56Z"}
{"level":"info","msg":"{\"ev\":\"req\",\"route\":\"problem_detail\",\"status\":200,\"t\":1791352016719,\"ms\":4.9}","source":"console","time":"2026-10-07T05:46:56Z"}
{"level":"info","msg":"{\"ev\":\"req\",\"route\":\"history\",\"status\":200,\"t\":1791352016826,\"ms\":10.5}","source":"console","time":"2026-10-07T05:46:56Z"}
{"level":"info","msg":"{\"ev\":\"req\",\"route\":\"problem_list\",\"status\":200,\"t\":1791352016924,\"ms\":8.5}","source":"console","time":"2026-10-07T05:46:56Z"}
{"level":"info","msg":"{\"ev\":\"req\",\"route\":\"problem_detail\",\"status\":200,\"t\":1791352017023,\"ms\":8.2}","source":"console","time":"2026-10-07T05:46:57Z"}
{"level":"info","msg":"{\"ev\":\"req\",\"route\":\"history\",\"status\":200,\"t\":1791352017126,\"ms\":10.5}","source":"console","time":"2026-10-07T05:46:57Z"}
{"level":"info","msg":"{\"ev\":\"req\",\"route\":\"problem_list\",\"status\":200,\"t\":1791352017221,\"ms\":6.2}","source":"console","time":"2026-10-07T05:46:57Z"}
{"level":"info","msg":"{\"ev\":\"req\",\"route\":\"problem_detail\",\"status\":200,\"t\":1791352017323,\"ms\":8.1}","source":"console","time":"2026-10-07T05:46:57Z"}
{"level":"info","msg":"{\"ev\":\"req\",\"route\":\"history\",\"status\":200,\"t\":1791352017426,\"ms\":10.8}","source":"console","time":"2026-10-07T05:46:57Z"}
{"level":"info","msg":"{\"ev\":\"req\",\"route\":\"problem_list\",\"status\":200,\"t\":1791352017524,\"ms\":9.4}","source":"console","time":"2026-10-07T05:46:57Z"}
{"level":"info","msg":"{\"ev\":\"req\",\"route\":\"submit\",\"status\":200,\"t\":1791352017611,\"ms\":31.2}","source":"console","time":"2026-10-07T05:46:57Z"}
{"level":"info","msg":"{\"ev\":\"accepted\",\"id\":\"1c3d0e37-da05-4085-9399-9d1062e59d50\",\"t\":1791352017611}","source":"console","time":"2026-10-07T05:46:57Z"}
{"level":"info","msg":"{\"ev\":\"req\",\"route\":\"problem_detail\",\"status\":200,\"t\":1791352017623,\"ms\":7.4}","source":"console","time":"2026-10-07T05:46:57Z"}
{"level":"info","msg":"{\"ev\":\"req\",\"route\":\"history\",\"status\":200,\"t\":1791352017724,\"ms\":9.2}","source":"console","time":"2026-10-07T05:46:57Z"}
{"level":"info","msg":"{\"ev\":\"req\",\"route\":\"problem_list\",\"status\":200,\"t\":1791352017820,\"ms\":5}","source":"console","time":"2026-10-07T05:46:57Z"}
{"level":"info","msg":"{\"ev\":\"req\",\"route\":\"problem_detail\",\"status\":200,\"t\":1791352017919,\"ms\":5}","source":"console","time":"2026-10-07T05:46:57Z"}
{"level":"info","msg":"{\"ev\":\"req\",\"route\":\"history\",\"status\":200,\"t\":1791352018022,\"ms\":6.8}","source":"console","time":"2026-10-07T05:46:58Z"}
{"level":"info","msg":"{\"ev\":\"req\",\"route\":\"problem_list\",\"status\":200,\"t\":1791352018119,\"ms\":3.8}","source":"console","time":"2026-10-07T05:46:58Z"}
{"level":"info","msg":"{\"ev\":\"req\",\"route\":\"problem_detail\",\"status\":200,\"t\":1791352018222,\"ms\":7}","source":"console","time":"2026-10-07T05:46:58Z"}
{"level":"info","msg":"{\"ev\":\"req\",\"route\":\"history\",\"status\":200,\"t\":1791352018327,\"ms\":11.1}","source":"console","time":"2026-10-07T05:46:58Z"}
{"level":"info","msg":"{\"ev\":\"req\",\"route\":\"problem_list\",\"status\":200,\"t\":1791352018423,\"ms\":8.7}","source":"console","time":"2026-10-07T05:46:58Z"}
{"level":"info","msg":"{\"ev\":\"req\",\"route\":\"problem_detail\",\"status\":200,\"t\":1791352018523,\"ms\":7.3}","source":"console","time":"2026-10-07T05:46:58Z"}
{"level":"info","msg":"{\"ev\":\"req\",\"route\":\"history\",\"status\":200,\"t\":1791352018620,\"ms\":4.5}","source":"console","time":"2026-10-07T05:46:58Z"}
{"level":"info","msg":"{\"ev\":\"req\",\"route\":\"problem_list\",\"status\":200,\"t\":1791352018718,\"ms\":3.3}","source":"console","time":"2026-10-07T05:46:58Z"}
{"level":"info","msg":"{\"ev\":\"req\",\"route\":\"problem_detail\",\"status\":200,\"t\":1791352018823,\"ms\":7.6}","source":"console","time":"2026-10-07T05:46:58Z"}
{"level":"info","msg":"{\"ev\":\"req\",\"route\":\"history\",\"status\":200,\"t\":1791352018919,\"ms\":4.1}","source":"console","time":"2026-10-07T05:46:58Z"}
{"level":"info","msg":"{\"ev\":\"req\",\"route\":\"problem_list\",\"status\":200,\"t\":1791352019023,\"ms\":8.3}","source":"console","time":"2026-10-07T05:46:59Z"}
{"level":"info","msg":"{\"ev\":\"req\",\"route\":\"problem_detail\",\"status\":200,\"t\":1791352019122,\"ms\":7.3}","source":"console","time":"2026-10-07T05:46:59Z"}
{"level":"info","msg":"{\"ev\":\"req\",\"route\":\"history\",\"status\":200,\"t\":1791352019220,\"ms\":4.9}","source":"console","time":"2026-10-07T05:46:59Z"}
{"level":"info","msg":"{\"ev\":\"req\",\"route\":\"submit\",\"status\":200,\"t\":1791352019269,\"ms\":23.5}","source":"console","time":"2026-10-07T05:46:59Z"}
{"level":"info","msg":"{\"ev\":\"accepted\",\"id\":\"05cfb2c6-b15a-41a9-9aa0-846d655bd13a\",\"t\":1791352019269}","source":"console","time":"2026-10-07T05:46:59Z"}
{"level":"info","msg":"{\"ev\":\"req\",\"route\":\"problem_list\",\"status\":200,\"t\":1791352019318,\"ms\":3.2}","source":"console","time":"2026-10-07T05:46:59Z"}
{"level":"info","msg":"{\"ev\":\"req\",\"route\":\"problem_detail\",\"status\":200,\"t\":1791352019418,\"ms\":3.4}","source":"console","time":"2026-10-07T05:46:59Z"}
{"level":"info","msg":"{\"ev\":\"req\",\"route\":\"history\",\"status\":200,\"t\":1791352019526,\"ms\":11.3}","source":"console","time":"2026-10-07T05:46:59Z"}
{"level":"info","msg":"{\"ev\":\"req\",\"route\":\"problem_list\",\"status\":200,\"t\":1791352019618,\"ms\":3.3}","source":"console","time":"2026-10-07T05:46:59Z"}
{"level":"info","msg":"{\"ev\":\"req\",\"route\":\"problem_detail\",\"status\":200,\"t\":1791352019718,\"ms\":3.5}","source":"console","time":"2026-10-07T05:46:59Z"}
{"level":"info","msg":"{\"ev\":\"req\",\"route\":\"history\",\"status\":200,\"t\":1791352019819,\"ms\":4.8}","source":"console","time":"2026-10-07T05:46:59Z"}
{"level":"info","msg":"{\"ev\":\"req\",\"route\":\"problem_list\",\"status\":200,\"t\":1791352019919,\"ms\":3.8}","source":"console","time":"2026-10-07T05:46:59Z"}
{"level":"info","msg":"{\"ev\":\"req\",\"route\":\"problem_detail\",\"status\":200,\"t\":1791352020031,\"ms\":16.2}","source":"console","time":"2026-10-07T05:47:00Z"}
{"level":"info","msg":"{\"ev\":\"req\",\"route\":\"history\",\"status\":200,\"t\":1791352020124,\"ms\":9.3}","source":"console","time":"2026-10-07T05:47:00Z"}
{"level":"info","msg":"{\"ev\":\"req\",\"route\":\"problem_list\",\"status\":200,\"t\":1791352020223,\"ms\":7.9}","source":"console","time":"2026-10-07T05:47:00Z"}
{"level":"info","msg":"{\"ev\":\"req\",\"route\":\"problem_detail\",\"status\":200,\"t\":1791352020323,\"ms\":7.8}","source":"console","time":"2026-10-07T05:47:00Z"}
{"level":"info","msg":"{\"ev\":\"req\",\"route\":\"history\",\"status\":200,\"t\":1791352020427,\"ms\":11.4}","source":"console","time":"2026-10-07T05:47:00Z"}
{"level":"info","msg":"{\"ev\":\"req\",\"route\":\"problem_list\",\"status\":200,\"t\":1791352020524,\"ms\":8.7}","source":"console","time":"2026-10-07T05:47:00Z"}
{"level":"info","msg":"{\"ev\":\"req\",\"route\":\"problem_detail\",\"status\":200,\"t\":1791352020622,\"ms\":7.3}","source":"console","time":"2026-10-07T05:47:00Z"}
{"level":"info","msg":"{\"ev\":\"req\",\"route\":\"history\",\"status\":200,\"t\":1791352020727,\"ms\":11.4}","source":"console","time":"2026-10-07T05:47:00Z"}
{"level":"info","msg":"{\"ev\":\"req\",\"route\":\"problem_list\",\"status\":200,\"t\":1791352020824,\"ms\":8.9}","source":"console","time":"2026-10-07T05:47:00Z"}
{"level":"info","msg":"{\"ev\":\"req\",\"route\":\"problem_detail\",\"status\":200,\"t\":1791352020923,\"ms\":8}","source":"console","time":"2026-10-07T05:47:00Z"}
{"level":"info","msg":"{\"ev\":\"req\",\"route\":\"submit\",\"status\":200,\"t\":1791352020943,\"ms\":30.2}","source":"console","time":"2026-10-07T05:47:00Z"}
{"level":"info","msg":"{\"ev\":\"accepted\",\"id\":\"ac316678-37da-44b6-8ebb-c91cbda2a858\",\"t\":1791352020943}","source":"console","time":"2026-10-07T05:47:00Z"}
{"level":"info","msg":"{\"ev\":\"req\",\"route\":\"history\",\"status\":200,\"t\":1791352021021,\"ms\":6}","source":"console","time":"2026-10-07T05:47:01Z"}
{"level":"info","msg":"{\"ev\":\"req\",\"route\":\"problem_list\",\"status\":200,\"t\":1791352021120,\"ms\":4.9}","source":"console","time":"2026-10-07T05:47:01Z"}
{"level":"info","msg":"{\"ev\":\"req\",\"route\":\"problem_detail\",\"status\":200,\"t\":1791352021219,\"ms\":3.9}","source":"console","time":"2026-10-07T05:47:01Z"}
{"level":"info","msg":"{\"ev\":\"req\",\"route\":\"history\",\"status\":200,\"t\":1791352021319,\"ms\":4.6}","source":"console","time":"2026-10-07T05:47:01Z"}
{"level":"info","msg":"{\"ev\":\"req\",\"route\":\"problem_list\",\"status\":200,\"t\":1791352021418,\"ms\":3.7}","source":"console","time":"2026-10-07T05:47:01Z"}
{"level":"info","msg":"{\"ev\":\"req\",\"route\":\"problem_detail\",\"status\":200,\"t\":1791352021519,\"ms\":4.3}","source":"console","time":"2026-10-07T05:47:01Z"}
{"level":"info","msg":"{\"ev\":\"req\",\"route\":\"history\",\"status\":200,\"t\":1791352021620,\"ms\":4.8}","source":"console","time":"2026-10-07T05:47:01Z"}
{"level":"info","msg":"{\"ev\":\"req\",\"route\":\"problem_list\",\"status\":200,\"t\":1791352021718,\"ms\":3.3}","source":"console","time":"2026-10-07T05:47:01Z"}
{"level":"info","msg":"{\"ev\":\"req\",\"route\":\"problem_detail\",\"status\":200,\"t\":1791352021823,\"ms\":7.8}","source":"console","time":"2026-10-07T05:47:01Z"}
{"level":"info","msg":"{\"ev\":\"req\",\"route\":\"history\",\"status\":200,\"t\":1791352021927,\"ms\":11.9}","source":"console","time":"2026-10-07T05:47:01Z"}
{"level":"info","msg":"{\"ev\":\"req\",\"route\":\"problem_list\",\"status\":200,\"t\":1791352022023,\"ms\":8.1}","source":"console","time":"2026-10-07T05:47:02Z"}
{"level":"info","msg":"{\"ev\":\"req\",\"route\":\"problem_detail\",\"status\":200,\"t\":1791352022122,\"ms\":7.5}","source":"console","time":"2026-10-07T05:47:02Z"}
{"level":"info","msg":"{\"ev\":\"req\",\"route\":\"history\",\"status\":200,\"t\":1791352022226,\"ms\":10.1}","source":"console","time":"2026-10-07T05:47:02Z"}
{"level":"info","msg":"{\"ev\":\"req\",\"route\":\"problem_list\",\"status\":200,\"t\":1791352022319,\"ms\":3.4}","source":"console","time":"2026-10-07T05:47:02Z"}
{"level":"info","msg":"{\"ev\":\"req\",\"route\":\"problem_detail\",\"status\":200,\"t\":1791352022419,\"ms\":3.5}","source":"console","time":"2026-10-07T05:47:02Z"}
{"level":"info","msg":"{\"ev\":\"req\",\"route\":\"history\",\"status\":200,\"t\":1791352022520,\"ms\":5.9}","source":"console","time":"2026-10-07T05:47:02Z"}
{"level":"info","msg":"{\"ev\":\"req\",\"route\":\"submit\",\"status\":200,\"t\":1791352022598,\"ms\":18.9}","source":"console","time":"2026-10-07T05:47:02Z"}
{"level":"info","msg":"{\"ev\":\"accepted\",\"id\":\"98c2e5a5-4758-4bbc-8f2b-9f6129330f2c\",\"t\":1791352022598}","source":"console","time":"2026-10-07T05:47:02Z"}
{"level":"info","msg":"{\"ev\":\"req\",\"route\":\"problem_list\",\"status\":200,\"t\":1791352022620,\"ms\":4.4}","source":"console","time":"2026-10-07T05:47:02Z"}
{"level":"info","msg":"{\"ev\":\"req\",\"route\":\"problem_detail\",\"status\":200,\"t\":1791352022719,\"ms\":4.2}","source":"console","time":"2026-10-07T05:47:02Z"}
{"level":"info","msg":"{\"ev\":\"req\",\"route\":\"history\",\"status\":200,\"t\":1791352022820,\"ms\":4.8}","source":"console","time":"2026-10-07T05:47:02Z"}
{"level":"info","msg":"{\"ev\":\"req\",\"route\":\"problem_list\",\"status\":200,\"t\":1791352022919,\"ms\":4.9}","source":"console","time":"2026-10-07T05:47:02Z"}
{"level":"info","msg":"{\"ev\":\"req\",\"route\":\"problem_detail\",\"status\":200,\"t\":1791352023019,\"ms\":3.9}","source":"console","time":"2026-10-07T05:47:03Z"}
{"level":"info","msg":"{\"ev\":\"req\",\"route\":\"history\",\"status\":200,\"t\":1791352023120,\"ms\":5.7}","source":"console","time":"2026-10-07T05:47:03Z"}
{"level":"info","msg":"{\"ev\":\"req\",\"route\":\"problem_list\",\"status\":200,\"t\":1791352023218,\"ms\":3.5}","source":"console","time":"2026-10-07T05:47:03Z"}
{"level":"info","msg":"{\"ev\":\"req\",\"route\":\"problem_detail\",\"status\":200,\"t\":1791352023319,\"ms\":3.7}","source":"console","time":"2026-10-07T05:47:03Z"}
{"level":"info","msg":"{\"ev\":\"req\",\"route\":\"history\",\"status\":200,\"t\":1791352023426,\"ms\":9.9}","source":"console","time":"2026-10-07T05:47:03Z"}
{"level":"info","msg":"{\"ev\":\"req\",\"route\":\"problem_list\",\"status\":200,\"t\":1791352023523,\"ms\":8.2}","source":"console","time":"2026-10-07T05:47:03Z"}
{"level":"info","msg":"{\"ev\":\"req\",\"route\":\"problem_detail\",\"status\":200,\"t\":1791352023624,\"ms\":8.9}","source":"console","time":"2026-10-07T05:47:03Z"}
{"level":"info","msg":"{\"ev\":\"req\",\"route\":\"history\",\"status\":200,\"t\":1791352023726,\"ms\":10.8}","source":"console","time":"2026-10-07T05:47:03Z"}
{"level":"info","msg":"{\"ev\":\"req\",\"route\":\"problem_list\",\"status\":200,\"t\":1791352023818,\"ms\":3.1}","source":"console","time":"2026-10-07T05:47:03Z"}
{"level":"info","msg":"{\"ev\":\"req\",\"route\":\"problem_detail\",\"status\":200,\"t\":1791352023922,\"ms\":7.2}","source":"console","time":"2026-10-07T05:47:03Z"}
{"level":"info","msg":"{\"ev\":\"req\",\"route\":\"history\",\"status\":200,\"t\":1791352024024,\"ms\":9.2}","source":"console","time":"2026-10-07T05:47:04Z"}
{"level":"info","msg":"{\"ev\":\"req\",\"route\":\"problem_list\",\"status\":200,\"t\":1791352024124,\"ms\":9.8}","source":"console","time":"2026-10-07T05:47:04Z"}
{"level":"info","msg":"{\"ev\":\"req\",\"route\":\"problem_detail\",\"status\":200,\"t\":1791352024219,\"ms\":4.2}","source":"console","time":"2026-10-07T05:47:04Z"}
{"level":"info","msg":"{\"ev\":\"req\",\"route\":\"submit\",\"status\":200,\"t\":1791352024270,\"ms\":24.5}","source":"console","time":"2026-10-07T05:47:04Z"}
{"level":"info","msg":"{\"ev\":\"accepted\",\"id\":\"71e358cf-fc34-4121-887a-86e5eb19c223\",\"t\":1791352024271}","source":"console","time":"2026-10-07T05:47:04Z"}
{"level":"info","msg":"{\"ev\":\"req\",\"route\":\"history\",\"status\":200,\"t\":1791352024321,\"ms\":6.6}","source":"console","time":"2026-10-07T05:47:04Z"}
{"level":"info","msg":"{\"ev\":\"req\",\"route\":\"problem_list\",\"status\":200,\"t\":1791352024420,\"ms\":5.1}","source":"console","time":"2026-10-07T05:47:04Z"}
{"level":"info","msg":"{\"ev\":\"req\",\"route\":\"problem_detail\",\"status\":200,\"t\":1791352024520,\"ms\":5.2}","source":"console","time":"2026-10-07T05:47:04Z"}
{"level":"info","msg":"{\"ev\":\"req\",\"route\":\"history\",\"status\":200,\"t\":1791352024621,\"ms\":5.8}","source":"console","time":"2026-10-07T05:47:04Z"}
{"level":"info","msg":"{\"ev\":\"req\",\"route\":\"problem_list\",\"status\":200,\"t\":1791352024719,\"ms\":3.9}","source":"console","time":"2026-10-07T05:47:04Z"}
{"level":"info","msg":"{\"ev\":\"req\",\"route\":\"problem_detail\",\"status\":200,\"t\":1791352024824,\"ms\":7.1}","source":"console","time":"2026-10-07T05:47:04Z"}
{"level":"info","msg":"{\"ev\":\"req\",\"route\":\"history\",\"status\":200,\"t\":1791352024926,\"ms\":10.1}","source":"console","time":"2026-10-07T05:47:04Z"}
{"level":"info","msg":"{\"ev\":\"req\",\"route\":\"problem_list\",\"status\":200,\"t\":1791352025017,\"ms\":3.2}","source":"console","time":"2026-10-07T05:47:05Z"}
{"level":"info","msg":"{\"ev\":\"req\",\"route\":\"problem_detail\",\"status\":200,\"t\":1791352025123,\"ms\":8.1}","source":"console","time":"2026-10-07T05:47:05Z"}
{"level":"info","msg":"{\"ev\":\"req\",\"route\":\"history\",\"status\":200,\"t\":1791352025224,\"ms\":8.5}","source":"console","time":"2026-10-07T05:47:05Z"}
{"level":"info","msg":"{\"ev\":\"req\",\"route\":\"problem_list\",\"status\":200,\"t\":1791352025323,\"ms\":8.1}","source":"console","time":"2026-10-07T05:47:05Z"}
{"level":"info","msg":"{\"ev\":\"req\",\"route\":\"problem_detail\",\"status\":200,\"t\":1791352025424,\"ms\":8.7}","source":"console","time":"2026-10-07T05:47:05Z"}
{"level":"info","msg":"{\"ev\":\"req\",\"route\":\"history\",\"status\":200,\"t\":1791352025526,\"ms\":11}","source":"console","time":"2026-10-07T05:47:05Z"}
{"level":"info","msg":"{\"ev\":\"req\",\"route\":\"problem_list\",\"status\":200,\"t\":1791352025624,\"ms\":8.5}","source":"console","time":"2026-10-07T05:47:05Z"}
{"level":"info","msg":"{\"ev\":\"req\",\"route\":\"problem_detail\",\"status\":200,\"t\":1791352025724,\"ms\":8.5}","source":"console","time":"2026-10-07T05:47:05Z"}
{"level":"info","msg":"{\"ev\":\"req\",\"route\":\"history\",\"status\":200,\"t\":1791352025826,\"ms\":10.7}","source":"console","time":"2026-10-07T05:47:05Z"}
{"level":"info","msg":"{\"ev\":\"req\",\"route\":\"problem_list\",\"status\":200,\"t\":1791352025924,\"ms\":8.7}","source":"console","time":"2026-10-07T05:47:05Z"}
{"level":"info","msg":"{\"ev\":\"req\",\"route\":\"submit\",\"status\":200,\"t\":1791352025943,\"ms\":29.4}","source":"console","time":"2026-10-07T05:47:05Z"}
{"level":"info","msg":"{\"ev\":\"accepted\",\"id\":\"fb45568b-4d63-4a3c-8c02-273629cf28d8\",\"t\":1791352025943}","source":"console","time":"2026-10-07T05:47:05Z"}
{"level":"info","msg":"{\"ev\":\"req\",\"route\":\"problem_detail\",\"status\":200,\"t\":1791352026020,\"ms\":5.2}","source":"console","time":"2026-10-07T05:47:06Z"}
{"level":"info","msg":"{\"ev\":\"req\",\"route\":\"history\",\"status\":200,\"t\":1791352026120,\"ms\":5.1}","source":"console","time":"2026-10-07T05:47:06Z"}
{"level":"info","msg":"{\"ev\":\"req\",\"route\":\"problem_list\",\"status\":200,\"t\":1791352026219,\"ms\":3.4}","source":"console","time":"2026-10-07T05:47:06Z"}
{"level":"info","msg":"{\"ev\":\"req\",\"route\":\"problem_detail\",\"status\":200,\"t\":1791352026318,\"ms\":3.4}","source":"console","time":"2026-10-07T05:47:06Z"}
{"level":"info","msg":"{\"ev\":\"req\",\"route\":\"history\",\"status\":200,\"t\":1791352026420,\"ms\":5.4}","source":"console","time":"2026-10-07T05:47:06Z"}
{"level":"info","msg":"{\"ev\":\"req\",\"route\":\"problem_list\",\"status\":200,\"t\":1791352026518,\"ms\":3.6}","source":"console","time":"2026-10-07T05:47:06Z"}
{"level":"info","msg":"{\"ev\":\"req\",\"route\":\"problem_detail\",\"status\":200,\"t\":1791352026620,\"ms\":5.5}","source":"console","time":"2026-10-07T05:47:06Z"}
{"level":"info","msg":"{\"ev\":\"req\",\"route\":\"history\",\"status\":200,\"t\":1791352026724,\"ms\":8.9}","source":"console","time":"2026-10-07T05:47:06Z"}
{"level":"info","msg":"{\"ev\":\"req\",\"route\":\"problem_list\",\"status\":200,\"t\":1791352026823,\"ms\":7.5}","source":"console","time":"2026-10-07T05:47:06Z"}
{"level":"info","msg":"{\"ev\":\"req\",\"route\":\"problem_detail\",\"status\":200,\"t\":1791352026923,\"ms\":7.9}","source":"console","time":"2026-10-07T05:47:06Z"}
{"level":"info","msg":"{\"ev\":\"req\",\"route\":\"history\",\"status\":200,\"t\":1791352027025,\"ms\":10.1}","source":"console","time":"2026-10-07T05:47:07Z"}
{"level":"info","msg":"{\"ev\":\"req\",\"route\":\"problem_list\",\"status\":200,\"t\":1791352027124,\"ms\":9}","source":"console","time":"2026-10-07T05:47:07Z"}
{"level":"info","msg":"{\"ev\":\"req\",\"route\":\"problem_detail\",\"status\":200,\"t\":1791352027220,\"ms\":5.3}","source":"console","time":"2026-10-07T05:47:07Z"}
{"level":"info","msg":"{\"ev\":\"req\",\"route\":\"history\",\"status\":200,\"t\":1791352027324,\"ms\":9.6}","source":"console","time":"2026-10-07T05:47:07Z"}
{"level":"info","msg":"{\"ev\":\"req\",\"route\":\"problem_list\",\"status\":200,\"t\":1791352027423,\"ms\":8.2}","source":"console","time":"2026-10-07T05:47:07Z"}
{"level":"info","msg":"{\"ev\":\"req\",\"route\":\"problem_detail\",\"status\":200,\"t\":1791352027524,\"ms\":9.1}","source":"console","time":"2026-10-07T05:47:07Z"}
{"level":"info","msg":"{\"ev\":\"req\",\"route\":\"submit\",\"status\":200,\"t\":1791352027611,\"ms\":32.1}","source":"console","time":"2026-10-07T05:47:07Z"}
{"level":"info","msg":"{\"ev\":\"accepted\",\"id\":\"ee1dc999-6a25-4abd-ae82-326088b230f3\",\"t\":1791352027611}","source":"console","time":"2026-10-07T05:47:07Z"}
{"level":"info","msg":"{\"ev\":\"req\",\"route\":\"history\",\"status\":200,\"t\":1791352027624,\"ms\":9.3}","source":"console","time":"2026-10-07T05:47:07Z"}
{"level":"info","msg":"{\"ev\":\"req\",\"route\":\"problem_list\",\"status\":200,\"t\":1791352027728,\"ms\":12.8}","source":"console","time":"2026-10-07T05:47:07Z"}
{"level":"info","msg":"{\"ev\":\"req\",\"route\":\"problem_detail\",\"status\":200,\"t\":1791352027819,\"ms\":4.4}","source":"console","time":"2026-10-07T05:47:07Z"}
{"level":"info","msg":"{\"ev\":\"req\",\"route\":\"history\",\"status\":200,\"t\":1791352027919,\"ms\":4.7}","source":"console","time":"2026-10-07T05:47:07Z"}
{"level":"info","msg":"{\"ev\":\"req\",\"route\":\"problem_list\",\"status\":200,\"t\":1791352028020,\"ms\":5}","source":"console","time":"2026-10-07T05:47:08Z"}
{"level":"info","msg":"{\"ev\":\"req\",\"route\":\"problem_detail\",\"status\":200,\"t\":1791352028117,\"ms\":3}","source":"console","time":"2026-10-07T05:47:08Z"}
{"level":"info","msg":"{\"ev\":\"req\",\"route\":\"history\",\"status\":200,\"t\":1791352028219,\"ms\":4.7}","source":"console","time":"2026-10-07T05:47:08Z"}
{"level":"info","msg":"{\"ev\":\"req\",\"route\":\"problem_list\",\"status\":200,\"t\":1791352028318,\"ms\":3.8}","source":"console","time":"2026-10-07T05:47:08Z"}
{"level":"info","msg":"{\"ev\":\"req\",\"route\":\"problem_detail\",\"status\":200,\"t\":1791352028423,\"ms\":7.8}","source":"console","time":"2026-10-07T05:47:08Z"}
{"level":"info","msg":"{\"ev\":\"req\",\"route\":\"history\",\"status\":200,\"t\":1791352028526,\"ms\":10.9}","source":"console","time":"2026-10-07T05:47:08Z"}
{"level":"info","msg":"{\"ev\":\"req\",\"route\":\"problem_list\",\"status\":200,\"t\":1791352028624,\"ms\":8.4}","source":"console","time":"2026-10-07T05:47:08Z"}
{"level":"info","msg":"{\"ev\":\"req\",\"route\":\"problem_detail\",\"status\":200,\"t\":1791352028723,\"ms\":7.7}","source":"console","time":"2026-10-07T05:47:08Z"}
{"level":"info","msg":"{\"ev\":\"req\",\"route\":\"history\",\"status\":200,\"t\":1791352028826,\"ms\":10.7}","source":"console","time":"2026-10-07T05:47:08Z"}
{"level":"info","msg":"{\"ev\":\"req\",\"route\":\"problem_list\",\"status\":200,\"t\":1791352028922,\"ms\":7.8}","source":"console","time":"2026-10-07T05:47:08Z"}
{"level":"info","msg":"{\"ev\":\"req\",\"route\":\"problem_detail\",\"status\":200,\"t\":1791352029024,\"ms\":9}","source":"console","time":"2026-10-07T05:47:09Z"}
{"level":"info","msg":"{\"ev\":\"req\",\"route\":\"history\",\"status\":200,\"t\":1791352029125,\"ms\":10.6}","source":"console","time":"2026-10-07T05:47:09Z"}
{"level":"info","msg":"{\"ev\":\"req\",\"route\":\"problem_list\",\"status\":200,\"t\":1791352029219,\"ms\":3.9}","source":"console","time":"2026-10-07T05:47:09Z"}
{"level":"info","msg":"{\"ev\":\"req\",\"route\":\"submit\",\"status\":200,\"t\":1791352029269,\"ms\":23.2}","source":"console","time":"2026-10-07T05:47:09Z"}
{"level":"info","msg":"{\"ev\":\"accepted\",\"id\":\"8c86a91a-3590-412a-9567-1cbeba9a261b\",\"t\":1791352029269}","source":"console","time":"2026-10-07T05:47:09Z"}
{"level":"info","msg":"{\"ev\":\"req\",\"route\":\"problem_detail\",\"status\":200,\"t\":1791352029320,\"ms\":5.9}","source":"console","time":"2026-10-07T05:47:09Z"}
{"level":"info","msg":"{\"ev\":\"req\",\"route\":\"history\",\"status\":200,\"t\":1791352029420,\"ms\":4.7}","source":"console","time":"2026-10-07T05:47:09Z"}
{"level":"info","msg":"{\"ev\":\"req\",\"route\":\"problem_list\",\"status\":200,\"t\":1791352029518,\"ms\":3.5}","source":"console","time":"2026-10-07T05:47:09Z"}
{"level":"info","msg":"{\"ev\":\"req\",\"route\":\"problem_detail\",\"status\":200,\"t\":1791352029618,\"ms\":3.4}","source":"console","time":"2026-10-07T05:47:09Z"}
{"level":"info","msg":"{\"ev\":\"req\",\"route\":\"history\",\"status\":200,\"t\":1791352029719,\"ms\":4.4}","source":"console","time":"2026-10-07T05:47:09Z"}
{"level":"info","msg":"{\"ev\":\"req\",\"route\":\"problem_list\",\"status\":200,\"t\":1791352029818,\"ms\":3.7}","source":"console","time":"2026-10-07T05:47:09Z"}
{"level":"info","msg":"{\"ev\":\"req\",\"route\":\"problem_detail\",\"status\":200,\"t\":1791352029918,\"ms\":3.2}","source":"console","time":"2026-10-07T05:47:09Z"}
{"level":"info","msg":"{\"ev\":\"req\",\"route\":\"history\",\"status\":200,\"t\":1791352030025,\"ms\":10.2}","source":"console","time":"2026-10-07T05:47:10Z"}
{"level":"info","msg":"{\"ev\":\"req\",\"route\":\"problem_list\",\"status\":200,\"t\":1791352030123,\"ms\":8.6}","source":"console","time":"2026-10-07T05:47:10Z"}
{"level":"info","msg":"{\"ev\":\"req\",\"route\":\"problem_detail\",\"status\":200,\"t\":1791352030222,\"ms\":7.6}","source":"console","time":"2026-10-07T05:47:10Z"}
{"level":"info","msg":"{\"ev\":\"req\",\"route\":\"history\",\"status\":200,\"t\":1791352030324,\"ms\":9.3}","source":"console","time":"2026-10-07T05:47:10Z"}
{"level":"info","msg":"{\"ev\":\"req\",\"route\":\"problem_list\",\"status\":200,\"t\":1791352030423,\"ms\":8.5}","source":"console","time":"2026-10-07T05:47:10Z"}
{"level":"info","msg":"{\"ev\":\"req\",\"route\":\"problem_detail\",\"status\":200,\"t\":1791352030523,\"ms\":8.4}","source":"console","time":"2026-10-07T05:47:10Z"}
{"level":"info","msg":"{\"ev\":\"req\",\"route\":\"history\",\"status\":200,\"t\":1791352030626,\"ms\":10.5}","source":"console","time":"2026-10-07T05:47:10Z"}
{"level":"info","msg":"{\"ev\":\"req\",\"route\":\"problem_list\",\"status\":200,\"t\":1791352030724,\"ms\":8.6}","source":"console","time":"2026-10-07T05:47:10Z"}
{"level":"info","msg":"{\"ev\":\"req\",\"route\":\"problem_detail\",\"status\":200,\"t\":1791352030818,\"ms\":3.4}","source":"console","time":"2026-10-07T05:47:10Z"}
{"level":"info","msg":"{\"ev\":\"req\",\"route\":\"history\",\"status\":200,\"t\":1791352030925,\"ms\":9.6}","source":"console","time":"2026-10-07T05:47:10Z"}
{"level":"info","msg":"{\"ev\":\"req\",\"route\":\"submit\",\"status\":200,\"t\":1791352030933,\"ms\":20.4}","source":"console","time":"2026-10-07T05:47:10Z"}
{"level":"info","msg":"{\"ev\":\"accepted\",\"id\":\"8552b37e-0181-43c6-9667-ac421bf5ab68\",\"t\":1791352030933}","source":"console","time":"2026-10-07T05:47:10Z"}
{"level":"info","msg":"{\"ev\":\"req\",\"route\":\"problem_list\",\"status\":200,\"t\":1791352031020,\"ms\":5.4}","source":"console","time":"2026-10-07T05:47:11Z"}
{"level":"info","msg":"{\"ev\":\"req\",\"route\":\"problem_detail\",\"status\":200,\"t\":1791352031121,\"ms\":6.2}","source":"console","time":"2026-10-07T05:47:11Z"}
{"level":"info","msg":"{\"ev\":\"req\",\"route\":\"history\",\"status\":200,\"t\":1791352031222,\"ms\":7}","source":"console","time":"2026-10-07T05:47:11Z"}
{"level":"info","msg":"{\"ev\":\"req\",\"route\":\"problem_list\",\"status\":200,\"t\":1791352031319,\"ms\":4.2}","source":"console","time":"2026-10-07T05:47:11Z"}
{"level":"info","msg":"{\"ev\":\"req\",\"route\":\"problem_detail\",\"status\":200,\"t\":1791352031418,\"ms\":3.2}","source":"console","time":"2026-10-07T05:47:11Z"}
{"level":"info","msg":"{\"ev\":\"req\",\"route\":\"history\",\"status\":200,\"t\":1791352031524,\"ms\":8.8}","source":"console","time":"2026-10-07T05:47:11Z"}
{"level":"info","msg":"{\"ev\":\"req\",\"route\":\"problem_list\",\"status\":200,\"t\":1791352031623,\"ms\":8.5}","source":"console","time":"2026-10-07T05:47:11Z"}
{"level":"info","msg":"{\"ev\":\"req\",\"route\":\"problem_detail\",\"status\":200,\"t\":1791352031718,\"ms\":2.9}","source":"console","time":"2026-10-07T05:47:11Z"}
{"level":"info","msg":"{\"ev\":\"req\",\"route\":\"history\",\"status\":200,\"t\":1791352031820,\"ms\":5.2}","source":"console","time":"2026-10-07T05:47:11Z"}
{"level":"info","msg":"{\"ev\":\"req\",\"route\":\"problem_list\",\"status\":200,\"t\":1791352031922,\"ms\":7.7}","source":"console","time":"2026-10-07T05:47:11Z"}
{"level":"info","msg":"{\"ev\":\"req\",\"route\":\"problem_detail\",\"status\":200,\"t\":1791352032023,\"ms\":8}","source":"console","time":"2026-10-07T05:47:12Z"}
{"level":"info","msg":"{\"ev\":\"req\",\"route\":\"history\",\"status\":200,\"t\":1791352032125,\"ms\":10.9}","source":"console","time":"2026-10-07T05:47:12Z"}
{"level":"info","msg":"{\"ev\":\"req\",\"route\":\"problem_list\",\"status\":200,\"t\":1791352032223,\"ms\":8}","source":"console","time":"2026-10-07T05:47:12Z"}
{"level":"info","msg":"{\"ev\":\"req\",\"route\":\"problem_detail\",\"status\":200,\"t\":1791352032318,\"ms\":3.2}","source":"console","time":"2026-10-07T05:47:12Z"}
{"level":"info","msg":"{\"ev\":\"req\",\"route\":\"history\",\"status\":200,\"t\":1791352032425,\"ms\":9.8}","source":"console","time":"2026-10-07T05:47:12Z"}
{"level":"info","msg":"{\"ev\":\"req\",\"route\":\"problem_list\",\"status\":200,\"t\":1791352032523,\"ms\":8}","source":"console","time":"2026-10-07T05:47:12Z"}
{"level":"info","msg":"{\"ev\":\"req\",\"route\":\"submit\",\"status\":200,\"t\":1791352032608,\"ms\":28.1}","source":"console","time":"2026-10-07T05:47:12Z"}
{"level":"info","msg":"{\"ev\":\"accepted\",\"id\":\"15bae88a-7f07-4947-a2e5-35e140fad2c6\",\"t\":1791352032608}","source":"console","time":"2026-10-07T05:47:12Z"}
{"level":"info","msg":"{\"ev\":\"req\",\"route\":\"problem_detail\",\"status\":200,\"t\":1791352032618,\"ms\":3.1}","source":"console","time":"2026-10-07T05:47:12Z"}
{"level":"info","msg":"{\"ev\":\"req\",\"route\":\"history\",\"status\":200,\"t\":1791352032721,\"ms\":5.8}","source":"console","time":"2026-10-07T05:47:12Z"}
{"level":"info","msg":"{\"ev\":\"req\",\"route\":\"problem_list\",\"status\":200,\"t\":1791352032819,\"ms\":3.9}","source":"console","time":"2026-10-07T05:47:12Z"}
{"level":"info","msg":"{\"ev\":\"req\",\"route\":\"problem_detail\",\"status\":200,\"t\":1791352032919,\"ms\":3.9}","source":"console","time":"2026-10-07T05:47:12Z"}
{"level":"info","msg":"{\"ev\":\"req\",\"route\":\"history\",\"status\":200,\"t\":1791352033019,\"ms\":4.2}","source":"console","time":"2026-10-07T05:47:13Z"}
{"level":"info","msg":"{\"ev\":\"req\",\"route\":\"problem_list\",\"status\":200,\"t\":1791352033119,\"ms\":3.3}","source":"console","time":"2026-10-07T05:47:13Z"}
{"level":"info","msg":"{\"ev\":\"req\",\"route\":\"problem_detail\",\"status\":200,\"t\":1791352033218,\"ms\":3.5}","source":"console","time":"2026-10-07T05:47:13Z"}
{"level":"info","msg":"{\"ev\":\"req\",\"route\":\"history\",\"status\":200,\"t\":1791352033319,\"ms\":4.4}","source":"console","time":"2026-10-07T05:47:13Z"}
{"level":"info","msg":"{\"ev\":\"req\",\"route\":\"problem_list\",\"status\":200,\"t\":1791352033419,\"ms\":3.8}","source":"console","time":"2026-10-07T05:47:13Z"}
{"level":"info","msg":"{\"ev\":\"req\",\"route\":\"problem_detail\",\"status\":200,\"t\":1791352033518,\"ms\":3.7}","source":"console","time":"2026-10-07T05:47:13Z"}
{"level":"info","msg":"{\"ev\":\"req\",\"route\":\"history\",\"status\":200,\"t\":1791352033620,\"ms\":5.8}","source":"console","time":"2026-10-07T05:47:13Z"}
{"level":"info","msg":"{\"ev\":\"req\",\"route\":\"problem_list\",\"status\":200,\"t\":1791352033719,\"ms\":3.6}","source":"console","time":"2026-10-07T05:47:13Z"}
{"level":"info","msg":"{\"ev\":\"req\",\"route\":\"problem_detail\",\"status\":200,\"t\":1791352033821,\"ms\":4.8}","source":"console","time":"2026-10-07T05:47:13Z"}
{"level":"info","msg":"{\"ev\":\"req\",\"route\":\"history\",\"status\":200,\"t\":1791352033919,\"ms\":5.1}","source":"console","time":"2026-10-07T05:47:13Z"}
{"level":"info","msg":"{\"ev\":\"req\",\"route\":\"problem_list\",\"status\":200,\"t\":1791352034023,\"ms\":7.4}","source":"console","time":"2026-10-07T05:47:14Z"}
{"level":"info","msg":"{\"ev\":\"req\",\"route\":\"problem_detail\",\"status\":200,\"t\":1791352034123,\"ms\":7.9}","source":"console","time":"2026-10-07T05:47:14Z"}
{"level":"info","msg":"{\"ev\":\"req\",\"route\":\"history\",\"status\":200,\"t\":1791352034220,\"ms\":4.6}","source":"console","time":"2026-10-07T05:47:14Z"}
{"level":"info","msg":"{\"ev\":\"req\",\"route\":\"submit\",\"status\":200,\"t\":1791352034268,\"ms\":22.1}","source":"console","time":"2026-10-07T05:47:14Z"}
{"level":"info","msg":"{\"ev\":\"accepted\",\"id\":\"2d3cb6f6-68b6-4ecb-b1ff-d310c3d8144f\",\"t\":1791352034268}","source":"console","time":"2026-10-07T05:47:14Z"}
{"level":"info","msg":"{\"ev\":\"req\",\"route\":\"problem_list\",\"status\":200,\"t\":1791352034326,\"ms\":10.8}","source":"console","time":"2026-10-07T05:47:14Z"}
{"level":"info","msg":"{\"ev\":\"req\",\"route\":\"problem_detail\",\"status\":200,\"t\":1791352034422,\"ms\":7.5}","source":"console","time":"2026-10-07T05:47:14Z"}
{"level":"info","msg":"{\"ev\":\"req\",\"route\":\"history\",\"status\":200,\"t\":1791352034521,\"ms\":6}","source":"console","time":"2026-10-07T05:47:14Z"}
{"level":"info","msg":"{\"ev\":\"req\",\"route\":\"problem_list\",\"status\":200,\"t\":1791352034618,\"ms\":3.4}","source":"console","time":"2026-10-07T05:47:14Z"}
{"level":"info","msg":"{\"ev\":\"req\",\"route\":\"problem_detail\",\"status\":200,\"t\":1791352034718,\"ms\":3.2}","source":"console","time":"2026-10-07T05:47:14Z"}
{"level":"info","msg":"{\"ev\":\"req\",\"route\":\"history\",\"status\":200,\"t\":1791352034819,\"ms\":4}","source":"console","time":"2026-10-07T05:47:14Z"}
{"level":"info","msg":"{\"ev\":\"req\",\"route\":\"problem_list\",\"status\":200,\"t\":1791352034923,\"ms\":8}","source":"console","time":"2026-10-07T05:47:14Z"}
{"level":"info","msg":"{\"ev\":\"req\",\"route\":\"problem_detail\",\"status\":200,\"t\":1791352035023,\"ms\":7.8}","source":"console","time":"2026-10-07T05:47:15Z"}
{"level":"info","msg":"{\"ev\":\"req\",\"route\":\"history\",\"status\":200,\"t\":1791352035126,\"ms\":11.3}","source":"console","time":"2026-10-07T05:47:15Z"}
{"level":"info","msg":"{\"ev\":\"req\",\"route\":\"problem_list\",\"status\":200,\"t\":1791352035218,\"ms\":3.2}","source":"console","time":"2026-10-07T05:47:15Z"}
{"level":"info","msg":"{\"ev\":\"req\",\"route\":\"problem_detail\",\"status\":200,\"t\":1791352035322,\"ms\":7.2}","source":"console","time":"2026-10-07T05:47:15Z"}
{"level":"info","msg":"{\"ev\":\"req\",\"route\":\"history\",\"status\":200,\"t\":1791352035425,\"ms\":10}","source":"console","time":"2026-10-07T05:47:15Z"}
{"level":"info","msg":"{\"ev\":\"req\",\"route\":\"problem_list\",\"status\":200,\"t\":1791352035523,\"ms\":8.1}","source":"console","time":"2026-10-07T05:47:15Z"}
{"level":"info","msg":"{\"ev\":\"req\",\"route\":\"problem_detail\",\"status\":200,\"t\":1791352035623,\"ms\":8.4}","source":"console","time":"2026-10-07T05:47:15Z"}
{"level":"info","msg":"{\"ev\":\"req\",\"route\":\"history\",\"status\":200,\"t\":1791352035726,\"ms\":10.7}","source":"console","time":"2026-10-07T05:47:15Z"}
{"level":"info","msg":"{\"ev\":\"req\",\"route\":\"problem_list\",\"status\":200,\"t\":1791352035823,\"ms\":8.1}","source":"console","time":"2026-10-07T05:47:15Z"}
{"level":"info","msg":"{\"ev\":\"req\",\"route\":\"problem_detail\",\"status\":200,\"t\":1791352035922,\"ms\":7.2}","source":"console","time":"2026-10-07T05:47:15Z"}
{"level":"info","msg":"{\"ev\":\"req\",\"route\":\"submit\",\"status\":200,\"t\":1791352035932,\"ms\":19.4}","source":"console","time":"2026-10-07T05:47:15Z"}
{"level":"info","msg":"{\"ev\":\"accepted\",\"id\":\"3881a987-7bea-4de2-abb3-fe20bb77e82c\",\"t\":1791352035932}","source":"console","time":"2026-10-07T05:47:15Z"}
{"level":"info","msg":"{\"ev\":\"req\",\"route\":\"history\",\"status\":200,\"t\":1791352036020,\"ms\":5.1}","source":"console","time":"2026-10-07T05:47:16Z"}
{"level":"info","msg":"{\"ev\":\"req\",\"route\":\"problem_list\",\"status\":200,\"t\":1791352036118,\"ms\":3.8}","source":"console","time":"2026-10-07T05:47:16Z"}
{"level":"info","msg":"{\"ev\":\"req\",\"route\":\"problem_detail\",\"status\":200,\"t\":1791352036219,\"ms\":3.8}","source":"console","time":"2026-10-07T05:47:16Z"}
{"level":"info","msg":"{\"ev\":\"req\",\"route\":\"history\",\"status\":200,\"t\":1791352036320,\"ms\":4.9}","source":"console","time":"2026-10-07T05:47:16Z"}
{"level":"info","msg":"{\"ev\":\"req\",\"route\":\"problem_list\",\"status\":200,\"t\":1791352036419,\"ms\":4.4}","source":"console","time":"2026-10-07T05:47:16Z"}
{"level":"info","msg":"{\"ev\":\"req\",\"route\":\"problem_detail\",\"status\":200,\"t\":1791352036518,\"ms\":3.3}","source":"console","time":"2026-10-07T05:47:16Z"}
{"level":"info","msg":"{\"ev\":\"req\",\"route\":\"history\",\"status\":200,\"t\":1791352036620,\"ms\":5.2}","source":"console","time":"2026-10-07T05:47:16Z"}
{"level":"info","msg":"{\"ev\":\"req\",\"route\":\"problem_list\",\"status\":200,\"t\":1791352036722,\"ms\":7.1}","source":"console","time":"2026-10-07T05:47:16Z"}
{"level":"info","msg":"{\"ev\":\"req\",\"route\":\"problem_detail\",\"status\":200,\"t\":1791352036823,\"ms\":7.9}","source":"console","time":"2026-10-07T05:47:16Z"}
{"level":"info","msg":"{\"ev\":\"req\",\"route\":\"history\",\"status\":200,\"t\":1791352036919,\"ms\":4.1}","source":"console","time":"2026-10-07T05:47:16Z"}
{"level":"info","msg":"{\"ev\":\"req\",\"route\":\"problem_list\",\"status\":200,\"t\":1791352037023,\"ms\":8.1}","source":"console","time":"2026-10-07T05:47:17Z"}
{"level":"info","msg":"{\"ev\":\"req\",\"route\":\"problem_detail\",\"status\":200,\"t\":1791352037122,\"ms\":7.3}","source":"console","time":"2026-10-07T05:47:17Z"}
{"level":"info","msg":"{\"ev\":\"req\",\"route\":\"history\",\"status\":200,\"t\":1791352037222,\"ms\":7.3}","source":"console","time":"2026-10-07T05:47:17Z"}
{"level":"info","msg":"{\"ev\":\"req\",\"route\":\"problem_list\",\"status\":200,\"t\":1791352037322,\"ms\":6.9}","source":"console","time":"2026-10-07T05:47:17Z"}
{"level":"info","msg":"{\"ev\":\"req\",\"route\":\"problem_detail\",\"status\":200,\"t\":1791352037423,\"ms\":7.8}","source":"console","time":"2026-10-07T05:47:17Z"}
{"level":"info","msg":"{\"ev\":\"req\",\"route\":\"history\",\"status\":200,\"t\":1791352037526,\"ms\":11}","source":"console","time":"2026-10-07T05:47:17Z"}
{"level":"info","msg":"{\"ev\":\"req\",\"route\":\"submit\",\"status\":200,\"t\":1791352037605,\"ms\":26.3}","source":"console","time":"2026-10-07T05:47:17Z"}
{"level":"info","msg":"{\"ev\":\"accepted\",\"id\":\"22c77236-6d28-4477-b807-05c06b8de329\",\"t\":1791352037606}","source":"console","time":"2026-10-07T05:47:17Z"}
{"level":"info","msg":"{\"ev\":\"req\",\"route\":\"problem_list\",\"status\":200,\"t\":1791352037618,\"ms\":3.7}","source":"console","time":"2026-10-07T05:47:17Z"}
{"level":"info","msg":"{\"ev\":\"req\",\"route\":\"problem_detail\",\"status\":200,\"t\":1791352037722,\"ms\":6.5}","source":"console","time":"2026-10-07T05:47:17Z"}
{"level":"info","msg":"{\"ev\":\"req\",\"route\":\"history\",\"status\":200,\"t\":1791352037821,\"ms\":6}","source":"console","time":"2026-10-07T05:47:17Z"}
{"level":"info","msg":"{\"ev\":\"req\",\"route\":\"problem_list\",\"status\":200,\"t\":1791352037920,\"ms\":5.1}","source":"console","time":"2026-10-07T05:47:17Z"}
{"level":"info","msg":"{\"ev\":\"req\",\"route\":\"problem_detail\",\"status\":200,\"t\":1791352038019,\"ms\":4.4}","source":"console","time":"2026-10-07T05:47:18Z"}
{"level":"info","msg":"{\"ev\":\"req\",\"route\":\"history\",\"status\":200,\"t\":1791352038120,\"ms\":4.8}","source":"console","time":"2026-10-07T05:47:18Z"}
{"level":"info","msg":"{\"ev\":\"req\",\"route\":\"problem_list\",\"status\":200,\"t\":1791352038223,\"ms\":8.3}","source":"console","time":"2026-10-07T05:47:18Z"}
{"level":"info","msg":"{\"ev\":\"req\",\"route\":\"problem_detail\",\"status\":200,\"t\":1791352038322,\"ms\":7}","source":"console","time":"2026-10-07T05:47:18Z"}
{"level":"info","msg":"{\"ev\":\"req\",\"route\":\"history\",\"status\":200,\"t\":1791352038425,\"ms\":10.3}","source":"console","time":"2026-10-07T05:47:18Z"}
{"level":"info","msg":"{\"ev\":\"req\",\"route\":\"problem_list\",\"status\":200,\"t\":1791352038523,\"ms\":8.2}","source":"console","time":"2026-10-07T05:47:18Z"}
{"level":"info","msg":"{\"ev\":\"req\",\"route\":\"problem_detail\",\"status\":200,\"t\":1791352038622,\"ms\":7.2}","source":"console","time":"2026-10-07T05:47:18Z"}
{"level":"info","msg":"{\"ev\":\"req\",\"route\":\"history\",\"status\":200,\"t\":1791352038725,\"ms\":10}","source":"console","time":"2026-10-07T05:47:18Z"}
{"level":"info","msg":"{\"ev\":\"req\",\"route\":\"problem_list\",\"status\":200,\"t\":1791352038823,\"ms\":8}","source":"console","time":"2026-10-07T05:47:18Z"}
{"level":"info","msg":"{\"ev\":\"req\",\"route\":\"problem_detail\",\"status\":200,\"t\":1791352038918,\"ms\":3}","source":"console","time":"2026-10-07T05:47:18Z"}
{"level":"info","msg":"{\"ev\":\"req\",\"route\":\"history\",\"status\":200,\"t\":1791352039025,\"ms\":10.1}","source":"console","time":"2026-10-07T05:47:19Z"}
{"level":"info","msg":"{\"ev\":\"req\",\"route\":\"problem_list\",\"status\":200,\"t\":1791352039122,\"ms\":7.7}","source":"console","time":"2026-10-07T05:47:19Z"}
{"level":"info","msg":"{\"ev\":\"req\",\"route\":\"problem_detail\",\"status\":200,\"t\":1791352039220,\"ms\":5.9}","source":"console","time":"2026-10-07T05:47:19Z"}
{"level":"info","msg":"{\"ev\":\"req\",\"route\":\"submit\",\"status\":200,\"t\":1791352039258,\"ms\":11.7}","source":"console","time":"2026-10-07T05:47:19Z"}
{"level":"info","msg":"{\"ev\":\"accepted\",\"id\":\"046e1d9a-d936-4152-a500-0228e5748fdf\",\"t\":1791352039258}","source":"console","time":"2026-10-07T05:47:19Z"}
{"level":"info","msg":"{\"ev\":\"req\",\"route\":\"history\",\"status\":200,\"t\":1791352039319,\"ms\":4.3}","source":"console","time":"2026-10-07T05:47:19Z"}
{"level":"info","msg":"{\"ev\":\"req\",\"route\":\"problem_list\",\"status\":200,\"t\":1791352039419,\"ms\":3.7}","source":"console","time":"2026-10-07T05:47:19Z"}
{"level":"info","msg":"{\"ev\":\"req\",\"route\":\"problem_detail\",\"status\":200,\"t\":1791352039518,\"ms\":3.3}","source":"console","time":"2026-10-07T05:47:19Z"}
{"level":"info","msg":"{\"ev\":\"req\",\"route\":\"history\",\"status\":200,\"t\":1791352039620,\"ms\":5.2}","source":"console","time":"2026-10-07T05:47:19Z"}
{"level":"info","msg":"{\"ev\":\"req\",\"route\":\"problem_list\",\"status\":200,\"t\":1791352039719,\"ms\":4.3}","source":"console","time":"2026-10-07T05:47:19Z"}
{"level":"info","msg":"{\"ev\":\"req\",\"route\":\"problem_detail\",\"status\":200,\"t\":1791352039818,\"ms\":3.1}","source":"console","time":"2026-10-07T05:47:19Z"}
{"level":"info","msg":"{\"ev\":\"req\",\"route\":\"history\",\"status\":200,\"t\":1791352039921,\"ms\":5.9}","source":"console","time":"2026-10-07T05:47:19Z"}
{"level":"info","msg":"{\"ev\":\"req\",\"route\":\"problem_list\",\"status\":200,\"t\":1791352040018,\"ms\":3.8}","source":"console","time":"2026-10-07T05:47:20Z"}
{"level":"info","msg":"{\"ev\":\"req\",\"route\":\"problem_detail\",\"status\":200,\"t\":1791352040119,\"ms\":4.4}","source":"console","time":"2026-10-07T05:47:20Z"}
{"level":"info","msg":"{\"ev\":\"req\",\"route\":\"history\",\"status\":200,\"t\":1791352040225,\"ms\":10.7}","source":"console","time":"2026-10-07T05:47:20Z"}
{"level":"info","msg":"{\"ev\":\"req\",\"route\":\"problem_list\",\"status\":200,\"t\":1791352040319,\"ms\":3.5}","source":"console","time":"2026-10-07T05:47:20Z"}
{"level":"info","msg":"{\"ev\":\"req\",\"route\":\"problem_detail\",\"status\":200,\"t\":1791352040418,\"ms\":4}","source":"console","time":"2026-10-07T05:47:20Z"}
{"level":"info","msg":"{\"ev\":\"req\",\"route\":\"history\",\"status\":200,\"t\":1791352040525,\"ms\":10.6}","source":"console","time":"2026-10-07T05:47:20Z"}
{"level":"info","msg":"{\"ev\":\"req\",\"route\":\"problem_list\",\"status\":200,\"t\":1791352040623,\"ms\":8.1}","source":"console","time":"2026-10-07T05:47:20Z"}
{"level":"info","msg":"{\"ev\":\"req\",\"route\":\"problem_detail\",\"status\":200,\"t\":1791352040722,\"ms\":7.1}","source":"console","time":"2026-10-07T05:47:20Z"}
{"level":"info","msg":"{\"ev\":\"req\",\"route\":\"history\",\"status\":200,\"t\":1791352040825,\"ms\":9.9}","source":"console","time":"2026-10-07T05:47:20Z"}
{"level":"info","msg":"{\"ev\":\"req\",\"route\":\"problem_list\",\"status\":200,\"t\":1791352040923,\"ms\":8.7}","source":"console","time":"2026-10-07T05:47:20Z"}
{"level":"info","msg":"{\"ev\":\"req\",\"route\":\"submit\",\"status\":200,\"t\":1791352040932,\"ms\":19.8}","source":"console","time":"2026-10-07T05:47:20Z"}
{"level":"info","msg":"{\"ev\":\"accepted\",\"id\":\"4982f8af-de9a-4b50-9329-ee49fe683f6c\",\"t\":1791352040932}","source":"console","time":"2026-10-07T05:47:20Z"}
{"level":"info","msg":"{\"ev\":\"req\",\"route\":\"problem_detail\",\"status\":200,\"t\":1791352041019,\"ms\":4.2}","source":"console","time":"2026-10-07T05:47:21Z"}
{"level":"info","msg":"{\"ev\":\"req\",\"route\":\"history\",\"status\":200,\"t\":1791352041121,\"ms\":6.3}","source":"console","time":"2026-10-07T05:47:21Z"}
{"level":"info","msg":"{\"ev\":\"req\",\"route\":\"problem_list\",\"status\":200,\"t\":1791352041219,\"ms\":3.8}","source":"console","time":"2026-10-07T05:47:21Z"}
{"level":"info","msg":"{\"ev\":\"req\",\"route\":\"problem_detail\",\"status\":200,\"t\":1791352041319,\"ms\":3.5}","source":"console","time":"2026-10-07T05:47:21Z"}
{"level":"info","msg":"{\"ev\":\"req\",\"route\":\"history\",\"status\":200,\"t\":1791352041419,\"ms\":4.5}","source":"console","time":"2026-10-07T05:47:21Z"}
{"level":"info","msg":"{\"ev\":\"req\",\"route\":\"problem_list\",\"status\":200,\"t\":1791352041521,\"ms\":5.6}","source":"console","time":"2026-10-07T05:47:21Z"}
{"level":"info","msg":"{\"ev\":\"req\",\"route\":\"problem_detail\",\"status\":200,\"t\":1791352041623,\"ms\":7.9}","source":"console","time":"2026-10-07T05:47:21Z"}
{"level":"info","msg":"{\"ev\":\"req\",\"route\":\"history\",\"status\":200,\"t\":1791352041724,\"ms\":9.8}","source":"console","time":"2026-10-07T05:47:21Z"}
{"level":"info","msg":"{\"ev\":\"req\",\"route\":\"problem_list\",\"status\":200,\"t\":1791352041823,\"ms\":8.3}","source":"console","time":"2026-10-07T05:47:21Z"}
{"level":"info","msg":"{\"ev\":\"req\",\"route\":\"problem_detail\",\"status\":200,\"t\":1791352041918,\"ms\":2.9}","source":"console","time":"2026-10-07T05:47:21Z"}
{"level":"info","msg":"{\"ev\":\"req\",\"route\":\"history\",\"status\":200,\"t\":1791352042040,\"ms\":25.1}","source":"console","time":"2026-10-07T05:47:22Z"}
{"level":"info","msg":"{\"ev\":\"req\",\"route\":\"problem_list\",\"status\":200,\"t\":1791352042123,\"ms\":7.9}","source":"console","time":"2026-10-07T05:47:22Z"}
{"level":"info","msg":"{\"ev\":\"req\",\"route\":\"problem_detail\",\"status\":200,\"t\":1791352042222,\"ms\":6.8}","source":"console","time":"2026-10-07T05:47:22Z"}
{"level":"info","msg":"{\"ev\":\"req\",\"route\":\"history\",\"status\":200,\"t\":1791352042327,\"ms\":11.7}","source":"console","time":"2026-10-07T05:47:22Z"}
{"level":"info","msg":"{\"ev\":\"req\",\"route\":\"problem_list\",\"status\":200,\"t\":1791352042422,\"ms\":7.6}","source":"console","time":"2026-10-07T05:47:22Z"}
{"level":"info","msg":"{\"ev\":\"req\",\"route\":\"problem_detail\",\"status\":200,\"t\":1791352042522,\"ms\":7.6}","source":"console","time":"2026-10-07T05:47:22Z"}
{"level":"info","msg":"{\"ev\":\"req\",\"route\":\"submit\",\"status\":200,\"t\":1791352042603,\"ms\":24}","source":"console","time":"2026-10-07T05:47:22Z"}
{"level":"info","msg":"{\"ev\":\"accepted\",\"id\":\"321d9ac3-84ba-4d08-bdeb-0f9404e74da5\",\"t\":1791352042603}","source":"console","time":"2026-10-07T05:47:22Z"}
{"level":"info","msg":"{\"ev\":\"req\",\"route\":\"history\",\"status\":200,\"t\":1791352042619,\"ms\":4}","source":"console","time":"2026-10-07T05:47:22Z"}
{"level":"info","msg":"{\"ev\":\"req\",\"route\":\"problem_list\",\"status\":200,\"t\":1791352042719,\"ms\":3.5}","source":"console","time":"2026-10-07T05:47:22Z"}
{"level":"info","msg":"{\"ev\":\"req\",\"route\":\"problem_detail\",\"status\":200,\"t\":1791352042818,\"ms\":3.5}","source":"console","time":"2026-10-07T05:47:22Z"}
{"level":"info","msg":"{\"ev\":\"req\",\"route\":\"history\",\"status\":200,\"t\":1791352042919,\"ms\":4.4}","source":"console","time":"2026-10-07T05:47:22Z"}
{"level":"info","msg":"{\"ev\":\"req\",\"route\":\"problem_list\",\"status\":200,\"t\":1791352043019,\"ms\":3.6}","source":"console","time":"2026-10-07T05:47:23Z"}
{"level":"info","msg":"{\"ev\":\"req\",\"route\":\"problem_detail\",\"status\":200,\"t\":1791352043118,\"ms\":3.4}","source":"console","time":"2026-10-07T05:47:23Z"}
{"level":"info","msg":"{\"ev\":\"req\",\"route\":\"history\",\"status\":200,\"t\":1791352043219,\"ms\":4.4}","source":"console","time":"2026-10-07T05:47:23Z"}
{"level":"info","msg":"{\"ev\":\"req\",\"route\":\"problem_list\",\"status\":200,\"t\":1791352043323,\"ms\":7.9}","source":"console","time":"2026-10-07T05:47:23Z"}
{"level":"info","msg":"{\"ev\":\"req\",\"route\":\"problem_detail\",\"status\":200,\"t\":1791352043422,\"ms\":6.9}","source":"console","time":"2026-10-07T05:47:23Z"}
{"level":"info","msg":"{\"ev\":\"req\",\"route\":\"history\",\"status\":200,\"t\":1791352043525,\"ms\":9.8}","source":"console","time":"2026-10-07T05:47:23Z"}
{"level":"info","msg":"{\"ev\":\"req\",\"route\":\"problem_list\",\"status\":200,\"t\":1791352043623,\"ms\":8}","source":"console","time":"2026-10-07T05:47:23Z"}
{"level":"info","msg":"{\"ev\":\"req\",\"route\":\"problem_detail\",\"status\":200,\"t\":1791352043723,\"ms\":8}","source":"console","time":"2026-10-07T05:47:23Z"}
{"level":"info","msg":"{\"ev\":\"req\",\"route\":\"history\",\"status\":200,\"t\":1791352043819,\"ms\":5.1}","source":"console","time":"2026-10-07T05:47:23Z"}
{"level":"info","msg":"{\"ev\":\"req\",\"route\":\"problem_list\",\"status\":200,\"t\":1791352043917,\"ms\":3.2}","source":"console","time":"2026-10-07T05:47:23Z"}
{"level":"info","msg":"{\"ev\":\"req\",\"route\":\"problem_detail\",\"status\":200,\"t\":1791352044017,\"ms\":3.3}","source":"console","time":"2026-10-07T05:47:24Z"}
{"level":"info","msg":"{\"ev\":\"req\",\"route\":\"history\",\"status\":200,\"t\":1791352044125,\"ms\":10.3}","source":"console","time":"2026-10-07T05:47:24Z"}
{"level":"info","msg":"{\"ev\":\"req\",\"route\":\"problem_list\",\"status\":200,\"t\":1791352044223,\"ms\":8.2}","source":"console","time":"2026-10-07T05:47:24Z"}
{"level":"info","msg":"{\"ev\":\"req\",\"route\":\"submit\",\"status\":200,\"t\":1791352044270,\"ms\":24.5}","source":"console","time":"2026-10-07T05:47:24Z"}
{"level":"info","msg":"{\"ev\":\"accepted\",\"id\":\"40e46077-f1fa-4b47-ad4e-e8c5d403e1a8\",\"t\":1791352044270}","source":"console","time":"2026-10-07T05:47:24Z"}
{"level":"info","msg":"{\"ev\":\"req\",\"route\":\"problem_detail\",\"status\":200,\"t\":1791352044318,\"ms\":3.1}","source":"console","time":"2026-10-07T05:47:24Z"}
{"level":"info","msg":"{\"ev\":\"req\",\"route\":\"history\",\"status\":200,\"t\":1791352044423,\"ms\":8.3}","source":"console","time":"2026-10-07T05:47:24Z"}
{"level":"info","msg":"{\"ev\":\"req\",\"route\":\"problem_list\",\"status\":200,\"t\":1791352044523,\"ms\":8.8}","source":"console","time":"2026-10-07T05:47:24Z"}
{"level":"info","msg":"{\"ev\":\"req\",\"route\":\"problem_detail\",\"status\":200,\"t\":1791352044624,\"ms\":9.2}","source":"console","time":"2026-10-07T05:47:24Z"}
{"level":"info","msg":"{\"ev\":\"req\",\"route\":\"history\",\"status\":200,\"t\":1791352044723,\"ms\":8.8}","source":"console","time":"2026-10-07T05:47:24Z"}
{"level":"info","msg":"{\"ev\":\"req\",\"route\":\"problem_list\",\"status\":200,\"t\":1791352044822,\"ms\":7.2}","source":"console","time":"2026-10-07T05:47:24Z"}
{"level":"info","msg":"{\"ev\":\"req\",\"route\":\"problem_detail\",\"status\":200,\"t\":1791352044919,\"ms\":4.3}","source":"console","time":"2026-10-07T05:47:24Z"}
{"level":"info","msg":"{\"ev\":\"req\",\"route\":\"history\",\"status\":200,\"t\":1791352045020,\"ms\":4.9}","source":"console","time":"2026-10-07T05:47:25Z"}
{"level":"info","msg":"{\"ev\":\"req\",\"route\":\"problem_list\",\"status\":200,\"t\":1791352045118,\"ms\":3.3}","source":"console","time":"2026-10-07T05:47:25Z"}
{"level":"info","msg":"{\"ev\":\"req\",\"route\":\"problem_detail\",\"status\":200,\"t\":1791352045217,\"ms\":3.1}","source":"console","time":"2026-10-07T05:47:25Z"}
{"level":"info","msg":"{\"ev\":\"req\",\"route\":\"history\",\"status\":200,\"t\":1791352045324,\"ms\":9}","source":"console","time":"2026-10-07T05:47:25Z"}
{"level":"info","msg":"{\"ev\":\"req\",\"route\":\"problem_list\",\"status\":200,\"t\":1791352045423,\"ms\":7.8}","source":"console","time":"2026-10-07T05:47:25Z"}
{"level":"info","msg":"{\"ev\":\"req\",\"route\":\"problem_detail\",\"status\":200,\"t\":1791352045530,\"ms\":14.1}","source":"console","time":"2026-10-07T05:47:25Z"}
{"level":"info","msg":"{\"ev\":\"req\",\"route\":\"history\",\"status\":200,\"t\":1791352045626,\"ms\":10.3}","source":"console","time":"2026-10-07T05:47:25Z"}
{"level":"info","msg":"{\"ev\":\"req\",\"route\":\"problem_list\",\"status\":200,\"t\":1791352045723,\"ms\":7.8}","source":"console","time":"2026-10-07T05:47:25Z"}
{"level":"info","msg":"{\"ev\":\"req\",\"route\":\"problem_detail\",\"status\":200,\"t\":1791352045822,\"ms\":7.7}","source":"console","time":"2026-10-07T05:47:25Z"}
{"level":"info","msg":"{\"ev\":\"req\",\"route\":\"history\",\"status\":200,\"t\":1791352045925,\"ms\":9.9}","source":"console","time":"2026-10-07T05:47:25Z"}
{"level":"info","msg":"{\"ev\":\"req\",\"route\":\"submit\",\"status\":200,\"t\":1791352045934,\"ms\":21.1}","source":"console","time":"2026-10-07T05:47:25Z"}
{"level":"info","msg":"{\"ev\":\"accepted\",\"id\":\"28103561-240a-4bff-94a2-d372d5835227\",\"t\":1791352045934}","source":"console","time":"2026-10-07T05:47:25Z"}
{"level":"info","msg":"{\"ev\":\"req\",\"route\":\"problem_list\",\"status\":200,\"t\":1791352046018,\"ms\":4.2}","source":"console","time":"2026-10-07T05:47:26Z"}
{"level":"info","msg":"{\"ev\":\"req\",\"route\":\"problem_detail\",\"status\":200,\"t\":1791352046118,\"ms\":3.2}","source":"console","time":"2026-10-07T05:47:26Z"}
{"level":"info","msg":"{\"ev\":\"req\",\"route\":\"history\",\"status\":200,\"t\":1791352046221,\"ms\":5.6}","source":"console","time":"2026-10-07T05:47:26Z"}
{"level":"info","msg":"{\"ev\":\"req\",\"route\":\"problem_list\",\"status\":200,\"t\":1791352046319,\"ms\":3.7}","source":"console","time":"2026-10-07T05:47:26Z"}
{"level":"info","msg":"{\"ev\":\"req\",\"route\":\"problem_detail\",\"status\":200,\"t\":1791352046417,\"ms\":3.1}","source":"console","time":"2026-10-07T05:47:26Z"}
{"level":"info","msg":"{\"ev\":\"req\",\"route\":\"history\",\"status\":200,\"t\":1791352046519,\"ms\":4.5}","source":"console","time":"2026-10-07T05:47:26Z"}
{"level":"info","msg":"{\"ev\":\"req\",\"route\":\"problem_list\",\"status\":200,\"t\":1791352046620,\"ms\":5.1}","source":"console","time":"2026-10-07T05:47:26Z"}
{"level":"info","msg":"{\"ev\":\"req\",\"route\":\"problem_detail\",\"status\":200,\"t\":1791352046721,\"ms\":6.3}","source":"console","time":"2026-10-07T05:47:26Z"}
{"level":"info","msg":"{\"ev\":\"req\",\"route\":\"history\",\"status\":200,\"t\":1791352046824,\"ms\":9.1}","source":"console","time":"2026-10-07T05:47:26Z"}
{"level":"info","msg":"{\"ev\":\"req\",\"route\":\"problem_list\",\"status\":200,\"t\":1791352046918,\"ms\":3.3}","source":"console","time":"2026-10-07T05:47:26Z"}
{"level":"info","msg":"{\"ev\":\"req\",\"route\":\"problem_detail\",\"status\":200,\"t\":1791352047023,\"ms\":7.7}","source":"console","time":"2026-10-07T05:47:27Z"}
{"level":"info","msg":"{\"ev\":\"req\",\"route\":\"history\",\"status\":200,\"t\":1791352047125,\"ms\":9.8}","source":"console","time":"2026-10-07T05:47:27Z"}
{"level":"info","msg":"{\"ev\":\"req\",\"route\":\"problem_list\",\"status\":200,\"t\":1791352047222,\"ms\":7.1}","source":"console","time":"2026-10-07T05:47:27Z"}
{"level":"info","msg":"{\"ev\":\"req\",\"route\":\"problem_detail\",\"status\":200,\"t\":1791352047323,\"ms\":8.7}","source":"console","time":"2026-10-07T05:47:27Z"}
{"level":"info","msg":"{\"ev\":\"req\",\"route\":\"history\",\"status\":200,\"t\":1791352047425,\"ms\":9.7}","source":"console","time":"2026-10-07T05:47:27Z"}
{"level":"info","msg":"{\"ev\":\"req\",\"route\":\"problem_list\",\"status\":200,\"t\":1791352047523,\"ms\":8.3}","source":"console","time":"2026-10-07T05:47:27Z"}
{"level":"info","msg":"{\"ev\":\"req\",\"route\":\"submit\",\"status\":200,\"t\":1791352047590,\"ms\":11.2}","source":"console","time":"2026-10-07T05:47:27Z"}
{"level":"info","msg":"{\"ev\":\"accepted\",\"id\":\"d35dba0f-a27f-4228-8a23-e0ced9100204\",\"t\":1791352047590}","source":"console","time":"2026-10-07T05:47:27Z"}
{"level":"info","msg":"{\"ev\":\"req\",\"route\":\"problem_detail\",\"status\":200,\"t\":1791352047618,\"ms\":3.2}","source":"console","time":"2026-10-07T05:47:27Z"}
{"level":"info","msg":"{\"ev\":\"req\",\"route\":\"history\",\"status\":200,\"t\":1791352047724,\"ms\":9.7}","source":"console","time":"2026-10-07T05:47:27Z"}
{"level":"info","msg":"{\"ev\":\"req\",\"route\":\"problem_list\",\"status\":200,\"t\":1791352047820,\"ms\":5}","source":"console","time":"2026-10-07T05:47:27Z"}
{"level":"info","msg":"{\"ev\":\"req\",\"route\":\"problem_detail\",\"status\":200,\"t\":1791352047919,\"ms\":4}","source":"console","time":"2026-10-07T05:47:27Z"}
{"level":"info","msg":"{\"ev\":\"req\",\"route\":\"history\",\"status\":200,\"t\":1791352048020,\"ms\":5.3}","source":"console","time":"2026-10-07T05:47:28Z"}
{"level":"info","msg":"{\"ev\":\"req\",\"route\":\"problem_list\",\"status\":200,\"t\":1791352048120,\"ms\":5.6}","source":"console","time":"2026-10-07T05:47:28Z"}
{"level":"info","msg":"{\"ev\":\"req\",\"route\":\"problem_detail\",\"status\":200,\"t\":1791352048221,\"ms\":6.7}","source":"console","time":"2026-10-07T05:47:28Z"}
{"level":"info","msg":"{\"ev\":\"req\",\"route\":\"history\",\"status\":200,\"t\":1791352048328,\"ms\":12.5}","source":"console","time":"2026-10-07T05:47:28Z"}
{"level":"info","msg":"{\"ev\":\"req\",\"route\":\"problem_list\",\"status\":200,\"t\":1791352048423,\"ms\":7.6}","source":"console","time":"2026-10-07T05:47:28Z"}
{"level":"info","msg":"{\"ev\":\"req\",\"route\":\"problem_detail\",\"status\":200,\"t\":1791352048522,\"ms\":7}","source":"console","time":"2026-10-07T05:47:28Z"}
{"level":"info","msg":"{\"ev\":\"req\",\"route\":\"history\",\"status\":200,\"t\":1791352048625,\"ms\":9.8}","source":"console","time":"2026-10-07T05:47:28Z"}
{"level":"info","msg":"{\"ev\":\"req\",\"route\":\"problem_list\",\"status\":200,\"t\":1791352048718,\"ms\":3.2}","source":"console","time":"2026-10-07T05:47:28Z"}
{"level":"info","msg":"{\"ev\":\"req\",\"route\":\"problem_detail\",\"status\":200,\"t\":1791352048822,\"ms\":7.1}","source":"console","time":"2026-10-07T05:47:28Z"}
{"level":"info","msg":"{\"ev\":\"req\",\"route\":\"history\",\"status\":200,\"t\":1791352048925,\"ms\":10}","source":"console","time":"2026-10-07T05:47:28Z"}
{"level":"info","msg":"{\"ev\":\"req\",\"route\":\"problem_list\",\"status\":200,\"t\":1791352049023,\"ms\":8.4}","source":"console","time":"2026-10-07T05:47:29Z"}
{"level":"info","msg":"{\"ev\":\"req\",\"route\":\"problem_detail\",\"status\":200,\"t\":1791352049117,\"ms\":2.8}","source":"console","time":"2026-10-07T05:47:29Z"}
{"level":"info","msg":"{\"ev\":\"req\",\"route\":\"history\",\"status\":200,\"t\":1791352049222,\"ms\":7.2}","source":"console","time":"2026-10-07T05:47:29Z"}
{"level":"info","msg":"{\"ev\":\"req\",\"route\":\"submit\",\"status\":200,\"t\":1791352049262,\"ms\":15.6}","source":"console","time":"2026-10-07T05:47:29Z"}
{"level":"info","msg":"{\"ev\":\"accepted\",\"id\":\"5efbe333-5d52-4b8e-b5bc-051c49bba922\",\"t\":1791352049262}","source":"console","time":"2026-10-07T05:47:29Z"}
{"level":"info","msg":"{\"ev\":\"req\",\"route\":\"problem_list\",\"status\":200,\"t\":1791352049319,\"ms\":3.8}","source":"console","time":"2026-10-07T05:47:29Z"}
{"level":"info","msg":"{\"ev\":\"req\",\"route\":\"problem_detail\",\"status\":200,\"t\":1791352049418,\"ms\":3.7}","source":"console","time":"2026-10-07T05:47:29Z"}
{"level":"info","msg":"{\"ev\":\"req\",\"route\":\"history\",\"status\":200,\"t\":1791352049519,\"ms\":5.1}","source":"console","time":"2026-10-07T05:47:29Z"}
{"level":"info","msg":"{\"ev\":\"req\",\"route\":\"problem_list\",\"status\":200,\"t\":1791352049619,\"ms\":3.7}","source":"console","time":"2026-10-07T05:47:29Z"}
{"level":"info","msg":"{\"ev\":\"req\",\"route\":\"problem_detail\",\"status\":200,\"t\":1791352049718,\"ms\":3.1}","source":"console","time":"2026-10-07T05:47:29Z"}
{"level":"info","msg":"{\"ev\":\"req\",\"route\":\"history\",\"status\":200,\"t\":1791352049820,\"ms\":5.5}","source":"console","time":"2026-10-07T05:47:29Z"}
{"level":"info","msg":"{\"ev\":\"req\",\"route\":\"problem_list\",\"status\":200,\"t\":1791352049919,\"ms\":4.2}","source":"console","time":"2026-10-07T05:47:29Z"}
{"level":"info","msg":"{\"ev\":\"req\",\"route\":\"problem_detail\",\"status\":200,\"t\":1791352050024,\"ms\":7.3}","source":"console","time":"2026-10-07T05:47:30Z"}
{"level":"info","msg":"{\"ev\":\"req\",\"route\":\"history\",\"status\":200,\"t\":1791352050126,\"ms\":11.1}","source":"console","time":"2026-10-07T05:47:30Z"}
{"level":"info","msg":"{\"ev\":\"req\",\"route\":\"problem_list\",\"status\":200,\"t\":1791352050222,\"ms\":7}","source":"console","time":"2026-10-07T05:47:30Z"}
{"level":"info","msg":"{\"ev\":\"req\",\"route\":\"problem_detail\",\"status\":200,\"t\":1791352050324,\"ms\":8.6}","source":"console","time":"2026-10-07T05:47:30Z"}
{"level":"info","msg":"{\"ev\":\"req\",\"route\":\"history\",\"status\":200,\"t\":1791352050426,\"ms\":11.1}","source":"console","time":"2026-10-07T05:47:30Z"}
{"level":"info","msg":"{\"ev\":\"req\",\"route\":\"problem_list\",\"status\":200,\"t\":1791352050524,\"ms\":8.8}","source":"console","time":"2026-10-07T05:47:30Z"}
{"level":"info","msg":"{\"ev\":\"req\",\"route\":\"problem_detail\",\"status\":200,\"t\":1791352050624,\"ms\":8.5}","source":"console","time":"2026-10-07T05:47:30Z"}
{"level":"info","msg":"{\"ev\":\"req\",\"route\":\"history\",\"status\":200,\"t\":1791352050725,\"ms\":10.3}","source":"console","time":"2026-10-07T05:47:30Z"}
{"level":"info","msg":"{\"ev\":\"req\",\"route\":\"problem_list\",\"status\":200,\"t\":1791352050824,\"ms\":8.5}","source":"console","time":"2026-10-07T05:47:30Z"}
{"level":"info","msg":"{\"ev\":\"req\",\"route\":\"problem_detail\",\"status\":200,\"t\":1791352050923,\"ms\":7.7}","source":"console","time":"2026-10-07T05:47:30Z"}
{"level":"info","msg":"{\"ev\":\"req\",\"route\":\"submit\",\"status\":200,\"t\":1791352050934,\"ms\":21.9}","source":"console","time":"2026-10-07T05:47:30Z"}
{"level":"info","msg":"{\"ev\":\"accepted\",\"id\":\"b1adbc74-55b5-4bf1-8e2a-84f7b36ad1e0\",\"t\":1791352050934}","source":"console","time":"2026-10-07T05:47:30Z"}
{"level":"info","msg":"{\"ev\":\"req\",\"route\":\"history\",\"status\":200,\"t\":1791352051020,\"ms\":5.8}","source":"console","time":"2026-10-07T05:47:31Z"}
{"level":"info","msg":"{\"ev\":\"req\",\"route\":\"problem_list\",\"status\":200,\"t\":1791352051120,\"ms\":5.3}","source":"console","time":"2026-10-07T05:47:31Z"}
{"level":"info","msg":"{\"ev\":\"req\",\"route\":\"problem_detail\",\"status\":200,\"t\":1791352051219,\"ms\":4}","source":"console","time":"2026-10-07T05:47:31Z"}
{"level":"info","msg":"{\"ev\":\"req\",\"route\":\"history\",\"status\":200,\"t\":1791352051320,\"ms\":4.7}","source":"console","time":"2026-10-07T05:47:31Z"}
{"level":"info","msg":"{\"ev\":\"req\",\"route\":\"problem_list\",\"status\":200,\"t\":1791352051419,\"ms\":4.1}","source":"console","time":"2026-10-07T05:47:31Z"}
{"level":"info","msg":"{\"ev\":\"req\",\"route\":\"problem_detail\",\"status\":200,\"t\":1791352051518,\"ms\":3.5}","source":"console","time":"2026-10-07T05:47:31Z"}
{"level":"info","msg":"{\"ev\":\"req\",\"route\":\"history\",\"status\":200,\"t\":1791352051623,\"ms\":8.4}","source":"console","time":"2026-10-07T05:47:31Z"}
{"level":"info","msg":"{\"ev\":\"req\",\"route\":\"problem_list\",\"status\":200,\"t\":1791352051723,\"ms\":8.1}","source":"console","time":"2026-10-07T05:47:31Z"}
{"level":"info","msg":"{\"ev\":\"req\",\"route\":\"problem_detail\",\"status\":200,\"t\":1791352051818,\"ms\":3.4}","source":"console","time":"2026-10-07T05:47:31Z"}
{"level":"info","msg":"{\"ev\":\"req\",\"route\":\"history\",\"status\":200,\"t\":1791352051926,\"ms\":11.5}","source":"console","time":"2026-10-07T05:47:31Z"}
{"level":"info","msg":"{\"ev\":\"req\",\"route\":\"problem_list\",\"status\":200,\"t\":1791352052023,\"ms\":8.1}","source":"console","time":"2026-10-07T05:47:32Z"}
{"level":"info","msg":"{\"ev\":\"req\",\"route\":\"problem_detail\",\"status\":200,\"t\":1791352052118,\"ms\":3.6}","source":"console","time":"2026-10-07T05:47:32Z"}
{"level":"info","msg":"{\"ev\":\"req\",\"route\":\"history\",\"status\":200,\"t\":1791352052223,\"ms\":8.2}","source":"console","time":"2026-10-07T05:47:32Z"}
{"level":"info","msg":"{\"ev\":\"req\",\"route\":\"problem_list\",\"status\":200,\"t\":1791352052324,\"ms\":9}","source":"console","time":"2026-10-07T05:47:32Z"}
{"level":"info","msg":"{\"ev\":\"req\",\"route\":\"problem_detail\",\"status\":200,\"t\":1791352052418,\"ms\":3}","source":"console","time":"2026-10-07T05:47:32Z"}
{"level":"info","msg":"{\"ev\":\"req\",\"route\":\"history\",\"status\":200,\"t\":1791352052519,\"ms\":5}","source":"console","time":"2026-10-07T05:47:32Z"}
{"level":"info","msg":"{\"ev\":\"req\",\"route\":\"submit\",\"status\":200,\"t\":1791352052603,\"ms\":23.5}","source":"console","time":"2026-10-07T05:47:32Z"}
{"level":"info","msg":"{\"ev\":\"accepted\",\"id\":\"b4a048fe-1838-4084-99ef-ea2203fa9d81\",\"t\":1791352052603}","source":"console","time":"2026-10-07T05:47:32Z"}
{"level":"info","msg":"{\"ev\":\"req\",\"route\":\"problem_list\",\"status\":200,\"t\":1791352052619,\"ms\":4}","source":"console","time":"2026-10-07T05:47:32Z"}
{"level":"info","msg":"{\"ev\":\"req\",\"route\":\"problem_detail\",\"status\":200,\"t\":1791352052718,\"ms\":3.4}","source":"console","time":"2026-10-07T05:47:32Z"}
{"level":"info","msg":"{\"ev\":\"req\",\"route\":\"history\",\"status\":200,\"t\":1791352052819,\"ms\":4.4}","source":"console","time":"2026-10-07T05:47:32Z"}
{"level":"info","msg":"{\"ev\":\"req\",\"route\":\"problem_list\",\"status\":200,\"t\":1791352052918,\"ms\":3.4}","source":"console","time":"2026-10-07T05:47:32Z"}
{"level":"info","msg":"{\"ev\":\"req\",\"route\":\"problem_detail\",\"status\":200,\"t\":1791352053018,\"ms\":3.1}","source":"console","time":"2026-10-07T05:47:33Z"}
{"level":"info","msg":"{\"ev\":\"req\",\"route\":\"history\",\"status\":200,\"t\":1791352053119,\"ms\":4.5}","source":"console","time":"2026-10-07T05:47:33Z"}
{"level":"info","msg":"{\"ev\":\"req\",\"route\":\"problem_list\",\"status\":200,\"t\":1791352053219,\"ms\":4.3}","source":"console","time":"2026-10-07T05:47:33Z"}
{"level":"info","msg":"{\"ev\":\"req\",\"route\":\"problem_detail\",\"status\":200,\"t\":1791352053318,\"ms\":3.2}","source":"console","time":"2026-10-07T05:47:33Z"}
{"level":"info","msg":"{\"ev\":\"req\",\"route\":\"history\",\"status\":200,\"t\":1791352053419,\"ms\":4.3}","source":"console","time":"2026-10-07T05:47:33Z"}
{"level":"info","msg":"{\"ev\":\"req\",\"route\":\"problem_list\",\"status\":200,\"t\":1791352053523,\"ms\":8.4}","source":"console","time":"2026-10-07T05:47:33Z"}
{"level":"info","msg":"{\"ev\":\"req\",\"route\":\"problem_detail\",\"status\":200,\"t\":1791352053624,\"ms\":8.5}","source":"console","time":"2026-10-07T05:47:33Z"}
{"level":"info","msg":"{\"ev\":\"req\",\"route\":\"history\",\"status\":200,\"t\":1791352053725,\"ms\":9.6}","source":"console","time":"2026-10-07T05:47:33Z"}
{"level":"info","msg":"{\"ev\":\"req\",\"route\":\"problem_list\",\"status\":200,\"t\":1791352053823,\"ms\":7.9}","source":"console","time":"2026-10-07T05:47:33Z"}
{"level":"info","msg":"{\"ev\":\"req\",\"route\":\"problem_detail\",\"status\":200,\"t\":1791352053921,\"ms\":6}","source":"console","time":"2026-10-07T05:47:33Z"}
{"level":"info","msg":"{\"ev\":\"req\",\"route\":\"history\",\"status\":200,\"t\":1791352054024,\"ms\":9.4}","source":"console","time":"2026-10-07T05:47:34Z"}
{"level":"info","msg":"{\"ev\":\"req\",\"route\":\"problem_list\",\"status\":200,\"t\":1791352054123,\"ms\":8}","source":"console","time":"2026-10-07T05:47:34Z"}
{"level":"info","msg":"{\"ev\":\"req\",\"route\":\"problem_detail\",\"status\":200,\"t\":1791352054222,\"ms\":7}","source":"console","time":"2026-10-07T05:47:34Z"}
{"level":"info","msg":"{\"ev\":\"req\",\"route\":\"submit\",\"status\":200,\"t\":1791352054276,\"ms\":29.7}","source":"console","time":"2026-10-07T05:47:34Z"}
{"level":"info","msg":"{\"ev\":\"accepted\",\"id\":\"25404102-4de4-4821-8931-b95dd9127f6c\",\"t\":1791352054276}","source":"console","time":"2026-10-07T05:47:34Z"}
{"level":"info","msg":"{\"ev\":\"req\",\"route\":\"history\",\"status\":200,\"t\":1791352054323,\"ms\":8.2}","source":"console","time":"2026-10-07T05:47:34Z"}
{"level":"info","msg":"{\"ev\":\"req\",\"route\":\"problem_list\",\"status\":200,\"t\":1791352054420,\"ms\":5.2}","source":"console","time":"2026-10-07T05:47:34Z"}
{"level":"info","msg":"{\"ev\":\"req\",\"route\":\"problem_detail\",\"status\":200,\"t\":1791352054519,\"ms\":4}","source":"console","time":"2026-10-07T05:47:34Z"}
{"level":"info","msg":"{\"ev\":\"req\",\"route\":\"history\",\"status\":200,\"t\":1791352054620,\"ms\":5.8}","source":"console","time":"2026-10-07T05:47:34Z"}
{"level":"info","msg":"{\"ev\":\"req\",\"route\":\"problem_list\",\"status\":200,\"t\":1791352054718,\"ms\":3.3}","source":"console","time":"2026-10-07T05:47:34Z"}
{"level":"info","msg":"{\"ev\":\"req\",\"route\":\"problem_detail\",\"status\":200,\"t\":1791352054822,\"ms\":6.3}","source":"console","time":"2026-10-07T05:47:34Z"}
{"level":"info","msg":"{\"ev\":\"req\",\"route\":\"history\",\"status\":200,\"t\":1791352054924,\"ms\":9.3}","source":"console","time":"2026-10-07T05:47:34Z"}
{"level":"info","msg":"{\"ev\":\"req\",\"route\":\"problem_list\",\"status\":200,\"t\":1791352055023,\"ms\":8.2}","source":"console","time":"2026-10-07T05:47:35Z"}
{"level":"info","msg":"{\"ev\":\"req\",\"route\":\"problem_detail\",\"status\":200,\"t\":1791352055123,\"ms\":7.8}","source":"console","time":"2026-10-07T05:47:35Z"}
{"level":"info","msg":"{\"ev\":\"req\",\"route\":\"history\",\"status\":200,\"t\":1791352055219,\"ms\":4}","source":"console","time":"2026-10-07T05:47:35Z"}
{"level":"info","msg":"{\"ev\":\"req\",\"route\":\"problem_list\",\"status\":200,\"t\":1791352055323,\"ms\":8.4}","source":"console","time":"2026-10-07T05:47:35Z"}
{"level":"info","msg":"{\"ev\":\"req\",\"route\":\"problem_detail\",\"status\":200,\"t\":1791352055423,\"ms\":7.5}","source":"console","time":"2026-10-07T05:47:35Z"}
{"level":"info","msg":"{\"ev\":\"req\",\"route\":\"history\",\"status\":200,\"t\":1791352055519,\"ms\":4}","source":"console","time":"2026-10-07T05:47:35Z"}
{"level":"info","msg":"{\"ev\":\"req\",\"route\":\"problem_list\",\"status\":200,\"t\":1791352055618,\"ms\":3.5}","source":"console","time":"2026-10-07T05:47:35Z"}
{"level":"info","msg":"{\"ev\":\"req\",\"route\":\"problem_detail\",\"status\":200,\"t\":1791352055718,\"ms\":3.7}","source":"console","time":"2026-10-07T05:47:35Z"}
{"level":"info","msg":"{\"ev\":\"req\",\"route\":\"history\",\"status\":200,\"t\":1791352055820,\"ms\":4.6}","source":"console","time":"2026-10-07T05:47:35Z"}
{"level":"info","msg":"{\"ev\":\"req\",\"route\":\"problem_list\",\"status\":200,\"t\":1791352055918,\"ms\":3.6}","source":"console","time":"2026-10-07T05:47:35Z"}
{"level":"info","msg":"{\"ev\":\"req\",\"route\":\"submit\",\"status\":200,\"t\":1791352055930,\"ms\":17.6}","source":"console","time":"2026-10-07T05:47:35Z"}
{"level":"info","msg":"{\"ev\":\"accepted\",\"id\":\"830634f9-4223-4761-9a71-b4240de29833\",\"t\":1791352055930}","source":"console","time":"2026-10-07T05:47:35Z"}
{"level":"info","msg":"{\"ev\":\"req\",\"route\":\"problem_detail\",\"status\":200,\"t\":1791352056018,\"ms\":3.5}","source":"console","time":"2026-10-07T05:47:36Z"}
{"level":"info","msg":"{\"ev\":\"req\",\"route\":\"history\",\"status\":200,\"t\":1791352056121,\"ms\":6.2}","source":"console","time":"2026-10-07T05:47:36Z"}
{"level":"info","msg":"{\"ev\":\"req\",\"route\":\"problem_list\",\"status\":200,\"t\":1791352056219,\"ms\":4.9}","source":"console","time":"2026-10-07T05:47:36Z"}
{"level":"info","msg":"{\"ev\":\"req\",\"route\":\"problem_detail\",\"status\":200,\"t\":1791352056318,\"ms\":3.5}","source":"console","time":"2026-10-07T05:47:36Z"}
{"level":"info","msg":"{\"ev\":\"req\",\"route\":\"history\",\"status\":200,\"t\":1791352056420,\"ms\":4.5}","source":"console","time":"2026-10-07T05:47:36Z"}
{"level":"info","msg":"{\"ev\":\"req\",\"route\":\"problem_list\",\"status\":200,\"t\":1791352056518,\"ms\":3.9}","source":"console","time":"2026-10-07T05:47:36Z"}
{"level":"info","msg":"{\"ev\":\"req\",\"route\":\"problem_detail\",\"status\":200,\"t\":1791352056619,\"ms\":3.9}","source":"console","time":"2026-10-07T05:47:36Z"}
{"level":"info","msg":"{\"ev\":\"req\",\"route\":\"history\",\"status\":200,\"t\":1791352056719,\"ms\":4}","source":"console","time":"2026-10-07T05:47:36Z"}
{"level":"info","msg":"{\"ev\":\"req\",\"route\":\"problem_list\",\"status\":200,\"t\":1791352056818,\"ms\":3.7}","source":"console","time":"2026-10-07T05:47:36Z"}
{"level":"info","msg":"{\"ev\":\"req\",\"route\":\"problem_detail\",\"status\":200,\"t\":1791352056923,\"ms\":7.9}","source":"console","time":"2026-10-07T05:47:36Z"}
{"level":"info","msg":"{\"ev\":\"req\",\"route\":\"history\",\"status\":200,\"t\":1791352057018,\"ms\":3.6}","source":"console","time":"2026-10-07T05:47:37Z"}
{"level":"info","msg":"{\"ev\":\"req\",\"route\":\"problem_list\",\"status\":200,\"t\":1791352057124,\"ms\":8.1}","source":"console","time":"2026-10-07T05:47:37Z"}
{"level":"info","msg":"{\"ev\":\"req\",\"route\":\"problem_detail\",\"status\":200,\"t\":1791352057218,\"ms\":3.7}","source":"console","time":"2026-10-07T05:47:37Z"}
{"level":"info","msg":"{\"ev\":\"req\",\"route\":\"history\",\"status\":200,\"t\":1791352057325,\"ms\":9.9}","source":"console","time":"2026-10-07T05:47:37Z"}
{"level":"info","msg":"{\"ev\":\"req\",\"route\":\"problem_list\",\"status\":200,\"t\":1791352057424,\"ms\":8.5}","source":"console","time":"2026-10-07T05:47:37Z"}
{"level":"info","msg":"{\"ev\":\"req\",\"route\":\"problem_detail\",\"status\":200,\"t\":1791352057523,\"ms\":8.5}","source":"console","time":"2026-10-07T05:47:37Z"}
{"level":"info","msg":"{\"ev\":\"req\",\"route\":\"submit\",\"status\":200,\"t\":1791352057609,\"ms\":29.7}","source":"console","time":"2026-10-07T05:47:37Z"}
{"level":"info","msg":"{\"ev\":\"accepted\",\"id\":\"96d883bb-7b13-44fc-9b4f-46a6c313e316\",\"t\":1791352057609}","source":"console","time":"2026-10-07T05:47:37Z"}
{"level":"info","msg":"{\"ev\":\"req\",\"route\":\"history\",\"status\":200,\"t\":1791352057623,\"ms\":8}","source":"console","time":"2026-10-07T05:47:37Z"}
{"level":"info","msg":"{\"ev\":\"req\",\"route\":\"problem_list\",\"status\":200,\"t\":1791352057719,\"ms\":4.7}","source":"console","time":"2026-10-07T05:47:37Z"}
{"level":"info","msg":"{\"ev\":\"req\",\"route\":\"problem_detail\",\"status\":200,\"t\":1791352057819,\"ms\":3.9}","source":"console","time":"2026-10-07T05:47:37Z"}
{"level":"info","msg":"{\"ev\":\"req\",\"route\":\"history\",\"status\":200,\"t\":1791352057922,\"ms\":6.7}","source":"console","time":"2026-10-07T05:47:37Z"}
{"level":"info","msg":"{\"ev\":\"req\",\"route\":\"problem_list\",\"status\":200,\"t\":1791352058019,\"ms\":3.3}","source":"console","time":"2026-10-07T05:47:38Z"}
{"level":"info","msg":"{\"ev\":\"req\",\"route\":\"problem_detail\",\"status\":200,\"t\":1791352058118,\"ms\":3.1}","source":"console","time":"2026-10-07T05:47:38Z"}
{"level":"info","msg":"{\"ev\":\"req\",\"route\":\"history\",\"status\":200,\"t\":1791352058220,\"ms\":4.9}","source":"console","time":"2026-10-07T05:47:38Z"}
{"level":"info","msg":"{\"ev\":\"req\",\"route\":\"problem_list\",\"status\":200,\"t\":1791352058323,\"ms\":7.9}","source":"console","time":"2026-10-07T05:47:38Z"}
{"level":"info","msg":"{\"ev\":\"req\",\"route\":\"problem_detail\",\"status\":200,\"t\":1791352058423,\"ms\":7.6}","source":"console","time":"2026-10-07T05:47:38Z"}
{"level":"info","msg":"{\"ev\":\"req\",\"route\":\"history\",\"status\":200,\"t\":1791352058526,\"ms\":10.9}","source":"console","time":"2026-10-07T05:47:38Z"}
{"level":"info","msg":"{\"ev\":\"req\",\"route\":\"problem_list\",\"status\":200,\"t\":1791352058619,\"ms\":4.1}","source":"console","time":"2026-10-07T05:47:38Z"}
{"level":"info","msg":"{\"ev\":\"req\",\"route\":\"problem_detail\",\"status\":200,\"t\":1791352058723,\"ms\":7.9}","source":"console","time":"2026-10-07T05:47:38Z"}
{"level":"info","msg":"{\"ev\":\"req\",\"route\":\"history\",\"status\":200,\"t\":1791352058825,\"ms\":9.4}","source":"console","time":"2026-10-07T05:47:38Z"}
{"level":"info","msg":"{\"ev\":\"req\",\"route\":\"problem_list\",\"status\":200,\"t\":1791352058923,\"ms\":8.1}","source":"console","time":"2026-10-07T05:47:38Z"}
{"level":"info","msg":"{\"ev\":\"req\",\"route\":\"problem_detail\",\"status\":200,\"t\":1791352059023,\"ms\":8.3}","source":"console","time":"2026-10-07T05:47:39Z"}
{"level":"info","msg":"{\"ev\":\"req\",\"route\":\"history\",\"status\":200,\"t\":1791352059125,\"ms\":9.7}","source":"console","time":"2026-10-07T05:47:39Z"}
{"level":"info","msg":"{\"ev\":\"req\",\"route\":\"problem_list\",\"status\":200,\"t\":1791352059219,\"ms\":4.5}","source":"console","time":"2026-10-07T05:47:39Z"}
{"level":"info","msg":"{\"ev\":\"req\",\"route\":\"submit\",\"status\":200,\"t\":1791352059271,\"ms\":24.3}","source":"console","time":"2026-10-07T05:47:39Z"}
{"level":"info","msg":"{\"ev\":\"accepted\",\"id\":\"5a27f7c6-a6c2-4552-9a6a-eec50a0ab40c\",\"t\":1791352059271}","source":"console","time":"2026-10-07T05:47:39Z"}
{"level":"info","msg":"{\"ev\":\"req\",\"route\":\"problem_detail\",\"status\":200,\"t\":1791352059318,\"ms\":3.1}","source":"console","time":"2026-10-07T05:47:39Z"}
{"level":"info","msg":"{\"ev\":\"req\",\"route\":\"history\",\"status\":200,\"t\":1791352059419,\"ms\":4.5}","source":"console","time":"2026-10-07T05:47:39Z"}
{"level":"info","msg":"{\"ev\":\"req\",\"route\":\"problem_list\",\"status\":200,\"t\":1791352059519,\"ms\":4.3}","source":"console","time":"2026-10-07T05:47:39Z"}
{"level":"info","msg":"{\"ev\":\"req\",\"route\":\"problem_detail\",\"status\":200,\"t\":1791352059618,\"ms\":3.5}","source":"console","time":"2026-10-07T05:47:39Z"}
{"level":"info","msg":"{\"ev\":\"req\",\"route\":\"history\",\"status\":200,\"t\":1791352059719,\"ms\":4.6}","source":"console","time":"2026-10-07T05:47:39Z"}
{"level":"info","msg":"{\"ev\":\"req\",\"route\":\"problem_list\",\"status\":200,\"t\":1791352059818,\"ms\":3.5}","source":"console","time":"2026-10-07T05:47:39Z"}
{"level":"info","msg":"{\"ev\":\"req\",\"route\":\"problem_detail\",\"status\":200,\"t\":1791352059919,\"ms\":4}","source":"console","time":"2026-10-07T05:47:39Z"}
{"level":"info","msg":"{\"ev\":\"req\",\"route\":\"history\",\"status\":200,\"t\":1791352060030,\"ms\":11.4}","source":"console","time":"2026-10-07T05:47:40Z"}
{"level":"info","msg":"{\"ev\":\"req\",\"route\":\"problem_list\",\"status\":200,\"t\":1791352060123,\"ms\":7.8}","source":"console","time":"2026-10-07T05:47:40Z"}
{"level":"info","msg":"{\"ev\":\"req\",\"route\":\"problem_detail\",\"status\":200,\"t\":1791352060219,\"ms\":4.2}","source":"console","time":"2026-10-07T05:47:40Z"}
{"level":"info","msg":"{\"ev\":\"req\",\"route\":\"history\",\"status\":200,\"t\":1791352060326,\"ms\":11.3}","source":"console","time":"2026-10-07T05:47:40Z"}
{"level":"info","msg":"{\"ev\":\"req\",\"route\":\"problem_list\",\"status\":200,\"t\":1791352060423,\"ms\":8.7}","source":"console","time":"2026-10-07T05:47:40Z"}
{"level":"info","msg":"{\"ev\":\"req\",\"route\":\"problem_detail\",\"status\":200,\"t\":1791352060522,\"ms\":7.5}","source":"console","time":"2026-10-07T05:47:40Z"}
{"level":"info","msg":"{\"ev\":\"req\",\"route\":\"history\",\"status\":200,\"t\":1791352060625,\"ms\":9.5}","source":"console","time":"2026-10-07T05:47:40Z"}
{"level":"info","msg":"{\"ev\":\"req\",\"route\":\"problem_list\",\"status\":200,\"t\":1791352060718,\"ms\":3.1}","source":"console","time":"2026-10-07T05:47:40Z"}
{"level":"info","msg":"{\"ev\":\"req\",\"route\":\"problem_detail\",\"status\":200,\"t\":1791352060823,\"ms\":7.8}","source":"console","time":"2026-10-07T05:47:40Z"}
{"level":"info","msg":"{\"ev\":\"req\",\"route\":\"history\",\"status\":200,\"t\":1791352060925,\"ms\":10}","source":"console","time":"2026-10-07T05:47:40Z"}
{"level":"info","msg":"{\"ev\":\"req\",\"route\":\"submit\",\"status\":200,\"t\":1791352060932,\"ms\":19.7}","source":"console","time":"2026-10-07T05:47:40Z"}
{"level":"info","msg":"{\"ev\":\"accepted\",\"id\":\"11055b63-6c81-40c9-9182-a4bc7c9d3dc3\",\"t\":1791352060932}","source":"console","time":"2026-10-07T05:47:40Z"}
{"level":"info","msg":"{\"ev\":\"req\",\"route\":\"problem_list\",\"status\":200,\"t\":1791352061025,\"ms\":9.7}","source":"console","time":"2026-10-07T05:47:41Z"}
{"level":"info","msg":"{\"ev\":\"req\",\"route\":\"problem_detail\",\"status\":200,\"t\":1791352061118,\"ms\":3.8}","source":"console","time":"2026-10-07T05:47:41Z"}
{"level":"info","msg":"{\"ev\":\"req\",\"route\":\"history\",\"status\":200,\"t\":1791352061221,\"ms\":6}","source":"console","time":"2026-10-07T05:47:41Z"}
{"level":"info","msg":"{\"ev\":\"req\",\"route\":\"problem_list\",\"status\":200,\"t\":1791352061321,\"ms\":5.8}","source":"console","time":"2026-10-07T05:47:41Z"}
{"level":"info","msg":"{\"ev\":\"req\",\"route\":\"problem_detail\",\"status\":200,\"t\":1791352061418,\"ms\":3.6}","source":"console","time":"2026-10-07T05:47:41Z"}
{"level":"info","msg":"{\"ev\":\"req\",\"route\":\"history\",\"status\":200,\"t\":1791352061519,\"ms\":4.3}","source":"console","time":"2026-10-07T05:47:41Z"}
{"level":"info","msg":"{\"ev\":\"req\",\"route\":\"problem_list\",\"status\":200,\"t\":1791352061621,\"ms\":6.3}","source":"console","time":"2026-10-07T05:47:41Z"}
{"level":"info","msg":"{\"ev\":\"req\",\"route\":\"problem_detail\",\"status\":200,\"t\":1791352061723,\"ms\":7.7}","source":"console","time":"2026-10-07T05:47:41Z"}
{"level":"info","msg":"{\"ev\":\"req\",\"route\":\"history\",\"status\":200,\"t\":1791352061825,\"ms\":9.5}","source":"console","time":"2026-10-07T05:47:41Z"}
{"level":"info","msg":"{\"ev\":\"req\",\"route\":\"problem_list\",\"status\":200,\"t\":1791352061927,\"ms\":12.6}","source":"console","time":"2026-10-07T05:47:41Z"}
{"level":"info","msg":"{\"ev\":\"req\",\"route\":\"problem_detail\",\"status\":200,\"t\":1791352062023,\"ms\":8.2}","source":"console","time":"2026-10-07T05:47:42Z"}
{"level":"info","msg":"{\"ev\":\"req\",\"route\":\"history\",\"status\":200,\"t\":1791352062125,\"ms\":10.7}","source":"console","time":"2026-10-07T05:47:42Z"}
{"level":"info","msg":"{\"ev\":\"req\",\"route\":\"problem_list\",\"status\":200,\"t\":1791352062223,\"ms\":8.6}","source":"console","time":"2026-10-07T05:47:42Z"}
{"level":"info","msg":"{\"ev\":\"req\",\"route\":\"problem_detail\",\"status\":200,\"t\":1791352062324,\"ms\":8.7}","source":"console","time":"2026-10-07T05:47:42Z"}
{"level":"info","msg":"{\"ev\":\"req\",\"route\":\"history\",\"status\":200,\"t\":1791352062425,\"ms\":10.1}","source":"console","time":"2026-10-07T05:47:42Z"}
{"level":"info","msg":"{\"ev\":\"req\",\"route\":\"problem_list\",\"status\":200,\"t\":1791352062524,\"ms\":8.7}","source":"console","time":"2026-10-07T05:47:42Z"}
{"level":"info","msg":"{\"ev\":\"req\",\"route\":\"submit\",\"status\":200,\"t\":1791352062604,\"ms\":24.7}","source":"console","time":"2026-10-07T05:47:42Z"}
{"level":"info","msg":"{\"ev\":\"accepted\",\"id\":\"8b153a3c-45c8-4aee-8caa-f4dba0878dae\",\"t\":1791352062604}","source":"console","time":"2026-10-07T05:47:42Z"}
{"level":"info","msg":"{\"ev\":\"req\",\"route\":\"problem_detail\",\"status\":200,\"t\":1791352062618,\"ms\":2.8}","source":"console","time":"2026-10-07T05:47:42Z"}
{"level":"info","msg":"{\"ev\":\"req\",\"route\":\"history\",\"status\":200,\"t\":1791352062719,\"ms\":5}","source":"console","time":"2026-10-07T05:47:42Z"}
{"level":"info","msg":"{\"ev\":\"req\",\"route\":\"problem_list\",\"status\":200,\"t\":1791352062818,\"ms\":3.4}","source":"console","time":"2026-10-07T05:47:42Z"}
{"level":"info","msg":"{\"ev\":\"req\",\"route\":\"problem_detail\",\"status\":200,\"t\":1791352062918,\"ms\":3.4}","source":"console","time":"2026-10-07T05:47:42Z"}
{"level":"info","msg":"{\"ev\":\"req\",\"route\":\"history\",\"status\":200,\"t\":1791352063020,\"ms\":5.3}","source":"console","time":"2026-10-07T05:47:43Z"}
{"level":"info","msg":"{\"ev\":\"req\",\"route\":\"problem_list\",\"status\":200,\"t\":1791352063119,\"ms\":3.3}","source":"console","time":"2026-10-07T05:47:43Z"}
{"level":"info","msg":"{\"ev\":\"req\",\"route\":\"problem_detail\",\"status\":200,\"t\":1791352063218,\"ms\":3.3}","source":"console","time":"2026-10-07T05:47:43Z"}
{"level":"info","msg":"{\"ev\":\"req\",\"route\":\"history\",\"status\":200,\"t\":1791352063323,\"ms\":8.5}","source":"console","time":"2026-10-07T05:47:43Z"}
{"level":"info","msg":"{\"ev\":\"req\",\"route\":\"problem_list\",\"status\":200,\"t\":1791352063423,\"ms\":7.8}","source":"console","time":"2026-10-07T05:47:43Z"}
{"level":"info","msg":"{\"ev\":\"req\",\"route\":\"problem_detail\",\"status\":200,\"t\":1791352063524,\"ms\":8.8}","source":"console","time":"2026-10-07T05:47:43Z"}
{"level":"info","msg":"{\"ev\":\"req\",\"route\":\"history\",\"status\":200,\"t\":1791352063625,\"ms\":9.6}","source":"console","time":"2026-10-07T05:47:43Z"}
{"level":"info","msg":"{\"ev\":\"req\",\"route\":\"problem_list\",\"status\":200,\"t\":1791352063724,\"ms\":9.2}","source":"console","time":"2026-10-07T05:47:43Z"}
{"level":"info","msg":"{\"ev\":\"req\",\"route\":\"problem_detail\",\"status\":200,\"t\":1791352063817,\"ms\":2.9}","source":"console","time":"2026-10-07T05:47:43Z"}
{"level":"info","msg":"{\"ev\":\"req\",\"route\":\"history\",\"status\":200,\"t\":1791352063925,\"ms\":10.4}","source":"console","time":"2026-10-07T05:47:43Z"}
{"level":"info","msg":"{\"ev\":\"req\",\"route\":\"problem_list\",\"status\":200,\"t\":1791352064022,\"ms\":7.4}","source":"console","time":"2026-10-07T05:47:44Z"}
{"level":"info","msg":"{\"ev\":\"req\",\"route\":\"problem_detail\",\"status\":200,\"t\":1791352064124,\"ms\":8.8}","source":"console","time":"2026-10-07T05:47:44Z"}
{"level":"info","msg":"{\"ev\":\"req\",\"route\":\"history\",\"status\":200,\"t\":1791352064224,\"ms\":9.5}","source":"console","time":"2026-10-07T05:47:44Z"}
{"level":"info","msg":"{\"ev\":\"req\",\"route\":\"submit\",\"status\":200,\"t\":1791352064274,\"ms\":28.6}","source":"console","time":"2026-10-07T05:47:44Z"}
{"level":"info","msg":"{\"ev\":\"accepted\",\"id\":\"4f717987-2604-4ea9-af38-e577f02ff4f2\",\"t\":1791352064275}","source":"console","time":"2026-10-07T05:47:44Z"}
{"level":"info","msg":"{\"ev\":\"req\",\"route\":\"problem_list\",\"status\":200,\"t\":1791352064319,\"ms\":3.8}","source":"console","time":"2026-10-07T05:47:44Z"}
{"level":"info","msg":"{\"ev\":\"req\",\"route\":\"problem_detail\",\"status\":200,\"t\":1791352064426,\"ms\":11.5}","source":"console","time":"2026-10-07T05:47:44Z"}
{"level":"info","msg":"{\"ev\":\"req\",\"route\":\"history\",\"status\":200,\"t\":1791352064521,\"ms\":6.1}","source":"console","time":"2026-10-07T05:47:44Z"}
{"level":"info","msg":"{\"ev\":\"req\",\"route\":\"problem_list\",\"status\":200,\"t\":1791352064620,\"ms\":5}","source":"console","time":"2026-10-07T05:47:44Z"}
{"level":"info","msg":"{\"ev\":\"req\",\"route\":\"problem_detail\",\"status\":200,\"t\":1791352064718,\"ms\":3.5}","source":"console","time":"2026-10-07T05:47:44Z"}
{"level":"info","msg":"{\"ev\":\"req\",\"route\":\"history\",\"status\":200,\"t\":1791352064824,\"ms\":8.8}","source":"console","time":"2026-10-07T05:47:44Z"}
{"level":"info","msg":"{\"ev\":\"req\",\"route\":\"problem_list\",\"status\":200,\"t\":1791352064923,\"ms\":8.3}","source":"console","time":"2026-10-07T05:47:44Z"}
{"level":"info","msg":"{\"ev\":\"req\",\"route\":\"problem_detail\",\"status\":200,\"t\":1791352065024,\"ms\":8.5}","source":"console","time":"2026-10-07T05:47:45Z"}
{"level":"info","msg":"{\"ev\":\"req\",\"route\":\"history\",\"status\":200,\"t\":1791352065127,\"ms\":12.6}","source":"console","time":"2026-10-07T05:47:45Z"}
{"level":"info","msg":"{\"ev\":\"req\",\"route\":\"problem_list\",\"status\":200,\"t\":1791352065221,\"ms\":5.4}","source":"console","time":"2026-10-07T05:47:45Z"}
{"level":"info","msg":"{\"ev\":\"req\",\"route\":\"problem_detail\",\"status\":200,\"t\":1791352065324,\"ms\":8.2}","source":"console","time":"2026-10-07T05:47:45Z"}
{"level":"info","msg":"{\"ev\":\"req\",\"route\":\"history\",\"status\":200,\"t\":1791352065425,\"ms\":9.9}","source":"console","time":"2026-10-07T05:47:45Z"}
{"level":"info","msg":"{\"ev\":\"req\",\"route\":\"problem_list\",\"status\":200,\"t\":1791352065525,\"ms\":9.3}","source":"console","time":"2026-10-07T05:47:45Z"}
{"level":"info","msg":"{\"ev\":\"req\",\"route\":\"problem_detail\",\"status\":200,\"t\":1791352065624,\"ms\":8.4}","source":"console","time":"2026-10-07T05:47:45Z"}
{"level":"info","msg":"{\"ev\":\"req\",\"route\":\"history\",\"status\":200,\"t\":1791352065724,\"ms\":9.4}","source":"console","time":"2026-10-07T05:47:45Z"}
{"level":"info","msg":"{\"ev\":\"req\",\"route\":\"problem_list\",\"status\":200,\"t\":1791352065824,\"ms\":8.1}","source":"console","time":"2026-10-07T05:47:45Z"}
{"level":"info","msg":"{\"ev\":\"req\",\"route\":\"problem_detail\",\"status\":200,\"t\":1791352065922,\"ms\":7.4}","source":"console","time":"2026-10-07T05:47:45Z"}
{"level":"info","msg":"{\"ev\":\"req\",\"route\":\"submit\",\"status\":200,\"t\":1791352065936,\"ms\":23.3}","source":"console","time":"2026-10-07T05:47:45Z"}
{"level":"info","msg":"{\"ev\":\"accepted\",\"id\":\"3d16dd06-4875-4187-ab86-b5fa038de9cb\",\"t\":1791352065936}","source":"console","time":"2026-10-07T05:47:45Z"}
{"level":"info","msg":"{\"ev\":\"req\",\"route\":\"history\",\"status\":200,\"t\":1791352066019,\"ms\":4.3}","source":"console","time":"2026-10-07T05:47:46Z"}
{"level":"info","msg":"{\"ev\":\"req\",\"route\":\"problem_list\",\"status\":200,\"t\":1791352066118,\"ms\":3.6}","source":"console","time":"2026-10-07T05:47:46Z"}
{"level":"info","msg":"{\"ev\":\"req\",\"route\":\"problem_detail\",\"status\":200,\"t\":1791352066218,\"ms\":3.9}","source":"console","time":"2026-10-07T05:47:46Z"}
{"level":"info","msg":"{\"ev\":\"req\",\"route\":\"history\",\"status\":200,\"t\":1791352066321,\"ms\":6.1}","source":"console","time":"2026-10-07T05:47:46Z"}
{"level":"info","msg":"{\"ev\":\"req\",\"route\":\"problem_list\",\"status\":200,\"t\":1791352066418,\"ms\":3.7}","source":"console","time":"2026-10-07T05:47:46Z"}
{"level":"info","msg":"{\"ev\":\"req\",\"route\":\"problem_detail\",\"status\":200,\"t\":1791352066519,\"ms\":3.3}","source":"console","time":"2026-10-07T05:47:46Z"}
{"level":"info","msg":"{\"ev\":\"req\",\"route\":\"history\",\"status\":200,\"t\":1791352066620,\"ms\":5.8}","source":"console","time":"2026-10-07T05:47:46Z"}
{"level":"info","msg":"{\"ev\":\"req\",\"route\":\"problem_list\",\"status\":200,\"t\":1791352066720,\"ms\":5.2}","source":"console","time":"2026-10-07T05:47:46Z"}
{"level":"info","msg":"{\"ev\":\"req\",\"route\":\"problem_detail\",\"status\":200,\"t\":1791352066819,\"ms\":3.7}","source":"console","time":"2026-10-07T05:47:46Z"}
{"level":"info","msg":"{\"ev\":\"req\",\"route\":\"history\",\"status\":200,\"t\":1791352066920,\"ms\":4.7}","source":"console","time":"2026-10-07T05:47:46Z"}
{"level":"info","msg":"{\"ev\":\"req\",\"route\":\"problem_list\",\"status\":200,\"t\":1791352067019,\"ms\":3.9}","source":"console","time":"2026-10-07T05:47:47Z"}
{"level":"info","msg":"{\"ev\":\"req\",\"route\":\"problem_detail\",\"status\":200,\"t\":1791352067119,\"ms\":3.6}","source":"console","time":"2026-10-07T05:47:47Z"}
{"level":"info","msg":"{\"ev\":\"req\",\"route\":\"history\",\"status\":200,\"t\":1791352067220,\"ms\":4.5}","source":"console","time":"2026-10-07T05:47:47Z"}
{"level":"info","msg":"{\"ev\":\"req\",\"route\":\"problem_list\",\"status\":200,\"t\":1791352067319,\"ms\":4}","source":"console","time":"2026-10-07T05:47:47Z"}
{"level":"info","msg":"{\"ev\":\"req\",\"route\":\"problem_detail\",\"status\":200,\"t\":1791352067422,\"ms\":6.8}","source":"console","time":"2026-10-07T05:47:47Z"}
{"level":"info","msg":"{\"ev\":\"req\",\"route\":\"history\",\"status\":200,\"t\":1791352067519,\"ms\":3.8}","source":"console","time":"2026-10-07T05:47:47Z"}
{"level":"info","msg":"{\"ev\":\"req\",\"route\":\"submit\",\"status\":200,\"t\":1791352067603,\"ms\":23.8}","source":"console","time":"2026-10-07T05:47:47Z"}
{"level":"info","msg":"{\"ev\":\"accepted\",\"id\":\"63a3b189-17c0-4183-a57a-a5800a3b1a0c\",\"t\":1791352067603}","source":"console","time":"2026-10-07T05:47:47Z"}
{"level":"info","msg":"{\"ev\":\"req\",\"route\":\"problem_list\",\"status\":200,\"t\":1791352067621,\"ms\":6.2}","source":"console","time":"2026-10-07T05:47:47Z"}
{"level":"info","msg":"{\"ev\":\"req\",\"route\":\"problem_detail\",\"status\":200,\"t\":1791352067722,\"ms\":7}","source":"console","time":"2026-10-07T05:47:47Z"}
{"level":"info","msg":"{\"ev\":\"req\",\"route\":\"history\",\"status\":200,\"t\":1791352067822,\"ms\":7.3}","source":"console","time":"2026-10-07T05:47:47Z"}
{"level":"info","msg":"{\"ev\":\"req\",\"route\":\"problem_list\",\"status\":200,\"t\":1791352067919,\"ms\":3.8}","source":"console","time":"2026-10-07T05:47:47Z"}
{"level":"info","msg":"{\"ev\":\"req\",\"route\":\"problem_detail\",\"status\":200,\"t\":1791352068019,\"ms\":4}","source":"console","time":"2026-10-07T05:47:48Z"}
{"level":"info","msg":"{\"ev\":\"req\",\"route\":\"history\",\"status\":200,\"t\":1791352068120,\"ms\":4.9}","source":"console","time":"2026-10-07T05:47:48Z"}
{"level":"info","msg":"{\"ev\":\"req\",\"route\":\"problem_list\",\"status\":200,\"t\":1791352068222,\"ms\":7.7}","source":"console","time":"2026-10-07T05:47:48Z"}
{"level":"info","msg":"{\"ev\":\"req\",\"route\":\"problem_detail\",\"status\":200,\"t\":1791352068322,\"ms\":7}","source":"console","time":"2026-10-07T05:47:48Z"}
{"level":"info","msg":"{\"ev\":\"req\",\"route\":\"history\",\"status\":200,\"t\":1791352068426,\"ms\":10.7}","source":"console","time":"2026-10-07T05:47:48Z"}
{"level":"info","msg":"{\"ev\":\"req\",\"route\":\"problem_list\",\"status\":200,\"t\":1791352068524,\"ms\":8.4}","source":"console","time":"2026-10-07T05:47:48Z"}
{"level":"info","msg":"{\"ev\":\"req\",\"route\":\"problem_detail\",\"status\":200,\"t\":1791352068623,\"ms\":7.2}","source":"console","time":"2026-10-07T05:47:48Z"}
{"level":"info","msg":"{\"ev\":\"req\",\"route\":\"history\",\"status\":200,\"t\":1791352068724,\"ms\":9.6}","source":"console","time":"2026-10-07T05:47:48Z"}
{"level":"info","msg":"{\"ev\":\"req\",\"route\":\"problem_list\",\"status\":200,\"t\":1791352068818,\"ms\":3.1}","source":"console","time":"2026-10-07T05:47:48Z"}
{"level":"info","msg":"{\"ev\":\"req\",\"route\":\"problem_detail\",\"status\":200,\"t\":1791352068923,\"ms\":7.6}","source":"console","time":"2026-10-07T05:47:48Z"}
{"level":"info","msg":"{\"ev\":\"req\",\"route\":\"history\",\"status\":200,\"t\":1791352069019,\"ms\":3.9}","source":"console","time":"2026-10-07T05:47:49Z"}
{"level":"info","msg":"{\"ev\":\"req\",\"route\":\"problem_list\",\"status\":200,\"t\":1791352069123,\"ms\":8.2}","source":"console","time":"2026-10-07T05:47:49Z"}
{"level":"info","msg":"{\"ev\":\"req\",\"route\":\"problem_detail\",\"status\":200,\"t\":1791352069219,\"ms\":3.8}","source":"console","time":"2026-10-07T05:47:49Z"}
{"level":"info","msg":"{\"ev\":\"req\",\"route\":\"submit\",\"status\":200,\"t\":1791352069271,\"ms\":25.2}","source":"console","time":"2026-10-07T05:47:49Z"}
{"level":"info","msg":"{\"ev\":\"accepted\",\"id\":\"292f7750-0163-4b66-bd6d-0f81028b7008\",\"t\":1791352069271}","source":"console","time":"2026-10-07T05:47:49Z"}
{"level":"info","msg":"{\"ev\":\"req\",\"route\":\"history\",\"status\":200,\"t\":1791352069319,\"ms\":4.6}","source":"console","time":"2026-10-07T05:47:49Z"}
{"level":"info","msg":"{\"ev\":\"req\",\"route\":\"problem_list\",\"status\":200,\"t\":1791352069418,\"ms\":3.4}","source":"console","time":"2026-10-07T05:47:49Z"}
{"level":"info","msg":"{\"ev\":\"req\",\"route\":\"problem_detail\",\"status\":200,\"t\":1791352069518,\"ms\":3.1}","source":"console","time":"2026-10-07T05:47:49Z"}
{"level":"info","msg":"{\"ev\":\"req\",\"route\":\"history\",\"status\":200,\"t\":1791352069619,\"ms\":4.4}","source":"console","time":"2026-10-07T05:47:49Z"}
{"level":"info","msg":"{\"ev\":\"req\",\"route\":\"problem_list\",\"status\":200,\"t\":1791352069719,\"ms\":3.6}","source":"console","time":"2026-10-07T05:47:49Z"}
{"level":"info","msg":"{\"ev\":\"req\",\"route\":\"problem_detail\",\"status\":200,\"t\":1791352069818,\"ms\":4}","source":"console","time":"2026-10-07T05:47:49Z"}
{"level":"info","msg":"{\"ev\":\"req\",\"route\":\"history\",\"status\":200,\"t\":1791352069921,\"ms\":5.6}","source":"console","time":"2026-10-07T05:47:49Z"}
{"level":"info","msg":"{\"ev\":\"req\",\"route\":\"problem_list\",\"status\":200,\"t\":1791352070022,\"ms\":7.7}","source":"console","time":"2026-10-07T05:47:50Z"}
{"level":"info","msg":"{\"ev\":\"req\",\"route\":\"problem_detail\",\"status\":200,\"t\":1791352070123,\"ms\":7.1}","source":"console","time":"2026-10-07T05:47:50Z"}
{"level":"info","msg":"{\"ev\":\"req\",\"route\":\"history\",\"status\":200,\"t\":1791352070226,\"ms\":10.6}","source":"console","time":"2026-10-07T05:47:50Z"}
{"level":"info","msg":"{\"ev\":\"req\",\"route\":\"problem_list\",\"status\":200,\"t\":1791352070323,\"ms\":7.9}","source":"console","time":"2026-10-07T05:47:50Z"}
{"level":"info","msg":"{\"ev\":\"req\",\"route\":\"problem_detail\",\"status\":200,\"t\":1791352070422,\"ms\":7.1}","source":"console","time":"2026-10-07T05:47:50Z"}
{"level":"info","msg":"{\"ev\":\"req\",\"route\":\"history\",\"status\":200,\"t\":1791352070520,\"ms\":4.8}","source":"console","time":"2026-10-07T05:47:50Z"}
{"level":"info","msg":"{\"ev\":\"req\",\"route\":\"problem_list\",\"status\":200,\"t\":1791352070623,\"ms\":8}","source":"console","time":"2026-10-07T05:47:50Z"}
{"level":"info","msg":"{\"ev\":\"req\",\"route\":\"problem_detail\",\"status\":200,\"t\":1791352070723,\"ms\":8.2}","source":"console","time":"2026-10-07T05:47:50Z"}
{"level":"info","msg":"{\"ev\":\"req\",\"route\":\"history\",\"status\":200,\"t\":1791352070819,\"ms\":4.3}","source":"console","time":"2026-10-07T05:47:50Z"}
{"level":"info","msg":"{\"ev\":\"req\",\"route\":\"problem_list\",\"status\":200,\"t\":1791352070922,\"ms\":7.5}","source":"console","time":"2026-10-07T05:47:50Z"}
{"level":"info","msg":"{\"ev\":\"req\",\"route\":\"submit\",\"status\":200,\"t\":1791352070934,\"ms\":21.1}","source":"console","time":"2026-10-07T05:47:50Z"}
{"level":"info","msg":"{\"ev\":\"accepted\",\"id\":\"554980aa-7a51-460e-b093-c03f7d024685\",\"t\":1791352070934}","source":"console","time":"2026-10-07T05:47:50Z"}
{"level":"info","msg":"{\"ev\":\"req\",\"route\":\"problem_detail\",\"status\":200,\"t\":1791352071019,\"ms\":4.4}","source":"console","time":"2026-10-07T05:47:51Z"}
{"level":"info","msg":"{\"ev\":\"req\",\"route\":\"history\",\"status\":200,\"t\":1791352071121,\"ms\":6.3}","source":"console","time":"2026-10-07T05:47:51Z"}
{"level":"info","msg":"{\"ev\":\"req\",\"route\":\"problem_list\",\"status\":200,\"t\":1791352071220,\"ms\":5.1}","source":"console","time":"2026-10-07T05:47:51Z"}
{"level":"info","msg":"{\"ev\":\"req\",\"route\":\"problem_detail\",\"status\":200,\"t\":1791352071318,\"ms\":3.4}","source":"console","time":"2026-10-07T05:47:51Z"}
{"level":"info","msg":"{\"ev\":\"req\",\"route\":\"history\",\"status\":200,\"t\":1791352071418,\"ms\":4}","source":"console","time":"2026-10-07T05:47:51Z"}
{"level":"info","msg":"{\"ev\":\"req\",\"route\":\"problem_list\",\"status\":200,\"t\":1791352071521,\"ms\":5.6}","source":"console","time":"2026-10-07T05:47:51Z"}
{"level":"info","msg":"{\"ev\":\"req\",\"route\":\"problem_detail\",\"status\":200,\"t\":1791352071622,\"ms\":7.2}","source":"console","time":"2026-10-07T05:47:51Z"}
{"level":"info","msg":"{\"ev\":\"req\",\"route\":\"history\",\"status\":200,\"t\":1791352071719,\"ms\":4}","source":"console","time":"2026-10-07T05:47:51Z"}
{"level":"info","msg":"{\"ev\":\"req\",\"route\":\"problem_list\",\"status\":200,\"t\":1791352071823,\"ms\":8}","source":"console","time":"2026-10-07T05:47:51Z"}
{"level":"info","msg":"{\"ev\":\"req\",\"route\":\"problem_detail\",\"status\":200,\"t\":1791352071923,\"ms\":8.2}","source":"console","time":"2026-10-07T05:47:51Z"}
{"level":"info","msg":"{\"ev\":\"req\",\"route\":\"history\",\"status\":200,\"t\":1791352072026,\"ms\":11.1}","source":"console","time":"2026-10-07T05:47:52Z"}
{"level":"info","msg":"{\"ev\":\"req\",\"route\":\"problem_list\",\"status\":200,\"t\":1791352072119,\"ms\":3.7}","source":"console","time":"2026-10-07T05:47:52Z"}
{"level":"info","msg":"{\"ev\":\"req\",\"route\":\"problem_detail\",\"status\":200,\"t\":1791352072222,\"ms\":7.6}","source":"console","time":"2026-10-07T05:47:52Z"}
{"level":"info","msg":"{\"ev\":\"req\",\"route\":\"history\",\"status\":200,\"t\":1791352072326,\"ms\":10.4}","source":"console","time":"2026-10-07T05:47:52Z"}
{"level":"info","msg":"{\"ev\":\"req\",\"route\":\"problem_list\",\"status\":200,\"t\":1791352072423,\"ms\":8.3}","source":"console","time":"2026-10-07T05:47:52Z"}
{"level":"info","msg":"{\"ev\":\"req\",\"route\":\"problem_detail\",\"status\":200,\"t\":1791352072522,\"ms\":6.9}","source":"console","time":"2026-10-07T05:47:52Z"}
{"level":"info","msg":"{\"ev\":\"req\",\"route\":\"submit\",\"status\":200,\"t\":1791352072604,\"ms\":24.2}","source":"console","time":"2026-10-07T05:47:52Z"}
{"level":"info","msg":"{\"ev\":\"accepted\",\"id\":\"cb09b1a7-0870-4f3d-98a1-a9785c8b3106\",\"t\":1791352072604}","source":"console","time":"2026-10-07T05:47:52Z"}
{"level":"info","msg":"{\"ev\":\"req\",\"route\":\"history\",\"status\":200,\"t\":1791352072619,\"ms\":3.9}","source":"console","time":"2026-10-07T05:47:52Z"}
{"level":"info","msg":"{\"ev\":\"req\",\"route\":\"problem_list\",\"status\":200,\"t\":1791352072718,\"ms\":3.8}","source":"console","time":"2026-10-07T05:47:52Z"}
{"level":"info","msg":"{\"ev\":\"req\",\"route\":\"problem_detail\",\"status\":200,\"t\":1791352072817,\"ms\":3.1}","source":"console","time":"2026-10-07T05:47:52Z"}
{"level":"info","msg":"{\"ev\":\"req\",\"route\":\"history\",\"status\":200,\"t\":1791352072919,\"ms\":4.2}","source":"console","time":"2026-10-07T05:47:52Z"}
{"level":"info","msg":"{\"ev\":\"req\",\"route\":\"problem_list\",\"status\":200,\"t\":1791352073018,\"ms\":3.9}","source":"console","time":"2026-10-07T05:47:53Z"}
{"level":"info","msg":"{\"ev\":\"req\",\"route\":\"problem_detail\",\"status\":200,\"t\":1791352073118,\"ms\":3.1}","source":"console","time":"2026-10-07T05:47:53Z"}
{"level":"info","msg":"{\"ev\":\"req\",\"route\":\"history\",\"status\":200,\"t\":1791352073220,\"ms\":5.1}","source":"console","time":"2026-10-07T05:47:53Z"}
{"level":"info","msg":"{\"ev\":\"req\",\"route\":\"problem_list\",\"status\":200,\"t\":1791352073323,\"ms\":7.5}","source":"console","time":"2026-10-07T05:47:53Z"}
{"level":"info","msg":"{\"ev\":\"req\",\"route\":\"problem_detail\",\"status\":200,\"t\":1791352073422,\"ms\":7}","source":"console","time":"2026-10-07T05:47:53Z"}
{"level":"info","msg":"{\"ev\":\"req\",\"route\":\"history\",\"status\":200,\"t\":1791352073525,\"ms\":9.6}","source":"console","time":"2026-10-07T05:47:53Z"}
{"level":"info","msg":"{\"ev\":\"req\",\"route\":\"problem_list\",\"status\":200,\"t\":1791352073619,\"ms\":3.8}","source":"console","time":"2026-10-07T05:47:53Z"}
{"level":"info","msg":"{\"ev\":\"req\",\"route\":\"problem_detail\",\"status\":200,\"t\":1791352073719,\"ms\":4.1}","source":"console","time":"2026-10-07T05:47:53Z"}
{"level":"info","msg":"{\"ev\":\"req\",\"route\":\"history\",\"status\":200,\"t\":1791352073819,\"ms\":4.4}","source":"console","time":"2026-10-07T05:47:53Z"}
{"level":"info","msg":"{\"ev\":\"req\",\"route\":\"problem_list\",\"status\":200,\"t\":1791352073919,\"ms\":4}","source":"console","time":"2026-10-07T05:47:53Z"}
{"level":"info","msg":"{\"ev\":\"req\",\"route\":\"problem_detail\",\"status\":200,\"t\":1791352074018,\"ms\":3.3}","source":"console","time":"2026-10-07T05:47:54Z"}
{"level":"info","msg":"{\"ev\":\"req\",\"route\":\"history\",\"status\":200,\"t\":1791352074127,\"ms\":11.7}","source":"console","time":"2026-10-07T05:47:54Z"}
{"level":"info","msg":"{\"ev\":\"req\",\"route\":\"problem_list\",\"status\":200,\"t\":1791352074222,\"ms\":7.6}","source":"console","time":"2026-10-07T05:47:54Z"}
{"level":"info","msg":"{\"ev\":\"req\",\"route\":\"submit\",\"status\":200,\"t\":1791352074275,\"ms\":28.5}","source":"console","time":"2026-10-07T05:47:54Z"}
{"level":"info","msg":"{\"ev\":\"accepted\",\"id\":\"8ab8c6bf-fe24-4a7f-9800-baa5342aad5d\",\"t\":1791352074275}","source":"console","time":"2026-10-07T05:47:54Z"}
{"level":"info","msg":"{\"ev\":\"req\",\"route\":\"problem_detail\",\"status\":200,\"t\":1791352074318,\"ms\":3.5}","source":"console","time":"2026-10-07T05:47:54Z"}
{"level":"info","msg":"{\"ev\":\"req\",\"route\":\"history\",\"status\":200,\"t\":1791352074421,\"ms\":6.5}","source":"console","time":"2026-10-07T05:47:54Z"}
{"level":"info","msg":"{\"ev\":\"req\",\"route\":\"problem_list\",\"status\":200,\"t\":1791352074520,\"ms\":5.4}","source":"console","time":"2026-10-07T05:47:54Z"}
{"level":"info","msg":"{\"ev\":\"req\",\"route\":\"problem_detail\",\"status\":200,\"t\":1791352074619,\"ms\":4.3}","source":"console","time":"2026-10-07T05:47:54Z"}
{"level":"info","msg":"{\"ev\":\"req\",\"route\":\"history\",\"status\":200,\"t\":1791352074721,\"ms\":6}","source":"console","time":"2026-10-07T05:47:54Z"}
{"level":"info","msg":"{\"ev\":\"req\",\"route\":\"problem_list\",\"status\":200,\"t\":1791352074818,\"ms\":3.4}","source":"console","time":"2026-10-07T05:47:54Z"}
{"level":"info","msg":"{\"ev\":\"req\",\"route\":\"problem_detail\",\"status\":200,\"t\":1791352074920,\"ms\":5.2}","source":"console","time":"2026-10-07T05:47:54Z"}
{"level":"info","msg":"{\"ev\":\"req\",\"route\":\"history\",\"status\":200,\"t\":1791352075025,\"ms\":10.5}","source":"console","time":"2026-10-07T05:47:55Z"}
{"level":"info","msg":"{\"ev\":\"req\",\"route\":\"problem_list\",\"status\":200,\"t\":1791352075124,\"ms\":8.9}","source":"console","time":"2026-10-07T05:47:55Z"}
{"level":"info","msg":"{\"ev\":\"req\",\"route\":\"problem_detail\",\"status\":200,\"t\":1791352075223,\"ms\":8.3}","source":"console","time":"2026-10-07T05:47:55Z"}
{"level":"info","msg":"{\"ev\":\"req\",\"route\":\"history\",\"status\":200,\"t\":1791352075326,\"ms\":10.9}","source":"console","time":"2026-10-07T05:47:55Z"}
{"level":"info","msg":"{\"ev\":\"req\",\"route\":\"problem_list\",\"status\":200,\"t\":1791352075419,\"ms\":3.8}","source":"console","time":"2026-10-07T05:47:55Z"}
{"level":"info","msg":"{\"ev\":\"req\",\"route\":\"problem_detail\",\"status\":200,\"t\":1791352075518,\"ms\":3.3}","source":"console","time":"2026-10-07T05:47:55Z"}
{"level":"info","msg":"{\"ev\":\"req\",\"route\":\"history\",\"status\":200,\"t\":1791352075620,\"ms\":4.7}","source":"console","time":"2026-10-07T05:47:55Z"}
{"level":"info","msg":"{\"ev\":\"req\",\"route\":\"problem_list\",\"status\":200,\"t\":1791352075727,\"ms\":11.6}","source":"console","time":"2026-10-07T05:47:55Z"}
{"level":"info","msg":"{\"ev\":\"req\",\"route\":\"problem_detail\",\"status\":200,\"t\":1791352075823,\"ms\":8.5}","source":"console","time":"2026-10-07T05:47:55Z"}
{"level":"info","msg":"{\"ev\":\"req\",\"route\":\"history\",\"status\":200,\"t\":1791352075919,\"ms\":4.8}","source":"console","time":"2026-10-07T05:47:55Z"}
{"level":"info","msg":"{\"ev\":\"req\",\"route\":\"submit\",\"status\":200,\"t\":1791352075925,\"ms\":12.8}","source":"console","time":"2026-10-07T05:47:55Z"}
{"level":"info","msg":"{\"ev\":\"accepted\",\"id\":\"431b0ff2-9ab0-4849-a832-95fdfd02532b\",\"t\":1791352075925}","source":"console","time":"2026-10-07T05:47:55Z"}
{"level":"info","msg":"{\"ev\":\"req\",\"route\":\"problem_list\",\"status\":200,\"t\":1791352076019,\"ms\":3.7}","source":"console","time":"2026-10-07T05:47:56Z"}
{"level":"info","msg":"{\"ev\":\"req\",\"route\":\"problem_detail\",\"status\":200,\"t\":1791352076117,\"ms\":3}","source":"console","time":"2026-10-07T05:47:56Z"}
{"level":"info","msg":"{\"ev\":\"req\",\"route\":\"history\",\"status\":200,\"t\":1791352076219,\"ms\":4.4}","source":"console","time":"2026-10-07T05:47:56Z"}
{"level":"info","msg":"{\"ev\":\"req\",\"route\":\"problem_list\",\"status\":200,\"t\":1791352076320,\"ms\":4.5}","source":"console","time":"2026-10-07T05:47:56Z"}
{"level":"info","msg":"{\"ev\":\"req\",\"route\":\"problem_detail\",\"status\":200,\"t\":1791352076419,\"ms\":3.4}","source":"console","time":"2026-10-07T05:47:56Z"}
{"level":"info","msg":"{\"ev\":\"req\",\"route\":\"history\",\"status\":200,\"t\":1791352076519,\"ms\":4.5}","source":"console","time":"2026-10-07T05:47:56Z"}
{"level":"info","msg":"{\"ev\":\"req\",\"route\":\"problem_list\",\"status\":200,\"t\":1791352076618,\"ms\":3.4}","source":"console","time":"2026-10-07T05:47:56Z"}
{"level":"info","msg":"{\"ev\":\"req\",\"route\":\"problem_detail\",\"status\":200,\"t\":1791352076718,\"ms\":2.8}","source":"console","time":"2026-10-07T05:47:56Z"}
{"level":"info","msg":"{\"ev\":\"req\",\"route\":\"history\",\"status\":200,\"t\":1791352076826,\"ms\":10.6}","source":"console","time":"2026-10-07T05:47:56Z"}
{"level":"info","msg":"{\"ev\":\"req\",\"route\":\"problem_list\",\"status\":200,\"t\":1791352076918,\"ms\":3.9}","source":"console","time":"2026-10-07T05:47:56Z"}
{"level":"info","msg":"{\"ev\":\"req\",\"route\":\"problem_detail\",\"status\":200,\"t\":1791352077024,\"ms\":8.5}","source":"console","time":"2026-10-07T05:47:57Z"}
{"level":"info","msg":"{\"ev\":\"req\",\"route\":\"history\",\"status\":200,\"t\":1791352077125,\"ms\":9.8}","source":"console","time":"2026-10-07T05:47:57Z"}
{"level":"info","msg":"{\"ev\":\"req\",\"route\":\"problem_list\",\"status\":200,\"t\":1791352077221,\"ms\":5.6}","source":"console","time":"2026-10-07T05:47:57Z"}
{"level":"info","msg":"{\"ev\":\"req\",\"route\":\"problem_detail\",\"status\":200,\"t\":1791352077322,\"ms\":7.9}","source":"console","time":"2026-10-07T05:47:57Z"}
{"level":"info","msg":"{\"ev\":\"req\",\"route\":\"history\",\"status\":200,\"t\":1791352077425,\"ms\":10.3}","source":"console","time":"2026-10-07T05:47:57Z"}
{"level":"info","msg":"{\"ev\":\"req\",\"route\":\"problem_list\",\"status\":200,\"t\":1791352077524,\"ms\":8.7}","source":"console","time":"2026-10-07T05:47:57Z"}
{"level":"info","msg":"{\"ev\":\"req\",\"route\":\"submit\",\"status\":200,\"t\":1791352077606,\"ms\":26.9}","source":"console","time":"2026-10-07T05:47:57Z"}
{"level":"info","msg":"{\"ev\":\"accepted\",\"id\":\"ec4276e5-4f6f-45b8-a87b-0752ae45d775\",\"t\":1791352077606}","source":"console","time":"2026-10-07T05:47:57Z"}
{"level":"info","msg":"{\"ev\":\"req\",\"route\":\"problem_detail\",\"status\":200,\"t\":1791352077618,\"ms\":2.7}","source":"console","time":"2026-10-07T05:47:57Z"}
{"level":"info","msg":"{\"ev\":\"req\",\"route\":\"history\",\"status\":200,\"t\":1791352077723,\"ms\":8.3}","source":"console","time":"2026-10-07T05:47:57Z"}
{"level":"info","msg":"{\"ev\":\"req\",\"route\":\"problem_list\",\"status\":200,\"t\":1791352077820,\"ms\":5.2}","source":"console","time":"2026-10-07T05:47:57Z"}
{"level":"info","msg":"{\"ev\":\"req\",\"route\":\"problem_detail\",\"status\":200,\"t\":1791352077919,\"ms\":4.5}","source":"console","time":"2026-10-07T05:47:57Z"}
{"level":"info","msg":"{\"ev\":\"req\",\"route\":\"history\",\"status\":200,\"t\":1791352078022,\"ms\":6.8}","source":"console","time":"2026-10-07T05:47:58Z"}
{"level":"info","msg":"{\"ev\":\"req\",\"route\":\"problem_list\",\"status\":200,\"t\":1791352078118,\"ms\":3.9}","source":"console","time":"2026-10-07T05:47:58Z"}
{"level":"info","msg":"{\"ev\":\"req\",\"route\":\"problem_detail\",\"status\":200,\"t\":1791352078218,\"ms\":3.3}","source":"console","time":"2026-10-07T05:47:58Z"}
{"level":"info","msg":"{\"ev\":\"req\",\"route\":\"history\",\"status\":200,\"t\":1791352078320,\"ms\":4.7}","source":"console","time":"2026-10-07T05:47:58Z"}
{"level":"info","msg":"{\"ev\":\"req\",\"route\":\"problem_list\",\"status\":200,\"t\":1791352078418,\"ms\":3.6}","source":"console","time":"2026-10-07T05:47:58Z"}
{"level":"info","msg":"{\"ev\":\"req\",\"route\":\"problem_detail\",\"status\":200,\"t\":1791352078518,\"ms\":3.2}","source":"console","time":"2026-10-07T05:47:58Z"}
{"level":"info","msg":"{\"ev\":\"req\",\"route\":\"history\",\"status\":200,\"t\":1791352078619,\"ms\":4.5}","source":"console","time":"2026-10-07T05:47:58Z"}
{"level":"info","msg":"{\"ev\":\"req\",\"route\":\"problem_list\",\"status\":200,\"t\":1791352078723,\"ms\":8}","source":"console","time":"2026-10-07T05:47:58Z"}
{"level":"info","msg":"{\"ev\":\"req\",\"route\":\"problem_detail\",\"status\":200,\"t\":1791352078818,\"ms\":2.8}","source":"console","time":"2026-10-07T05:47:58Z"}
{"level":"info","msg":"{\"ev\":\"req\",\"route\":\"history\",\"status\":200,\"t\":1791352078923,\"ms\":8}","source":"console","time":"2026-10-07T05:47:58Z"}
{"level":"info","msg":"{\"ev\":\"req\",\"route\":\"problem_list\",\"status\":200,\"t\":1791352079022,\"ms\":7.6}","source":"console","time":"2026-10-07T05:47:59Z"}
{"level":"info","msg":"{\"ev\":\"req\",\"route\":\"problem_detail\",\"status\":200,\"t\":1791352079123,\"ms\":7.4}","source":"console","time":"2026-10-07T05:47:59Z"}
{"level":"info","msg":"{\"ev\":\"req\",\"route\":\"history\",\"status\":200,\"t\":1791352079225,\"ms\":9.9}","source":"console","time":"2026-10-07T05:47:59Z"}
{"level":"info","msg":"{\"ev\":\"req\",\"route\":\"submit\",\"status\":200,\"t\":1791352079271,\"ms\":24.7}","source":"console","time":"2026-10-07T05:47:59Z"}
{"level":"info","msg":"{\"ev\":\"accepted\",\"id\":\"51d2d1fd-1981-46df-95cf-d867891046db\",\"t\":1791352079271}","source":"console","time":"2026-10-07T05:47:59Z"}
{"level":"info","msg":"{\"ev\":\"req\",\"route\":\"problem_list\",\"status\":200,\"t\":1791352079318,\"ms\":3.5}","source":"console","time":"2026-10-07T05:47:59Z"}
{"level":"info","msg":"{\"ev\":\"req\",\"route\":\"problem_detail\",\"status\":200,\"t\":1791352079419,\"ms\":3.8}","source":"console","time":"2026-10-07T05:47:59Z"}
{"level":"info","msg":"{\"ev\":\"req\",\"route\":\"history\",\"status\":200,\"t\":1791352079519,\"ms\":4.3}","source":"console","time":"2026-10-07T05:47:59Z"}
{"level":"info","msg":"{\"ev\":\"req\",\"route\":\"problem_list\",\"status\":200,\"t\":1791352079618,\"ms\":3.4}","source":"console","time":"2026-10-07T05:47:59Z"}
{"level":"info","msg":"{\"ev\":\"req\",\"route\":\"problem_detail\",\"status\":200,\"t\":1791352079717,\"ms\":3.1}","source":"console","time":"2026-10-07T05:47:59Z"}
{"level":"info","msg":"{\"ev\":\"req\",\"route\":\"history\",\"status\":200,\"t\":1791352079819,\"ms\":4.6}","source":"console","time":"2026-10-07T05:47:59Z"}
{"level":"info","msg":"{\"ev\":\"req\",\"route\":\"problem_list\",\"status\":200,\"t\":1791352079919,\"ms\":4}","source":"console","time":"2026-10-07T05:47:59Z"}
{"level":"info","msg":"{\"ev\":\"req\",\"route\":\"problem_detail\",\"status\":200,\"t\":1791352080021,\"ms\":6.8}","source":"console","time":"2026-10-07T05:48:00Z"}
{"level":"info","msg":"{\"ev\":\"req\",\"route\":\"history\",\"status\":200,\"t\":1791352080125,\"ms\":10.2}","source":"console","time":"2026-10-07T05:48:00Z"}
{"level":"info","msg":"{\"ev\":\"req\",\"route\":\"problem_list\",\"status\":200,\"t\":1791352080223,\"ms\":7.7}","source":"console","time":"2026-10-07T05:48:00Z"}
{"level":"info","msg":"{\"ev\":\"req\",\"route\":\"problem_detail\",\"status\":200,\"t\":1791352080324,\"ms\":8.8}","source":"console","time":"2026-10-07T05:48:00Z"}
{"level":"info","msg":"{\"ev\":\"req\",\"route\":\"history\",\"status\":200,\"t\":1791352080427,\"ms\":12}","source":"console","time":"2026-10-07T05:48:00Z"}
{"level":"info","msg":"{\"ev\":\"req\",\"route\":\"problem_list\",\"status\":200,\"t\":1791352080519,\"ms\":4.6}","source":"console","time":"2026-10-07T05:48:00Z"}
{"level":"info","msg":"{\"ev\":\"req\",\"route\":\"problem_detail\",\"status\":200,\"t\":1791352080623,\"ms\":7.6}","source":"console","time":"2026-10-07T05:48:00Z"}
{"level":"info","msg":"{\"ev\":\"req\",\"route\":\"history\",\"status\":200,\"t\":1791352080725,\"ms\":10.3}","source":"console","time":"2026-10-07T05:48:00Z"}
{"level":"info","msg":"{\"ev\":\"req\",\"route\":\"problem_list\",\"status\":200,\"t\":1791352080824,\"ms\":8.5}","source":"console","time":"2026-10-07T05:48:00Z"}
{"level":"info","msg":"{\"ev\":\"req\",\"route\":\"problem_detail\",\"status\":200,\"t\":1791352080923,\"ms\":7.9}","source":"console","time":"2026-10-07T05:48:00Z"}
{"level":"info","msg":"{\"ev\":\"req\",\"route\":\"submit\",\"status\":200,\"t\":1791352080938,\"ms\":25.3}","source":"console","time":"2026-10-07T05:48:00Z"}
{"level":"info","msg":"{\"ev\":\"accepted\",\"id\":\"26a1c4b6-6e00-42f3-ba33-74770b3c11e4\",\"t\":1791352080938}","source":"console","time":"2026-10-07T05:48:00Z"}
{"level":"info","msg":"{\"ev\":\"req\",\"route\":\"history\",\"status\":200,\"t\":1791352081026,\"ms\":9.7}","source":"console","time":"2026-10-07T05:48:01Z"}
{"level":"info","msg":"{\"ev\":\"req\",\"route\":\"problem_list\",\"status\":200,\"t\":1791352081120,\"ms\":5.1}","source":"console","time":"2026-10-07T05:48:01Z"}
{"level":"info","msg":"{\"ev\":\"req\",\"route\":\"problem_detail\",\"status\":200,\"t\":1791352081220,\"ms\":4.4}","source":"console","time":"2026-10-07T05:48:01Z"}
{"level":"info","msg":"{\"ev\":\"req\",\"route\":\"history\",\"status\":200,\"t\":1791352081319,\"ms\":4.1}","source":"console","time":"2026-10-07T05:48:01Z"}
{"level":"info","msg":"{\"ev\":\"req\",\"route\":\"problem_list\",\"status\":200,\"t\":1791352081418,\"ms\":3.6}","source":"console","time":"2026-10-07T05:48:01Z"}
{"level":"info","msg":"{\"ev\":\"req\",\"route\":\"problem_detail\",\"status\":200,\"t\":1791352081522,\"ms\":7.2}","source":"console","time":"2026-10-07T05:48:01Z"}
{"level":"info","msg":"{\"ev\":\"req\",\"route\":\"history\",\"status\":200,\"t\":1791352081624,\"ms\":9.6}","source":"console","time":"2026-10-07T05:48:01Z"}
{"level":"info","msg":"{\"ev\":\"req\",\"route\":\"problem_list\",\"status\":200,\"t\":1791352081724,\"ms\":8.9}","source":"console","time":"2026-10-07T05:48:01Z"}
{"level":"info","msg":"{\"ev\":\"req\",\"route\":\"problem_detail\",\"status\":200,\"t\":1791352081823,\"ms\":7.4}","source":"console","time":"2026-10-07T05:48:01Z"}
{"level":"info","msg":"{\"ev\":\"req\",\"route\":\"history\",\"status\":200,\"t\":1791352081927,\"ms\":11.4}","source":"console","time":"2026-10-07T05:48:01Z"}
{"level":"info","msg":"{\"ev\":\"req\",\"route\":\"problem_list\",\"status\":200,\"t\":1791352082023,\"ms\":8.4}","source":"console","time":"2026-10-07T05:48:02Z"}
{"level":"info","msg":"{\"ev\":\"req\",\"route\":\"problem_detail\",\"status\":200,\"t\":1791352082123,\"ms\":7.7}","source":"console","time":"2026-10-07T05:48:02Z"}
{"level":"info","msg":"{\"ev\":\"req\",\"route\":\"history\",\"status\":200,\"t\":1791352082220,\"ms\":4.8}","source":"console","time":"2026-10-07T05:48:02Z"}
{"level":"info","msg":"{\"ev\":\"req\",\"route\":\"problem_list\",\"status\":200,\"t\":1791352082318,\"ms\":3.4}","source":"console","time":"2026-10-07T05:48:02Z"}
{"level":"info","msg":"{\"ev\":\"req\",\"route\":\"problem_detail\",\"status\":200,\"t\":1791352082423,\"ms\":8}","source":"console","time":"2026-10-07T05:48:02Z"}
{"level":"info","msg":"{\"ev\":\"req\",\"route\":\"history\",\"status\":200,\"t\":1791352082519,\"ms\":3.8}","source":"console","time":"2026-10-07T05:48:02Z"}
{"level":"info","msg":"{\"ev\":\"req\",\"route\":\"submit\",\"status\":200,\"t\":1791352082607,\"ms\":27.4}","source":"console","time":"2026-10-07T05:48:02Z"}
{"level":"info","msg":"{\"ev\":\"accepted\",\"id\":\"513e8baf-7659-40da-ad7d-4f228d3be9bc\",\"t\":1791352082607}","source":"console","time":"2026-10-07T05:48:02Z"}
{"level":"info","msg":"{\"ev\":\"req\",\"route\":\"problem_list\",\"status\":200,\"t\":1791352082622,\"ms\":7}","source":"console","time":"2026-10-07T05:48:02Z"}
{"level":"info","msg":"{\"ev\":\"req\",\"route\":\"problem_detail\",\"status\":200,\"t\":1791352082718,\"ms\":3.6}","source":"console","time":"2026-10-07T05:48:02Z"}
{"level":"info","msg":"{\"ev\":\"req\",\"route\":\"history\",\"status\":200,\"t\":1791352082819,\"ms\":4.1}","source":"console","time":"2026-10-07T05:48:02Z"}
{"level":"info","msg":"{\"ev\":\"req\",\"route\":\"problem_list\",\"status\":200,\"t\":1791352082919,\"ms\":3.8}","source":"console","time":"2026-10-07T05:48:02Z"}
{"level":"info","msg":"{\"ev\":\"req\",\"route\":\"problem_detail\",\"status\":200,\"t\":1791352083018,\"ms\":3.4}","source":"console","time":"2026-10-07T05:48:03Z"}
{"level":"info","msg":"{\"ev\":\"req\",\"route\":\"history\",\"status\":200,\"t\":1791352083119,\"ms\":4.5}","source":"console","time":"2026-10-07T05:48:03Z"}
{"level":"info","msg":"{\"ev\":\"req\",\"route\":\"problem_list\",\"status\":200,\"t\":1791352083218,\"ms\":3.3}","source":"console","time":"2026-10-07T05:48:03Z"}
{"level":"info","msg":"{\"ev\":\"req\",\"route\":\"problem_detail\",\"status\":200,\"t\":1791352083322,\"ms\":6.4}","source":"console","time":"2026-10-07T05:48:03Z"}
{"level":"info","msg":"{\"ev\":\"req\",\"route\":\"history\",\"status\":200,\"t\":1791352083423,\"ms\":8.8}","source":"console","time":"2026-10-07T05:48:03Z"}
{"level":"info","msg":"{\"ev\":\"req\",\"route\":\"problem_list\",\"status\":200,\"t\":1791352083525,\"ms\":9.6}","source":"console","time":"2026-10-07T05:48:03Z"}
{"level":"info","msg":"{\"ev\":\"req\",\"route\":\"problem_detail\",\"status\":200,\"t\":1791352083622,\"ms\":7.7}","source":"console","time":"2026-10-07T05:48:03Z"}
{"level":"info","msg":"{\"ev\":\"req\",\"route\":\"history\",\"status\":200,\"t\":1791352083725,\"ms\":10.1}","source":"console","time":"2026-10-07T05:48:03Z"}
{"level":"info","msg":"{\"ev\":\"req\",\"route\":\"problem_list\",\"status\":200,\"t\":1791352083823,\"ms\":7.7}","source":"console","time":"2026-10-07T05:48:03Z"}
{"level":"info","msg":"{\"ev\":\"req\",\"route\":\"problem_detail\",\"status\":200,\"t\":1791352083923,\"ms\":8.1}","source":"console","time":"2026-10-07T05:48:03Z"}
{"level":"info","msg":"{\"ev\":\"req\",\"route\":\"history\",\"status\":200,\"t\":1791352084019,\"ms\":4.6}","source":"console","time":"2026-10-07T05:48:04Z"}
{"level":"info","msg":"{\"ev\":\"req\",\"route\":\"problem_list\",\"status\":200,\"t\":1791352084118,\"ms\":2.9}","source":"console","time":"2026-10-07T05:48:04Z"}
{"level":"info","msg":"{\"ev\":\"req\",\"route\":\"problem_detail\",\"status\":200,\"t\":1791352084222,\"ms\":7.1}","source":"console","time":"2026-10-07T05:48:04Z"}
{"level":"info","msg":"{\"ev\":\"req\",\"route\":\"submit\",\"status\":200,\"t\":1791352084274,\"ms\":28.4}","source":"console","time":"2026-10-07T05:48:04Z"}
{"level":"info","msg":"{\"ev\":\"accepted\",\"id\":\"c43e2440-5eaa-4bc0-a68f-13d885ca3440\",\"t\":1791352084274}","source":"console","time":"2026-10-07T05:48:04Z"}
{"level":"info","msg":"{\"ev\":\"req\",\"route\":\"history\",\"status\":200,\"t\":1791352084321,\"ms\":6.7}","source":"console","time":"2026-10-07T05:48:04Z"}
{"level":"info","msg":"{\"ev\":\"req\",\"route\":\"problem_list\",\"status\":200,\"t\":1791352084420,\"ms\":5.3}","source":"console","time":"2026-10-07T05:48:04Z"}
{"level":"info","msg":"{\"ev\":\"req\",\"route\":\"problem_detail\",\"status\":200,\"t\":1791352084519,\"ms\":4.3}","source":"console","time":"2026-10-07T05:48:04Z"}
{"level":"info","msg":"{\"ev\":\"req\",\"route\":\"history\",\"status\":200,\"t\":1791352084620,\"ms\":5}","source":"console","time":"2026-10-07T05:48:04Z"}
{"level":"info","msg":"{\"ev\":\"req\",\"route\":\"problem_list\",\"status\":200,\"t\":1791352084718,\"ms\":3.4}","source":"console","time":"2026-10-07T05:48:04Z"}
{"level":"info","msg":"{\"ev\":\"req\",\"route\":\"problem_detail\",\"status\":200,\"t\":1791352084821,\"ms\":5}","source":"console","time":"2026-10-07T05:48:04Z"}
{"level":"info","msg":"{\"ev\":\"req\",\"route\":\"history\",\"status\":200,\"t\":1791352084919,\"ms\":4.8}","source":"console","time":"2026-10-07T05:48:04Z"}
{"level":"info","msg":"{\"ev\":\"req\",\"route\":\"problem_list\",\"status\":200,\"t\":1791352085019,\"ms\":3.8}","source":"console","time":"2026-10-07T05:48:05Z"}
{"level":"info","msg":"{\"ev\":\"req\",\"route\":\"problem_detail\",\"status\":200,\"t\":1791352085123,\"ms\":7.5}","source":"console","time":"2026-10-07T05:48:05Z"}
{"level":"info","msg":"{\"ev\":\"req\",\"route\":\"history\",\"status\":200,\"t\":1791352085224,\"ms\":9.2}","source":"console","time":"2026-10-07T05:48:05Z"}
{"level":"info","msg":"{\"ev\":\"req\",\"route\":\"problem_list\",\"status\":200,\"t\":1791352085322,\"ms\":7.6}","source":"console","time":"2026-10-07T05:48:05Z"}
{"level":"info","msg":"{\"ev\":\"req\",\"route\":\"problem_detail\",\"status\":200,\"t\":1791352085422,\"ms\":7.1}","source":"console","time":"2026-10-07T05:48:05Z"}
{"level":"info","msg":"{\"ev\":\"req\",\"route\":\"history\",\"status\":200,\"t\":1791352085539,\"ms\":24.2}","source":"console","time":"2026-10-07T05:48:05Z"}
{"level":"info","msg":"{\"ev\":\"req\",\"route\":\"problem_list\",\"status\":200,\"t\":1791352085618,\"ms\":3.5}","source":"console","time":"2026-10-07T05:48:05Z"}
{"level":"info","msg":"{\"ev\":\"req\",\"route\":\"problem_detail\",\"status\":200,\"t\":1791352085723,\"ms\":8.1}","source":"console","time":"2026-10-07T05:48:05Z"}
{"level":"info","msg":"{\"ev\":\"req\",\"route\":\"history\",\"status\":200,\"t\":1791352085823,\"ms\":8.3}","source":"console","time":"2026-10-07T05:48:05Z"}
{"level":"info","msg":"{\"ev\":\"req\",\"route\":\"problem_list\",\"status\":200,\"t\":1791352085924,\"ms\":9.6}","source":"console","time":"2026-10-07T05:48:05Z"}
{"level":"info","msg":"{\"ev\":\"req\",\"route\":\"submit\",\"status\":200,\"t\":1791352085934,\"ms\":21.8}","source":"console","time":"2026-10-07T05:48:05Z"}
{"level":"info","msg":"{\"ev\":\"accepted\",\"id\":\"a4749d5a-06cb-405f-831d-700270e41491\",\"t\":1791352085934}","source":"console","time":"2026-10-07T05:48:05Z"}
{"level":"info","msg":"{\"ev\":\"req\",\"route\":\"problem_detail\",\"status\":200,\"t\":1791352086018,\"ms\":3.4}","source":"console","time":"2026-10-07T05:48:06Z"}
{"level":"info","msg":"{\"ev\":\"req\",\"route\":\"history\",\"status\":200,\"t\":1791352086120,\"ms\":4.7}","source":"console","time":"2026-10-07T05:48:06Z"}
{"level":"info","msg":"{\"ev\":\"req\",\"route\":\"problem_list\",\"status\":200,\"t\":1791352086218,\"ms\":3.4}","source":"console","time":"2026-10-07T05:48:06Z"}
{"level":"info","msg":"{\"ev\":\"req\",\"route\":\"problem_detail\",\"status\":200,\"t\":1791352086318,\"ms\":3.3}","source":"console","time":"2026-10-07T05:48:06Z"}
{"level":"info","msg":"{\"ev\":\"req\",\"route\":\"history\",\"status\":200,\"t\":1791352086420,\"ms\":4.5}","source":"console","time":"2026-10-07T05:48:06Z"}
{"level":"info","msg":"{\"ev\":\"req\",\"route\":\"problem_list\",\"status\":200,\"t\":1791352086518,\"ms\":3.5}","source":"console","time":"2026-10-07T05:48:06Z"}
{"level":"info","msg":"{\"ev\":\"req\",\"route\":\"problem_detail\",\"status\":200,\"t\":1791352086617,\"ms\":2.9}","source":"console","time":"2026-10-07T05:48:06Z"}
{"level":"info","msg":"{\"ev\":\"req\",\"route\":\"history\",\"status\":200,\"t\":1791352086724,\"ms\":9}","source":"console","time":"2026-10-07T05:48:06Z"}
{"level":"info","msg":"{\"ev\":\"req\",\"route\":\"problem_list\",\"status\":200,\"t\":1791352086823,\"ms\":7.8}","source":"console","time":"2026-10-07T05:48:06Z"}
{"level":"info","msg":"{\"ev\":\"req\",\"route\":\"problem_detail\",\"status\":200,\"t\":1791352086924,\"ms\":8.4}","source":"console","time":"2026-10-07T05:48:06Z"}
{"level":"info","msg":"{\"ev\":\"req\",\"route\":\"history\",\"status\":200,\"t\":1791352087022,\"ms\":7.1}","source":"console","time":"2026-10-07T05:48:07Z"}
{"level":"info","msg":"{\"ev\":\"req\",\"route\":\"problem_list\",\"status\":200,\"t\":1791352087118,\"ms\":3.2}","source":"console","time":"2026-10-07T05:48:07Z"}
{"level":"info","msg":"{\"ev\":\"req\",\"route\":\"problem_detail\",\"status\":200,\"t\":1791352087829,\"ms\":614.7}","source":"console","time":"2026-10-07T05:48:07Z"}
{"level":"info","msg":"{\"ev\":\"req\",\"route\":\"history\",\"status\":200,\"t\":1791352087933,\"ms\":618.2}","source":"console","time":"2026-10-07T05:48:07Z"}
{"level":"info","msg":"{\"ev\":\"req\",\"route\":\"problem_list\",\"status\":200,\"t\":1791352088029,\"ms\":614.1}","source":"console","time":"2026-10-07T05:48:08Z"}
{"level":"info","msg":"{\"ev\":\"req\",\"route\":\"problem_detail\",\"status\":200,\"t\":1791352088129,\"ms\":614.2}","source":"console","time":"2026-10-07T05:48:08Z"}
{"level":"info","msg":"{\"ev\":\"req\",\"route\":\"history\",\"status\":200,\"t\":1791352088230,\"ms\":614.8}","source":"console","time":"2026-10-07T05:48:08Z"}
{"level":"info","msg":"{\"ev\":\"req\",\"route\":\"problem_list\",\"status\":200,\"t\":1791352088330,\"ms\":615.7}","source":"console","time":"2026-10-07T05:48:08Z"}
{"level":"info","msg":"{\"ev\":\"req\",\"route\":\"problem_detail\",\"status\":200,\"t\":1791352088429,\"ms\":613.9}","source":"console","time":"2026-10-07T05:48:08Z"}
{"level":"info","msg":"{\"ev\":\"req\",\"route\":\"history\",\"status\":200,\"t\":1791352088532,\"ms\":617}","source":"console","time":"2026-10-07T05:48:08Z"}
{"level":"info","msg":"{\"ev\":\"req\",\"route\":\"problem_list\",\"status\":200,\"t\":1791352088630,\"ms\":615.6}","source":"console","time":"2026-10-07T05:48:08Z"}
{"level":"info","msg":"{\"ev\":\"req\",\"route\":\"problem_detail\",\"status\":200,\"t\":1791352088729,\"ms\":614.2}","source":"console","time":"2026-10-07T05:48:08Z"}
{"level":"info","msg":"{\"ev\":\"req\",\"route\":\"history\",\"status\":200,\"t\":1791352088826,\"ms\":611.4}","source":"console","time":"2026-10-07T05:48:08Z"}
{"level":"info","msg":"{\"ev\":\"req\",\"route\":\"problem_list\",\"status\":200,\"t\":1791352088926,\"ms\":610.9}","source":"console","time":"2026-10-07T05:48:08Z"}
{"level":"info","msg":"{\"ev\":\"req\",\"route\":\"problem_detail\",\"status\":200,\"t\":1791352089025,\"ms\":610.7}","source":"console","time":"2026-10-07T05:48:09Z"}
{"level":"info","msg":"{\"ev\":\"req\",\"route\":\"history\",\"status\":200,\"t\":1791352089127,\"ms\":611.7}","source":"console","time":"2026-10-07T05:48:09Z"}
{"level":"info","msg":"{\"ev\":\"req\",\"route\":\"problem_list\",\"status\":200,\"t\":1791352089227,\"ms\":611.9}","source":"console","time":"2026-10-07T05:48:09Z"}
{"level":"info","msg":"{\"ev\":\"req\",\"route\":\"submit\",\"status\":200,\"t\":1791352089243,\"ms\":1664}","source":"console","time":"2026-10-07T05:48:09Z"}
{"level":"info","msg":"{\"ev\":\"accepted\",\"id\":\"2aac98aa-c409-47ba-8527-033c780c5b33\",\"t\":1791352089243}","source":"console","time":"2026-10-07T05:48:09Z"}
{"level":"info","msg":"{\"ev\":\"req\",\"route\":\"problem_detail\",\"status\":200,\"t\":1791352089332,\"ms\":616.6}","source":"console","time":"2026-10-07T05:48:09Z"}
{"level":"info","msg":"{\"ev\":\"req\",\"route\":\"history\",\"status\":200,\"t\":1791352089434,\"ms\":619.1}","source":"console","time":"2026-10-07T05:48:09Z"}
{"level":"info","msg":"{\"ev\":\"req\",\"route\":\"problem_list\",\"status\":200,\"t\":1791352089529,\"ms\":613.9}","source":"console","time":"2026-10-07T05:48:09Z"}
{"level":"info","msg":"{\"ev\":\"req\",\"route\":\"problem_detail\",\"status\":200,\"t\":1791352089630,\"ms\":615.6}","source":"console","time":"2026-10-07T05:48:09Z"}
{"level":"info","msg":"{\"ev\":\"req\",\"route\":\"history\",\"status\":200,\"t\":1791352089743,\"ms\":628.2}","source":"console","time":"2026-10-07T05:48:09Z"}
{"level":"info","msg":"{\"ev\":\"req\",\"route\":\"problem_list\",\"status\":200,\"t\":1791352089828,\"ms\":612.6}","source":"console","time":"2026-10-07T05:48:09Z"}
{"level":"info","msg":"{\"ev\":\"req\",\"route\":\"problem_detail\",\"status\":200,\"t\":1791352089926,\"ms\":612}","source":"console","time":"2026-10-07T05:48:09Z"}
{"level":"info","msg":"{\"ev\":\"req\",\"route\":\"history\",\"status\":200,\"t\":1791352090026,\"ms\":611.7}","source":"console","time":"2026-10-07T05:48:10Z"}
{"level":"info","msg":"{\"ev\":\"req\",\"route\":\"problem_list\",\"status\":200,\"t\":1791352090129,\"ms\":614.7}","source":"console","time":"2026-10-07T05:48:10Z"}
{"level":"info","msg":"{\"ev\":\"req\",\"route\":\"problem_detail\",\"status\":200,\"t\":1791352090228,\"ms\":613}","source":"console","time":"2026-10-07T05:48:10Z"}
{"level":"info","msg":"{\"ev\":\"req\",\"route\":\"history\",\"status\":200,\"t\":1791352090331,\"ms\":616}","source":"console","time":"2026-10-07T05:48:10Z"}
{"level":"info","msg":"{\"ev\":\"req\",\"route\":\"problem_list\",\"status\":200,\"t\":1791352090429,\"ms\":613.5}","source":"console","time":"2026-10-07T05:48:10Z"}
{"level":"info","msg":"{\"ev\":\"req\",\"route\":\"problem_detail\",\"status\":200,\"t\":1791352090529,\"ms\":614}","source":"console","time":"2026-10-07T05:48:10Z"}
{"level":"info","msg":"{\"ev\":\"req\",\"route\":\"history\",\"status\":200,\"t\":1791352090632,\"ms\":616.8}","source":"console","time":"2026-10-07T05:48:10Z"}
{"level":"info","msg":"{\"ev\":\"req\",\"route\":\"problem_list\",\"status\":200,\"t\":1791352090729,\"ms\":613.8}","source":"console","time":"2026-10-07T05:48:10Z"}
{"level":"info","msg":"{\"ev\":\"req\",\"route\":\"problem_detail\",\"status\":200,\"t\":1791352090829,\"ms\":614.6}","source":"console","time":"2026-10-07T05:48:10Z"}
{"level":"info","msg":"{\"ev\":\"req\",\"route\":\"submit\",\"status\":200,\"t\":1791352090847,\"ms\":1600.7}","source":"console","time":"2026-10-07T05:48:10Z"}
{"level":"info","msg":"{\"ev\":\"accepted\",\"id\":\"655c4bd7-66cd-489a-9c54-d5cc6e144cd3\",\"t\":1791352090847}","source":"console","time":"2026-10-07T05:48:10Z"}
{"level":"info","msg":"{\"ev\":\"req\",\"route\":\"history\",\"status\":200,\"t\":1791352090927,\"ms\":612.2}","source":"console","time":"2026-10-07T05:48:10Z"}
{"level":"info","msg":"{\"ev\":\"req\",\"route\":\"problem_list\",\"status\":200,\"t\":1791352091026,\"ms\":610.4}","source":"console","time":"2026-10-07T05:48:11Z"}
{"level":"info","msg":"{\"ev\":\"req\",\"route\":\"problem_detail\",\"status\":200,\"t\":1791352091125,\"ms\":610.6}","source":"console","time":"2026-10-07T05:48:11Z"}
{"level":"info","msg":"{\"ev\":\"req\",\"route\":\"history\",\"status\":200,\"t\":1791352091227,\"ms\":612.1}","source":"console","time":"2026-10-07T05:48:11Z"}
{"level":"info","msg":"{\"ev\":\"req\",\"route\":\"problem_list\",\"status\":200,\"t\":1791352091325,\"ms\":610.7}","source":"console","time":"2026-10-07T05:48:11Z"}
{"level":"info","msg":"{\"ev\":\"req\",\"route\":\"problem_detail\",\"status\":200,\"t\":1791352091425,\"ms\":610.2}","source":"console","time":"2026-10-07T05:48:11Z"}
{"level":"info","msg":"{\"ev\":\"req\",\"route\":\"history\",\"status\":200,\"t\":1791352091528,\"ms\":614.1}","source":"console","time":"2026-10-07T05:48:11Z"}
{"level":"info","msg":"{\"ev\":\"req\",\"route\":\"problem_list\",\"status\":200,\"t\":1791352091629,\"ms\":614.2}","source":"console","time":"2026-10-07T05:48:11Z"}
{"level":"info","msg":"{\"ev\":\"req\",\"route\":\"problem_detail\",\"status\":200,\"t\":1791352091729,\"ms\":614.5}","source":"console","time":"2026-10-07T05:48:11Z"}
{"level":"info","msg":"{\"ev\":\"req\",\"route\":\"history\",\"status\":200,\"t\":1791352091827,\"ms\":612.4}","source":"console","time":"2026-10-07T05:48:11Z"}
{"level":"info","msg":"{\"ev\":\"req\",\"route\":\"problem_list\",\"status\":200,\"t\":1791352091928,\"ms\":613.4}","source":"console","time":"2026-10-07T05:48:11Z"}
{"level":"info","msg":"{\"ev\":\"req\",\"route\":\"problem_detail\",\"status\":200,\"t\":1791352092030,\"ms\":614.6}","source":"console","time":"2026-10-07T05:48:12Z"}
{"level":"info","msg":"{\"ev\":\"req\",\"route\":\"history\",\"status\":200,\"t\":1791352092131,\"ms\":616.2}","source":"console","time":"2026-10-07T05:48:12Z"}
{"level":"info","msg":"{\"ev\":\"req\",\"route\":\"problem_list\",\"status\":200,\"t\":1791352092228,\"ms\":612.8}","source":"console","time":"2026-10-07T05:48:12Z"}
{"level":"info","msg":"{\"ev\":\"req\",\"route\":\"problem_detail\",\"status\":200,\"t\":1791352092326,\"ms\":610.1}","source":"console","time":"2026-10-07T05:48:12Z"}
{"level":"info","msg":"{\"ev\":\"req\",\"route\":\"history\",\"status\":200,\"t\":1791352092432,\"ms\":617.8}","source":"console","time":"2026-10-07T05:48:12Z"}
{"level":"info","msg":"{\"ev\":\"req\",\"route\":\"problem_list\",\"status\":200,\"t\":1791352092525,\"ms\":609.7}","source":"console","time":"2026-10-07T05:48:12Z"}
{"level":"info","msg":"{\"ev\":\"req\",\"route\":\"submit\",\"status\":200,\"t\":1791352092542,\"ms\":1629.3}","source":"console","time":"2026-10-07T05:48:12Z"}
{"level":"info","msg":"{\"ev\":\"accepted\",\"id\":\"b1962e82-5d47-4c22-81f8-b8f5b512b006\",\"t\":1791352092542}","source":"console","time":"2026-10-07T05:48:12Z"}
{"level":"info","msg":"{\"ev\":\"req\",\"route\":\"problem_detail\",\"status\":200,\"t\":1791352092627,\"ms\":611.4}","source":"console","time":"2026-10-07T05:48:12Z"}
{"level":"info","msg":"{\"ev\":\"req\",\"route\":\"history\",\"status\":200,\"t\":1791352092732,\"ms\":617.5}","source":"console","time":"2026-10-07T05:48:12Z"}
{"level":"info","msg":"{\"ev\":\"req\",\"route\":\"problem_list\",\"status\":200,\"t\":1791352092827,\"ms\":611.9}","source":"console","time":"2026-10-07T05:48:12Z"}
{"level":"info","msg":"{\"ev\":\"req\",\"route\":\"problem_detail\",\"status\":200,\"t\":1791352092926,\"ms\":611.5}","source":"console","time":"2026-10-07T05:48:12Z"}
{"level":"info","msg":"{\"ev\":\"req\",\"route\":\"history\",\"status\":200,\"t\":1791352093027,\"ms\":612.6}","source":"console","time":"2026-10-07T05:48:13Z"}
{"level":"info","msg":"{\"ev\":\"req\",\"route\":\"problem_list\",\"status\":200,\"t\":1791352093125,\"ms\":609.8}","source":"console","time":"2026-10-07T05:48:13Z"}
{"level":"info","msg":"{\"ev\":\"req\",\"route\":\"problem_detail\",\"status\":200,\"t\":1791352093228,\"ms\":613.2}","source":"console","time":"2026-10-07T05:48:13Z"}
{"level":"info","msg":"{\"ev\":\"req\",\"route\":\"history\",\"status\":200,\"t\":1791352093333,\"ms\":618.3}","source":"console","time":"2026-10-07T05:48:13Z"}
{"level":"info","msg":"{\"ev\":\"req\",\"route\":\"problem_list\",\"status\":200,\"t\":1791352093429,\"ms\":614}","source":"console","time":"2026-10-07T05:48:13Z"}
{"level":"info","msg":"{\"ev\":\"req\",\"route\":\"problem_detail\",\"status\":200,\"t\":1791352093529,\"ms\":613.9}","source":"console","time":"2026-10-07T05:48:13Z"}
{"level":"info","msg":"{\"ev\":\"req\",\"route\":\"history\",\"status\":200,\"t\":1791352093631,\"ms\":616}","source":"console","time":"2026-10-07T05:48:13Z"}
{"level":"info","msg":"{\"ev\":\"req\",\"route\":\"problem_list\",\"status\":200,\"t\":1791352093729,\"ms\":614.1}","source":"console","time":"2026-10-07T05:48:13Z"}
{"level":"info","msg":"{\"ev\":\"req\",\"route\":\"problem_detail\",\"status\":200,\"t\":1791352093834,\"ms\":619.1}","source":"console","time":"2026-10-07T05:48:13Z"}
{"level":"info","msg":"{\"ev\":\"req\",\"route\":\"history\",\"status\":200,\"t\":1791352093927,\"ms\":612}","source":"console","time":"2026-10-07T05:48:13Z"}
{"level":"info","msg":"{\"ev\":\"req\",\"route\":\"problem_list\",\"status\":200,\"t\":1791352094026,\"ms\":611.2}","source":"console","time":"2026-10-07T05:48:14Z"}
{"level":"info","msg":"{\"ev\":\"req\",\"route\":\"problem_detail\",\"status\":200,\"t\":1791352094125,\"ms\":609.9}","source":"console","time":"2026-10-07T05:48:14Z"}
{"level":"info","msg":"{\"ev\":\"req\",\"route\":\"history\",\"status\":200,\"t\":1791352094230,\"ms\":615.1}","source":"console","time":"2026-10-07T05:48:14Z"}
{"level":"info","msg":"{\"ev\":\"req\",\"route\":\"submit\",\"status\":200,\"t\":1791352094244,\"ms\":1665.3}","source":"console","time":"2026-10-07T05:48:14Z"}
{"level":"info","msg":"{\"ev\":\"accepted\",\"id\":\"879db0b7-1f4b-4b77-97c2-3bf8c2d8f239\",\"t\":1791352094244}","source":"console","time":"2026-10-07T05:48:14Z"}
{"level":"info","msg":"{\"ev\":\"req\",\"route\":\"problem_list\",\"status\":200,\"t\":1791352094325,\"ms\":610.2}","source":"console","time":"2026-10-07T05:48:14Z"}
{"level":"info","msg":"{\"ev\":\"req\",\"route\":\"problem_detail\",\"status\":200,\"t\":1791352094426,\"ms\":611.3}","source":"console","time":"2026-10-07T05:48:14Z"}
{"level":"info","msg":"{\"ev\":\"req\",\"route\":\"history\",\"status\":200,\"t\":1791352094527,\"ms\":611.8}","source":"console","time":"2026-10-07T05:48:14Z"}
{"level":"info","msg":"{\"ev\":\"req\",\"route\":\"problem_list\",\"status\":200,\"t\":1791352094626,\"ms\":611.8}","source":"console","time":"2026-10-07T05:48:14Z"}
{"level":"info","msg":"{\"ev\":\"req\",\"route\":\"problem_detail\",\"status\":200,\"t\":1791352094725,\"ms\":610.3}","source":"console","time":"2026-10-07T05:48:14Z"}
{"level":"info","msg":"{\"ev\":\"req\",\"route\":\"history\",\"status\":200,\"t\":1791352094827,\"ms\":611.5}","source":"console","time":"2026-10-07T05:48:14Z"}
{"level":"info","msg":"{\"ev\":\"req\",\"route\":\"problem_list\",\"status\":200,\"t\":1791352094925,\"ms\":610.3}","source":"console","time":"2026-10-07T05:48:14Z"}
{"level":"info","msg":"{\"ev\":\"req\",\"route\":\"problem_detail\",\"status\":200,\"t\":1791352095029,\"ms\":614.1}","source":"console","time":"2026-10-07T05:48:15Z"}
{"level":"info","msg":"{\"ev\":\"req\",\"route\":\"history\",\"status\":200,\"t\":1791352095127,\"ms\":612.1}","source":"console","time":"2026-10-07T05:48:15Z"}
{"level":"info","msg":"{\"ev\":\"req\",\"route\":\"problem_list\",\"status\":200,\"t\":1791352095225,\"ms\":610.5}","source":"console","time":"2026-10-07T05:48:15Z"}
{"level":"info","msg":"{\"ev\":\"req\",\"route\":\"problem_detail\",\"status\":200,\"t\":1791352095329,\"ms\":614}","source":"console","time":"2026-10-07T05:48:15Z"}
{"level":"info","msg":"{\"ev\":\"req\",\"route\":\"history\",\"status\":200,\"t\":1791352095431,\"ms\":616.1}","source":"console","time":"2026-10-07T05:48:15Z"}
{"level":"info","msg":"{\"ev\":\"req\",\"route\":\"problem_list\",\"status\":200,\"t\":1791352095529,\"ms\":613.6}","source":"console","time":"2026-10-07T05:48:15Z"}
{"level":"info","msg":"{\"ev\":\"req\",\"route\":\"problem_detail\",\"status\":200,\"t\":1791352095629,\"ms\":613.5}","source":"console","time":"2026-10-07T05:48:15Z"}
{"level":"info","msg":"{\"ev\":\"req\",\"route\":\"history\",\"status\":200,\"t\":1791352095732,\"ms\":617}","source":"console","time":"2026-10-07T05:48:15Z"}
{"level":"info","msg":"{\"ev\":\"req\",\"route\":\"problem_list\",\"status\":200,\"t\":1791352095830,\"ms\":614.7}","source":"console","time":"2026-10-07T05:48:15Z"}
{"level":"info","msg":"{\"ev\":\"req\",\"route\":\"submit\",\"status\":200,\"t\":1791352095842,\"ms\":1595.9}","source":"console","time":"2026-10-07T05:48:15Z"}
{"level":"info","msg":"{\"ev\":\"accepted\",\"id\":\"361b3655-7493-4aea-b73a-f966b365efc1\",\"t\":1791352095842}","source":"console","time":"2026-10-07T05:48:15Z"}
{"level":"info","msg":"{\"ev\":\"req\",\"route\":\"problem_detail\",\"status\":200,\"t\":1791352095927,\"ms\":611.7}","source":"console","time":"2026-10-07T05:48:15Z"}
{"level":"info","msg":"{\"ev\":\"req\",\"route\":\"history\",\"status\":200,\"t\":1791352096028,\"ms\":612.9}","source":"console","time":"2026-10-07T05:48:16Z"}
{"level":"info","msg":"{\"ev\":\"req\",\"route\":\"problem_list\",\"status\":200,\"t\":1791352096127,\"ms\":611.3}","source":"console","time":"2026-10-07T05:48:16Z"}
{"level":"info","msg":"{\"ev\":\"req\",\"route\":\"problem_detail\",\"status\":200,\"t\":1791352096235,\"ms\":620.5}","source":"console","time":"2026-10-07T05:48:16Z"}
{"level":"info","msg":"{\"ev\":\"req\",\"route\":\"history\",\"status\":200,\"t\":1791352096328,\"ms\":613.1}","source":"console","time":"2026-10-07T05:48:16Z"}
{"level":"info","msg":"{\"ev\":\"req\",\"route\":\"problem_list\",\"status\":200,\"t\":1791352096428,\"ms\":613.1}","source":"console","time":"2026-10-07T05:48:16Z"}
{"level":"info","msg":"{\"ev\":\"req\",\"route\":\"problem_detail\",\"status\":200,\"t\":1791352096529,\"ms\":614.7}","source":"console","time":"2026-10-07T05:48:16Z"}
{"level":"info","msg":"{\"ev\":\"req\",\"route\":\"history\",\"status\":200,\"t\":1791352096632,\"ms\":616.7}","source":"console","time":"2026-10-07T05:48:16Z"}
{"level":"info","msg":"{\"ev\":\"req\",\"route\":\"problem_list\",\"status\":200,\"t\":1791352096729,\"ms\":614.7}","source":"console","time":"2026-10-07T05:48:16Z"}
{"level":"info","msg":"{\"ev\":\"req\",\"route\":\"problem_detail\",\"status\":200,\"t\":1791352096829,\"ms\":614.3}","source":"console","time":"2026-10-07T05:48:16Z"}
{"level":"info","msg":"{\"ev\":\"req\",\"route\":\"history\",\"status\":200,\"t\":1791352096932,\"ms\":617}","source":"console","time":"2026-10-07T05:48:16Z"}
{"level":"info","msg":"{\"ev\":\"req\",\"route\":\"problem_list\",\"status\":200,\"t\":1791352097030,\"ms\":615.9}","source":"console","time":"2026-10-07T05:48:17Z"}
{"level":"info","msg":"{\"ev\":\"req\",\"route\":\"problem_detail\",\"status\":200,\"t\":1791352097129,\"ms\":614.1}","source":"console","time":"2026-10-07T05:48:17Z"}
{"level":"info","msg":"{\"ev\":\"req\",\"route\":\"history\",\"status\":200,\"t\":1791352097230,\"ms\":615.2}","source":"console","time":"2026-10-07T05:48:17Z"}
{"level":"info","msg":"{\"ev\":\"req\",\"route\":\"problem_list\",\"status\":200,\"t\":1791352097330,\"ms\":614.6}","source":"console","time":"2026-10-07T05:48:17Z"}
{"level":"info","msg":"{\"ev\":\"req\",\"route\":\"problem_detail\",\"status\":200,\"t\":1791352097428,\"ms\":613.2}","source":"console","time":"2026-10-07T05:48:17Z"}
{"level":"info","msg":"{\"ev\":\"req\",\"route\":\"history\",\"status\":200,\"t\":1791352097531,\"ms\":616.3}","source":"console","time":"2026-10-07T05:48:17Z"}
{"level":"info","msg":"{\"ev\":\"req\",\"route\":\"submit\",\"status\":200,\"t\":1791352097551,\"ms\":1638.8}","source":"console","time":"2026-10-07T05:48:17Z"}
{"level":"info","msg":"{\"ev\":\"accepted\",\"id\":\"0191697c-3b0b-4534-84ed-62d679af9907\",\"t\":1791352097551}","source":"console","time":"2026-10-07T05:48:17Z"}
{"level":"info","msg":"{\"ev\":\"req\",\"route\":\"problem_list\",\"status\":200,\"t\":1791352097625,\"ms\":610.2}","source":"console","time":"2026-10-07T05:48:17Z"}
{"level":"info","msg":"{\"ev\":\"req\",\"route\":\"problem_detail\",\"status\":200,\"t\":1791352097725,\"ms\":610}","source":"console","time":"2026-10-07T05:48:17Z"}
{"level":"info","msg":"{\"ev\":\"req\",\"route\":\"history\",\"status\":200,\"t\":1791352097827,\"ms\":611.9}","source":"console","time":"2026-10-07T05:48:17Z"}
{"level":"info","msg":"{\"ev\":\"req\",\"route\":\"problem_list\",\"status\":200,\"t\":1791352097926,\"ms\":610.5}","source":"console","time":"2026-10-07T05:48:17Z"}
{"level":"info","msg":"{\"ev\":\"req\",\"route\":\"problem_detail\",\"status\":200,\"t\":1791352098025,\"ms\":609.8}","source":"console","time":"2026-10-07T05:48:18Z"}
{"level":"info","msg":"{\"ev\":\"req\",\"route\":\"history\",\"status\":200,\"t\":1791352098126,\"ms\":611}","source":"console","time":"2026-10-07T05:48:18Z"}
{"level":"info","msg":"{\"ev\":\"req\",\"route\":\"problem_list\",\"status\":200,\"t\":1791352098227,\"ms\":612}","source":"console","time":"2026-10-07T05:48:18Z"}
{"level":"info","msg":"{\"ev\":\"req\",\"route\":\"problem_detail\",\"status\":200,\"t\":1791352098329,\"ms\":613.6}","source":"console","time":"2026-10-07T05:48:18Z"}
{"level":"info","msg":"{\"ev\":\"req\",\"route\":\"history\",\"status\":200,\"t\":1791352098428,\"ms\":612.4}","source":"console","time":"2026-10-07T05:48:18Z"}
{"level":"info","msg":"{\"ev\":\"req\",\"route\":\"problem_list\",\"status\":200,\"t\":1791352098529,\"ms\":613.9}","source":"console","time":"2026-10-07T05:48:18Z"}
{"level":"info","msg":"{\"ev\":\"req\",\"route\":\"problem_detail\",\"status\":200,\"t\":1791352098629,\"ms\":614.2}","source":"console","time":"2026-10-07T05:48:18Z"}
{"level":"info","msg":"{\"ev\":\"req\",\"route\":\"history\",\"status\":200,\"t\":1791352098730,\"ms\":615.4}","source":"console","time":"2026-10-07T05:48:18Z"}
{"level":"info","msg":"{\"ev\":\"req\",\"route\":\"problem_list\",\"status\":200,\"t\":1791352098830,\"ms\":614.7}","source":"console","time":"2026-10-07T05:48:18Z"}
{"level":"info","msg":"{\"ev\":\"req\",\"route\":\"problem_detail\",\"status\":200,\"t\":1791352098929,\"ms\":614.1}","source":"console","time":"2026-10-07T05:48:18Z"}
{"level":"info","msg":"{\"ev\":\"req\",\"route\":\"history\",\"status\":200,\"t\":1791352099040,\"ms\":625.5}","source":"console","time":"2026-10-07T05:48:19Z"}
{"level":"info","msg":"{\"ev\":\"req\",\"route\":\"problem_list\",\"status\":200,\"t\":1791352099125,\"ms\":610.7}","source":"console","time":"2026-10-07T05:48:19Z"}
{"level":"info","msg":"{\"ev\":\"req\",\"route\":\"problem_detail\",\"status\":200,\"t\":1791352099228,\"ms\":612.9}","source":"console","time":"2026-10-07T05:48:19Z"}
{"level":"info","msg":"{\"ev\":\"req\",\"route\":\"submit\",\"status\":200,\"t\":1791352099242,\"ms\":1662.6}","source":"console","time":"2026-10-07T05:48:19Z"}
{"level":"info","msg":"{\"ev\":\"accepted\",\"id\":\"6ba63c0b-cd2b-492d-a1d9-1aca274bd33f\",\"t\":1791352099242}","source":"console","time":"2026-10-07T05:48:19Z"}
{"level":"info","msg":"{\"ev\":\"req\",\"route\":\"history\",\"status\":200,\"t\":1791352099328,\"ms\":613.4}","source":"console","time":"2026-10-07T05:48:19Z"}
{"level":"info","msg":"{\"ev\":\"req\",\"route\":\"problem_list\",\"status\":200,\"t\":1791352099427,\"ms\":612.6}","source":"console","time":"2026-10-07T05:48:19Z"}
{"level":"info","msg":"{\"ev\":\"req\",\"route\":\"problem_detail\",\"status\":200,\"t\":1791352099526,\"ms\":611.6}","source":"console","time":"2026-10-07T05:48:19Z"}
{"level":"info","msg":"{\"ev\":\"req\",\"route\":\"history\",\"status\":200,\"t\":1791352099626,\"ms\":611.2}","source":"console","time":"2026-10-07T05:48:19Z"}
{"level":"info","msg":"{\"ev\":\"req\",\"route\":\"problem_list\",\"status\":200,\"t\":1791352099725,\"ms\":610}","source":"console","time":"2026-10-07T05:48:19Z"}
{"level":"info","msg":"{\"ev\":\"req\",\"route\":\"problem_detail\",\"status\":200,\"t\":1791352099827,\"ms\":612.4}","source":"console","time":"2026-10-07T05:48:19Z"}
{"level":"info","msg":"{\"ev\":\"req\",\"route\":\"history\",\"status\":200,\"t\":1791352099931,\"ms\":616}","source":"console","time":"2026-10-07T05:48:19Z"}
{"level":"info","msg":"{\"ev\":\"req\",\"route\":\"problem_list\",\"status\":200,\"t\":1791352100030,\"ms\":615.2}","source":"console","time":"2026-10-07T05:48:20Z"}
{"level":"info","msg":"{\"ev\":\"req\",\"route\":\"problem_detail\",\"status\":200,\"t\":1791352100128,\"ms\":613.8}","source":"console","time":"2026-10-07T05:48:20Z"}
{"level":"info","msg":"{\"ev\":\"req\",\"route\":\"history\",\"status\":200,\"t\":1791352100231,\"ms\":616}","source":"console","time":"2026-10-07T05:48:20Z"}
{"level":"info","msg":"{\"ev\":\"req\",\"route\":\"problem_list\",\"status\":200,\"t\":1791352100325,\"ms\":610.8}","source":"console","time":"2026-10-07T05:48:20Z"}
{"level":"info","msg":"{\"ev\":\"req\",\"route\":\"problem_detail\",\"status\":200,\"t\":1791352100426,\"ms\":610.8}","source":"console","time":"2026-10-07T05:48:20Z"}
{"level":"info","msg":"{\"ev\":\"req\",\"route\":\"history\",\"status\":200,\"t\":1791352100527,\"ms\":611.7}","source":"console","time":"2026-10-07T05:48:20Z"}
{"level":"info","msg":"{\"ev\":\"req\",\"route\":\"problem_list\",\"status\":200,\"t\":1791352100625,\"ms\":610}","source":"console","time":"2026-10-07T05:48:20Z"}
{"level":"info","msg":"{\"ev\":\"req\",\"route\":\"problem_detail\",\"status\":200,\"t\":1791352100725,\"ms\":610.9}","source":"console","time":"2026-10-07T05:48:20Z"}
{"level":"info","msg":"{\"ev\":\"req\",\"route\":\"history\",\"status\":200,\"t\":1791352100827,\"ms\":612.1}","source":"console","time":"2026-10-07T05:48:20Z"}
{"level":"info","msg":"{\"ev\":\"req\",\"route\":\"submit\",\"status\":200,\"t\":1791352100841,\"ms\":1595}","source":"console","time":"2026-10-07T05:48:20Z"}
{"level":"info","msg":"{\"ev\":\"accepted\",\"id\":\"de578cc7-812f-4538-9b07-09e0e3809673\",\"t\":1791352100841}","source":"console","time":"2026-10-07T05:48:20Z"}
{"level":"info","msg":"{\"ev\":\"req\",\"route\":\"problem_list\",\"status\":200,\"t\":1791352100926,\"ms\":611.3}","source":"console","time":"2026-10-07T05:48:20Z"}
{"level":"info","msg":"{\"ev\":\"req\",\"route\":\"problem_detail\",\"status\":200,\"t\":1791352101026,\"ms\":610.8}","source":"console","time":"2026-10-07T05:48:21Z"}
{"level":"info","msg":"{\"ev\":\"req\",\"route\":\"history\",\"status\":200,\"t\":1791352101128,\"ms\":613.3}","source":"console","time":"2026-10-07T05:48:21Z"}
{"level":"info","msg":"{\"ev\":\"req\",\"route\":\"problem_list\",\"status\":200,\"t\":1791352101226,\"ms\":611.1}","source":"console","time":"2026-10-07T05:48:21Z"}
{"level":"info","msg":"{\"ev\":\"req\",\"route\":\"problem_detail\",\"status\":200,\"t\":1791352101327,\"ms\":611.9}","source":"console","time":"2026-10-07T05:48:21Z"}
{"level":"info","msg":"{\"ev\":\"req\",\"route\":\"history\",\"status\":200,\"t\":1791352101425,\"ms\":610.2}","source":"console","time":"2026-10-07T05:48:21Z"}
{"level":"info","msg":"{\"ev\":\"req\",\"route\":\"problem_list\",\"status\":200,\"t\":1791352101526,\"ms\":608.4}","source":"console","time":"2026-10-07T05:48:21Z"}
{"level":"info","msg":"{\"ev\":\"req\",\"route\":\"problem_detail\",\"status\":200,\"t\":1791352101628,\"ms\":613.9}","source":"console","time":"2026-10-07T05:48:21Z"}
{"level":"info","msg":"{\"ev\":\"req\",\"route\":\"history\",\"status\":200,\"t\":1791352101731,\"ms\":616.5}","source":"console","time":"2026-10-07T05:48:21Z"}
{"level":"info","msg":"{\"ev\":\"req\",\"route\":\"problem_list\",\"status\":200,\"t\":1791352101830,\"ms\":615.1}","source":"console","time":"2026-10-07T05:48:21Z"}
{"level":"info","msg":"{\"ev\":\"req\",\"route\":\"problem_detail\",\"status\":200,\"t\":1791352101929,\"ms\":614.4}","source":"console","time":"2026-10-07T05:48:21Z"}
{"level":"info","msg":"{\"ev\":\"req\",\"route\":\"history\",\"status\":200,\"t\":1791352102031,\"ms\":615.6}","source":"console","time":"2026-10-07T05:48:22Z"}
{"level":"info","msg":"{\"ev\":\"req\",\"route\":\"problem_list\",\"status\":200,\"t\":1791352102129,\"ms\":614}","source":"console","time":"2026-10-07T05:48:22Z"}
{"level":"info","msg":"{\"ev\":\"req\",\"route\":\"problem_detail\",\"status\":200,\"t\":1791352102229,\"ms\":613.1}","source":"console","time":"2026-10-07T05:48:22Z"}
{"level":"info","msg":"{\"ev\":\"req\",\"route\":\"history\",\"status\":200,\"t\":1791352102331,\"ms\":615.6}","source":"console","time":"2026-10-07T05:48:22Z"}
{"level":"info","msg":"{\"ev\":\"req\",\"route\":\"problem_list\",\"status\":200,\"t\":1791352102425,\"ms\":610.2}","source":"console","time":"2026-10-07T05:48:22Z"}
{"level":"info","msg":"{\"ev\":\"req\",\"route\":\"problem_detail\",\"status\":200,\"t\":1791352102529,\"ms\":613.1}","source":"console","time":"2026-10-07T05:48:22Z"}
{"level":"info","msg":"{\"ev\":\"req\",\"route\":\"submit\",\"status\":200,\"t\":1791352102542,\"ms\":1630}","source":"console","time":"2026-10-07T05:48:22Z"}
{"level":"info","msg":"{\"ev\":\"accepted\",\"id\":\"27675e18-6d18-4f46-8b4b-b35a89d2c290\",\"t\":1791352102543}","source":"console","time":"2026-10-07T05:48:22Z"}
{"level":"info","msg":"{\"ev\":\"req\",\"route\":\"history\",\"status\":200,\"t\":1791352102628,\"ms\":613.6}","source":"console","time":"2026-10-07T05:48:22Z"}
{"level":"info","msg":"{\"ev\":\"req\",\"route\":\"problem_list\",\"status\":200,\"t\":1791352102727,\"ms\":611.8}","source":"console","time":"2026-10-07T05:48:22Z"}
{"level":"info","msg":"{\"ev\":\"req\",\"route\":\"problem_detail\",\"status\":200,\"t\":1791352102825,\"ms\":609.2}","source":"console","time":"2026-10-07T05:48:22Z"}
{"level":"info","msg":"{\"ev\":\"req\",\"route\":\"history\",\"status\":200,\"t\":1791352102927,\"ms\":612.1}","source":"console","time":"2026-10-07T05:48:22Z"}
{"level":"info","msg":"{\"ev\":\"req\",\"route\":\"problem_list\",\"status\":200,\"t\":1791352103026,\"ms\":611.4}","source":"console","time":"2026-10-07T05:48:23Z"}
{"level":"info","msg":"{\"ev\":\"req\",\"route\":\"problem_detail\",\"status\":200,\"t\":1791352103125,\"ms\":609.8}","source":"console","time":"2026-10-07T05:48:23Z"}
{"level":"info","msg":"{\"ev\":\"req\",\"route\":\"history\",\"status\":200,\"t\":1791352103230,\"ms\":615}","source":"console","time":"2026-10-07T05:48:23Z"}
{"level":"info","msg":"{\"ev\":\"req\",\"route\":\"problem_list\",\"status\":200,\"t\":1791352103330,\"ms\":614.6}","source":"console","time":"2026-10-07T05:48:23Z"}
{"level":"info","msg":"{\"ev\":\"req\",\"route\":\"problem_detail\",\"status\":200,\"t\":1791352103428,\"ms\":613.1}","source":"console","time":"2026-10-07T05:48:23Z"}
{"level":"info","msg":"{\"ev\":\"req\",\"route\":\"history\",\"status\":200,\"t\":1791352103531,\"ms\":616.4}","source":"console","time":"2026-10-07T05:48:23Z"}
{"level":"info","msg":"{\"ev\":\"req\",\"route\":\"problem_list\",\"status\":200,\"t\":1791352103629,\"ms\":614.6}","source":"console","time":"2026-10-07T05:48:23Z"}
{"level":"info","msg":"{\"ev\":\"req\",\"route\":\"problem_detail\",\"status\":200,\"t\":1791352103730,\"ms\":614.7}","source":"console","time":"2026-10-07T05:48:23Z"}
{"level":"info","msg":"{\"ev\":\"req\",\"route\":\"history\",\"status\":200,\"t\":1791352103831,\"ms\":616.4}","source":"console","time":"2026-10-07T05:48:23Z"}
{"level":"info","msg":"{\"ev\":\"req\",\"route\":\"problem_list\",\"status\":200,\"t\":1791352103929,\"ms\":613.9}","source":"console","time":"2026-10-07T05:48:23Z"}
{"level":"info","msg":"{\"ev\":\"req\",\"route\":\"problem_detail\",\"status\":200,\"t\":1791352104027,\"ms\":611.7}","source":"console","time":"2026-10-07T05:48:24Z"}
{"level":"info","msg":"{\"ev\":\"req\",\"route\":\"history\",\"status\":200,\"t\":1791352104129,\"ms\":613.8}","source":"console","time":"2026-10-07T05:48:24Z"}
{"level":"info","msg":"{\"ev\":\"req\",\"route\":\"problem_list\",\"status\":200,\"t\":1791352104230,\"ms\":614.4}","source":"console","time":"2026-10-07T05:48:24Z"}
{"level":"info","msg":"{\"ev\":\"req\",\"route\":\"submit\",\"status\":200,\"t\":1791352104247,\"ms\":1668.1}","source":"console","time":"2026-10-07T05:48:24Z"}
{"level":"info","msg":"{\"ev\":\"accepted\",\"id\":\"1a140c2a-d945-47b3-bcbe-73329a8ea41d\",\"t\":1791352104247}","source":"console","time":"2026-10-07T05:48:24Z"}
{"level":"info","msg":"{\"ev\":\"req\",\"route\":\"problem_detail\",\"status\":200,\"t\":1791352104325,\"ms\":609.5}","source":"console","time":"2026-10-07T05:48:24Z"}
{"level":"info","msg":"{\"ev\":\"req\",\"route\":\"history\",\"status\":200,\"t\":1791352104426,\"ms\":611.5}","source":"console","time":"2026-10-07T05:48:24Z"}
{"level":"info","msg":"{\"ev\":\"req\",\"route\":\"problem_list\",\"status\":200,\"t\":1791352104525,\"ms\":610.2}","source":"console","time":"2026-10-07T05:48:24Z"}
{"level":"info","msg":"{\"ev\":\"req\",\"route\":\"problem_detail\",\"status\":200,\"t\":1791352104625,\"ms\":610.1}","source":"console","time":"2026-10-07T05:48:24Z"}
{"level":"info","msg":"{\"ev\":\"req\",\"route\":\"history\",\"status\":200,\"t\":1791352104727,\"ms\":611.8}","source":"console","time":"2026-10-07T05:48:24Z"}
{"level":"info","msg":"{\"ev\":\"req\",\"route\":\"problem_list\",\"status\":200,\"t\":1791352104826,\"ms\":611.2}","source":"console","time":"2026-10-07T05:48:24Z"}
{"level":"info","msg":"{\"ev\":\"req\",\"route\":\"problem_detail\",\"status\":200,\"t\":1791352104926,\"ms\":611.7}","source":"console","time":"2026-10-07T05:48:24Z"}
{"level":"info","msg":"{\"ev\":\"req\",\"route\":\"history\",\"status\":200,\"t\":1791352105030,\"ms\":615.1}","source":"console","time":"2026-10-07T05:48:25Z"}
{"level":"info","msg":"{\"ev\":\"req\",\"route\":\"problem_list\",\"status\":200,\"t\":1791352105129,\"ms\":614.2}","source":"console","time":"2026-10-07T05:48:25Z"}
{"level":"info","msg":"{\"ev\":\"req\",\"route\":\"problem_detail\",\"status\":200,\"t\":1791352105228,\"ms\":614.1}","source":"console","time":"2026-10-07T05:48:25Z"}
{"level":"info","msg":"{\"ev\":\"req\",\"route\":\"history\",\"status\":200,\"t\":1791352105331,\"ms\":616.3}","source":"console","time":"2026-10-07T05:48:25Z"}
{"level":"info","msg":"{\"ev\":\"req\",\"route\":\"problem_list\",\"status\":200,\"t\":1791352105430,\"ms\":615}","source":"console","time":"2026-10-07T05:48:25Z"}
{"level":"info","msg":"{\"ev\":\"req\",\"route\":\"problem_detail\",\"status\":200,\"t\":1791352105529,\"ms\":613.9}","source":"console","time":"2026-10-07T05:48:25Z"}
{"level":"info","msg":"{\"ev\":\"req\",\"route\":\"history\",\"status\":200,\"t\":1791352105631,\"ms\":616.2}","source":"console","time":"2026-10-07T05:48:25Z"}
{"level":"info","msg":"{\"ev\":\"req\",\"route\":\"problem_list\",\"status\":200,\"t\":1791352105729,\"ms\":614.2}","source":"console","time":"2026-10-07T05:48:25Z"}
{"level":"info","msg":"{\"ev\":\"req\",\"route\":\"problem_detail\",\"status\":200,\"t\":1791352105829,\"ms\":613.7}","source":"console","time":"2026-10-07T05:48:25Z"}
{"level":"info","msg":"{\"ev\":\"req\",\"route\":\"submit\",\"status\":200,\"t\":1791352105842,\"ms\":1595.5}","source":"console","time":"2026-10-07T05:48:25Z"}
{"level":"info","msg":"{\"ev\":\"accepted\",\"id\":\"23d900de-4c29-4abe-bcea-611a4ce55bd7\",\"t\":1791352105842}","source":"console","time":"2026-10-07T05:48:25Z"}
{"level":"info","msg":"{\"ev\":\"req\",\"route\":\"history\",\"status\":200,\"t\":1791352105927,\"ms\":611.7}","source":"console","time":"2026-10-07T05:48:25Z"}
{"level":"info","msg":"{\"ev\":\"req\",\"route\":\"problem_list\",\"status\":200,\"t\":1791352106025,\"ms\":609.9}","source":"console","time":"2026-10-07T05:48:26Z"}
{"level":"info","msg":"{\"ev\":\"req\",\"route\":\"problem_detail\",\"status\":200,\"t\":1791352106125,\"ms\":610.8}","source":"console","time":"2026-10-07T05:48:26Z"}
{"level":"info","msg":"{\"ev\":\"req\",\"route\":\"history\",\"status\":200,\"t\":1791352106226,\"ms\":611.3}","source":"console","time":"2026-10-07T05:48:26Z"}
{"level":"info","msg":"{\"ev\":\"req\",\"route\":\"problem_list\",\"status\":200,\"t\":1791352106325,\"ms\":610.4}","source":"console","time":"2026-10-07T05:48:26Z"}
{"level":"info","msg":"{\"ev\":\"req\",\"route\":\"problem_detail\",\"status\":200,\"t\":1791352106428,\"ms\":612.5}","source":"console","time":"2026-10-07T05:48:26Z"}
{"level":"info","msg":"{\"ev\":\"req\",\"route\":\"history\",\"status\":200,\"t\":1791352106533,\"ms\":618.8}","source":"console","time":"2026-10-07T05:48:26Z"}
{"level":"info","msg":"{\"ev\":\"req\",\"route\":\"problem_list\",\"status\":200,\"t\":1791352106629,\"ms\":614.3}","source":"console","time":"2026-10-07T05:48:26Z"}
{"level":"info","msg":"{\"ev\":\"req\",\"route\":\"problem_detail\",\"status\":200,\"t\":1791352106728,\"ms\":613.2}","source":"console","time":"2026-10-07T05:48:26Z"}
{"level":"info","msg":"{\"ev\":\"req\",\"route\":\"history\",\"status\":200,\"t\":1791352106832,\"ms\":616.7}","source":"console","time":"2026-10-07T05:48:26Z"}
{"level":"info","msg":"{\"ev\":\"req\",\"route\":\"problem_list\",\"status\":200,\"t\":1791352106929,\"ms\":614.2}","source":"console","time":"2026-10-07T05:48:26Z"}
{"level":"info","msg":"{\"ev\":\"req\",\"route\":\"problem_detail\",\"status\":200,\"t\":1791352107028,\"ms\":613}","source":"console","time":"2026-10-07T05:48:27Z"}
{"level":"info","msg":"{\"ev\":\"req\",\"route\":\"history\",\"status\":200,\"t\":1791352107126,\"ms\":611.3}","source":"console","time":"2026-10-07T05:48:27Z"}
{"level":"info","msg":"{\"ev\":\"req\",\"route\":\"problem_list\",\"status\":200,\"t\":1791352107229,\"ms\":614.6}","source":"console","time":"2026-10-07T05:48:27Z"}
{"level":"info","msg":"{\"ev\":\"req\",\"route\":\"problem_detail\",\"status\":200,\"t\":1791352107329,\"ms\":613.8}","source":"console","time":"2026-10-07T05:48:27Z"}
{"level":"info","msg":"{\"ev\":\"req\",\"route\":\"history\",\"status\":200,\"t\":1791352107427,\"ms\":611.7}","source":"console","time":"2026-10-07T05:48:27Z"}
{"level":"info","msg":"{\"ev\":\"req\",\"route\":\"problem_list\",\"status\":200,\"t\":1791352107530,\"ms\":615.1}","source":"console","time":"2026-10-07T05:48:27Z"}
{"level":"info","msg":"{\"ev\":\"req\",\"route\":\"submit\",\"status\":200,\"t\":1791352107549,\"ms\":1636.7}","source":"console","time":"2026-10-07T05:48:27Z"}
{"level":"info","msg":"{\"ev\":\"accepted\",\"id\":\"9a74c3b1-fcd1-4c02-90fd-4151cd40856f\",\"t\":1791352107549}","source":"console","time":"2026-10-07T05:48:27Z"}
{"level":"info","msg":"{\"ev\":\"req\",\"route\":\"problem_detail\",\"status\":200,\"t\":1791352107625,\"ms\":609.8}","source":"console","time":"2026-10-07T05:48:27Z"}
{"level":"info","msg":"{\"ev\":\"req\",\"route\":\"history\",\"status\":200,\"t\":1791352107726,\"ms\":611.5}","source":"console","time":"2026-10-07T05:48:27Z"}
{"level":"info","msg":"{\"ev\":\"req\",\"route\":\"problem_list\",\"status\":200,\"t\":1791352107826,\"ms\":611}","source":"console","time":"2026-10-07T05:48:27Z"}
{"level":"info","msg":"{\"ev\":\"req\",\"route\":\"problem_detail\",\"status\":200,\"t\":1791352107925,\"ms\":610.2}","source":"console","time":"2026-10-07T05:48:27Z"}
{"level":"info","msg":"{\"ev\":\"req\",\"route\":\"history\",\"status\":200,\"t\":1791352108026,\"ms\":611.3}","source":"console","time":"2026-10-07T05:48:28Z"}
{"level":"info","msg":"{\"ev\":\"req\",\"route\":\"problem_list\",\"status\":200,\"t\":1791352108125,\"ms\":610.1}","source":"console","time":"2026-10-07T05:48:28Z"}
{"level":"info","msg":"{\"ev\":\"req\",\"route\":\"problem_detail\",\"status\":200,\"t\":1791352108226,\"ms\":611.2}","source":"console","time":"2026-10-07T05:48:28Z"}
{"level":"info","msg":"{\"ev\":\"req\",\"route\":\"history\",\"status\":200,\"t\":1791352108330,\"ms\":614.7}","source":"console","time":"2026-10-07T05:48:28Z"}
{"level":"info","msg":"{\"ev\":\"req\",\"route\":\"problem_list\",\"status\":200,\"t\":1791352108429,\"ms\":614.3}","source":"console","time":"2026-10-07T05:48:28Z"}
{"level":"info","msg":"{\"ev\":\"req\",\"route\":\"problem_detail\",\"status\":200,\"t\":1791352108527,\"ms\":611.7}","source":"console","time":"2026-10-07T05:48:28Z"}
{"level":"info","msg":"{\"ev\":\"req\",\"route\":\"history\",\"status\":200,\"t\":1791352108631,\"ms\":615.9}","source":"console","time":"2026-10-07T05:48:28Z"}
{"level":"info","msg":"{\"ev\":\"req\",\"route\":\"problem_list\",\"status\":200,\"t\":1791352108729,\"ms\":614.6}","source":"console","time":"2026-10-07T05:48:28Z"}
{"level":"info","msg":"{\"ev\":\"req\",\"route\":\"problem_detail\",\"status\":200,\"t\":1791352108829,\"ms\":613.9}","source":"console","time":"2026-10-07T05:48:28Z"}
{"level":"info","msg":"{\"ev\":\"req\",\"route\":\"history\",\"status\":200,\"t\":1791352108932,\"ms\":617}","source":"console","time":"2026-10-07T05:48:28Z"}
{"level":"info","msg":"{\"ev\":\"req\",\"route\":\"problem_list\",\"status\":200,\"t\":1791352109026,\"ms\":611}","source":"console","time":"2026-10-07T05:48:29Z"}
{"level":"info","msg":"{\"ev\":\"req\",\"route\":\"problem_detail\",\"status\":200,\"t\":1791352109128,\"ms\":612.9}","source":"console","time":"2026-10-07T05:48:29Z"}
{"level":"info","msg":"{\"ev\":\"req\",\"route\":\"history\",\"status\":200,\"t\":1791352109230,\"ms\":615.7}","source":"console","time":"2026-10-07T05:48:29Z"}
{"level":"info","msg":"{\"ev\":\"req\",\"route\":\"submit\",\"status\":200,\"t\":1791352109235,\"ms\":1656.5}","source":"console","time":"2026-10-07T05:48:29Z"}
{"level":"info","msg":"{\"ev\":\"accepted\",\"id\":\"da8ec6c3-1ce0-4701-bcbc-42589bcc2e98\",\"t\":1791352109235}","source":"console","time":"2026-10-07T05:48:29Z"}
{"level":"info","msg":"{\"ev\":\"req\",\"route\":\"problem_list\",\"status\":200,\"t\":1791352109325,\"ms\":610.5}","source":"console","time":"2026-10-07T05:48:29Z"}
{"level":"info","msg":"{\"ev\":\"req\",\"route\":\"problem_detail\",\"status\":200,\"t\":1791352109426,\"ms\":610.9}","source":"console","time":"2026-10-07T05:48:29Z"}
{"level":"info","msg":"{\"ev\":\"req\",\"route\":\"history\",\"status\":200,\"t\":1791352109528,\"ms\":613.4}","source":"console","time":"2026-10-07T05:48:29Z"}
{"level":"info","msg":"{\"ev\":\"req\",\"route\":\"problem_list\",\"status\":200,\"t\":1791352109626,\"ms\":611.1}","source":"console","time":"2026-10-07T05:48:29Z"}
{"level":"info","msg":"{\"ev\":\"req\",\"route\":\"problem_detail\",\"status\":200,\"t\":1791352109726,\"ms\":610.6}","source":"console","time":"2026-10-07T05:48:29Z"}
{"level":"info","msg":"{\"ev\":\"req\",\"route\":\"history\",\"status\":200,\"t\":1791352109826,\"ms\":611.3}","source":"console","time":"2026-10-07T05:48:29Z"}
{"level":"info","msg":"{\"ev\":\"req\",\"route\":\"problem_list\",\"status\":200,\"t\":1791352109934,\"ms\":619.6}","source":"console","time":"2026-10-07T05:48:29Z"}
{"level":"info","msg":"{\"ev\":\"req\",\"route\":\"problem_detail\",\"status\":200,\"t\":1791352110028,\"ms\":613.1}","source":"console","time":"2026-10-07T05:48:30Z"}
{"level":"info","msg":"{\"ev\":\"req\",\"route\":\"history\",\"status\":200,\"t\":1791352110131,\"ms\":616.8}","source":"console","time":"2026-10-07T05:48:30Z"}
{"level":"info","msg":"{\"ev\":\"req\",\"route\":\"problem_list\",\"status\":200,\"t\":1791352110229,\"ms\":613.9}","source":"console","time":"2026-10-07T05:48:30Z"}
{"level":"info","msg":"{\"ev\":\"req\",\"route\":\"problem_detail\",\"status\":200,\"t\":1791352110329,\"ms\":613.3}","source":"console","time":"2026-10-07T05:48:30Z"}
{"level":"info","msg":"{\"ev\":\"req\",\"route\":\"history\",\"status\":200,\"t\":1791352110430,\"ms\":615.8}","source":"console","time":"2026-10-07T05:48:30Z"}
{"level":"info","msg":"{\"ev\":\"req\",\"route\":\"problem_list\",\"status\":200,\"t\":1791352110529,\"ms\":613.6}","source":"console","time":"2026-10-07T05:48:30Z"}
{"level":"info","msg":"{\"ev\":\"req\",\"route\":\"problem_detail\",\"status\":200,\"t\":1791352110629,\"ms\":614.6}","source":"console","time":"2026-10-07T05:48:30Z"}
{"level":"info","msg":"{\"ev\":\"req\",\"route\":\"history\",\"status\":200,\"t\":1791352110728,\"ms\":612.3}","source":"console","time":"2026-10-07T05:48:30Z"}
{"level":"info","msg":"{\"ev\":\"req\",\"route\":\"problem_list\",\"status\":200,\"t\":1791352110826,\"ms\":610.7}","source":"console","time":"2026-10-07T05:48:30Z"}
{"level":"info","msg":"{\"ev\":\"req\",\"route\":\"submit\",\"status\":200,\"t\":1791352110838,\"ms\":1592.6}","source":"console","time":"2026-10-07T05:48:30Z"}
{"level":"info","msg":"{\"ev\":\"accepted\",\"id\":\"4d89175d-511f-4fe5-9377-e6f8f920fa69\",\"t\":1791352110839}","source":"console","time":"2026-10-07T05:48:30Z"}
{"level":"info","msg":"{\"ev\":\"req\",\"route\":\"problem_detail\",\"status\":200,\"t\":1791352110925,\"ms\":609.9}","source":"console","time":"2026-10-07T05:48:30Z"}
{"level":"info","msg":"{\"ev\":\"req\",\"route\":\"history\",\"status\":200,\"t\":1791352111027,\"ms\":611.3}","source":"console","time":"2026-10-07T05:48:31Z"}
{"level":"info","msg":"{\"ev\":\"req\",\"route\":\"problem_list\",\"status\":200,\"t\":1791352111125,\"ms\":610.5}","source":"console","time":"2026-10-07T05:48:31Z"}
{"level":"info","msg":"{\"ev\":\"req\",\"route\":\"problem_detail\",\"status\":200,\"t\":1791352111225,\"ms\":610.6}","source":"console","time":"2026-10-07T05:48:31Z"}
{"level":"info","msg":"{\"ev\":\"req\",\"route\":\"history\",\"status\":200,\"t\":1791352111326,\"ms\":611.3}","source":"console","time":"2026-10-07T05:48:31Z"}
{"level":"info","msg":"{\"ev\":\"req\",\"route\":\"problem_list\",\"status\":200,\"t\":1791352111426,\"ms\":610.7}","source":"console","time":"2026-10-07T05:48:31Z"}
{"level":"info","msg":"{\"ev\":\"req\",\"route\":\"problem_detail\",\"status\":200,\"t\":1791352111527,\"ms\":611.8}","source":"console","time":"2026-10-07T05:48:31Z"}
{"level":"info","msg":"{\"ev\":\"req\",\"route\":\"problem_list\",\"status\":200,\"t\":1791352111755,\"ms\":640.2}","source":"console","time":"2026-10-07T05:48:31Z"}
{"level":"info","msg":"{\"ev\":\"req\",\"route\":\"history\",\"status\":200,\"t\":1791352111756,\"ms\":741.2}","source":"console","time":"2026-10-07T05:48:31Z"}
{"level":"info","msg":"{\"ev\":\"req\",\"route\":\"problem_detail\",\"status\":200,\"t\":1791352111826,\"ms\":611.4}","source":"console","time":"2026-10-07T05:48:31Z"}
{"level":"info","msg":"{\"ev\":\"req\",\"route\":\"history\",\"status\":200,\"t\":1791352111926,\"ms\":611.2}","source":"console","time":"2026-10-07T05:48:31Z"}
{"level":"info","msg":"{\"ev\":\"req\",\"route\":\"problem_list\",\"status\":200,\"t\":1791352112026,\"ms\":610.8}","source":"console","time":"2026-10-07T05:48:32Z"}
{"level":"info","msg":"{\"ev\":\"req\",\"route\":\"problem_detail\",\"status\":200,\"t\":1791352112129,\"ms\":612.5}","source":"console","time":"2026-10-07T05:48:32Z"}
{"level":"info","msg":"{\"ev\":\"req\",\"route\":\"history\",\"status\":200,\"t\":1791352112231,\"ms\":616.6}","source":"console","time":"2026-10-07T05:48:32Z"}
{"level":"info","msg":"{\"ev\":\"req\",\"route\":\"problem_list\",\"status\":200,\"t\":1791352112328,\"ms\":613.5}","source":"console","time":"2026-10-07T05:48:32Z"}
{"level":"info","msg":"{\"ev\":\"req\",\"route\":\"problem_detail\",\"status\":200,\"t\":1791352112428,\"ms\":613.7}","source":"console","time":"2026-10-07T05:48:32Z"}
{"level":"info","msg":"{\"ev\":\"req\",\"route\":\"history\",\"status\":200,\"t\":1791352112526,\"ms\":611.7}","source":"console","time":"2026-10-07T05:48:32Z"}
{"level":"info","msg":"{\"ev\":\"req\",\"route\":\"submit\",\"status\":200,\"t\":1791352112539,\"ms\":1627.3}","source":"console","time":"2026-10-07T05:48:32Z"}
{"level":"info","msg":"{\"ev\":\"accepted\",\"id\":\"0356b7f4-d237-4b3e-99e0-babdc54fa1d7\",\"t\":1791352112539}","source":"console","time":"2026-10-07T05:48:32Z"}
{"level":"info","msg":"{\"ev\":\"req\",\"route\":\"problem_list\",\"status\":200,\"t\":1791352112627,\"ms\":612.4}","source":"console","time":"2026-10-07T05:48:32Z"}
{"level":"info","msg":"{\"ev\":\"req\",\"route\":\"problem_detail\",\"status\":200,\"t\":1791352112727,\"ms\":613}","source":"console","time":"2026-10-07T05:48:32Z"}
{"level":"info","msg":"{\"ev\":\"req\",\"route\":\"history\",\"status\":200,\"t\":1791352112829,\"ms\":614.1}","source":"console","time":"2026-10-07T05:48:32Z"}
{"level":"info","msg":"{\"ev\":\"req\",\"route\":\"problem_list\",\"status\":200,\"t\":1791352112926,\"ms\":610.4}","source":"console","time":"2026-10-07T05:48:32Z"}
{"level":"info","msg":"{\"ev\":\"req\",\"route\":\"problem_detail\",\"status\":200,\"t\":1791352113025,\"ms\":609.6}","source":"console","time":"2026-10-07T05:48:33Z"}
{"level":"info","msg":"{\"ev\":\"req\",\"route\":\"history\",\"status\":200,\"t\":1791352113126,\"ms\":610.8}","source":"console","time":"2026-10-07T05:48:33Z"}
{"level":"info","msg":"{\"ev\":\"req\",\"route\":\"problem_list\",\"status\":200,\"t\":1791352113225,\"ms\":610.9}","source":"console","time":"2026-10-07T05:48:33Z"}
{"level":"info","msg":"{\"ev\":\"req\",\"route\":\"problem_detail\",\"status\":200,\"t\":1791352113328,\"ms\":613.2}","source":"console","time":"2026-10-07T05:48:33Z"}
{"level":"info","msg":"{\"ev\":\"req\",\"route\":\"history\",\"status\":200,\"t\":1791352113431,\"ms\":615.5}","source":"console","time":"2026-10-07T05:48:33Z"}
{"level":"info","msg":"{\"ev\":\"req\",\"route\":\"problem_list\",\"status\":200,\"t\":1791352113525,\"ms\":610.2}","source":"console","time":"2026-10-07T05:48:33Z"}
{"level":"info","msg":"{\"ev\":\"req\",\"route\":\"problem_detail\",\"status\":200,\"t\":1791352113629,\"ms\":614.3}","source":"console","time":"2026-10-07T05:48:33Z"}
{"level":"info","msg":"{\"ev\":\"req\",\"route\":\"history\",\"status\":200,\"t\":1791352113726,\"ms\":610.5}","source":"console","time":"2026-10-07T05:48:33Z"}
{"level":"info","msg":"{\"ev\":\"req\",\"route\":\"problem_list\",\"status\":200,\"t\":1791352113829,\"ms\":614.2}","source":"console","time":"2026-10-07T05:48:33Z"}
{"level":"info","msg":"{\"ev\":\"req\",\"route\":\"problem_detail\",\"status\":200,\"t\":1791352113928,\"ms\":613.7}","source":"console","time":"2026-10-07T05:48:33Z"}
{"level":"info","msg":"{\"ev\":\"req\",\"route\":\"history\",\"status\":200,\"t\":1791352114029,\"ms\":615.1}","source":"console","time":"2026-10-07T05:48:34Z"}
{"level":"info","msg":"{\"ev\":\"req\",\"route\":\"problem_list\",\"status\":200,\"t\":1791352114125,\"ms\":610.4}","source":"console","time":"2026-10-07T05:48:34Z"}
{"level":"info","msg":"{\"ev\":\"req\",\"route\":\"problem_detail\",\"status\":200,\"t\":1791352114225,\"ms\":609.4}","source":"console","time":"2026-10-07T05:48:34Z"}
{"level":"info","msg":"{\"ev\":\"req\",\"route\":\"submit\",\"status\":200,\"t\":1791352114235,\"ms\":1655.9}","source":"console","time":"2026-10-07T05:48:34Z"}
{"level":"info","msg":"{\"ev\":\"accepted\",\"id\":\"3e0b9946-b6a9-4081-9663-d7ec22f5f9df\",\"t\":1791352114235}","source":"console","time":"2026-10-07T05:48:34Z"}
{"level":"info","msg":"{\"ev\":\"req\",\"route\":\"history\",\"status\":200,\"t\":1791352114327,\"ms\":612.2}","source":"console","time":"2026-10-07T05:48:34Z"}
{"level":"info","msg":"{\"ev\":\"req\",\"route\":\"problem_list\",\"status\":200,\"t\":1791352114425,\"ms\":610.3}","source":"console","time":"2026-10-07T05:48:34Z"}
{"level":"info","msg":"{\"ev\":\"req\",\"route\":\"problem_detail\",\"status\":200,\"t\":1791352114525,\"ms\":610}","source":"console","time":"2026-10-07T05:48:34Z"}
{"level":"info","msg":"{\"ev\":\"req\",\"route\":\"history\",\"status\":200,\"t\":1791352114626,\"ms\":611.3}","source":"console","time":"2026-10-07T05:48:34Z"}
{"level":"info","msg":"{\"ev\":\"req\",\"route\":\"problem_list\",\"status\":200,\"t\":1791352114726,\"ms\":611.3}","source":"console","time":"2026-10-07T05:48:34Z"}
{"level":"info","msg":"{\"ev\":\"req\",\"route\":\"problem_detail\",\"status\":200,\"t\":1791352114826,\"ms\":611}","source":"console","time":"2026-10-07T05:48:34Z"}
{"level":"info","msg":"{\"ev\":\"req\",\"route\":\"history\",\"status\":200,\"t\":1791352114929,\"ms\":614.1}","source":"console","time":"2026-10-07T05:48:34Z"}
{"level":"info","msg":"{\"ev\":\"req\",\"route\":\"problem_list\",\"status\":200,\"t\":1791352115028,\"ms\":613.2}","source":"console","time":"2026-10-07T05:48:35Z"}
{"level":"info","msg":"{\"ev\":\"req\",\"route\":\"problem_detail\",\"status\":200,\"t\":1791352115125,\"ms\":609.8}","source":"console","time":"2026-10-07T05:48:35Z"}
{"level":"info","msg":"{\"ev\":\"req\",\"route\":\"history\",\"status\":200,\"t\":1791352115231,\"ms\":616}","source":"console","time":"2026-10-07T05:48:35Z"}
{"level":"info","msg":"{\"ev\":\"req\",\"route\":\"problem_list\",\"status\":200,\"t\":1791352115329,\"ms\":614.6}","source":"console","time":"2026-10-07T05:48:35Z"}
{"level":"info","msg":"{\"ev\":\"req\",\"route\":\"problem_detail\",\"status\":200,\"t\":1791352115429,\"ms\":614.3}","source":"console","time":"2026-10-07T05:48:35Z"}
{"level":"info","msg":"{\"ev\":\"req\",\"route\":\"history\",\"status\":200,\"t\":1791352115530,\"ms\":615.1}","source":"console","time":"2026-10-07T05:48:35Z"}
{"level":"info","msg":"{\"ev\":\"req\",\"route\":\"problem_list\",\"status\":200,\"t\":1791352115629,\"ms\":614.7}","source":"console","time":"2026-10-07T05:48:35Z"}
{"level":"info","msg":"{\"ev\":\"req\",\"route\":\"problem_detail\",\"status\":200,\"t\":1791352115729,\"ms\":614}","source":"console","time":"2026-10-07T05:48:35Z"}
{"level":"info","msg":"{\"ev\":\"req\",\"route\":\"history\",\"status\":200,\"t\":1791352115831,\"ms\":615.6}","source":"console","time":"2026-10-07T05:48:35Z"}
{"level":"info","msg":"{\"ev\":\"req\",\"route\":\"submit\",\"status\":200,\"t\":1791352115842,\"ms\":1596.1}","source":"console","time":"2026-10-07T05:48:35Z"}
{"level":"info","msg":"{\"ev\":\"accepted\",\"id\":\"ca58f5f0-fc5c-4ae2-b2c0-50f338d82614\",\"t\":1791352115842}","source":"console","time":"2026-10-07T05:48:35Z"}
{"level":"info","msg":"{\"ev\":\"req\",\"route\":\"problem_list\",\"status\":200,\"t\":1791352115928,\"ms\":613.9}","source":"console","time":"2026-10-07T05:48:35Z"}
{"level":"info","msg":"{\"ev\":\"req\",\"route\":\"problem_detail\",\"status\":200,\"t\":1791352116026,\"ms\":610.9}","source":"console","time":"2026-10-07T05:48:36Z"}
{"level":"info","msg":"{\"ev\":\"req\",\"route\":\"history\",\"status\":200,\"t\":1791352116128,\"ms\":613.3}","source":"console","time":"2026-10-07T05:48:36Z"}
{"level":"info","msg":"{\"ev\":\"req\",\"route\":\"problem_list\",\"status\":200,\"t\":1791352116226,\"ms\":611.4}","source":"console","time":"2026-10-07T05:48:36Z"}
{"level":"info","msg":"{\"ev\":\"req\",\"route\":\"problem_detail\",\"status\":200,\"t\":1791352116325,\"ms\":610.7}","source":"console","time":"2026-10-07T05:48:36Z"}
{"level":"info","msg":"{\"ev\":\"req\",\"route\":\"history\",\"status\":200,\"t\":1791352116426,\"ms\":611.7}","source":"console","time":"2026-10-07T05:48:36Z"}
{"level":"info","msg":"{\"ev\":\"req\",\"route\":\"problem_list\",\"status\":200,\"t\":1791352116526,\"ms\":610.9}","source":"console","time":"2026-10-07T05:48:36Z"}
{"level":"info","msg":"{\"ev\":\"req\",\"route\":\"problem_detail\",\"status\":200,\"t\":1791352116627,\"ms\":612.1}","source":"console","time":"2026-10-07T05:48:36Z"}
{"level":"info","msg":"{\"ev\":\"req\",\"route\":\"history\",\"status\":200,\"t\":1791352116731,\"ms\":616.7}","source":"console","time":"2026-10-07T05:48:36Z"}
{"level":"info","msg":"{\"ev\":\"req\",\"route\":\"problem_list\",\"status\":200,\"t\":1791352116830,\"ms\":615.2}","source":"console","time":"2026-10-07T05:48:36Z"}
{"level":"info","msg":"{\"ev\":\"req\",\"route\":\"problem_detail\",\"status\":200,\"t\":1791352116928,\"ms\":613.4}","source":"console","time":"2026-10-07T05:48:36Z"}
{"level":"info","msg":"{\"ev\":\"req\",\"route\":\"history\",\"status\":200,\"t\":1791352117032,\"ms\":616.7}","source":"console","time":"2026-10-07T05:48:37Z"}
{"level":"info","msg":"{\"ev\":\"req\",\"route\":\"problem_list\",\"status\":200,\"t\":1791352117129,\"ms\":614}","source":"console","time":"2026-10-07T05:48:37Z"}
{"level":"info","msg":"{\"ev\":\"req\",\"route\":\"problem_detail\",\"status\":200,\"t\":1791352117229,\"ms\":613.2}","source":"console","time":"2026-10-07T05:48:37Z"}
{"level":"info","msg":"{\"ev\":\"req\",\"route\":\"history\",\"status\":200,\"t\":1791352117330,\"ms\":614.8}","source":"console","time":"2026-10-07T05:48:37Z"}
{"level":"info","msg":"{\"ev\":\"req\",\"route\":\"problem_list\",\"status\":200,\"t\":1791352117428,\"ms\":612.6}","source":"console","time":"2026-10-07T05:48:37Z"}
{"level":"info","msg":"{\"ev\":\"req\",\"route\":\"problem_detail\",\"status\":200,\"t\":1791352117525,\"ms\":610.4}","source":"console","time":"2026-10-07T05:48:37Z"}
{"level":"info","msg":"{\"ev\":\"req\",\"route\":\"submit\",\"status\":200,\"t\":1791352117534,\"ms\":1621.1}","source":"console","time":"2026-10-07T05:48:37Z"}
{"level":"info","msg":"{\"ev\":\"accepted\",\"id\":\"7b131ec8-a7b2-4474-8b6e-4cdf4c9537e2\",\"t\":1791352117534}","source":"console","time":"2026-10-07T05:48:37Z"}
{"level":"info","msg":"{\"ev\":\"req\",\"route\":\"history\",\"status\":200,\"t\":1791352117626,\"ms\":611.1}","source":"console","time":"2026-10-07T05:48:37Z"}
{"level":"info","msg":"{\"ev\":\"req\",\"route\":\"problem_list\",\"status\":200,\"t\":1791352117726,\"ms\":610.8}","source":"console","time":"2026-10-07T05:48:37Z"}
{"level":"info","msg":"{\"ev\":\"req\",\"route\":\"problem_detail\",\"status\":200,\"t\":1791352117825,\"ms\":610.7}","source":"console","time":"2026-10-07T05:48:37Z"}
{"level":"info","msg":"{\"ev\":\"req\",\"route\":\"history\",\"status\":200,\"t\":1791352117925,\"ms\":610.6}","source":"console","time":"2026-10-07T05:48:37Z"}
{"level":"info","msg":"{\"ev\":\"req\",\"route\":\"problem_list\",\"status\":200,\"t\":1791352118025,\"ms\":610.2}","source":"console","time":"2026-10-07T05:48:38Z"}
{"level":"info","msg":"{\"ev\":\"req\",\"route\":\"problem_detail\",\"status\":200,\"t\":1791352118125,\"ms\":610.1}","source":"console","time":"2026-10-07T05:48:38Z"}
{"level":"info","msg":"{\"ev\":\"req\",\"route\":\"history\",\"status\":200,\"t\":1791352118227,\"ms\":612.6}","source":"console","time":"2026-10-07T05:48:38Z"}
{"level":"info","msg":"{\"ev\":\"req\",\"route\":\"problem_list\",\"status\":200,\"t\":1791352118325,\"ms\":610.2}","source":"console","time":"2026-10-07T05:48:38Z"}
{"level":"info","msg":"{\"ev\":\"req\",\"route\":\"problem_detail\",\"status\":200,\"t\":1791352118429,\"ms\":613.5}","source":"console","time":"2026-10-07T05:48:38Z"}
{"level":"info","msg":"{\"ev\":\"req\",\"route\":\"history\",\"status\":200,\"t\":1791352118532,\"ms\":617.2}","source":"console","time":"2026-10-07T05:48:38Z"}
{"level":"info","msg":"{\"ev\":\"req\",\"route\":\"problem_list\",\"status\":200,\"t\":1791352118629,\"ms\":614.4}","source":"console","time":"2026-10-07T05:48:38Z"}
{"level":"info","msg":"{\"ev\":\"req\",\"route\":\"problem_detail\",\"status\":200,\"t\":1791352118728,\"ms\":613.6}","source":"console","time":"2026-10-07T05:48:38Z"}
{"level":"info","msg":"{\"ev\":\"req\",\"route\":\"history\",\"status\":200,\"t\":1791352118832,\"ms\":616.7}","source":"console","time":"2026-10-07T05:48:38Z"}
{"level":"info","msg":"{\"ev\":\"req\",\"route\":\"problem_list\",\"status\":200,\"t\":1791352118929,\"ms\":614.7}","source":"console","time":"2026-10-07T05:48:38Z"}
{"level":"info","msg":"{\"ev\":\"req\",\"route\":\"problem_detail\",\"status\":200,\"t\":1791352119028,\"ms\":613.3}","source":"console","time":"2026-10-07T05:48:39Z"}
{"level":"info","msg":"{\"ev\":\"req\",\"route\":\"history\",\"status\":200,\"t\":1791352119131,\"ms\":616.2}","source":"console","time":"2026-10-07T05:48:39Z"}
{"level":"info","msg":"{\"ev\":\"req\",\"route\":\"problem_list\",\"status\":200,\"t\":1791352119229,\"ms\":613.9}","source":"console","time":"2026-10-07T05:48:39Z"}
{"level":"info","msg":"{\"ev\":\"req\",\"route\":\"submit\",\"status\":200,\"t\":1791352119242,\"ms\":1662.7}","source":"console","time":"2026-10-07T05:48:39Z"}
{"level":"info","msg":"{\"ev\":\"accepted\",\"id\":\"b79d9533-0b2f-4827-89a9-3c82eb29568b\",\"t\":1791352119242}","source":"console","time":"2026-10-07T05:48:39Z"}
{"level":"info","msg":"{\"ev\":\"req\",\"route\":\"problem_detail\",\"status\":200,\"t\":1791352119329,\"ms\":614.6}","source":"console","time":"2026-10-07T05:48:39Z"}
{"level":"info","msg":"{\"ev\":\"req\",\"route\":\"history\",\"status\":200,\"t\":1791352119429,\"ms\":614.1}","source":"console","time":"2026-10-07T05:48:39Z"}
{"level":"info","msg":"{\"ev\":\"req\",\"route\":\"problem_list\",\"status\":200,\"t\":1791352119527,\"ms\":611.2}","source":"console","time":"2026-10-07T05:48:39Z"}
{"level":"info","msg":"{\"ev\":\"req\",\"route\":\"problem_detail\",\"status\":200,\"t\":1791352119626,\"ms\":610.8}","source":"console","time":"2026-10-07T05:48:39Z"}
{"level":"info","msg":"{\"ev\":\"req\",\"route\":\"history\",\"status\":200,\"t\":1791352119726,\"ms\":611}","source":"console","time":"2026-10-07T05:48:39Z"}
{"level":"info","msg":"{\"ev\":\"req\",\"route\":\"problem_list\",\"status\":200,\"t\":1791352119825,\"ms\":610.7}","source":"console","time":"2026-10-07T05:48:39Z"}
{"level":"info","msg":"{\"ev\":\"req\",\"route\":\"problem_detail\",\"status\":200,\"t\":1791352119925,\"ms\":610.4}","source":"console","time":"2026-10-07T05:48:39Z"}
{"level":"info","msg":"{\"ev\":\"req\",\"route\":\"history\",\"status\":200,\"t\":1791352120026,\"ms\":612}","source":"console","time":"2026-10-07T05:48:40Z"}
{"level":"info","msg":"{\"ev\":\"req\",\"route\":\"problem_list\",\"status\":200,\"t\":1791352120130,\"ms\":614.9}","source":"console","time":"2026-10-07T05:48:40Z"}
{"level":"info","msg":"{\"ev\":\"req\",\"route\":\"problem_detail\",\"status\":200,\"t\":1791352120227,\"ms\":612.1}","source":"console","time":"2026-10-07T05:48:40Z"}
{"level":"info","msg":"{\"ev\":\"req\",\"route\":\"history\",\"status\":200,\"t\":1791352120330,\"ms\":615.6}","source":"console","time":"2026-10-07T05:48:40Z"}
{"level":"info","msg":"{\"ev\":\"req\",\"route\":\"problem_list\",\"status\":200,\"t\":1791352120430,\"ms\":615.3}","source":"console","time":"2026-10-07T05:48:40Z"}
{"level":"info","msg":"{\"ev\":\"req\",\"route\":\"problem_detail\",\"status\":200,\"t\":1791352120528,\"ms\":613.7}","source":"console","time":"2026-10-07T05:48:40Z"}
{"level":"info","msg":"{\"ev\":\"req\",\"route\":\"history\",\"status\":200,\"t\":1791352120631,\"ms\":615.5}","source":"console","time":"2026-10-07T05:48:40Z"}
{"level":"info","msg":"{\"ev\":\"req\",\"route\":\"problem_list\",\"status\":200,\"t\":1791352120729,\"ms\":613.6}","source":"console","time":"2026-10-07T05:48:40Z"}
{"level":"info","msg":"{\"ev\":\"req\",\"route\":\"problem_detail\",\"status\":200,\"t\":1791352120828,\"ms\":613.3}","source":"console","time":"2026-10-07T05:48:40Z"}
{"level":"info","msg":"{\"ev\":\"req\",\"route\":\"submit\",\"status\":200,\"t\":1791352120843,\"ms\":1596.6}","source":"console","time":"2026-10-07T05:48:40Z"}
{"level":"info","msg":"{\"ev\":\"accepted\",\"id\":\"b6c0817d-3b2f-47d3-b01b-e28124307147\",\"t\":1791352120843}","source":"console","time":"2026-10-07T05:48:40Z"}
{"level":"info","msg":"{\"ev\":\"req\",\"route\":\"history\",\"status\":200,\"t\":1791352120927,\"ms\":611.8}","source":"console","time":"2026-10-07T05:48:40Z"}
{"level":"info","msg":"{\"ev\":\"req\",\"route\":\"problem_list\",\"status\":200,\"t\":1791352121025,\"ms\":609.9}","source":"console","time":"2026-10-07T05:48:41Z"}
{"level":"info","msg":"{\"ev\":\"req\",\"route\":\"problem_detail\",\"status\":200,\"t\":1791352121125,\"ms\":610.2}","source":"console","time":"2026-10-07T05:48:41Z"}
{"level":"info","msg":"{\"ev\":\"req\",\"route\":\"history\",\"status\":200,\"t\":1791352121227,\"ms\":612.2}","source":"console","time":"2026-10-07T05:48:41Z"}
{"level":"info","msg":"{\"ev\":\"req\",\"route\":\"problem_list\",\"status\":200,\"t\":1791352121325,\"ms\":610}","source":"console","time":"2026-10-07T05:48:41Z"}
{"level":"info","msg":"{\"ev\":\"req\",\"route\":\"problem_detail\",\"status\":200,\"t\":1791352121425,\"ms\":609.6}","source":"console","time":"2026-10-07T05:48:41Z"}
{"level":"info","msg":"{\"ev\":\"req\",\"route\":\"history\",\"status\":200,\"t\":1791352121527,\"ms\":612.3}","source":"console","time":"2026-10-07T05:48:41Z"}
{"level":"info","msg":"{\"ev\":\"req\",\"route\":\"problem_list\",\"status\":200,\"t\":1791352121628,\"ms\":612.9}","source":"console","time":"2026-10-07T05:48:41Z"}
{"level":"info","msg":"{\"ev\":\"req\",\"route\":\"problem_detail\",\"status\":200,\"t\":1791352121728,\"ms\":613.8}","source":"console","time":"2026-10-07T05:48:41Z"}
{"level":"info","msg":"{\"ev\":\"req\",\"route\":\"history\",\"status\":200,\"t\":1791352121831,\"ms\":616.1}","source":"console","time":"2026-10-07T05:48:41Z"}
{"level":"info","msg":"{\"ev\":\"req\",\"route\":\"problem_list\",\"status\":200,\"t\":1791352121928,\"ms\":612.9}","source":"console","time":"2026-10-07T05:48:41Z"}
{"level":"info","msg":"{\"ev\":\"req\",\"route\":\"problem_detail\",\"status\":200,\"t\":1791352122028,\"ms\":613.7}","source":"console","time":"2026-10-07T05:48:42Z"}
{"level":"info","msg":"{\"ev\":\"req\",\"route\":\"history\",\"status\":200,\"t\":1791352122130,\"ms\":615.3}","source":"console","time":"2026-10-07T05:48:42Z"}
{"level":"info","msg":"{\"ev\":\"req\",\"route\":\"problem_list\",\"status\":200,\"t\":1791352122229,\"ms\":613.8}","source":"console","time":"2026-10-07T05:48:42Z"}
{"level":"info","msg":"{\"ev\":\"req\",\"route\":\"problem_detail\",\"status\":200,\"t\":1791352122329,\"ms\":613.7}","source":"console","time":"2026-10-07T05:48:42Z"}
{"level":"info","msg":"{\"ev\":\"req\",\"route\":\"history\",\"status\":200,\"t\":1791352122426,\"ms\":610.4}","source":"console","time":"2026-10-07T05:48:42Z"}
{"level":"info","msg":"{\"ev\":\"req\",\"route\":\"problem_list\",\"status\":200,\"t\":1791352122525,\"ms\":609.7}","source":"console","time":"2026-10-07T05:48:42Z"}
{"level":"info","msg":"{\"ev\":\"req\",\"route\":\"submit\",\"status\":200,\"t\":1791352122535,\"ms\":1622.7}","source":"console","time":"2026-10-07T05:48:42Z"}
{"level":"info","msg":"{\"ev\":\"accepted\",\"id\":\"df967d0f-0f5a-49d3-91ed-5efcdac7f870\",\"t\":1791352122535}","source":"console","time":"2026-10-07T05:48:42Z"}
{"level":"info","msg":"{\"ev\":\"req\",\"route\":\"problem_detail\",\"status\":200,\"t\":1791352122632,\"ms\":616.9}","source":"console","time":"2026-10-07T05:48:42Z"}
{"level":"info","msg":"{\"ev\":\"req\",\"route\":\"history\",\"status\":200,\"t\":1791352122729,\"ms\":614.5}","source":"console","time":"2026-10-07T05:48:42Z"}
{"level":"info","msg":"{\"ev\":\"req\",\"route\":\"problem_list\",\"status\":200,\"t\":1791352122828,\"ms\":613}","source":"console","time":"2026-10-07T05:48:42Z"}
{"level":"info","msg":"{\"ev\":\"req\",\"route\":\"problem_detail\",\"status\":200,\"t\":1791352122927,\"ms\":612.1}","source":"console","time":"2026-10-07T05:48:42Z"}
{"level":"info","msg":"{\"ev\":\"req\",\"route\":\"history\",\"status\":200,\"t\":1791352123028,\"ms\":613.5}","source":"console","time":"2026-10-07T05:48:43Z"}
{"level":"info","msg":"{\"ev\":\"req\",\"route\":\"problem_list\",\"status\":200,\"t\":1791352123125,\"ms\":610.3}","source":"console","time":"2026-10-07T05:48:43Z"}
{"level":"info","msg":"{\"ev\":\"req\",\"route\":\"problem_detail\",\"status\":200,\"t\":1791352123226,\"ms\":611.3}","source":"console","time":"2026-10-07T05:48:43Z"}
{"level":"info","msg":"{\"ev\":\"req\",\"route\":\"history\",\"status\":200,\"t\":1791352123326,\"ms\":611}","source":"console","time":"2026-10-07T05:48:43Z"}
{"level":"info","msg":"{\"ev\":\"req\",\"route\":\"problem_list\",\"status\":200,\"t\":1791352123428,\"ms\":613.9}","source":"console","time":"2026-10-07T05:48:43Z"}
{"level":"info","msg":"{\"ev\":\"req\",\"route\":\"problem_detail\",\"status\":200,\"t\":1791352123528,\"ms\":612.8}","source":"console","time":"2026-10-07T05:48:43Z"}
{"level":"info","msg":"{\"ev\":\"req\",\"route\":\"history\",\"status\":200,\"t\":1791352123631,\"ms\":615.5}","source":"console","time":"2026-10-07T05:48:43Z"}
{"level":"info","msg":"{\"ev\":\"req\",\"route\":\"problem_list\",\"status\":200,\"t\":1791352123728,\"ms\":613.1}","source":"console","time":"2026-10-07T05:48:43Z"}
{"level":"info","msg":"{\"ev\":\"req\",\"route\":\"problem_detail\",\"status\":200,\"t\":1791352123828,\"ms\":613.6}","source":"console","time":"2026-10-07T05:48:43Z"}
{"level":"info","msg":"{\"ev\":\"req\",\"route\":\"history\",\"status\":200,\"t\":1791352123931,\"ms\":616}","source":"console","time":"2026-10-07T05:48:43Z"}
{"level":"info","msg":"{\"ev\":\"req\",\"route\":\"problem_list\",\"status\":200,\"t\":1791352124025,\"ms\":610.1}","source":"console","time":"2026-10-07T05:48:44Z"}
{"level":"info","msg":"{\"ev\":\"req\",\"route\":\"problem_detail\",\"status\":200,\"t\":1791352124129,\"ms\":613.6}","source":"console","time":"2026-10-07T05:48:44Z"}
{"level":"info","msg":"{\"ev\":\"req\",\"route\":\"history\",\"status\":200,\"t\":1791352124230,\"ms\":614.9}","source":"console","time":"2026-10-07T05:48:44Z"}
{"level":"info","msg":"{\"ev\":\"req\",\"route\":\"submit\",\"status\":200,\"t\":1791352124239,\"ms\":1659.5}","source":"console","time":"2026-10-07T05:48:44Z"}
{"level":"info","msg":"{\"ev\":\"accepted\",\"id\":\"0d0ccb69-148f-4f87-982a-e9293b707dcc\",\"t\":1791352124239}","source":"console","time":"2026-10-07T05:48:44Z"}
{"level":"info","msg":"{\"ev\":\"req\",\"route\":\"problem_list\",\"status\":200,\"t\":1791352124325,\"ms\":610}","source":"console","time":"2026-10-07T05:48:44Z"}
{"level":"info","msg":"{\"ev\":\"req\",\"route\":\"problem_detail\",\"status\":200,\"t\":1791352124425,\"ms\":610.3}","source":"console","time":"2026-10-07T05:48:44Z"}
{"level":"info","msg":"{\"ev\":\"req\",\"route\":\"history\",\"status\":200,\"t\":1791352124527,\"ms\":611.3}","source":"console","time":"2026-10-07T05:48:44Z"}
{"level":"info","msg":"{\"ev\":\"req\",\"route\":\"problem_list\",\"status\":200,\"t\":1791352124626,\"ms\":610.4}","source":"console","time":"2026-10-07T05:48:44Z"}
{"level":"info","msg":"{\"ev\":\"req\",\"route\":\"problem_detail\",\"status\":200,\"t\":1791352124726,\"ms\":610.3}","source":"console","time":"2026-10-07T05:48:44Z"}
{"level":"info","msg":"{\"ev\":\"req\",\"route\":\"history\",\"status\":200,\"t\":1791352124826,\"ms\":611.3}","source":"console","time":"2026-10-07T05:48:44Z"}
{"level":"info","msg":"{\"ev\":\"req\",\"route\":\"problem_list\",\"status\":200,\"t\":1791352124928,\"ms\":613}","source":"console","time":"2026-10-07T05:48:44Z"}
{"level":"info","msg":"{\"ev\":\"req\",\"route\":\"problem_detail\",\"status\":200,\"t\":1791352125028,\"ms\":612.9}","source":"console","time":"2026-10-07T05:48:45Z"}
{"level":"info","msg":"{\"ev\":\"req\",\"route\":\"history\",\"status\":200,\"t\":1791352125132,\"ms\":617.1}","source":"console","time":"2026-10-07T05:48:45Z"}
{"level":"info","msg":"{\"ev\":\"req\",\"route\":\"problem_list\",\"status\":200,\"t\":1791352125229,\"ms\":613.7}","source":"console","time":"2026-10-07T05:48:45Z"}
{"level":"info","msg":"{\"ev\":\"req\",\"route\":\"problem_detail\",\"status\":200,\"t\":1791352125329,\"ms\":614.5}","source":"console","time":"2026-10-07T05:48:45Z"}
{"level":"info","msg":"{\"ev\":\"req\",\"route\":\"history\",\"status\":200,\"t\":1791352125430,\"ms\":616}","source":"console","time":"2026-10-07T05:48:45Z"}
{"level":"info","msg":"{\"ev\":\"req\",\"route\":\"problem_list\",\"status\":200,\"t\":1791352125526,\"ms\":610.9}","source":"console","time":"2026-10-07T05:48:45Z"}
{"level":"info","msg":"{\"ev\":\"req\",\"route\":\"problem_detail\",\"status\":200,\"t\":1791352125629,\"ms\":614.3}","source":"console","time":"2026-10-07T05:48:45Z"}
{"level":"info","msg":"{\"ev\":\"req\",\"route\":\"history\",\"status\":200,\"t\":1791352125726,\"ms\":611.4}","source":"console","time":"2026-10-07T05:48:45Z"}
{"level":"info","msg":"{\"ev\":\"req\",\"route\":\"problem_list\",\"status\":200,\"t\":1791352125829,\"ms\":613.9}","source":"console","time":"2026-10-07T05:48:45Z"}
{"level":"info","msg":"{\"ev\":\"req\",\"route\":\"submit\",\"status\":200,\"t\":1791352125841,\"ms\":1594.9}","source":"console","time":"2026-10-07T05:48:45Z"}
{"level":"info","msg":"{\"ev\":\"accepted\",\"id\":\"829cc0a2-c62d-4b56-bdd3-f05e90bf84fb\",\"t\":1791352125841}","source":"console","time":"2026-10-07T05:48:45Z"}
{"level":"info","msg":"{\"ev\":\"req\",\"route\":\"problem_detail\",\"status\":200,\"t\":1791352125926,\"ms\":611.4}","source":"console","time":"2026-10-07T05:48:45Z"}
{"level":"info","msg":"{\"ev\":\"req\",\"route\":\"history\",\"status\":200,\"t\":1791352126028,\"ms\":612.8}","source":"console","time":"2026-10-07T05:48:46Z"}
{"level":"info","msg":"{\"ev\":\"req\",\"route\":\"problem_list\",\"status\":200,\"t\":1791352126126,\"ms\":611}","source":"console","time":"2026-10-07T05:48:46Z"}
{"level":"info","msg":"{\"ev\":\"req\",\"route\":\"problem_detail\",\"status\":200,\"t\":1791352126225,\"ms\":609.3}","source":"console","time":"2026-10-07T05:48:46Z"}
{"level":"info","msg":"{\"ev\":\"req\",\"route\":\"history\",\"status\":200,\"t\":1791352126326,\"ms\":611.6}","source":"console","time":"2026-10-07T05:48:46Z"}
{"level":"info","msg":"{\"ev\":\"req\",\"route\":\"problem_list\",\"status\":200,\"t\":1791352126425,\"ms\":610.1}","source":"console","time":"2026-10-07T05:48:46Z"}
{"level":"info","msg":"{\"ev\":\"req\",\"route\":\"problem_detail\",\"status\":200,\"t\":1791352126528,\"ms\":613.7}","source":"console","time":"2026-10-07T05:48:46Z"}
{"level":"info","msg":"{\"ev\":\"req\",\"route\":\"history\",\"status\":200,\"t\":1791352126632,\"ms\":616.5}","source":"console","time":"2026-10-07T05:48:46Z"}
{"level":"info","msg":"{\"ev\":\"req\",\"route\":\"problem_list\",\"status\":200,\"t\":1791352126730,\"ms\":614.7}","source":"console","time":"2026-10-07T05:48:46Z"}
{"level":"info","msg":"{\"ev\":\"req\",\"route\":\"problem_detail\",\"status\":200,\"t\":1791352126828,\"ms\":613.6}","source":"console","time":"2026-10-07T05:48:46Z"}
{"level":"info","msg":"{\"ev\":\"req\",\"route\":\"history\",\"status\":200,\"t\":1791352126932,\"ms\":617.9}","source":"console","time":"2026-10-07T05:48:46Z"}
{"level":"info","msg":"{\"ev\":\"req\",\"route\":\"problem_list\",\"status\":200,\"t\":1791352127029,\"ms\":614.4}","source":"console","time":"2026-10-07T05:48:47Z"}
{"level":"info","msg":"{\"ev\":\"req\",\"route\":\"problem_detail\",\"status\":200,\"t\":1791352127129,\"ms\":614}","source":"console","time":"2026-10-07T05:48:47Z"}
{"level":"info","msg":"{\"ev\":\"req\",\"route\":\"history\",\"status\":200,\"t\":1791352127230,\"ms\":614.8}","source":"console","time":"2026-10-07T05:48:47Z"}
{"level":"info","msg":"{\"ev\":\"req\",\"route\":\"problem_list\",\"status\":200,\"t\":1791352127329,\"ms\":614.3}","source":"console","time":"2026-10-07T05:48:47Z"}
{"level":"info","msg":"{\"ev\":\"req\",\"route\":\"problem_detail\",\"status\":200,\"t\":1791352127425,\"ms\":609.9}","source":"console","time":"2026-10-07T05:48:47Z"}
{"level":"info","msg":"{\"ev\":\"req\",\"route\":\"history\",\"status\":200,\"t\":1791352127530,\"ms\":614.4}","source":"console","time":"2026-10-07T05:48:47Z"}
{"level":"info","msg":"{\"ev\":\"req\",\"route\":\"submit\",\"status\":200,\"t\":1791352127542,\"ms\":1628.8}","source":"console","time":"2026-10-07T05:48:47Z"}
{"level":"info","msg":"{\"ev\":\"accepted\",\"id\":\"977b91ce-4981-4a7d-8e0d-6e89f231a2d2\",\"t\":1791352127542}","source":"console","time":"2026-10-07T05:48:47Z"}
{"level":"info","msg":"{\"ev\":\"req\",\"route\":\"problem_list\",\"status\":200,\"t\":1791352127626,\"ms\":611.2}","source":"console","time":"2026-10-07T05:48:47Z"}
{"level":"info","msg":"{\"ev\":\"req\",\"route\":\"problem_detail\",\"status\":200,\"t\":1791352127725,\"ms\":609.8}","source":"console","time":"2026-10-07T05:48:47Z"}
{"level":"info","msg":"{\"ev\":\"req\",\"route\":\"history\",\"status\":200,\"t\":1791352127826,\"ms\":610.8}","source":"console","time":"2026-10-07T05:48:47Z"}
{"level":"info","msg":"{\"ev\":\"req\",\"route\":\"problem_list\",\"status\":200,\"t\":1791352127925,\"ms\":609.6}","source":"console","time":"2026-10-07T05:48:47Z"}
{"level":"info","msg":"{\"ev\":\"req\",\"route\":\"problem_detail\",\"status\":200,\"t\":1791352128025,\"ms\":610.5}","source":"console","time":"2026-10-07T05:48:48Z"}
{"level":"info","msg":"{\"ev\":\"req\",\"route\":\"history\",\"status\":200,\"t\":1791352128127,\"ms\":611.9}","source":"console","time":"2026-10-07T05:48:48Z"}
{"level":"info","msg":"{\"ev\":\"req\",\"route\":\"problem_list\",\"status\":200,\"t\":1791352128226,\"ms\":611.5}","source":"console","time":"2026-10-07T05:48:48Z"}
{"level":"info","msg":"{\"ev\":\"req\",\"route\":\"problem_detail\",\"status\":200,\"t\":1791352128328,\"ms\":613.2}","source":"console","time":"2026-10-07T05:48:48Z"}
{"level":"info","msg":"{\"ev\":\"req\",\"route\":\"history\",\"status\":200,\"t\":1791352128430,\"ms\":615.6}","source":"console","time":"2026-10-07T05:48:48Z"}
{"level":"info","msg":"{\"ev\":\"req\",\"route\":\"problem_list\",\"status\":200,\"t\":1791352128526,\"ms\":611.4}","source":"console","time":"2026-10-07T05:48:48Z"}
{"level":"info","msg":"{\"ev\":\"req\",\"route\":\"problem_detail\",\"status\":200,\"t\":1791352128628,\"ms\":613.3}","source":"console","time":"2026-10-07T05:48:48Z"}
{"level":"info","msg":"{\"ev\":\"req\",\"route\":\"history\",\"status\":200,\"t\":1791352128732,\"ms\":617.1}","source":"console","time":"2026-10-07T05:48:48Z"}
{"level":"info","msg":"{\"ev\":\"req\",\"route\":\"problem_list\",\"status\":200,\"t\":1791352128824,\"ms\":609.3}","source":"console","time":"2026-10-07T05:48:48Z"}
{"level":"info","msg":"{\"ev\":\"req\",\"route\":\"problem_detail\",\"status\":200,\"t\":1791352128928,\"ms\":613.1}","source":"console","time":"2026-10-07T05:48:48Z"}
{"level":"info","msg":"{\"ev\":\"req\",\"route\":\"history\",\"status\":200,\"t\":1791352129027,\"ms\":611.7}","source":"console","time":"2026-10-07T05:48:49Z"}
{"level":"info","msg":"{\"ev\":\"req\",\"route\":\"problem_list\",\"status\":200,\"t\":1791352129129,\"ms\":613.5}","source":"console","time":"2026-10-07T05:48:49Z"}
{"level":"info","msg":"{\"ev\":\"req\",\"route\":\"problem_detail\",\"status\":200,\"t\":1791352129228,\"ms\":613.5}","source":"console","time":"2026-10-07T05:48:49Z"}
{"level":"info","msg":"{\"ev\":\"req\",\"route\":\"submit\",\"status\":200,\"t\":1791352129236,\"ms\":1656.9}","source":"console","time":"2026-10-07T05:48:49Z"}
{"level":"info","msg":"{\"ev\":\"accepted\",\"id\":\"b85b41b6-e1b8-4edd-ab16-5c0c3c98fa40\",\"t\":1791352129237}","source":"console","time":"2026-10-07T05:48:49Z"}
{"level":"info","msg":"{\"ev\":\"req\",\"route\":\"history\",\"status\":200,\"t\":1791352129328,\"ms\":613.7}","source":"console","time":"2026-10-07T05:48:49Z"}
{"level":"info","msg":"{\"ev\":\"req\",\"route\":\"problem_list\",\"status\":200,\"t\":1791352129425,\"ms\":610.6}","source":"console","time":"2026-10-07T05:48:49Z"}
{"level":"info","msg":"{\"ev\":\"req\",\"route\":\"problem_detail\",\"status\":200,\"t\":1791352129525,\"ms\":610.9}","source":"console","time":"2026-10-07T05:48:49Z"}
{"level":"info","msg":"{\"ev\":\"req\",\"route\":\"history\",\"status\":200,\"t\":1791352129628,\"ms\":612.6}","source":"console","time":"2026-10-07T05:48:49Z"}
{"level":"info","msg":"{\"ev\":\"req\",\"route\":\"problem_list\",\"status\":200,\"t\":1791352129726,\"ms\":610.8}","source":"console","time":"2026-10-07T05:48:49Z"}
{"level":"info","msg":"{\"ev\":\"req\",\"route\":\"problem_detail\",\"status\":200,\"t\":1791352129828,\"ms\":613.1}","source":"console","time":"2026-10-07T05:48:49Z"}
{"level":"info","msg":"{\"ev\":\"req\",\"route\":\"history\",\"status\":200,\"t\":1791352129931,\"ms\":615.8}","source":"console","time":"2026-10-07T05:48:49Z"}
{"level":"info","msg":"{\"ev\":\"req\",\"route\":\"problem_list\",\"status\":200,\"t\":1791352130030,\"ms\":615.2}","source":"console","time":"2026-10-07T05:48:50Z"}
{"level":"info","msg":"{\"ev\":\"req\",\"route\":\"problem_detail\",\"status\":200,\"t\":1791352130127,\"ms\":612.8}","source":"console","time":"2026-10-07T05:48:50Z"}
{"level":"info","msg":"{\"ev\":\"req\",\"route\":\"history\",\"status\":200,\"t\":1791352130230,\"ms\":615}","source":"console","time":"2026-10-07T05:48:50Z"}
{"level":"info","msg":"{\"ev\":\"req\",\"route\":\"problem_list\",\"status\":200,\"t\":1791352130329,\"ms\":613.7}","source":"console","time":"2026-10-07T05:48:50Z"}
{"level":"info","msg":"{\"ev\":\"req\",\"route\":\"problem_detail\",\"status\":200,\"t\":1791352130429,\"ms\":614}","source":"console","time":"2026-10-07T05:48:50Z"}
{"level":"info","msg":"{\"ev\":\"req\",\"route\":\"history\",\"status\":200,\"t\":1791352130533,\"ms\":618.3}","source":"console","time":"2026-10-07T05:48:50Z"}
{"level":"info","msg":"{\"ev\":\"req\",\"route\":\"problem_list\",\"status\":200,\"t\":1791352130630,\"ms\":614.6}","source":"console","time":"2026-10-07T05:48:50Z"}
{"level":"info","msg":"{\"ev\":\"req\",\"route\":\"problem_detail\",\"status\":200,\"t\":1791352130729,\"ms\":613.7}","source":"console","time":"2026-10-07T05:48:50Z"}
{"level":"info","msg":"{\"ev\":\"req\",\"route\":\"history\",\"status\":200,\"t\":1791352130833,\"ms\":618.1}","source":"console","time":"2026-10-07T05:48:50Z"}
{"level":"info","msg":"{\"ev\":\"req\",\"route\":\"submit\",\"status\":200,\"t\":1791352130847,\"ms\":1600.8}","source":"console","time":"2026-10-07T05:48:50Z"}
{"level":"info","msg":"{\"ev\":\"accepted\",\"id\":\"23f7c83e-a7b7-4942-88d6-d1c7117d5e56\",\"t\":1791352130847}","source":"console","time":"2026-10-07T05:48:50Z"}
{"level":"info","msg":"{\"ev\":\"req\",\"route\":\"problem_list\",\"status\":200,\"t\":1791352130925,\"ms\":610}","source":"console","time":"2026-10-07T05:48:50Z"}
{"level":"info","msg":"{\"ev\":\"req\",\"route\":\"problem_detail\",\"status\":200,\"t\":1791352131026,\"ms\":610.9}","source":"console","time":"2026-10-07T05:48:51Z"}
{"level":"info","msg":"{\"ev\":\"req\",\"route\":\"history\",\"status\":200,\"t\":1791352131127,\"ms\":611.8}","source":"console","time":"2026-10-07T05:48:51Z"}
{"level":"info","msg":"{\"ev\":\"req\",\"route\":\"problem_list\",\"status\":200,\"t\":1791352131225,\"ms\":610.1}","source":"console","time":"2026-10-07T05:48:51Z"}
{"level":"info","msg":"{\"ev\":\"req\",\"route\":\"problem_detail\",\"status\":200,\"t\":1791352131325,\"ms\":609.9}","source":"console","time":"2026-10-07T05:48:51Z"}
{"level":"info","msg":"{\"ev\":\"req\",\"route\":\"history\",\"status\":200,\"t\":1791352131426,\"ms\":610.8}","source":"console","time":"2026-10-07T05:48:51Z"}
{"level":"info","msg":"{\"ev\":\"req\",\"route\":\"problem_list\",\"status\":200,\"t\":1791352131529,\"ms\":614.5}","source":"console","time":"2026-10-07T05:48:51Z"}
{"level":"info","msg":"{\"ev\":\"req\",\"route\":\"problem_detail\",\"status\":200,\"t\":1791352131627,\"ms\":612.2}","source":"console","time":"2026-10-07T05:48:51Z"}
{"level":"info","msg":"{\"ev\":\"req\",\"route\":\"history\",\"status\":200,\"t\":1791352131731,\"ms\":616.6}","source":"console","time":"2026-10-07T05:48:51Z"}
{"level":"info","msg":"{\"ev\":\"req\",\"route\":\"problem_list\",\"status\":200,\"t\":1791352131825,\"ms\":610.4}","source":"console","time":"2026-10-07T05:48:51Z"}
{"level":"info","msg":"{\"ev\":\"req\",\"route\":\"problem_detail\",\"status\":200,\"t\":1791352131928,\"ms\":612.6}","source":"console","time":"2026-10-07T05:48:51Z"}
{"level":"info","msg":"{\"ev\":\"req\",\"route\":\"history\",\"status\":200,\"t\":1791352132031,\"ms\":616.8}","source":"console","time":"2026-10-07T05:48:52Z"}
{"level":"info","msg":"{\"ev\":\"req\",\"route\":\"problem_list\",\"status\":200,\"t\":1791352132129,\"ms\":613.8}","source":"console","time":"2026-10-07T05:48:52Z"}
{"level":"info","msg":"{\"ev\":\"req\",\"route\":\"problem_detail\",\"status\":200,\"t\":1791352132228,\"ms\":613.7}","source":"console","time":"2026-10-07T05:48:52Z"}
{"level":"info","msg":"{\"ev\":\"req\",\"route\":\"history\",\"status\":200,\"t\":1791352132331,\"ms\":615.9}","source":"console","time":"2026-10-07T05:48:52Z"}
{"level":"info","msg":"{\"ev\":\"req\",\"route\":\"problem_list\",\"status\":200,\"t\":1791352132429,\"ms\":614.3}","source":"console","time":"2026-10-07T05:48:52Z"}
{"level":"info","msg":"{\"ev\":\"req\",\"route\":\"problem_detail\",\"status\":200,\"t\":1791352132529,\"ms\":614}","source":"console","time":"2026-10-07T05:48:52Z"}
{"level":"info","msg":"{\"ev\":\"req\",\"route\":\"submit\",\"status\":200,\"t\":1791352132541,\"ms\":1627.9}","source":"console","time":"2026-10-07T05:48:52Z"}
{"level":"info","msg":"{\"ev\":\"accepted\",\"id\":\"ef4ee892-f6bc-4db1-8993-fe508c944ab2\",\"t\":1791352132541}","source":"console","time":"2026-10-07T05:48:52Z"}
{"level":"info","msg":"{\"ev\":\"req\",\"route\":\"history\",\"status\":200,\"t\":1791352132630,\"ms\":615.5}","source":"console","time":"2026-10-07T05:48:52Z"}
{"level":"info","msg":"{\"ev\":\"req\",\"route\":\"problem_list\",\"status\":200,\"t\":1791352132727,\"ms\":611.9}","source":"console","time":"2026-10-07T05:48:52Z"}
{"level":"info","msg":"{\"ev\":\"req\",\"route\":\"problem_detail\",\"status\":200,\"t\":1791352132826,\"ms\":611.7}","source":"console","time":"2026-10-07T05:48:52Z"}
{"level":"info","msg":"{\"ev\":\"req\",\"route\":\"history\",\"status\":200,\"t\":1791352132928,\"ms\":613}","source":"console","time":"2026-10-07T05:48:52Z"}
{"level":"info","msg":"{\"ev\":\"req\",\"route\":\"problem_list\",\"status\":200,\"t\":1791352133025,\"ms\":609.9}","source":"console","time":"2026-10-07T05:48:53Z"}
{"level":"info","msg":"{\"ev\":\"req\",\"route\":\"problem_detail\",\"status\":200,\"t\":1791352133128,\"ms\":612.9}","source":"console","time":"2026-10-07T05:48:53Z"}
{"level":"info","msg":"{\"ev\":\"req\",\"route\":\"history\",\"status\":200,\"t\":1791352133230,\"ms\":615.7}","source":"console","time":"2026-10-07T05:48:53Z"}
{"level":"info","msg":"{\"ev\":\"req\",\"route\":\"problem_list\",\"status\":200,\"t\":1791352133329,\"ms\":613.9}","source":"console","time":"2026-10-07T05:48:53Z"}
{"level":"info","msg":"{\"ev\":\"req\",\"route\":\"problem_detail\",\"status\":200,\"t\":1791352133429,\"ms\":614.1}","source":"console","time":"2026-10-07T05:48:53Z"}
{"level":"info","msg":"{\"ev\":\"req\",\"route\":\"history\",\"status\":200,\"t\":1791352133531,\"ms\":616.5}","source":"console","time":"2026-10-07T05:48:53Z"}
{"level":"info","msg":"{\"ev\":\"req\",\"route\":\"problem_list\",\"status\":200,\"t\":1791352133625,\"ms\":610.5}","source":"console","time":"2026-10-07T05:48:53Z"}
{"level":"info","msg":"{\"ev\":\"req\",\"route\":\"problem_detail\",\"status\":200,\"t\":1791352133725,\"ms\":609.9}","source":"console","time":"2026-10-07T05:48:53Z"}
{"level":"info","msg":"{\"ev\":\"req\",\"route\":\"history\",\"status\":200,\"t\":1791352133827,\"ms\":611.4}","source":"console","time":"2026-10-07T05:48:53Z"}
{"level":"info","msg":"{\"ev\":\"req\",\"route\":\"problem_list\",\"status\":200,\"t\":1791352133926,\"ms\":611}","source":"console","time":"2026-10-07T05:48:53Z"}
{"level":"info","msg":"{\"ev\":\"req\",\"route\":\"problem_detail\",\"status\":200,\"t\":1791352134026,\"ms\":610.5}","source":"console","time":"2026-10-07T05:48:54Z"}
{"level":"info","msg":"{\"ev\":\"req\",\"route\":\"history\",\"status\":200,\"t\":1791352134126,\"ms\":611.1}","source":"console","time":"2026-10-07T05:48:54Z"}
{"level":"info","msg":"{\"ev\":\"req\",\"route\":\"problem_list\",\"status\":200,\"t\":1791352134226,\"ms\":610.6}","source":"console","time":"2026-10-07T05:48:54Z"}
{"level":"info","msg":"{\"ev\":\"req\",\"route\":\"submit\",\"status\":200,\"t\":1791352134241,\"ms\":1662.3}","source":"console","time":"2026-10-07T05:48:54Z"}
{"level":"info","msg":"{\"ev\":\"accepted\",\"id\":\"00f13911-b9b0-431a-8a9b-921abd8e5993\",\"t\":1791352134241}","source":"console","time":"2026-10-07T05:48:54Z"}
{"level":"info","msg":"{\"ev\":\"req\",\"route\":\"problem_detail\",\"status\":200,\"t\":1791352134324,\"ms\":609.8}","source":"console","time":"2026-10-07T05:48:54Z"}
{"level":"info","msg":"{\"ev\":\"req\",\"route\":\"history\",\"status\":200,\"t\":1791352134426,\"ms\":611.6}","source":"console","time":"2026-10-07T05:48:54Z"}
{"level":"info","msg":"{\"ev\":\"req\",\"route\":\"problem_list\",\"status\":200,\"t\":1791352134543,\"ms\":628.7}","source":"console","time":"2026-10-07T05:48:54Z"}
{"level":"info","msg":"{\"ev\":\"req\",\"route\":\"problem_detail\",\"status\":200,\"t\":1791352134626,\"ms\":610.9}","source":"console","time":"2026-10-07T05:48:54Z"}
{"level":"info","msg":"{\"ev\":\"req\",\"route\":\"history\",\"status\":200,\"t\":1791352134726,\"ms\":612.1}","source":"console","time":"2026-10-07T05:48:54Z"}
{"level":"info","msg":"{\"ev\":\"req\",\"route\":\"problem_list\",\"status\":200,\"t\":1791352134825,\"ms\":609.9}","source":"console","time":"2026-10-07T05:48:54Z"}
{"level":"info","msg":"{\"ev\":\"req\",\"route\":\"problem_detail\",\"status\":200,\"t\":1791352134924,\"ms\":609.6}","source":"console","time":"2026-10-07T05:48:54Z"}
{"level":"info","msg":"{\"ev\":\"req\",\"route\":\"history\",\"status\":200,\"t\":1791352135030,\"ms\":615.4}","source":"console","time":"2026-10-07T05:48:55Z"}
{"level":"info","msg":"{\"ev\":\"req\",\"route\":\"problem_list\",\"status\":200,\"t\":1791352135129,\"ms\":614.2}","source":"console","time":"2026-10-07T05:48:55Z"}
{"level":"info","msg":"{\"ev\":\"req\",\"route\":\"problem_detail\",\"status\":200,\"t\":1791352135229,\"ms\":614.1}","source":"console","time":"2026-10-07T05:48:55Z"}
{"level":"info","msg":"{\"ev\":\"req\",\"route\":\"history\",\"status\":200,\"t\":1791352135331,\"ms\":616}","source":"console","time":"2026-10-07T05:48:55Z"}
{"level":"info","msg":"{\"ev\":\"req\",\"route\":\"problem_list\",\"status\":200,\"t\":1791352135428,\"ms\":613.3}","source":"console","time":"2026-10-07T05:48:55Z"}
{"level":"info","msg":"{\"ev\":\"req\",\"route\":\"problem_detail\",\"status\":200,\"t\":1791352135529,\"ms\":614.1}","source":"console","time":"2026-10-07T05:48:55Z"}
{"level":"info","msg":"{\"ev\":\"req\",\"route\":\"history\",\"status\":200,\"t\":1791352135630,\"ms\":615.2}","source":"console","time":"2026-10-07T05:48:55Z"}
{"level":"info","msg":"{\"ev\":\"req\",\"route\":\"problem_list\",\"status\":200,\"t\":1791352135729,\"ms\":614.3}","source":"console","time":"2026-10-07T05:48:55Z"}
{"level":"info","msg":"{\"ev\":\"req\",\"route\":\"problem_detail\",\"status\":200,\"t\":1791352135829,\"ms\":614}","source":"console","time":"2026-10-07T05:48:55Z"}
{"level":"info","msg":"{\"ev\":\"req\",\"route\":\"submit\",\"status\":200,\"t\":1791352135841,\"ms\":1595.5}","source":"console","time":"2026-10-07T05:48:55Z"}
{"level":"info","msg":"{\"ev\":\"accepted\",\"id\":\"d0a490d9-fa20-4350-a95a-305089ee7e16\",\"t\":1791352135841}","source":"console","time":"2026-10-07T05:48:55Z"}
{"level":"info","msg":"{\"ev\":\"req\",\"route\":\"history\",\"status\":200,\"t\":1791352135928,\"ms\":612.9}","source":"console","time":"2026-10-07T05:48:55Z"}
{"level":"info","msg":"{\"ev\":\"req\",\"route\":\"problem_list\",\"status\":200,\"t\":1791352136027,\"ms\":611.5}","source":"console","time":"2026-10-07T05:48:56Z"}
{"level":"info","msg":"{\"ev\":\"req\",\"route\":\"problem_detail\",\"status\":200,\"t\":1791352136126,\"ms\":611.6}","source":"console","time":"2026-10-07T05:48:56Z"}
{"level":"info","msg":"{\"ev\":\"req\",\"route\":\"history\",\"status\":200,\"t\":1791352136226,\"ms\":611.3}","source":"console","time":"2026-10-07T05:48:56Z"}
{"level":"info","msg":"{\"ev\":\"req\",\"route\":\"problem_list\",\"status\":200,\"t\":1791352136325,\"ms\":610.3}","source":"console","time":"2026-10-07T05:48:56Z"}
{"level":"info","msg":"{\"ev\":\"req\",\"route\":\"problem_detail\",\"status\":200,\"t\":1791352136428,\"ms\":613.4}","source":"console","time":"2026-10-07T05:48:56Z"}
{"level":"info","msg":"{\"ev\":\"req\",\"route\":\"history\",\"status\":200,\"t\":1791352136534,\"ms\":619.1}","source":"console","time":"2026-10-07T05:48:56Z"}
{"level":"info","msg":"{\"ev\":\"req\",\"route\":\"problem_list\",\"status\":200,\"t\":1791352136629,\"ms\":614}","source":"console","time":"2026-10-07T05:48:56Z"}
{"level":"info","msg":"{\"ev\":\"req\",\"route\":\"problem_detail\",\"status\":200,\"t\":1791352136728,\"ms\":613.8}","source":"console","time":"2026-10-07T05:48:56Z"}
{"level":"info","msg":"{\"ev\":\"req\",\"route\":\"history\",\"status\":200,\"t\":1791352136832,\"ms\":616.8}","source":"console","time":"2026-10-07T05:48:56Z"}
{"level":"info","msg":"{\"ev\":\"req\",\"route\":\"problem_list\",\"status\":200,\"t\":1791352136928,\"ms\":613.6}","source":"console","time":"2026-10-07T05:48:56Z"}
{"level":"info","msg":"{\"ev\":\"req\",\"route\":\"problem_detail\",\"status\":200,\"t\":1791352137028,\"ms\":612.9}","source":"console","time":"2026-10-07T05:48:57Z"}
{"level":"info","msg":"{\"ev\":\"req\",\"route\":\"history\",\"status\":200,\"t\":1791352137131,\"ms\":615.7}","source":"console","time":"2026-10-07T05:48:57Z"}
{"level":"info","msg":"{\"ev\":\"req\",\"route\":\"problem_list\",\"status\":200,\"t\":1791352137229,\"ms\":614}","source":"console","time":"2026-10-07T05:48:57Z"}
{"level":"info","msg":"{\"ev\":\"req\",\"route\":\"problem_detail\",\"status\":200,\"t\":1791352137329,\"ms\":613.4}","source":"console","time":"2026-10-07T05:48:57Z"}
{"level":"info","msg":"{\"ev\":\"req\",\"route\":\"history\",\"status\":200,\"t\":1791352137430,\"ms\":615.3}","source":"console","time":"2026-10-07T05:48:57Z"}
{"level":"info","msg":"{\"ev\":\"req\",\"route\":\"problem_list\",\"status\":200,\"t\":1791352137530,\"ms\":615.1}","source":"console","time":"2026-10-07T05:48:57Z"}
{"level":"info","msg":"{\"ev\":\"req\",\"route\":\"submit\",\"status\":200,\"t\":1791352137548,\"ms\":1635}","source":"console","time":"2026-10-07T05:48:57Z"}
{"level":"info","msg":"{\"ev\":\"accepted\",\"id\":\"34288c4b-1b58-4567-a4f6-294197f87ab1\",\"t\":1791352137548}","source":"console","time":"2026-10-07T05:48:57Z"}
{"level":"info","msg":"{\"ev\":\"req\",\"route\":\"problem_detail\",\"status\":200,\"t\":1791352137625,\"ms\":609.9}","source":"console","time":"2026-10-07T05:48:57Z"}
{"level":"info","msg":"{\"ev\":\"req\",\"route\":\"history\",\"status\":200,\"t\":1791352137726,\"ms\":610.7}","source":"console","time":"2026-10-07T05:48:57Z"}
{"level":"info","msg":"{\"ev\":\"req\",\"route\":\"problem_list\",\"status\":200,\"t\":1791352137825,\"ms\":610.6}","source":"console","time":"2026-10-07T05:48:57Z"}
{"level":"info","msg":"{\"ev\":\"req\",\"route\":\"problem_detail\",\"status\":200,\"t\":1791352137925,\"ms\":609.7}","source":"console","time":"2026-10-07T05:48:57Z"}
{"level":"info","msg":"{\"ev\":\"req\",\"route\":\"history\",\"status\":200,\"t\":1791352138026,\"ms\":611.2}","source":"console","time":"2026-10-07T05:48:58Z"}
{"level":"info","msg":"{\"ev\":\"req\",\"route\":\"problem_list\",\"status\":200,\"t\":1791352138125,\"ms\":611}","source":"console","time":"2026-10-07T05:48:58Z"}
{"level":"info","msg":"{\"ev\":\"req\",\"route\":\"problem_detail\",\"status\":200,\"t\":1791352138228,\"ms\":612.3}","source":"console","time":"2026-10-07T05:48:58Z"}
{"level":"info","msg":"{\"ev\":\"req\",\"route\":\"history\",\"status\":200,\"t\":1791352138331,\"ms\":616.4}","source":"console","time":"2026-10-07T05:48:58Z"}
{"level":"info","msg":"{\"ev\":\"req\",\"route\":\"problem_list\",\"status\":200,\"t\":1791352138429,\"ms\":614.9}","source":"console","time":"2026-10-07T05:48:58Z"}
{"level":"info","msg":"{\"ev\":\"req\",\"route\":\"problem_detail\",\"status\":200,\"t\":1791352138529,\"ms\":613.9}","source":"console","time":"2026-10-07T05:48:58Z"}
{"level":"info","msg":"{\"ev\":\"req\",\"route\":\"history\",\"status\":200,\"t\":1791352138632,\"ms\":617.5}","source":"console","time":"2026-10-07T05:48:58Z"}
{"level":"info","msg":"{\"ev\":\"req\",\"route\":\"problem_list\",\"status\":200,\"t\":1791352138729,\"ms\":613.9}","source":"console","time":"2026-10-07T05:48:58Z"}
{"level":"info","msg":"{\"ev\":\"req\",\"route\":\"problem_detail\",\"status\":200,\"t\":1791352138829,\"ms\":614.7}","source":"console","time":"2026-10-07T05:48:58Z"}
{"level":"info","msg":"{\"ev\":\"req\",\"route\":\"history\",\"status\":200,\"t\":1791352138932,\"ms\":617.6}","source":"console","time":"2026-10-07T05:48:58Z"}
{"level":"info","msg":"{\"ev\":\"req\",\"route\":\"problem_list\",\"status\":200,\"t\":1791352139027,\"ms\":612}","source":"console","time":"2026-10-07T05:48:59Z"}
{"level":"info","msg":"{\"ev\":\"req\",\"route\":\"problem_detail\",\"status\":200,\"t\":1791352139124,\"ms\":609.4}","source":"console","time":"2026-10-07T05:48:59Z"}
{"level":"info","msg":"{\"ev\":\"req\",\"route\":\"history\",\"status\":200,\"t\":1791352139230,\"ms\":614.9}","source":"console","time":"2026-10-07T05:48:59Z"}
{"level":"info","msg":"{\"ev\":\"req\",\"route\":\"submit\",\"status\":200,\"t\":1791352139244,\"ms\":1664.6}","source":"console","time":"2026-10-07T05:48:59Z"}
{"level":"info","msg":"{\"ev\":\"accepted\",\"id\":\"270c36a7-4284-41ae-8f70-82f9ea0d1fff\",\"t\":1791352139244}","source":"console","time":"2026-10-07T05:48:59Z"}
{"level":"info","msg":"{\"ev\":\"req\",\"route\":\"problem_list\",\"status\":200,\"t\":1791352139328,\"ms\":612.7}","source":"console","time":"2026-10-07T05:48:59Z"}
{"level":"info","msg":"{\"ev\":\"req\",\"route\":\"problem_detail\",\"status\":200,\"t\":1791352139425,\"ms\":610.2}","source":"console","time":"2026-10-07T05:48:59Z"}
{"level":"info","msg":"{\"ev\":\"req\",\"route\":\"history\",\"status\":200,\"t\":1791352139527,\"ms\":612.1}","source":"console","time":"2026-10-07T05:48:59Z"}
{"level":"info","msg":"{\"ev\":\"req\",\"route\":\"problem_list\",\"status\":200,\"t\":1791352139627,\"ms\":611.4}","source":"console","time":"2026-10-07T05:48:59Z"}
{"level":"info","msg":"{\"ev\":\"req\",\"route\":\"problem_detail\",\"status\":200,\"t\":1791352139725,\"ms\":610.5}","source":"console","time":"2026-10-07T05:48:59Z"}
{"level":"info","msg":"{\"ev\":\"req\",\"route\":\"history\",\"status\":200,\"t\":1791352139830,\"ms\":615.4}","source":"console","time":"2026-10-07T05:48:59Z"}
{"level":"info","msg":"{\"ev\":\"req\",\"route\":\"problem_list\",\"status\":200,\"t\":1791352139929,\"ms\":614.2}","source":"console","time":"2026-10-07T05:48:59Z"}
{"level":"info","msg":"{\"ev\":\"req\",\"route\":\"problem_detail\",\"status\":200,\"t\":1791352140028,\"ms\":613.9}","source":"console","time":"2026-10-07T05:49:00Z"}
{"level":"info","msg":"{\"ev\":\"req\",\"route\":\"history\",\"status\":200,\"t\":1791352140132,\"ms\":616.4}","source":"console","time":"2026-10-07T05:49:00Z"}
{"level":"info","msg":"{\"ev\":\"req\",\"route\":\"problem_list\",\"status\":200,\"t\":1791352140228,\"ms\":612.6}","source":"console","time":"2026-10-07T05:49:00Z"}
{"level":"info","msg":"{\"ev\":\"req\",\"route\":\"problem_detail\",\"status\":200,\"t\":1791352140325,\"ms\":610.6}","source":"console","time":"2026-10-07T05:49:00Z"}
{"level":"info","msg":"{\"ev\":\"req\",\"route\":\"history\",\"status\":200,\"t\":1791352140429,\"ms\":614.8}","source":"console","time":"2026-10-07T05:49:00Z"}
{"level":"info","msg":"{\"ev\":\"req\",\"route\":\"problem_list\",\"status\":200,\"t\":1791352140528,\"ms\":613.1}","source":"console","time":"2026-10-07T05:49:00Z"}
{"level":"info","msg":"{\"ev\":\"req\",\"route\":\"problem_detail\",\"status\":200,\"t\":1791352140629,\"ms\":613.9}","source":"console","time":"2026-10-07T05:49:00Z"}
{"level":"info","msg":"{\"ev\":\"req\",\"route\":\"history\",\"status\":200,\"t\":1791352140726,\"ms\":611.7}","source":"console","time":"2026-10-07T05:49:00Z"}
{"level":"info","msg":"{\"ev\":\"req\",\"route\":\"problem_list\",\"status\":200,\"t\":1791352140828,\"ms\":613.7}","source":"console","time":"2026-10-07T05:49:00Z"}
{"level":"info","msg":"{\"ev\":\"req\",\"route\":\"submit\",\"status\":200,\"t\":1791352140849,\"ms\":1603.1}","source":"console","time":"2026-10-07T05:49:00Z"}
{"level":"info","msg":"{\"ev\":\"accepted\",\"id\":\"bcf5c9ce-9a33-42b2-8797-8126b965f842\",\"t\":1791352140850}","source":"console","time":"2026-10-07T05:49:00Z"}
{"level":"info","msg":"{\"ev\":\"req\",\"route\":\"problem_detail\",\"status\":200,\"t\":1791352140925,\"ms\":610.6}","source":"console","time":"2026-10-07T05:49:00Z"}
{"level":"info","msg":"{\"ev\":\"req\",\"route\":\"history\",\"status\":200,\"t\":1791352141026,\"ms\":611.4}","source":"console","time":"2026-10-07T05:49:01Z"}
{"level":"info","msg":"{\"ev\":\"req\",\"route\":\"problem_list\",\"status\":200,\"t\":1791352141125,\"ms\":610.3}","source":"console","time":"2026-10-07T05:49:01Z"}
{"level":"info","msg":"{\"ev\":\"req\",\"route\":\"problem_detail\",\"status\":200,\"t\":1791352141225,\"ms\":610.1}","source":"console","time":"2026-10-07T05:49:01Z"}
{"level":"info","msg":"{\"ev\":\"req\",\"route\":\"history\",\"status\":200,\"t\":1791352141327,\"ms\":612.2}","source":"console","time":"2026-10-07T05:49:01Z"}
{"level":"info","msg":"{\"ev\":\"req\",\"route\":\"problem_list\",\"status\":200,\"t\":1791352141425,\"ms\":610.5}","source":"console","time":"2026-10-07T05:49:01Z"}
{"level":"info","msg":"{\"ev\":\"req\",\"route\":\"problem_detail\",\"status\":200,\"t\":1791352141525,\"ms\":610.5}","source":"console","time":"2026-10-07T05:49:01Z"}
{"level":"info","msg":"{\"ev\":\"req\",\"route\":\"history\",\"status\":200,\"t\":1791352141629,\"ms\":614}","source":"console","time":"2026-10-07T05:49:01Z"}
{"level":"info","msg":"{\"ev\":\"req\",\"route\":\"problem_list\",\"status\":200,\"t\":1791352141726,\"ms\":611.1}","source":"console","time":"2026-10-07T05:49:01Z"}
{"level":"info","msg":"{\"ev\":\"req\",\"route\":\"problem_detail\",\"status\":200,\"t\":1791352141829,\"ms\":614.7}","source":"console","time":"2026-10-07T05:49:01Z"}
{"level":"info","msg":"{\"ev\":\"req\",\"route\":\"history\",\"status\":200,\"t\":1791352141930,\"ms\":614.8}","source":"console","time":"2026-10-07T05:49:01Z"}
{"level":"info","msg":"{\"ev\":\"req\",\"route\":\"problem_list\",\"status\":200,\"t\":1791352142029,\"ms\":614.1}","source":"console","time":"2026-10-07T05:49:02Z"}
{"level":"info","msg":"{\"ev\":\"req\",\"route\":\"problem_detail\",\"status\":200,\"t\":1791352142129,\"ms\":614}","source":"console","time":"2026-10-07T05:49:02Z"}
{"level":"info","msg":"{\"ev\":\"req\",\"route\":\"history\",\"status\":200,\"t\":1791352142231,\"ms\":615.7}","source":"console","time":"2026-10-07T05:49:02Z"}
{"level":"info","msg":"{\"ev\":\"req\",\"route\":\"problem_list\",\"status\":200,\"t\":1791352142329,\"ms\":613.7}","source":"console","time":"2026-10-07T05:49:02Z"}
{"level":"info","msg":"{\"ev\":\"req\",\"route\":\"problem_detail\",\"status\":200,\"t\":1791352142428,\"ms\":612.7}","source":"console","time":"2026-10-07T05:49:02Z"}
{"level":"info","msg":"{\"ev\":\"req\",\"route\":\"history\",\"status\":200,\"t\":1791352142534,\"ms\":618.6}","source":"console","time":"2026-10-07T05:49:02Z"}
{"level":"info","msg":"{\"ev\":\"req\",\"route\":\"submit\",\"status\":200,\"t\":1791352142539,\"ms\":1626.6}","source":"console","time":"2026-10-07T05:49:02Z"}
{"level":"info","msg":"{\"ev\":\"accepted\",\"id\":\"652f6480-3290-491a-89b1-a5233c858d61\",\"t\":1791352142540}","source":"console","time":"2026-10-07T05:49:02Z"}
{"level":"info","msg":"{\"ev\":\"req\",\"route\":\"problem_list\",\"status\":200,\"t\":1791352142627,\"ms\":611.5}","source":"console","time":"2026-10-07T05:49:02Z"}
{"level":"info","msg":"{\"ev\":\"req\",\"route\":\"problem_detail\",\"status\":200,\"t\":1791352142730,\"ms\":615.5}","source":"console","time":"2026-10-07T05:49:02Z"}
{"level":"info","msg":"{\"ev\":\"req\",\"route\":\"history\",\"status\":200,\"t\":1791352142829,\"ms\":613.3}","source":"console","time":"2026-10-07T05:49:02Z"}
{"level":"info","msg":"{\"ev\":\"req\",\"route\":\"problem_list\",\"status\":200,\"t\":1791352142925,\"ms\":610.8}","source":"console","time":"2026-10-07T05:49:02Z"}
{"level":"info","msg":"{\"ev\":\"req\",\"route\":\"problem_detail\",\"status\":200,\"t\":1791352143025,\"ms\":610.7}","source":"console","time":"2026-10-07T05:49:03Z"}
{"level":"info","msg":"{\"ev\":\"req\",\"route\":\"history\",\"status\":200,\"t\":1791352143131,\"ms\":615.9}","source":"console","time":"2026-10-07T05:49:03Z"}
{"level":"info","msg":"{\"ev\":\"req\",\"route\":\"problem_list\",\"status\":200,\"t\":1791352143229,\"ms\":613.6}","source":"console","time":"2026-10-07T05:49:03Z"}
{"level":"info","msg":"{\"ev\":\"req\",\"route\":\"problem_detail\",\"status\":200,\"t\":1791352143328,\"ms\":613.2}","source":"console","time":"2026-10-07T05:49:03Z"}
{"level":"info","msg":"{\"ev\":\"req\",\"route\":\"history\",\"status\":200,\"t\":1791352143430,\"ms\":614.9}","source":"console","time":"2026-10-07T05:49:03Z"}
{"level":"info","msg":"{\"ev\":\"req\",\"route\":\"problem_list\",\"status\":200,\"t\":1791352143529,\"ms\":614.4}","source":"console","time":"2026-10-07T05:49:03Z"}
{"level":"info","msg":"{\"ev\":\"req\",\"route\":\"problem_detail\",\"status\":200,\"t\":1791352143629,\"ms\":613.9}","source":"console","time":"2026-10-07T05:49:03Z"}
{"level":"info","msg":"{\"ev\":\"req\",\"route\":\"history\",\"status\":200,\"t\":1791352143730,\"ms\":614.7}","source":"console","time":"2026-10-07T05:49:03Z"}
{"level":"info","msg":"{\"ev\":\"req\",\"route\":\"problem_list\",\"status\":200,\"t\":1791352143826,\"ms\":611}","source":"console","time":"2026-10-07T05:49:03Z"}
{"level":"info","msg":"{\"ev\":\"req\",\"route\":\"problem_detail\",\"status\":200,\"t\":1791352143928,\"ms\":613}","source":"console","time":"2026-10-07T05:49:03Z"}
{"level":"info","msg":"{\"ev\":\"req\",\"route\":\"history\",\"status\":200,\"t\":1791352144026,\"ms\":611.4}","source":"console","time":"2026-10-07T05:49:04Z"}
{"level":"info","msg":"{\"ev\":\"req\",\"route\":\"problem_list\",\"status\":200,\"t\":1791352144129,\"ms\":614.3}","source":"console","time":"2026-10-07T05:49:04Z"}
{"level":"info","msg":"{\"ev\":\"req\",\"route\":\"problem_detail\",\"status\":200,\"t\":1791352144228,\"ms\":613.4}","source":"console","time":"2026-10-07T05:49:04Z"}
{"level":"info","msg":"{\"ev\":\"req\",\"route\":\"submit\",\"status\":200,\"t\":1791352144248,\"ms\":1668.3}","source":"console","time":"2026-10-07T05:49:04Z"}
{"level":"info","msg":"{\"ev\":\"accepted\",\"id\":\"0f227d96-3782-4bf7-88e9-8c464aa23284\",\"t\":1791352144248}","source":"console","time":"2026-10-07T05:49:04Z"}
{"level":"info","msg":"{\"ev\":\"req\",\"route\":\"history\",\"status\":200,\"t\":1791352144326,\"ms\":610.9}","source":"console","time":"2026-10-07T05:49:04Z"}
{"level":"info","msg":"{\"ev\":\"req\",\"route\":\"problem_list\",\"status\":200,\"t\":1791352144425,\"ms\":610.1}","source":"console","time":"2026-10-07T05:49:04Z"}
{"level":"info","msg":"{\"ev\":\"req\",\"route\":\"problem_detail\",\"status\":200,\"t\":1791352144525,\"ms\":609.8}","source":"console","time":"2026-10-07T05:49:04Z"}
{"level":"info","msg":"{\"ev\":\"req\",\"route\":\"history\",\"status\":200,\"t\":1791352144627,\"ms\":611.5}","source":"console","time":"2026-10-07T05:49:04Z"}
{"level":"info","msg":"{\"ev\":\"req\",\"route\":\"problem_list\",\"status\":200,\"t\":1791352144726,\"ms\":610.9}","source":"console","time":"2026-10-07T05:49:04Z"}
{"level":"info","msg":"{\"ev\":\"req\",\"route\":\"problem_detail\",\"status\":200,\"t\":1791352144827,\"ms\":612.2}","source":"console","time":"2026-10-07T05:49:04Z"}
{"level":"info","msg":"{\"ev\":\"req\",\"route\":\"history\",\"status\":200,\"t\":1791352144928,\"ms\":612.9}","source":"console","time":"2026-10-07T05:49:04Z"}
{"level":"info","msg":"{\"ev\":\"req\",\"route\":\"problem_list\",\"status\":200,\"t\":1791352145026,\"ms\":611.3}","source":"console","time":"2026-10-07T05:49:05Z"}
{"level":"info","msg":"{\"ev\":\"req\",\"route\":\"problem_detail\",\"status\":200,\"t\":1791352145126,\"ms\":611.2}","source":"console","time":"2026-10-07T05:49:05Z"}
{"level":"info","msg":"{\"ev\":\"req\",\"route\":\"history\",\"status\":200,\"t\":1791352145226,\"ms\":611.1}","source":"console","time":"2026-10-07T05:49:05Z"}
{"level":"info","msg":"{\"ev\":\"req\",\"route\":\"problem_list\",\"status\":200,\"t\":1791352145325,\"ms\":611}","source":"console","time":"2026-10-07T05:49:05Z"}
{"level":"info","msg":"{\"ev\":\"req\",\"route\":\"problem_detail\",\"status\":200,\"t\":1791352145428,\"ms\":614.1}","source":"console","time":"2026-10-07T05:49:05Z"}
{"level":"info","msg":"{\"ev\":\"req\",\"route\":\"history\",\"status\":200,\"t\":1791352145530,\"ms\":615.7}","source":"console","time":"2026-10-07T05:49:05Z"}
{"level":"info","msg":"{\"ev\":\"req\",\"route\":\"problem_list\",\"status\":200,\"t\":1791352145629,\"ms\":615.1}","source":"console","time":"2026-10-07T05:49:05Z"}
{"level":"info","msg":"{\"ev\":\"req\",\"route\":\"problem_detail\",\"status\":200,\"t\":1791352145729,\"ms\":614.1}","source":"console","time":"2026-10-07T05:49:05Z"}
{"level":"info","msg":"{\"ev\":\"req\",\"route\":\"history\",\"status\":200,\"t\":1791352145830,\"ms\":615.5}","source":"console","time":"2026-10-07T05:49:05Z"}
{"level":"info","msg":"{\"ev\":\"req\",\"route\":\"submit\",\"status\":200,\"t\":1791352145836,\"ms\":1590.6}","source":"console","time":"2026-10-07T05:49:05Z"}
{"level":"info","msg":"{\"ev\":\"accepted\",\"id\":\"3e92ce57-c074-41f3-a53c-346abaca6e07\",\"t\":1791352145836}","source":"console","time":"2026-10-07T05:49:05Z"}
{"level":"info","msg":"{\"ev\":\"req\",\"route\":\"problem_list\",\"status\":200,\"t\":1791352145927,\"ms\":612.1}","source":"console","time":"2026-10-07T05:49:05Z"}
{"level":"info","msg":"{\"ev\":\"req\",\"route\":\"problem_detail\",\"status\":200,\"t\":1791352146027,\"ms\":611.8}","source":"console","time":"2026-10-07T05:49:06Z"}
{"level":"info","msg":"{\"ev\":\"req\",\"route\":\"history\",\"status\":200,\"t\":1791352146126,\"ms\":610.9}","source":"console","time":"2026-10-07T05:49:06Z"}
{"level":"info","msg":"{\"ev\":\"req\",\"route\":\"problem_list\",\"status\":200,\"t\":1791352146224,\"ms\":609.4}","source":"console","time":"2026-10-07T05:49:06Z"}
{"level":"info","msg":"{\"ev\":\"req\",\"route\":\"problem_detail\",\"status\":200,\"t\":1791352146325,\"ms\":610.1}","source":"console","time":"2026-10-07T05:49:06Z"}
{"level":"info","msg":"{\"ev\":\"req\",\"route\":\"history\",\"status\":200,\"t\":1791352146426,\"ms\":610.5}","source":"console","time":"2026-10-07T05:49:06Z"}
{"level":"info","msg":"{\"ev\":\"req\",\"route\":\"problem_list\",\"status\":200,\"t\":1791352146530,\"ms\":615}","source":"console","time":"2026-10-07T05:49:06Z"}
{"level":"info","msg":"{\"ev\":\"req\",\"route\":\"problem_detail\",\"status\":200,\"t\":1791352146625,\"ms\":611}","source":"console","time":"2026-10-07T05:49:06Z"}
{"level":"info","msg":"{\"ev\":\"req\",\"route\":\"history\",\"status\":200,\"t\":1791352146727,\"ms\":611.9}","source":"console","time":"2026-10-07T05:49:06Z"}
{"level":"info","msg":"{\"ev\":\"req\",\"route\":\"problem_list\",\"status\":200,\"t\":1791352146825,\"ms\":610}","source":"console","time":"2026-10-07T05:49:06Z"}
{"level":"info","msg":"{\"ev\":\"req\",\"route\":\"problem_detail\",\"status\":200,\"t\":1791352146928,\"ms\":613.6}","source":"console","time":"2026-10-07T05:49:06Z"}
{"level":"info","msg":"{\"ev\":\"req\",\"route\":\"history\",\"status\":200,\"t\":1791352147032,\"ms\":617}","source":"console","time":"2026-10-07T05:49:07Z"}
{"level":"info","msg":"{\"ev\":\"req\",\"route\":\"problem_list\",\"status\":200,\"t\":1791352147128,\"ms\":613.4}","source":"console","time":"2026-10-07T05:49:07Z"}
{"level":"info","msg":"{\"ev\":\"req\",\"route\":\"problem_detail\",\"status\":200,\"t\":1791352147229,\"ms\":614.7}","source":"console","time":"2026-10-07T05:49:07Z"}
{"level":"info","msg":"{\"ev\":\"req\",\"route\":\"history\",\"status\":200,\"t\":1791352147329,\"ms\":613.6}","source":"console","time":"2026-10-07T05:49:07Z"}
{"level":"info","msg":"{\"ev\":\"req\",\"route\":\"problem_list\",\"status\":200,\"t\":1791352147425,\"ms\":610.8}","source":"console","time":"2026-10-07T05:49:07Z"}
{"level":"info","msg":"{\"ev\":\"req\",\"route\":\"problem_detail\",\"status\":200,\"t\":1791352147528,\"ms\":612.8}","source":"console","time":"2026-10-07T05:49:07Z"}
{"level":"info","msg":"{\"ev\":\"req\",\"route\":\"submit\",\"status\":200,\"t\":1791352147544,\"ms\":1630.8}","source":"console","time":"2026-10-07T05:49:07Z"}
{"level":"info","msg":"{\"ev\":\"accepted\",\"id\":\"77a08d6d-2a0f-4a9f-99cb-2fe419126e7d\",\"t\":1791352147544}","source":"console","time":"2026-10-07T05:49:07Z"}
{"level":"info","msg":"{\"ev\":\"req\",\"route\":\"history\",\"status\":200,\"t\":1791352147626,\"ms\":611.5}","source":"console","time":"2026-10-07T05:49:07Z"}
{"level":"info","msg":"{\"ev\":\"req\",\"route\":\"problem_list\",\"status\":200,\"t\":1791352147726,\"ms\":611.7}","source":"console","time":"2026-10-07T05:49:07Z"}
{"level":"info","msg":"{\"ev\":\"req\",\"route\":\"problem_detail\",\"status\":200,\"t\":1791352147826,\"ms\":610.3}","source":"console","time":"2026-10-07T05:49:07Z"}
{"level":"info","msg":"{\"ev\":\"req\",\"route\":\"history\",\"status\":200,\"t\":1791352147925,\"ms\":610.3}","source":"console","time":"2026-10-07T05:49:07Z"}
{"level":"info","msg":"{\"ev\":\"req\",\"route\":\"problem_list\",\"status\":200,\"t\":1791352148025,\"ms\":609.7}","source":"console","time":"2026-10-07T05:49:08Z"}
{"level":"info","msg":"{\"ev\":\"req\",\"route\":\"problem_detail\",\"status\":200,\"t\":1791352148125,\"ms\":609.3}","source":"console","time":"2026-10-07T05:49:08Z"}
{"level":"info","msg":"{\"ev\":\"req\",\"route\":\"history\",\"status\":200,\"t\":1791352148226,\"ms\":611.8}","source":"console","time":"2026-10-07T05:49:08Z"}
{"level":"info","msg":"{\"ev\":\"req\",\"route\":\"problem_list\",\"status\":200,\"t\":1791352148329,\"ms\":613.8}","source":"console","time":"2026-10-07T05:49:08Z"}
{"level":"info","msg":"{\"ev\":\"req\",\"route\":\"problem_detail\",\"status\":200,\"t\":1791352148428,\"ms\":613.1}","source":"console","time":"2026-10-07T05:49:08Z"}
{"level":"info","msg":"{\"ev\":\"req\",\"route\":\"history\",\"status\":200,\"t\":1791352148532,\"ms\":617.3}","source":"console","time":"2026-10-07T05:49:08Z"}
{"level":"info","msg":"{\"ev\":\"req\",\"route\":\"problem_list\",\"status\":200,\"t\":1791352148629,\"ms\":613.4}","source":"console","time":"2026-10-07T05:49:08Z"}
{"level":"info","msg":"{\"ev\":\"req\",\"route\":\"problem_detail\",\"status\":200,\"t\":1791352148728,\"ms\":613.5}","source":"console","time":"2026-10-07T05:49:08Z"}
{"level":"info","msg":"{\"ev\":\"req\",\"route\":\"history\",\"status\":200,\"t\":1791352148831,\"ms\":616.7}","source":"console","time":"2026-10-07T05:49:08Z"}
{"level":"info","msg":"{\"ev\":\"req\",\"route\":\"problem_list\",\"status\":200,\"t\":1791352148929,\"ms\":614.5}","source":"console","time":"2026-10-07T05:49:08Z"}
{"level":"info","msg":"{\"ev\":\"req\",\"route\":\"problem_detail\",\"status\":200,\"t\":1791352149026,\"ms\":611.5}","source":"console","time":"2026-10-07T05:49:09Z"}
{"level":"info","msg":"{\"ev\":\"req\",\"route\":\"history\",\"status\":200,\"t\":1791352149131,\"ms\":615.9}","source":"console","time":"2026-10-07T05:49:09Z"}
{"level":"info","msg":"{\"ev\":\"req\",\"route\":\"problem_list\",\"status\":200,\"t\":1791352149229,\"ms\":614.3}","source":"console","time":"2026-10-07T05:49:09Z"}
{"level":"info","msg":"{\"ev\":\"req\",\"route\":\"submit\",\"status\":200,\"t\":1791352149235,\"ms\":1655.9}","source":"console","time":"2026-10-07T05:49:09Z"}
{"level":"info","msg":"{\"ev\":\"accepted\",\"id\":\"dce00245-7a01-4de7-86e7-e068a6114c5f\",\"t\":1791352149235}","source":"console","time":"2026-10-07T05:49:09Z"}
{"level":"info","msg":"{\"ev\":\"req\",\"route\":\"problem_detail\",\"status\":200,\"t\":1791352149327,\"ms\":611.3}","source":"console","time":"2026-10-07T05:49:09Z"}
{"level":"info","msg":"{\"ev\":\"req\",\"route\":\"history\",\"status\":200,\"t\":1791352149428,\"ms\":613.4}","source":"console","time":"2026-10-07T05:49:09Z"}
{"level":"info","msg":"{\"ev\":\"req\",\"route\":\"problem_list\",\"status\":200,\"t\":1791352149526,\"ms\":611.2}","source":"console","time":"2026-10-07T05:49:09Z"}
{"level":"info","msg":"{\"ev\":\"req\",\"route\":\"problem_detail\",\"status\":200,\"t\":1791352149625,\"ms\":610.4}","source":"console","time":"2026-10-07T05:49:09Z"}
{"level":"info","msg":"{\"ev\":\"req\",\"route\":\"history\",\"status\":200,\"t\":1791352149725,\"ms\":610.7}","source":"console","time":"2026-10-07T05:49:09Z"}
{"level":"info","msg":"{\"ev\":\"req\",\"route\":\"problem_list\",\"status\":200,\"t\":1791352149828,\"ms\":612.8}","source":"console","time":"2026-10-07T05:49:09Z"}
{"level":"info","msg":"{\"ev\":\"req\",\"route\":\"problem_detail\",\"status\":200,\"t\":1791352149925,\"ms\":609.6}","source":"console","time":"2026-10-07T05:49:09Z"}
{"level":"info","msg":"{\"ev\":\"req\",\"route\":\"history\",\"status\":200,\"t\":1791352150030,\"ms\":615.2}","source":"console","time":"2026-10-07T05:49:10Z"}
{"level":"info","msg":"{\"ev\":\"req\",\"route\":\"problem_list\",\"status\":200,\"t\":1791352150126,\"ms\":610.8}","source":"console","time":"2026-10-07T05:49:10Z"}
{"level":"info","msg":"{\"ev\":\"req\",\"route\":\"problem_detail\",\"status\":200,\"t\":1791352150230,\"ms\":614.5}","source":"console","time":"2026-10-07T05:49:10Z"}
{"level":"info","msg":"{\"ev\":\"req\",\"route\":\"history\",\"status\":200,\"t\":1791352150330,\"ms\":614.9}","source":"console","time":"2026-10-07T05:49:10Z"}
{"level":"info","msg":"{\"ev\":\"req\",\"route\":\"problem_list\",\"status\":200,\"t\":1791352150429,\"ms\":613.3}","source":"console","time":"2026-10-07T05:49:10Z"}
{"level":"info","msg":"{\"ev\":\"req\",\"route\":\"problem_detail\",\"status\":200,\"t\":1791352150528,\"ms\":613.4}","source":"console","time":"2026-10-07T05:49:10Z"}
{"level":"info","msg":"{\"ev\":\"req\",\"route\":\"history\",\"status\":200,\"t\":1791352150631,\"ms\":616.5}","source":"console","time":"2026-10-07T05:49:10Z"}
{"level":"info","msg":"{\"ev\":\"req\",\"route\":\"problem_list\",\"status\":200,\"t\":1791352150729,\"ms\":614.6}","source":"console","time":"2026-10-07T05:49:10Z"}
{"level":"info","msg":"{\"ev\":\"req\",\"route\":\"problem_detail\",\"status\":200,\"t\":1791352150829,\"ms\":613.9}","source":"console","time":"2026-10-07T05:49:10Z"}
{"level":"info","msg":"{\"ev\":\"req\",\"route\":\"submit\",\"status\":200,\"t\":1791352150842,\"ms\":1595.6}","source":"console","time":"2026-10-07T05:49:10Z"}
{"level":"info","msg":"{\"ev\":\"accepted\",\"id\":\"7ac7c922-1240-4259-87cd-bca150f0276a\",\"t\":1791352150842}","source":"console","time":"2026-10-07T05:49:10Z"}
{"level":"info","msg":"{\"ev\":\"req\",\"route\":\"history\",\"status\":200,\"t\":1791352150926,\"ms\":611.3}","source":"console","time":"2026-10-07T05:49:10Z"}
{"level":"info","msg":"{\"ev\":\"req\",\"route\":\"problem_list\",\"status\":200,\"t\":1791352151026,\"ms\":611.2}","source":"console","time":"2026-10-07T05:49:11Z"}
{"level":"info","msg":"{\"ev\":\"req\",\"route\":\"problem_detail\",\"status\":200,\"t\":1791352151033,\"ms\":518.7}","source":"console","time":"2026-10-07T05:49:11Z"}
{"level":"info","msg":"{\"ev\":\"req\",\"route\":\"problem_detail\",\"status\":200,\"t\":1791352151036,\"ms\":220.6}","source":"console","time":"2026-10-07T05:49:11Z"}
{"level":"info","msg":"{\"ev\":\"req\",\"route\":\"history\",\"status\":200,\"t\":1791352151037,\"ms\":421.5}","source":"console","time":"2026-10-07T05:49:11Z"}
{"level":"info","msg":"{\"ev\":\"req\",\"route\":\"problem_list\",\"status\":200,\"t\":1791352151038,\"ms\":23}","source":"console","time":"2026-10-07T05:49:11Z"}
{"level":"info","msg":"{\"ev\":\"req\",\"route\":\"history\",\"status\":200,\"t\":1791352151038,\"ms\":123.9}","source":"console","time":"2026-10-07T05:49:11Z"}
{"level":"info","msg":"{\"ev\":\"req\",\"route\":\"problem_list\",\"status\":200,\"t\":1791352151041,\"ms\":325.9}","source":"console","time":"2026-10-07T05:49:11Z"}
{"level":"info","msg":"{\"ev\":\"req\",\"route\":\"problem_detail\",\"status\":200,\"t\":1791352151118,\"ms\":3.3}","source":"console","time":"2026-10-07T05:49:11Z"}
{"level":"info","msg":"{\"ev\":\"req\",\"route\":\"history\",\"status\":200,\"t\":1791352151220,\"ms\":4.8}","source":"console","time":"2026-10-07T05:49:11Z"}
{"level":"info","msg":"{\"ev\":\"req\",\"route\":\"problem_list\",\"status\":200,\"t\":1791352151318,\"ms\":3.6}","source":"console","time":"2026-10-07T05:49:11Z"}
{"level":"info","msg":"{\"ev\":\"req\",\"route\":\"problem_detail\",\"status\":200,\"t\":1791352151419,\"ms\":3.8}","source":"console","time":"2026-10-07T05:49:11Z"}
{"level":"info","msg":"{\"ev\":\"req\",\"route\":\"history\",\"status\":200,\"t\":1791352151519,\"ms\":3.8}","source":"console","time":"2026-10-07T05:49:11Z"}
{"level":"info","msg":"{\"ev\":\"req\",\"route\":\"problem_list\",\"status\":200,\"t\":1791352151622,\"ms\":7.7}","source":"console","time":"2026-10-07T05:49:11Z"}
{"level":"info","msg":"{\"ev\":\"req\",\"route\":\"problem_detail\",\"status\":200,\"t\":1791352151724,\"ms\":8.4}","source":"console","time":"2026-10-07T05:49:11Z"}
{"level":"info","msg":"{\"ev\":\"req\",\"route\":\"history\",\"status\":200,\"t\":1791352151825,\"ms\":10.3}","source":"console","time":"2026-10-07T05:49:11Z"}
{"level":"info","msg":"{\"ev\":\"req\",\"route\":\"problem_list\",\"status\":200,\"t\":1791352151923,\"ms\":7.8}","source":"console","time":"2026-10-07T05:49:11Z"}
{"level":"info","msg":"{\"ev\":\"req\",\"route\":\"problem_detail\",\"status\":200,\"t\":1791352152024,\"ms\":8.6}","source":"console","time":"2026-10-07T05:49:12Z"}
{"level":"info","msg":"{\"ev\":\"req\",\"route\":\"submit\",\"status\":200,\"t\":1791352152047,\"ms\":1135.2}","source":"console","time":"2026-10-07T05:49:12Z"}
{"level":"info","msg":"{\"ev\":\"accepted\",\"id\":\"b6051703-d79d-45d4-80e1-18bbba36041e\",\"t\":1791352152048}","source":"console","time":"2026-10-07T05:49:12Z"}
{"level":"info","msg":"{\"ev\":\"req\",\"route\":\"history\",\"status\":200,\"t\":1791352152122,\"ms\":6.5}","source":"console","time":"2026-10-07T05:49:12Z"}
{"level":"info","msg":"{\"ev\":\"req\",\"route\":\"problem_list\",\"status\":200,\"t\":1791352152220,\"ms\":5.4}","source":"console","time":"2026-10-07T05:49:12Z"}
{"level":"info","msg":"{\"ev\":\"req\",\"route\":\"problem_detail\",\"status\":200,\"t\":1791352152318,\"ms\":3.7}","source":"console","time":"2026-10-07T05:49:12Z"}
{"level":"info","msg":"{\"ev\":\"req\",\"route\":\"history\",\"status\":200,\"t\":1791352152420,\"ms\":5.2}","source":"console","time":"2026-10-07T05:49:12Z"}
{"level":"info","msg":"{\"ev\":\"req\",\"route\":\"problem_list\",\"status\":200,\"t\":1791352152519,\"ms\":4.1}","source":"console","time":"2026-10-07T05:49:12Z"}
{"level":"info","msg":"{\"ev\":\"req\",\"route\":\"problem_detail\",\"status\":200,\"t\":1791352152626,\"ms\":11.1}","source":"console","time":"2026-10-07T05:49:12Z"}
{"level":"info","msg":"{\"ev\":\"req\",\"route\":\"history\",\"status\":200,\"t\":1791352152725,\"ms\":9.6}","source":"console","time":"2026-10-07T05:49:12Z"}
{"level":"info","msg":"{\"ev\":\"req\",\"route\":\"problem_list\",\"status\":200,\"t\":1791352152818,\"ms\":3.3}","source":"console","time":"2026-10-07T05:49:12Z"}
{"level":"info","msg":"{\"ev\":\"req\",\"route\":\"problem_detail\",\"status\":200,\"t\":1791352152921,\"ms\":6.9}","source":"console","time":"2026-10-07T05:49:12Z"}
{"level":"info","msg":"{\"ev\":\"req\",\"route\":\"history\",\"status\":200,\"t\":1791352153024,\"ms\":9.1}","source":"console","time":"2026-10-07T05:49:13Z"}
{"level":"info","msg":"{\"ev\":\"req\",\"route\":\"problem_list\",\"status\":200,\"t\":1791352153124,\"ms\":8.8}","source":"console","time":"2026-10-07T05:49:13Z"}
{"level":"info","msg":"{\"ev\":\"req\",\"route\":\"problem_detail\",\"status\":200,\"t\":1791352153220,\"ms\":4.5}","source":"console","time":"2026-10-07T05:49:13Z"}
{"level":"info","msg":"{\"ev\":\"req\",\"route\":\"history\",\"status\":200,\"t\":1791352153318,\"ms\":3.8}","source":"console","time":"2026-10-07T05:49:13Z"}
{"level":"info","msg":"{\"ev\":\"req\",\"route\":\"problem_list\",\"status\":200,\"t\":1791352153423,\"ms\":8}","source":"console","time":"2026-10-07T05:49:13Z"}
{"level":"info","msg":"{\"ev\":\"req\",\"route\":\"problem_detail\",\"status\":200,\"t\":1791352153523,\"ms\":8.2}","source":"console","time":"2026-10-07T05:49:13Z"}
{"level":"info","msg":"{\"ev\":\"req\",\"route\":\"submit\",\"status\":200,\"t\":1791352153597,\"ms\":1018}","source":"console","time":"2026-10-07T05:49:13Z"}
{"level":"info","msg":"{\"ev\":\"accepted\",\"id\":\"450016e8-68ec-4899-a764-df498872f0b7\",\"t\":1791352153598}","source":"console","time":"2026-10-07T05:49:13Z"}
{"level":"info","msg":"{\"ev\":\"req\",\"route\":\"history\",\"status\":200,\"t\":1791352153624,\"ms\":8.7}","source":"console","time":"2026-10-07T05:49:13Z"}
{"level":"info","msg":"{\"ev\":\"req\",\"route\":\"problem_list\",\"status\":200,\"t\":1791352153718,\"ms\":4.2}","source":"console","time":"2026-10-07T05:49:13Z"}
{"level":"info","msg":"{\"ev\":\"req\",\"route\":\"problem_detail\",\"status\":200,\"t\":1791352153819,\"ms\":4.1}","source":"console","time":"2026-10-07T05:49:13Z"}
{"level":"info","msg":"{\"ev\":\"req\",\"route\":\"history\",\"status\":200,\"t\":1791352153920,\"ms\":4.8}","source":"console","time":"2026-10-07T05:49:13Z"}
{"level":"info","msg":"{\"ev\":\"req\",\"route\":\"problem_list\",\"status\":200,\"t\":1791352154019,\"ms\":4.2}","source":"console","time":"2026-10-07T05:49:14Z"}
{"level":"info","msg":"{\"ev\":\"req\",\"route\":\"problem_detail\",\"status\":200,\"t\":1791352154118,\"ms\":3.4}","source":"console","time":"2026-10-07T05:49:14Z"}
{"level":"info","msg":"{\"ev\":\"req\",\"route\":\"history\",\"status\":200,\"t\":1791352154220,\"ms\":4.7}","source":"console","time":"2026-10-07T05:49:14Z"}
{"level":"info","msg":"{\"ev\":\"req\",\"route\":\"problem_list\",\"status\":200,\"t\":1791352154321,\"ms\":6.1}","source":"console","time":"2026-10-07T05:49:14Z"}
{"level":"info","msg":"{\"ev\":\"req\",\"route\":\"problem_detail\",\"status\":200,\"t\":1791352154422,\"ms\":6.7}","source":"console","time":"2026-10-07T05:49:14Z"}
{"level":"info","msg":"{\"ev\":\"req\",\"route\":\"history\",\"status\":200,\"t\":1791352154526,\"ms\":10.5}","source":"console","time":"2026-10-07T05:49:14Z"}
{"level":"info","msg":"{\"ev\":\"req\",\"route\":\"problem_list\",\"status\":200,\"t\":1791352154625,\"ms\":10.1}","source":"console","time":"2026-10-07T05:49:14Z"}
{"level":"info","msg":"{\"ev\":\"req\",\"route\":\"problem_detail\",\"status\":200,\"t\":1791352154723,\"ms\":8.1}","source":"console","time":"2026-10-07T05:49:14Z"}
{"level":"info","msg":"{\"ev\":\"req\",\"route\":\"history\",\"status\":200,\"t\":1791352154825,\"ms\":9.4}","source":"console","time":"2026-10-07T05:49:14Z"}
{"level":"info","msg":"{\"ev\":\"req\",\"route\":\"problem_list\",\"status\":200,\"t\":1791352154923,\"ms\":8.1}","source":"console","time":"2026-10-07T05:49:14Z"}
{"level":"info","msg":"{\"ev\":\"req\",\"route\":\"problem_detail\",\"status\":200,\"t\":1791352155024,\"ms\":8.9}","source":"console","time":"2026-10-07T05:49:15Z"}
{"level":"info","msg":"{\"ev\":\"req\",\"route\":\"history\",\"status\":200,\"t\":1791352155125,\"ms\":10.1}","source":"console","time":"2026-10-07T05:49:15Z"}
{"level":"info","msg":"{\"ev\":\"req\",\"route\":\"problem_list\",\"status\":200,\"t\":1791352155223,\"ms\":9}","source":"console","time":"2026-10-07T05:49:15Z"}
{"level":"info","msg":"{\"ev\":\"req\",\"route\":\"submit\",\"status\":200,\"t\":1791352155266,\"ms\":1019.9}","source":"console","time":"2026-10-07T05:49:15Z"}
{"level":"info","msg":"{\"ev\":\"accepted\",\"id\":\"35956a3e-d418-4e81-8f84-59a83bd843b9\",\"t\":1791352155266}","source":"console","time":"2026-10-07T05:49:15Z"}
{"level":"info","msg":"{\"ev\":\"req\",\"route\":\"problem_detail\",\"status\":200,\"t\":1791352155319,\"ms\":4}","source":"console","time":"2026-10-07T05:49:15Z"}
{"level":"info","msg":"{\"ev\":\"req\",\"route\":\"history\",\"status\":200,\"t\":1791352155420,\"ms\":6}","source":"console","time":"2026-10-07T05:49:15Z"}
{"level":"info","msg":"{\"ev\":\"req\",\"route\":\"problem_list\",\"status\":200,\"t\":1791352155521,\"ms\":6.1}","source":"console","time":"2026-10-07T05:49:15Z"}
{"level":"info","msg":"{\"ev\":\"req\",\"route\":\"problem_detail\",\"status\":200,\"t\":1791352155618,\"ms\":3.5}","source":"console","time":"2026-10-07T05:49:15Z"}
{"level":"info","msg":"{\"ev\":\"req\",\"route\":\"history\",\"status\":200,\"t\":1791352155720,\"ms\":5.3}","source":"console","time":"2026-10-07T05:49:15Z"}
{"level":"info","msg":"{\"ev\":\"req\",\"route\":\"problem_list\",\"status\":200,\"t\":1791352155818,\"ms\":3.4}","source":"console","time":"2026-10-07T05:49:15Z"}
{"level":"info","msg":"{\"ev\":\"req\",\"route\":\"problem_detail\",\"status\":200,\"t\":1791352155924,\"ms\":8.9}","source":"console","time":"2026-10-07T05:49:15Z"}
{"level":"info","msg":"{\"ev\":\"req\",\"route\":\"history\",\"status\":200,\"t\":1791352156020,\"ms\":5.4}","source":"console","time":"2026-10-07T05:49:16Z"}
{"level":"info","msg":"{\"ev\":\"req\",\"route\":\"problem_list\",\"status\":200,\"t\":1791352156119,\"ms\":4.2}","source":"console","time":"2026-10-07T05:49:16Z"}
{"level":"info","msg":"{\"ev\":\"req\",\"route\":\"problem_detail\",\"status\":200,\"t\":1791352156218,\"ms\":3.8}","source":"console","time":"2026-10-07T05:49:16Z"}
{"level":"info","msg":"{\"ev\":\"req\",\"route\":\"history\",\"status\":200,\"t\":1791352156320,\"ms\":4.5}","source":"console","time":"2026-10-07T05:49:16Z"}
{"level":"info","msg":"{\"ev\":\"req\",\"route\":\"problem_list\",\"status\":200,\"t\":1791352156419,\"ms\":4.5}","source":"console","time":"2026-10-07T05:49:16Z"}
{"level":"info","msg":"{\"ev\":\"req\",\"route\":\"problem_detail\",\"status\":200,\"t\":1791352156524,\"ms\":8.4}","source":"console","time":"2026-10-07T05:49:16Z"}
{"level":"info","msg":"{\"ev\":\"req\",\"route\":\"history\",\"status\":200,\"t\":1791352156624,\"ms\":9}","source":"console","time":"2026-10-07T05:49:16Z"}
{"level":"info","msg":"{\"ev\":\"req\",\"route\":\"problem_list\",\"status\":200,\"t\":1791352156723,\"ms\":7.5}","source":"console","time":"2026-10-07T05:49:16Z"}
{"level":"info","msg":"{\"ev\":\"req\",\"route\":\"problem_detail\",\"status\":200,\"t\":1791352156823,\"ms\":8.3}","source":"console","time":"2026-10-07T05:49:16Z"}
{"level":"info","msg":"{\"ev\":\"req\",\"route\":\"history\",\"status\":200,\"t\":1791352156926,\"ms\":10.8}","source":"console","time":"2026-10-07T05:49:16Z"}
{"level":"info","msg":"{\"ev\":\"req\",\"route\":\"submit\",\"status\":200,\"t\":1791352156934,\"ms\":1020.7}","source":"console","time":"2026-10-07T05:49:16Z"}
{"level":"info","msg":"{\"ev\":\"accepted\",\"id\":\"9178e743-c5f3-4439-834e-f8297e322b1a\",\"t\":1791352156934}","source":"console","time":"2026-10-07T05:49:16Z"}
{"level":"info","msg":"{\"ev\":\"req\",\"route\":\"problem_list\",\"status\":200,\"t\":1791352157021,\"ms\":7.1}","source":"console","time":"2026-10-07T05:49:17Z"}
{"level":"info","msg":"{\"ev\":\"req\",\"route\":\"problem_detail\",\"status\":200,\"t\":1791352157119,\"ms\":3.5}","source":"console","time":"2026-10-07T05:49:17Z"}
{"level":"info","msg":"{\"ev\":\"req\",\"route\":\"history\",\"status\":200,\"t\":1791352157220,\"ms\":4.6}","source":"console","time":"2026-10-07T05:49:17Z"}
{"level":"info","msg":"{\"ev\":\"req\",\"route\":\"problem_list\",\"status\":200,\"t\":1791352157318,\"ms\":3.7}","source":"console","time":"2026-10-07T05:49:17Z"}
{"level":"info","msg":"{\"ev\":\"req\",\"route\":\"problem_detail\",\"status\":200,\"t\":1791352157419,\"ms\":3.3}","source":"console","time":"2026-10-07T05:49:17Z"}
{"level":"info","msg":"{\"ev\":\"req\",\"route\":\"history\",\"status\":200,\"t\":1791352157519,\"ms\":4.1}","source":"console","time":"2026-10-07T05:49:17Z"}
{"level":"info","msg":"{\"ev\":\"req\",\"route\":\"problem_list\",\"status\":200,\"t\":1791352157623,\"ms\":7.9}","source":"console","time":"2026-10-07T05:49:17Z"}
{"level":"info","msg":"{\"ev\":\"req\",\"route\":\"problem_detail\",\"status\":200,\"t\":1791352157722,\"ms\":6.5}","source":"console","time":"2026-10-07T05:49:17Z"}
{"level":"info","msg":"{\"ev\":\"req\",\"route\":\"history\",\"status\":200,\"t\":1791352157820,\"ms\":5.1}","source":"console","time":"2026-10-07T05:49:17Z"}
{"level":"info","msg":"{\"ev\":\"req\",\"route\":\"problem_list\",\"status\":200,\"t\":1791352157919,\"ms\":3.7}","source":"console","time":"2026-10-07T05:49:17Z"}
{"level":"info","msg":"{\"ev\":\"req\",\"route\":\"problem_detail\",\"status\":200,\"t\":1791352158018,\"ms\":3.3}","source":"console","time":"2026-10-07T05:49:18Z"}
{"level":"info","msg":"{\"ev\":\"req\",\"route\":\"history\",\"status\":200,\"t\":1791352158124,\"ms\":9.5}","source":"console","time":"2026-10-07T05:49:18Z"}
{"level":"info","msg":"{\"ev\":\"req\",\"route\":\"problem_list\",\"status\":200,\"t\":1791352158223,\"ms\":7.9}","source":"console","time":"2026-10-07T05:49:18Z"}
{"level":"info","msg":"{\"ev\":\"req\",\"route\":\"problem_detail\",\"status\":200,\"t\":1791352158318,\"ms\":3.5}","source":"console","time":"2026-10-07T05:49:18Z"}
{"level":"info","msg":"{\"ev\":\"req\",\"route\":\"history\",\"status\":200,\"t\":1791352158420,\"ms\":4.9}","source":"console","time":"2026-10-07T05:49:18Z"}
{"level":"info","msg":"{\"ev\":\"req\",\"route\":\"problem_list\",\"status\":200,\"t\":1791352158524,\"ms\":9}","source":"console","time":"2026-10-07T05:49:18Z"}
{"level":"info","msg":"{\"ev\":\"req\",\"route\":\"submit\",\"status\":200,\"t\":1791352158597,\"ms\":1018}","source":"console","time":"2026-10-07T05:49:18Z"}
{"level":"info","msg":"{\"ev\":\"accepted\",\"id\":\"601dbc47-d65e-4b30-b907-e1457ad132a8\",\"t\":1791352158597}","source":"console","time":"2026-10-07T05:49:18Z"}
{"level":"info","msg":"{\"ev\":\"req\",\"route\":\"problem_detail\",\"status\":200,\"t\":1791352158622,\"ms\":6.7}","source":"console","time":"2026-10-07T05:49:18Z"}
{"level":"info","msg":"{\"ev\":\"req\",\"route\":\"history\",\"status\":200,\"t\":1791352158721,\"ms\":6.2}","source":"console","time":"2026-10-07T05:49:18Z"}
{"level":"info","msg":"{\"ev\":\"req\",\"route\":\"problem_list\",\"status\":200,\"t\":1791352158819,\"ms\":4.9}","source":"console","time":"2026-10-07T05:49:18Z"}
{"level":"info","msg":"{\"ev\":\"req\",\"route\":\"problem_detail\",\"status\":200,\"t\":1791352158919,\"ms\":4.5}","source":"console","time":"2026-10-07T05:49:18Z"}
{"level":"info","msg":"{\"ev\":\"req\",\"route\":\"history\",\"status\":200,\"t\":1791352159019,\"ms\":4}","source":"console","time":"2026-10-07T05:49:19Z"}
{"level":"info","msg":"{\"ev\":\"req\",\"route\":\"problem_list\",\"status\":200,\"t\":1791352159119,\"ms\":3.6}","source":"console","time":"2026-10-07T05:49:19Z"}
{"level":"info","msg":"{\"ev\":\"req\",\"route\":\"problem_detail\",\"status\":200,\"t\":1791352159218,\"ms\":3.4}","source":"console","time":"2026-10-07T05:49:19Z"}
{"level":"info","msg":"{\"ev\":\"req\",\"route\":\"history\",\"status\":200,\"t\":1791352159320,\"ms\":4.5}","source":"console","time":"2026-10-07T05:49:19Z"}
{"level":"info","msg":"{\"ev\":\"req\",\"route\":\"problem_list\",\"status\":200,\"t\":1791352159418,\"ms\":3.3}","source":"console","time":"2026-10-07T05:49:19Z"}
{"level":"info","msg":"{\"ev\":\"req\",\"route\":\"problem_detail\",\"status\":200,\"t\":1791352159523,\"ms\":7.8}","source":"console","time":"2026-10-07T05:49:19Z"}
{"level":"info","msg":"{\"ev\":\"req\",\"route\":\"history\",\"status\":200,\"t\":1791352159637,\"ms\":22.7}","source":"console","time":"2026-10-07T05:49:19Z"}
{"level":"info","msg":"{\"ev\":\"req\",\"route\":\"problem_list\",\"status\":200,\"t\":1791352159723,\"ms\":8.2}","source":"console","time":"2026-10-07T05:49:19Z"}
{"level":"info","msg":"{\"ev\":\"req\",\"route\":\"problem_detail\",\"status\":200,\"t\":1791352159823,\"ms\":7.7}","source":"console","time":"2026-10-07T05:49:19Z"}
{"level":"info","msg":"{\"ev\":\"req\",\"route\":\"history\",\"status\":200,\"t\":1791352159925,\"ms\":10}","source":"console","time":"2026-10-07T05:49:19Z"}
{"level":"info","msg":"{\"ev\":\"req\",\"route\":\"problem_list\",\"status\":200,\"t\":1791352160024,\"ms\":8.9}","source":"console","time":"2026-10-07T05:49:20Z"}
{"level":"info","msg":"{\"ev\":\"req\",\"route\":\"problem_detail\",\"status\":200,\"t\":1791352160119,\"ms\":4}","source":"console","time":"2026-10-07T05:49:20Z"}
{"level":"info","msg":"{\"ev\":\"req\",\"route\":\"history\",\"status\":200,\"t\":1791352160225,\"ms\":10.9}","source":"console","time":"2026-10-07T05:49:20Z"}
{"level":"info","msg":"{\"ev\":\"req\",\"route\":\"submit\",\"status\":200,\"t\":1791352160266,\"ms\":1020.5}","source":"console","time":"2026-10-07T05:49:20Z"}
{"level":"info","msg":"{\"ev\":\"accepted\",\"id\":\"c310d04c-4809-4047-b94b-b1b291894f0e\",\"t\":1791352160266}","source":"console","time":"2026-10-07T05:49:20Z"}
{"level":"info","msg":"{\"ev\":\"req\",\"route\":\"problem_list\",\"status\":200,\"t\":1791352160319,\"ms\":4.4}","source":"console","time":"2026-10-07T05:49:20Z"}
{"level":"info","msg":"{\"ev\":\"req\",\"route\":\"problem_detail\",\"status\":200,\"t\":1791352160418,\"ms\":3.5}","source":"console","time":"2026-10-07T05:49:20Z"}
{"level":"info","msg":"{\"ev\":\"req\",\"route\":\"history\",\"status\":200,\"t\":1791352160521,\"ms\":5.6}","source":"console","time":"2026-10-07T05:49:20Z"}
{"level":"info","msg":"{\"ev\":\"req\",\"route\":\"problem_list\",\"status\":200,\"t\":1791352160618,\"ms\":3.3}","source":"console","time":"2026-10-07T05:49:20Z"}
{"level":"info","msg":"{\"ev\":\"req\",\"route\":\"problem_detail\",\"status\":200,\"t\":1791352160719,\"ms\":4}","source":"console","time":"2026-10-07T05:49:20Z"}
{"level":"info","msg":"{\"ev\":\"req\",\"route\":\"history\",\"status\":200,\"t\":1791352160819,\"ms\":4.5}","source":"console","time":"2026-10-07T05:49:20Z"}
{"level":"info","msg":"{\"ev\":\"req\",\"route\":\"problem_list\",\"status\":200,\"t\":1791352160918,\"ms\":3.6}","source":"console","time":"2026-10-07T05:49:20Z"}
{"level":"info","msg":"{\"ev\":\"req\",\"route\":\"problem_detail\",\"status\":200,\"t\":1791352161018,\"ms\":2.9}","source":"console","time":"2026-10-07T05:49:21Z"}
{"level":"info","msg":"{\"ev\":\"req\",\"route\":\"history\",\"status\":200,\"t\":1791352161126,\"ms\":10.5}","source":"console","time":"2026-10-07T05:49:21Z"}
{"level":"info","msg":"{\"ev\":\"req\",\"route\":\"problem_list\",\"status\":200,\"t\":1791352161223,\"ms\":8.5}","source":"console","time":"2026-10-07T05:49:21Z"}
{"level":"info","msg":"{\"ev\":\"req\",\"route\":\"problem_detail\",\"status\":200,\"t\":1791352161324,\"ms\":8.6}","source":"console","time":"2026-10-07T05:49:21Z"}
{"level":"info","msg":"{\"ev\":\"req\",\"route\":\"history\",\"status\":200,\"t\":1791352161425,\"ms\":10.2}","source":"console","time":"2026-10-07T05:49:21Z"}
{"level":"info","msg":"{\"ev\":\"req\",\"route\":\"problem_list\",\"status\":200,\"t\":1791352161526,\"ms\":10}","source":"console","time":"2026-10-07T05:49:21Z"}
{"level":"info","msg":"{\"ev\":\"req\",\"route\":\"problem_detail\",\"status\":200,\"t\":1791352161618,\"ms\":3.4}","source":"console","time":"2026-10-07T05:49:21Z"}
{"level":"info","msg":"{\"ev\":\"req\",\"route\":\"history\",\"status\":200,\"t\":1791352161725,\"ms\":10}","source":"console","time":"2026-10-07T05:49:21Z"}
{"level":"info","msg":"{\"ev\":\"req\",\"route\":\"problem_list\",\"status\":200,\"t\":1791352161824,\"ms\":9}","source":"console","time":"2026-10-07T05:49:21Z"}
{"level":"info","msg":"{\"ev\":\"req\",\"route\":\"problem_detail\",\"status\":200,\"t\":1791352161923,\"ms\":8.3}","source":"console","time":"2026-10-07T05:49:21Z"}
{"level":"info","msg":"{\"ev\":\"req\",\"route\":\"submit\",\"status\":200,\"t\":1791352161932,\"ms\":1019.5}","source":"console","time":"2026-10-07T05:49:21Z"}
{"level":"info","msg":"{\"ev\":\"accepted\",\"id\":\"668a1d0f-6f3b-4ade-b887-0d759b3ac8d2\",\"t\":1791352161932}","source":"console","time":"2026-10-07T05:49:21Z"}
{"level":"info","msg":"{\"ev\":\"req\",\"route\":\"history\",\"status\":200,\"t\":1791352162020,\"ms\":5.5}","source":"console","time":"2026-10-07T05:49:22Z"}
{"level":"info","msg":"{\"ev\":\"req\",\"route\":\"problem_list\",\"status\":200,\"t\":1791352162123,\"ms\":8.1}","source":"console","time":"2026-10-07T05:49:22Z"}
{"level":"info","msg":"{\"ev\":\"req\",\"route\":\"problem_detail\",\"status\":200,\"t\":1791352162219,\"ms\":4.4}","source":"console","time":"2026-10-07T05:49:22Z"}
{"level":"info","msg":"{\"ev\":\"req\",\"route\":\"history\",\"status\":200,\"t\":1791352162321,\"ms\":6.1}","source":"console","time":"2026-10-07T05:49:22Z"}
{"level":"info","msg":"{\"ev\":\"req\",\"route\":\"problem_list\",\"status\":200,\"t\":1791352162419,\"ms\":4.1}","source":"console","time":"2026-10-07T05:49:22Z"}
{"level":"info","msg":"{\"ev\":\"req\",\"route\":\"problem_detail\",\"status\":200,\"t\":1791352162518,\"ms\":3.5}","source":"console","time":"2026-10-07T05:49:22Z"}
{"level":"info","msg":"{\"ev\":\"req\",\"route\":\"history\",\"status\":200,\"t\":1791352162620,\"ms\":4.8}","source":"console","time":"2026-10-07T05:49:22Z"}
{"level":"info","msg":"{\"ev\":\"req\",\"route\":\"problem_list\",\"status\":200,\"t\":1791352162725,\"ms\":10.1}","source":"console","time":"2026-10-07T05:49:22Z"}
{"level":"info","msg":"{\"ev\":\"req\",\"route\":\"problem_detail\",\"status\":200,\"t\":1791352162818,\"ms\":3.4}","source":"console","time":"2026-10-07T05:49:22Z"}
{"level":"info","msg":"{\"ev\":\"req\",\"route\":\"history\",\"status\":200,\"t\":1791352162924,\"ms\":8.9}","source":"console","time":"2026-10-07T05:49:22Z"}
{"level":"info","msg":"{\"ev\":\"req\",\"route\":\"problem_list\",\"status\":200,\"t\":1791352163024,\"ms\":9.1}","source":"console","time":"2026-10-07T05:49:23Z"}
{"level":"info","msg":"{\"ev\":\"req\",\"route\":\"problem_detail\",\"status\":200,\"t\":1791352163123,\"ms\":8.1}","source":"console","time":"2026-10-07T05:49:23Z"}
{"level":"info","msg":"{\"ev\":\"req\",\"route\":\"history\",\"status\":200,\"t\":1791352163225,\"ms\":9.9}","source":"console","time":"2026-10-07T05:49:23Z"}
{"level":"info","msg":"{\"ev\":\"req\",\"route\":\"problem_list\",\"status\":200,\"t\":1791352163319,\"ms\":4.7}","source":"console","time":"2026-10-07T05:49:23Z"}
{"level":"info","msg":"{\"ev\":\"req\",\"route\":\"problem_detail\",\"status\":200,\"t\":1791352163419,\"ms\":3.8}","source":"console","time":"2026-10-07T05:49:23Z"}
{"level":"info","msg":"{\"ev\":\"req\",\"route\":\"history\",\"status\":200,\"t\":1791352163525,\"ms\":10.5}","source":"console","time":"2026-10-07T05:49:23Z"}
{"level":"info","msg":"{\"ev\":\"req\",\"route\":\"submit\",\"status\":200,\"t\":1791352163607,\"ms\":1028.2}","source":"console","time":"2026-10-07T05:49:23Z"}
{"level":"info","msg":"{\"ev\":\"accepted\",\"id\":\"a983ca58-f3cb-4621-b003-31f608c5a16c\",\"t\":1791352163607}","source":"console","time":"2026-10-07T05:49:23Z"}
{"level":"info","msg":"{\"ev\":\"req\",\"route\":\"problem_list\",\"status\":200,\"t\":1791352163621,\"ms\":5.8}","source":"console","time":"2026-10-07T05:49:23Z"}
{"level":"info","msg":"{\"ev\":\"req\",\"route\":\"problem_detail\",\"status\":200,\"t\":1791352163718,\"ms\":3.4}","source":"console","time":"2026-10-07T05:49:23Z"}
{"level":"info","msg":"{\"ev\":\"req\",\"route\":\"history\",\"status\":200,\"t\":1791352163820,\"ms\":5}","source":"console","time":"2026-10-07T05:49:23Z"}
{"level":"info","msg":"{\"ev\":\"req\",\"route\":\"problem_list\",\"status\":200,\"t\":1791352163918,\"ms\":3.8}","source":"console","time":"2026-10-07T05:49:23Z"}
{"level":"info","msg":"{\"ev\":\"req\",\"route\":\"problem_detail\",\"status\":200,\"t\":1791352164018,\"ms\":2.9}","source":"console","time":"2026-10-07T05:49:24Z"}
{"level":"info","msg":"{\"ev\":\"req\",\"route\":\"history\",\"status\":200,\"t\":1791352164119,\"ms\":4.3}","source":"console","time":"2026-10-07T05:49:24Z"}
{"level":"info","msg":"{\"ev\":\"req\",\"route\":\"problem_list\",\"status\":200,\"t\":1791352164218,\"ms\":3.1}","source":"console","time":"2026-10-07T05:49:24Z"}
{"level":"info","msg":"{\"ev\":\"req\",\"route\":\"problem_detail\",\"status\":200,\"t\":1791352164322,\"ms\":6.8}","source":"console","time":"2026-10-07T05:49:24Z"}
{"level":"info","msg":"{\"ev\":\"req\",\"route\":\"history\",\"status\":200,\"t\":1791352164425,\"ms\":9.8}","source":"console","time":"2026-10-07T05:49:24Z"}
{"level":"info","msg":"{\"ev\":\"req\",\"route\":\"problem_list\",\"status\":200,\"t\":1791352164524,\"ms\":8.8}","source":"console","time":"2026-10-07T05:49:24Z"}
{"level":"info","msg":"{\"ev\":\"req\",\"route\":\"problem_detail\",\"status\":200,\"t\":1791352164623,\"ms\":8}","source":"console","time":"2026-10-07T05:49:24Z"}
{"level":"info","msg":"{\"ev\":\"req\",\"route\":\"history\",\"status\":200,\"t\":1791352164723,\"ms\":8.7}","source":"console","time":"2026-10-07T05:49:24Z"}
{"level":"info","msg":"{\"ev\":\"req\",\"route\":\"problem_list\",\"status\":200,\"t\":1791352164823,\"ms\":8.6}","source":"console","time":"2026-10-07T05:49:24Z"}
{"level":"info","msg":"{\"ev\":\"req\",\"route\":\"problem_detail\",\"status\":200,\"t\":1791352164923,\"ms\":7.5}","source":"console","time":"2026-10-07T05:49:24Z"}
{"level":"info","msg":"{\"ev\":\"req\",\"route\":\"history\",\"status\":200,\"t\":1791352165025,\"ms\":9.6}","source":"console","time":"2026-10-07T05:49:25Z"}
{"level":"info","msg":"{\"ev\":\"req\",\"route\":\"problem_list\",\"status\":200,\"t\":1791352165123,\"ms\":8}","source":"console","time":"2026-10-07T05:49:25Z"}
{"level":"info","msg":"{\"ev\":\"req\",\"route\":\"problem_detail\",\"status\":200,\"t\":1791352165218,\"ms\":2.8}","source":"console","time":"2026-10-07T05:49:25Z"}
{"level":"info","msg":"{\"ev\":\"req\",\"route\":\"submit\",\"status\":200,\"t\":1791352165264,\"ms\":1018.7}","source":"console","time":"2026-10-07T05:49:25Z"}
{"level":"info","msg":"{\"ev\":\"accepted\",\"id\":\"3bb280ba-a838-4cd2-a1c5-dda12e642ed1\",\"t\":1791352165265}","source":"console","time":"2026-10-07T05:49:25Z"}
{"level":"info","msg":"{\"ev\":\"req\",\"route\":\"history\",\"status\":200,\"t\":1791352165321,\"ms\":5.9}","source":"console","time":"2026-10-07T05:49:25Z"}
{"level":"info","msg":"{\"ev\":\"req\",\"route\":\"problem_list\",\"status\":200,\"t\":1791352165421,\"ms\":6.1}","source":"console","time":"2026-10-07T05:49:25Z"}
{"level":"info","msg":"{\"ev\":\"req\",\"route\":\"problem_detail\",\"status\":200,\"t\":1791352165520,\"ms\":4.6}","source":"console","time":"2026-10-07T05:49:25Z"}
{"level":"info","msg":"{\"ev\":\"req\",\"route\":\"history\",\"status\":200,\"t\":1791352165620,\"ms\":5.2}","source":"console","time":"2026-10-07T05:49:25Z"}
{"level":"info","msg":"{\"ev\":\"req\",\"route\":\"problem_list\",\"status\":200,\"t\":1791352165719,\"ms\":3.5}","source":"console","time":"2026-10-07T05:49:25Z"}
{"level":"info","msg":"{\"ev\":\"req\",\"route\":\"problem_detail\",\"status\":200,\"t\":1791352165826,\"ms\":10.3}","source":"console","time":"2026-10-07T05:49:25Z"}
{"level":"info","msg":"{\"ev\":\"req\",\"route\":\"history\",\"status\":200,\"t\":1791352165926,\"ms\":10.8}","source":"console","time":"2026-10-07T05:49:25Z"}
{"level":"info","msg":"{\"ev\":\"req\",\"route\":\"problem_list\",\"status\":200,\"t\":1791352166018,\"ms\":3.3}","source":"console","time":"2026-10-07T05:49:26Z"}
{"level":"info","msg":"{\"ev\":\"req\",\"route\":\"problem_detail\",\"status\":200,\"t\":1791352166118,\"ms\":3.6}","source":"console","time":"2026-10-07T05:49:26Z"}
{"level":"info","msg":"{\"ev\":\"req\",\"route\":\"history\",\"status\":200,\"t\":1791352166220,\"ms\":4.8}","source":"console","time":"2026-10-07T05:49:26Z"}
{"level":"info","msg":"{\"ev\":\"req\",\"route\":\"problem_list\",\"status\":200,\"t\":1791352166323,\"ms\":7.9}","source":"console","time":"2026-10-07T05:49:26Z"}
{"level":"info","msg":"{\"ev\":\"req\",\"route\":\"problem_detail\",\"status\":200,\"t\":1791352166422,\"ms\":7.3}","source":"console","time":"2026-10-07T05:49:26Z"}
{"level":"info","msg":"{\"ev\":\"req\",\"route\":\"history\",\"status\":200,\"t\":1791352166526,\"ms\":11.2}","source":"console","time":"2026-10-07T05:49:26Z"}
{"level":"info","msg":"{\"ev\":\"req\",\"route\":\"problem_list\",\"status\":200,\"t\":1791352166624,\"ms\":8.9}","source":"console","time":"2026-10-07T05:49:26Z"}
{"level":"info","msg":"{\"ev\":\"req\",\"route\":\"problem_detail\",\"status\":200,\"t\":1791352166718,\"ms\":3.5}","source":"console","time":"2026-10-07T05:49:26Z"}
{"level":"info","msg":"{\"ev\":\"req\",\"route\":\"history\",\"status\":200,\"t\":1791352166820,\"ms\":4.8}","source":"console","time":"2026-10-07T05:49:26Z"}
{"level":"info","msg":"{\"ev\":\"req\",\"route\":\"problem_list\",\"status\":200,\"t\":1791352166919,\"ms\":4.5}","source":"console","time":"2026-10-07T05:49:26Z"}
{"level":"info","msg":"{\"ev\":\"req\",\"route\":\"submit\",\"status\":200,\"t\":1791352166938,\"ms\":1025}","source":"console","time":"2026-10-07T05:49:26Z"}
{"level":"info","msg":"{\"ev\":\"accepted\",\"id\":\"a9e864ab-a126-495f-a93e-221d3ba6ea24\",\"t\":1791352166938}","source":"console","time":"2026-10-07T05:49:26Z"}
{"level":"info","msg":"{\"ev\":\"req\",\"route\":\"problem_detail\",\"status\":200,\"t\":1791352167020,\"ms\":5.1}","source":"console","time":"2026-10-07T05:49:27Z"}
{"level":"info","msg":"{\"ev\":\"req\",\"route\":\"history\",\"status\":200,\"t\":1791352167120,\"ms\":5.4}","source":"console","time":"2026-10-07T05:49:27Z"}
{"level":"info","msg":"{\"ev\":\"req\",\"route\":\"problem_list\",\"status\":200,\"t\":1791352167220,\"ms\":5.2}","source":"console","time":"2026-10-07T05:49:27Z"}
{"level":"info","msg":"{\"ev\":\"req\",\"route\":\"problem_detail\",\"status\":200,\"t\":1791352167319,\"ms\":4.5}","source":"console","time":"2026-10-07T05:49:27Z"}
{"level":"info","msg":"{\"ev\":\"req\",\"route\":\"history\",\"status\":200,\"t\":1791352167421,\"ms\":5.7}","source":"console","time":"2026-10-07T05:49:27Z"}
{"level":"info","msg":"{\"ev\":\"req\",\"route\":\"problem_list\",\"status\":200,\"t\":1791352167518,\"ms\":3.7}","source":"console","time":"2026-10-07T05:49:27Z"}
{"level":"info","msg":"{\"ev\":\"req\",\"route\":\"problem_detail\",\"status\":200,\"t\":1791352167618,\"ms\":3.6}","source":"console","time":"2026-10-07T05:49:27Z"}
{"level":"info","msg":"{\"ev\":\"req\",\"route\":\"history\",\"status\":200,\"t\":1791352167719,\"ms\":4.7}","source":"console","time":"2026-10-07T05:49:27Z"}
{"level":"info","msg":"{\"ev\":\"req\",\"route\":\"problem_list\",\"status\":200,\"t\":1791352167819,\"ms\":4.2}","source":"console","time":"2026-10-07T05:49:27Z"}
{"level":"info","msg":"{\"ev\":\"req\",\"route\":\"problem_detail\",\"status\":200,\"t\":1791352167918,\"ms\":3.3}","source":"console","time":"2026-10-07T05:49:27Z"}
{"level":"info","msg":"{\"ev\":\"req\",\"route\":\"history\",\"status\":200,\"t\":1791352168020,\"ms\":5.8}","source":"console","time":"2026-10-07T05:49:28Z"}
{"level":"info","msg":"{\"ev\":\"req\",\"route\":\"problem_list\",\"status\":200,\"t\":1791352168122,\"ms\":7.8}","source":"console","time":"2026-10-07T05:49:28Z"}
{"level":"info","msg":"{\"ev\":\"req\",\"route\":\"problem_detail\",\"status\":200,\"t\":1791352168221,\"ms\":6}","source":"console","time":"2026-10-07T05:49:28Z"}
{"level":"info","msg":"{\"ev\":\"req\",\"route\":\"history\",\"status\":200,\"t\":1791352168326,\"ms\":10.9}","source":"console","time":"2026-10-07T05:49:28Z"}
{"level":"info","msg":"{\"ev\":\"req\",\"route\":\"problem_list\",\"status\":200,\"t\":1791352168424,\"ms\":8.9}","source":"console","time":"2026-10-07T05:49:28Z"}
{"level":"info","msg":"{\"ev\":\"req\",\"route\":\"problem_detail\",\"status\":200,\"t\":1791352168522,\"ms\":7.6}","source":"console","time":"2026-10-07T05:49:28Z"}
{"level":"info","msg":"{\"ev\":\"req\",\"route\":\"submit\",\"status\":200,\"t\":1791352168598,\"ms\":1019.8}","source":"console","time":"2026-10-07T05:49:28Z"}
{"level":"info","msg":"{\"ev\":\"accepted\",\"id\":\"9d1d89db-0cc7-4c76-a606-3a02c83acf78\",\"t\":1791352168599}","source":"console","time":"2026-10-07T05:49:28Z"}
{"level":"info","msg":"{\"ev\":\"req\",\"route\":\"history\",\"status\":200,\"t\":1791352168622,\"ms\":7.3}","source":"console","time":"2026-10-07T05:49:28Z"}
{"level":"info","msg":"{\"ev\":\"req\",\"route\":\"problem_list\",\"status\":200,\"t\":1791352168723,\"ms\":7.6}","source":"console","time":"2026-10-07T05:49:28Z"}
{"level":"info","msg":"{\"ev\":\"req\",\"route\":\"problem_detail\",\"status\":200,\"t\":1791352168819,\"ms\":4.1}","source":"console","time":"2026-10-07T05:49:28Z"}
{"level":"info","msg":"{\"ev\":\"req\",\"route\":\"history\",\"status\":200,\"t\":1791352168921,\"ms\":5.6}","source":"console","time":"2026-10-07T05:49:28Z"}
{"level":"info","msg":"{\"ev\":\"req\",\"route\":\"problem_list\",\"status\":200,\"t\":1791352169018,\"ms\":3.6}","source":"console","time":"2026-10-07T05:49:29Z"}
{"level":"info","msg":"{\"ev\":\"req\",\"route\":\"problem_detail\",\"status\":200,\"t\":1791352169117,\"ms\":2.9}","source":"console","time":"2026-10-07T05:49:29Z"}
{"level":"info","msg":"{\"ev\":\"req\",\"route\":\"history\",\"status\":200,\"t\":1791352169224,\"ms\":9.1}","source":"console","time":"2026-10-07T05:49:29Z"}
{"level":"info","msg":"{\"ev\":\"req\",\"route\":\"problem_list\",\"status\":200,\"t\":1791352169321,\"ms\":5.9}","source":"console","time":"2026-10-07T05:49:29Z"}
{"level":"info","msg":"{\"ev\":\"req\",\"route\":\"problem_detail\",\"status\":200,\"t\":1791352169422,\"ms\":7.5}","source":"console","time":"2026-10-07T05:49:29Z"}
{"level":"info","msg":"{\"ev\":\"req\",\"route\":\"history\",\"status\":200,\"t\":1791352169525,\"ms\":9.7}","source":"console","time":"2026-10-07T05:49:29Z"}
{"level":"info","msg":"{\"ev\":\"req\",\"route\":\"problem_list\",\"status\":200,\"t\":1791352169624,\"ms\":8.6}","source":"console","time":"2026-10-07T05:49:29Z"}
{"level":"info","msg":"{\"ev\":\"req\",\"route\":\"problem_detail\",\"status\":200,\"t\":1791352169723,\"ms\":8.3}","source":"console","time":"2026-10-07T05:49:29Z"}
{"level":"info","msg":"{\"ev\":\"req\",\"route\":\"history\",\"status\":200,\"t\":1791352169825,\"ms\":10.3}","source":"console","time":"2026-10-07T05:49:29Z"}
{"level":"info","msg":"{\"ev\":\"req\",\"route\":\"problem_list\",\"status\":200,\"t\":1791352169923,\"ms\":8.8}","source":"console","time":"2026-10-07T05:49:29Z"}
{"level":"info","msg":"{\"ev\":\"req\",\"route\":\"problem_detail\",\"status\":200,\"t\":1791352170023,\"ms\":7.8}","source":"console","time":"2026-10-07T05:49:30Z"}
{"level":"info","msg":"{\"ev\":\"req\",\"route\":\"history\",\"status\":200,\"t\":1791352170126,\"ms\":11.2}","source":"console","time":"2026-10-07T05:49:30Z"}
{"level":"info","msg":"{\"ev\":\"req\",\"route\":\"problem_list\",\"status\":200,\"t\":1791352170224,\"ms\":8.3}","source":"console","time":"2026-10-07T05:49:30Z"}
{"level":"info","msg":"{\"ev\":\"req\",\"route\":\"submit\",\"status\":200,\"t\":1791352170262,\"ms\":1016.2}","source":"console","time":"2026-10-07T05:49:30Z"}
{"level":"info","msg":"{\"ev\":\"accepted\",\"id\":\"69277da4-d75b-4651-8ea3-35a167023300\",\"t\":1791352170263}","source":"console","time":"2026-10-07T05:49:30Z"}
{"level":"info","msg":"{\"ev\":\"req\",\"route\":\"problem_detail\",\"status\":200,\"t\":1791352170319,\"ms\":4}","source":"console","time":"2026-10-07T05:49:30Z"}
{"level":"info","msg":"{\"ev\":\"req\",\"route\":\"history\",\"status\":200,\"t\":1791352170419,\"ms\":4.5}","source":"console","time":"2026-10-07T05:49:30Z"}
{"level":"info","msg":"{\"ev\":\"req\",\"route\":\"problem_list\",\"status\":200,\"t\":1791352170519,\"ms\":3.6}","source":"console","time":"2026-10-07T05:49:30Z"}
{"level":"info","msg":"{\"ev\":\"req\",\"route\":\"problem_detail\",\"status\":200,\"t\":1791352170619,\"ms\":4.5}","source":"console","time":"2026-10-07T05:49:30Z"}
{"level":"info","msg":"{\"ev\":\"req\",\"route\":\"history\",\"status\":200,\"t\":1791352170719,\"ms\":4.2}","source":"console","time":"2026-10-07T05:49:30Z"}
{"level":"info","msg":"{\"ev\":\"req\",\"route\":\"problem_list\",\"status\":200,\"t\":1791352170819,\"ms\":3.8}","source":"console","time":"2026-10-07T05:49:30Z"}
{"level":"info","msg":"{\"ev\":\"req\",\"route\":\"problem_detail\",\"status\":200,\"t\":1791352170921,\"ms\":6.9}","source":"console","time":"2026-10-07T05:49:30Z"}
{"level":"info","msg":"{\"ev\":\"req\",\"route\":\"history\",\"status\":200,\"t\":1791352171027,\"ms\":9.4}","source":"console","time":"2026-10-07T05:49:31Z"}
{"level":"info","msg":"{\"ev\":\"req\",\"route\":\"problem_list\",\"status\":200,\"t\":1791352171123,\"ms\":8.2}","source":"console","time":"2026-10-07T05:49:31Z"}
{"level":"info","msg":"{\"ev\":\"req\",\"route\":\"problem_detail\",\"status\":200,\"t\":1791352171219,\"ms\":3.9}","source":"console","time":"2026-10-07T05:49:31Z"}
{"level":"info","msg":"{\"ev\":\"req\",\"route\":\"history\",\"status\":200,\"t\":1791352171318,\"ms\":4}","source":"console","time":"2026-10-07T05:49:31Z"}
{"level":"info","msg":"{\"ev\":\"req\",\"route\":\"problem_list\",\"status\":200,\"t\":1791352171424,\"ms\":9.2}","source":"console","time":"2026-10-07T05:49:31Z"}
{"level":"info","msg":"{\"ev\":\"req\",\"route\":\"problem_detail\",\"status\":200,\"t\":1791352171518,\"ms\":3.4}","source":"console","time":"2026-10-07T05:49:31Z"}
{"level":"info","msg":"{\"ev\":\"req\",\"route\":\"history\",\"status\":200,\"t\":1791352171624,\"ms\":9}","source":"console","time":"2026-10-07T05:49:31Z"}
{"level":"info","msg":"{\"ev\":\"req\",\"route\":\"problem_list\",\"status\":200,\"t\":1791352171723,\"ms\":7.7}","source":"console","time":"2026-10-07T05:49:31Z"}
{"level":"info","msg":"{\"ev\":\"req\",\"route\":\"problem_detail\",\"status\":200,\"t\":1791352171822,\"ms\":7.4}","source":"console","time":"2026-10-07T05:49:31Z"}
{"level":"info","msg":"{\"ev\":\"req\",\"route\":\"history\",\"status\":200,\"t\":1791352171926,\"ms\":10.9}","source":"console","time":"2026-10-07T05:49:31Z"}
{"level":"info","msg":"{\"ev\":\"req\",\"route\":\"submit\",\"status\":200,\"t\":1791352171932,\"ms\":1020}","source":"console","time":"2026-10-07T05:49:31Z"}
{"level":"info","msg":"{\"ev\":\"accepted\",\"id\":\"185691d7-5972-467f-bc37-3bd8116c77ca\",\"t\":1791352171933}","source":"console","time":"2026-10-07T05:49:31Z"}
{"level":"info","msg":"{\"ev\":\"req\",\"route\":\"problem_list\",\"status\":200,\"t\":1791352172018,\"ms\":3.7}","source":"console","time":"2026-10-07T05:49:32Z"}
{"level":"info","msg":"{\"ev\":\"req\",\"route\":\"problem_detail\",\"status\":200,\"t\":1791352172119,\"ms\":3.6}","source":"console","time":"2026-10-07T05:49:32Z"}
{"level":"info","msg":"{\"ev\":\"req\",\"route\":\"history\",\"status\":200,\"t\":1791352172222,\"ms\":7.2}","source":"console","time":"2026-10-07T05:49:32Z"}
{"level":"info","msg":"{\"ev\":\"req\",\"route\":\"problem_list\",\"status\":200,\"t\":1791352172318,\"ms\":3.6}","source":"console","time":"2026-10-07T05:49:32Z"}
{"level":"info","msg":"{\"ev\":\"req\",\"route\":\"problem_detail\",\"status\":200,\"t\":1791352172419,\"ms\":3.4}","source":"console","time":"2026-10-07T05:49:32Z"}
{"level":"info","msg":"{\"ev\":\"req\",\"route\":\"history\",\"status\":200,\"t\":1791352172523,\"ms\":8.2}","source":"console","time":"2026-10-07T05:49:32Z"}
{"level":"info","msg":"{\"ev\":\"req\",\"route\":\"problem_list\",\"status\":200,\"t\":1791352172618,\"ms\":3.3}","source":"console","time":"2026-10-07T05:49:32Z"}
{"level":"info","msg":"{\"ev\":\"req\",\"route\":\"problem_detail\",\"status\":200,\"t\":1791352172722,\"ms\":7.8}","source":"console","time":"2026-10-07T05:49:32Z"}
{"level":"info","msg":"{\"ev\":\"req\",\"route\":\"history\",\"status\":200,\"t\":1791352172824,\"ms\":9.7}","source":"console","time":"2026-10-07T05:49:32Z"}
{"level":"info","msg":"{\"ev\":\"req\",\"route\":\"problem_list\",\"status\":200,\"t\":1791352172923,\"ms\":7.6}","source":"console","time":"2026-10-07T05:49:32Z"}
{"level":"info","msg":"{\"ev\":\"req\",\"route\":\"problem_detail\",\"status\":200,\"t\":1791352173020,\"ms\":5.6}","source":"console","time":"2026-10-07T05:49:33Z"}
{"level":"info","msg":"{\"ev\":\"req\",\"route\":\"history\",\"status\":200,\"t\":1791352173126,\"ms\":10.7}","source":"console","time":"2026-10-07T05:49:33Z"}
{"level":"info","msg":"{\"ev\":\"req\",\"route\":\"problem_list\",\"status\":200,\"t\":1791352173219,\"ms\":4.2}","source":"console","time":"2026-10-07T05:49:33Z"}
{"level":"info","msg":"{\"ev\":\"req\",\"route\":\"problem_detail\",\"status\":200,\"t\":1791352173319,\"ms\":3.7}","source":"console","time":"2026-10-07T05:49:33Z"}
{"level":"info","msg":"{\"ev\":\"req\",\"route\":\"history\",\"status\":200,\"t\":1791352173424,\"ms\":9.2}","source":"console","time":"2026-10-07T05:49:33Z"}
{"level":"info","msg":"{\"ev\":\"req\",\"route\":\"problem_list\",\"status\":200,\"t\":1791352173524,\"ms\":8.4}","source":"console","time":"2026-10-07T05:49:33Z"}
{"level":"info","msg":"{\"ev\":\"req\",\"route\":\"submit\",\"status\":200,\"t\":1791352173598,\"ms\":1019.2}","source":"console","time":"2026-10-07T05:49:33Z"}
{"level":"info","msg":"{\"ev\":\"accepted\",\"id\":\"55a00514-8ca4-4561-abfc-838a33e9bde2\",\"t\":1791352173599}","source":"console","time":"2026-10-07T05:49:33Z"}
{"level":"info","msg":"{\"ev\":\"req\",\"route\":\"problem_detail\",\"status\":200,\"t\":1791352173622,\"ms\":6.7}","source":"console","time":"2026-10-07T05:49:33Z"}
{"level":"info","msg":"{\"ev\":\"req\",\"route\":\"history\",\"status\":200,\"t\":1791352173720,\"ms\":5.1}","source":"console","time":"2026-10-07T05:49:33Z"}
{"level":"info","msg":"{\"ev\":\"req\",\"route\":\"problem_list\",\"status\":200,\"t\":1791352173819,\"ms\":4.7}","source":"console","time":"2026-10-07T05:49:33Z"}
{"level":"info","msg":"{\"ev\":\"req\",\"route\":\"problem_detail\",\"status\":200,\"t\":1791352173919,\"ms\":4}","source":"console","time":"2026-10-07T05:49:33Z"}
{"level":"info","msg":"{\"ev\":\"req\",\"route\":\"history\",\"status\":200,\"t\":1791352174020,\"ms\":4.7}","source":"console","time":"2026-10-07T05:49:34Z"}
{"level":"info","msg":"{\"ev\":\"req\",\"route\":\"problem_list\",\"status\":200,\"t\":1791352174118,\"ms\":3.6}","source":"console","time":"2026-10-07T05:49:34Z"}
{"level":"info","msg":"{\"ev\":\"req\",\"route\":\"problem_detail\",\"status\":200,\"t\":1791352174218,\"ms\":3.3}","source":"console","time":"2026-10-07T05:49:34Z"}
{"level":"info","msg":"{\"ev\":\"req\",\"route\":\"history\",\"status\":200,\"t\":1791352174321,\"ms\":6}","source":"console","time":"2026-10-07T05:49:34Z"}
{"level":"info","msg":"{\"ev\":\"req\",\"route\":\"problem_list\",\"status\":200,\"t\":1791352174419,\"ms\":3.7}","source":"console","time":"2026-10-07T05:49:34Z"}
{"level":"info","msg":"{\"ev\":\"req\",\"route\":\"problem_detail\",\"status\":200,\"t\":1791352174518,\"ms\":3.2}","source":"console","time":"2026-10-07T05:49:34Z"}
{"level":"info","msg":"{\"ev\":\"req\",\"route\":\"history\",\"status\":200,\"t\":1791352174625,\"ms\":9.2}","source":"console","time":"2026-10-07T05:49:34Z"}
{"level":"info","msg":"{\"ev\":\"req\",\"route\":\"problem_list\",\"status\":200,\"t\":1791352174723,\"ms\":8.3}","source":"console","time":"2026-10-07T05:49:34Z"}
{"level":"info","msg":"{\"ev\":\"req\",\"route\":\"problem_detail\",\"status\":200,\"t\":1791352174824,\"ms\":8.5}","source":"console","time":"2026-10-07T05:49:34Z"}
{"level":"info","msg":"{\"ev\":\"req\",\"route\":\"history\",\"status\":200,\"t\":1791352174924,\"ms\":9}","source":"console","time":"2026-10-07T05:49:34Z"}
{"level":"info","msg":"{\"ev\":\"req\",\"route\":\"problem_list\",\"status\":200,\"t\":1791352175018,\"ms\":4.3}","source":"console","time":"2026-10-07T05:49:35Z"}
{"level":"info","msg":"{\"ev\":\"req\",\"route\":\"problem_detail\",\"status\":200,\"t\":1791352175119,\"ms\":3.9}","source":"console","time":"2026-10-07T05:49:35Z"}
{"level":"info","msg":"{\"ev\":\"req\",\"route\":\"history\",\"status\":200,\"t\":1791352175219,\"ms\":4.8}","source":"console","time":"2026-10-07T05:49:35Z"}
{"level":"info","msg":"{\"ev\":\"req\",\"route\":\"submit\",\"status\":200,\"t\":1791352175264,\"ms\":1018.7}","source":"console","time":"2026-10-07T05:49:35Z"}
{"level":"info","msg":"{\"ev\":\"accepted\",\"id\":\"65521bf2-255e-43e1-904d-b27a428f75e8\",\"t\":1791352175265}","source":"console","time":"2026-10-07T05:49:35Z"}
{"level":"info","msg":"{\"ev\":\"req\",\"route\":\"problem_list\",\"status\":200,\"t\":1791352175324,\"ms\":9.4}","source":"console","time":"2026-10-07T05:49:35Z"}
{"level":"info","msg":"{\"ev\":\"req\",\"route\":\"problem_detail\",\"status\":200,\"t\":1791352175420,\"ms\":5.1}","source":"console","time":"2026-10-07T05:49:35Z"}
{"level":"info","msg":"{\"ev\":\"req\",\"route\":\"history\",\"status\":200,\"t\":1791352175522,\"ms\":6.5}","source":"console","time":"2026-10-07T05:49:35Z"}
{"level":"info","msg":"{\"ev\":\"req\",\"route\":\"problem_list\",\"status\":200,\"t\":1791352175620,\"ms\":4.9}","source":"console","time":"2026-10-07T05:49:35Z"}
{"level":"info","msg":"{\"ev\":\"req\",\"route\":\"problem_detail\",\"status\":200,\"t\":1791352175719,\"ms\":3.9}","source":"console","time":"2026-10-07T05:49:35Z"}
{"level":"info","msg":"{\"ev\":\"req\",\"route\":\"history\",\"status\":200,\"t\":1791352175820,\"ms\":5.5}","source":"console","time":"2026-10-07T05:49:35Z"}
{"level":"info","msg":"{\"ev\":\"req\",\"route\":\"problem_list\",\"status\":200,\"t\":1791352175918,\"ms\":3}","source":"console","time":"2026-10-07T05:49:35Z"}
{"level":"info","msg":"{\"ev\":\"req\",\"route\":\"problem_detail\",\"status\":200,\"t\":1791352176023,\"ms\":8.1}","source":"console","time":"2026-10-07T05:49:36Z"}
{"level":"info","msg":"{\"ev\":\"req\",\"route\":\"history\",\"status\":200,\"t\":1791352176122,\"ms\":7.1}","source":"console","time":"2026-10-07T05:49:36Z"}
{"level":"info","msg":"{\"ev\":\"req\",\"route\":\"problem_list\",\"status\":200,\"t\":1791352176222,\"ms\":7.6}","source":"console","time":"2026-10-07T05:49:36Z"}
{"level":"info","msg":"{\"ev\":\"req\",\"route\":\"problem_detail\",\"status\":200,\"t\":1791352176322,\"ms\":7.6}","source":"console","time":"2026-10-07T05:49:36Z"}
{"level":"info","msg":"{\"ev\":\"req\",\"route\":\"history\",\"status\":200,\"t\":1791352176426,\"ms\":10.6}","source":"console","time":"2026-10-07T05:49:36Z"}
{"level":"info","msg":"{\"ev\":\"req\",\"route\":\"problem_list\",\"status\":200,\"t\":1791352176524,\"ms\":9}","source":"console","time":"2026-10-07T05:49:36Z"}
{"level":"info","msg":"{\"ev\":\"req\",\"route\":\"problem_detail\",\"status\":200,\"t\":1791352176623,\"ms\":8.1}","source":"console","time":"2026-10-07T05:49:36Z"}
{"level":"info","msg":"{\"ev\":\"req\",\"route\":\"history\",\"status\":200,\"t\":1791352176725,\"ms\":10.3}","source":"console","time":"2026-10-07T05:49:36Z"}
{"level":"info","msg":"{\"ev\":\"req\",\"route\":\"problem_list\",\"status\":200,\"t\":1791352176823,\"ms\":8.2}","source":"console","time":"2026-10-07T05:49:36Z"}
{"level":"info","msg":"{\"ev\":\"req\",\"route\":\"problem_detail\",\"status\":200,\"t\":1791352176923,\"ms\":8.1}","source":"console","time":"2026-10-07T05:49:36Z"}
{"level":"info","msg":"{\"ev\":\"req\",\"route\":\"submit\",\"status\":200,\"t\":1791352176931,\"ms\":1018.8}","source":"console","time":"2026-10-07T05:49:36Z"}
{"level":"info","msg":"{\"ev\":\"accepted\",\"id\":\"44764cc2-da4b-405e-8baf-e81d55c04614\",\"t\":1791352176932}","source":"console","time":"2026-10-07T05:49:36Z"}
{"level":"info","msg":"{\"ev\":\"req\",\"route\":\"history\",\"status\":200,\"t\":1791352177020,\"ms\":4.6}","source":"console","time":"2026-10-07T05:49:37Z"}
{"level":"info","msg":"{\"ev\":\"req\",\"route\":\"problem_list\",\"status\":200,\"t\":1791352177119,\"ms\":4.1}","source":"console","time":"2026-10-07T05:49:37Z"}
{"level":"info","msg":"{\"ev\":\"req\",\"route\":\"problem_detail\",\"status\":200,\"t\":1791352177219,\"ms\":3.6}","source":"console","time":"2026-10-07T05:49:37Z"}
{"level":"info","msg":"{\"ev\":\"req\",\"route\":\"history\",\"status\":200,\"t\":1791352177319,\"ms\":4.5}","source":"console","time":"2026-10-07T05:49:37Z"}
{"level":"info","msg":"{\"ev\":\"req\",\"route\":\"problem_list\",\"status\":200,\"t\":1791352177418,\"ms\":3.6}","source":"console","time":"2026-10-07T05:49:37Z"}
{"level":"info","msg":"{\"ev\":\"req\",\"route\":\"problem_detail\",\"status\":200,\"t\":1791352177519,\"ms\":3.5}","source":"console","time":"2026-10-07T05:49:37Z"}
{"level":"info","msg":"{\"ev\":\"req\",\"route\":\"history\",\"status\":200,\"t\":1791352177619,\"ms\":4.4}","source":"console","time":"2026-10-07T05:49:37Z"}
{"level":"info","msg":"{\"ev\":\"req\",\"route\":\"problem_list\",\"status\":200,\"t\":1791352177722,\"ms\":7.6}","source":"console","time":"2026-10-07T05:49:37Z"}
{"level":"info","msg":"{\"ev\":\"req\",\"route\":\"problem_detail\",\"status\":200,\"t\":1791352177818,\"ms\":3.4}","source":"console","time":"2026-10-07T05:49:37Z"}
{"level":"info","msg":"{\"ev\":\"req\",\"route\":\"history\",\"status\":200,\"t\":1791352177919,\"ms\":4.8}","source":"console","time":"2026-10-07T05:49:37Z"}
{"level":"info","msg":"{\"ev\":\"req\",\"route\":\"problem_list\",\"status\":200,\"t\":1791352178019,\"ms\":3.8}","source":"console","time":"2026-10-07T05:49:38Z"}
{"level":"info","msg":"{\"ev\":\"req\",\"route\":\"problem_detail\",\"status\":200,\"t\":1791352178118,\"ms\":3.7}","source":"console","time":"2026-10-07T05:49:38Z"}
{"level":"info","msg":"{\"ev\":\"req\",\"route\":\"history\",\"status\":200,\"t\":1791352178221,\"ms\":5.8}","source":"console","time":"2026-10-07T05:49:38Z"}
{"level":"info","msg":"{\"ev\":\"req\",\"route\":\"problem_list\",\"status\":200,\"t\":1791352178319,\"ms\":4}","source":"console","time":"2026-10-07T05:49:38Z"}
{"level":"info","msg":"{\"ev\":\"req\",\"route\":\"problem_detail\",\"status\":200,\"t\":1791352178418,\"ms\":3.4}","source":"console","time":"2026-10-07T05:49:38Z"}
{"level":"info","msg":"{\"ev\":\"req\",\"route\":\"history\",\"status\":200,\"t\":1791352178519,\"ms\":4.9}","source":"console","time":"2026-10-07T05:49:38Z"}
{"level":"info","msg":"{\"ev\":\"req\",\"route\":\"submit\",\"status\":200,\"t\":1791352178602,\"ms\":1022.3}","source":"console","time":"2026-10-07T05:49:38Z"}
{"level":"info","msg":"{\"ev\":\"accepted\",\"id\":\"31eca223-c9c9-4496-a20e-1581b01c0689\",\"t\":1791352178602}","source":"console","time":"2026-10-07T05:49:38Z"}
{"level":"info","msg":"{\"ev\":\"req\",\"route\":\"problem_list\",\"status\":200,\"t\":1791352178619,\"ms\":4.8}","source":"console","time":"2026-10-07T05:49:38Z"}
{"level":"info","msg":"{\"ev\":\"req\",\"route\":\"problem_detail\",\"status\":200,\"t\":1791352178720,\"ms\":5.4}","source":"console","time":"2026-10-07T05:49:38Z"}
{"level":"info","msg":"{\"ev\":\"req\",\"route\":\"history\",\"status\":200,\"t\":1791352178822,\"ms\":6.7}","source":"console","time":"2026-10-07T05:49:38Z"}
{"level":"info","msg":"{\"ev\":\"req\",\"route\":\"problem_list\",\"status\":200,\"t\":1791352178920,\"ms\":5.6}","source":"console","time":"2026-10-07T05:49:38Z"}
{"level":"info","msg":"{\"ev\":\"req\",\"route\":\"problem_detail\",\"status\":200,\"t\":1791352179019,\"ms\":3.8}","source":"console","time":"2026-10-07T05:49:39Z"}
{"level":"info","msg":"{\"ev\":\"req\",\"route\":\"history\",\"status\":200,\"t\":1791352179124,\"ms\":9.8}","source":"console","time":"2026-10-07T05:49:39Z"}
{"level":"info","msg":"{\"ev\":\"req\",\"route\":\"problem_list\",\"status\":200,\"t\":1791352179222,\"ms\":7.8}","source":"console","time":"2026-10-07T05:49:39Z"}
{"level":"info","msg":"{\"ev\":\"req\",\"route\":\"problem_detail\",\"status\":200,\"t\":1791352179322,\"ms\":7.6}","source":"console","time":"2026-10-07T05:49:39Z"}
{"level":"info","msg":"{\"ev\":\"req\",\"route\":\"history\",\"status\":200,\"t\":1791352179422,\"ms\":7.8}","source":"console","time":"2026-10-07T05:49:39Z"}
{"level":"info","msg":"{\"ev\":\"req\",\"route\":\"problem_list\",\"status\":200,\"t\":1791352179523,\"ms\":8.9}","source":"console","time":"2026-10-07T05:49:39Z"}
{"level":"info","msg":"{\"ev\":\"req\",\"route\":\"problem_detail\",\"status\":200,\"t\":1791352179624,\"ms\":8.9}","source":"console","time":"2026-10-07T05:49:39Z"}
{"level":"info","msg":"{\"ev\":\"req\",\"route\":\"history\",\"status\":200,\"t\":1791352179738,\"ms\":22.9}","source":"console","time":"2026-10-07T05:49:39Z"}
{"level":"info","msg":"{\"ev\":\"req\",\"route\":\"problem_list\",\"status\":200,\"t\":1791352179823,\"ms\":7.9}","source":"console","time":"2026-10-07T05:49:39Z"}
{"level":"info","msg":"{\"ev\":\"req\",\"route\":\"problem_detail\",\"status\":200,\"t\":1791352179923,\"ms\":8.2}","source":"console","time":"2026-10-07T05:49:39Z"}
{"level":"info","msg":"{\"ev\":\"req\",\"route\":\"history\",\"status\":200,\"t\":1791352180027,\"ms\":11.8}","source":"console","time":"2026-10-07T05:49:40Z"}
{"level":"info","msg":"{\"ev\":\"req\",\"route\":\"problem_list\",\"status\":200,\"t\":1791352180123,\"ms\":8.3}","source":"console","time":"2026-10-07T05:49:40Z"}
{"level":"info","msg":"{\"ev\":\"req\",\"route\":\"problem_detail\",\"status\":200,\"t\":1791352180218,\"ms\":3.3}","source":"console","time":"2026-10-07T05:49:40Z"}
{"level":"info","msg":"{\"ev\":\"req\",\"route\":\"submit\",\"status\":200,\"t\":1791352180272,\"ms\":1026.1}","source":"console","time":"2026-10-07T05:49:40Z"}
{"level":"info","msg":"{\"ev\":\"accepted\",\"id\":\"c0a8934a-db51-4742-83e4-852974c4c5a7\",\"t\":1791352180272}","source":"console","time":"2026-10-07T05:49:40Z"}
{"level":"info","msg":"{\"ev\":\"req\",\"route\":\"history\",\"status\":200,\"t\":1791352180320,\"ms\":5}","source":"console","time":"2026-10-07T05:49:40Z"}
{"level":"info","msg":"{\"ev\":\"req\",\"route\":\"problem_list\",\"status\":200,\"t\":1791352180419,\"ms\":4.3}","source":"console","time":"2026-10-07T05:49:40Z"}
{"level":"info","msg":"{\"ev\":\"req\",\"route\":\"problem_detail\",\"status\":200,\"t\":1791352180519,\"ms\":3.8}","source":"console","time":"2026-10-07T05:49:40Z"}
{"level":"info","msg":"{\"ev\":\"req\",\"route\":\"history\",\"status\":200,\"t\":1791352180620,\"ms\":5.2}","source":"console","time":"2026-10-07T05:49:40Z"}
{"level":"info","msg":"{\"ev\":\"req\",\"route\":\"problem_list\",\"status\":200,\"t\":1791352180718,\"ms\":3.3}","source":"console","time":"2026-10-07T05:49:40Z"}
{"level":"info","msg":"{\"ev\":\"req\",\"route\":\"problem_detail\",\"status\":200,\"t\":1791352180819,\"ms\":4}","source":"console","time":"2026-10-07T05:49:40Z"}
{"level":"info","msg":"{\"ev\":\"req\",\"route\":\"history\",\"status\":200,\"t\":1791352180919,\"ms\":5}","source":"console","time":"2026-10-07T05:49:40Z"}
{"level":"info","msg":"{\"ev\":\"req\",\"route\":\"problem_list\",\"status\":200,\"t\":1791352181022,\"ms\":7.6}","source":"console","time":"2026-10-07T05:49:41Z"}
{"level":"info","msg":"{\"ev\":\"req\",\"route\":\"problem_detail\",\"status\":200,\"t\":1791352181122,\"ms\":6.9}","source":"console","time":"2026-10-07T05:49:41Z"}
{"level":"info","msg":"{\"ev\":\"req\",\"route\":\"history\",\"status\":200,\"t\":1791352181219,\"ms\":4.1}","source":"console","time":"2026-10-07T05:49:41Z"}
{"level":"info","msg":"{\"ev\":\"req\",\"route\":\"problem_list\",\"status\":200,\"t\":1791352181319,\"ms\":3.8}","source":"console","time":"2026-10-07T05:49:41Z"}
{"level":"info","msg":"{\"ev\":\"req\",\"route\":\"problem_detail\",\"status\":200,\"t\":1791352181424,\"ms\":9.5}","source":"console","time":"2026-10-07T05:49:41Z"}
{"level":"info","msg":"{\"ev\":\"req\",\"route\":\"history\",\"status\":200,\"t\":1791352181525,\"ms\":10}","source":"console","time":"2026-10-07T05:49:41Z"}
{"level":"info","msg":"{\"ev\":\"req\",\"route\":\"problem_list\",\"status\":200,\"t\":1791352181622,\"ms\":7.3}","source":"console","time":"2026-10-07T05:49:41Z"}
{"level":"info","msg":"{\"ev\":\"req\",\"route\":\"problem_detail\",\"status\":200,\"t\":1791352181724,\"ms\":8.9}","source":"console","time":"2026-10-07T05:49:41Z"}
{"level":"info","msg":"{\"ev\":\"req\",\"route\":\"history\",\"status\":200,\"t\":1791352181825,\"ms\":9.5}","source":"console","time":"2026-10-07T05:49:41Z"}
{"level":"info","msg":"{\"ev\":\"req\",\"route\":\"problem_list\",\"status\":200,\"t\":1791352181920,\"ms\":5.4}","source":"console","time":"2026-10-07T05:49:41Z"}
{"level":"info","msg":"{\"ev\":\"req\",\"route\":\"submit\",\"status\":200,\"t\":1791352181931,\"ms\":1018.5}","source":"console","time":"2026-10-07T05:49:41Z"}
{"level":"info","msg":"{\"ev\":\"accepted\",\"id\":\"ebe85fd8-381a-4c74-9837-94b25f056bc3\",\"t\":1791352181931}","source":"console","time":"2026-10-07T05:49:41Z"}
{"level":"info","msg":"{\"ev\":\"req\",\"route\":\"problem_detail\",\"status\":200,\"t\":1791352182021,\"ms\":5.6}","source":"console","time":"2026-10-07T05:49:42Z"}
{"level":"info","msg":"{\"ev\":\"req\",\"route\":\"history\",\"status\":200,\"t\":1791352182121,\"ms\":6.8}","source":"console","time":"2026-10-07T05:49:42Z"}
{"level":"info","msg":"{\"ev\":\"req\",\"route\":\"problem_list\",\"status\":200,\"t\":1791352182219,\"ms\":4.4}","source":"console","time":"2026-10-07T05:49:42Z"}
{"level":"info","msg":"{\"ev\":\"req\",\"route\":\"problem_detail\",\"status\":200,\"t\":1791352182318,\"ms\":3.9}","source":"console","time":"2026-10-07T05:49:42Z"}
{"level":"info","msg":"{\"ev\":\"req\",\"route\":\"history\",\"status\":200,\"t\":1791352182419,\"ms\":4.9}","source":"console","time":"2026-10-07T05:49:42Z"}
{"level":"info","msg":"{\"ev\":\"req\",\"route\":\"problem_list\",\"status\":200,\"t\":1791352182524,\"ms\":8.6}","source":"console","time":"2026-10-07T05:49:42Z"}
{"level":"info","msg":"{\"ev\":\"req\",\"route\":\"problem_detail\",\"status\":200,\"t\":1791352182618,\"ms\":3.5}","source":"console","time":"2026-10-07T05:49:42Z"}
{"level":"info","msg":"{\"ev\":\"req\",\"route\":\"history\",\"status\":200,\"t\":1791352182724,\"ms\":9.7}","source":"console","time":"2026-10-07T05:49:42Z"}
{"level":"info","msg":"{\"ev\":\"req\",\"route\":\"problem_list\",\"status\":200,\"t\":1791352182824,\"ms\":9.2}","source":"console","time":"2026-10-07T05:49:42Z"}
{"level":"info","msg":"{\"ev\":\"req\",\"route\":\"problem_detail\",\"status\":200,\"t\":1791352182921,\"ms\":6.8}","source":"console","time":"2026-10-07T05:49:42Z"}
{"level":"info","msg":"{\"ev\":\"req\",\"route\":\"history\",\"status\":200,\"t\":1791352183024,\"ms\":9.2}","source":"console","time":"2026-10-07T05:49:43Z"}
{"level":"info","msg":"{\"ev\":\"req\",\"route\":\"problem_list\",\"status\":200,\"t\":1791352183118,\"ms\":3.5}","source":"console","time":"2026-10-07T05:49:43Z"}
{"level":"info","msg":"{\"ev\":\"req\",\"route\":\"problem_detail\",\"status\":200,\"t\":1791352183223,\"ms\":8}","source":"console","time":"2026-10-07T05:49:43Z"}
{"level":"info","msg":"{\"ev\":\"req\",\"route\":\"history\",\"status\":200,\"t\":1791352183325,\"ms\":10}","source":"console","time":"2026-10-07T05:49:43Z"}
{"level":"info","msg":"{\"ev\":\"req\",\"route\":\"problem_list\",\"status\":200,\"t\":1791352183418,\"ms\":3.1}","source":"console","time":"2026-10-07T05:49:43Z"}
{"level":"info","msg":"{\"ev\":\"req\",\"route\":\"problem_detail\",\"status\":200,\"t\":1791352183518,\"ms\":3}","source":"console","time":"2026-10-07T05:49:43Z"}
{"level":"info","msg":"{\"ev\":\"req\",\"route\":\"submit\",\"status\":200,\"t\":1791352183606,\"ms\":1027.3}","source":"console","time":"2026-10-07T05:49:43Z"}
{"level":"info","msg":"{\"ev\":\"accepted\",\"id\":\"3490fe69-58e5-47c4-9fbb-ad483f9ad3b5\",\"t\":1791352183607}","source":"console","time":"2026-10-07T05:49:43Z"}
{"level":"info","msg":"{\"ev\":\"req\",\"route\":\"history\",\"status\":200,\"t\":1791352183623,\"ms\":8.4}","source":"console","time":"2026-10-07T05:49:43Z"}
{"level":"info","msg":"{\"ev\":\"req\",\"route\":\"problem_list\",\"status\":200,\"t\":1791352183718,\"ms\":3.1}","source":"console","time":"2026-10-07T05:49:43Z"}
{"level":"info","msg":"{\"ev\":\"req\",\"route\":\"problem_detail\",\"status\":200,\"t\":1791352183818,\"ms\":3.4}","source":"console","time":"2026-10-07T05:49:43Z"}
{"level":"info","msg":"{\"ev\":\"req\",\"route\":\"history\",\"status\":200,\"t\":1791352183919,\"ms\":4.5}","source":"console","time":"2026-10-07T05:49:43Z"}
{"level":"info","msg":"{\"ev\":\"req\",\"route\":\"problem_list\",\"status\":200,\"t\":1791352184019,\"ms\":3.4}","source":"console","time":"2026-10-07T05:49:44Z"}
{"level":"info","msg":"{\"ev\":\"req\",\"route\":\"problem_detail\",\"status\":200,\"t\":1791352184118,\"ms\":3.6}","source":"console","time":"2026-10-07T05:49:44Z"}
{"level":"info","msg":"{\"ev\":\"req\",\"route\":\"history\",\"status\":200,\"t\":1791352184220,\"ms\":5}","source":"console","time":"2026-10-07T05:49:44Z"}
{"level":"info","msg":"{\"ev\":\"req\",\"route\":\"problem_list\",\"status\":200,\"t\":1791352184318,\"ms\":3.3}","source":"console","time":"2026-10-07T05:49:44Z"}
{"level":"info","msg":"{\"ev\":\"req\",\"route\":\"problem_detail\",\"status\":200,\"t\":1791352184422,\"ms\":7.1}","source":"console","time":"2026-10-07T05:49:44Z"}
{"level":"info","msg":"{\"ev\":\"req\",\"route\":\"history\",\"status\":200,\"t\":1791352184526,\"ms\":11.2}","source":"console","time":"2026-10-07T05:49:44Z"}
{"level":"info","msg":"{\"ev\":\"req\",\"route\":\"problem_list\",\"status\":200,\"t\":1791352184623,\"ms\":8.6}","source":"console","time":"2026-10-07T05:49:44Z"}
{"level":"info","msg":"{\"ev\":\"req\",\"route\":\"problem_detail\",\"status\":200,\"t\":1791352184723,\"ms\":8}","source":"console","time":"2026-10-07T05:49:44Z"}
{"level":"info","msg":"{\"ev\":\"req\",\"route\":\"history\",\"status\":200,\"t\":1791352184825,\"ms\":9.9}","source":"console","time":"2026-10-07T05:49:44Z"}
{"level":"info","msg":"{\"ev\":\"req\",\"route\":\"problem_list\",\"status\":200,\"t\":1791352184925,\"ms\":9.4}","source":"console","time":"2026-10-07T05:49:44Z"}
{"level":"info","msg":"{\"ev\":\"req\",\"route\":\"problem_detail\",\"status\":200,\"t\":1791352185023,\"ms\":8.2}","source":"console","time":"2026-10-07T05:49:45Z"}
{"level":"info","msg":"{\"ev\":\"req\",\"route\":\"history\",\"status\":200,\"t\":1791352185125,\"ms\":9.9}","source":"console","time":"2026-10-07T05:49:45Z"}
{"level":"info","msg":"{\"ev\":\"req\",\"route\":\"problem_list\",\"status\":200,\"t\":1791352185223,\"ms\":7.6}","source":"console","time":"2026-10-07T05:49:45Z"}
{"level":"info","msg":"{\"ev\":\"req\",\"route\":\"submit\",\"status\":200,\"t\":1791352185265,\"ms\":1019.6}","source":"console","time":"2026-10-07T05:49:45Z"}
{"level":"info","msg":"{\"ev\":\"accepted\",\"id\":\"3e93cfdf-b5d0-4d6d-8c88-dad0d3098c0e\",\"t\":1791352185265}","source":"console","time":"2026-10-07T05:49:45Z"}
{"level":"info","msg":"{\"ev\":\"req\",\"route\":\"problem_detail\",\"status\":200,\"t\":1791352185319,\"ms\":4.5}","source":"console","time":"2026-10-07T05:49:45Z"}
{"level":"info","msg":"{\"ev\":\"req\",\"route\":\"history\",\"status\":200,\"t\":1791352185421,\"ms\":6.3}","source":"console","time":"2026-10-07T05:49:45Z"}
{"level":"info","msg":"{\"ev\":\"req\",\"route\":\"problem_list\",\"status\":200,\"t\":1791352185520,\"ms\":5.2}","source":"console","time":"2026-10-07T05:49:45Z"}
{"level":"info","msg":"{\"ev\":\"req\",\"route\":\"problem_detail\",\"status\":200,\"t\":1791352185619,\"ms\":3.8}","source":"console","time":"2026-10-07T05:49:45Z"}
{"level":"info","msg":"{\"ev\":\"req\",\"route\":\"history\",\"status\":200,\"t\":1791352185720,\"ms\":5.3}","source":"console","time":"2026-10-07T05:49:45Z"}
{"level":"info","msg":"{\"ev\":\"req\",\"route\":\"problem_list\",\"status\":200,\"t\":1791352185823,\"ms\":8.3}","source":"console","time":"2026-10-07T05:49:45Z"}
{"level":"info","msg":"{\"ev\":\"req\",\"route\":\"problem_detail\",\"status\":200,\"t\":1791352185918,\"ms\":3.1}","source":"console","time":"2026-10-07T05:49:45Z"}
{"level":"info","msg":"{\"ev\":\"req\",\"route\":\"history\",\"status\":200,\"t\":1791352186025,\"ms\":10.8}","source":"console","time":"2026-10-07T05:49:46Z"}
{"level":"info","msg":"{\"ev\":\"req\",\"route\":\"problem_list\",\"status\":200,\"t\":1791352186123,\"ms\":8}","source":"console","time":"2026-10-07T05:49:46Z"}
{"level":"info","msg":"{\"ev\":\"req\",\"route\":\"problem_detail\",\"status\":200,\"t\":1791352186223,\"ms\":7.9}","source":"console","time":"2026-10-07T05:49:46Z"}
{"level":"info","msg":"{\"ev\":\"req\",\"route\":\"history\",\"status\":200,\"t\":1791352186326,\"ms\":10.7}","source":"console","time":"2026-10-07T05:49:46Z"}
{"level":"info","msg":"{\"ev\":\"req\",\"route\":\"problem_list\",\"status\":200,\"t\":1791352186424,\"ms\":8.3}","source":"console","time":"2026-10-07T05:49:46Z"}
{"level":"info","msg":"{\"ev\":\"req\",\"route\":\"problem_detail\",\"status\":200,\"t\":1791352186522,\"ms\":6.5}","source":"console","time":"2026-10-07T05:49:46Z"}
{"level":"info","msg":"{\"ev\":\"req\",\"route\":\"history\",\"status\":200,\"t\":1791352186623,\"ms\":8.3}","source":"console","time":"2026-10-07T05:49:46Z"}
{"level":"info","msg":"{\"ev\":\"req\",\"route\":\"problem_list\",\"status\":200,\"t\":1791352186718,\"ms\":3.7}","source":"console","time":"2026-10-07T05:49:46Z"}
{"level":"info","msg":"{\"ev\":\"req\",\"route\":\"problem_detail\",\"status\":200,\"t\":1791352186823,\"ms\":7.8}","source":"console","time":"2026-10-07T05:49:46Z"}
{"level":"info","msg":"{\"ev\":\"req\",\"route\":\"history\",\"status\":200,\"t\":1791352186922,\"ms\":7}","source":"console","time":"2026-10-07T05:49:46Z"}
{"level":"info","msg":"{\"ev\":\"req\",\"route\":\"submit\",\"status\":200,\"t\":1791352186929,\"ms\":1016.7}","source":"console","time":"2026-10-07T05:49:46Z"}
{"level":"info","msg":"{\"ev\":\"accepted\",\"id\":\"f43d1177-862f-4bef-b1b4-6404c03501ee\",\"t\":1791352186929}","source":"console","time":"2026-10-07T05:49:46Z"}
{"level":"info","msg":"{\"ev\":\"req\",\"route\":\"problem_list\",\"status\":200,\"t\":1791352187018,\"ms\":3.9}","source":"console","time":"2026-10-07T05:49:47Z"}
{"level":"info","msg":"{\"ev\":\"req\",\"route\":\"problem_detail\",\"status\":200,\"t\":1791352187118,\"ms\":3.6}","source":"console","time":"2026-10-07T05:49:47Z"}
{"level":"info","msg":"{\"ev\":\"req\",\"route\":\"history\",\"status\":200,\"t\":1791352187220,\"ms\":4.7}","source":"console","time":"2026-10-07T05:49:47Z"}
{"level":"info","msg":"{\"ev\":\"req\",\"route\":\"problem_list\",\"status\":200,\"t\":1791352187318,\"ms\":3.6}","source":"console","time":"2026-10-07T05:49:47Z"}
{"level":"info","msg":"{\"ev\":\"req\",\"route\":\"problem_detail\",\"status\":200,\"t\":1791352187419,\"ms\":3.4}","source":"console","time":"2026-10-07T05:49:47Z"}
{"level":"info","msg":"{\"ev\":\"req\",\"route\":\"history\",\"status\":200,\"t\":1791352187519,\"ms\":4.3}","source":"console","time":"2026-10-07T05:49:47Z"}
{"level":"info","msg":"{\"ev\":\"req\",\"route\":\"problem_list\",\"status\":200,\"t\":1791352187620,\"ms\":5.8}","source":"console","time":"2026-10-07T05:49:47Z"}
{"level":"info","msg":"{\"ev\":\"req\",\"route\":\"problem_detail\",\"status\":200,\"t\":1791352187719,\"ms\":3.4}","source":"console","time":"2026-10-07T05:49:47Z"}
{"level":"info","msg":"{\"ev\":\"req\",\"route\":\"history\",\"status\":200,\"t\":1791352187824,\"ms\":9.1}","source":"console","time":"2026-10-07T05:49:47Z"}
{"level":"info","msg":"{\"ev\":\"req\",\"route\":\"problem_list\",\"status\":200,\"t\":1791352187924,\"ms\":9.1}","source":"console","time":"2026-10-07T05:49:47Z"}
{"level":"info","msg":"{\"ev\":\"req\",\"route\":\"problem_detail\",\"status\":200,\"t\":1791352188023,\"ms\":8.2}","source":"console","time":"2026-10-07T05:49:48Z"}
{"level":"info","msg":"{\"ev\":\"req\",\"route\":\"history\",\"status\":200,\"t\":1791352188126,\"ms\":11.4}","source":"console","time":"2026-10-07T05:49:48Z"}
{"level":"info","msg":"{\"ev\":\"req\",\"route\":\"problem_list\",\"status\":200,\"t\":1791352188224,\"ms\":8.1}","source":"console","time":"2026-10-07T05:49:48Z"}
{"level":"info","msg":"{\"ev\":\"req\",\"route\":\"problem_detail\",\"status\":200,\"t\":1791352188323,\"ms\":7.8}","source":"console","time":"2026-10-07T05:49:48Z"}
{"level":"info","msg":"{\"ev\":\"req\",\"route\":\"history\",\"status\":200,\"t\":1791352188426,\"ms\":11.1}","source":"console","time":"2026-10-07T05:49:48Z"}
{"level":"info","msg":"{\"ev\":\"req\",\"route\":\"problem_list\",\"status\":200,\"t\":1791352188524,\"ms\":9.1}","source":"console","time":"2026-10-07T05:49:48Z"}
{"level":"info","msg":"{\"ev\":\"req\",\"route\":\"submit\",\"status\":200,\"t\":1791352188598,\"ms\":1018.3}","source":"console","time":"2026-10-07T05:49:48Z"}
{"level":"info","msg":"{\"ev\":\"accepted\",\"id\":\"62199b26-e8b4-40a0-9727-356bfdf23f7b\",\"t\":1791352188598}","source":"console","time":"2026-10-07T05:49:48Z"}
{"level":"info","msg":"{\"ev\":\"req\",\"route\":\"problem_detail\",\"status\":200,\"t\":1791352188618,\"ms\":2.9}","source":"console","time":"2026-10-07T05:49:48Z"}
{"level":"info","msg":"{\"ev\":\"req\",\"route\":\"history\",\"status\":200,\"t\":1791352188720,\"ms\":5.9}","source":"console","time":"2026-10-07T05:49:48Z"}
{"level":"info","msg":"{\"ev\":\"req\",\"route\":\"problem_list\",\"status\":200,\"t\":1791352188820,\"ms\":4.9}","source":"console","time":"2026-10-07T05:49:48Z"}
{"level":"info","msg":"{\"ev\":\"req\",\"route\":\"problem_detail\",\"status\":200,\"t\":1791352188919,\"ms\":4.4}","source":"console","time":"2026-10-07T05:49:48Z"}
{"level":"info","msg":"{\"ev\":\"req\",\"route\":\"history\",\"status\":200,\"t\":1791352189019,\"ms\":4.7}","source":"console","time":"2026-10-07T05:49:49Z"}
{"level":"info","msg":"{\"ev\":\"req\",\"route\":\"problem_list\",\"status\":200,\"t\":1791352189119,\"ms\":3.9}","source":"console","time":"2026-10-07T05:49:49Z"}
{"level":"info","msg":"{\"ev\":\"req\",\"route\":\"problem_detail\",\"status\":200,\"t\":1791352189221,\"ms\":6.7}","source":"console","time":"2026-10-07T05:49:49Z"}
{"level":"info","msg":"{\"ev\":\"req\",\"route\":\"history\",\"status\":200,\"t\":1791352189319,\"ms\":4.7}","source":"console","time":"2026-10-07T05:49:49Z"}
{"level":"info","msg":"{\"ev\":\"req\",\"route\":\"problem_list\",\"status\":200,\"t\":1791352189419,\"ms\":4.5}","source":"console","time":"2026-10-07T05:49:49Z"}
{"level":"info","msg":"{\"ev\":\"req\",\"route\":\"problem_detail\",\"status\":200,\"t\":1791352189518,\"ms\":3.3}","source":"console","time":"2026-10-07T05:49:49Z"}
{"level":"info","msg":"{\"ev\":\"req\",\"route\":\"history\",\"status\":200,\"t\":1791352189622,\"ms\":7}","source":"console","time":"2026-10-07T05:49:49Z"}
{"level":"info","msg":"{\"ev\":\"req\",\"route\":\"problem_list\",\"status\":200,\"t\":1791352189723,\"ms\":7.6}","source":"console","time":"2026-10-07T05:49:49Z"}
{"level":"info","msg":"{\"ev\":\"req\",\"route\":\"problem_detail\",\"status\":200,\"t\":1791352189818,\"ms\":3.3}","source":"console","time":"2026-10-07T05:49:49Z"}
{"level":"info","msg":"{\"ev\":\"req\",\"route\":\"history\",\"status\":200,\"t\":1791352189927,\"ms\":11.3}","source":"console","time":"2026-10-07T05:49:49Z"}
{"level":"info","msg":"{\"ev\":\"req\",\"route\":\"problem_list\",\"status\":200,\"t\":1791352190024,\"ms\":9.4}","source":"console","time":"2026-10-07T05:49:50Z"}
{"level":"info","msg":"{\"ev\":\"req\",\"route\":\"problem_detail\",\"status\":200,\"t\":1791352190124,\"ms\":8.5}","source":"console","time":"2026-10-07T05:49:50Z"}
{"level":"info","msg":"{\"ev\":\"req\",\"route\":\"history\",\"status\":200,\"t\":1791352190220,\"ms\":6}","source":"console","time":"2026-10-07T05:49:50Z"}
{"level":"info","msg":"{\"ev\":\"req\",\"route\":\"submit\",\"status\":200,\"t\":1791352190266,\"ms\":1020.5}","source":"console","time":"2026-10-07T05:49:50Z"}
{"level":"info","msg":"{\"ev\":\"accepted\",\"id\":\"5eca7b72-7bbf-4a67-99be-63f2d5301b82\",\"t\":1791352190267}","source":"console","time":"2026-10-07T05:49:50Z"}
{"level":"info","msg":"{\"ev\":\"req\",\"route\":\"problem_list\",\"status\":200,\"t\":1791352190318,\"ms\":3.3}","source":"console","time":"2026-10-07T05:49:50Z"}
{"level":"info","msg":"{\"ev\":\"req\",\"route\":\"problem_detail\",\"status\":200,\"t\":1791352190419,\"ms\":3.6}","source":"console","time":"2026-10-07T05:49:50Z"}
{"level":"info","msg":"{\"ev\":\"req\",\"route\":\"history\",\"status\":200,\"t\":1791352190520,\"ms\":5.3}","source":"console","time":"2026-10-07T05:49:50Z"}
{"level":"info","msg":"{\"ev\":\"req\",\"route\":\"problem_list\",\"status\":200,\"t\":1791352190618,\"ms\":3.2}","source":"console","time":"2026-10-07T05:49:50Z"}
{"level":"info","msg":"{\"ev\":\"req\",\"route\":\"problem_detail\",\"status\":200,\"t\":1791352190719,\"ms\":3.4}","source":"console","time":"2026-10-07T05:49:50Z"}
{"level":"info","msg":"{\"ev\":\"req\",\"route\":\"history\",\"status\":200,\"t\":1791352190818,\"ms\":3.9}","source":"console","time":"2026-10-07T05:49:50Z"}
{"level":"info","msg":"{\"ev\":\"req\",\"route\":\"problem_list\",\"status\":200,\"t\":1791352190919,\"ms\":4.4}","source":"console","time":"2026-10-07T05:49:50Z"}
{"level":"info","msg":"{\"ev\":\"req\",\"route\":\"problem_detail\",\"status\":200,\"t\":1791352191019,\"ms\":3.4}","source":"console","time":"2026-10-07T05:49:51Z"}
{"level":"info","msg":"{\"ev\":\"req\",\"route\":\"history\",\"status\":200,\"t\":1791352191119,\"ms\":4.5}","source":"console","time":"2026-10-07T05:49:51Z"}
{"level":"info","msg":"{\"ev\":\"req\",\"route\":\"problem_list\",\"status\":200,\"t\":1791352191224,\"ms\":8.9}","source":"console","time":"2026-10-07T05:49:51Z"}
{"level":"info","msg":"{\"ev\":\"req\",\"route\":\"problem_detail\",\"status\":200,\"t\":1791352191323,\"ms\":7.8}","source":"console","time":"2026-10-07T05:49:51Z"}
{"level":"info","msg":"{\"ev\":\"req\",\"route\":\"history\",\"status\":200,\"t\":1791352191425,\"ms\":10.1}","source":"console","time":"2026-10-07T05:49:51Z"}
{"level":"info","msg":"{\"ev\":\"req\",\"route\":\"problem_list\",\"status\":200,\"t\":1791352191524,\"ms\":9}","source":"console","time":"2026-10-07T05:49:51Z"}
{"level":"info","msg":"{\"ev\":\"req\",\"route\":\"problem_detail\",\"status\":200,\"t\":1791352191623,\"ms\":7.7}","source":"console","time":"2026-10-07T05:49:51Z"}
{"level":"info","msg":"{\"ev\":\"req\",\"route\":\"history\",\"status\":200,\"t\":1791352191724,\"ms\":9.6}","source":"console","time":"2026-10-07T05:49:51Z"}
{"level":"info","msg":"{\"ev\":\"req\",\"route\":\"problem_list\",\"status\":200,\"t\":1791352191823,\"ms\":7.8}","source":"console","time":"2026-10-07T05:49:51Z"}
{"level":"info","msg":"{\"ev\":\"req\",\"route\":\"problem_detail\",\"status\":200,\"t\":1791352191922,\"ms\":7.9}","source":"console","time":"2026-10-07T05:49:51Z"}
{"level":"info","msg":"{\"ev\":\"req\",\"route\":\"submit\",\"status\":200,\"t\":1791352191932,\"ms\":1020}","source":"console","time":"2026-10-07T05:49:51Z"}
{"level":"info","msg":"{\"ev\":\"accepted\",\"id\":\"baf04a8b-882a-45ec-8b2c-2b18f07a22aa\",\"t\":1791352191932}","source":"console","time":"2026-10-07T05:49:51Z"}
{"level":"info","msg":"{\"ev\":\"req\",\"route\":\"history\",\"status\":200,\"t\":1791352192020,\"ms\":6}","source":"console","time":"2026-10-07T05:49:52Z"}
{"level":"info","msg":"{\"ev\":\"req\",\"route\":\"problem_list\",\"status\":200,\"t\":1791352192120,\"ms\":5.2}","source":"console","time":"2026-10-07T05:49:52Z"}
{"level":"info","msg":"{\"ev\":\"req\",\"route\":\"problem_detail\",\"status\":200,\"t\":1791352192219,\"ms\":4.4}","source":"console","time":"2026-10-07T05:49:52Z"}
{"level":"info","msg":"{\"ev\":\"req\",\"route\":\"history\",\"status\":200,\"t\":1791352192321,\"ms\":6.3}","source":"console","time":"2026-10-07T05:49:52Z"}
{"level":"info","msg":"{\"ev\":\"req\",\"route\":\"problem_list\",\"status\":200,\"t\":1791352192419,\"ms\":4.4}","source":"console","time":"2026-10-07T05:49:52Z"}
{"level":"info","msg":"{\"ev\":\"req\",\"route\":\"problem_detail\",\"status\":200,\"t\":1791352192521,\"ms\":6.9}","source":"console","time":"2026-10-07T05:49:52Z"}
{"level":"info","msg":"{\"ev\":\"req\",\"route\":\"history\",\"status\":200,\"t\":1791352192619,\"ms\":4.4}","source":"console","time":"2026-10-07T05:49:52Z"}
{"level":"info","msg":"{\"ev\":\"req\",\"route\":\"problem_list\",\"status\":200,\"t\":1791352192718,\"ms\":3.2}","source":"console","time":"2026-10-07T05:49:52Z"}
{"level":"info","msg":"{\"ev\":\"req\",\"route\":\"problem_detail\",\"status\":200,\"t\":1791352192818,\"ms\":3.2}","source":"console","time":"2026-10-07T05:49:52Z"}
{"level":"info","msg":"{\"ev\":\"req\",\"route\":\"history\",\"status\":200,\"t\":1791352192919,\"ms\":4.1}","source":"console","time":"2026-10-07T05:49:52Z"}
{"level":"info","msg":"{\"ev\":\"req\",\"route\":\"problem_list\",\"status\":200,\"t\":1791352193022,\"ms\":7.2}","source":"console","time":"2026-10-07T05:49:53Z"}
{"level":"info","msg":"{\"ev\":\"req\",\"route\":\"problem_detail\",\"status\":200,\"t\":1791352193123,\"ms\":7.6}","source":"console","time":"2026-10-07T05:49:53Z"}
{"level":"info","msg":"{\"ev\":\"req\",\"route\":\"history\",\"status\":200,\"t\":1791352193218,\"ms\":3.7}","source":"console","time":"2026-10-07T05:49:53Z"}
{"level":"info","msg":"{\"ev\":\"req\",\"route\":\"problem_list\",\"status\":200,\"t\":1791352193324,\"ms\":8.1}","source":"console","time":"2026-10-07T05:49:53Z"}
{"level":"info","msg":"{\"ev\":\"req\",\"route\":\"problem_detail\",\"status\":200,\"t\":1791352193417,\"ms\":3}","source":"console","time":"2026-10-07T05:49:53Z"}
{"level":"info","msg":"{\"ev\":\"req\",\"route\":\"history\",\"status\":200,\"t\":1791352193525,\"ms\":10.3}","source":"console","time":"2026-10-07T05:49:53Z"}
{"level":"info","msg":"{\"ev\":\"req\",\"route\":\"submit\",\"status\":200,\"t\":1791352193610,\"ms\":1030.3}","source":"console","time":"2026-10-07T05:49:53Z"}
{"level":"info","msg":"{\"ev\":\"accepted\",\"id\":\"f472c06b-1499-4335-9b2e-31f9c28e1001\",\"t\":1791352193610}","source":"console","time":"2026-10-07T05:49:53Z"}
{"level":"info","msg":"{\"ev\":\"req\",\"route\":\"problem_list\",\"status\":200,\"t\":1791352193623,\"ms\":7.6}","source":"console","time":"2026-10-07T05:49:53Z"}
{"level":"info","msg":"{\"ev\":\"req\",\"route\":\"problem_detail\",\"status\":200,\"t\":1791352193718,\"ms\":3.5}","source":"console","time":"2026-10-07T05:49:53Z"}
{"level":"info","msg":"{\"ev\":\"req\",\"route\":\"history\",\"status\":200,\"t\":1791352193819,\"ms\":4.5}","source":"console","time":"2026-10-07T05:49:53Z"}
{"level":"info","msg":"{\"ev\":\"req\",\"route\":\"problem_list\",\"status\":200,\"t\":1791352193918,\"ms\":3.5}","source":"console","time":"2026-10-07T05:49:53Z"}
{"level":"info","msg":"{\"ev\":\"req\",\"route\":\"problem_detail\",\"status\":200,\"t\":1791352194018,\"ms\":3.9}","source":"console","time":"2026-10-07T05:49:54Z"}
{"level":"info","msg":"{\"ev\":\"req\",\"route\":\"history\",\"status\":200,\"t\":1791352194120,\"ms\":4.9}","source":"console","time":"2026-10-07T05:49:54Z"}
{"level":"info","msg":"{\"ev\":\"req\",\"route\":\"problem_list\",\"status\":200,\"t\":1791352194219,\"ms\":3.4}","source":"console","time":"2026-10-07T05:49:54Z"}
{"level":"info","msg":"{\"ev\":\"req\",\"route\":\"problem_detail\",\"status\":200,\"t\":1791352194318,\"ms\":3.6}","source":"console","time":"2026-10-07T05:49:54Z"}
{"level":"info","msg":"{\"ev\":\"req\",\"route\":\"history\",\"status\":200,\"t\":1791352194421,\"ms\":5.8}","source":"console","time":"2026-10-07T05:49:54Z"}
{"level":"info","msg":"{\"ev\":\"req\",\"route\":\"problem_list\",\"status\":200,\"t\":1791352194523,\"ms\":8.4}","source":"console","time":"2026-10-07T05:49:54Z"}
{"level":"info","msg":"{\"ev\":\"req\",\"route\":\"problem_detail\",\"status\":200,\"t\":1791352194624,\"ms\":9}","source":"console","time":"2026-10-07T05:49:54Z"}
{"level":"info","msg":"{\"ev\":\"req\",\"route\":\"history\",\"status\":200,\"t\":1791352194725,\"ms\":10.7}","source":"console","time":"2026-10-07T05:49:54Z"}
{"level":"info","msg":"{\"ev\":\"req\",\"route\":\"problem_list\",\"status\":200,\"t\":1791352194819,\"ms\":3.4}","source":"console","time":"2026-10-07T05:49:54Z"}
{"level":"info","msg":"{\"ev\":\"req\",\"route\":\"problem_detail\",\"status\":200,\"t\":1791352194922,\"ms\":7}","source":"console","time":"2026-10-07T05:49:54Z"}
{"level":"info","msg":"{\"ev\":\"req\",\"route\":\"history\",\"status\":200,\"t\":1791352195025,\"ms\":10.1}","source":"console","time":"2026-10-07T05:49:55Z"}
{"level":"info","msg":"{\"ev\":\"req\",\"route\":\"problem_list\",\"status\":200,\"t\":1791352195124,\"ms\":9.5}","source":"console","time":"2026-10-07T05:49:55Z"}
{"level":"info","msg":"{\"ev\":\"req\",\"route\":\"problem_detail\",\"status\":200,\"t\":1791352195222,\"ms\":7.8}","source":"console","time":"2026-10-07T05:49:55Z"}
{"level":"info","msg":"{\"ev\":\"req\",\"route\":\"submit\",\"status\":200,\"t\":1791352195267,\"ms\":1020.6}","source":"console","time":"2026-10-07T05:49:55Z"}
{"level":"info","msg":"{\"ev\":\"accepted\",\"id\":\"4b66a2aa-abd5-486e-b8d7-de4398105ed5\",\"t\":1791352195267}","source":"console","time":"2026-10-07T05:49:55Z"}
{"level":"info","msg":"{\"ev\":\"req\",\"route\":\"history\",\"status\":200,\"t\":1791352195320,\"ms\":5.5}","source":"console","time":"2026-10-07T05:49:55Z"}
{"level":"info","msg":"{\"ev\":\"req\",\"route\":\"problem_list\",\"status\":200,\"t\":1791352195419,\"ms\":5}","source":"console","time":"2026-10-07T05:49:55Z"}
{"level":"info","msg":"{\"ev\":\"req\",\"route\":\"problem_detail\",\"status\":200,\"t\":1791352195519,\"ms\":4.4}","source":"console","time":"2026-10-07T05:49:55Z"}
{"level":"info","msg":"{\"ev\":\"req\",\"route\":\"history\",\"status\":200,\"t\":1791352195622,\"ms\":6.5}","source":"console","time":"2026-10-07T05:49:55Z"}
{"level":"info","msg":"{\"ev\":\"req\",\"route\":\"problem_list\",\"status\":200,\"t\":1791352195718,\"ms\":3.7}","source":"console","time":"2026-10-07T05:49:55Z"}
{"level":"info","msg":"{\"ev\":\"req\",\"route\":\"problem_detail\",\"status\":200,\"t\":1791352195822,\"ms\":7.1}","source":"console","time":"2026-10-07T05:49:55Z"}
{"level":"info","msg":"{\"ev\":\"req\",\"route\":\"history\",\"status\":200,\"t\":1791352195919,\"ms\":4.3}","source":"console","time":"2026-10-07T05:49:55Z"}
{"level":"info","msg":"{\"ev\":\"req\",\"route\":\"problem_list\",\"status\":200,\"t\":1791352196024,\"ms\":8.3}","source":"console","time":"2026-10-07T05:49:56Z"}
{"level":"info","msg":"{\"ev\":\"req\",\"route\":\"submit\",\"status\":200,\"t\":1791352196077,\"ms\":165.1}","source":"console","time":"2026-10-07T05:49:56Z"}
{"level":"info","msg":"{\"ev\":\"accepted\",\"id\":\"3338b10d-9d95-40f1-8838-984024028766\",\"t\":1791352196077}","source":"console","time":"2026-10-07T05:49:56Z"}
{"level":"info","msg":"{\"ev\":\"req\",\"route\":\"problem_detail\",\"status\":200,\"t\":1791352196119,\"ms\":3.9}","source":"console","time":"2026-10-07T05:49:56Z"}
{"level":"info","msg":"{\"ev\":\"req\",\"route\":\"history\",\"status\":200,\"t\":1791352196219,\"ms\":4.6}","source":"console","time":"2026-10-07T05:49:56Z"}
{"level":"info","msg":"{\"ev\":\"req\",\"route\":\"problem_list\",\"status\":200,\"t\":1791352196318,\"ms\":3.6}","source":"console","time":"2026-10-07T05:49:56Z"}
{"level":"info","msg":"{\"ev\":\"req\",\"route\":\"problem_detail\",\"status\":200,\"t\":1791352196419,\"ms\":3.9}","source":"console","time":"2026-10-07T05:49:56Z"}
{"level":"info","msg":"{\"ev\":\"req\",\"route\":\"history\",\"status\":200,\"t\":1791352196519,\"ms\":4.3}","source":"console","time":"2026-10-07T05:49:56Z"}
{"level":"info","msg":"{\"ev\":\"req\",\"route\":\"problem_list\",\"status\":200,\"t\":1791352196619,\"ms\":4.3}","source":"console","time":"2026-10-07T05:49:56Z"}
{"level":"info","msg":"{\"ev\":\"req\",\"route\":\"problem_detail\",\"status\":200,\"t\":1791352196720,\"ms\":5}","source":"console","time":"2026-10-07T05:49:56Z"}
{"level":"info","msg":"{\"ev\":\"req\",\"route\":\"history\",\"status\":200,\"t\":1791352196824,\"ms\":8.9}","source":"console","time":"2026-10-07T05:49:56Z"}
{"level":"info","msg":"{\"ev\":\"req\",\"route\":\"problem_list\",\"status\":200,\"t\":1791352196923,\"ms\":8.2}","source":"console","time":"2026-10-07T05:49:56Z"}
{"level":"info","msg":"{\"ev\":\"req\",\"route\":\"problem_detail\",\"status\":200,\"t\":1791352197024,\"ms\":8.5}","source":"console","time":"2026-10-07T05:49:57Z"}
{"level":"info","msg":"{\"ev\":\"req\",\"route\":\"history\",\"status\":200,\"t\":1791352197125,\"ms\":9.6}","source":"console","time":"2026-10-07T05:49:57Z"}
{"level":"info","msg":"{\"ev\":\"req\",\"route\":\"problem_list\",\"status\":200,\"t\":1791352197220,\"ms\":4.5}","source":"console","time":"2026-10-07T05:49:57Z"}
{"level":"info","msg":"{\"ev\":\"req\",\"route\":\"problem_detail\",\"status\":200,\"t\":1791352197323,\"ms\":7.9}","source":"console","time":"2026-10-07T05:49:57Z"}
{"level":"info","msg":"{\"ev\":\"req\",\"route\":\"history\",\"status\":200,\"t\":1791352197425,\"ms\":9.5}","source":"console","time":"2026-10-07T05:49:57Z"}
{"level":"info","msg":"{\"ev\":\"req\",\"route\":\"problem_list\",\"status\":200,\"t\":1791352197523,\"ms\":8.8}","source":"console","time":"2026-10-07T05:49:57Z"}
{"level":"info","msg":"{\"ev\":\"req\",\"route\":\"submit\",\"status\":200,\"t\":1791352197603,\"ms\":23.8}","source":"console","time":"2026-10-07T05:49:57Z"}
{"level":"info","msg":"{\"ev\":\"accepted\",\"id\":\"8727f6d4-888c-4d6c-9a0e-f12f82357fde\",\"t\":1791352197603}","source":"console","time":"2026-10-07T05:49:57Z"}
{"level":"info","msg":"{\"ev\":\"req\",\"route\":\"problem_detail\",\"status\":200,\"t\":1791352197619,\"ms\":4.2}","source":"console","time":"2026-10-07T05:49:57Z"}
{"level":"info","msg":"{\"ev\":\"req\",\"route\":\"history\",\"status\":200,\"t\":1791352197721,\"ms\":6.6}","source":"console","time":"2026-10-07T05:49:57Z"}
{"level":"info","msg":"{\"ev\":\"req\",\"route\":\"problem_list\",\"status\":200,\"t\":1791352197819,\"ms\":4.3}","source":"console","time":"2026-10-07T05:49:57Z"}
{"level":"info","msg":"{\"ev\":\"req\",\"route\":\"problem_detail\",\"status\":200,\"t\":1791352197918,\"ms\":3.4}","source":"console","time":"2026-10-07T05:49:57Z"}
{"level":"info","msg":"{\"ev\":\"req\",\"route\":\"history\",\"status\":200,\"t\":1791352198020,\"ms\":5.5}","source":"console","time":"2026-10-07T05:49:58Z"}
{"level":"info","msg":"{\"ev\":\"req\",\"route\":\"problem_list\",\"status\":200,\"t\":1791352198119,\"ms\":3.5}","source":"console","time":"2026-10-07T05:49:58Z"}
{"level":"info","msg":"{\"ev\":\"req\",\"route\":\"problem_detail\",\"status\":200,\"t\":1791352198217,\"ms\":3}","source":"console","time":"2026-10-07T05:49:58Z"}
{"level":"info","msg":"{\"ev\":\"req\",\"route\":\"history\",\"status\":200,\"t\":1791352198325,\"ms\":10.7}","source":"console","time":"2026-10-07T05:49:58Z"}
{"level":"info","msg":"{\"ev\":\"req\",\"route\":\"problem_list\",\"status\":200,\"t\":1791352198418,\"ms\":3.3}","source":"console","time":"2026-10-07T05:49:58Z"}
{"level":"info","msg":"{\"ev\":\"req\",\"route\":\"problem_detail\",\"status\":200,\"t\":1791352198523,\"ms\":8}","source":"console","time":"2026-10-07T05:49:58Z"}
{"level":"info","msg":"{\"ev\":\"req\",\"route\":\"history\",\"status\":200,\"t\":1791352198625,\"ms\":9.5}","source":"console","time":"2026-10-07T05:49:58Z"}
{"level":"info","msg":"{\"ev\":\"req\",\"route\":\"problem_list\",\"status\":200,\"t\":1791352198723,\"ms\":8.4}","source":"console","time":"2026-10-07T05:49:58Z"}
{"level":"info","msg":"{\"ev\":\"req\",\"route\":\"problem_detail\",\"status\":200,\"t\":1791352198822,\"ms\":7.2}","source":"console","time":"2026-10-07T05:49:58Z"}
{"level":"info","msg":"{\"ev\":\"req\",\"route\":\"history\",\"status\":200,\"t\":1791352198918,\"ms\":3.7}","source":"console","time":"2026-10-07T05:49:58Z"}
{"level":"info","msg":"{\"ev\":\"req\",\"route\":\"problem_list\",\"status\":200,\"t\":1791352199022,\"ms\":7.9}","source":"console","time":"2026-10-07T05:49:59Z"}
{"level":"info","msg":"{\"ev\":\"req\",\"route\":\"problem_detail\",\"status\":200,\"t\":1791352199123,\"ms\":7.4}","source":"console","time":"2026-10-07T05:49:59Z"}
{"level":"info","msg":"{\"ev\":\"req\",\"route\":\"history\",\"status\":200,\"t\":1791352199225,\"ms\":10.2}","source":"console","time":"2026-10-07T05:49:59Z"}
{"level":"info","msg":"{\"ev\":\"req\",\"route\":\"submit\",\"status\":200,\"t\":1791352199263,\"ms\":17.9}","source":"console","time":"2026-10-07T05:49:59Z"}
{"level":"info","msg":"{\"ev\":\"accepted\",\"id\":\"3c42120e-7f7a-431a-8765-b9d92aac8bad\",\"t\":1791352199263}","source":"console","time":"2026-10-07T05:49:59Z"}
{"level":"info","msg":"{\"ev\":\"req\",\"route\":\"problem_list\",\"status\":200,\"t\":1791352199319,\"ms\":3.7}","source":"console","time":"2026-10-07T05:49:59Z"}
{"level":"info","msg":"{\"ev\":\"req\",\"route\":\"problem_detail\",\"status\":200,\"t\":1791352199419,\"ms\":3.2}","source":"console","time":"2026-10-07T05:49:59Z"}
{"level":"info","msg":"{\"ev\":\"req\",\"route\":\"history\",\"status\":200,\"t\":1791352199520,\"ms\":4.6}","source":"console","time":"2026-10-07T05:49:59Z"}
{"level":"info","msg":"{\"ev\":\"req\",\"route\":\"problem_list\",\"status\":200,\"t\":1791352199618,\"ms\":3.5}","source":"console","time":"2026-10-07T05:49:59Z"}
{"level":"info","msg":"{\"ev\":\"req\",\"route\":\"problem_detail\",\"status\":200,\"t\":1791352199718,\"ms\":3.2}","source":"console","time":"2026-10-07T05:49:59Z"}
{"level":"info","msg":"{\"ev\":\"req\",\"route\":\"history\",\"status\":200,\"t\":1791352199819,\"ms\":4.7}","source":"console","time":"2026-10-07T05:49:59Z"}
{"level":"info","msg":"{\"ev\":\"req\",\"route\":\"problem_list\",\"status\":200,\"t\":1791352199919,\"ms\":3.7}","source":"console","time":"2026-10-07T05:49:59Z"}
{"level":"info","msg":"{\"ev\":\"req\",\"route\":\"problem_detail\",\"status\":200,\"t\":1791352200018,\"ms\":3.1}","source":"console","time":"2026-10-07T05:50:00Z"}
{"level":"info","msg":"{\"ev\":\"req\",\"route\":\"history\",\"status\":200,\"t\":1791352200119,\"ms\":4.4}","source":"console","time":"2026-10-07T05:50:00Z"}
{"level":"info","msg":"{\"ev\":\"req\",\"route\":\"problem_list\",\"status\":200,\"t\":1791352200218,\"ms\":3.2}","source":"console","time":"2026-10-07T05:50:00Z"}
{"level":"info","msg":"{\"ev\":\"req\",\"route\":\"problem_detail\",\"status\":200,\"t\":1791352200318,\"ms\":3.2}","source":"console","time":"2026-10-07T05:50:00Z"}
{"level":"info","msg":"{\"ev\":\"req\",\"route\":\"history\",\"status\":200,\"t\":1791352200421,\"ms\":6.4}","source":"console","time":"2026-10-07T05:50:00Z"}
{"level":"info","msg":"{\"ev\":\"req\",\"route\":\"problem_list\",\"status\":200,\"t\":1791352200519,\"ms\":3.9}","source":"console","time":"2026-10-07T05:50:00Z"}
{"level":"info","msg":"{\"ev\":\"req\",\"route\":\"problem_detail\",\"status\":200,\"t\":1791352200618,\"ms\":3.4}","source":"console","time":"2026-10-07T05:50:00Z"}
{"level":"info","msg":"{\"ev\":\"req\",\"route\":\"history\",\"status\":200,\"t\":1791352200724,\"ms\":8.8}","source":"console","time":"2026-10-07T05:50:00Z"}
{"level":"info","msg":"{\"ev\":\"req\",\"route\":\"problem_list\",\"status\":200,\"t\":1791352200823,\"ms\":8.1}","source":"console","time":"2026-10-07T05:50:00Z"}
{"level":"info","msg":"{\"ev\":\"req\",\"route\":\"problem_detail\",\"status\":200,\"t\":1791352200922,\"ms\":7.6}","source":"console","time":"2026-10-07T05:50:00Z"}
{"level":"info","msg":"{\"ev\":\"req\",\"route\":\"submit\",\"status\":200,\"t\":1791352200938,\"ms\":25.2}","source":"console","time":"2026-10-07T05:50:00Z"}
{"level":"info","msg":"{\"ev\":\"accepted\",\"id\":\"4175f1e2-ad10-4a33-bbf9-117c8495011b\",\"t\":1791352200938}","source":"console","time":"2026-10-07T05:50:00Z"}
{"level":"info","msg":"{\"ev\":\"req\",\"route\":\"history\",\"status\":200,\"t\":1791352201031,\"ms\":16}","source":"console","time":"2026-10-07T05:50:01Z"}
{"level":"info","msg":"{\"ev\":\"req\",\"route\":\"problem_list\",\"status\":200,\"t\":1791352201120,\"ms\":5}","source":"console","time":"2026-10-07T05:50:01Z"}
{"level":"info","msg":"{\"ev\":\"req\",\"route\":\"problem_detail\",\"status\":200,\"t\":1791352201219,\"ms\":4.5}","source":"console","time":"2026-10-07T05:50:01Z"}
{"level":"info","msg":"{\"ev\":\"req\",\"route\":\"history\",\"status\":200,\"t\":1791352201320,\"ms\":5.6}","source":"console","time":"2026-10-07T05:50:01Z"}
{"level":"info","msg":"{\"ev\":\"req\",\"route\":\"problem_list\",\"status\":200,\"t\":1791352201419,\"ms\":4}","source":"console","time":"2026-10-07T05:50:01Z"}
{"level":"info","msg":"{\"ev\":\"req\",\"route\":\"problem_detail\",\"status\":200,\"t\":1791352201522,\"ms\":6.9}","source":"console","time":"2026-10-07T05:50:01Z"}
{"level":"info","msg":"{\"ev\":\"req\",\"route\":\"history\",\"status\":200,\"t\":1791352201624,\"ms\":9}","source":"console","time":"2026-10-07T05:50:01Z"}
{"level":"info","msg":"{\"ev\":\"req\",\"route\":\"problem_list\",\"status\":200,\"t\":1791352201724,\"ms\":8.3}","source":"console","time":"2026-10-07T05:50:01Z"}
{"level":"info","msg":"{\"ev\":\"req\",\"route\":\"problem_detail\",\"status\":200,\"t\":1791352201818,\"ms\":3.6}","source":"console","time":"2026-10-07T05:50:01Z"}
{"level":"info","msg":"{\"ev\":\"req\",\"route\":\"history\",\"status\":200,\"t\":1791352201925,\"ms\":10}","source":"console","time":"2026-10-07T05:50:01Z"}
{"level":"info","msg":"{\"ev\":\"req\",\"route\":\"problem_list\",\"status\":200,\"t\":1791352202022,\"ms\":7.6}","source":"console","time":"2026-10-07T05:50:02Z"}
{"level":"info","msg":"{\"ev\":\"req\",\"route\":\"problem_detail\",\"status\":200,\"t\":1791352202119,\"ms\":3.9}","source":"console","time":"2026-10-07T05:50:02Z"}
{"level":"info","msg":"{\"ev\":\"req\",\"route\":\"history\",\"status\":200,\"t\":1791352202226,\"ms\":10.6}","source":"console","time":"2026-10-07T05:50:02Z"}
{"level":"info","msg":"{\"ev\":\"req\",\"route\":\"problem_list\",\"status\":200,\"t\":1791352202324,\"ms\":8.6}","source":"console","time":"2026-10-07T05:50:02Z"}
{"level":"info","msg":"{\"ev\":\"req\",\"route\":\"problem_detail\",\"status\":200,\"t\":1791352202423,\"ms\":7.3}","source":"console","time":"2026-10-07T05:50:02Z"}
{"level":"info","msg":"{\"ev\":\"req\",\"route\":\"history\",\"status\":200,\"t\":1791352202526,\"ms\":11.2}","source":"console","time":"2026-10-07T05:50:02Z"}
{"level":"info","msg":"{\"ev\":\"req\",\"route\":\"submit\",\"status\":200,\"t\":1791352202607,\"ms\":27.9}","source":"console","time":"2026-10-07T05:50:02Z"}
{"level":"info","msg":"{\"ev\":\"accepted\",\"id\":\"7de2a075-94f7-49a5-a8a4-9a230387bc49\",\"t\":1791352202607}","source":"console","time":"2026-10-07T05:50:02Z"}
{"level":"info","msg":"{\"ev\":\"req\",\"route\":\"problem_list\",\"status\":200,\"t\":1791352202623,\"ms\":7.9}","source":"console","time":"2026-10-07T05:50:02Z"}
{"level":"info","msg":"{\"ev\":\"req\",\"route\":\"problem_detail\",\"status\":200,\"t\":1791352202719,\"ms\":3.8}","source":"console","time":"2026-10-07T05:50:02Z"}
{"level":"info","msg":"{\"ev\":\"req\",\"route\":\"history\",\"status\":200,\"t\":1791352202818,\"ms\":4}","source":"console","time":"2026-10-07T05:50:02Z"}
{"level":"info","msg":"{\"ev\":\"req\",\"route\":\"problem_list\",\"status\":200,\"t\":1791352202919,\"ms\":3.9}","source":"console","time":"2026-10-07T05:50:02Z"}
{"level":"info","msg":"{\"ev\":\"req\",\"route\":\"problem_detail\",\"status\":200,\"t\":1791352203018,\"ms\":3.4}","source":"console","time":"2026-10-07T05:50:03Z"}
{"level":"info","msg":"{\"ev\":\"req\",\"route\":\"history\",\"status\":200,\"t\":1791352203119,\"ms\":3.9}","source":"console","time":"2026-10-07T05:50:03Z"}
{"level":"info","msg":"{\"ev\":\"req\",\"route\":\"problem_list\",\"status\":200,\"t\":1791352203219,\"ms\":4.2}","source":"console","time":"2026-10-07T05:50:03Z"}
{"level":"info","msg":"{\"ev\":\"req\",\"route\":\"problem_detail\",\"status\":200,\"t\":1791352203319,\"ms\":4.4}","source":"console","time":"2026-10-07T05:50:03Z"}
{"level":"info","msg":"{\"ev\":\"req\",\"route\":\"history\",\"status\":200,\"t\":1791352203424,\"ms\":8.6}","source":"console","time":"2026-10-07T05:50:03Z"}
{"level":"info","msg":"{\"ev\":\"req\",\"route\":\"problem_list\",\"status\":200,\"t\":1791352203523,\"ms\":8.3}","source":"console","time":"2026-10-07T05:50:03Z"}
{"level":"info","msg":"{\"ev\":\"req\",\"route\":\"problem_detail\",\"status\":200,\"t\":1791352203624,\"ms\":8.4}","source":"console","time":"2026-10-07T05:50:03Z"}
{"level":"info","msg":"{\"ev\":\"req\",\"route\":\"history\",\"status\":200,\"t\":1791352203725,\"ms\":10.3}","source":"console","time":"2026-10-07T05:50:03Z"}
{"level":"info","msg":"{\"ev\":\"req\",\"route\":\"problem_list\",\"status\":200,\"t\":1791352203824,\"ms\":9.2}","source":"console","time":"2026-10-07T05:50:03Z"}
{"level":"info","msg":"{\"ev\":\"req\",\"route\":\"problem_detail\",\"status\":200,\"t\":1791352203923,\"ms\":8.5}","source":"console","time":"2026-10-07T05:50:03Z"}
{"level":"info","msg":"{\"ev\":\"req\",\"route\":\"history\",\"status\":200,\"t\":1791352204023,\"ms\":8.3}","source":"console","time":"2026-10-07T05:50:04Z"}
{"level":"info","msg":"{\"ev\":\"req\",\"route\":\"problem_list\",\"status\":200,\"t\":1791352204119,\"ms\":3.9}","source":"console","time":"2026-10-07T05:50:04Z"}
{"level":"info","msg":"{\"ev\":\"req\",\"route\":\"problem_detail\",\"status\":200,\"t\":1791352204218,\"ms\":3.6}","source":"console","time":"2026-10-07T05:50:04Z"}
{"level":"info","msg":"{\"ev\":\"req\",\"route\":\"submit\",\"status\":200,\"t\":1791352204262,\"ms\":16.4}","source":"console","time":"2026-10-07T05:50:04Z"}
{"level":"info","msg":"{\"ev\":\"accepted\",\"id\":\"5c30d971-428b-4ca0-b136-f742030834e9\",\"t\":1791352204263}","source":"console","time":"2026-10-07T05:50:04Z"}
{"level":"info","msg":"{\"ev\":\"req\",\"route\":\"history\",\"status\":200,\"t\":1791352204327,\"ms\":11.9}","source":"console","time":"2026-10-07T05:50:04Z"}
{"level":"info","msg":"{\"ev\":\"req\",\"route\":\"problem_list\",\"status\":200,\"t\":1791352204423,\"ms\":6.8}","source":"console","time":"2026-10-07T05:50:04Z"}
{"level":"info","msg":"{\"ev\":\"req\",\"route\":\"problem_detail\",\"status\":200,\"t\":1791352204523,\"ms\":8.2}","source":"console","time":"2026-10-07T05:50:04Z"}
{"level":"info","msg":"{\"ev\":\"req\",\"route\":\"history\",\"status\":200,\"t\":1791352204619,\"ms\":4.5}","source":"console","time":"2026-10-07T05:50:04Z"}
{"level":"info","msg":"{\"ev\":\"req\",\"route\":\"problem_list\",\"status\":200,\"t\":1791352204718,\"ms\":3.5}","source":"console","time":"2026-10-07T05:50:04Z"}
{"level":"info","msg":"{\"ev\":\"req\",\"route\":\"problem_detail\",\"status\":200,\"t\":1791352204818,\"ms\":3.3}","source":"console","time":"2026-10-07T05:50:04Z"}
{"level":"info","msg":"{\"ev\":\"req\",\"route\":\"history\",\"status\":200,\"t\":1791352204919,\"ms\":3.7}","source":"console","time":"2026-10-07T05:50:04Z"}
{"level":"info","msg":"{\"ev\":\"req\",\"route\":\"problem_list\",\"status\":200,\"t\":1791352205018,\"ms\":3.8}","source":"console","time":"2026-10-07T05:50:05Z"}
{"level":"info","msg":"{\"ev\":\"req\",\"route\":\"problem_detail\",\"status\":200,\"t\":1791352205123,\"ms\":8}","source":"console","time":"2026-10-07T05:50:05Z"}
{"level":"info","msg":"{\"ev\":\"req\",\"route\":\"history\",\"status\":200,\"t\":1791352205225,\"ms\":9.6}","source":"console","time":"2026-10-07T05:50:05Z"}
{"level":"info","msg":"{\"ev\":\"req\",\"route\":\"problem_list\",\"status\":200,\"t\":1791352205329,\"ms\":13.5}","source":"console","time":"2026-10-07T05:50:05Z"}
{"level":"info","msg":"{\"ev\":\"req\",\"route\":\"problem_detail\",\"status\":200,\"t\":1791352205418,\"ms\":3.6}","source":"console","time":"2026-10-07T05:50:05Z"}
{"level":"info","msg":"{\"ev\":\"req\",\"route\":\"history\",\"status\":200,\"t\":1791352205524,\"ms\":8.9}","source":"console","time":"2026-10-07T05:50:05Z"}
{"level":"info","msg":"{\"ev\":\"req\",\"route\":\"problem_list\",\"status\":200,\"t\":1791352205624,\"ms\":8.3}","source":"console","time":"2026-10-07T05:50:05Z"}
{"level":"info","msg":"{\"ev\":\"req\",\"route\":\"problem_detail\",\"status\":200,\"t\":1791352205723,\"ms\":7.8}","source":"console","time":"2026-10-07T05:50:05Z"}
{"level":"info","msg":"{\"ev\":\"req\",\"route\":\"history\",\"status\":200,\"t\":1791352205825,\"ms\":9.3}","source":"console","time":"2026-10-07T05:50:05Z"}
{"level":"info","msg":"{\"ev\":\"req\",\"route\":\"problem_list\",\"status\":200,\"t\":1791352205924,\"ms\":8.7}","source":"console","time":"2026-10-07T05:50:05Z"}
{"level":"info","msg":"{\"ev\":\"req\",\"route\":\"submit\",\"status\":200,\"t\":1791352205936,\"ms\":23.2}","source":"console","time":"2026-10-07T05:50:05Z"}
{"level":"info","msg":"{\"ev\":\"accepted\",\"id\":\"cbbf0f0b-19e6-498b-b3b1-4843162eb817\",\"t\":1791352205936}","source":"console","time":"2026-10-07T05:50:05Z"}
{"level":"info","msg":"{\"ev\":\"req\",\"route\":\"problem_detail\",\"status\":200,\"t\":1791352206018,\"ms\":3}","source":"console","time":"2026-10-07T05:50:06Z"}
{"level":"info","msg":"{\"ev\":\"req\",\"route\":\"history\",\"status\":200,\"t\":1791352206119,\"ms\":4.5}","source":"console","time":"2026-10-07T05:50:06Z"}
{"level":"info","msg":"{\"ev\":\"req\",\"route\":\"problem_list\",\"status\":200,\"t\":1791352206218,\"ms\":3.5}","source":"console","time":"2026-10-07T05:50:06Z"}
{"level":"info","msg":"{\"ev\":\"req\",\"route\":\"problem_detail\",\"status\":200,\"t\":1791352206318,\"ms\":3.2}","source":"console","time":"2026-10-07T05:50:06Z"}
{"level":"info","msg":"{\"ev\":\"req\",\"route\":\"history\",\"status\":200,\"t\":1791352206420,\"ms\":4.7}","source":"console","time":"2026-10-07T05:50:06Z"}
{"level":"info","msg":"{\"ev\":\"req\",\"route\":\"problem_list\",\"status\":200,\"t\":1791352206518,\"ms\":3.4}","source":"console","time":"2026-10-07T05:50:06Z"}
{"level":"info","msg":"{\"ev\":\"req\",\"route\":\"problem_detail\",\"status\":200,\"t\":1791352206618,\"ms\":3.7}","source":"console","time":"2026-10-07T05:50:06Z"}
{"level":"info","msg":"{\"ev\":\"req\",\"route\":\"history\",\"status\":200,\"t\":1791352206724,\"ms\":9.1}","source":"console","time":"2026-10-07T05:50:06Z"}
{"level":"info","msg":"{\"ev\":\"req\",\"route\":\"problem_list\",\"status\":200,\"t\":1791352206825,\"ms\":9.9}","source":"console","time":"2026-10-07T05:50:06Z"}
{"level":"info","msg":"{\"ev\":\"req\",\"route\":\"problem_detail\",\"status\":200,\"t\":1791352206922,\"ms\":7.2}","source":"console","time":"2026-10-07T05:50:06Z"}
{"level":"info","msg":"{\"ev\":\"req\",\"route\":\"history\",\"status\":200,\"t\":1791352207025,\"ms\":10.4}","source":"console","time":"2026-10-07T05:50:07Z"}
{"level":"info","msg":"{\"ev\":\"req\",\"route\":\"problem_list\",\"status\":200,\"t\":1791352207123,\"ms\":8.3}","source":"console","time":"2026-10-07T05:50:07Z"}
{"level":"info","msg":"{\"ev\":\"req\",\"route\":\"problem_detail\",\"status\":200,\"t\":1791352207220,\"ms\":5}","source":"console","time":"2026-10-07T05:50:07Z"}
{"level":"info","msg":"{\"ev\":\"req\",\"route\":\"history\",\"status\":200,\"t\":1791352207324,\"ms\":9.2}","source":"console","time":"2026-10-07T05:50:07Z"}
{"level":"info","msg":"{\"ev\":\"req\",\"route\":\"problem_list\",\"status\":200,\"t\":1791352207423,\"ms\":8.3}","source":"console","time":"2026-10-07T05:50:07Z"}
{"level":"info","msg":"{\"ev\":\"req\",\"route\":\"problem_detail\",\"status\":200,\"t\":1791352207522,\"ms\":7.2}","source":"console","time":"2026-10-07T05:50:07Z"}
{"level":"info","msg":"{\"ev\":\"req\",\"route\":\"submit\",\"status\":200,\"t\":1791352207609,\"ms\":30.1}","source":"console","time":"2026-10-07T05:50:07Z"}
{"level":"info","msg":"{\"ev\":\"accepted\",\"id\":\"333c2348-3c63-40d0-a9ed-4f620aa2463a\",\"t\":1791352207610}","source":"console","time":"2026-10-07T05:50:07Z"}
{"level":"info","msg":"{\"ev\":\"req\",\"route\":\"history\",\"status\":200,\"t\":1791352207624,\"ms\":9.1}","source":"console","time":"2026-10-07T05:50:07Z"}
{"level":"info","msg":"{\"ev\":\"req\",\"route\":\"problem_list\",\"status\":200,\"t\":1791352207719,\"ms\":4.8}","source":"console","time":"2026-10-07T05:50:07Z"}
{"level":"info","msg":"{\"ev\":\"req\",\"route\":\"problem_detail\",\"status\":200,\"t\":1791352207819,\"ms\":4.4}","source":"console","time":"2026-10-07T05:50:07Z"}
{"level":"info","msg":"{\"ev\":\"req\",\"route\":\"history\",\"status\":200,\"t\":1791352207924,\"ms\":9}","source":"console","time":"2026-10-07T05:50:07Z"}
{"level":"info","msg":"{\"ev\":\"req\",\"route\":\"problem_list\",\"status\":200,\"t\":1791352208020,\"ms\":4.7}","source":"console","time":"2026-10-07T05:50:08Z"}
{"level":"info","msg":"{\"ev\":\"req\",\"route\":\"problem_detail\",\"status\":200,\"t\":1791352208118,\"ms\":3.6}","source":"console","time":"2026-10-07T05:50:08Z"}
{"level":"info","msg":"{\"ev\":\"req\",\"route\":\"history\",\"status\":200,\"t\":1791352208226,\"ms\":11.2}","source":"console","time":"2026-10-07T05:50:08Z"}
{"level":"info","msg":"{\"ev\":\"req\",\"route\":\"problem_list\",\"status\":200,\"t\":1791352208318,\"ms\":3.6}","source":"console","time":"2026-10-07T05:50:08Z"}
{"level":"info","msg":"{\"ev\":\"req\",\"route\":\"problem_detail\",\"status\":200,\"t\":1791352208423,\"ms\":7.6}","source":"console","time":"2026-10-07T05:50:08Z"}
{"level":"info","msg":"{\"ev\":\"req\",\"route\":\"history\",\"status\":200,\"t\":1791352208526,\"ms\":11.2}","source":"console","time":"2026-10-07T05:50:08Z"}
{"level":"info","msg":"{\"ev\":\"req\",\"route\":\"problem_list\",\"status\":200,\"t\":1791352208623,\"ms\":8.3}","source":"console","time":"2026-10-07T05:50:08Z"}
{"level":"info","msg":"{\"ev\":\"req\",\"route\":\"problem_detail\",\"status\":200,\"t\":1791352208723,\"ms\":8.1}","source":"console","time":"2026-10-07T05:50:08Z"}
{"level":"info","msg":"{\"ev\":\"req\",\"route\":\"history\",\"status\":200,\"t\":1791352208826,\"ms\":10.7}","source":"console","time":"2026-10-07T05:50:08Z"}
{"level":"info","msg":"{\"ev\":\"req\",\"route\":\"problem_list\",\"status\":200,\"t\":1791352208922,\"ms\":7.7}","source":"console","time":"2026-10-07T05:50:08Z"}
{"level":"info","msg":"{\"ev\":\"req\",\"route\":\"problem_detail\",\"status\":200,\"t\":1791352209023,\"ms\":8}","source":"console","time":"2026-10-07T05:50:09Z"}
{"level":"info","msg":"{\"ev\":\"req\",\"route\":\"history\",\"status\":200,\"t\":1791352209124,\"ms\":9.6}","source":"console","time":"2026-10-07T05:50:09Z"}
{"level":"info","msg":"{\"ev\":\"req\",\"route\":\"problem_list\",\"status\":200,\"t\":1791352209218,\"ms\":3.6}","source":"console","time":"2026-10-07T05:50:09Z"}
{"level":"info","msg":"{\"ev\":\"req\",\"route\":\"submit\",\"status\":200,\"t\":1791352209257,\"ms\":10.9}","source":"console","time":"2026-10-07T05:50:09Z"}
{"level":"info","msg":"{\"ev\":\"accepted\",\"id\":\"5e8a3041-3aad-4597-a9b4-783c87ebeac6\",\"t\":1791352209257}","source":"console","time":"2026-10-07T05:50:09Z"}
{"level":"info","msg":"{\"ev\":\"req\",\"route\":\"problem_detail\",\"status\":200,\"t\":1791352209318,\"ms\":3}","source":"console","time":"2026-10-07T05:50:09Z"}
{"level":"info","msg":"{\"ev\":\"req\",\"route\":\"history\",\"status\":200,\"t\":1791352209419,\"ms\":4.1}","source":"console","time":"2026-10-07T05:50:09Z"}
{"level":"info","msg":"{\"ev\":\"req\",\"route\":\"problem_list\",\"status\":200,\"t\":1791352209519,\"ms\":3.6}","source":"console","time":"2026-10-07T05:50:09Z"}
{"level":"info","msg":"{\"ev\":\"req\",\"route\":\"problem_detail\",\"status\":200,\"t\":1791352209617,\"ms\":3}","source":"console","time":"2026-10-07T05:50:09Z"}
{"level":"info","msg":"{\"ev\":\"req\",\"route\":\"history\",\"status\":200,\"t\":1791352209719,\"ms\":4.2}","source":"console","time":"2026-10-07T05:50:09Z"}
{"level":"info","msg":"{\"ev\":\"req\",\"route\":\"problem_list\",\"status\":200,\"t\":1791352209818,\"ms\":3.2}","source":"console","time":"2026-10-07T05:50:09Z"}
{"level":"info","msg":"{\"ev\":\"req\",\"route\":\"problem_detail\",\"status\":200,\"t\":1791352209919,\"ms\":4.2}","source":"console","time":"2026-10-07T05:50:09Z"}
{"level":"info","msg":"{\"ev\":\"req\",\"route\":\"history\",\"status\":200,\"t\":1791352210028,\"ms\":10}","source":"console","time":"2026-10-07T05:50:10Z"}
{"level":"info","msg":"{\"ev\":\"req\",\"route\":\"problem_list\",\"status\":200,\"t\":1791352210123,\"ms\":7.9}","source":"console","time":"2026-10-07T05:50:10Z"}
{"level":"info","msg":"{\"ev\":\"req\",\"route\":\"problem_detail\",\"status\":200,\"t\":1791352210223,\"ms\":7.7}","source":"console","time":"2026-10-07T05:50:10Z"}
{"level":"info","msg":"{\"ev\":\"req\",\"route\":\"history\",\"status\":200,\"t\":1791352210326,\"ms\":11.5}","source":"console","time":"2026-10-07T05:50:10Z"}
{"level":"info","msg":"{\"ev\":\"req\",\"route\":\"problem_list\",\"status\":200,\"t\":1791352210423,\"ms\":8.1}","source":"console","time":"2026-10-07T05:50:10Z"}
{"level":"info","msg":"{\"ev\":\"req\",\"route\":\"problem_detail\",\"status\":200,\"t\":1791352210522,\"ms\":7.7}","source":"console","time":"2026-10-07T05:50:10Z"}
{"level":"info","msg":"{\"ev\":\"req\",\"route\":\"history\",\"status\":200,\"t\":1791352210624,\"ms\":9}","source":"console","time":"2026-10-07T05:50:10Z"}
{"level":"info","msg":"{\"ev\":\"req\",\"route\":\"problem_list\",\"status\":200,\"t\":1791352210723,\"ms\":8}","source":"console","time":"2026-10-07T05:50:10Z"}
{"level":"info","msg":"{\"ev\":\"req\",\"route\":\"problem_detail\",\"status\":200,\"t\":1791352210823,\"ms\":8.1}","source":"console","time":"2026-10-07T05:50:10Z"}
{"level":"info","msg":"{\"ev\":\"req\",\"route\":\"history\",\"status\":200,\"t\":1791352210925,\"ms\":9.9}","source":"console","time":"2026-10-07T05:50:10Z"}
{"level":"info","msg":"{\"ev\":\"req\",\"route\":\"submit\",\"status\":200,\"t\":1791352210938,\"ms\":24.7}","source":"console","time":"2026-10-07T05:50:10Z"}
{"level":"info","msg":"{\"ev\":\"accepted\",\"id\":\"dfb72bd8-964e-4191-a9df-3a36bbeead54\",\"t\":1791352210938}","source":"console","time":"2026-10-07T05:50:10Z"}
{"level":"info","msg":"{\"ev\":\"req\",\"route\":\"problem_list\",\"status\":200,\"t\":1791352211022,\"ms\":7.4}","source":"console","time":"2026-10-07T05:50:11Z"}
{"level":"info","msg":"{\"ev\":\"req\",\"route\":\"problem_detail\",\"status\":200,\"t\":1791352211121,\"ms\":5.4}","source":"console","time":"2026-10-07T05:50:11Z"}
{"level":"info","msg":"{\"ev\":\"req\",\"route\":\"history\",\"status\":200,\"t\":1791352211227,\"ms\":11.8}","source":"console","time":"2026-10-07T05:50:11Z"}
{"level":"info","msg":"{\"ev\":\"req\",\"route\":\"problem_list\",\"status\":200,\"t\":1791352211321,\"ms\":6.1}","source":"console","time":"2026-10-07T05:50:11Z"}
{"level":"info","msg":"{\"ev\":\"req\",\"route\":\"problem_detail\",\"status\":200,\"t\":1791352211422,\"ms\":7.3}","source":"console","time":"2026-10-07T05:50:11Z"}
{"level":"info","msg":"{\"ev\":\"req\",\"route\":\"history\",\"status\":200,\"t\":1791352211521,\"ms\":6.2}","source":"console","time":"2026-10-07T05:50:11Z"}
{"level":"info","msg":"{\"ev\":\"req\",\"route\":\"problem_list\",\"status\":200,\"t\":1791352211619,\"ms\":4.2}","source":"console","time":"2026-10-07T05:50:11Z"}
{"level":"info","msg":"{\"ev\":\"req\",\"route\":\"problem_detail\",\"status\":200,\"t\":1791352211718,\"ms\":3.3}","source":"console","time":"2026-10-07T05:50:11Z"}
{"level":"info","msg":"{\"ev\":\"req\",\"route\":\"history\",\"status\":200,\"t\":1791352211820,\"ms\":4.7}","source":"console","time":"2026-10-07T05:50:11Z"}
{"level":"info","msg":"{\"ev\":\"req\",\"route\":\"problem_list\",\"status\":200,\"t\":1791352211919,\"ms\":4.6}","source":"console","time":"2026-10-07T05:50:11Z"}
{"level":"info","msg":"{\"ev\":\"req\",\"route\":\"problem_detail\",\"status\":200,\"t\":1791352212018,\"ms\":3.5}","source":"console","time":"2026-10-07T05:50:12Z"}
{"level":"info","msg":"{\"ev\":\"req\",\"route\":\"history\",\"status\":200,\"t\":1791352212119,\"ms\":4.1}","source":"console","time":"2026-10-07T05:50:12Z"}
{"level":"info","msg":"{\"ev\":\"req\",\"route\":\"problem_list\",\"status\":200,\"t\":1791352212223,\"ms\":7.6}","source":"console","time":"2026-10-07T05:50:12Z"}
{"level":"info","msg":"{\"ev\":\"req\",\"route\":\"problem_detail\",\"status\":200,\"t\":1791352212322,\"ms\":7.6}","source":"console","time":"2026-10-07T05:50:12Z"}
{"level":"info","msg":"{\"ev\":\"req\",\"route\":\"history\",\"status\":200,\"t\":1791352212425,\"ms\":10.6}","source":"console","time":"2026-10-07T05:50:12Z"}
{"level":"info","msg":"{\"ev\":\"req\",\"route\":\"problem_list\",\"status\":200,\"t\":1791352212524,\"ms\":8.9}","source":"console","time":"2026-10-07T05:50:12Z"}
{"level":"info","msg":"{\"ev\":\"req\",\"route\":\"submit\",\"status\":200,\"t\":1791352212599,\"ms\":20.4}","source":"console","time":"2026-10-07T05:50:12Z"}
{"level":"info","msg":"{\"ev\":\"accepted\",\"id\":\"2cacad0f-b059-4eaf-bf9b-c002eb06f70e\",\"t\":1791352212600}","source":"console","time":"2026-10-07T05:50:12Z"}
{"level":"info","msg":"{\"ev\":\"req\",\"route\":\"problem_detail\",\"status\":200,\"t\":1791352212618,\"ms\":3.2}","source":"console","time":"2026-10-07T05:50:12Z"}
{"level":"info","msg":"{\"ev\":\"req\",\"route\":\"history\",\"status\":200,\"t\":1791352212720,\"ms\":5.1}","source":"console","time":"2026-10-07T05:50:12Z"}
{"level":"info","msg":"{\"ev\":\"req\",\"route\":\"problem_list\",\"status\":200,\"t\":1791352212818,\"ms\":3.5}","source":"console","time":"2026-10-07T05:50:12Z"}
{"level":"info","msg":"{\"ev\":\"req\",\"route\":\"problem_detail\",\"status\":200,\"t\":1791352212919,\"ms\":3.5}","source":"console","time":"2026-10-07T05:50:12Z"}
{"level":"info","msg":"{\"ev\":\"req\",\"route\":\"history\",\"status\":200,\"t\":1791352213018,\"ms\":4.1}","source":"console","time":"2026-10-07T05:50:13Z"}
{"level":"info","msg":"{\"ev\":\"req\",\"route\":\"problem_list\",\"status\":200,\"t\":1791352213118,\"ms\":3.5}","source":"console","time":"2026-10-07T05:50:13Z"}
{"level":"info","msg":"{\"ev\":\"req\",\"route\":\"problem_detail\",\"status\":200,\"t\":1791352213218,\"ms\":3.4}","source":"console","time":"2026-10-07T05:50:13Z"}
{"level":"info","msg":"{\"ev\":\"req\",\"route\":\"history\",\"status\":200,\"t\":1791352213324,\"ms\":8.8}","source":"console","time":"2026-10-07T05:50:13Z"}
{"level":"info","msg":"{\"ev\":\"req\",\"route\":\"problem_list\",\"status\":200,\"t\":1791352213423,\"ms\":8.1}","source":"console","time":"2026-10-07T05:50:13Z"}
{"level":"info","msg":"{\"ev\":\"req\",\"route\":\"problem_detail\",\"status\":200,\"t\":1791352213522,\"ms\":7}","source":"console","time":"2026-10-07T05:50:13Z"}
{"level":"info","msg":"{\"ev\":\"req\",\"route\":\"history\",\"status\":200,\"t\":1791352213625,\"ms\":9.5}","source":"console","time":"2026-10-07T05:50:13Z"}
{"level":"info","msg":"{\"ev\":\"req\",\"route\":\"problem_list\",\"status\":200,\"t\":1791352213723,\"ms\":8.1}","source":"console","time":"2026-10-07T05:50:13Z"}
{"level":"info","msg":"{\"ev\":\"req\",\"route\":\"problem_detail\",\"status\":200,\"t\":1791352213819,\"ms\":4}","source":"console","time":"2026-10-07T05:50:13Z"}
{"level":"info","msg":"{\"ev\":\"req\",\"route\":\"history\",\"status\":200,\"t\":1791352213924,\"ms\":9.5}","source":"console","time":"2026-10-07T05:50:13Z"}
{"level":"info","msg":"{\"ev\":\"req\",\"route\":\"problem_list\",\"status\":200,\"t\":1791352214022,\"ms\":6.8}","source":"console","time":"2026-10-07T05:50:14Z"}
{"level":"info","msg":"{\"ev\":\"req\",\"route\":\"problem_detail\",\"status\":200,\"t\":1791352214119,\"ms\":4.2}","source":"console","time":"2026-10-07T05:50:14Z"}
{"level":"info","msg":"{\"ev\":\"req\",\"route\":\"history\",\"status\":200,\"t\":1791352214219,\"ms\":4.6}","source":"console","time":"2026-10-07T05:50:14Z"}
{"level":"info","msg":"{\"ev\":\"req\",\"route\":\"submit\",\"status\":200,\"t\":1791352214256,\"ms\":10.2}","source":"console","time":"2026-10-07T05:50:14Z"}
{"level":"info","msg":"{\"ev\":\"accepted\",\"id\":\"914841c0-6af1-480b-b5a1-64d885f615db\",\"t\":1791352214256}","source":"console","time":"2026-10-07T05:50:14Z"}
{"level":"info","msg":"{\"ev\":\"req\",\"route\":\"problem_list\",\"status\":200,\"t\":1791352214320,\"ms\":5}","source":"console","time":"2026-10-07T05:50:14Z"}
{"level":"info","msg":"{\"ev\":\"req\",\"route\":\"problem_detail\",\"status\":200,\"t\":1791352214419,\"ms\":4.3}","source":"console","time":"2026-10-07T05:50:14Z"}
{"level":"info","msg":"{\"ev\":\"req\",\"route\":\"history\",\"status\":200,\"t\":1791352214522,\"ms\":7.3}","source":"console","time":"2026-10-07T05:50:14Z"}
{"level":"info","msg":"{\"ev\":\"req\",\"route\":\"problem_list\",\"status\":200,\"t\":1791352214619,\"ms\":4}","source":"console","time":"2026-10-07T05:50:14Z"}
{"level":"info","msg":"{\"ev\":\"req\",\"route\":\"problem_detail\",\"status\":200,\"t\":1791352214718,\"ms\":3.5}","source":"console","time":"2026-10-07T05:50:14Z"}
{"level":"info","msg":"{\"ev\":\"req\",\"route\":\"history\",\"status\":200,\"t\":1791352214819,\"ms\":3.9}","source":"console","time":"2026-10-07T05:50:14Z"}
{"level":"info","msg":"{\"ev\":\"req\",\"route\":\"problem_list\",\"status\":200,\"t\":1791352214922,\"ms\":7.3}","source":"console","time":"2026-10-07T05:50:14Z"}
{"level":"info","msg":"{\"ev\":\"req\",\"route\":\"problem_detail\",\"status\":200,\"t\":1791352215021,\"ms\":5.9}","source":"console","time":"2026-10-07T05:50:15Z"}
{"level":"info","msg":"{\"ev\":\"req\",\"route\":\"history\",\"status\":200,\"t\":1791352215126,\"ms\":10.8}","source":"console","time":"2026-10-07T05:50:15Z"}
{"level":"info","msg":"{\"ev\":\"req\",\"route\":\"problem_list\",\"status\":200,\"t\":1791352215223,\"ms\":8.6}","source":"console","time":"2026-10-07T05:50:15Z"}
{"level":"info","msg":"{\"ev\":\"req\",\"route\":\"problem_detail\",\"status\":200,\"t\":1791352215323,\"ms\":7.6}","source":"console","time":"2026-10-07T05:50:15Z"}
{"level":"info","msg":"{\"ev\":\"req\",\"route\":\"history\",\"status\":200,\"t\":1791352215424,\"ms\":9.2}","source":"console","time":"2026-10-07T05:50:15Z"}
{"level":"info","msg":"{\"ev\":\"req\",\"route\":\"problem_list\",\"status\":200,\"t\":1791352215523,\"ms\":8.8}","source":"console","time":"2026-10-07T05:50:15Z"}
{"level":"info","msg":"{\"ev\":\"req\",\"route\":\"problem_detail\",\"status\":200,\"t\":1791352215623,\"ms\":8.1}","source":"console","time":"2026-10-07T05:50:15Z"}
{"level":"info","msg":"{\"ev\":\"req\",\"route\":\"history\",\"status\":200,\"t\":1791352215726,\"ms\":10.6}","source":"console","time":"2026-10-07T05:50:15Z"}
{"level":"info","msg":"{\"ev\":\"req\",\"route\":\"problem_list\",\"status\":200,\"t\":1791352215824,\"ms\":8.5}","source":"console","time":"2026-10-07T05:50:15Z"}
{"level":"info","msg":"{\"ev\":\"req\",\"route\":\"problem_detail\",\"status\":200,\"t\":1791352215924,\"ms\":8.3}","source":"console","time":"2026-10-07T05:50:15Z"}
{"level":"info","msg":"{\"ev\":\"req\",\"route\":\"submit\",\"status\":200,\"t\":1791352215938,\"ms\":25.1}","source":"console","time":"2026-10-07T05:50:15Z"}
{"level":"info","msg":"{\"ev\":\"accepted\",\"id\":\"2e22343a-4e81-4576-9ffd-5197328863e0\",\"t\":1791352215938}","source":"console","time":"2026-10-07T05:50:15Z"}
{"level":"info","msg":"{\"ev\":\"req\",\"route\":\"history\",\"status\":200,\"t\":1791352216019,\"ms\":4.2}","source":"console","time":"2026-10-07T05:50:16Z"}
{"level":"info","msg":"{\"ev\":\"req\",\"route\":\"problem_list\",\"status\":200,\"t\":1791352216119,\"ms\":4.4}","source":"console","time":"2026-10-07T05:50:16Z"}
{"level":"info","msg":"{\"ev\":\"req\",\"route\":\"problem_detail\",\"status\":200,\"t\":1791352216218,\"ms\":3.4}","source":"console","time":"2026-10-07T05:50:16Z"}
{"level":"info","msg":"{\"ev\":\"req\",\"route\":\"history\",\"status\":200,\"t\":1791352216320,\"ms\":4.9}","source":"console","time":"2026-10-07T05:50:16Z"}
{"level":"info","msg":"{\"ev\":\"req\",\"route\":\"problem_list\",\"status\":200,\"t\":1791352216418,\"ms\":3.5}","source":"console","time":"2026-10-07T05:50:16Z"}
{"level":"info","msg":"{\"ev\":\"req\",\"route\":\"problem_detail\",\"status\":200,\"t\":1791352216518,\"ms\":2.9}","source":"console","time":"2026-10-07T05:50:16Z"}
{"level":"info","msg":"{\"ev\":\"req\",\"route\":\"history\",\"status\":200,\"t\":1791352216620,\"ms\":5.3}","source":"console","time":"2026-10-07T05:50:16Z"}
{"level":"info","msg":"{\"ev\":\"req\",\"route\":\"problem_list\",\"status\":200,\"t\":1791352216722,\"ms\":7.7}","source":"console","time":"2026-10-07T05:50:16Z"}
{"level":"info","msg":"{\"ev\":\"req\",\"route\":\"problem_detail\",\"status\":200,\"t\":1791352216823,\"ms\":8}","source":"console","time":"2026-10-07T05:50:16Z"}
{"level":"info","msg":"{\"ev\":\"req\",\"route\":\"history\",\"status\":200,\"t\":1791352216925,\"ms\":10.1}","source":"console","time":"2026-10-07T05:50:16Z"}
{"level":"info","msg":"{\"ev\":\"req\",\"route\":\"problem_list\",\"status\":200,\"t\":1791352217019,\"ms\":3.7}","source":"console","time":"2026-10-07T05:50:17Z"}
{"level":"info","msg":"{\"ev\":\"req\",\"route\":\"problem_detail\",\"status\":200,\"t\":1791352217119,\"ms\":4.6}","source":"console","time":"2026-10-07T05:50:17Z"}
{"level":"info","msg":"{\"ev\":\"req\",\"route\":\"history\",\"status\":200,\"t\":1791352217224,\"ms\":9.1}","source":"console","time":"2026-10-07T05:50:17Z"}
{"level":"info","msg":"{\"ev\":\"req\",\"route\":\"problem_list\",\"status\":200,\"t\":1791352217322,\"ms\":6.9}","source":"console","time":"2026-10-07T05:50:17Z"}
{"level":"info","msg":"{\"ev\":\"req\",\"route\":\"problem_detail\",\"status\":200,\"t\":1791352217423,\"ms\":7.6}","source":"console","time":"2026-10-07T05:50:17Z"}
{"level":"info","msg":"{\"ev\":\"req\",\"route\":\"history\",\"status\":200,\"t\":1791352217525,\"ms\":9.7}","source":"console","time":"2026-10-07T05:50:17Z"}
{"level":"info","msg":"{\"ev\":\"req\",\"route\":\"submit\",\"status\":200,\"t\":1791352217597,\"ms\":17.5}","source":"console","time":"2026-10-07T05:50:17Z"}
{"level":"info","msg":"{\"ev\":\"accepted\",\"id\":\"3a9e271e-2eda-4dbb-a617-0692c53720a9\",\"t\":1791352217597}","source":"console","time":"2026-10-07T05:50:17Z"}
{"level":"info","msg":"{\"ev\":\"req\",\"route\":\"problem_list\",\"status\":200,\"t\":1791352217620,\"ms\":4.7}","source":"console","time":"2026-10-07T05:50:17Z"}
{"level":"info","msg":"{\"ev\":\"req\",\"route\":\"problem_detail\",\"status\":200,\"t\":1791352217725,\"ms\":10.2}","source":"console","time":"2026-10-07T05:50:17Z"}
{"level":"info","msg":"{\"ev\":\"req\",\"route\":\"history\",\"status\":200,\"t\":1791352217821,\"ms\":6.6}","source":"console","time":"2026-10-07T05:50:17Z"}
{"level":"info","msg":"{\"ev\":\"req\",\"route\":\"problem_list\",\"status\":200,\"t\":1791352217920,\"ms\":5}","source":"console","time":"2026-10-07T05:50:17Z"}
{"level":"info","msg":"{\"ev\":\"req\",\"route\":\"problem_detail\",\"status\":200,\"t\":1791352218020,\"ms\":4.6}","source":"console","time":"2026-10-07T05:50:18Z"}
{"level":"info","msg":"{\"ev\":\"req\",\"route\":\"history\",\"status\":200,\"t\":1791352218120,\"ms\":5.6}","source":"console","time":"2026-10-07T05:50:18Z"}
{"level":"info","msg":"{\"ev\":\"req\",\"route\":\"problem_list\",\"status\":200,\"t\":1791352218222,\"ms\":7.9}","source":"console","time":"2026-10-07T05:50:18Z"}
{"level":"info","msg":"{\"ev\":\"req\",\"route\":\"problem_detail\",\"status\":200,\"t\":1791352218319,\"ms\":4.2}","source":"console","time":"2026-10-07T05:50:18Z"}
{"level":"info","msg":"{\"ev\":\"req\",\"route\":\"history\",\"status\":200,\"t\":1791352218419,\"ms\":4.1}","source":"console","time":"2026-10-07T05:50:18Z"}
{"level":"info","msg":"{\"ev\":\"req\",\"route\":\"problem_list\",\"status\":200,\"t\":1791352218524,\"ms\":8.9}","source":"console","time":"2026-10-07T05:50:18Z"}
{"level":"info","msg":"{\"ev\":\"req\",\"route\":\"problem_detail\",\"status\":200,\"t\":1791352218622,\"ms\":7.3}","source":"console","time":"2026-10-07T05:50:18Z"}
{"level":"info","msg":"{\"ev\":\"req\",\"route\":\"history\",\"status\":200,\"t\":1791352218722,\"ms\":7.2}","source":"console","time":"2026-10-07T05:50:18Z"}
{"level":"info","msg":"{\"ev\":\"req\",\"route\":\"problem_list\",\"status\":200,\"t\":1791352218823,\"ms\":7.8}","source":"console","time":"2026-10-07T05:50:18Z"}
{"level":"info","msg":"{\"ev\":\"req\",\"route\":\"problem_detail\",\"status\":200,\"t\":1791352218920,\"ms\":5.4}","source":"console","time":"2026-10-07T05:50:18Z"}
{"level":"info","msg":"{\"ev\":\"req\",\"route\":\"history\",\"status\":200,\"t\":1791352219022,\"ms\":7.5}","source":"console","time":"2026-10-07T05:50:19Z"}
{"level":"info","msg":"{\"ev\":\"req\",\"route\":\"problem_list\",\"status\":200,\"t\":1791352219123,\"ms\":8.8}","source":"console","time":"2026-10-07T05:50:19Z"}
{"level":"info","msg":"{\"ev\":\"req\",\"route\":\"problem_detail\",\"status\":200,\"t\":1791352219226,\"ms\":10.5}","source":"console","time":"2026-10-07T05:50:19Z"}
{"level":"info","msg":"{\"ev\":\"req\",\"route\":\"submit\",\"status\":200,\"t\":1791352219269,\"ms\":23.5}","source":"console","time":"2026-10-07T05:50:19Z"}
{"level":"info","msg":"{\"ev\":\"accepted\",\"id\":\"280a3720-6ab1-4902-939f-4d051237aca0\",\"t\":1791352219270}","source":"console","time":"2026-10-07T05:50:19Z"}
{"level":"info","msg":"{\"ev\":\"req\",\"route\":\"history\",\"status\":200,\"t\":1791352219319,\"ms\":4.3}","source":"console","time":"2026-10-07T05:50:19Z"}
{"level":"info","msg":"{\"ev\":\"req\",\"route\":\"problem_list\",\"status\":200,\"t\":1791352219419,\"ms\":4.2}","source":"console","time":"2026-10-07T05:50:19Z"}
{"level":"info","msg":"{\"ev\":\"req\",\"route\":\"problem_detail\",\"status\":200,\"t\":1791352219519,\"ms\":3.7}","source":"console","time":"2026-10-07T05:50:19Z"}
{"level":"info","msg":"{\"ev\":\"req\",\"route\":\"history\",\"status\":200,\"t\":1791352219619,\"ms\":4.3}","source":"console","time":"2026-10-07T05:50:19Z"}
{"level":"info","msg":"{\"ev\":\"req\",\"route\":\"problem_list\",\"status\":200,\"t\":1791352219719,\"ms\":4.5}","source":"console","time":"2026-10-07T05:50:19Z"}
{"level":"info","msg":"{\"ev\":\"req\",\"route\":\"problem_detail\",\"status\":200,\"t\":1791352219818,\"ms\":3.1}","source":"console","time":"2026-10-07T05:50:19Z"}
{"level":"info","msg":"{\"ev\":\"req\",\"route\":\"history\",\"status\":200,\"t\":1791352219919,\"ms\":4.2}","source":"console","time":"2026-10-07T05:50:19Z"}
{"level":"info","msg":"{\"ev\":\"req\",\"route\":\"problem_list\",\"status\":200,\"t\":1791352220023,\"ms\":8.2}","source":"console","time":"2026-10-07T05:50:20Z"}
{"level":"info","msg":"{\"ev\":\"req\",\"route\":\"problem_detail\",\"status\":200,\"t\":1791352220119,\"ms\":3.9}","source":"console","time":"2026-10-07T05:50:20Z"}
{"level":"info","msg":"{\"ev\":\"req\",\"route\":\"history\",\"status\":200,\"t\":1791352220225,\"ms\":10.3}","source":"console","time":"2026-10-07T05:50:20Z"}
{"level":"info","msg":"{\"ev\":\"req\",\"route\":\"problem_list\",\"status\":200,\"t\":1791352220318,\"ms\":3.3}","source":"console","time":"2026-10-07T05:50:20Z"}
{"level":"info","msg":"{\"ev\":\"req\",\"route\":\"problem_detail\",\"status\":200,\"t\":1791352220423,\"ms\":7.4}","source":"console","time":"2026-10-07T05:50:20Z"}
{"level":"info","msg":"{\"ev\":\"req\",\"route\":\"history\",\"status\":200,\"t\":1791352220525,\"ms\":9.9}","source":"console","time":"2026-10-07T05:50:20Z"}
{"level":"info","msg":"{\"ev\":\"req\",\"route\":\"problem_list\",\"status\":200,\"t\":1791352220623,\"ms\":7.9}","source":"console","time":"2026-10-07T05:50:20Z"}
{"level":"info","msg":"{\"ev\":\"req\",\"route\":\"problem_detail\",\"status\":200,\"t\":1791352220718,\"ms\":3.6}","source":"console","time":"2026-10-07T05:50:20Z"}
{"level":"info","msg":"{\"ev\":\"req\",\"route\":\"history\",\"status\":200,\"t\":1791352220825,\"ms\":9.8}","source":"console","time":"2026-10-07T05:50:20Z"}
{"level":"info","msg":"{\"ev\":\"req\",\"route\":\"problem_list\",\"status\":200,\"t\":1791352220924,\"ms\":8.6}","source":"console","time":"2026-10-07T05:50:20Z"}
{"level":"info","msg":"{\"ev\":\"req\",\"route\":\"submit\",\"status\":200,\"t\":1791352220932,\"ms\":18.6}","source":"console","time":"2026-10-07T05:50:20Z"}
{"level":"info","msg":"{\"ev\":\"accepted\",\"id\":\"f1f7025d-de4d-4827-a205-1c0f1414c9f7\",\"t\":1791352220932}","source":"console","time":"2026-10-07T05:50:20Z"}
{"level":"info","msg":"{\"ev\":\"req\",\"route\":\"problem_detail\",\"status\":200,\"t\":1791352221020,\"ms\":5.2}","source":"console","time":"2026-10-07T05:50:21Z"}
{"level":"info","msg":"{\"ev\":\"req\",\"route\":\"history\",\"status\":200,\"t\":1791352221121,\"ms\":6.2}","source":"console","time":"2026-10-07T05:50:21Z"}
{"level":"info","msg":"{\"ev\":\"req\",\"route\":\"problem_list\",\"status\":200,\"t\":1791352221220,\"ms\":4.9}","source":"console","time":"2026-10-07T05:50:21Z"}
{"level":"info","msg":"{\"ev\":\"req\",\"route\":\"problem_detail\",\"status\":200,\"t\":1791352221318,\"ms\":3.2}","source":"console","time":"2026-10-07T05:50:21Z"}
{"level":"info","msg":"{\"ev\":\"req\",\"route\":\"history\",\"status\":200,\"t\":1791352221423,\"ms\":8.1}","source":"console","time":"2026-10-07T05:50:21Z"}
{"level":"info","msg":"{\"ev\":\"req\",\"route\":\"problem_list\",\"status\":200,\"t\":1791352221523,\"ms\":8.9}","source":"console","time":"2026-10-07T05:50:21Z"}
{"level":"info","msg":"{\"ev\":\"req\",\"route\":\"problem_detail\",\"status\":200,\"t\":1791352221623,\"ms\":7.9}","source":"console","time":"2026-10-07T05:50:21Z"}
{"level":"info","msg":"{\"ev\":\"req\",\"route\":\"history\",\"status\":200,\"t\":1791352221724,\"ms\":9.3}","source":"console","time":"2026-10-07T05:50:21Z"}
{"level":"info","msg":"{\"ev\":\"req\",\"route\":\"problem_list\",\"status\":200,\"t\":1791352221823,\"ms\":7.9}","source":"console","time":"2026-10-07T05:50:21Z"}
{"level":"info","msg":"{\"ev\":\"req\",\"route\":\"problem_detail\",\"status\":200,\"t\":1791352221922,\"ms\":7.4}","source":"console","time":"2026-10-07T05:50:21Z"}
{"level":"info","msg":"{\"ev\":\"req\",\"route\":\"history\",\"status\":200,\"t\":1791352222025,\"ms\":10.3}","source":"console","time":"2026-10-07T05:50:22Z"}
{"level":"info","msg":"{\"ev\":\"req\",\"route\":\"problem_list\",\"status\":200,\"t\":1791352222122,\"ms\":7.6}","source":"console","time":"2026-10-07T05:50:22Z"}
{"level":"info","msg":"{\"ev\":\"req\",\"route\":\"problem_detail\",\"status\":200,\"t\":1791352222220,\"ms\":5.6}","source":"console","time":"2026-10-07T05:50:22Z"}
{"level":"info","msg":"{\"ev\":\"req\",\"route\":\"history\",\"status\":200,\"t\":1791352222320,\"ms\":4.4}","source":"console","time":"2026-10-07T05:50:22Z"}
{"level":"info","msg":"{\"ev\":\"req\",\"route\":\"problem_list\",\"status\":200,\"t\":1791352222419,\"ms\":3.9}","source":"console","time":"2026-10-07T05:50:22Z"}
{"level":"info","msg":"{\"ev\":\"req\",\"route\":\"problem_detail\",\"status\":200,\"t\":1791352222519,\"ms\":3.9}","source":"console","time":"2026-10-07T05:50:22Z"}
{"level":"info","msg":"{\"ev\":\"req\",\"route\":\"submit\",\"status\":200,\"t\":1791352222597,\"ms\":17.6}","source":"console","time":"2026-10-07T05:50:22Z"}
{"level":"info","msg":"{\"ev\":\"accepted\",\"id\":\"39f7fc71-e394-418d-818d-08ca26942840\",\"t\":1791352222597}","source":"console","time":"2026-10-07T05:50:22Z"}
{"level":"info","msg":"{\"ev\":\"req\",\"route\":\"history\",\"status\":200,\"t\":1791352222620,\"ms\":5.6}","source":"console","time":"2026-10-07T05:50:22Z"}
{"level":"info","msg":"{\"ev\":\"req\",\"route\":\"problem_list\",\"status\":200,\"t\":1791352222722,\"ms\":7.1}","source":"console","time":"2026-10-07T05:50:22Z"}
{"level":"info","msg":"{\"ev\":\"req\",\"route\":\"problem_detail\",\"status\":200,\"t\":1791352222819,\"ms\":4.3}","source":"console","time":"2026-10-07T05:50:22Z"}
{"level":"info","msg":"{\"ev\":\"req\",\"route\":\"history\",\"status\":200,\"t\":1791352222920,\"ms\":5.5}","source":"console","time":"2026-10-07T05:50:22Z"}
{"level":"info","msg":"{\"ev\":\"req\",\"route\":\"problem_list\",\"status\":200,\"t\":1791352223018,\"ms\":3.4}","source":"console","time":"2026-10-07T05:50:23Z"}
{"level":"info","msg":"{\"ev\":\"req\",\"route\":\"problem_detail\",\"status\":200,\"t\":1791352223118,\"ms\":3.5}","source":"console","time":"2026-10-07T05:50:23Z"}
{"level":"info","msg":"{\"ev\":\"req\",\"route\":\"history\",\"status\":200,\"t\":1791352223220,\"ms\":4.8}","source":"console","time":"2026-10-07T05:50:23Z"}
{"level":"info","msg":"{\"ev\":\"req\",\"route\":\"problem_list\",\"status\":200,\"t\":1791352223318,\"ms\":3.3}","source":"console","time":"2026-10-07T05:50:23Z"}
{"level":"info","msg":"{\"ev\":\"req\",\"route\":\"problem_detail\",\"status\":200,\"t\":1791352223418,\"ms\":3.2}","source":"console","time":"2026-10-07T05:50:23Z"}
{"level":"info","msg":"{\"ev\":\"req\",\"route\":\"history\",\"status\":200,\"t\":1791352223519,\"ms\":4.7}","source":"console","time":"2026-10-07T05:50:23Z"}
{"level":"info","msg":"{\"ev\":\"req\",\"route\":\"problem_list\",\"status\":200,\"t\":1791352223618,\"ms\":3.4}","source":"console","time":"2026-10-07T05:50:23Z"}
{"level":"info","msg":"{\"ev\":\"req\",\"route\":\"problem_detail\",\"status\":200,\"t\":1791352223718,\"ms\":3.2}","source":"console","time":"2026-10-07T05:50:23Z"}
{"level":"info","msg":"{\"ev\":\"req\",\"route\":\"history\",\"status\":200,\"t\":1791352223821,\"ms\":5.5}","source":"console","time":"2026-10-07T05:50:23Z"}
{"level":"info","msg":"{\"ev\":\"req\",\"route\":\"problem_list\",\"status\":200,\"t\":1791352223923,\"ms\":8.1}","source":"console","time":"2026-10-07T05:50:23Z"}
{"level":"info","msg":"{\"ev\":\"req\",\"route\":\"problem_detail\",\"status\":200,\"t\":1791352224018,\"ms\":3.6}","source":"console","time":"2026-10-07T05:50:24Z"}
{"level":"info","msg":"{\"ev\":\"req\",\"route\":\"history\",\"status\":200,\"t\":1791352224120,\"ms\":4.7}","source":"console","time":"2026-10-07T05:50:24Z"}
{"level":"info","msg":"{\"ev\":\"req\",\"route\":\"problem_list\",\"status\":200,\"t\":1791352224223,\"ms\":7.7}","source":"console","time":"2026-10-07T05:50:24Z"}
{"level":"info","msg":"{\"ev\":\"req\",\"route\":\"submit\",\"status\":200,\"t\":1791352224267,\"ms\":21.5}","source":"console","time":"2026-10-07T05:50:24Z"}
{"level":"info","msg":"{\"ev\":\"accepted\",\"id\":\"9a032d93-ec20-4216-a46e-289677cfdccc\",\"t\":1791352224267}","source":"console","time":"2026-10-07T05:50:24Z"}
{"level":"info","msg":"{\"ev\":\"req\",\"route\":\"problem_detail\",\"status\":200,\"t\":1791352224320,\"ms\":4.6}","source":"console","time":"2026-10-07T05:50:24Z"}
{"level":"info","msg":"{\"ev\":\"req\",\"route\":\"history\",\"status\":200,\"t\":1791352224422,\"ms\":7.2}","source":"console","time":"2026-10-07T05:50:24Z"}
{"level":"info","msg":"{\"ev\":\"req\",\"route\":\"problem_list\",\"status\":200,\"t\":1791352224519,\"ms\":4.9}","source":"console","time":"2026-10-07T05:50:24Z"}
{"level":"info","msg":"{\"ev\":\"req\",\"route\":\"problem_detail\",\"status\":200,\"t\":1791352224619,\"ms\":3.7}","source":"console","time":"2026-10-07T05:50:24Z"}
{"level":"info","msg":"{\"ev\":\"req\",\"route\":\"history\",\"status\":200,\"t\":1791352224719,\"ms\":4.6}","source":"console","time":"2026-10-07T05:50:24Z"}
{"level":"info","msg":"{\"ev\":\"req\",\"route\":\"problem_list\",\"status\":200,\"t\":1791352224818,\"ms\":3.2}","source":"console","time":"2026-10-07T05:50:24Z"}
{"level":"info","msg":"{\"ev\":\"req\",\"route\":\"problem_detail\",\"status\":200,\"t\":1791352224921,\"ms\":6.7}","source":"console","time":"2026-10-07T05:50:24Z"}
{"level":"info","msg":"{\"ev\":\"req\",\"route\":\"history\",\"status\":200,\"t\":1791352225019,\"ms\":4.3}","source":"console","time":"2026-10-07T05:50:25Z"}
{"level":"info","msg":"{\"ev\":\"req\",\"route\":\"problem_list\",\"status\":200,\"t\":1791352225122,\"ms\":6.8}","source":"console","time":"2026-10-07T05:50:25Z"}
{"level":"info","msg":"{\"ev\":\"req\",\"route\":\"problem_detail\",\"status\":200,\"t\":1791352225223,\"ms\":8.1}","source":"console","time":"2026-10-07T05:50:25Z"}
{"level":"info","msg":"{\"ev\":\"req\",\"route\":\"history\",\"status\":200,\"t\":1791352225325,\"ms\":10.1}","source":"console","time":"2026-10-07T05:50:25Z"}
{"level":"info","msg":"{\"ev\":\"req\",\"route\":\"problem_list\",\"status\":200,\"t\":1791352225423,\"ms\":8.4}","source":"console","time":"2026-10-07T05:50:25Z"}
{"level":"info","msg":"{\"ev\":\"req\",\"route\":\"problem_detail\",\"status\":200,\"t\":1791352225523,\"ms\":8.4}","source":"console","time":"2026-10-07T05:50:25Z"}
{"level":"info","msg":"{\"ev\":\"req\",\"route\":\"history\",\"status\":200,\"t\":1791352225624,\"ms\":9.4}","source":"console","time":"2026-10-07T05:50:25Z"}
{"level":"info","msg":"{\"ev\":\"req\",\"route\":\"problem_list\",\"status\":200,\"t\":1791352225724,\"ms\":8.2}","source":"console","time":"2026-10-07T05:50:25Z"}
{"level":"info","msg":"{\"ev\":\"req\",\"route\":\"problem_detail\",\"status\":200,\"t\":1791352225822,\"ms\":7.8}","source":"console","time":"2026-10-07T05:50:25Z"}
{"level":"info","msg":"{\"ev\":\"req\",\"route\":\"history\",\"status\":200,\"t\":1791352225926,\"ms\":11.1}","source":"console","time":"2026-10-07T05:50:25Z"}
{"level":"info","msg":"{\"ev\":\"req\",\"route\":\"submit\",\"status\":200,\"t\":1791352225942,\"ms\":29.3}","source":"console","time":"2026-10-07T05:50:25Z"}
{"level":"info","msg":"{\"ev\":\"accepted\",\"id\":\"12969f8c-9a02-4665-9cea-a79dbc4659ad\",\"t\":1791352225942}","source":"console","time":"2026-10-07T05:50:25Z"}
{"level":"info","msg":"{\"ev\":\"req\",\"route\":\"problem_list\",\"status\":200,\"t\":1791352226019,\"ms\":4.2}","source":"console","time":"2026-10-07T05:50:26Z"}
{"level":"info","msg":"{\"ev\":\"req\",\"route\":\"problem_detail\",\"status\":200,\"t\":1791352226118,\"ms\":3.7}","source":"console","time":"2026-10-07T05:50:26Z"}
{"level":"info","msg":"{\"ev\":\"req\",\"route\":\"history\",\"status\":200,\"t\":1791352226221,\"ms\":5.7}","source":"console","time":"2026-10-07T05:50:26Z"}
{"level":"info","msg":"{\"ev\":\"req\",\"route\":\"problem_list\",\"status\":200,\"t\":1791352226318,\"ms\":3.4}","source":"console","time":"2026-10-07T05:50:26Z"}
{"level":"info","msg":"{\"ev\":\"req\",\"route\":\"problem_detail\",\"status\":200,\"t\":1791352226418,\"ms\":3.3}","source":"console","time":"2026-10-07T05:50:26Z"}
{"level":"info","msg":"{\"ev\":\"req\",\"route\":\"history\",\"status\":200,\"t\":1791352226519,\"ms\":4.4}","source":"console","time":"2026-10-07T05:50:26Z"}
{"level":"info","msg":"{\"ev\":\"req\",\"route\":\"problem_list\",\"status\":200,\"t\":1791352226619,\"ms\":3.7}","source":"console","time":"2026-10-07T05:50:26Z"}
{"level":"info","msg":"{\"ev\":\"req\",\"route\":\"problem_detail\",\"status\":200,\"t\":1791352226722,\"ms\":7.2}","source":"console","time":"2026-10-07T05:50:26Z"}
{"level":"info","msg":"{\"ev\":\"req\",\"route\":\"history\",\"status\":200,\"t\":1791352226824,\"ms\":8.7}","source":"console","time":"2026-10-07T05:50:26Z"}
{"level":"info","msg":"{\"ev\":\"req\",\"route\":\"problem_list\",\"status\":200,\"t\":1791352226923,\"ms\":8.5}","source":"console","time":"2026-10-07T05:50:26Z"}
{"level":"info","msg":"{\"ev\":\"req\",\"route\":\"problem_detail\",\"status\":200,\"t\":1791352227023,\"ms\":7.9}","source":"console","time":"2026-10-07T05:50:27Z"}
{"level":"info","msg":"{\"ev\":\"req\",\"route\":\"history\",\"status\":200,\"t\":1791352227126,\"ms\":10.6}","source":"console","time":"2026-10-07T05:50:27Z"}
{"level":"info","msg":"{\"ev\":\"req\",\"route\":\"problem_list\",\"status\":200,\"t\":1791352227222,\"ms\":7.3}","source":"console","time":"2026-10-07T05:50:27Z"}
{"level":"info","msg":"{\"ev\":\"req\",\"route\":\"problem_detail\",\"status\":200,\"t\":1791352227318,\"ms\":3.5}","source":"console","time":"2026-10-07T05:50:27Z"}
{"level":"info","msg":"{\"ev\":\"req\",\"route\":\"history\",\"status\":200,\"t\":1791352227424,\"ms\":9.3}","source":"console","time":"2026-10-07T05:50:27Z"}
{"level":"info","msg":"{\"ev\":\"req\",\"route\":\"problem_list\",\"status\":200,\"t\":1791352227524,\"ms\":8.9}","source":"console","time":"2026-10-07T05:50:27Z"}
{"level":"info","msg":"{\"ev\":\"req\",\"route\":\"submit\",\"status\":200,\"t\":1791352227600,\"ms\":19.9}","source":"console","time":"2026-10-07T05:50:27Z"}
{"level":"info","msg":"{\"ev\":\"accepted\",\"id\":\"74eaa1f7-0802-4511-8184-a5e1c3547404\",\"t\":1791352227600}","source":"console","time":"2026-10-07T05:50:27Z"}
{"level":"info","msg":"{\"ev\":\"req\",\"route\":\"problem_detail\",\"status\":200,\"t\":1791352227618,\"ms\":3}","source":"console","time":"2026-10-07T05:50:27Z"}
{"level":"info","msg":"{\"ev\":\"req\",\"route\":\"history\",\"status\":200,\"t\":1791352227721,\"ms\":6}","source":"console","time":"2026-10-07T05:50:27Z"}
{"level":"info","msg":"{\"ev\":\"req\",\"route\":\"problem_list\",\"status\":200,\"t\":1791352227821,\"ms\":5.9}","source":"console","time":"2026-10-07T05:50:27Z"}
{"level":"info","msg":"{\"ev\":\"req\",\"route\":\"problem_detail\",\"status\":200,\"t\":1791352227921,\"ms\":5.7}","source":"console","time":"2026-10-07T05:50:27Z"}
{"level":"info","msg":"{\"ev\":\"req\",\"route\":\"history\",\"status\":200,\"t\":1791352228019,\"ms\":4.8}","source":"console","time":"2026-10-07T05:50:28Z"}
{"level":"info","msg":"{\"ev\":\"req\",\"route\":\"problem_list\",\"status\":200,\"t\":1791352228118,\"ms\":3.5}","source":"console","time":"2026-10-07T05:50:28Z"}
{"level":"info","msg":"{\"ev\":\"req\",\"route\":\"problem_detail\",\"status\":200,\"t\":1791352228223,\"ms\":8.1}","source":"console","time":"2026-10-07T05:50:28Z"}
{"level":"info","msg":"{\"ev\":\"req\",\"route\":\"history\",\"status\":200,\"t\":1791352228327,\"ms\":11.4}","source":"console","time":"2026-10-07T05:50:28Z"}
{"level":"info","msg":"{\"ev\":\"req\",\"route\":\"problem_list\",\"status\":200,\"t\":1791352228423,\"ms\":8.6}","source":"console","time":"2026-10-07T05:50:28Z"}
{"level":"info","msg":"{\"ev\":\"req\",\"route\":\"problem_detail\",\"status\":200,\"t\":1791352228523,\"ms\":7.3}","source":"console","time":"2026-10-07T05:50:28Z"}
{"level":"info","msg":"{\"ev\":\"req\",\"route\":\"history\",\"status\":200,\"t\":1791352228624,\"ms\":9.7}","source":"console","time":"2026-10-07T05:50:28Z"}
{"level":"info","msg":"{\"ev\":\"req\",\"route\":\"problem_list\",\"status\":200,\"t\":1791352228723,\"ms\":8.6}","source":"console","time":"2026-10-07T05:50:28Z"}
{"level":"info","msg":"{\"ev\":\"req\",\"route\":\"problem_detail\",\"status\":200,\"t\":1791352228818,\"ms\":3.4}","source":"console","time":"2026-10-07T05:50:28Z"}
{"level":"info","msg":"{\"ev\":\"req\",\"route\":\"history\",\"status\":200,\"t\":1791352228925,\"ms\":10.2}","source":"console","time":"2026-10-07T05:50:28Z"}
{"level":"info","msg":"{\"ev\":\"req\",\"route\":\"problem_list\",\"status\":200,\"t\":1791352229024,\"ms\":9}","source":"console","time":"2026-10-07T05:50:29Z"}
{"level":"info","msg":"{\"ev\":\"req\",\"route\":\"problem_detail\",\"status\":200,\"t\":1791352229123,\"ms\":7.8}","source":"console","time":"2026-10-07T05:50:29Z"}
{"level":"info","msg":"{\"ev\":\"req\",\"route\":\"history\",\"status\":200,\"t\":1791352229224,\"ms\":9.1}","source":"console","time":"2026-10-07T05:50:29Z"}
{"level":"info","msg":"{\"ev\":\"req\",\"route\":\"submit\",\"status\":200,\"t\":1791352229271,\"ms\":24.9}","source":"console","time":"2026-10-07T05:50:29Z"}
{"level":"info","msg":"{\"ev\":\"accepted\",\"id\":\"76ad43d7-b273-4c26-a6ee-d3dd3968b4ce\",\"t\":1791352229272}","source":"console","time":"2026-10-07T05:50:29Z"}
{"level":"info","msg":"{\"ev\":\"req\",\"route\":\"problem_list\",\"status\":200,\"t\":1791352229318,\"ms\":3.3}","source":"console","time":"2026-10-07T05:50:29Z"}
{"level":"info","msg":"{\"ev\":\"req\",\"route\":\"problem_detail\",\"status\":200,\"t\":1791352229418,\"ms\":3.4}","source":"console","time":"2026-10-07T05:50:29Z"}
{"level":"info","msg":"{\"ev\":\"req\",\"route\":\"history\",\"status\":200,\"t\":1791352229520,\"ms\":4.8}","source":"console","time":"2026-10-07T05:50:29Z"}
{"level":"info","msg":"{\"ev\":\"req\",\"route\":\"problem_list\",\"status\":200,\"t\":1791352229618,\"ms\":3.2}","source":"console","time":"2026-10-07T05:50:29Z"}
{"level":"info","msg":"{\"ev\":\"req\",\"route\":\"problem_detail\",\"status\":200,\"t\":1791352229718,\"ms\":3.2}","source":"console","time":"2026-10-07T05:50:29Z"}
{"level":"info","msg":"{\"ev\":\"req\",\"route\":\"history\",\"status\":200,\"t\":1791352229819,\"ms\":4.6}","source":"console","time":"2026-10-07T05:50:29Z"}
{"level":"info","msg":"{\"ev\":\"req\",\"route\":\"problem_list\",\"status\":200,\"t\":1791352229919,\"ms\":4.2}","source":"console","time":"2026-10-07T05:50:29Z"}
{"level":"info","msg":"{\"ev\":\"req\",\"route\":\"problem_detail\",\"status\":200,\"t\":1791352230023,\"ms\":8}","source":"console","time":"2026-10-07T05:50:30Z"}
{"level":"info","msg":"{\"ev\":\"req\",\"route\":\"history\",\"status\":200,\"t\":1791352230125,\"ms\":10.5}","source":"console","time":"2026-10-07T05:50:30Z"}
{"level":"info","msg":"{\"ev\":\"req\",\"route\":\"problem_list\",\"status\":200,\"t\":1791352230223,\"ms\":8.4}","source":"console","time":"2026-10-07T05:50:30Z"}
{"level":"info","msg":"{\"ev\":\"req\",\"route\":\"problem_detail\",\"status\":200,\"t\":1791352230318,\"ms\":3.1}","source":"console","time":"2026-10-07T05:50:30Z"}
{"level":"info","msg":"{\"ev\":\"req\",\"route\":\"history\",\"status\":200,\"t\":1791352230426,\"ms\":10.4}","source":"console","time":"2026-10-07T05:50:30Z"}
{"level":"info","msg":"{\"ev\":\"req\",\"route\":\"problem_list\",\"status\":200,\"t\":1791352230523,\"ms\":8.5}","source":"console","time":"2026-10-07T05:50:30Z"}
{"level":"info","msg":"{\"ev\":\"req\",\"route\":\"problem_detail\",\"status\":200,\"t\":1791352230623,\"ms\":7.3}","source":"console","time":"2026-10-07T05:50:30Z"}
{"level":"info","msg":"{\"ev\":\"req\",\"route\":\"history\",\"status\":200,\"t\":1791352230724,\"ms\":9.1}","source":"console","time":"2026-10-07T05:50:30Z"}
{"level":"info","msg":"{\"ev\":\"req\",\"route\":\"problem_list\",\"status\":200,\"t\":1791352230822,\"ms\":6.7}","source":"console","time":"2026-10-07T05:50:30Z"}
{"level":"info","msg":"{\"ev\":\"req\",\"route\":\"problem_detail\",\"status\":200,\"t\":1791352230923,\"ms\":7.3}","source":"console","time":"2026-10-07T05:50:30Z"}
{"level":"info","msg":"{\"ev\":\"req\",\"route\":\"submit\",\"status\":200,\"t\":1791352230940,\"ms\":26.4}","source":"console","time":"2026-10-07T05:50:30Z"}
{"level":"info","msg":"{\"ev\":\"accepted\",\"id\":\"c3417d3d-c841-4e2e-bf12-86e8164e1c24\",\"t\":1791352230940}","source":"console","time":"2026-10-07T05:50:30Z"}
{"level":"info","msg":"{\"ev\":\"req\",\"route\":\"history\",\"status\":200,\"t\":1791352231025,\"ms\":9.7}","source":"console","time":"2026-10-07T05:50:31Z"}
{"level":"info","msg":"{\"ev\":\"req\",\"route\":\"problem_list\",\"status\":200,\"t\":1791352231121,\"ms\":6.3}","source":"console","time":"2026-10-07T05:50:31Z"}
{"level":"info","msg":"{\"ev\":\"req\",\"route\":\"problem_detail\",\"status\":200,\"t\":1791352231221,\"ms\":6.1}","source":"console","time":"2026-10-07T05:50:31Z"}
{"level":"info","msg":"{\"ev\":\"req\",\"route\":\"history\",\"status\":200,\"t\":1791352231320,\"ms\":4.6}","source":"console","time":"2026-10-07T05:50:31Z"}
{"level":"info","msg":"{\"ev\":\"req\",\"route\":\"problem_list\",\"status\":200,\"t\":1791352231418,\"ms\":3.5}","source":"console","time":"2026-10-07T05:50:31Z"}
{"level":"info","msg":"{\"ev\":\"req\",\"route\":\"problem_detail\",\"status\":200,\"t\":1791352231518,\"ms\":3.2}","source":"console","time":"2026-10-07T05:50:31Z"}
{"level":"info","msg":"{\"ev\":\"req\",\"route\":\"history\",\"status\":200,\"t\":1791352231623,\"ms\":8.2}","source":"console","time":"2026-10-07T05:50:31Z"}
{"level":"info","msg":"{\"ev\":\"req\",\"route\":\"problem_list\",\"status\":200,\"t\":1791352231723,\"ms\":7.6}","source":"console","time":"2026-10-07T05:50:31Z"}
{"level":"info","msg":"{\"ev\":\"req\",\"route\":\"problem_detail\",\"status\":200,\"t\":1791352231823,\"ms\":8.1}","source":"console","time":"2026-10-07T05:50:31Z"}
{"level":"info","msg":"{\"ev\":\"req\",\"route\":\"history\",\"status\":200,\"t\":1791352231926,\"ms\":11}","source":"console","time":"2026-10-07T05:50:31Z"}
{"level":"info","msg":"{\"ev\":\"req\",\"route\":\"problem_list\",\"status\":200,\"t\":1791352232018,\"ms\":3.5}","source":"console","time":"2026-10-07T05:50:32Z"}
{"level":"info","msg":"{\"ev\":\"req\",\"route\":\"problem_detail\",\"status\":200,\"t\":1791352232119,\"ms\":3.8}","source":"console","time":"2026-10-07T05:50:32Z"}
{"level":"info","msg":"{\"ev\":\"req\",\"route\":\"history\",\"status\":200,\"t\":1791352232220,\"ms\":4.8}","source":"console","time":"2026-10-07T05:50:32Z"}
{"level":"info","msg":"{\"ev\":\"req\",\"route\":\"problem_list\",\"status\":200,\"t\":1791352232318,\"ms\":3.2}","source":"console","time":"2026-10-07T05:50:32Z"}
{"level":"info","msg":"{\"ev\":\"req\",\"route\":\"problem_detail\",\"status\":200,\"t\":1791352232423,\"ms\":7.3}","source":"console","time":"2026-10-07T05:50:32Z"}
{"level":"info","msg":"{\"ev\":\"req\",\"route\":\"history\",\"status\":200,\"t\":1791352232519,\"ms\":4.4}","source":"console","time":"2026-10-07T05:50:32Z"}
{"level":"info","msg":"{\"ev\":\"req\",\"route\":\"submit\",\"status\":200,\"t\":1791352232606,\"ms\":26.9}","source":"console","time":"2026-10-07T05:50:32Z"}
{"level":"info","msg":"{\"ev\":\"accepted\",\"id\":\"3042a4f8-42ab-40b6-b013-c2658686e065\",\"t\":1791352232606}","source":"console","time":"2026-10-07T05:50:32Z"}
{"level":"info","msg":"{\"ev\":\"req\",\"route\":\"problem_list\",\"status\":200,\"t\":1791352232619,\"ms\":4.3}","source":"console","time":"2026-10-07T05:50:32Z"}
{"level":"info","msg":"{\"ev\":\"req\",\"route\":\"problem_detail\",\"status\":200,\"t\":1791352232719,\"ms\":4.3}","source":"console","time":"2026-10-07T05:50:32Z"}
{"level":"info","msg":"{\"ev\":\"req\",\"route\":\"history\",\"status\":200,\"t\":1791352232819,\"ms\":4}","source":"console","time":"2026-10-07T05:50:32Z"}
{"level":"info","msg":"{\"ev\":\"req\",\"route\":\"problem_list\",\"status\":200,\"t\":1791352232919,\"ms\":4.5}","source":"console","time":"2026-10-07T05:50:32Z"}
{"level":"info","msg":"{\"ev\":\"req\",\"route\":\"problem_detail\",\"status\":200,\"t\":1791352233018,\"ms\":3.4}","source":"console","time":"2026-10-07T05:50:33Z"}
{"level":"info","msg":"{\"ev\":\"req\",\"route\":\"history\",\"status\":200,\"t\":1791352233119,\"ms\":4.5}","source":"console","time":"2026-10-07T05:50:33Z"}
{"level":"info","msg":"{\"ev\":\"req\",\"route\":\"problem_list\",\"status\":200,\"t\":1791352233218,\"ms\":3.5}","source":"console","time":"2026-10-07T05:50:33Z"}
{"level":"info","msg":"{\"ev\":\"req\",\"route\":\"problem_detail\",\"status\":200,\"t\":1791352233318,\"ms\":3.2}","source":"console","time":"2026-10-07T05:50:33Z"}
{"level":"info","msg":"{\"ev\":\"req\",\"route\":\"history\",\"status\":200,\"t\":1791352233418,\"ms\":4.3}","source":"console","time":"2026-10-07T05:50:33Z"}
{"level":"info","msg":"{\"ev\":\"req\",\"route\":\"problem_list\",\"status\":200,\"t\":1791352233519,\"ms\":4.3}","source":"console","time":"2026-10-07T05:50:33Z"}
{"level":"info","msg":"{\"ev\":\"req\",\"route\":\"problem_detail\",\"status\":200,\"t\":1791352233619,\"ms\":4.1}","source":"console","time":"2026-10-07T05:50:33Z"}
{"level":"info","msg":"{\"ev\":\"req\",\"route\":\"history\",\"status\":200,\"t\":1791352233719,\"ms\":4.5}","source":"console","time":"2026-10-07T05:50:33Z"}
{"level":"info","msg":"{\"ev\":\"req\",\"route\":\"problem_list\",\"status\":200,\"t\":1791352233819,\"ms\":4}","source":"console","time":"2026-10-07T05:50:33Z"}
{"level":"info","msg":"{\"ev\":\"req\",\"route\":\"problem_detail\",\"status\":200,\"t\":1791352233919,\"ms\":4}","source":"console","time":"2026-10-07T05:50:33Z"}
{"level":"info","msg":"{\"ev\":\"req\",\"route\":\"history\",\"status\":200,\"t\":1791352234019,\"ms\":4.2}","source":"console","time":"2026-10-07T05:50:34Z"}
{"level":"info","msg":"{\"ev\":\"req\",\"route\":\"problem_list\",\"status\":200,\"t\":1791352234123,\"ms\":7.7}","source":"console","time":"2026-10-07T05:50:34Z"}
{"level":"info","msg":"{\"ev\":\"req\",\"route\":\"problem_detail\",\"status\":200,\"t\":1791352234222,\"ms\":7}","source":"console","time":"2026-10-07T05:50:34Z"}
{"level":"info","msg":"{\"ev\":\"req\",\"route\":\"submit\",\"status\":200,\"t\":1791352234268,\"ms\":22.3}","source":"console","time":"2026-10-07T05:50:34Z"}
{"level":"info","msg":"{\"ev\":\"accepted\",\"id\":\"d603fe0d-e839-49f1-b4d5-2a2dadf2e2b6\",\"t\":1791352234268}","source":"console","time":"2026-10-07T05:50:34Z"}
{"level":"info","msg":"{\"ev\":\"req\",\"route\":\"history\",\"status\":200,\"t\":1791352234321,\"ms\":6.2}","source":"console","time":"2026-10-07T05:50:34Z"}
{"level":"info","msg":"{\"ev\":\"req\",\"route\":\"problem_list\",\"status\":200,\"t\":1791352234420,\"ms\":5.1}","source":"console","time":"2026-10-07T05:50:34Z"}
{"level":"info","msg":"{\"ev\":\"req\",\"route\":\"problem_detail\",\"status\":200,\"t\":1791352234519,\"ms\":4.4}","source":"console","time":"2026-10-07T05:50:34Z"}
{"level":"info","msg":"{\"ev\":\"req\",\"route\":\"history\",\"status\":200,\"t\":1791352234620,\"ms\":5.7}","source":"console","time":"2026-10-07T05:50:34Z"}
{"level":"info","msg":"{\"ev\":\"req\",\"route\":\"problem_list\",\"status\":200,\"t\":1791352234719,\"ms\":3.9}","source":"console","time":"2026-10-07T05:50:34Z"}
{"level":"info","msg":"{\"ev\":\"req\",\"route\":\"problem_detail\",\"status\":200,\"t\":1791352234818,\"ms\":3.1}","source":"console","time":"2026-10-07T05:50:34Z"}
{"level":"info","msg":"{\"ev\":\"req\",\"route\":\"history\",\"status\":200,\"t\":1791352234925,\"ms\":10.5}","source":"console","time":"2026-10-07T05:50:34Z"}
{"level":"info","msg":"{\"ev\":\"req\",\"route\":\"problem_list\",\"status\":200,\"t\":1791352235023,\"ms\":7.8}","source":"console","time":"2026-10-07T05:50:35Z"}
{"level":"info","msg":"{\"ev\":\"req\",\"route\":\"problem_detail\",\"status\":200,\"t\":1791352235123,\"ms\":8.4}","source":"console","time":"2026-10-07T05:50:35Z"}
{"level":"info","msg":"{\"ev\":\"req\",\"route\":\"history\",\"status\":200,\"t\":1791352235225,\"ms\":10.2}","source":"console","time":"2026-10-07T05:50:35Z"}
{"level":"info","msg":"{\"ev\":\"req\",\"route\":\"problem_list\",\"status\":200,\"t\":1791352235323,\"ms\":8.4}","source":"console","time":"2026-10-07T05:50:35Z"}
{"level":"info","msg":"{\"ev\":\"req\",\"route\":\"problem_detail\",\"status\":200,\"t\":1791352235418,\"ms\":3.1}","source":"console","time":"2026-10-07T05:50:35Z"}
{"level":"info","msg":"{\"ev\":\"req\",\"route\":\"history\",\"status\":200,\"t\":1791352235525,\"ms\":9.5}","source":"console","time":"2026-10-07T05:50:35Z"}
{"level":"info","msg":"{\"ev\":\"req\",\"route\":\"problem_list\",\"status\":200,\"t\":1791352235622,\"ms\":7.6}","source":"console","time":"2026-10-07T05:50:35Z"}
{"level":"info","msg":"{\"ev\":\"req\",\"route\":\"problem_detail\",\"status\":200,\"t\":1791352235723,\"ms\":7.6}","source":"console","time":"2026-10-07T05:50:35Z"}
{"level":"info","msg":"{\"ev\":\"req\",\"route\":\"history\",\"status\":200,\"t\":1791352235824,\"ms\":9.3}","source":"console","time":"2026-10-07T05:50:35Z"}
{"level":"info","msg":"{\"ev\":\"req\",\"route\":\"problem_list\",\"status\":200,\"t\":1791352235923,\"ms\":8.3}","source":"console","time":"2026-10-07T05:50:35Z"}
{"level":"info","msg":"{\"ev\":\"req\",\"route\":\"submit\",\"status\":200,\"t\":1791352235940,\"ms\":27.5}","source":"console","time":"2026-10-07T05:50:35Z"}
{"level":"info","msg":"{\"ev\":\"accepted\",\"id\":\"2fb3ba2d-2a1c-426c-9ed5-76ecf63ce677\",\"t\":1791352235940}","source":"console","time":"2026-10-07T05:50:35Z"}
{"level":"info","msg":"{\"ev\":\"req\",\"route\":\"problem_detail\",\"status\":200,\"t\":1791352236018,\"ms\":3.1}","source":"console","time":"2026-10-07T05:50:36Z"}
{"level":"info","msg":"{\"ev\":\"req\",\"route\":\"history\",\"status\":200,\"t\":1791352236119,\"ms\":4.1}","source":"console","time":"2026-10-07T05:50:36Z"}
{"level":"info","msg":"{\"ev\":\"req\",\"route\":\"problem_list\",\"status\":200,\"t\":1791352236218,\"ms\":3.4}","source":"console","time":"2026-10-07T05:50:36Z"}
{"level":"info","msg":"{\"ev\":\"req\",\"route\":\"problem_detail\",\"status\":200,\"t\":1791352236318,\"ms\":3.4}","source":"console","time":"2026-10-07T05:50:36Z"}
{"level":"info","msg":"{\"ev\":\"req\",\"route\":\"history\",\"status\":200,\"t\":1791352236419,\"ms\":4.3}","source":"console","time":"2026-10-07T05:50:36Z"}
{"level":"info","msg":"{\"ev\":\"req\",\"route\":\"problem_list\",\"status\":200,\"t\":1791352236518,\"ms\":3.4}","source":"console","time":"2026-10-07T05:50:36Z"}
{"level":"info","msg":"{\"ev\":\"req\",\"route\":\"problem_detail\",\"status\":200,\"t\":1791352236618,\"ms\":3.6}","source":"console","time":"2026-10-07T05:50:36Z"}
{"level":"info","msg":"{\"ev\":\"req\",\"route\":\"history\",\"status\":200,\"t\":1791352236728,\"ms\":13.1}","source":"console","time":"2026-10-07T05:50:36Z"}
{"level":"info","msg":"{\"ev\":\"req\",\"route\":\"problem_list\",\"status\":200,\"t\":1791352236828,\"ms\":12.4}","source":"console","time":"2026-10-07T05:50:36Z"}
{"level":"info","msg":"{\"ev\":\"req\",\"route\":\"problem_detail\",\"status\":200,\"t\":1791352236918,\"ms\":3}","source":"console","time":"2026-10-07T05:50:36Z"}
{"level":"info","msg":"{\"ev\":\"req\",\"route\":\"history\",\"status\":200,\"t\":1791352237024,\"ms\":9.4}","source":"console","time":"2026-10-07T05:50:37Z"}
{"level":"info","msg":"{\"ev\":\"req\",\"route\":\"problem_list\",\"status\":200,\"t\":1791352237123,\"ms\":7.5}","source":"console","time":"2026-10-07T05:50:37Z"}
{"level":"info","msg":"{\"ev\":\"req\",\"route\":\"problem_detail\",\"status\":200,\"t\":1791352237223,\"ms\":8.3}","source":"console","time":"2026-10-07T05:50:37Z"}
{"level":"info","msg":"{\"ev\":\"req\",\"route\":\"history\",\"status\":200,\"t\":1791352237319,\"ms\":3.7}","source":"console","time":"2026-10-07T05:50:37Z"}
{"level":"info","msg":"{\"ev\":\"req\",\"route\":\"problem_list\",\"status\":200,\"t\":1791352237424,\"ms\":8.3}","source":"console","time":"2026-10-07T05:50:37Z"}
{"level":"info","msg":"{\"ev\":\"req\",\"route\":\"problem_detail\",\"status\":200,\"t\":1791352237526,\"ms\":11.2}","source":"console","time":"2026-10-07T05:50:37Z"}
{"level":"info","msg":"{\"ev\":\"req\",\"route\":\"submit\",\"status\":200,\"t\":1791352237607,\"ms\":28.2}","source":"console","time":"2026-10-07T05:50:37Z"}
{"level":"info","msg":"{\"ev\":\"accepted\",\"id\":\"5024dcb1-3e9e-44dd-a6f6-2b2877f58e34\",\"t\":1791352237608}","source":"console","time":"2026-10-07T05:50:37Z"}
{"level":"info","msg":"{\"ev\":\"req\",\"route\":\"history\",\"status\":200,\"t\":1791352237623,\"ms\":7.7}","source":"console","time":"2026-10-07T05:50:37Z"}
{"level":"info","msg":"{\"ev\":\"req\",\"route\":\"problem_list\",\"status\":200,\"t\":1791352237720,\"ms\":4.9}","source":"console","time":"2026-10-07T05:50:37Z"}
{"level":"info","msg":"{\"ev\":\"req\",\"route\":\"problem_detail\",\"status\":200,\"t\":1791352237819,\"ms\":3.5}","source":"console","time":"2026-10-07T05:50:37Z"}
{"level":"info","msg":"{\"ev\":\"req\",\"route\":\"history\",\"status\":200,\"t\":1791352237922,\"ms\":6.5}","source":"console","time":"2026-10-07T05:50:37Z"}
{"level":"info","msg":"{\"ev\":\"req\",\"route\":\"problem_list\",\"status\":200,\"t\":1791352238020,\"ms\":5}","source":"console","time":"2026-10-07T05:50:38Z"}
{"level":"info","msg":"{\"ev\":\"req\",\"route\":\"problem_detail\",\"status\":200,\"t\":1791352238117,\"ms\":3.3}","source":"console","time":"2026-10-07T05:50:38Z"}
{"level":"info","msg":"{\"ev\":\"req\",\"route\":\"history\",\"status\":200,\"t\":1791352238226,\"ms\":10.6}","source":"console","time":"2026-10-07T05:50:38Z"}
{"level":"info","msg":"{\"ev\":\"req\",\"route\":\"problem_list\",\"status\":200,\"t\":1791352238320,\"ms\":4.8}","source":"console","time":"2026-10-07T05:50:38Z"}
{"level":"info","msg":"{\"ev\":\"req\",\"route\":\"problem_detail\",\"status\":200,\"t\":1791352238418,\"ms\":3.6}","source":"console","time":"2026-10-07T05:50:38Z"}
{"level":"info","msg":"{\"ev\":\"req\",\"route\":\"history\",\"status\":200,\"t\":1791352238521,\"ms\":6.4}","source":"console","time":"2026-10-07T05:50:38Z"}
{"level":"info","msg":"{\"ev\":\"req\",\"route\":\"problem_list\",\"status\":200,\"t\":1791352238618,\"ms\":3.1}","source":"console","time":"2026-10-07T05:50:38Z"}
{"level":"info","msg":"{\"ev\":\"req\",\"route\":\"problem_detail\",\"status\":200,\"t\":1791352238723,\"ms\":8}","source":"console","time":"2026-10-07T05:50:38Z"}
{"level":"info","msg":"{\"ev\":\"req\",\"route\":\"history\",\"status\":200,\"t\":1791352238821,\"ms\":5.9}","source":"console","time":"2026-10-07T05:50:38Z"}
{"level":"info","msg":"{\"ev\":\"req\",\"route\":\"problem_list\",\"status\":200,\"t\":1791352238925,\"ms\":10.3}","source":"console","time":"2026-10-07T05:50:38Z"}
{"level":"info","msg":"{\"ev\":\"req\",\"route\":\"problem_detail\",\"status\":200,\"t\":1791352239022,\"ms\":7.2}","source":"console","time":"2026-10-07T05:50:39Z"}
{"level":"info","msg":"{\"ev\":\"req\",\"route\":\"history\",\"status\":200,\"t\":1791352239125,\"ms\":10.3}","source":"console","time":"2026-10-07T05:50:39Z"}
{"level":"info","msg":"{\"ev\":\"req\",\"route\":\"problem_list\",\"status\":200,\"t\":1791352239223,\"ms\":8.4}","source":"console","time":"2026-10-07T05:50:39Z"}
{"level":"info","msg":"{\"ev\":\"req\",\"route\":\"submit\",\"status\":200,\"t\":1791352239265,\"ms\":18.6}","source":"console","time":"2026-10-07T05:50:39Z"}
{"level":"info","msg":"{\"ev\":\"accepted\",\"id\":\"32f15c98-4283-4ffe-818a-90e680232a4c\",\"t\":1791352239265}","source":"console","time":"2026-10-07T05:50:39Z"}
{"level":"info","msg":"{\"ev\":\"req\",\"route\":\"problem_detail\",\"status\":200,\"t\":1791352239318,\"ms\":3.2}","source":"console","time":"2026-10-07T05:50:39Z"}
{"level":"info","msg":"{\"ev\":\"req\",\"route\":\"history\",\"status\":200,\"t\":1791352239419,\"ms\":4.6}","source":"console","time":"2026-10-07T05:50:39Z"}
{"level":"info","msg":"{\"ev\":\"req\",\"route\":\"problem_list\",\"status\":200,\"t\":1791352239518,\"ms\":3.5}","source":"console","time":"2026-10-07T05:50:39Z"}
{"level":"info","msg":"{\"ev\":\"req\",\"route\":\"problem_detail\",\"status\":200,\"t\":1791352239618,\"ms\":3.6}","source":"console","time":"2026-10-07T05:50:39Z"}
{"level":"info","msg":"{\"ev\":\"req\",\"route\":\"history\",\"status\":200,\"t\":1791352239719,\"ms\":4.4}","source":"console","time":"2026-10-07T05:50:39Z"}
{"level":"info","msg":"{\"ev\":\"req\",\"route\":\"problem_list\",\"status\":200,\"t\":1791352239819,\"ms\":3.8}","source":"console","time":"2026-10-07T05:50:39Z"}
{"level":"info","msg":"{\"ev\":\"req\",\"route\":\"problem_detail\",\"status\":200,\"t\":1791352239918,\"ms\":3.4}","source":"console","time":"2026-10-07T05:50:39Z"}
{"level":"info","msg":"{\"ev\":\"req\",\"route\":\"history\",\"status\":200,\"t\":1791352240025,\"ms\":9.8}","source":"console","time":"2026-10-07T05:50:40Z"}
{"level":"info","msg":"{\"ev\":\"req\",\"route\":\"problem_list\",\"status\":200,\"t\":1791352240124,\"ms\":8.5}","source":"console","time":"2026-10-07T05:50:40Z"}
{"level":"info","msg":"{\"ev\":\"req\",\"route\":\"problem_detail\",\"status\":200,\"t\":1791352240223,\"ms\":7.8}","source":"console","time":"2026-10-07T05:50:40Z"}
{"level":"info","msg":"{\"ev\":\"req\",\"route\":\"history\",\"status\":200,\"t\":1791352240326,\"ms\":10.7}","source":"console","time":"2026-10-07T05:50:40Z"}
{"level":"info","msg":"{\"ev\":\"req\",\"route\":\"problem_list\",\"status\":200,\"t\":1791352240423,\"ms\":7.1}","source":"console","time":"2026-10-07T05:50:40Z"}
{"level":"info","msg":"{\"ev\":\"req\",\"route\":\"problem_detail\",\"status\":200,\"t\":1791352240518,\"ms\":3.6}","source":"console","time":"2026-10-07T05:50:40Z"}
{"level":"info","msg":"{\"ev\":\"req\",\"route\":\"history\",\"status\":200,\"t\":1791352240624,\"ms\":8.6}","source":"console","time":"2026-10-07T05:50:40Z"}
{"level":"info","msg":"{\"ev\":\"req\",\"route\":\"problem_list\",\"status\":200,\"t\":1791352240724,\"ms\":9.2}","source":"console","time":"2026-10-07T05:50:40Z"}
{"level":"info","msg":"{\"ev\":\"req\",\"route\":\"problem_detail\",\"status\":200,\"t\":1791352240822,\"ms\":7.1}","source":"console","time":"2026-10-07T05:50:40Z"}
{"level":"info","msg":"{\"ev\":\"req\",\"route\":\"history\",\"status\":200,\"t\":1791352240919,\"ms\":4.3}","source":"console","time":"2026-10-07T05:50:40Z"}
{"level":"info","msg":"{\"ev\":\"req\",\"route\":\"submit\",\"status\":200,\"t\":1791352240924,\"ms\":11.9}","source":"console","time":"2026-10-07T05:50:40Z"}
{"level":"info","msg":"{\"ev\":\"accepted\",\"id\":\"91a62fe3-c9b9-44e9-88eb-d2dc4a166c85\",\"t\":1791352240925}","source":"console","time":"2026-10-07T05:50:40Z"}
{"level":"info","msg":"{\"ev\":\"req\",\"route\":\"problem_list\",\"status\":200,\"t\":1791352241022,\"ms\":6.5}","source":"console","time":"2026-10-07T05:50:41Z"}
{"level":"info","msg":"{\"ev\":\"req\",\"route\":\"problem_detail\",\"status\":200,\"t\":1791352241118,\"ms\":3.6}","source":"console","time":"2026-10-07T05:50:41Z"}
{"level":"info","msg":"{\"ev\":\"req\",\"route\":\"history\",\"status\":200,\"t\":1791352241222,\"ms\":7.1}","source":"console","time":"2026-10-07T05:50:41Z"}
{"level":"info","msg":"{\"ev\":\"req\",\"route\":\"problem_list\",\"status\":200,\"t\":1791352241319,\"ms\":4.5}","source":"console","time":"2026-10-07T05:50:41Z"}
{"level":"info","msg":"{\"ev\":\"req\",\"route\":\"problem_detail\",\"status\":200,\"t\":1791352241418,\"ms\":3.4}","source":"console","time":"2026-10-07T05:50:41Z"}
{"level":"info","msg":"{\"ev\":\"req\",\"route\":\"history\",\"status\":200,\"t\":1791352241519,\"ms\":3.7}","source":"console","time":"2026-10-07T05:50:41Z"}
{"level":"info","msg":"{\"ev\":\"req\",\"route\":\"problem_list\",\"status\":200,\"t\":1791352241621,\"ms\":6.5}","source":"console","time":"2026-10-07T05:50:41Z"}
{"level":"info","msg":"{\"ev\":\"req\",\"route\":\"problem_detail\",\"status\":200,\"t\":1791352241723,\"ms\":7.9}","source":"console","time":"2026-10-07T05:50:41Z"}
{"level":"info","msg":"{\"ev\":\"req\",\"route\":\"history\",\"status\":200,\"t\":1791352241824,\"ms\":9.6}","source":"console","time":"2026-10-07T05:50:41Z"}
{"level":"info","msg":"{\"ev\":\"req\",\"route\":\"problem_list\",\"status\":200,\"t\":1791352241924,\"ms\":8.9}","source":"console","time":"2026-10-07T05:50:41Z"}
{"level":"info","msg":"{\"ev\":\"req\",\"route\":\"problem_detail\",\"status\":200,\"t\":1791352242023,\"ms\":7.8}","source":"console","time":"2026-10-07T05:50:42Z"}
{"level":"info","msg":"{\"ev\":\"req\",\"route\":\"history\",\"status\":200,\"t\":1791352242127,\"ms\":11.4}","source":"console","time":"2026-10-07T05:50:42Z"}
{"level":"info","msg":"{\"ev\":\"req\",\"route\":\"problem_list\",\"status\":200,\"t\":1791352242223,\"ms\":7.9}","source":"console","time":"2026-10-07T05:50:42Z"}
{"level":"info","msg":"{\"ev\":\"req\",\"route\":\"problem_detail\",\"status\":200,\"t\":1791352242323,\"ms\":8.2}","source":"console","time":"2026-10-07T05:50:42Z"}
{"level":"info","msg":"{\"ev\":\"req\",\"route\":\"history\",\"status\":200,\"t\":1791352242425,\"ms\":9.8}","source":"console","time":"2026-10-07T05:50:42Z"}
{"level":"info","msg":"{\"ev\":\"req\",\"route\":\"problem_list\",\"status\":200,\"t\":1791352242524,\"ms\":9}","source":"console","time":"2026-10-07T05:50:42Z"}
{"level":"info","msg":"{\"ev\":\"req\",\"route\":\"submit\",\"status\":200,\"t\":1791352242607,\"ms\":27.7}","source":"console","time":"2026-10-07T05:50:42Z"}
{"level":"info","msg":"{\"ev\":\"accepted\",\"id\":\"e3f68dd2-6b3b-4955-a550-adbc0a8b9982\",\"t\":1791352242608}","source":"console","time":"2026-10-07T05:50:42Z"}
{"level":"info","msg":"{\"ev\":\"req\",\"route\":\"problem_detail\",\"status\":200,\"t\":1791352242623,\"ms\":7.6}","source":"console","time":"2026-10-07T05:50:42Z"}
{"level":"info","msg":"{\"ev\":\"req\",\"route\":\"history\",\"status\":200,\"t\":1791352242719,\"ms\":4.2}","source":"console","time":"2026-10-07T05:50:42Z"}
{"level":"info","msg":"{\"ev\":\"req\",\"route\":\"problem_list\",\"status\":200,\"t\":1791352242818,\"ms\":4.2}","source":"console","time":"2026-10-07T05:50:42Z"}
{"level":"info","msg":"{\"ev\":\"req\",\"route\":\"problem_detail\",\"status\":200,\"t\":1791352242918,\"ms\":3.9}","source":"console","time":"2026-10-07T05:50:42Z"}
{"level":"info","msg":"{\"ev\":\"req\",\"route\":\"history\",\"status\":200,\"t\":1791352243019,\"ms\":4.2}","source":"console","time":"2026-10-07T05:50:43Z"}
{"level":"info","msg":"{\"ev\":\"req\",\"route\":\"problem_list\",\"status\":200,\"t\":1791352243118,\"ms\":3.4}","source":"console","time":"2026-10-07T05:50:43Z"}
{"level":"info","msg":"{\"ev\":\"req\",\"route\":\"problem_detail\",\"status\":200,\"t\":1791352243218,\"ms\":3.6}","source":"console","time":"2026-10-07T05:50:43Z"}
{"level":"info","msg":"{\"ev\":\"req\",\"route\":\"history\",\"status\":200,\"t\":1791352243325,\"ms\":9.7}","source":"console","time":"2026-10-07T05:50:43Z"}
{"level":"info","msg":"{\"ev\":\"req\",\"route\":\"problem_list\",\"status\":200,\"t\":1791352243422,\"ms\":7.5}","source":"console","time":"2026-10-07T05:50:43Z"}
{"level":"info","msg":"{\"ev\":\"req\",\"route\":\"problem_detail\",\"status\":200,\"t\":1791352243523,\"ms\":8.4}","source":"console","time":"2026-10-07T05:50:43Z"}
{"level":"info","msg":"{\"ev\":\"req\",\"route\":\"history\",\"status\":200,\"t\":1791352243623,\"ms\":8}","source":"console","time":"2026-10-07T05:50:43Z"}
{"level":"info","msg":"{\"ev\":\"req\",\"route\":\"problem_list\",\"status\":200,\"t\":1791352243723,\"ms\":7.9}","source":"console","time":"2026-10-07T05:50:43Z"}
{"level":"info","msg":"{\"ev\":\"req\",\"route\":\"problem_detail\",\"status\":200,\"t\":1791352243822,\"ms\":7.2}","source":"console","time":"2026-10-07T05:50:43Z"}
{"level":"info","msg":"{\"ev\":\"req\",\"route\":\"history\",\"status\":200,\"t\":1791352243926,\"ms\":11.1}","source":"console","time":"2026-10-07T05:50:43Z"}
{"level":"info","msg":"{\"ev\":\"req\",\"route\":\"problem_list\",\"status\":200,\"t\":1791352244022,\"ms\":7.6}","source":"console","time":"2026-10-07T05:50:44Z"}
{"level":"info","msg":"{\"ev\":\"req\",\"route\":\"problem_detail\",\"status\":200,\"t\":1791352244122,\"ms\":7.3}","source":"console","time":"2026-10-07T05:50:44Z"}
{"level":"info","msg":"{\"ev\":\"req\",\"route\":\"history\",\"status\":200,\"t\":1791352244225,\"ms\":10.2}","source":"console","time":"2026-10-07T05:50:44Z"}
{"level":"info","msg":"{\"ev\":\"req\",\"route\":\"submit\",\"status\":200,\"t\":1791352244274,\"ms\":27.3}","source":"console","time":"2026-10-07T05:50:44Z"}
{"level":"info","msg":"{\"ev\":\"accepted\",\"id\":\"beba7dc0-a117-4dfa-b986-dfbe330a7f85\",\"t\":1791352244274}","source":"console","time":"2026-10-07T05:50:44Z"}
{"level":"info","msg":"{\"ev\":\"req\",\"route\":\"problem_list\",\"status\":200,\"t\":1791352244319,\"ms\":3.9}","source":"console","time":"2026-10-07T05:50:44Z"}
{"level":"info","msg":"{\"ev\":\"req\",\"route\":\"problem_detail\",\"status\":200,\"t\":1791352244424,\"ms\":9.3}","source":"console","time":"2026-10-07T05:50:44Z"}
{"level":"info","msg":"{\"ev\":\"req\",\"route\":\"history\",\"status\":200,\"t\":1791352244540,\"ms\":24.7}","source":"console","time":"2026-10-07T05:50:44Z"}
{"level":"info","msg":"{\"ev\":\"req\",\"route\":\"problem_list\",\"status\":200,\"t\":1791352244623,\"ms\":8.5}","source":"console","time":"2026-10-07T05:50:44Z"}
{"level":"info","msg":"{\"ev\":\"req\",\"route\":\"problem_detail\",\"status\":200,\"t\":1791352244725,\"ms\":10.6}","source":"console","time":"2026-10-07T05:50:44Z"}
{"level":"info","msg":"{\"ev\":\"req\",\"route\":\"history\",\"status\":200,\"t\":1791352244821,\"ms\":6.5}","source":"console","time":"2026-10-07T05:50:44Z"}
{"level":"info","msg":"{\"ev\":\"req\",\"route\":\"problem_list\",\"status\":200,\"t\":1791352244921,\"ms\":5.7}","source":"console","time":"2026-10-07T05:50:44Z"}
{"level":"info","msg":"{\"ev\":\"req\",\"route\":\"problem_detail\",\"status\":200,\"t\":1791352245018,\"ms\":3.3}","source":"console","time":"2026-10-07T05:50:45Z"}
{"level":"info","msg":"{\"ev\":\"req\",\"route\":\"history\",\"status\":200,\"t\":1791352245119,\"ms\":4.5}","source":"console","time":"2026-10-07T05:50:45Z"}
{"level":"info","msg":"{\"ev\":\"req\",\"route\":\"problem_list\",\"status\":200,\"t\":1791352245219,\"ms\":3.8}","source":"console","time":"2026-10-07T05:50:45Z"}
{"level":"info","msg":"{\"ev\":\"req\",\"route\":\"problem_detail\",\"status\":200,\"t\":1791352245322,\"ms\":7.5}","source":"console","time":"2026-10-07T05:50:45Z"}
{"level":"info","msg":"{\"ev\":\"req\",\"route\":\"history\",\"status\":200,\"t\":1791352245424,\"ms\":9.1}","source":"console","time":"2026-10-07T05:50:45Z"}
{"level":"info","msg":"{\"ev\":\"req\",\"route\":\"problem_list\",\"status\":200,\"t\":1791352245523,\"ms\":8}","source":"console","time":"2026-10-07T05:50:45Z"}
{"level":"info","msg":"{\"ev\":\"req\",\"route\":\"problem_detail\",\"status\":200,\"t\":1791352245623,\"ms\":7.6}","source":"console","time":"2026-10-07T05:50:45Z"}
{"level":"info","msg":"{\"ev\":\"req\",\"route\":\"history\",\"status\":200,\"t\":1791352245724,\"ms\":8.9}","source":"console","time":"2026-10-07T05:50:45Z"}
{"level":"info","msg":"{\"ev\":\"req\",\"route\":\"problem_list\",\"status\":200,\"t\":1791352245822,\"ms\":7.4}","source":"console","time":"2026-10-07T05:50:45Z"}
{"level":"info","msg":"{\"ev\":\"req\",\"route\":\"problem_detail\",\"status\":200,\"t\":1791352245922,\"ms\":7.4}","source":"console","time":"2026-10-07T05:50:45Z"}
{"level":"info","msg":"{\"ev\":\"req\",\"route\":\"submit\",\"status\":200,\"t\":1791352245940,\"ms\":27.7}","source":"console","time":"2026-10-07T05:50:45Z"}
{"level":"info","msg":"{\"ev\":\"accepted\",\"id\":\"3d96e77a-0ca3-465c-aac8-3486002648cb\",\"t\":1791352245940}","source":"console","time":"2026-10-07T05:50:45Z"}
{"level":"info","msg":"{\"ev\":\"req\",\"route\":\"history\",\"status\":200,\"t\":1791352246020,\"ms\":5.1}","source":"console","time":"2026-10-07T05:50:46Z"}
{"level":"info","msg":"{\"ev\":\"req\",\"route\":\"problem_list\",\"status\":200,\"t\":1791352246118,\"ms\":3.2}","source":"console","time":"2026-10-07T05:50:46Z"}
{"level":"info","msg":"{\"ev\":\"req\",\"route\":\"problem_detail\",\"status\":200,\"t\":1791352246221,\"ms\":5.8}","source":"console","time":"2026-10-07T05:50:46Z"}
{"level":"info","msg":"{\"ev\":\"req\",\"route\":\"history\",\"status\":200,\"t\":1791352246319,\"ms\":4.5}","source":"console","time":"2026-10-07T05:50:46Z"}
{"level":"info","msg":"{\"ev\":\"req\",\"route\":\"problem_list\",\"status\":200,\"t\":1791352246419,\"ms\":3.9}","source":"console","time":"2026-10-07T05:50:46Z"}
{"level":"info","msg":"{\"ev\":\"req\",\"route\":\"problem_detail\",\"status\":200,\"t\":1791352246519,\"ms\":3.8}","source":"console","time":"2026-10-07T05:50:46Z"}
{"level":"info","msg":"{\"ev\":\"req\",\"route\":\"history\",\"status\":200,\"t\":1791352246620,\"ms\":5}","source":"console","time":"2026-10-07T05:50:46Z"}
{"level":"info","msg":"{\"ev\":\"req\",\"route\":\"problem_list\",\"status\":200,\"t\":1791352246723,\"ms\":8}","source":"console","time":"2026-10-07T05:50:46Z"}
{"level":"info","msg":"{\"ev\":\"req\",\"route\":\"problem_detail\",\"status\":200,\"t\":1791352246823,\"ms\":7.7}","source":"console","time":"2026-10-07T05:50:46Z"}
{"level":"info","msg":"{\"ev\":\"req\",\"route\":\"history\",\"status\":200,\"t\":1791352246925,\"ms\":9.5}","source":"console","time":"2026-10-07T05:50:46Z"}
{"level":"info","msg":"{\"ev\":\"req\",\"route\":\"problem_list\",\"status\":200,\"t\":1791352247019,\"ms\":5}","source":"console","time":"2026-10-07T05:50:47Z"}
{"level":"info","msg":"{\"ev\":\"req\",\"route\":\"problem_detail\",\"status\":200,\"t\":1791352247123,\"ms\":8}","source":"console","time":"2026-10-07T05:50:47Z"}
{"level":"info","msg":"{\"ev\":\"req\",\"route\":\"history\",\"status\":200,\"t\":1791352247225,\"ms\":9.7}","source":"console","time":"2026-10-07T05:50:47Z"}
{"level":"info","msg":"{\"ev\":\"req\",\"route\":\"problem_list\",\"status\":200,\"t\":1791352247323,\"ms\":8.5}","source":"console","time":"2026-10-07T05:50:47Z"}
{"level":"info","msg":"{\"ev\":\"req\",\"route\":\"problem_detail\",\"status\":200,\"t\":1791352247422,\"ms\":7}","source":"console","time":"2026-10-07T05:50:47Z"}
{"level":"info","msg":"{\"ev\":\"req\",\"route\":\"history\",\"status\":200,\"t\":1791352247525,\"ms\":9.8}","source":"console","time":"2026-10-07T05:50:47Z"}
{"level":"info","msg":"{\"ev\":\"req\",\"route\":\"submit\",\"status\":200,\"t\":1791352247589,\"ms\":10.6}","source":"console","time":"2026-10-07T05:50:47Z"}
{"level":"info","msg":"{\"ev\":\"accepted\",\"id\":\"dde9ef7c-5c00-4581-b177-68fa19843f7d\",\"t\":1791352247589}","source":"console","time":"2026-10-07T05:50:47Z"}
{"level":"info","msg":"{\"ev\":\"req\",\"route\":\"problem_list\",\"status\":200,\"t\":1791352247619,\"ms\":4.7}","source":"console","time":"2026-10-07T05:50:47Z"}
{"level":"info","msg":"{\"ev\":\"req\",\"route\":\"problem_detail\",\"status\":200,\"t\":1791352247720,\"ms\":5.3}","source":"console","time":"2026-10-07T05:50:47Z"}
{"level":"info","msg":"{\"ev\":\"req\",\"route\":\"history\",\"status\":200,\"t\":1791352247819,\"ms\":4.2}","source":"console","time":"2026-10-07T05:50:47Z"}
{"level":"info","msg":"{\"ev\":\"req\",\"route\":\"problem_list\",\"status\":200,\"t\":1791352247919,\"ms\":4.5}","source":"console","time":"2026-10-07T05:50:47Z"}
{"level":"info","msg":"{\"ev\":\"req\",\"route\":\"problem_detail\",\"status\":200,\"t\":1791352248019,\"ms\":4.4}","source":"console","time":"2026-10-07T05:50:48Z"}
{"level":"info","msg":"{\"ev\":\"req\",\"route\":\"history\",\"status\":200,\"t\":1791352248119,\"ms\":4.6}","source":"console","time":"2026-10-07T05:50:48Z"}
{"level":"info","msg":"{\"ev\":\"req\",\"route\":\"problem_list\",\"status\":200,\"t\":1791352248220,\"ms\":5.6}","source":"console","time":"2026-10-07T05:50:48Z"}
{"level":"info","msg":"{\"ev\":\"req\",\"route\":\"problem_detail\",\"status\":200,\"t\":1791352248323,\"ms\":7.8}","source":"console","time":"2026-10-07T05:50:48Z"}
{"level":"info","msg":"{\"ev\":\"req\",\"route\":\"history\",\"status\":200,\"t\":1791352248426,\"ms\":10.8}","source":"console","time":"2026-10-07T05:50:48Z"}
{"level":"info","msg":"{\"ev\":\"req\",\"route\":\"problem_list\",\"status\":200,\"t\":1791352248519,\"ms\":3.7}","source":"console","time":"2026-10-07T05:50:48Z"}
{"level":"info","msg":"{\"ev\":\"req\",\"route\":\"problem_detail\",\"status\":200,\"t\":1791352248618,\"ms\":3.4}","source":"console","time":"2026-10-07T05:50:48Z"}
{"level":"info","msg":"{\"ev\":\"req\",\"route\":\"history\",\"status\":200,\"t\":1791352248725,\"ms\":10.2}","source":"console","time":"2026-10-07T05:50:48Z"}
{"level":"info","msg":"{\"ev\":\"req\",\"route\":\"problem_list\",\"status\":200,\"t\":1791352248822,\"ms\":7.9}","source":"console","time":"2026-10-07T05:50:48Z"}
{"level":"info","msg":"{\"ev\":\"req\",\"route\":\"problem_detail\",\"status\":200,\"t\":1791352248922,\"ms\":7.7}","source":"console","time":"2026-10-07T05:50:48Z"}
{"level":"info","msg":"{\"ev\":\"req\",\"route\":\"history\",\"status\":200,\"t\":1791352249023,\"ms\":8}","source":"console","time":"2026-10-07T05:50:49Z"}
{"level":"info","msg":"{\"ev\":\"req\",\"route\":\"problem_list\",\"status\":200,\"t\":1791352249123,\"ms\":8.6}","source":"console","time":"2026-10-07T05:50:49Z"}
{"level":"info","msg":"{\"ev\":\"req\",\"route\":\"problem_detail\",\"status\":200,\"t\":1791352249223,\"ms\":8.1}","source":"console","time":"2026-10-07T05:50:49Z"}
{"level":"info","msg":"{\"ev\":\"req\",\"route\":\"submit\",\"status\":200,\"t\":1791352249270,\"ms\":24}","source":"console","time":"2026-10-07T05:50:49Z"}
{"level":"info","msg":"{\"ev\":\"accepted\",\"id\":\"869d66ee-2631-4129-94aa-35e2836cea22\",\"t\":1791352249270}","source":"console","time":"2026-10-07T05:50:49Z"}
{"level":"info","msg":"{\"ev\":\"req\",\"route\":\"history\",\"status\":200,\"t\":1791352249319,\"ms\":4.6}","source":"console","time":"2026-10-07T05:50:49Z"}
{"level":"info","msg":"{\"ev\":\"req\",\"route\":\"problem_list\",\"status\":200,\"t\":1791352249419,\"ms\":4.1}","source":"console","time":"2026-10-07T05:50:49Z"}
{"level":"info","msg":"{\"ev\":\"req\",\"route\":\"problem_detail\",\"status\":200,\"t\":1791352249518,\"ms\":3.7}","source":"console","time":"2026-10-07T05:50:49Z"}
{"level":"info","msg":"{\"ev\":\"req\",\"route\":\"history\",\"status\":200,\"t\":1791352249619,\"ms\":4.4}","source":"console","time":"2026-10-07T05:50:49Z"}
{"level":"info","msg":"{\"ev\":\"req\",\"route\":\"problem_list\",\"status\":200,\"t\":1791352249719,\"ms\":3.8}","source":"console","time":"2026-10-07T05:50:49Z"}
{"level":"info","msg":"{\"ev\":\"req\",\"route\":\"problem_detail\",\"status\":200,\"t\":1791352249818,\"ms\":3.2}","source":"console","time":"2026-10-07T05:50:49Z"}
{"level":"info","msg":"{\"ev\":\"req\",\"route\":\"history\",\"status\":200,\"t\":1791352249920,\"ms\":5.2}","source":"console","time":"2026-10-07T05:50:49Z"}
{"level":"info","msg":"{\"ev\":\"req\",\"route\":\"problem_list\",\"status\":200,\"t\":1791352250024,\"ms\":9.4}","source":"console","time":"2026-10-07T05:50:50Z"}
{"level":"info","msg":"{\"ev\":\"req\",\"route\":\"problem_detail\",\"status\":200,\"t\":1791352250120,\"ms\":5.4}","source":"console","time":"2026-10-07T05:50:50Z"}
{"level":"info","msg":"{\"ev\":\"req\",\"route\":\"history\",\"status\":200,\"t\":1791352250226,\"ms\":11.9}","source":"console","time":"2026-10-07T05:50:50Z"}
{"level":"info","msg":"{\"ev\":\"req\",\"route\":\"problem_list\",\"status\":200,\"t\":1791352250323,\"ms\":8}","source":"console","time":"2026-10-07T05:50:50Z"}
{"level":"info","msg":"{\"ev\":\"req\",\"route\":\"problem_detail\",\"status\":200,\"t\":1791352250423,\"ms\":8}","source":"console","time":"2026-10-07T05:50:50Z"}
{"level":"info","msg":"{\"ev\":\"req\",\"route\":\"history\",\"status\":200,\"t\":1791352250527,\"ms\":11.9}","source":"console","time":"2026-10-07T05:50:50Z"}
{"level":"info","msg":"{\"ev\":\"req\",\"route\":\"problem_list\",\"status\":200,\"t\":1791352250619,\"ms\":3.8}","source":"console","time":"2026-10-07T05:50:50Z"}
{"level":"info","msg":"{\"ev\":\"req\",\"route\":\"problem_detail\",\"status\":200,\"t\":1791352250718,\"ms\":3.3}","source":"console","time":"2026-10-07T05:50:50Z"}
{"level":"info","msg":"{\"ev\":\"req\",\"route\":\"history\",\"status\":200,\"t\":1791352250823,\"ms\":8.7}","source":"console","time":"2026-10-07T05:50:50Z"}
{"level":"info","msg":"{\"ev\":\"req\",\"route\":\"problem_list\",\"status\":200,\"t\":1791352250922,\"ms\":7.6}","source":"console","time":"2026-10-07T05:50:50Z"}
{"level":"info","msg":"{\"ev\":\"req\",\"route\":\"submit\",\"status\":200,\"t\":1791352250933,\"ms\":20.1}","source":"console","time":"2026-10-07T05:50:50Z"}
{"level":"info","msg":"{\"ev\":\"accepted\",\"id\":\"e8931cc7-3d05-49b2-bb83-922f264931d5\",\"t\":1791352250933}","source":"console","time":"2026-10-07T05:50:50Z"}
{"level":"info","msg":"{\"ev\":\"req\",\"route\":\"problem_detail\",\"status\":200,\"t\":1791352251019,\"ms\":4.6}","source":"console","time":"2026-10-07T05:50:51Z"}
{"level":"info","msg":"{\"ev\":\"req\",\"route\":\"history\",\"status\":200,\"t\":1791352251121,\"ms\":6.4}","source":"console","time":"2026-10-07T05:50:51Z"}
{"level":"info","msg":"{\"ev\":\"req\",\"route\":\"problem_list\",\"status\":200,\"t\":1791352251220,\"ms\":4.8}","source":"console","time":"2026-10-07T05:50:51Z"}
{"level":"info","msg":"{\"ev\":\"req\",\"route\":\"problem_detail\",\"status\":200,\"t\":1791352251318,\"ms\":3.5}","source":"console","time":"2026-10-07T05:50:51Z"}
{"level":"info","msg":"{\"ev\":\"req\",\"route\":\"history\",\"status\":200,\"t\":1791352251419,\"ms\":4}","source":"console","time":"2026-10-07T05:50:51Z"}
{"level":"info","msg":"{\"ev\":\"req\",\"route\":\"problem_list\",\"status\":200,\"t\":1791352251523,\"ms\":8.4}","source":"console","time":"2026-10-07T05:50:51Z"}
{"level":"info","msg":"{\"ev\":\"req\",\"route\":\"problem_detail\",\"status\":200,\"t\":1791352251623,\"ms\":7.9}","source":"console","time":"2026-10-07T05:50:51Z"}
{"level":"info","msg":"{\"ev\":\"req\",\"route\":\"history\",\"status\":200,\"t\":1791352251725,\"ms\":9.8}","source":"console","time":"2026-10-07T05:50:51Z"}
{"level":"info","msg":"{\"ev\":\"req\",\"route\":\"problem_list\",\"status\":200,\"t\":1791352251823,\"ms\":7.9}","source":"console","time":"2026-10-07T05:50:51Z"}
{"level":"info","msg":"{\"ev\":\"req\",\"route\":\"problem_detail\",\"status\":200,\"t\":1791352251923,\"ms\":8}","source":"console","time":"2026-10-07T05:50:51Z"}
{"level":"info","msg":"{\"ev\":\"req\",\"route\":\"history\",\"status\":200,\"t\":1791352252026,\"ms\":10.5}","source":"console","time":"2026-10-07T05:50:52Z"}
{"level":"info","msg":"{\"ev\":\"req\",\"route\":\"problem_list\",\"status\":200,\"t\":1791352252124,\"ms\":8.7}","source":"console","time":"2026-10-07T05:50:52Z"}
{"level":"info","msg":"{\"ev\":\"req\",\"route\":\"problem_detail\",\"status\":200,\"t\":1791352252220,\"ms\":5.3}","source":"console","time":"2026-10-07T05:50:52Z"}
{"level":"info","msg":"{\"ev\":\"req\",\"route\":\"history\",\"status\":200,\"t\":1791352252326,\"ms\":10.8}","source":"console","time":"2026-10-07T05:50:52Z"}
{"level":"info","msg":"{\"ev\":\"req\",\"route\":\"problem_list\",\"status\":200,\"t\":1791352252424,\"ms\":9.2}","source":"console","time":"2026-10-07T05:50:52Z"}
{"level":"info","msg":"{\"ev\":\"req\",\"route\":\"problem_detail\",\"status\":200,\"t\":1791352252523,\"ms\":8}","source":"console","time":"2026-10-07T05:50:52Z"}
{"level":"info","msg":"{\"ev\":\"req\",\"route\":\"submit\",\"status\":200,\"t\":1791352252597,\"ms\":17.6}","source":"console","time":"2026-10-07T05:50:52Z"}
{"level":"info","msg":"{\"ev\":\"accepted\",\"id\":\"a1308f09-fcb2-4e0a-95ce-21cd7ea546c3\",\"t\":1791352252597}","source":"console","time":"2026-10-07T05:50:52Z"}
{"level":"info","msg":"{\"ev\":\"req\",\"route\":\"history\",\"status\":200,\"t\":1791352252619,\"ms\":4.2}","source":"console","time":"2026-10-07T05:50:52Z"}
{"level":"info","msg":"{\"ev\":\"req\",\"route\":\"problem_list\",\"status\":200,\"t\":1791352252718,\"ms\":3.7}","source":"console","time":"2026-10-07T05:50:52Z"}
{"level":"info","msg":"{\"ev\":\"req\",\"route\":\"problem_detail\",\"status\":200,\"t\":1791352252819,\"ms\":3.9}","source":"console","time":"2026-10-07T05:50:52Z"}
{"level":"info","msg":"{\"ev\":\"req\",\"route\":\"history\",\"status\":200,\"t\":1791352252919,\"ms\":4.3}","source":"console","time":"2026-10-07T05:50:52Z"}
{"level":"info","msg":"{\"ev\":\"req\",\"route\":\"problem_list\",\"status\":200,\"t\":1791352253021,\"ms\":6}","source":"console","time":"2026-10-07T05:50:53Z"}
{"level":"info","msg":"{\"ev\":\"req\",\"route\":\"problem_detail\",\"status\":200,\"t\":1791352253118,\"ms\":2.9}","source":"console","time":"2026-10-07T05:50:53Z"}
{"level":"info","msg":"{\"ev\":\"req\",\"route\":\"history\",\"status\":200,\"t\":1791352253220,\"ms\":4.7}","source":"console","time":"2026-10-07T05:50:53Z"}
{"level":"info","msg":"{\"ev\":\"req\",\"route\":\"problem_list\",\"status\":200,\"t\":1791352253322,\"ms\":7.8}","source":"console","time":"2026-10-07T05:50:53Z"}
{"level":"info","msg":"{\"ev\":\"req\",\"route\":\"problem_detail\",\"status\":200,\"t\":1791352253423,\"ms\":8.1}","source":"console","time":"2026-10-07T05:50:53Z"}
{"level":"info","msg":"{\"ev\":\"req\",\"route\":\"history\",\"status\":200,\"t\":1791352253523,\"ms\":8.5}","source":"console","time":"2026-10-07T05:50:53Z"}
{"level":"info","msg":"{\"ev\":\"req\",\"route\":\"problem_list\",\"status\":200,\"t\":1791352253618,\"ms\":3.6}","source":"console","time":"2026-10-07T05:50:53Z"}
{"level":"info","msg":"{\"ev\":\"req\",\"route\":\"problem_detail\",\"status\":200,\"t\":1791352253723,\"ms\":7.4}","source":"console","time":"2026-10-07T05:50:53Z"}
{"level":"info","msg":"{\"ev\":\"req\",\"route\":\"history\",\"status\":200,\"t\":1791352253822,\"ms\":7.8}","source":"console","time":"2026-10-07T05:50:53Z"}
{"level":"info","msg":"{\"ev\":\"req\",\"route\":\"problem_list\",\"status\":200,\"t\":1791352253919,\"ms\":3.6}","source":"console","time":"2026-10-07T05:50:53Z"}
{"level":"info","msg":"{\"ev\":\"req\",\"route\":\"problem_detail\",\"status\":200,\"t\":1791352254022,\"ms\":7.3}","source":"console","time":"2026-10-07T05:50:54Z"}
{"level":"info","msg":"{\"ev\":\"req\",\"route\":\"history\",\"status\":200,\"t\":1791352254126,\"ms\":10.8}","source":"console","time":"2026-10-07T05:50:54Z"}
{"level":"info","msg":"{\"ev\":\"req\",\"route\":\"problem_list\",\"status\":200,\"t\":1791352254224,\"ms\":9.1}","source":"console","time":"2026-10-07T05:50:54Z"}
{"level":"info","msg":"{\"ev\":\"req\",\"route\":\"submit\",\"status\":200,\"t\":1791352254267,\"ms\":21.4}","source":"console","time":"2026-10-07T05:50:54Z"}
{"level":"info","msg":"{\"ev\":\"accepted\",\"id\":\"3ecd4b7e-5ef5-42ba-9c46-31b805c56962\",\"t\":1791352254267}","source":"console","time":"2026-10-07T05:50:54Z"}
{"level":"info","msg":"{\"ev\":\"req\",\"route\":\"problem_detail\",\"status\":200,\"t\":1791352254319,\"ms\":4.5}","source":"console","time":"2026-10-07T05:50:54Z"}
{"level":"info","msg":"{\"ev\":\"req\",\"route\":\"history\",\"status\":200,\"t\":1791352254421,\"ms\":6.5}","source":"console","time":"2026-10-07T05:50:54Z"}
{"level":"info","msg":"{\"ev\":\"req\",\"route\":\"problem_list\",\"status\":200,\"t\":1791352254520,\"ms\":5.1}","source":"console","time":"2026-10-07T05:50:54Z"}
{"level":"info","msg":"{\"ev\":\"req\",\"route\":\"problem_detail\",\"status\":200,\"t\":1791352254618,\"ms\":3.6}","source":"console","time":"2026-10-07T05:50:54Z"}
{"level":"info","msg":"{\"ev\":\"req\",\"route\":\"history\",\"status\":200,\"t\":1791352254718,\"ms\":3.2}","source":"console","time":"2026-10-07T05:50:54Z"}
{"level":"info","msg":"{\"ev\":\"req\",\"route\":\"problem_list\",\"status\":200,\"t\":1791352254823,\"ms\":8}","source":"console","time":"2026-10-07T05:50:54Z"}
{"level":"info","msg":"{\"ev\":\"req\",\"route\":\"problem_detail\",\"status\":200,\"t\":1791352254922,\"ms\":7.2}","source":"console","time":"2026-10-07T05:50:54Z"}
{"level":"info","msg":"{\"ev\":\"req\",\"route\":\"history\",\"status\":200,\"t\":1791352255025,\"ms\":9.5}","source":"console","time":"2026-10-07T05:50:55Z"}
{"level":"info","msg":"{\"ev\":\"req\",\"route\":\"problem_list\",\"status\":200,\"t\":1791352255122,\"ms\":7.4}","source":"console","time":"2026-10-07T05:50:55Z"}
{"level":"info","msg":"{\"ev\":\"req\",\"route\":\"problem_detail\",\"status\":200,\"t\":1791352255222,\"ms\":7.2}","source":"console","time":"2026-10-07T05:50:55Z"}
{"level":"info","msg":"{\"ev\":\"req\",\"route\":\"history\",\"status\":200,\"t\":1791352255326,\"ms\":10.7}","source":"console","time":"2026-10-07T05:50:55Z"}
{"level":"info","msg":"{\"ev\":\"req\",\"route\":\"problem_list\",\"status\":200,\"t\":1791352255423,\"ms\":8}","source":"console","time":"2026-10-07T05:50:55Z"}
{"level":"info","msg":"{\"ev\":\"req\",\"route\":\"problem_detail\",\"status\":200,\"t\":1791352255523,\"ms\":7.7}","source":"console","time":"2026-10-07T05:50:55Z"}
{"level":"info","msg":"{\"ev\":\"req\",\"route\":\"history\",\"status\":200,\"t\":1791352255619,\"ms\":3.9}","source":"console","time":"2026-10-07T05:50:55Z"}
{"level":"info","msg":"{\"ev\":\"req\",\"route\":\"problem_list\",\"status\":200,\"t\":1791352255718,\"ms\":3.7}","source":"console","time":"2026-10-07T05:50:55Z"}
{"level":"info","msg":"{\"ev\":\"req\",\"route\":\"problem_detail\",\"status\":200,\"t\":1791352255818,\"ms\":3.7}","source":"console","time":"2026-10-07T05:50:55Z"}
{"level":"info","msg":"{\"ev\":\"req\",\"route\":\"history\",\"status\":200,\"t\":1791352255921,\"ms\":5.8}","source":"console","time":"2026-10-07T05:50:55Z"}
{"level":"info","msg":"{\"ev\":\"req\",\"route\":\"submit\",\"status\":200,\"t\":1791352255925,\"ms\":12.8}","source":"console","time":"2026-10-07T05:50:55Z"}
{"level":"info","msg":"{\"ev\":\"accepted\",\"id\":\"936f191e-ee48-4205-a6de-e2f386305753\",\"t\":1791352255925}","source":"console","time":"2026-10-07T05:50:55Z"}
{"level":"info","msg":"{\"ev\":\"req\",\"route\":\"problem_list\",\"status\":200,\"t\":1791352256019,\"ms\":4.7}","source":"console","time":"2026-10-07T05:50:56Z"}
{"level":"info","msg":"{\"ev\":\"req\",\"route\":\"problem_detail\",\"status\":200,\"t\":1791352256120,\"ms\":4.6}","source":"console","time":"2026-10-07T05:50:56Z"}
{"level":"info","msg":"{\"ev\":\"req\",\"route\":\"history\",\"status\":200,\"t\":1791352256220,\"ms\":6}","source":"console","time":"2026-10-07T05:50:56Z"}
{"level":"info","msg":"{\"ev\":\"req\",\"route\":\"problem_list\",\"status\":200,\"t\":1791352256319,\"ms\":3.7}","source":"console","time":"2026-10-07T05:50:56Z"}
{"level":"info","msg":"{\"ev\":\"req\",\"route\":\"problem_detail\",\"status\":200,\"t\":1791352256418,\"ms\":3.4}","source":"console","time":"2026-10-07T05:50:56Z"}
{"level":"info","msg":"{\"ev\":\"req\",\"route\":\"history\",\"status\":200,\"t\":1791352256519,\"ms\":4.1}","source":"console","time":"2026-10-07T05:50:56Z"}
{"level":"info","msg":"{\"ev\":\"req\",\"route\":\"problem_list\",\"status\":200,\"t\":1791352256618,\"ms\":3.2}","source":"console","time":"2026-10-07T05:50:56Z"}
{"level":"info","msg":"{\"ev\":\"req\",\"route\":\"problem_detail\",\"status\":200,\"t\":1791352256722,\"ms\":7.2}","source":"console","time":"2026-10-07T05:50:56Z"}
{"level":"info","msg":"{\"ev\":\"req\",\"route\":\"history\",\"status\":200,\"t\":1791352256820,\"ms\":4.5}","source":"console","time":"2026-10-07T05:50:56Z"}
{"level":"info","msg":"{\"ev\":\"req\",\"route\":\"problem_list\",\"status\":200,\"t\":1791352256923,\"ms\":8.4}","source":"console","time":"2026-10-07T05:50:56Z"}
{"level":"info","msg":"{\"ev\":\"req\",\"route\":\"problem_detail\",\"status\":200,\"t\":1791352257023,\"ms\":7.6}","source":"console","time":"2026-10-07T05:50:57Z"}
{"level":"info","msg":"{\"ev\":\"req\",\"route\":\"history\",\"status\":200,\"t\":1791352257124,\"ms\":9.2}","source":"console","time":"2026-10-07T05:50:57Z"}
{"level":"info","msg":"{\"ev\":\"req\",\"route\":\"problem_list\",\"status\":200,\"t\":1791352257223,\"ms\":8.7}","source":"console","time":"2026-10-07T05:50:57Z"}
{"level":"info","msg":"{\"ev\":\"req\",\"route\":\"problem_detail\",\"status\":200,\"t\":1791352257323,\"ms\":8}","source":"console","time":"2026-10-07T05:50:57Z"}
{"level":"info","msg":"{\"ev\":\"req\",\"route\":\"history\",\"status\":200,\"t\":1791352257418,\"ms\":3.9}","source":"console","time":"2026-10-07T05:50:57Z"}
{"level":"info","msg":"{\"ev\":\"req\",\"route\":\"problem_list\",\"status\":200,\"t\":1791352257523,\"ms\":8}","source":"console","time":"2026-10-07T05:50:57Z"}
{"level":"info","msg":"{\"ev\":\"req\",\"route\":\"submit\",\"status\":200,\"t\":1791352257607,\"ms\":27.3}","source":"console","time":"2026-10-07T05:50:57Z"}
{"level":"info","msg":"{\"ev\":\"accepted\",\"id\":\"98de8709-cb5c-4203-bc3f-b30ec252ff2e\",\"t\":1791352257607}","source":"console","time":"2026-10-07T05:50:57Z"}
{"level":"info","msg":"{\"ev\":\"req\",\"route\":\"problem_detail\",\"status\":200,\"t\":1791352257622,\"ms\":6.7}","source":"console","time":"2026-10-07T05:50:57Z"}
{"level":"info","msg":"{\"ev\":\"req\",\"route\":\"history\",\"status\":200,\"t\":1791352257721,\"ms\":6.2}","source":"console","time":"2026-10-07T05:50:57Z"}
{"level":"info","msg":"{\"ev\":\"req\",\"route\":\"problem_list\",\"status\":200,\"t\":1791352257819,\"ms\":4.3}","source":"console","time":"2026-10-07T05:50:57Z"}
{"level":"info","msg":"{\"ev\":\"req\",\"route\":\"problem_detail\",\"status\":200,\"t\":1791352257921,\"ms\":6.3}","source":"console","time":"2026-10-07T05:50:57Z"}
{"level":"info","msg":"{\"ev\":\"req\",\"route\":\"history\",\"status\":200,\"t\":1791352258019,\"ms\":4.5}","source":"console","time":"2026-10-07T05:50:58Z"}
{"level":"info","msg":"{\"ev\":\"req\",\"route\":\"problem_list\",\"status\":200,\"t\":1791352258118,\"ms\":3.2}","source":"console","time":"2026-10-07T05:50:58Z"}
{"level":"info","msg":"{\"ev\":\"req\",\"route\":\"problem_detail\",\"status\":200,\"t\":1791352258223,\"ms\":7.7}","source":"console","time":"2026-10-07T05:50:58Z"}
{"level":"info","msg":"{\"ev\":\"req\",\"route\":\"history\",\"status\":200,\"t\":1791352258325,\"ms\":9.7}","source":"console","time":"2026-10-07T05:50:58Z"}
{"level":"info","msg":"{\"ev\":\"req\",\"route\":\"problem_list\",\"status\":200,\"t\":1791352258423,\"ms\":7.7}","source":"console","time":"2026-10-07T05:50:58Z"}
{"level":"info","msg":"{\"ev\":\"req\",\"route\":\"problem_detail\",\"status\":200,\"t\":1791352258522,\"ms\":7.3}","source":"console","time":"2026-10-07T05:50:58Z"}
{"level":"info","msg":"{\"ev\":\"req\",\"route\":\"history\",\"status\":200,\"t\":1791352258624,\"ms\":9.2}","source":"console","time":"2026-10-07T05:50:58Z"}
{"level":"info","msg":"{\"ev\":\"req\",\"route\":\"problem_list\",\"status\":200,\"t\":1791352258718,\"ms\":3.2}","source":"console","time":"2026-10-07T05:50:58Z"}
{"level":"info","msg":"{\"ev\":\"req\",\"route\":\"problem_detail\",\"status\":200,\"t\":1791352258824,\"ms\":9}","source":"console","time":"2026-10-07T05:50:58Z"}
{"level":"info","msg":"{\"ev\":\"req\",\"route\":\"history\",\"status\":200,\"t\":1791352258925,\"ms\":9.2}","source":"console","time":"2026-10-07T05:50:58Z"}
{"level":"info","msg":"{\"ev\":\"req\",\"route\":\"problem_list\",\"status\":200,\"t\":1791352259023,\"ms\":8.6}","source":"console","time":"2026-10-07T05:50:59Z"}
{"level":"info","msg":"{\"ev\":\"req\",\"route\":\"problem_detail\",\"status\":200,\"t\":1791352259123,\"ms\":8.1}","source":"console","time":"2026-10-07T05:50:59Z"}
{"level":"info","msg":"{\"ev\":\"req\",\"route\":\"history\",\"status\":200,\"t\":1791352259220,\"ms\":5.2}","source":"console","time":"2026-10-07T05:50:59Z"}
{"level":"info","msg":"{\"ev\":\"req\",\"route\":\"submit\",\"status\":200,\"t\":1791352259269,\"ms\":23.5}","source":"console","time":"2026-10-07T05:50:59Z"}
{"level":"info","msg":"{\"ev\":\"accepted\",\"id\":\"7ed33876-c702-4512-9f1b-8dd41d4dc7aa\",\"t\":1791352259269}","source":"console","time":"2026-10-07T05:50:59Z"}
{"level":"info","msg":"{\"ev\":\"req\",\"route\":\"problem_list\",\"status\":200,\"t\":1791352259318,\"ms\":3.3}","source":"console","time":"2026-10-07T05:50:59Z"}
{"level":"info","msg":"{\"ev\":\"req\",\"route\":\"problem_detail\",\"status\":200,\"t\":1791352259419,\"ms\":4.5}","source":"console","time":"2026-10-07T05:50:59Z"}
{"level":"info","msg":"{\"ev\":\"req\",\"route\":\"history\",\"status\":200,\"t\":1791352259520,\"ms\":5.1}","source":"console","time":"2026-10-07T05:50:59Z"}
{"level":"info","msg":"{\"ev\":\"req\",\"route\":\"problem_list\",\"status\":200,\"t\":1791352259618,\"ms\":3.4}","source":"console","time":"2026-10-07T05:50:59Z"}
{"level":"info","msg":"{\"ev\":\"req\",\"route\":\"problem_detail\",\"status\":200,\"t\":1791352259718,\"ms\":3.4}","source":"console","time":"2026-10-07T05:50:59Z"}
{"level":"info","msg":"{\"ev\":\"req\",\"route\":\"history\",\"status\":200,\"t\":1791352259819,\"ms\":4.3}","source":"console","time":"2026-10-07T05:50:59Z"}
{"level":"info","msg":"{\"ev\":\"req\",\"route\":\"problem_list\",\"status\":200,\"t\":1791352259919,\"ms\":4.4}","source":"console","time":"2026-10-07T05:50:59Z"}
{"level":"info","msg":"{\"ev\":\"req\",\"route\":\"problem_detail\",\"status\":200,\"t\":1791352260019,\"ms\":4.5}","source":"console","time":"2026-10-07T05:51:00Z"}
{"level":"info","msg":"{\"ev\":\"req\",\"route\":\"history\",\"status\":200,\"t\":1791352260125,\"ms\":9.1}","source":"console","time":"2026-10-07T05:51:00Z"}
{"level":"info","msg":"{\"ev\":\"req\",\"route\":\"problem_list\",\"status\":200,\"t\":1791352260220,\"ms\":5.1}","source":"console","time":"2026-10-07T05:51:00Z"}
{"level":"info","msg":"{\"ev\":\"req\",\"route\":\"problem_detail\",\"status\":200,\"t\":1791352260322,\"ms\":7.3}","source":"console","time":"2026-10-07T05:51:00Z"}
{"level":"info","msg":"{\"ev\":\"req\",\"route\":\"history\",\"status\":200,\"t\":1791352260426,\"ms\":10.7}","source":"console","time":"2026-10-07T05:51:00Z"}
{"level":"info","msg":"{\"ev\":\"req\",\"route\":\"problem_list\",\"status\":200,\"t\":1791352260524,\"ms\":8.5}","source":"console","time":"2026-10-07T05:51:00Z"}
{"level":"info","msg":"{\"ev\":\"req\",\"route\":\"problem_detail\",\"status\":200,\"t\":1791352260622,\"ms\":7.3}","source":"console","time":"2026-10-07T05:51:00Z"}
{"level":"info","msg":"{\"ev\":\"req\",\"route\":\"history\",\"status\":200,\"t\":1791352260724,\"ms\":9.4}","source":"console","time":"2026-10-07T05:51:00Z"}
{"level":"info","msg":"{\"ev\":\"req\",\"route\":\"problem_list\",\"status\":200,\"t\":1791352260824,\"ms\":8.7}","source":"console","time":"2026-10-07T05:51:00Z"}
{"level":"info","msg":"{\"ev\":\"req\",\"route\":\"problem_detail\",\"status\":200,\"t\":1791352260922,\"ms\":6.8}","source":"console","time":"2026-10-07T05:51:00Z"}
{"level":"info","msg":"{\"ev\":\"req\",\"route\":\"submit\",\"status\":200,\"t\":1791352260937,\"ms\":24.6}","source":"console","time":"2026-10-07T05:51:00Z"}
{"level":"info","msg":"{\"ev\":\"accepted\",\"id\":\"1252dd61-9251-47c4-b9c3-ae864b0fe14f\",\"t\":1791352260937}","source":"console","time":"2026-10-07T05:51:00Z"}
{"level":"info","msg":"{\"ev\":\"req\",\"route\":\"history\",\"status\":200,\"t\":1791352261021,\"ms\":6.2}","source":"console","time":"2026-10-07T05:51:01Z"}
{"level":"info","msg":"{\"ev\":\"req\",\"route\":\"problem_list\",\"status\":200,\"t\":1791352261120,\"ms\":4.8}","source":"console","time":"2026-10-07T05:51:01Z"}
{"level":"info","msg":"{\"ev\":\"req\",\"route\":\"problem_detail\",\"status\":200,\"t\":1791352261221,\"ms\":6.3}","source":"console","time":"2026-10-07T05:51:01Z"}
{"level":"info","msg":"{\"ev\":\"req\",\"route\":\"history\",\"status\":200,\"t\":1791352261320,\"ms\":5.2}","source":"console","time":"2026-10-07T05:51:01Z"}
{"level":"info","msg":"{\"ev\":\"req\",\"route\":\"problem_list\",\"status\":200,\"t\":1791352261418,\"ms\":3.1}","source":"console","time":"2026-10-07T05:51:01Z"}
{"level":"info","msg":"{\"ev\":\"req\",\"route\":\"problem_detail\",\"status\":200,\"t\":1791352261520,\"ms\":4.6}","source":"console","time":"2026-10-07T05:51:01Z"}
{"level":"info","msg":"{\"ev\":\"req\",\"route\":\"history\",\"status\":200,\"t\":1791352261625,\"ms\":10.2}","source":"console","time":"2026-10-07T05:51:01Z"}
{"level":"info","msg":"{\"ev\":\"req\",\"route\":\"problem_list\",\"status\":200,\"t\":1791352261724,\"ms\":8.4}","source":"console","time":"2026-10-07T05:51:01Z"}
{"level":"info","msg":"{\"ev\":\"req\",\"route\":\"problem_detail\",\"status\":200,\"t\":1791352261823,\"ms\":8.4}","source":"console","time":"2026-10-07T05:51:01Z"}
{"level":"info","msg":"{\"ev\":\"req\",\"route\":\"history\",\"status\":200,\"t\":1791352261926,\"ms\":10.7}","source":"console","time":"2026-10-07T05:51:01Z"}
{"level":"info","msg":"{\"ev\":\"req\",\"route\":\"problem_list\",\"status\":200,\"t\":1791352262024,\"ms\":8.5}","source":"console","time":"2026-10-07T05:51:02Z"}
{"level":"info","msg":"{\"ev\":\"req\",\"route\":\"problem_detail\",\"status\":200,\"t\":1791352262119,\"ms\":4.5}","source":"console","time":"2026-10-07T05:51:02Z"}
{"level":"info","msg":"{\"ev\":\"req\",\"route\":\"history\",\"status\":200,\"t\":1791352262226,\"ms\":10.8}","source":"console","time":"2026-10-07T05:51:02Z"}
{"level":"info","msg":"{\"ev\":\"req\",\"route\":\"problem_list\",\"status\":200,\"t\":1791352262323,\"ms\":8.3}","source":"console","time":"2026-10-07T05:51:02Z"}
{"level":"info","msg":"{\"ev\":\"req\",\"route\":\"problem_detail\",\"status\":200,\"t\":1791352262423,\"ms\":7.7}","source":"console","time":"2026-10-07T05:51:02Z"}
{"level":"info","msg":"{\"ev\":\"req\",\"route\":\"history\",\"status\":200,\"t\":1791352262525,\"ms\":10.1}","source":"console","time":"2026-10-07T05:51:02Z"}
{"level":"info","msg":"{\"ev\":\"req\",\"route\":\"submit\",\"status\":200,\"t\":1791352262607,\"ms\":27.5}","source":"console","time":"2026-10-07T05:51:02Z"}
{"level":"info","msg":"{\"ev\":\"accepted\",\"id\":\"5e9fdc77-e83d-43c2-8a36-b74456f6777e\",\"t\":1791352262607}","source":"console","time":"2026-10-07T05:51:02Z"}
{"level":"info","msg":"{\"ev\":\"req\",\"route\":\"problem_list\",\"status\":200,\"t\":1791352262622,\"ms\":7.2}","source":"console","time":"2026-10-07T05:51:02Z"}
{"level":"info","msg":"{\"ev\":\"req\",\"route\":\"problem_detail\",\"status\":200,\"t\":1791352262718,\"ms\":3.7}","source":"console","time":"2026-10-07T05:51:02Z"}
{"level":"info","msg":"{\"ev\":\"req\",\"route\":\"history\",\"status\":200,\"t\":1791352262819,\"ms\":4.5}","source":"console","time":"2026-10-07T05:51:02Z"}
{"level":"info","msg":"{\"ev\":\"req\",\"route\":\"problem_list\",\"status\":200,\"t\":1791352262918,\"ms\":3.1}","source":"console","time":"2026-10-07T05:51:02Z"}
{"level":"info","msg":"{\"ev\":\"req\",\"route\":\"problem_detail\",\"status\":200,\"t\":1791352263018,\"ms\":3.2}","source":"console","time":"2026-10-07T05:51:03Z"}
{"level":"info","msg":"{\"ev\":\"req\",\"route\":\"history\",\"status\":200,\"t\":1791352263119,\"ms\":4.2}","source":"console","time":"2026-10-07T05:51:03Z"}
{"level":"info","msg":"{\"ev\":\"req\",\"route\":\"problem_list\",\"status\":200,\"t\":1791352263218,\"ms\":3.6}","source":"console","time":"2026-10-07T05:51:03Z"}
{"level":"info","msg":"{\"ev\":\"req\",\"route\":\"problem_detail\",\"status\":200,\"t\":1791352263320,\"ms\":4.7}","source":"console","time":"2026-10-07T05:51:03Z"}
{"level":"info","msg":"{\"ev\":\"req\",\"route\":\"history\",\"status\":200,\"t\":1791352263425,\"ms\":9.2}","source":"console","time":"2026-10-07T05:51:03Z"}
{"level":"info","msg":"{\"ev\":\"req\",\"route\":\"problem_list\",\"status\":200,\"t\":1791352263524,\"ms\":8.9}","source":"console","time":"2026-10-07T05:51:03Z"}
{"level":"info","msg":"{\"ev\":\"req\",\"route\":\"problem_detail\",\"status\":200,\"t\":1791352263617,\"ms\":3}","source":"console","time":"2026-10-07T05:51:03Z"}
{"level":"info","msg":"{\"ev\":\"req\",\"route\":\"history\",\"status\":200,\"t\":1791352263720,\"ms\":4.5}","source":"console","time":"2026-10-07T05:51:03Z"}
{"level":"info","msg":"{\"ev\":\"req\",\"route\":\"problem_list\",\"status\":200,\"t\":1791352263822,\"ms\":7.4}","source":"console","time":"2026-10-07T05:51:03Z"}
{"level":"info","msg":"{\"ev\":\"req\",\"route\":\"problem_detail\",\"status\":200,\"t\":1791352263922,\"ms\":7.1}","source":"console","time":"2026-10-07T05:51:03Z"}
{"level":"info","msg":"{\"ev\":\"req\",\"route\":\"history\",\"status\":200,\"t\":1791352264024,\"ms\":9.6}","source":"console","time":"2026-10-07T05:51:04Z"}
{"level":"info","msg":"{\"ev\":\"req\",\"route\":\"problem_list\",\"status\":200,\"t\":1791352264123,\"ms\":7.7}","source":"console","time":"2026-10-07T05:51:04Z"}
{"level":"info","msg":"{\"ev\":\"req\",\"route\":\"problem_detail\",\"status\":200,\"t\":1791352264222,\"ms\":7}","source":"console","time":"2026-10-07T05:51:04Z"}
{"level":"info","msg":"{\"ev\":\"req\",\"route\":\"submit\",\"status\":200,\"t\":1791352264274,\"ms\":27.8}","source":"console","time":"2026-10-07T05:51:04Z"}
{"level":"info","msg":"{\"ev\":\"accepted\",\"id\":\"bb6218e6-eb83-446b-bfbe-c646a7aade41\",\"t\":1791352264274}","source":"console","time":"2026-10-07T05:51:04Z"}
{"level":"info","msg":"{\"ev\":\"req\",\"route\":\"history\",\"status\":200,\"t\":1791352264320,\"ms\":5}","source":"console","time":"2026-10-07T05:51:04Z"}
{"level":"info","msg":"{\"ev\":\"req\",\"route\":\"problem_list\",\"status\":200,\"t\":1791352264420,\"ms\":5.2}","source":"console","time":"2026-10-07T05:51:04Z"}
{"level":"info","msg":"{\"ev\":\"req\",\"route\":\"problem_detail\",\"status\":200,\"t\":1791352264520,\"ms\":4.5}","source":"console","time":"2026-10-07T05:51:04Z"}
{"level":"info","msg":"{\"ev\":\"req\",\"route\":\"history\",\"status\":200,\"t\":1791352264620,\"ms\":5.2}","source":"console","time":"2026-10-07T05:51:04Z"}
{"level":"info","msg":"{\"ev\":\"req\",\"route\":\"problem_list\",\"status\":200,\"t\":1791352264718,\"ms\":3.4}","source":"console","time":"2026-10-07T05:51:04Z"}
{"level":"info","msg":"{\"ev\":\"req\",\"route\":\"problem_detail\",\"status\":200,\"t\":1791352264817,\"ms\":3.1}","source":"console","time":"2026-10-07T05:51:04Z"}
{"level":"info","msg":"{\"ev\":\"req\",\"route\":\"history\",\"status\":200,\"t\":1791352264924,\"ms\":9}","source":"console","time":"2026-10-07T05:51:04Z"}
{"level":"info","msg":"{\"ev\":\"req\",\"route\":\"problem_list\",\"status\":200,\"t\":1791352265018,\"ms\":3.3}","source":"console","time":"2026-10-07T05:51:05Z"}
{"level":"info","msg":"{\"ev\":\"req\",\"route\":\"problem_detail\",\"status\":200,\"t\":1791352265123,\"ms\":8.3}","source":"console","time":"2026-10-07T05:51:05Z"}
{"level":"info","msg":"{\"ev\":\"req\",\"route\":\"history\",\"status\":200,\"t\":1791352265225,\"ms\":9.7}","source":"console","time":"2026-10-07T05:51:05Z"}
{"level":"info","msg":"{\"ev\":\"req\",\"route\":\"problem_list\",\"status\":200,\"t\":1791352265322,\"ms\":7.4}","source":"console","time":"2026-10-07T05:51:05Z"}
{"level":"info","msg":"{\"ev\":\"req\",\"route\":\"problem_detail\",\"status\":200,\"t\":1791352265420,\"ms\":5.1}","source":"console","time":"2026-10-07T05:51:05Z"}
{"level":"info","msg":"{\"ev\":\"req\",\"route\":\"history\",\"status\":200,\"t\":1791352265524,\"ms\":9.3}","source":"console","time":"2026-10-07T05:51:05Z"}
{"level":"info","msg":"{\"ev\":\"req\",\"route\":\"problem_list\",\"status\":200,\"t\":1791352265623,\"ms\":7.9}","source":"console","time":"2026-10-07T05:51:05Z"}
{"level":"info","msg":"{\"ev\":\"req\",\"route\":\"problem_detail\",\"status\":200,\"t\":1791352265722,\"ms\":7.7}","source":"console","time":"2026-10-07T05:51:05Z"}
{"level":"info","msg":"{\"ev\":\"req\",\"route\":\"history\",\"status\":200,\"t\":1791352265824,\"ms\":9.2}","source":"console","time":"2026-10-07T05:51:05Z"}
{"level":"info","msg":"{\"ev\":\"req\",\"route\":\"problem_list\",\"status\":200,\"t\":1791352265924,\"ms\":9.1}","source":"console","time":"2026-10-07T05:51:05Z"}
{"level":"info","msg":"{\"ev\":\"req\",\"route\":\"submit\",\"status\":200,\"t\":1791352265940,\"ms\":26.9}","source":"console","time":"2026-10-07T05:51:05Z"}
{"level":"info","msg":"{\"ev\":\"accepted\",\"id\":\"e3810414-2315-4644-b631-25a28a93c38a\",\"t\":1791352265940}","source":"console","time":"2026-10-07T05:51:05Z"}
{"level":"info","msg":"{\"ev\":\"req\",\"route\":\"problem_detail\",\"status\":200,\"t\":1791352266018,\"ms\":4}","source":"console","time":"2026-10-07T05:51:06Z"}
{"level":"info","msg":"{\"ev\":\"req\",\"route\":\"history\",\"status\":200,\"t\":1791352266121,\"ms\":5.7}","source":"console","time":"2026-10-07T05:51:06Z"}
{"level":"info","msg":"{\"ev\":\"req\",\"route\":\"problem_list\",\"status\":200,\"t\":1791352266218,\"ms\":3.2}","source":"console","time":"2026-10-07T05:51:06Z"}
{"level":"info","msg":"{\"ev\":\"req\",\"route\":\"problem_detail\",\"status\":200,\"t\":1791352266317,\"ms\":3.1}","source":"console","time":"2026-10-07T05:51:06Z"}
{"level":"info","msg":"{\"ev\":\"req\",\"route\":\"history\",\"status\":200,\"t\":1791352266420,\"ms\":4.5}","source":"console","time":"2026-10-07T05:51:06Z"}
{"level":"info","msg":"{\"ev\":\"req\",\"route\":\"problem_list\",\"status\":200,\"t\":1791352266519,\"ms\":3.4}","source":"console","time":"2026-10-07T05:51:06Z"}
{"level":"info","msg":"{\"ev\":\"req\",\"route\":\"problem_detail\",\"status\":200,\"t\":1791352266618,\"ms\":3.3}","source":"console","time":"2026-10-07T05:51:06Z"}
{"level":"info","msg":"{\"ev\":\"req\",\"route\":\"history\",\"status\":200,\"t\":1791352266725,\"ms\":10.3}","source":"console","time":"2026-10-07T05:51:06Z"}
{"level":"info","msg":"{\"ev\":\"req\",\"route\":\"problem_list\",\"status\":200,\"t\":1791352266818,\"ms\":3.2}","source":"console","time":"2026-10-07T05:51:06Z"}
{"level":"info","msg":"{\"ev\":\"req\",\"route\":\"problem_detail\",\"status\":200,\"t\":1791352266918,\"ms\":3.8}","source":"console","time":"2026-10-07T05:51:06Z"}
{"level":"info","msg":"{\"ev\":\"req\",\"route\":\"history\",\"status\":200,\"t\":1791352267019,\"ms\":3.9}","source":"console","time":"2026-10-07T05:51:07Z"}
{"level":"info","msg":"{\"ev\":\"req\",\"route\":\"problem_list\",\"status\":200,\"t\":1791352267118,\"ms\":3.5}","source":"console","time":"2026-10-07T05:51:07Z"}
{"level":"info","msg":"{\"ev\":\"req\",\"route\":\"problem_detail\",\"status\":200,\"t\":1791352267219,\"ms\":3.5}","source":"console","time":"2026-10-07T05:51:07Z"}
{"level":"info","msg":"{\"ev\":\"req\",\"route\":\"history\",\"status\":200,\"t\":1791352267320,\"ms\":4.8}","source":"console","time":"2026-10-07T05:51:07Z"}
{"level":"info","msg":"{\"ev\":\"req\",\"route\":\"problem_list\",\"status\":200,\"t\":1791352267418,\"ms\":3.7}","source":"console","time":"2026-10-07T05:51:07Z"}
{"level":"info","msg":"{\"ev\":\"req\",\"route\":\"problem_detail\",\"status\":200,\"t\":1791352267522,\"ms\":7.2}","source":"console","time":"2026-10-07T05:51:07Z"}
{"level":"info","msg":"{\"ev\":\"req\",\"route\":\"submit\",\"status\":200,\"t\":1791352267603,\"ms\":23.8}","source":"console","time":"2026-10-07T05:51:07Z"}
{"level":"info","msg":"{\"ev\":\"accepted\",\"id\":\"816be296-546a-472a-a343-038280f17c92\",\"t\":1791352267603}","source":"console","time":"2026-10-07T05:51:07Z"}
{"level":"info","msg":"{\"ev\":\"req\",\"route\":\"history\",\"status\":200,\"t\":1791352267622,\"ms\":6.5}","source":"console","time":"2026-10-07T05:51:07Z"}
{"level":"info","msg":"{\"ev\":\"req\",\"route\":\"problem_list\",\"status\":200,\"t\":1791352267721,\"ms\":5.3}","source":"console","time":"2026-10-07T05:51:07Z"}
{"level":"info","msg":"{\"ev\":\"req\",\"route\":\"problem_detail\",\"status\":200,\"t\":1791352267819,\"ms\":3.8}","source":"console","time":"2026-10-07T05:51:07Z"}
{"level":"info","msg":"{\"ev\":\"req\",\"route\":\"history\",\"status\":200,\"t\":1791352267920,\"ms\":5}","source":"console","time":"2026-10-07T05:51:07Z"}
{"level":"info","msg":"{\"ev\":\"req\",\"route\":\"problem_list\",\"status\":200,\"t\":1791352268020,\"ms\":4.8}","source":"console","time":"2026-10-07T05:51:08Z"}
{"level":"info","msg":"{\"ev\":\"req\",\"route\":\"problem_detail\",\"status\":200,\"t\":1791352268118,\"ms\":3}","source":"console","time":"2026-10-07T05:51:08Z"}
{"level":"info","msg":"{\"ev\":\"req\",\"route\":\"history\",\"status\":200,\"t\":1791352268220,\"ms\":5.6}","source":"console","time":"2026-10-07T05:51:08Z"}
{"level":"info","msg":"{\"ev\":\"req\",\"route\":\"problem_list\",\"status\":200,\"t\":1791352268323,\"ms\":8.1}","source":"console","time":"2026-10-07T05:51:08Z"}
{"level":"info","msg":"{\"ev\":\"req\",\"route\":\"problem_detail\",\"status\":200,\"t\":1791352268423,\"ms\":7.6}","source":"console","time":"2026-10-07T05:51:08Z"}
{"level":"info","msg":"{\"ev\":\"req\",\"route\":\"history\",\"status\":200,\"t\":1791352268526,\"ms\":10.9}","source":"console","time":"2026-10-07T05:51:08Z"}
{"level":"info","msg":"{\"ev\":\"req\",\"route\":\"problem_list\",\"status\":200,\"t\":1791352268623,\"ms\":8.5}","source":"console","time":"2026-10-07T05:51:08Z"}
{"level":"info","msg":"{\"ev\":\"req\",\"route\":\"problem_detail\",\"status\":200,\"t\":1791352268723,\"ms\":7.9}","source":"console","time":"2026-10-07T05:51:08Z"}
{"level":"info","msg":"{\"ev\":\"req\",\"route\":\"history\",\"status\":200,\"t\":1791352268823,\"ms\":8.3}","source":"console","time":"2026-10-07T05:51:08Z"}
{"level":"info","msg":"{\"ev\":\"req\",\"route\":\"problem_list\",\"status\":200,\"t\":1791352268923,\"ms\":7.9}","source":"console","time":"2026-10-07T05:51:08Z"}
{"level":"info","msg":"{\"ev\":\"req\",\"route\":\"problem_detail\",\"status\":200,\"t\":1791352269021,\"ms\":6.2}","source":"console","time":"2026-10-07T05:51:09Z"}
{"level":"info","msg":"{\"ev\":\"req\",\"route\":\"history\",\"status\":200,\"t\":1791352269122,\"ms\":7.6}","source":"console","time":"2026-10-07T05:51:09Z"}
{"level":"info","msg":"{\"ev\":\"req\",\"route\":\"problem_list\",\"status\":200,\"t\":1791352269218,\"ms\":3.6}","source":"console","time":"2026-10-07T05:51:09Z"}
{"level":"info","msg":"{\"ev\":\"req\",\"route\":\"submit\",\"status\":200,\"t\":1791352269258,\"ms\":12.1}","source":"console","time":"2026-10-07T05:51:09Z"}
{"level":"info","msg":"{\"ev\":\"accepted\",\"id\":\"32624975-ae4d-4e87-ac7a-4033e494da4a\",\"t\":1791352269258}","source":"console","time":"2026-10-07T05:51:09Z"}
{"level":"info","msg":"{\"ev\":\"req\",\"route\":\"problem_detail\",\"status\":200,\"t\":1791352269318,\"ms\":3.5}","source":"console","time":"2026-10-07T05:51:09Z"}
{"level":"info","msg":"{\"ev\":\"req\",\"route\":\"history\",\"status\":200,\"t\":1791352269420,\"ms\":4.6}","source":"console","time":"2026-10-07T05:51:09Z"}
{"level":"info","msg":"{\"ev\":\"req\",\"route\":\"problem_list\",\"status\":200,\"t\":1791352269519,\"ms\":4.5}","source":"console","time":"2026-10-07T05:51:09Z"}
{"level":"info","msg":"{\"ev\":\"req\",\"route\":\"problem_detail\",\"status\":200,\"t\":1791352269619,\"ms\":3.7}","source":"console","time":"2026-10-07T05:51:09Z"}
{"level":"info","msg":"{\"ev\":\"req\",\"route\":\"history\",\"status\":200,\"t\":1791352269719,\"ms\":4.2}","source":"console","time":"2026-10-07T05:51:09Z"}
{"level":"info","msg":"{\"ev\":\"req\",\"route\":\"problem_list\",\"status\":200,\"t\":1791352269818,\"ms\":3.5}","source":"console","time":"2026-10-07T05:51:09Z"}
{"level":"info","msg":"{\"ev\":\"req\",\"route\":\"problem_detail\",\"status\":200,\"t\":1791352269918,\"ms\":3.3}","source":"console","time":"2026-10-07T05:51:09Z"}
{"level":"info","msg":"{\"ev\":\"req\",\"route\":\"history\",\"status\":200,\"t\":1791352270024,\"ms\":9.1}","source":"console","time":"2026-10-07T05:51:10Z"}
{"level":"info","msg":"{\"ev\":\"req\",\"route\":\"problem_list\",\"status\":200,\"t\":1791352270123,\"ms\":7.5}","source":"console","time":"2026-10-07T05:51:10Z"}
{"level":"info","msg":"{\"ev\":\"req\",\"route\":\"problem_detail\",\"status\":200,\"t\":1791352270223,\"ms\":8.4}","source":"console","time":"2026-10-07T05:51:10Z"}
{"level":"info","msg":"{\"ev\":\"req\",\"route\":\"history\",\"status\":200,\"t\":1791352270325,\"ms\":10}","source":"console","time":"2026-10-07T05:51:10Z"}
{"level":"info","msg":"{\"ev\":\"req\",\"route\":\"problem_list\",\"status\":200,\"t\":1791352270423,\"ms\":7.7}","source":"console","time":"2026-10-07T05:51:10Z"}
{"level":"info","msg":"{\"ev\":\"req\",\"route\":\"problem_detail\",\"status\":200,\"t\":1791352270523,\"ms\":7.8}","source":"console","time":"2026-10-07T05:51:10Z"}
{"level":"info","msg":"{\"ev\":\"req\",\"route\":\"history\",\"status\":200,\"t\":1791352270624,\"ms\":9.1}","source":"console","time":"2026-10-07T05:51:10Z"}
{"level":"info","msg":"{\"ev\":\"req\",\"route\":\"problem_list\",\"status\":200,\"t\":1791352270720,\"ms\":5.9}","source":"console","time":"2026-10-07T05:51:10Z"}
{"level":"info","msg":"{\"ev\":\"req\",\"route\":\"problem_detail\",\"status\":200,\"t\":1791352270822,\"ms\":7.8}","source":"console","time":"2026-10-07T05:51:10Z"}
{"level":"info","msg":"{\"ev\":\"req\",\"route\":\"history\",\"status\":200,\"t\":1791352270923,\"ms\":8.4}","source":"console","time":"2026-10-07T05:51:10Z"}
{"level":"info","msg":"{\"ev\":\"req\",\"route\":\"submit\",\"status\":200,\"t\":1791352270936,\"ms\":23.3}","source":"console","time":"2026-10-07T05:51:10Z"}
{"level":"info","msg":"{\"ev\":\"accepted\",\"id\":\"27be360f-1d31-40d9-b1ff-12cdc8a52308\",\"t\":1791352270936}","source":"console","time":"2026-10-07T05:51:10Z"}
{"level":"info","msg":"{\"ev\":\"req\",\"route\":\"problem_list\",\"status\":200,\"t\":1791352271019,\"ms\":4.9}","source":"console","time":"2026-10-07T05:51:11Z"}
{"level":"info","msg":"{\"ev\":\"req\",\"route\":\"problem_detail\",\"status\":200,\"t\":1791352271119,\"ms\":3.9}","source":"console","time":"2026-10-07T05:51:11Z"}
{"level":"info","msg":"{\"ev\":\"req\",\"route\":\"history\",\"status\":200,\"t\":1791352271219,\"ms\":4.7}","source":"console","time":"2026-10-07T05:51:11Z"}
{"level":"info","msg":"{\"ev\":\"req\",\"route\":\"problem_list\",\"status\":200,\"t\":1791352271320,\"ms\":5}","source":"console","time":"2026-10-07T05:51:11Z"}
{"level":"info","msg":"{\"ev\":\"req\",\"route\":\"problem_detail\",\"status\":200,\"t\":1791352271418,\"ms\":3.2}","source":"console","time":"2026-10-07T05:51:11Z"}
{"level":"info","msg":"{\"ev\":\"req\",\"route\":\"history\",\"status\":200,\"t\":1791352271520,\"ms\":4.7}","source":"console","time":"2026-10-07T05:51:11Z"}
{"level":"info","msg":"{\"ev\":\"req\",\"route\":\"problem_list\",\"status\":200,\"t\":1791352271622,\"ms\":7.5}","source":"console","time":"2026-10-07T05:51:11Z"}
{"level":"info","msg":"{\"ev\":\"req\",\"route\":\"problem_detail\",\"status\":200,\"t\":1791352271723,\"ms\":8.1}","source":"console","time":"2026-10-07T05:51:11Z"}
{"level":"info","msg":"{\"ev\":\"req\",\"route\":\"history\",\"status\":200,\"t\":1791352271825,\"ms\":9.8}","source":"console","time":"2026-10-07T05:51:11Z"}
{"level":"info","msg":"{\"ev\":\"req\",\"route\":\"problem_list\",\"status\":200,\"t\":1791352271923,\"ms\":8.4}","source":"console","time":"2026-10-07T05:51:11Z"}
{"level":"info","msg":"{\"ev\":\"req\",\"route\":\"problem_detail\",\"status\":200,\"t\":1791352272022,\"ms\":8}","source":"console","time":"2026-10-07T05:51:12Z"}
{"level":"info","msg":"{\"ev\":\"req\",\"route\":\"history\",\"status\":200,\"t\":1791352272124,\"ms\":8.3}","source":"console","time":"2026-10-07T05:51:12Z"}
{"level":"info","msg":"{\"ev\":\"req\",\"route\":\"problem_list\",\"status\":200,\"t\":1791352272218,\"ms\":3}","source":"console","time":"2026-10-07T05:51:12Z"}
{"level":"info","msg":"{\"ev\":\"req\",\"route\":\"problem_detail\",\"status\":200,\"t\":1791352272319,\"ms\":4.7}","source":"console","time":"2026-10-07T05:51:12Z"}
{"level":"info","msg":"{\"ev\":\"req\",\"route\":\"history\",\"status\":200,\"t\":1791352272426,\"ms\":10}","source":"console","time":"2026-10-07T05:51:12Z"}
{"level":"info","msg":"{\"ev\":\"req\",\"route\":\"problem_list\",\"status\":200,\"t\":1791352272523,\"ms\":8.4}","source":"console","time":"2026-10-07T05:51:12Z"}
{"level":"info","msg":"{\"ev\":\"req\",\"route\":\"submit\",\"status\":200,\"t\":1791352272606,\"ms\":27.1}","source":"console","time":"2026-10-07T05:51:12Z"}
{"level":"info","msg":"{\"ev\":\"accepted\",\"id\":\"916a03cb-149a-449e-aa25-03ce805e24c6\",\"t\":1791352272607}","source":"console","time":"2026-10-07T05:51:12Z"}
{"level":"info","msg":"{\"ev\":\"req\",\"route\":\"problem_detail\",\"status\":200,\"t\":1791352272622,\"ms\":7.3}","source":"console","time":"2026-10-07T05:51:12Z"}
{"level":"info","msg":"{\"ev\":\"req\",\"route\":\"history\",\"status\":200,\"t\":1791352272719,\"ms\":4.1}","source":"console","time":"2026-10-07T05:51:12Z"}
{"level":"info","msg":"{\"ev\":\"req\",\"route\":\"problem_list\",\"status\":200,\"t\":1791352272818,\"ms\":3.6}","source":"console","time":"2026-10-07T05:51:12Z"}
{"level":"info","msg":"{\"ev\":\"req\",\"route\":\"problem_detail\",\"status\":200,\"t\":1791352272917,\"ms\":3.2}","source":"console","time":"2026-10-07T05:51:12Z"}
{"level":"info","msg":"{\"ev\":\"req\",\"route\":\"history\",\"status\":200,\"t\":1791352273019,\"ms\":3.6}","source":"console","time":"2026-10-07T05:51:13Z"}
{"level":"info","msg":"{\"ev\":\"req\",\"route\":\"problem_list\",\"status\":200,\"t\":1791352273118,\"ms\":3.9}","source":"console","time":"2026-10-07T05:51:13Z"}
{"level":"info","msg":"{\"ev\":\"req\",\"route\":\"problem_detail\",\"status\":200,\"t\":1791352273218,\"ms\":3.1}","source":"console","time":"2026-10-07T05:51:13Z"}
{"level":"info","msg":"{\"ev\":\"req\",\"route\":\"history\",\"status\":200,\"t\":1791352273322,\"ms\":6.9}","source":"console","time":"2026-10-07T05:51:13Z"}
{"level":"info","msg":"{\"ev\":\"req\",\"route\":\"problem_list\",\"status\":200,\"t\":1791352273422,\"ms\":7}","source":"console","time":"2026-10-07T05:51:13Z"}
{"level":"info","msg":"{\"ev\":\"req\",\"route\":\"problem_detail\",\"status\":200,\"t\":1791352273524,\"ms\":8.2}","source":"console","time":"2026-10-07T05:51:13Z"}
{"level":"info","msg":"{\"ev\":\"req\",\"route\":\"history\",\"status\":200,\"t\":1791352273625,\"ms\":10.1}","source":"console","time":"2026-10-07T05:51:13Z"}
{"level":"info","msg":"{\"ev\":\"req\",\"route\":\"problem_list\",\"status\":200,\"t\":1791352273722,\"ms\":7.4}","source":"console","time":"2026-10-07T05:51:13Z"}
{"level":"info","msg":"{\"ev\":\"req\",\"route\":\"problem_detail\",\"status\":200,\"t\":1791352273819,\"ms\":3.3}","source":"console","time":"2026-10-07T05:51:13Z"}
{"level":"info","msg":"{\"ev\":\"req\",\"route\":\"history\",\"status\":200,\"t\":1791352273924,\"ms\":9.5}","source":"console","time":"2026-10-07T05:51:13Z"}
{"level":"info","msg":"{\"ev\":\"req\",\"route\":\"problem_list\",\"status\":200,\"t\":1791352274019,\"ms\":3.9}","source":"console","time":"2026-10-07T05:51:14Z"}
{"level":"info","msg":"{\"ev\":\"req\",\"route\":\"problem_detail\",\"status\":200,\"t\":1791352274119,\"ms\":4.4}","source":"console","time":"2026-10-07T05:51:14Z"}
{"level":"info","msg":"{\"ev\":\"req\",\"route\":\"history\",\"status\":200,\"t\":1791352274227,\"ms\":11.9}","source":"console","time":"2026-10-07T05:51:14Z"}
{"level":"info","msg":"{\"ev\":\"req\",\"route\":\"submit\",\"status\":200,\"t\":1791352274268,\"ms\":22}","source":"console","time":"2026-10-07T05:51:14Z"}
{"level":"info","msg":"{\"ev\":\"accepted\",\"id\":\"0e88c47c-9459-44c8-b65e-ea894075fb99\",\"t\":1791352274268}","source":"console","time":"2026-10-07T05:51:14Z"}
{"level":"info","msg":"{\"ev\":\"req\",\"route\":\"problem_list\",\"status\":200,\"t\":1791352274320,\"ms\":4.6}","source":"console","time":"2026-10-07T05:51:14Z"}
{"level":"info","msg":"{\"ev\":\"req\",\"route\":\"problem_detail\",\"status\":200,\"t\":1791352274419,\"ms\":4.7}","source":"console","time":"2026-10-07T05:51:14Z"}
{"level":"info","msg":"{\"ev\":\"req\",\"route\":\"history\",\"status\":200,\"t\":1791352274521,\"ms\":6}","source":"console","time":"2026-10-07T05:51:14Z"}
{"level":"info","msg":"{\"ev\":\"req\",\"route\":\"problem_list\",\"status\":200,\"t\":1791352274619,\"ms\":4.3}","source":"console","time":"2026-10-07T05:51:14Z"}
{"level":"info","msg":"{\"ev\":\"req\",\"route\":\"problem_detail\",\"status\":200,\"t\":1791352274718,\"ms\":3.1}","source":"console","time":"2026-10-07T05:51:14Z"}
{"level":"info","msg":"{\"ev\":\"req\",\"route\":\"history\",\"status\":200,\"t\":1791352274825,\"ms\":10}","source":"console","time":"2026-10-07T05:51:14Z"}
{"level":"info","msg":"{\"ev\":\"req\",\"route\":\"problem_list\",\"status\":200,\"t\":1791352274920,\"ms\":5}","source":"console","time":"2026-10-07T05:51:14Z"}
{"level":"info","msg":"{\"ev\":\"req\",\"route\":\"problem_detail\",\"status\":200,\"t\":1791352275023,\"ms\":7.7}","source":"console","time":"2026-10-07T05:51:15Z"}
{"level":"info","msg":"{\"ev\":\"req\",\"route\":\"history\",\"status\":200,\"t\":1791352275120,\"ms\":4.9}","source":"console","time":"2026-10-07T05:51:15Z"}
{"level":"info","msg":"{\"ev\":\"req\",\"route\":\"problem_list\",\"status\":200,\"t\":1791352275220,\"ms\":5.3}","source":"console","time":"2026-10-07T05:51:15Z"}
{"level":"info","msg":"{\"ev\":\"req\",\"route\":\"problem_detail\",\"status\":200,\"t\":1791352275323,\"ms\":7.9}","source":"console","time":"2026-10-07T05:51:15Z"}
{"level":"info","msg":"{\"ev\":\"req\",\"route\":\"history\",\"status\":200,\"t\":1791352275420,\"ms\":4.8}","source":"console","time":"2026-10-07T05:51:15Z"}
{"level":"info","msg":"{\"ev\":\"req\",\"route\":\"problem_list\",\"status\":200,\"t\":1791352275523,\"ms\":8.1}","source":"console","time":"2026-10-07T05:51:15Z"}
{"level":"info","msg":"{\"ev\":\"req\",\"route\":\"problem_detail\",\"status\":200,\"t\":1791352275623,\"ms\":7.7}","source":"console","time":"2026-10-07T05:51:15Z"}
{"level":"info","msg":"{\"ev\":\"req\",\"route\":\"history\",\"status\":200,\"t\":1791352275725,\"ms\":9.5}","source":"console","time":"2026-10-07T05:51:15Z"}
{"level":"info","msg":"{\"ev\":\"req\",\"route\":\"problem_list\",\"status\":200,\"t\":1791352275823,\"ms\":8.3}","source":"console","time":"2026-10-07T05:51:15Z"}
{"level":"info","msg":"{\"ev\":\"req\",\"route\":\"problem_detail\",\"status\":200,\"t\":1791352275923,\"ms\":7.3}","source":"console","time":"2026-10-07T05:51:15Z"}
{"level":"info","msg":"{\"ev\":\"req\",\"route\":\"submit\",\"status\":200,\"t\":1791352275939,\"ms\":25.6}","source":"console","time":"2026-10-07T05:51:15Z"}
{"level":"info","msg":"{\"ev\":\"accepted\",\"id\":\"0e0bac8a-9116-443e-acaf-66b87bb64a9e\",\"t\":1791352275939}","source":"console","time":"2026-10-07T05:51:15Z"}
{"level":"info","msg":"{\"ev\":\"req\",\"route\":\"history\",\"status\":200,\"t\":1791352276020,\"ms\":4.9}","source":"console","time":"2026-10-07T05:51:16Z"}
{"level":"info","msg":"{\"ev\":\"req\",\"route\":\"problem_list\",\"status\":200,\"t\":1791352276118,\"ms\":3.3}","source":"console","time":"2026-10-07T05:51:16Z"}
{"level":"info","msg":"{\"ev\":\"req\",\"route\":\"problem_detail\",\"status\":200,\"t\":1791352276218,\"ms\":3}","source":"console","time":"2026-10-07T05:51:16Z"}
{"level":"info","msg":"{\"ev\":\"req\",\"route\":\"history\",\"status\":200,\"t\":1791352276319,\"ms\":4.2}","source":"console","time":"2026-10-07T05:51:16Z"}
{"level":"info","msg":"{\"ev\":\"req\",\"route\":\"problem_list\",\"status\":200,\"t\":1791352276419,\"ms\":4.3}","source":"console","time":"2026-10-07T05:51:16Z"}
{"level":"info","msg":"{\"ev\":\"req\",\"route\":\"problem_detail\",\"status\":200,\"t\":1791352276518,\"ms\":3.1}","source":"console","time":"2026-10-07T05:51:16Z"}
{"level":"info","msg":"{\"ev\":\"req\",\"route\":\"history\",\"status\":200,\"t\":1791352276618,\"ms\":3.5}","source":"console","time":"2026-10-07T05:51:16Z"}
{"level":"info","msg":"{\"ev\":\"req\",\"route\":\"problem_list\",\"status\":200,\"t\":1791352276723,\"ms\":7.9}","source":"console","time":"2026-10-07T05:51:16Z"}
{"level":"info","msg":"{\"ev\":\"req\",\"route\":\"problem_detail\",\"status\":200,\"t\":1791352276818,\"ms\":3.2}","source":"console","time":"2026-10-07T05:51:16Z"}
{"level":"info","msg":"{\"ev\":\"req\",\"route\":\"history\",\"status\":200,\"t\":1791352276919,\"ms\":4.1}","source":"console","time":"2026-10-07T05:51:16Z"}
{"level":"info","msg":"{\"ev\":\"req\",\"route\":\"problem_list\",\"status\":200,\"t\":1791352277019,\"ms\":4.2}","source":"console","time":"2026-10-07T05:51:17Z"}
{"level":"info","msg":"{\"ev\":\"req\",\"route\":\"problem_detail\",\"status\":200,\"t\":1791352277118,\"ms\":3.4}","source":"console","time":"2026-10-07T05:51:17Z"}
{"level":"info","msg":"{\"ev\":\"req\",\"route\":\"history\",\"status\":200,\"t\":1791352277219,\"ms\":3.8}","source":"console","time":"2026-10-07T05:51:17Z"}
{"level":"info","msg":"{\"ev\":\"req\",\"route\":\"problem_list\",\"status\":200,\"t\":1791352277321,\"ms\":6.9}","source":"console","time":"2026-10-07T05:51:17Z"}
{"level":"info","msg":"{\"ev\":\"req\",\"route\":\"problem_detail\",\"status\":200,\"t\":1791352277423,\"ms\":7.9}","source":"console","time":"2026-10-07T05:51:17Z"}
{"level":"info","msg":"{\"ev\":\"req\",\"route\":\"history\",\"status\":200,\"t\":1791352277524,\"ms\":8.3}","source":"console","time":"2026-10-07T05:51:17Z"}
{"level":"info","msg":"{\"ev\":\"req\",\"route\":\"submit\",\"status\":200,\"t\":1791352277601,\"ms\":22}","source":"console","time":"2026-10-07T05:51:17Z"}
{"level":"info","msg":"{\"ev\":\"accepted\",\"id\":\"b16fa555-f50f-4219-b13a-76179e15be63\",\"t\":1791352277601}","source":"console","time":"2026-10-07T05:51:17Z"}
{"level":"info","msg":"{\"ev\":\"req\",\"route\":\"problem_list\",\"status\":200,\"t\":1791352277619,\"ms\":4.1}","source":"console","time":"2026-10-07T05:51:17Z"}
{"level":"info","msg":"{\"ev\":\"req\",\"route\":\"problem_detail\",\"status\":200,\"t\":1791352277721,\"ms\":6.1}","source":"console","time":"2026-10-07T05:51:17Z"}
{"level":"info","msg":"{\"ev\":\"req\",\"route\":\"history\",\"status\":200,\"t\":1791352277822,\"ms\":6.8}","source":"console","time":"2026-10-07T05:51:17Z"}
{"level":"info","msg":"{\"ev\":\"req\",\"route\":\"problem_list\",\"status\":200,\"t\":1791352277922,\"ms\":6.8}","source":"console","time":"2026-10-07T05:51:17Z"}
{"level":"info","msg":"{\"ev\":\"req\",\"route\":\"problem_detail\",\"status\":200,\"t\":1791352278020,\"ms\":4.9}","source":"console","time":"2026-10-07T05:51:18Z"}
{"level":"info","msg":"{\"ev\":\"req\",\"route\":\"history\",\"status\":200,\"t\":1791352278120,\"ms\":4.9}","source":"console","time":"2026-10-07T05:51:18Z"}
{"level":"info","msg":"{\"ev\":\"req\",\"route\":\"problem_list\",\"status\":200,\"t\":1791352278219,\"ms\":4.7}","source":"console","time":"2026-10-07T05:51:18Z"}
{"level":"info","msg":"{\"ev\":\"req\",\"route\":\"problem_detail\",\"status\":200,\"t\":1791352278318,\"ms\":3.4}","source":"console","time":"2026-10-07T05:51:18Z"}
{"level":"info","msg":"{\"ev\":\"req\",\"route\":\"history\",\"status\":200,\"t\":1791352278422,\"ms\":7}","source":"console","time":"2026-10-07T05:51:18Z"}
{"level":"info","msg":"{\"ev\":\"req\",\"route\":\"problem_list\",\"status\":200,\"t\":1791352278519,\"ms\":4.1}","source":"console","time":"2026-10-07T05:51:18Z"}
{"level":"info","msg":"{\"ev\":\"req\",\"route\":\"problem_detail\",\"status\":200,\"t\":1791352278619,\"ms\":4.5}","source":"console","time":"2026-10-07T05:51:18Z"}
{"level":"info","msg":"{\"ev\":\"req\",\"route\":\"history\",\"status\":200,\"t\":1791352278719,\"ms\":4.2}","source":"console","time":"2026-10-07T05:51:18Z"}
{"level":"info","msg":"{\"ev\":\"req\",\"route\":\"problem_list\",\"status\":200,\"t\":1791352278823,\"ms\":8}","source":"console","time":"2026-10-07T05:51:18Z"}
{"level":"info","msg":"{\"ev\":\"req\",\"route\":\"problem_detail\",\"status\":200,\"t\":1791352278922,\"ms\":6.5}","source":"console","time":"2026-10-07T05:51:18Z"}
{"level":"info","msg":"{\"ev\":\"req\",\"route\":\"history\",\"status\":200,\"t\":1791352279022,\"ms\":7.3}","source":"console","time":"2026-10-07T05:51:19Z"}
{"level":"info","msg":"{\"ev\":\"req\",\"route\":\"problem_list\",\"status\":200,\"t\":1791352279123,\"ms\":8.1}","source":"console","time":"2026-10-07T05:51:19Z"}
{"level":"info","msg":"{\"ev\":\"req\",\"route\":\"problem_detail\",\"status\":200,\"t\":1791352279220,\"ms\":5.2}","source":"console","time":"2026-10-07T05:51:19Z"}
{"level":"info","msg":"{\"ev\":\"req\",\"route\":\"submit\",\"status\":200,\"t\":1791352279255,\"ms\":10}","source":"console","time":"2026-10-07T05:51:19Z"}
{"level":"info","msg":"{\"ev\":\"accepted\",\"id\":\"8227f13e-961f-4a74-a4a1-31017800c35a\",\"t\":1791352279256}","source":"console","time":"2026-10-07T05:51:19Z"}
{"level":"info","msg":"{\"ev\":\"req\",\"route\":\"history\",\"status\":200,\"t\":1791352279319,\"ms\":4}","source":"console","time":"2026-10-07T05:51:19Z"}
{"level":"info","msg":"{\"ev\":\"req\",\"route\":\"problem_list\",\"status\":200,\"t\":1791352279419,\"ms\":3.9}","source":"console","time":"2026-10-07T05:51:19Z"}
{"level":"info","msg":"{\"ev\":\"req\",\"route\":\"problem_detail\",\"status\":200,\"t\":1791352279519,\"ms\":3.5}","source":"console","time":"2026-10-07T05:51:19Z"}
{"level":"info","msg":"{\"ev\":\"req\",\"route\":\"history\",\"status\":200,\"t\":1791352279618,\"ms\":4.1}","source":"console","time":"2026-10-07T05:51:19Z"}
{"level":"info","msg":"{\"ev\":\"req\",\"route\":\"problem_list\",\"status\":200,\"t\":1791352279719,\"ms\":4.2}","source":"console","time":"2026-10-07T05:51:19Z"}
{"level":"info","msg":"{\"ev\":\"req\",\"route\":\"problem_detail\",\"status\":200,\"t\":1791352279818,\"ms\":3.6}","source":"console","time":"2026-10-07T05:51:19Z"}
{"level":"info","msg":"{\"ev\":\"req\",\"route\":\"history\",\"status\":200,\"t\":1791352279920,\"ms\":5.9}","source":"console","time":"2026-10-07T05:51:19Z"}
{"level":"info","msg":"{\"ev\":\"req\",\"route\":\"problem_list\",\"status\":200,\"t\":1791352280019,\"ms\":3.8}","source":"console","time":"2026-10-07T05:51:20Z"}
{"level":"info","msg":"{\"ev\":\"req\",\"route\":\"problem_detail\",\"status\":200,\"t\":1791352280122,\"ms\":7}","source":"console","time":"2026-10-07T05:51:20Z"}
{"level":"info","msg":"{\"ev\":\"req\",\"route\":\"history\",\"status\":200,\"t\":1791352280226,\"ms\":10.9}","source":"console","time":"2026-10-07T05:51:20Z"}
{"level":"info","msg":"{\"ev\":\"req\",\"route\":\"problem_list\",\"status\":200,\"t\":1791352280323,\"ms\":8.5}","source":"console","time":"2026-10-07T05:51:20Z"}
{"level":"info","msg":"{\"ev\":\"req\",\"route\":\"problem_detail\",\"status\":200,\"t\":1791352280423,\"ms\":8.6}","source":"console","time":"2026-10-07T05:51:20Z"}
{"level":"info","msg":"{\"ev\":\"req\",\"route\":\"history\",\"status\":200,\"t\":1791352280521,\"ms\":5.9}","source":"console","time":"2026-10-07T05:51:20Z"}
{"level":"info","msg":"{\"ev\":\"req\",\"route\":\"problem_list\",\"status\":200,\"t\":1791352280619,\"ms\":3.6}","source":"console","time":"2026-10-07T05:51:20Z"}
{"level":"info","msg":"{\"ev\":\"req\",\"route\":\"problem_detail\",\"status\":200,\"t\":1791352280723,\"ms\":8.2}","source":"console","time":"2026-10-07T05:51:20Z"}
{"level":"info","msg":"{\"ev\":\"req\",\"route\":\"history\",\"status\":200,\"t\":1791352280825,\"ms\":9.8}","source":"console","time":"2026-10-07T05:51:20Z"}
{"level":"info","msg":"{\"ev\":\"req\",\"route\":\"problem_list\",\"status\":200,\"t\":1791352280924,\"ms\":9.1}","source":"console","time":"2026-10-07T05:51:20Z"}
{"level":"info","msg":"{\"ev\":\"req\",\"route\":\"submit\",\"status\":200,\"t\":1791352280936,\"ms\":22.5}","source":"console","time":"2026-10-07T05:51:20Z"}
{"level":"info","msg":"{\"ev\":\"accepted\",\"id\":\"1136c172-192f-4e42-b391-0e705cac8964\",\"t\":1791352280936}","source":"console","time":"2026-10-07T05:51:20Z"}
{"level":"info","msg":"{\"ev\":\"req\",\"route\":\"problem_detail\",\"status\":200,\"t\":1791352281021,\"ms\":6.1}","source":"console","time":"2026-10-07T05:51:21Z"}
{"level":"info","msg":"{\"ev\":\"req\",\"route\":\"history\",\"status\":200,\"t\":1791352281120,\"ms\":4.5}","source":"console","time":"2026-10-07T05:51:21Z"}
{"level":"info","msg":"{\"ev\":\"req\",\"route\":\"problem_list\",\"status\":200,\"t\":1791352281224,\"ms\":9.1}","source":"console","time":"2026-10-07T05:51:21Z"}
{"level":"info","msg":"{\"ev\":\"req\",\"route\":\"problem_detail\",\"status\":200,\"t\":1791352281319,\"ms\":4.8}","source":"console","time":"2026-10-07T05:51:21Z"}
{"level":"info","msg":"{\"ev\":\"req\",\"route\":\"history\",\"status\":200,\"t\":1791352281420,\"ms\":4.9}","source":"console","time":"2026-10-07T05:51:21Z"}
{"level":"info","msg":"{\"ev\":\"req\",\"route\":\"problem_list\",\"status\":200,\"t\":1791352281522,\"ms\":7.4}","source":"console","time":"2026-10-07T05:51:21Z"}
{"level":"info","msg":"{\"ev\":\"req\",\"route\":\"problem_detail\",\"status\":200,\"t\":1791352281623,\"ms\":7.5}","source":"console","time":"2026-10-07T05:51:21Z"}
{"level":"info","msg":"{\"ev\":\"req\",\"route\":\"history\",\"status\":200,\"t\":1791352281724,\"ms\":9.3}","source":"console","time":"2026-10-07T05:51:21Z"}
{"level":"info","msg":"{\"ev\":\"req\",\"route\":\"problem_list\",\"status\":200,\"t\":1791352281823,\"ms\":8.2}","source":"console","time":"2026-10-07T05:51:21Z"}
{"level":"info","msg":"{\"ev\":\"req\",\"route\":\"problem_detail\",\"status\":200,\"t\":1791352281923,\"ms\":8.4}","source":"console","time":"2026-10-07T05:51:21Z"}
{"level":"info","msg":"{\"ev\":\"req\",\"route\":\"history\",\"status\":200,\"t\":1791352282025,\"ms\":10.1}","source":"console","time":"2026-10-07T05:51:22Z"}
{"level":"info","msg":"{\"ev\":\"req\",\"route\":\"problem_list\",\"status\":200,\"t\":1791352282119,\"ms\":3.6}","source":"console","time":"2026-10-07T05:51:22Z"}
{"level":"info","msg":"{\"ev\":\"req\",\"route\":\"problem_detail\",\"status\":200,\"t\":1791352282218,\"ms\":3.2}","source":"console","time":"2026-10-07T05:51:22Z"}
{"level":"info","msg":"{\"ev\":\"req\",\"route\":\"history\",\"status\":200,\"t\":1791352282325,\"ms\":10.1}","source":"console","time":"2026-10-07T05:51:22Z"}
{"level":"info","msg":"{\"ev\":\"req\",\"route\":\"problem_list\",\"status\":200,\"t\":1791352282423,\"ms\":8}","source":"console","time":"2026-10-07T05:51:22Z"}
{"level":"info","msg":"{\"ev\":\"req\",\"route\":\"problem_detail\",\"status\":200,\"t\":1791352282522,\"ms\":7.7}","source":"console","time":"2026-10-07T05:51:22Z"}
{"level":"info","msg":"{\"ev\":\"req\",\"route\":\"submit\",\"status\":200,\"t\":1791352282604,\"ms\":24}","source":"console","time":"2026-10-07T05:51:22Z"}
{"level":"info","msg":"{\"ev\":\"accepted\",\"id\":\"145dd7f5-32e8-409b-8d5e-28943eed72dc\",\"t\":1791352282604}","source":"console","time":"2026-10-07T05:51:22Z"}
{"level":"info","msg":"{\"ev\":\"req\",\"route\":\"history\",\"status\":200,\"t\":1791352282621,\"ms\":5.7}","source":"console","time":"2026-10-07T05:51:22Z"}
{"level":"info","msg":"{\"ev\":\"req\",\"route\":\"problem_list\",\"status\":200,\"t\":1791352282718,\"ms\":4.1}","source":"console","time":"2026-10-07T05:51:22Z"}
{"level":"info","msg":"{\"ev\":\"req\",\"route\":\"problem_detail\",\"status\":200,\"t\":1791352282818,\"ms\":3.3}","source":"console","time":"2026-10-07T05:51:22Z"}
{"level":"info","msg":"{\"ev\":\"req\",\"route\":\"history\",\"status\":200,\"t\":1791352282919,\"ms\":4.4}","source":"console","time":"2026-10-07T05:51:22Z"}
{"level":"info","msg":"{\"ev\":\"req\",\"route\":\"problem_list\",\"status\":200,\"t\":1791352283018,\"ms\":3.5}","source":"console","time":"2026-10-07T05:51:23Z"}
{"level":"info","msg":"{\"ev\":\"req\",\"route\":\"problem_detail\",\"status\":200,\"t\":1791352283118,\"ms\":3.4}","source":"console","time":"2026-10-07T05:51:23Z"}
{"level":"info","msg":"{\"ev\":\"req\",\"route\":\"history\",\"status\":200,\"t\":1791352283219,\"ms\":4.4}","source":"console","time":"2026-10-07T05:51:23Z"}
{"level":"info","msg":"{\"ev\":\"req\",\"route\":\"problem_list\",\"status\":200,\"t\":1791352283322,\"ms\":7.6}","source":"console","time":"2026-10-07T05:51:23Z"}
{"level":"info","msg":"{\"ev\":\"req\",\"route\":\"problem_detail\",\"status\":200,\"t\":1791352283422,\"ms\":7.4}","source":"console","time":"2026-10-07T05:51:23Z"}
{"level":"info","msg":"{\"ev\":\"req\",\"route\":\"history\",\"status\":200,\"t\":1791352283521,\"ms\":6.1}","source":"console","time":"2026-10-07T05:51:23Z"}
{"level":"info","msg":"{\"ev\":\"req\",\"route\":\"problem_list\",\"status\":200,\"t\":1791352283623,\"ms\":8.4}","source":"console","time":"2026-10-07T05:51:23Z"}
{"level":"info","msg":"{\"ev\":\"req\",\"route\":\"problem_detail\",\"status\":200,\"t\":1791352283722,\"ms\":7.2}","source":"console","time":"2026-10-07T05:51:23Z"}
{"level":"info","msg":"{\"ev\":\"req\",\"route\":\"history\",\"status\":200,\"t\":1791352283824,\"ms\":9.4}","source":"console","time":"2026-10-07T05:51:23Z"}
{"level":"info","msg":"{\"ev\":\"req\",\"route\":\"problem_list\",\"status\":200,\"t\":1791352283918,\"ms\":3.1}","source":"console","time":"2026-10-07T05:51:23Z"}
{"level":"info","msg":"{\"ev\":\"req\",\"route\":\"problem_detail\",\"status\":200,\"t\":1791352284023,\"ms\":7.7}","source":"console","time":"2026-10-07T05:51:24Z"}
{"level":"info","msg":"{\"ev\":\"req\",\"route\":\"history\",\"status\":200,\"t\":1791352284125,\"ms\":10}","source":"console","time":"2026-10-07T05:51:24Z"}
{"level":"info","msg":"{\"ev\":\"req\",\"route\":\"problem_list\",\"status\":200,\"t\":1791352284224,\"ms\":8.6}","source":"console","time":"2026-10-07T05:51:24Z"}
{"level":"info","msg":"{\"ev\":\"req\",\"route\":\"submit\",\"status\":200,\"t\":1791352284269,\"ms\":23.7}","source":"console","time":"2026-10-07T05:51:24Z"}
{"level":"info","msg":"{\"ev\":\"accepted\",\"id\":\"d8bdc26c-fa7b-49fd-8897-239637ca6cfc\",\"t\":1791352284269}","source":"console","time":"2026-10-07T05:51:24Z"}
{"level":"info","msg":"{\"ev\":\"req\",\"route\":\"problem_detail\",\"status\":200,\"t\":1791352284319,\"ms\":4.6}","source":"console","time":"2026-10-07T05:51:24Z"}
{"level":"info","msg":"{\"ev\":\"req\",\"route\":\"history\",\"status\":200,\"t\":1791352284423,\"ms\":8.1}","source":"console","time":"2026-10-07T05:51:24Z"}
{"level":"info","msg":"{\"ev\":\"req\",\"route\":\"problem_list\",\"status\":200,\"t\":1791352284519,\"ms\":5}","source":"console","time":"2026-10-07T05:51:24Z"}
{"level":"info","msg":"{\"ev\":\"req\",\"route\":\"problem_detail\",\"status\":200,\"t\":1791352284619,\"ms\":3.8}","source":"console","time":"2026-10-07T05:51:24Z"}
{"level":"info","msg":"{\"ev\":\"req\",\"route\":\"history\",\"status\":200,\"t\":1791352284719,\"ms\":4.7}","source":"console","time":"2026-10-07T05:51:24Z"}
{"level":"info","msg":"{\"ev\":\"req\",\"route\":\"problem_list\",\"status\":200,\"t\":1791352284819,\"ms\":4}","source":"console","time":"2026-10-07T05:51:24Z"}
{"level":"info","msg":"{\"ev\":\"req\",\"route\":\"problem_detail\",\"status\":200,\"t\":1791352284921,\"ms\":5.6}","source":"console","time":"2026-10-07T05:51:24Z"}
{"level":"info","msg":"{\"ev\":\"req\",\"route\":\"history\",\"status\":200,\"t\":1791352285022,\"ms\":7.2}","source":"console","time":"2026-10-07T05:51:25Z"}
{"level":"info","msg":"{\"ev\":\"req\",\"route\":\"problem_list\",\"status\":200,\"t\":1791352285129,\"ms\":13.3}","source":"console","time":"2026-10-07T05:51:25Z"}
{"level":"info","msg":"{\"ev\":\"req\",\"route\":\"problem_detail\",\"status\":200,\"t\":1791352285223,\"ms\":7.5}","source":"console","time":"2026-10-07T05:51:25Z"}
{"level":"info","msg":"{\"ev\":\"req\",\"route\":\"history\",\"status\":200,\"t\":1791352285324,\"ms\":9.6}","source":"console","time":"2026-10-07T05:51:25Z"}
{"level":"info","msg":"{\"ev\":\"req\",\"route\":\"problem_list\",\"status\":200,\"t\":1791352285424,\"ms\":9.1}","source":"console","time":"2026-10-07T05:51:25Z"}
{"level":"info","msg":"{\"ev\":\"req\",\"route\":\"problem_detail\",\"status\":200,\"t\":1791352285519,\"ms\":4}","source":"console","time":"2026-10-07T05:51:25Z"}
{"level":"info","msg":"{\"ev\":\"req\",\"route\":\"history\",\"status\":200,\"t\":1791352285625,\"ms\":9.6}","source":"console","time":"2026-10-07T05:51:25Z"}
{"level":"info","msg":"{\"ev\":\"req\",\"route\":\"problem_list\",\"status\":200,\"t\":1791352285723,\"ms\":8.4}","source":"console","time":"2026-10-07T05:51:25Z"}
{"level":"info","msg":"{\"ev\":\"req\",\"route\":\"problem_detail\",\"status\":200,\"t\":1791352285823,\"ms\":8.1}","source":"console","time":"2026-10-07T05:51:25Z"}
{"level":"info","msg":"{\"ev\":\"req\",\"route\":\"history\",\"status\":200,\"t\":1791352285924,\"ms\":9.7}","source":"console","time":"2026-10-07T05:51:25Z"}
{"level":"info","msg":"{\"ev\":\"req\",\"route\":\"submit\",\"status\":200,\"t\":1791352285938,\"ms\":24.8}","source":"console","time":"2026-10-07T05:51:25Z"}
{"level":"info","msg":"{\"ev\":\"accepted\",\"id\":\"e2bded0d-1110-49c7-a7df-6dc166ab13b9\",\"t\":1791352285938}","source":"console","time":"2026-10-07T05:51:25Z"}
{"level":"info","msg":"{\"ev\":\"req\",\"route\":\"problem_list\",\"status\":200,\"t\":1791352286019,\"ms\":3.7}","source":"console","time":"2026-10-07T05:51:26Z"}
{"level":"info","msg":"{\"ev\":\"req\",\"route\":\"problem_detail\",\"status\":200,\"t\":1791352286119,\"ms\":3.7}","source":"console","time":"2026-10-07T05:51:26Z"}
{"level":"info","msg":"{\"ev\":\"req\",\"route\":\"history\",\"status\":200,\"t\":1791352286220,\"ms\":5.5}","source":"console","time":"2026-10-07T05:51:26Z"}
{"level":"info","msg":"{\"ev\":\"req\",\"route\":\"problem_list\",\"status\":200,\"t\":1791352286319,\"ms\":3.3}","source":"console","time":"2026-10-07T05:51:26Z"}
{"level":"info","msg":"{\"ev\":\"req\",\"route\":\"problem_detail\",\"status\":200,\"t\":1791352286418,\"ms\":3.5}","source":"console","time":"2026-10-07T05:51:26Z"}
{"level":"info","msg":"{\"ev\":\"req\",\"route\":\"history\",\"status\":200,\"t\":1791352286520,\"ms\":5.2}","source":"console","time":"2026-10-07T05:51:26Z"}
{"level":"info","msg":"{\"ev\":\"req\",\"route\":\"problem_list\",\"status\":200,\"t\":1791352286622,\"ms\":7.3}","source":"console","time":"2026-10-07T05:51:26Z"}
{"level":"info","msg":"{\"ev\":\"req\",\"route\":\"problem_detail\",\"status\":200,\"t\":1791352286722,\"ms\":7.8}","source":"console","time":"2026-10-07T05:51:26Z"}
{"level":"info","msg":"{\"ev\":\"req\",\"route\":\"history\",\"status\":200,\"t\":1791352286823,\"ms\":8.9}","source":"console","time":"2026-10-07T05:51:26Z"}
{"level":"info","msg":"{\"ev\":\"req\",\"route\":\"problem_list\",\"status\":200,\"t\":1791352286923,\"ms\":8.4}","source":"console","time":"2026-10-07T05:51:26Z"}
{"level":"info","msg":"{\"ev\":\"req\",\"route\":\"problem_detail\",\"status\":200,\"t\":1791352287023,\"ms\":7.7}","source":"console","time":"2026-10-07T05:51:27Z"}
{"level":"info","msg":"{\"ev\":\"req\",\"route\":\"history\",\"status\":200,\"t\":1791352287126,\"ms\":10.4}","source":"console","time":"2026-10-07T05:51:27Z"}
{"level":"info","msg":"{\"ev\":\"req\",\"route\":\"problem_list\",\"status\":200,\"t\":1791352287224,\"ms\":9}","source":"console","time":"2026-10-07T05:51:27Z"}
{"level":"info","msg":"{\"ev\":\"req\",\"route\":\"problem_detail\",\"status\":200,\"t\":1791352287319,\"ms\":3.4}","source":"console","time":"2026-10-07T05:51:27Z"}
{"level":"info","msg":"{\"ev\":\"req\",\"route\":\"history\",\"status\":200,\"t\":1791352287425,\"ms\":9.4}","source":"console","time":"2026-10-07T05:51:27Z"}
{"level":"info","msg":"{\"ev\":\"req\",\"route\":\"problem_list\",\"status\":200,\"t\":1791352287518,\"ms\":3.3}","source":"console","time":"2026-10-07T05:51:27Z"}
{"level":"info","msg":"{\"ev\":\"req\",\"route\":\"submit\",\"status\":200,\"t\":1791352287604,\"ms\":24.8}","source":"console","time":"2026-10-07T05:51:27Z"}
{"level":"info","msg":"{\"ev\":\"accepted\",\"id\":\"c820d7ed-0543-4edc-b384-4eecb02b95e3\",\"t\":1791352287605}","source":"console","time":"2026-10-07T05:51:27Z"}
{"level":"info","msg":"{\"ev\":\"req\",\"route\":\"problem_detail\",\"status\":200,\"t\":1791352287618,\"ms\":3.3}","source":"console","time":"2026-10-07T05:51:27Z"}
{"level":"info","msg":"{\"ev\":\"req\",\"route\":\"history\",\"status\":200,\"t\":1791352287720,\"ms\":5.6}","source":"console","time":"2026-10-07T05:51:27Z"}
{"level":"info","msg":"{\"ev\":\"req\",\"route\":\"problem_list\",\"status\":200,\"t\":1791352287820,\"ms\":4.9}","source":"console","time":"2026-10-07T05:51:27Z"}
{"level":"info","msg":"{\"ev\":\"req\",\"route\":\"problem_detail\",\"status\":200,\"t\":1791352287919,\"ms\":4.2}","source":"console","time":"2026-10-07T05:51:27Z"}
{"level":"info","msg":"{\"ev\":\"req\",\"route\":\"history\",\"status\":200,\"t\":1791352288019,\"ms\":4.1}","source":"console","time":"2026-10-07T05:51:28Z"}
{"level":"info","msg":"{\"ev\":\"req\",\"route\":\"problem_list\",\"status\":200,\"t\":1791352288118,\"ms\":3}","source":"console","time":"2026-10-07T05:51:28Z"}
{"level":"info","msg":"{\"ev\":\"req\",\"route\":\"problem_detail\",\"status\":200,\"t\":1791352288222,\"ms\":6.7}","source":"console","time":"2026-10-07T05:51:28Z"}
{"level":"info","msg":"{\"ev\":\"req\",\"route\":\"history\",\"status\":200,\"t\":1791352288320,\"ms\":5.4}","source":"console","time":"2026-10-07T05:51:28Z"}
{"level":"info","msg":"{\"ev\":\"req\",\"route\":\"problem_list\",\"status\":200,\"t\":1791352288422,\"ms\":7.8}","source":"console","time":"2026-10-07T05:51:28Z"}
{"level":"info","msg":"{\"ev\":\"req\",\"route\":\"problem_detail\",\"status\":200,\"t\":1791352288523,\"ms\":7.9}","source":"console","time":"2026-10-07T05:51:28Z"}
{"level":"info","msg":"{\"ev\":\"req\",\"route\":\"history\",\"status\":200,\"t\":1791352288624,\"ms\":9.3}","source":"console","time":"2026-10-07T05:51:28Z"}
{"level":"info","msg":"{\"ev\":\"req\",\"route\":\"problem_list\",\"status\":200,\"t\":1791352288724,\"ms\":9.1}","source":"console","time":"2026-10-07T05:51:28Z"}
{"level":"info","msg":"{\"ev\":\"req\",\"route\":\"problem_detail\",\"status\":200,\"t\":1791352288818,\"ms\":3.1}","source":"console","time":"2026-10-07T05:51:28Z"}
{"level":"info","msg":"{\"ev\":\"req\",\"route\":\"history\",\"status\":200,\"t\":1791352288919,\"ms\":3.7}","source":"console","time":"2026-10-07T05:51:28Z"}
{"level":"info","msg":"{\"ev\":\"req\",\"route\":\"problem_list\",\"status\":200,\"t\":1791352289019,\"ms\":4.1}","source":"console","time":"2026-10-07T05:51:29Z"}
{"level":"info","msg":"{\"ev\":\"req\",\"route\":\"problem_detail\",\"status\":200,\"t\":1791352289119,\"ms\":4}","source":"console","time":"2026-10-07T05:51:29Z"}
{"level":"info","msg":"{\"ev\":\"req\",\"route\":\"history\",\"status\":200,\"t\":1791352289220,\"ms\":5.2}","source":"console","time":"2026-10-07T05:51:29Z"}
{"level":"info","msg":"{\"ev\":\"req\",\"route\":\"submit\",\"status\":200,\"t\":1791352289258,\"ms\":12.7}","source":"console","time":"2026-10-07T05:51:29Z"}
{"level":"info","msg":"{\"ev\":\"accepted\",\"id\":\"4b39f108-1122-4c98-8848-c7596de7031c\",\"t\":1791352289258}","source":"console","time":"2026-10-07T05:51:29Z"}
{"level":"info","msg":"{\"ev\":\"req\",\"route\":\"problem_list\",\"status\":200,\"t\":1791352289318,\"ms\":3.5}","source":"console","time":"2026-10-07T05:51:29Z"}
{"level":"info","msg":"{\"ev\":\"req\",\"route\":\"problem_detail\",\"status\":200,\"t\":1791352289419,\"ms\":3.7}","source":"console","time":"2026-10-07T05:51:29Z"}
{"level":"info","msg":"{\"ev\":\"req\",\"route\":\"history\",\"status\":200,\"t\":1791352289520,\"ms\":5.4}","source":"console","time":"2026-10-07T05:51:29Z"}
{"level":"info","msg":"{\"ev\":\"req\",\"route\":\"problem_list\",\"status\":200,\"t\":1791352289618,\"ms\":3.9}","source":"console","time":"2026-10-07T05:51:29Z"}
{"level":"info","msg":"{\"ev\":\"req\",\"route\":\"problem_detail\",\"status\":200,\"t\":1791352289718,\"ms\":3.2}","source":"console","time":"2026-10-07T05:51:29Z"}
{"level":"info","msg":"{\"ev\":\"req\",\"route\":\"history\",\"status\":200,\"t\":1791352289819,\"ms\":4.9}","source":"console","time":"2026-10-07T05:51:29Z"}
{"level":"info","msg":"{\"ev\":\"req\",\"route\":\"problem_list\",\"status\":200,\"t\":1791352289920,\"ms\":4.5}","source":"console","time":"2026-10-07T05:51:29Z"}
{"level":"info","msg":"{\"ev\":\"req\",\"route\":\"problem_detail\",\"status\":200,\"t\":1791352290018,\"ms\":2.9}","source":"console","time":"2026-10-07T05:51:30Z"}
{"level":"info","msg":"{\"ev\":\"req\",\"route\":\"history\",\"status\":200,\"t\":1791352290122,\"ms\":6.7}","source":"console","time":"2026-10-07T05:51:30Z"}
{"level":"info","msg":"{\"ev\":\"req\",\"route\":\"problem_list\",\"status\":200,\"t\":1791352290224,\"ms\":8.6}","source":"console","time":"2026-10-07T05:51:30Z"}
{"level":"info","msg":"{\"ev\":\"req\",\"route\":\"problem_detail\",\"status\":200,\"t\":1791352290322,\"ms\":7.4}","source":"console","time":"2026-10-07T05:51:30Z"}
{"level":"info","msg":"{\"ev\":\"req\",\"route\":\"history\",\"status\":200,\"t\":1791352290419,\"ms\":4}","source":"console","time":"2026-10-07T05:51:30Z"}
{"level":"info","msg":"{\"ev\":\"req\",\"route\":\"problem_list\",\"status\":200,\"t\":1791352290522,\"ms\":6.9}","source":"console","time":"2026-10-07T05:51:30Z"}
{"level":"info","msg":"{\"ev\":\"req\",\"route\":\"problem_detail\",\"status\":200,\"t\":1791352290620,\"ms\":5.5}","source":"console","time":"2026-10-07T05:51:30Z"}
{"level":"info","msg":"{\"ev\":\"req\",\"route\":\"history\",\"status\":200,\"t\":1791352290724,\"ms\":8.8}","source":"console","time":"2026-10-07T05:51:30Z"}
{"level":"info","msg":"{\"ev\":\"req\",\"route\":\"problem_list\",\"status\":200,\"t\":1791352290825,\"ms\":9.8}","source":"console","time":"2026-10-07T05:51:30Z"}
{"level":"info","msg":"{\"ev\":\"req\",\"route\":\"problem_detail\",\"status\":200,\"t\":1791352290920,\"ms\":5.8}","source":"console","time":"2026-10-07T05:51:30Z"}
{"level":"info","msg":"{\"ev\":\"req\",\"route\":\"submit\",\"status\":200,\"t\":1791352290931,\"ms\":18.7}","source":"console","time":"2026-10-07T05:51:30Z"}
{"level":"info","msg":"{\"ev\":\"accepted\",\"id\":\"6f0cb8b5-df0c-4e19-8803-6b18c6029010\",\"t\":1791352290931}","source":"console","time":"2026-10-07T05:51:30Z"}
{"level":"info","msg":"{\"ev\":\"req\",\"route\":\"history\",\"status\":200,\"t\":1791352291021,\"ms\":6.1}","source":"console","time":"2026-10-07T05:51:31Z"}
{"level":"info","msg":"{\"ev\":\"req\",\"route\":\"problem_list\",\"status\":200,\"t\":1791352291120,\"ms\":5.1}","source":"console","time":"2026-10-07T05:51:31Z"}
{"level":"info","msg":"{\"ev\":\"req\",\"route\":\"problem_detail\",\"status\":200,\"t\":1791352291218,\"ms\":4.3}","source":"console","time":"2026-10-07T05:51:31Z"}
{"level":"info","msg":"{\"ev\":\"req\",\"route\":\"history\",\"status\":200,\"t\":1791352291319,\"ms\":3.9}","source":"console","time":"2026-10-07T05:51:31Z"}
{"level":"info","msg":"{\"ev\":\"req\",\"route\":\"problem_list\",\"status\":200,\"t\":1791352291420,\"ms\":5.5}","source":"console","time":"2026-10-07T05:51:31Z"}
{"level":"info","msg":"{\"ev\":\"req\",\"route\":\"problem_detail\",\"status\":200,\"t\":1791352291523,\"ms\":7.9}","source":"console","time":"2026-10-07T05:51:31Z"}
{"level":"info","msg":"{\"ev\":\"req\",\"route\":\"history\",\"status\":200,\"t\":1791352291618,\"ms\":3.8}","source":"console","time":"2026-10-07T05:51:31Z"}
{"level":"info","msg":"{\"ev\":\"req\",\"route\":\"problem_list\",\"status\":200,\"t\":1791352291723,\"ms\":8.5}","source":"console","time":"2026-10-07T05:51:31Z"}
{"level":"info","msg":"{\"ev\":\"req\",\"route\":\"problem_detail\",\"status\":200,\"t\":1791352291822,\"ms\":7.1}","source":"console","time":"2026-10-07T05:51:31Z"}
{"level":"info","msg":"{\"ev\":\"req\",\"route\":\"history\",\"status\":200,\"t\":1791352291926,\"ms\":10.7}","source":"console","time":"2026-10-07T05:51:31Z"}
{"level":"info","msg":"{\"ev\":\"req\",\"route\":\"problem_list\",\"status\":200,\"t\":1791352292023,\"ms\":8.2}","source":"console","time":"2026-10-07T05:51:32Z"}
{"level":"info","msg":"{\"ev\":\"req\",\"route\":\"problem_detail\",\"status\":200,\"t\":1791352292123,\"ms\":7.7}","source":"console","time":"2026-10-07T05:51:32Z"}
{"level":"info","msg":"{\"ev\":\"req\",\"route\":\"history\",\"status\":200,\"t\":1791352292225,\"ms\":10.5}","source":"console","time":"2026-10-07T05:51:32Z"}
{"level":"info","msg":"{\"ev\":\"req\",\"route\":\"problem_list\",\"status\":200,\"t\":1791352292324,\"ms\":8.7}","source":"console","time":"2026-10-07T05:51:32Z"}
{"level":"info","msg":"{\"ev\":\"req\",\"route\":\"problem_detail\",\"status\":200,\"t\":1791352292422,\"ms\":8}","source":"console","time":"2026-10-07T05:51:32Z"}
{"level":"info","msg":"{\"ev\":\"req\",\"route\":\"history\",\"status\":200,\"t\":1791352292525,\"ms\":10.1}","source":"console","time":"2026-10-07T05:51:32Z"}
{"level":"info","msg":"{\"ev\":\"req\",\"route\":\"submit\",\"status\":200,\"t\":1791352292598,\"ms\":19.2}","source":"console","time":"2026-10-07T05:51:32Z"}
{"level":"info","msg":"{\"ev\":\"accepted\",\"id\":\"1ef3b1b6-a9dd-46b3-a26d-befd2a4663a6\",\"t\":1791352292598}","source":"console","time":"2026-10-07T05:51:32Z"}
{"level":"info","msg":"{\"ev\":\"req\",\"route\":\"problem_list\",\"status\":200,\"t\":1791352292618,\"ms\":3.8}","source":"console","time":"2026-10-07T05:51:32Z"}
{"level":"info","msg":"{\"ev\":\"req\",\"route\":\"problem_detail\",\"status\":200,\"t\":1791352292719,\"ms\":4.2}","source":"console","time":"2026-10-07T05:51:32Z"}
{"level":"info","msg":"{\"ev\":\"req\",\"route\":\"history\",\"status\":200,\"t\":1791352292819,\"ms\":4.2}","source":"console","time":"2026-10-07T05:51:32Z"}
{"level":"info","msg":"{\"ev\":\"req\",\"route\":\"problem_list\",\"status\":200,\"t\":1791352292918,\"ms\":3.6}","source":"console","time":"2026-10-07T05:51:32Z"}
{"level":"info","msg":"{\"ev\":\"req\",\"route\":\"problem_detail\",\"status\":200,\"t\":1791352293018,\"ms\":3.1}","source":"console","time":"2026-10-07T05:51:33Z"}
{"level":"info","msg":"{\"ev\":\"req\",\"route\":\"history\",\"status\":200,\"t\":1791352293119,\"ms\":4}","source":"console","time":"2026-10-07T05:51:33Z"}
{"level":"info","msg":"{\"ev\":\"req\",\"route\":\"problem_list\",\"status\":200,\"t\":1791352293218,\"ms\":3.5}","source":"console","time":"2026-10-07T05:51:33Z"}
{"level":"info","msg":"{\"ev\":\"req\",\"route\":\"problem_detail\",\"status\":200,\"t\":1791352293319,\"ms\":3.5}","source":"console","time":"2026-10-07T05:51:33Z"}
{"level":"info","msg":"{\"ev\":\"req\",\"route\":\"history\",\"status\":200,\"t\":1791352293424,\"ms\":9.3}","source":"console","time":"2026-10-07T05:51:33Z"}
{"level":"info","msg":"{\"ev\":\"req\",\"route\":\"problem_list\",\"status\":200,\"t\":1791352293523,\"ms\":8}","source":"console","time":"2026-10-07T05:51:33Z"}
{"level":"info","msg":"{\"ev\":\"req\",\"route\":\"problem_detail\",\"status\":200,\"t\":1791352293620,\"ms\":4.7}","source":"console","time":"2026-10-07T05:51:33Z"}
{"level":"info","msg":"{\"ev\":\"req\",\"route\":\"history\",\"status\":200,\"t\":1791352293718,\"ms\":3.9}","source":"console","time":"2026-10-07T05:51:33Z"}
{"level":"info","msg":"{\"ev\":\"req\",\"route\":\"problem_list\",\"status\":200,\"t\":1791352293819,\"ms\":4}","source":"console","time":"2026-10-07T05:51:33Z"}
{"level":"info","msg":"{\"ev\":\"req\",\"route\":\"problem_detail\",\"status\":200,\"t\":1791352293919,\"ms\":3.8}","source":"console","time":"2026-10-07T05:51:33Z"}
{"level":"info","msg":"{\"ev\":\"req\",\"route\":\"history\",\"status\":200,\"t\":1791352294022,\"ms\":7.5}","source":"console","time":"2026-10-07T05:51:34Z"}
{"level":"info","msg":"{\"ev\":\"req\",\"route\":\"problem_list\",\"status\":200,\"t\":1791352294118,\"ms\":3.6}","source":"console","time":"2026-10-07T05:51:34Z"}
{"level":"info","msg":"{\"ev\":\"req\",\"route\":\"problem_detail\",\"status\":200,\"t\":1791352294221,\"ms\":6.1}","source":"console","time":"2026-10-07T05:51:34Z"}
{"level":"info","msg":"{\"ev\":\"req\",\"route\":\"submit\",\"status\":200,\"t\":1791352294261,\"ms\":15.7}","source":"console","time":"2026-10-07T05:51:34Z"}
{"level":"info","msg":"{\"ev\":\"accepted\",\"id\":\"5ff92304-3a3e-453c-9978-f3eded091d7f\",\"t\":1791352294261}","source":"console","time":"2026-10-07T05:51:34Z"}
{"level":"info","msg":"{\"ev\":\"req\",\"route\":\"history\",\"status\":200,\"t\":1791352294321,\"ms\":6.2}","source":"console","time":"2026-10-07T05:51:34Z"}
{"level":"info","msg":"{\"ev\":\"req\",\"route\":\"problem_list\",\"status\":200,\"t\":1791352294420,\"ms\":5.3}","source":"console","time":"2026-10-07T05:51:34Z"}
{"level":"info","msg":"{\"ev\":\"req\",\"route\":\"problem_detail\",\"status\":200,\"t\":1791352294519,\"ms\":4}","source":"console","time":"2026-10-07T05:51:34Z"}
{"level":"info","msg":"{\"ev\":\"req\",\"route\":\"history\",\"status\":200,\"t\":1791352294620,\"ms\":5.1}","source":"console","time":"2026-10-07T05:51:34Z"}
{"level":"info","msg":"{\"ev\":\"req\",\"route\":\"problem_list\",\"status\":200,\"t\":1791352294720,\"ms\":4.4}","source":"console","time":"2026-10-07T05:51:34Z"}
{"level":"info","msg":"{\"ev\":\"req\",\"route\":\"problem_detail\",\"status\":200,\"t\":1791352294817,\"ms\":3.1}","source":"console","time":"2026-10-07T05:51:34Z"}
{"level":"info","msg":"{\"ev\":\"req\",\"route\":\"history\",\"status\":200,\"t\":1791352294919,\"ms\":3.7}","source":"console","time":"2026-10-07T05:51:34Z"}
{"level":"info","msg":"{\"ev\":\"req\",\"route\":\"problem_list\",\"status\":200,\"t\":1791352295024,\"ms\":9.3}","source":"console","time":"2026-10-07T05:51:35Z"}
{"level":"info","msg":"{\"ev\":\"req\",\"route\":\"problem_detail\",\"status\":200,\"t\":1791352295118,\"ms\":3.1}","source":"console","time":"2026-10-07T05:51:35Z"}
{"level":"info","msg":"{\"ev\":\"req\",\"route\":\"history\",\"status\":200,\"t\":1791352295225,\"ms\":9.7}","source":"console","time":"2026-10-07T05:51:35Z"}
{"level":"info","msg":"{\"ev\":\"req\",\"route\":\"problem_list\",\"status\":200,\"t\":1791352295323,\"ms\":7.7}","source":"console","time":"2026-10-07T05:51:35Z"}
{"level":"info","msg":"{\"ev\":\"req\",\"route\":\"problem_detail\",\"status\":200,\"t\":1791352295423,\"ms\":7.4}","source":"console","time":"2026-10-07T05:51:35Z"}
{"level":"info","msg":"{\"ev\":\"req\",\"route\":\"history\",\"status\":200,\"t\":1791352295526,\"ms\":10.3}","source":"console","time":"2026-10-07T05:51:35Z"}
{"level":"info","msg":"{\"ev\":\"req\",\"route\":\"problem_list\",\"status\":200,\"t\":1791352295623,\"ms\":8.4}","source":"console","time":"2026-10-07T05:51:35Z"}
{"level":"info","msg":"{\"ev\":\"req\",\"route\":\"problem_detail\",\"status\":200,\"t\":1791352295724,\"ms\":8.3}","source":"console","time":"2026-10-07T05:51:35Z"}
{"level":"info","msg":"{\"ev\":\"req\",\"route\":\"history\",\"status\":200,\"t\":1791352295825,\"ms\":10.3}","source":"console","time":"2026-10-07T05:51:35Z"}
{"level":"info","msg":"{\"ev\":\"req\",\"route\":\"problem_list\",\"status\":200,\"t\":1791352295924,\"ms\":8.7}","source":"console","time":"2026-10-07T05:51:35Z"}
{"level":"info","msg":"{\"ev\":\"req\",\"route\":\"submit\",\"status\":200,\"t\":1791352295939,\"ms\":26}","source":"console","time":"2026-10-07T05:51:35Z"}
{"level":"info","msg":"{\"ev\":\"accepted\",\"id\":\"e6ddefef-1f2e-468c-a70e-9f3ed8bf4672\",\"t\":1791352295939}","source":"console","time":"2026-10-07T05:51:35Z"}
{"level":"info","msg":"{\"ev\":\"req\",\"route\":\"problem_detail\",\"status\":200,\"t\":1791352296018,\"ms\":3.4}","source":"console","time":"2026-10-07T05:51:36Z"}
{"level":"info","msg":"{\"ev\":\"req\",\"route\":\"history\",\"status\":200,\"t\":1791352296120,\"ms\":5.2}","source":"console","time":"2026-10-07T05:51:36Z"}
{"level":"info","msg":"{\"ev\":\"req\",\"route\":\"problem_list\",\"status\":200,\"t\":1791352296219,\"ms\":3.6}","source":"console","time":"2026-10-07T05:51:36Z"}
{"level":"info","msg":"{\"ev\":\"req\",\"route\":\"problem_detail\",\"status\":200,\"t\":1791352296318,\"ms\":3.4}","source":"console","time":"2026-10-07T05:51:36Z"}
{"level":"info","msg":"{\"ev\":\"req\",\"route\":\"history\",\"status\":200,\"t\":1791352296420,\"ms\":4.9}","source":"console","time":"2026-10-07T05:51:36Z"}
{"level":"info","msg":"{\"ev\":\"req\",\"route\":\"problem_list\",\"status\":200,\"t\":1791352296517,\"ms\":3.1}","source":"console","time":"2026-10-07T05:51:36Z"}
{"level":"info","msg":"{\"ev\":\"req\",\"route\":\"problem_detail\",\"status\":200,\"t\":1791352296620,\"ms\":4.9}","source":"console","time":"2026-10-07T05:51:36Z"}
{"level":"info","msg":"{\"ev\":\"req\",\"route\":\"history\",\"status\":200,\"t\":1791352296725,\"ms\":10.4}","source":"console","time":"2026-10-07T05:51:36Z"}
{"level":"info","msg":"{\"ev\":\"req\",\"route\":\"problem_list\",\"status\":200,\"t\":1791352296818,\"ms\":3.5}","source":"console","time":"2026-10-07T05:51:36Z"}
{"level":"info","msg":"{\"ev\":\"req\",\"route\":\"problem_detail\",\"status\":200,\"t\":1791352296918,\"ms\":3.4}","source":"console","time":"2026-10-07T05:51:36Z"}
{"level":"info","msg":"{\"ev\":\"req\",\"route\":\"history\",\"status\":200,\"t\":1791352297019,\"ms\":4.5}","source":"console","time":"2026-10-07T05:51:37Z"}
{"level":"info","msg":"{\"ev\":\"req\",\"route\":\"problem_list\",\"status\":200,\"t\":1791352297123,\"ms\":8}","source":"console","time":"2026-10-07T05:51:37Z"}
{"level":"info","msg":"{\"ev\":\"req\",\"route\":\"problem_detail\",\"status\":200,\"t\":1791352297224,\"ms\":8.6}","source":"console","time":"2026-10-07T05:51:37Z"}
{"level":"info","msg":"{\"ev\":\"req\",\"route\":\"history\",\"status\":200,\"t\":1791352297324,\"ms\":8.6}","source":"console","time":"2026-10-07T05:51:37Z"}
{"level":"info","msg":"{\"ev\":\"req\",\"route\":\"problem_list\",\"status\":200,\"t\":1791352297424,\"ms\":8.8}","source":"console","time":"2026-10-07T05:51:37Z"}
{"level":"info","msg":"{\"ev\":\"req\",\"route\":\"problem_detail\",\"status\":200,\"t\":1791352297518,\"ms\":2.8}","source":"console","time":"2026-10-07T05:51:37Z"}
{"level":"info","msg":"{\"ev\":\"req\",\"route\":\"submit\",\"status\":200,\"t\":1791352297603,\"ms\":24.1}","source":"console","time":"2026-10-07T05:51:37Z"}
{"level":"info","msg":"{\"ev\":\"accepted\",\"id\":\"f5ef8d49-5a15-4539-b06d-4ad17b6c2675\",\"t\":1791352297604}","source":"console","time":"2026-10-07T05:51:37Z"}
{"level":"info","msg":"{\"ev\":\"req\",\"route\":\"history\",\"status\":200,\"t\":1791352297620,\"ms\":4.9}","source":"console","time":"2026-10-07T05:51:37Z"}
{"level":"info","msg":"{\"ev\":\"req\",\"route\":\"problem_list\",\"status\":200,\"t\":1791352297724,\"ms\":10.1}","source":"console","time":"2026-10-07T05:51:37Z"}
{"level":"info","msg":"{\"ev\":\"req\",\"route\":\"problem_detail\",\"status\":200,\"t\":1791352297820,\"ms\":4.5}","source":"console","time":"2026-10-07T05:51:37Z"}
{"level":"info","msg":"{\"ev\":\"req\",\"route\":\"history\",\"status\":200,\"t\":1791352297921,\"ms\":5.6}","source":"console","time":"2026-10-07T05:51:37Z"}
{"level":"info","msg":"{\"ev\":\"req\",\"route\":\"problem_list\",\"status\":200,\"t\":1791352298019,\"ms\":3.9}","source":"console","time":"2026-10-07T05:51:38Z"}
{"level":"info","msg":"{\"ev\":\"req\",\"route\":\"problem_detail\",\"status\":200,\"t\":1791352298118,\"ms\":3.4}","source":"console","time":"2026-10-07T05:51:38Z"}
{"level":"info","msg":"{\"ev\":\"req\",\"route\":\"history\",\"status\":200,\"t\":1791352298219,\"ms\":4.4}","source":"console","time":"2026-10-07T05:51:38Z"}
{"level":"info","msg":"{\"ev\":\"req\",\"route\":\"problem_list\",\"status\":200,\"t\":1791352298324,\"ms\":8.2}","source":"console","time":"2026-10-07T05:51:38Z"}
{"level":"info","msg":"{\"ev\":\"req\",\"route\":\"problem_detail\",\"status\":200,\"t\":1791352298423,\"ms\":7.5}","source":"console","time":"2026-10-07T05:51:38Z"}
{"level":"info","msg":"{\"ev\":\"req\",\"route\":\"history\",\"status\":200,\"t\":1791352298520,\"ms\":4.3}","source":"console","time":"2026-10-07T05:51:38Z"}
{"level":"info","msg":"{\"ev\":\"req\",\"route\":\"problem_list\",\"status\":200,\"t\":1791352298623,\"ms\":8.1}","source":"console","time":"2026-10-07T05:51:38Z"}
{"level":"info","msg":"{\"ev\":\"req\",\"route\":\"problem_detail\",\"status\":200,\"t\":1791352298723,\"ms\":7.8}","source":"console","time":"2026-10-07T05:51:38Z"}
{"level":"info","msg":"{\"ev\":\"req\",\"route\":\"history\",\"status\":200,\"t\":1791352298820,\"ms\":4.3}","source":"console","time":"2026-10-07T05:51:38Z"}
{"level":"info","msg":"{\"ev\":\"req\",\"route\":\"problem_list\",\"status\":200,\"t\":1791352298920,\"ms\":4.7}","source":"console","time":"2026-10-07T05:51:38Z"}
{"level":"info","msg":"{\"ev\":\"req\",\"route\":\"problem_detail\",\"status\":200,\"t\":1791352299019,\"ms\":4.1}","source":"console","time":"2026-10-07T05:51:39Z"}
{"level":"info","msg":"{\"ev\":\"req\",\"route\":\"history\",\"status\":200,\"t\":1791352299124,\"ms\":9.4}","source":"console","time":"2026-10-07T05:51:39Z"}
{"level":"info","msg":"{\"ev\":\"req\",\"route\":\"problem_list\",\"status\":200,\"t\":1791352299218,\"ms\":3.3}","source":"console","time":"2026-10-07T05:51:39Z"}
{"level":"info","msg":"{\"ev\":\"req\",\"route\":\"submit\",\"status\":200,\"t\":1791352299257,\"ms\":11.6}","source":"console","time":"2026-10-07T05:51:39Z"}
{"level":"info","msg":"{\"ev\":\"accepted\",\"id\":\"ff4cb541-a1fc-4b8d-b729-0b97a6e54fc5\",\"t\":1791352299257}","source":"console","time":"2026-10-07T05:51:39Z"}
{"level":"info","msg":"{\"ev\":\"req\",\"route\":\"problem_detail\",\"status\":200,\"t\":1791352299318,\"ms\":3.6}","source":"console","time":"2026-10-07T05:51:39Z"}
{"level":"info","msg":"{\"ev\":\"req\",\"route\":\"history\",\"status\":200,\"t\":1791352299421,\"ms\":5.5}","source":"console","time":"2026-10-07T05:51:39Z"}
{"level":"info","msg":"{\"ev\":\"req\",\"route\":\"problem_list\",\"status\":200,\"t\":1791352299519,\"ms\":4.6}","source":"console","time":"2026-10-07T05:51:39Z"}
{"level":"info","msg":"{\"ev\":\"req\",\"route\":\"problem_detail\",\"status\":200,\"t\":1791352299618,\"ms\":3.3}","source":"console","time":"2026-10-07T05:51:39Z"}
{"level":"info","msg":"{\"ev\":\"req\",\"route\":\"history\",\"status\":200,\"t\":1791352299719,\"ms\":4}","source":"console","time":"2026-10-07T05:51:39Z"}
{"level":"info","msg":"{\"ev\":\"req\",\"route\":\"problem_list\",\"status\":200,\"t\":1791352299818,\"ms\":3.5}","source":"console","time":"2026-10-07T05:51:39Z"}
{"level":"info","msg":"{\"ev\":\"req\",\"route\":\"problem_detail\",\"status\":200,\"t\":1791352299918,\"ms\":3.3}","source":"console","time":"2026-10-07T05:51:39Z"}
{"level":"info","msg":"{\"ev\":\"req\",\"route\":\"history\",\"status\":200,\"t\":1791352300020,\"ms\":5.2}","source":"console","time":"2026-10-07T05:51:40Z"}
{"level":"info","msg":"{\"ev\":\"req\",\"route\":\"problem_list\",\"status\":200,\"t\":1791352300119,\"ms\":4.4}","source":"console","time":"2026-10-07T05:51:40Z"}
{"level":"info","msg":"{\"ev\":\"req\",\"route\":\"problem_detail\",\"status\":200,\"t\":1791352300219,\"ms\":4.1}","source":"console","time":"2026-10-07T05:51:40Z"}
{"level":"info","msg":"{\"ev\":\"req\",\"route\":\"history\",\"status\":200,\"t\":1791352300321,\"ms\":5.5}","source":"console","time":"2026-10-07T05:51:40Z"}
{"level":"info","msg":"{\"ev\":\"req\",\"route\":\"problem_list\",\"status\":200,\"t\":1791352300420,\"ms\":4.6}","source":"console","time":"2026-10-07T05:51:40Z"}
{"level":"info","msg":"{\"ev\":\"req\",\"route\":\"problem_detail\",\"status\":200,\"t\":1791352300519,\"ms\":4.7}","source":"console","time":"2026-10-07T05:51:40Z"}
{"level":"info","msg":"{\"ev\":\"req\",\"route\":\"history\",\"status\":200,\"t\":1791352300620,\"ms\":5}","source":"console","time":"2026-10-07T05:51:40Z"}
{"level":"info","msg":"{\"ev\":\"req\",\"route\":\"problem_list\",\"status\":200,\"t\":1791352300718,\"ms\":3}","source":"console","time":"2026-10-07T05:51:40Z"}
{"level":"info","msg":"{\"ev\":\"req\",\"route\":\"problem_detail\",\"status\":200,\"t\":1791352300817,\"ms\":3}","source":"console","time":"2026-10-07T05:51:40Z"}
{"level":"info","msg":"{\"ev\":\"req\",\"route\":\"history\",\"status\":200,\"t\":1791352300918,\"ms\":4.2}","source":"console","time":"2026-10-07T05:51:40Z"}
{"level":"info","msg":"{\"ev\":\"req\",\"route\":\"submit\",\"status\":200,\"t\":1791352300929,\"ms\":16.8}","source":"console","time":"2026-10-07T05:51:40Z"}
{"level":"info","msg":"{\"ev\":\"accepted\",\"id\":\"3f8f85d7-a78b-4440-be58-870f63a0f874\",\"t\":1791352300929}","source":"console","time":"2026-10-07T05:51:40Z"}
{"level":"info","msg":"{\"ev\":\"req\",\"route\":\"problem_list\",\"status\":200,\"t\":1791352301021,\"ms\":5.9}","source":"console","time":"2026-10-07T05:51:41Z"}
{"level":"info","msg":"{\"ev\":\"req\",\"route\":\"problem_detail\",\"status\":200,\"t\":1791352301119,\"ms\":4.3}","source":"console","time":"2026-10-07T05:51:41Z"}
{"level":"info","msg":"{\"ev\":\"req\",\"route\":\"history\",\"status\":200,\"t\":1791352301220,\"ms\":5.5}","source":"console","time":"2026-10-07T05:51:41Z"}
{"level":"info","msg":"{\"ev\":\"req\",\"route\":\"problem_list\",\"status\":200,\"t\":1791352301318,\"ms\":3.9}","source":"console","time":"2026-10-07T05:51:41Z"}
{"level":"info","msg":"{\"ev\":\"req\",\"route\":\"problem_detail\",\"status\":200,\"t\":1791352301418,\"ms\":3}","source":"console","time":"2026-10-07T05:51:41Z"}
{"level":"info","msg":"{\"ev\":\"req\",\"route\":\"history\",\"status\":200,\"t\":1791352301524,\"ms\":8.5}","source":"console","time":"2026-10-07T05:51:41Z"}
{"level":"info","msg":"{\"ev\":\"req\",\"route\":\"problem_list\",\"status\":200,\"t\":1791352301622,\"ms\":7.6}","source":"console","time":"2026-10-07T05:51:41Z"}
{"level":"info","msg":"{\"ev\":\"req\",\"route\":\"problem_detail\",\"status\":200,\"t\":1791352301720,\"ms\":5.1}","source":"console","time":"2026-10-07T05:51:41Z"}
{"level":"info","msg":"{\"ev\":\"req\",\"route\":\"history\",\"status\":200,\"t\":1791352301825,\"ms\":9.8}","source":"console","time":"2026-10-07T05:51:41Z"}
{"level":"info","msg":"{\"ev\":\"req\",\"route\":\"problem_list\",\"status\":200,\"t\":1791352301922,\"ms\":8}","source":"console","time":"2026-10-07T05:51:41Z"}
{"level":"info","msg":"{\"ev\":\"req\",\"route\":\"problem_detail\",\"status\":200,\"t\":1791352302024,\"ms\":9.1}","source":"console","time":"2026-10-07T05:51:42Z"}
{"level":"info","msg":"{\"ev\":\"req\",\"route\":\"history\",\"status\":200,\"t\":1791352302126,\"ms\":11.2}","source":"console","time":"2026-10-07T05:51:42Z"}
{"level":"info","msg":"{\"ev\":\"req\",\"route\":\"problem_list\",\"status\":200,\"t\":1791352302222,\"ms\":8}","source":"console","time":"2026-10-07T05:51:42Z"}
{"level":"info","msg":"{\"ev\":\"req\",\"route\":\"problem_detail\",\"status\":200,\"t\":1791352302324,\"ms\":8.2}","source":"console","time":"2026-10-07T05:51:42Z"}
{"level":"info","msg":"{\"ev\":\"req\",\"route\":\"history\",\"status\":200,\"t\":1791352302425,\"ms\":10.2}","source":"console","time":"2026-10-07T05:51:42Z"}
{"level":"info","msg":"{\"ev\":\"req\",\"route\":\"problem_list\",\"status\":200,\"t\":1791352302523,\"ms\":8.6}","source":"console","time":"2026-10-07T05:51:42Z"}
{"level":"info","msg":"{\"ev\":\"req\",\"route\":\"submit\",\"status\":200,\"t\":1791352302591,\"ms\":12.1}","source":"console","time":"2026-10-07T05:51:42Z"}
{"level":"info","msg":"{\"ev\":\"accepted\",\"id\":\"7bca071f-fbe8-4c4b-9331-d91fc5d7b615\",\"t\":1791352302591}","source":"console","time":"2026-10-07T05:51:42Z"}
{"level":"info","msg":"{\"ev\":\"req\",\"route\":\"problem_detail\",\"status\":200,\"t\":1791352302619,\"ms\":3.9}","source":"console","time":"2026-10-07T05:51:42Z"}
{"level":"info","msg":"{\"ev\":\"req\",\"route\":\"history\",\"status\":200,\"t\":1791352302720,\"ms\":4.6}","source":"console","time":"2026-10-07T05:51:42Z"}
{"level":"info","msg":"{\"ev\":\"req\",\"route\":\"problem_list\",\"status\":200,\"t\":1791352302818,\"ms\":3.6}","source":"console","time":"2026-10-07T05:51:42Z"}
{"level":"info","msg":"{\"ev\":\"req\",\"route\":\"problem_detail\",\"status\":200,\"t\":1791352302918,\"ms\":3.3}","source":"console","time":"2026-10-07T05:51:42Z"}
{"level":"info","msg":"{\"ev\":\"req\",\"route\":\"history\",\"status\":200,\"t\":1791352303019,\"ms\":4.2}","source":"console","time":"2026-10-07T05:51:43Z"}
{"level":"info","msg":"{\"ev\":\"req\",\"route\":\"problem_list\",\"status\":200,\"t\":1791352303119,\"ms\":3.9}","source":"console","time":"2026-10-07T05:51:43Z"}
{"level":"info","msg":"{\"ev\":\"req\",\"route\":\"problem_detail\",\"status\":200,\"t\":1791352303220,\"ms\":5.3}","source":"console","time":"2026-10-07T05:51:43Z"}
{"level":"info","msg":"{\"ev\":\"req\",\"route\":\"history\",\"status\":200,\"t\":1791352303324,\"ms\":8.8}","source":"console","time":"2026-10-07T05:51:43Z"}
{"level":"info","msg":"{\"ev\":\"req\",\"route\":\"problem_list\",\"status\":200,\"t\":1791352303422,\"ms\":7.5}","source":"console","time":"2026-10-07T05:51:43Z"}
{"level":"info","msg":"{\"ev\":\"req\",\"route\":\"problem_detail\",\"status\":200,\"t\":1791352303524,\"ms\":8.5}","source":"console","time":"2026-10-07T05:51:43Z"}
{"level":"info","msg":"{\"ev\":\"req\",\"route\":\"history\",\"status\":200,\"t\":1791352303624,\"ms\":9.2}","source":"console","time":"2026-10-07T05:51:43Z"}
{"level":"info","msg":"{\"ev\":\"req\",\"route\":\"problem_list\",\"status\":200,\"t\":1791352303718,\"ms\":3.3}","source":"console","time":"2026-10-07T05:51:43Z"}
{"level":"info","msg":"{\"ev\":\"req\",\"route\":\"problem_detail\",\"status\":200,\"t\":1791352303823,\"ms\":8.2}","source":"console","time":"2026-10-07T05:51:43Z"}
{"level":"info","msg":"{\"ev\":\"req\",\"route\":\"history\",\"status\":200,\"t\":1791352303926,\"ms\":10.6}","source":"console","time":"2026-10-07T05:51:43Z"}
{"level":"info","msg":"{\"ev\":\"req\",\"route\":\"problem_list\",\"status\":200,\"t\":1791352304023,\"ms\":8.1}","source":"console","time":"2026-10-07T05:51:44Z"}
{"level":"info","msg":"{\"ev\":\"req\",\"route\":\"problem_detail\",\"status\":200,\"t\":1791352304122,\"ms\":7.1}","source":"console","time":"2026-10-07T05:51:44Z"}
{"level":"info","msg":"{\"ev\":\"req\",\"route\":\"history\",\"status\":200,\"t\":1791352304225,\"ms\":10.4}","source":"console","time":"2026-10-07T05:51:44Z"}
{"level":"info","msg":"{\"ev\":\"req\",\"route\":\"submit\",\"status\":200,\"t\":1791352304277,\"ms\":30.4}","source":"console","time":"2026-10-07T05:51:44Z"}
{"level":"info","msg":"{\"ev\":\"accepted\",\"id\":\"862abcfb-2790-47d5-b6c6-410823534921\",\"t\":1791352304277}","source":"console","time":"2026-10-07T05:51:44Z"}
{"level":"info","msg":"{\"ev\":\"req\",\"route\":\"problem_list\",\"status\":200,\"t\":1791352304318,\"ms\":3.3}","source":"console","time":"2026-10-07T05:51:44Z"}
{"level":"info","msg":"{\"ev\":\"req\",\"route\":\"problem_detail\",\"status\":200,\"t\":1791352304426,\"ms\":11.6}","source":"console","time":"2026-10-07T05:51:44Z"}
{"level":"info","msg":"{\"ev\":\"req\",\"route\":\"history\",\"status\":200,\"t\":1791352304523,\"ms\":8.1}","source":"console","time":"2026-10-07T05:51:44Z"}
{"level":"info","msg":"{\"ev\":\"req\",\"route\":\"problem_list\",\"status\":200,\"t\":1791352304619,\"ms\":3.8}","source":"console","time":"2026-10-07T05:51:44Z"}
{"level":"info","msg":"{\"ev\":\"req\",\"route\":\"problem_detail\",\"status\":200,\"t\":1791352304719,\"ms\":3.7}","source":"console","time":"2026-10-07T05:51:44Z"}
{"level":"info","msg":"{\"ev\":\"req\",\"route\":\"history\",\"status\":200,\"t\":1791352304818,\"ms\":4}","source":"console","time":"2026-10-07T05:51:44Z"}
{"level":"info","msg":"{\"ev\":\"req\",\"route\":\"problem_list\",\"status\":200,\"t\":1791352304920,\"ms\":4.5}","source":"console","time":"2026-10-07T05:51:44Z"}
{"level":"info","msg":"{\"ev\":\"req\",\"route\":\"problem_detail\",\"status\":200,\"t\":1791352305018,\"ms\":3}","source":"console","time":"2026-10-07T05:51:45Z"}
{"level":"info","msg":"{\"ev\":\"req\",\"route\":\"history\",\"status\":200,\"t\":1791352305124,\"ms\":8.9}","source":"console","time":"2026-10-07T05:51:45Z"}
{"level":"info","msg":"{\"ev\":\"req\",\"route\":\"problem_list\",\"status\":200,\"t\":1791352305223,\"ms\":7.9}","source":"console","time":"2026-10-07T05:51:45Z"}
{"level":"info","msg":"{\"ev\":\"req\",\"route\":\"problem_detail\",\"status\":200,\"t\":1791352305325,\"ms\":9.3}","source":"console","time":"2026-10-07T05:51:45Z"}
{"level":"info","msg":"{\"ev\":\"req\",\"route\":\"history\",\"status\":200,\"t\":1791352305424,\"ms\":9.3}","source":"console","time":"2026-10-07T05:51:45Z"}
{"level":"info","msg":"{\"ev\":\"req\",\"route\":\"problem_list\",\"status\":200,\"t\":1791352305524,\"ms\":8.6}","source":"console","time":"2026-10-07T05:51:45Z"}
{"level":"info","msg":"{\"ev\":\"req\",\"route\":\"problem_detail\",\"status\":200,\"t\":1791352305623,\"ms\":7.8}","source":"console","time":"2026-10-07T05:51:45Z"}
{"level":"info","msg":"{\"ev\":\"req\",\"route\":\"history\",\"status\":200,\"t\":1791352305723,\"ms\":8.2}","source":"console","time":"2026-10-07T05:51:45Z"}
{"level":"info","msg":"{\"ev\":\"req\",\"route\":\"problem_list\",\"status\":200,\"t\":1791352305817,\"ms\":2.8}","source":"console","time":"2026-10-07T05:51:45Z"}
{"level":"info","msg":"{\"ev\":\"req\",\"route\":\"problem_detail\",\"status\":200,\"t\":1791352305922,\"ms\":7.1}","source":"console","time":"2026-10-07T05:51:45Z"}
{"level":"info","msg":"{\"ev\":\"req\",\"route\":\"submit\",\"status\":200,\"t\":1791352305935,\"ms\":21.8}","source":"console","time":"2026-10-07T05:51:45Z"}
{"level":"info","msg":"{\"ev\":\"accepted\",\"id\":\"e4ed0b10-e9dc-46f0-a687-8208c8c16132\",\"t\":1791352305935}","source":"console","time":"2026-10-07T05:51:45Z"}
{"level":"info","msg":"{\"ev\":\"req\",\"route\":\"history\",\"status\":200,\"t\":1791352306019,\"ms\":4.3}","source":"console","time":"2026-10-07T05:51:46Z"}
{"level":"info","msg":"{\"ev\":\"req\",\"route\":\"problem_list\",\"status\":200,\"t\":1791352306118,\"ms\":3.4}","source":"console","time":"2026-10-07T05:51:46Z"}
{"level":"info","msg":"{\"ev\":\"req\",\"route\":\"problem_detail\",\"status\":200,\"t\":1791352306218,\"ms\":3.3}","source":"console","time":"2026-10-07T05:51:46Z"}
{"level":"info","msg":"{\"ev\":\"req\",\"route\":\"history\",\"status\":200,\"t\":1791352306319,\"ms\":4.5}","source":"console","time":"2026-10-07T05:51:46Z"}
{"level":"info","msg":"{\"ev\":\"req\",\"route\":\"problem_list\",\"status\":200,\"t\":1791352306419,\"ms\":3.5}","source":"console","time":"2026-10-07T05:51:46Z"}
{"level":"info","msg":"{\"ev\":\"req\",\"route\":\"problem_detail\",\"status\":200,\"t\":1791352306518,\"ms\":3.1}","source":"console","time":"2026-10-07T05:51:46Z"}
{"level":"info","msg":"{\"ev\":\"req\",\"route\":\"history\",\"status\":200,\"t\":1791352306623,\"ms\":7.7}","source":"console","time":"2026-10-07T05:51:46Z"}
{"level":"info","msg":"{\"ev\":\"req\",\"route\":\"problem_list\",\"status\":200,\"t\":1791352306723,\"ms\":7.9}","source":"console","time":"2026-10-07T05:51:46Z"}
{"level":"info","msg":"{\"ev\":\"req\",\"route\":\"problem_detail\",\"status\":200,\"t\":1791352306823,\"ms\":8.1}","source":"console","time":"2026-10-07T05:51:46Z"}
{"level":"info","msg":"{\"ev\":\"req\",\"route\":\"history\",\"status\":200,\"t\":1791352306926,\"ms\":10.6}","source":"console","time":"2026-10-07T05:51:46Z"}
{"level":"info","msg":"{\"ev\":\"req\",\"route\":\"problem_list\",\"status\":200,\"t\":1791352307024,\"ms\":8.6}","source":"console","time":"2026-10-07T05:51:47Z"}
{"level":"info","msg":"{\"ev\":\"req\",\"route\":\"problem_detail\",\"status\":200,\"t\":1791352307123,\"ms\":8.3}","source":"console","time":"2026-10-07T05:51:47Z"}
{"level":"info","msg":"{\"ev\":\"req\",\"route\":\"history\",\"status\":200,\"t\":1791352307225,\"ms\":9.6}","source":"console","time":"2026-10-07T05:51:47Z"}
{"level":"info","msg":"{\"ev\":\"req\",\"route\":\"problem_list\",\"status\":200,\"t\":1791352307322,\"ms\":7.4}","source":"console","time":"2026-10-07T05:51:47Z"}
{"level":"info","msg":"{\"ev\":\"req\",\"route\":\"problem_detail\",\"status\":200,\"t\":1791352307423,\"ms\":8.4}","source":"console","time":"2026-10-07T05:51:47Z"}
{"level":"info","msg":"{\"ev\":\"req\",\"route\":\"history\",\"status\":200,\"t\":1791352307524,\"ms\":9.2}","source":"console","time":"2026-10-07T05:51:47Z"}
{"level":"info","msg":"{\"ev\":\"req\",\"route\":\"submit\",\"status\":200,\"t\":1791352307590,\"ms\":10.5}","source":"console","time":"2026-10-07T05:51:47Z"}
{"level":"info","msg":"{\"ev\":\"accepted\",\"id\":\"36aeabae-9980-4e2a-ae9c-f86166b89b4a\",\"t\":1791352307590}","source":"console","time":"2026-10-07T05:51:47Z"}
{"level":"info","msg":"{\"ev\":\"req\",\"route\":\"problem_list\",\"status\":200,\"t\":1791352307618,\"ms\":3.4}","source":"console","time":"2026-10-07T05:51:47Z"}
{"level":"info","msg":"{\"ev\":\"req\",\"route\":\"problem_detail\",\"status\":200,\"t\":1791352307720,\"ms\":5.2}","source":"console","time":"2026-10-07T05:51:47Z"}
{"level":"info","msg":"{\"ev\":\"req\",\"route\":\"history\",\"status\":200,\"t\":1791352307822,\"ms\":6.7}","source":"console","time":"2026-10-07T05:51:47Z"}
{"level":"info","msg":"{\"ev\":\"req\",\"route\":\"problem_list\",\"status\":200,\"t\":1791352307919,\"ms\":4.4}","source":"console","time":"2026-10-07T05:51:47Z"}
{"level":"info","msg":"{\"ev\":\"req\",\"route\":\"problem_detail\",\"status\":200,\"t\":1791352308018,\"ms\":3.4}","source":"console","time":"2026-10-07T05:51:48Z"}
{"level":"info","msg":"{\"ev\":\"req\",\"route\":\"history\",\"status\":200,\"t\":1791352308118,\"ms\":3.7}","source":"console","time":"2026-10-07T05:51:48Z"}
{"level":"info","msg":"{\"ev\":\"req\",\"route\":\"problem_list\",\"status\":200,\"t\":1791352308223,\"ms\":7.8}","source":"console","time":"2026-10-07T05:51:48Z"}
{"level":"info","msg":"{\"ev\":\"req\",\"route\":\"problem_detail\",\"status\":200,\"t\":1791352308323,\"ms\":7.4}","source":"console","time":"2026-10-07T05:51:48Z"}
{"level":"info","msg":"{\"ev\":\"req\",\"route\":\"history\",\"status\":200,\"t\":1791352308418,\"ms\":3.9}","source":"console","time":"2026-10-07T05:51:48Z"}
{"level":"info","msg":"{\"ev\":\"req\",\"route\":\"problem_list\",\"status\":200,\"t\":1791352308524,\"ms\":8.6}","source":"console","time":"2026-10-07T05:51:48Z"}
{"level":"info","msg":"{\"ev\":\"req\",\"route\":\"problem_detail\",\"status\":200,\"t\":1791352308623,\"ms\":8}","source":"console","time":"2026-10-07T05:51:48Z"}
{"level":"info","msg":"{\"ev\":\"req\",\"route\":\"history\",\"status\":200,\"t\":1791352308719,\"ms\":4.3}","source":"console","time":"2026-10-07T05:51:48Z"}
{"level":"info","msg":"{\"ev\":\"req\",\"route\":\"problem_list\",\"status\":200,\"t\":1791352308818,\"ms\":3}","source":"console","time":"2026-10-07T05:51:48Z"}
{"level":"info","msg":"{\"ev\":\"req\",\"route\":\"problem_detail\",\"status\":200,\"t\":1791352308923,\"ms\":7.8}","source":"console","time":"2026-10-07T05:51:48Z"}
{"level":"info","msg":"{\"ev\":\"req\",\"route\":\"history\",\"status\":200,\"t\":1791352309024,\"ms\":8.6}","source":"console","time":"2026-10-07T05:51:49Z"}
{"level":"info","msg":"{\"ev\":\"req\",\"route\":\"problem_list\",\"status\":200,\"t\":1791352309118,\"ms\":2.9}","source":"console","time":"2026-10-07T05:51:49Z"}
{"level":"info","msg":"{\"ev\":\"req\",\"route\":\"problem_detail\",\"status\":200,\"t\":1791352309222,\"ms\":7.3}","source":"console","time":"2026-10-07T05:51:49Z"}
{"level":"info","msg":"{\"ev\":\"req\",\"route\":\"submit\",\"status\":200,\"t\":1791352309266,\"ms\":20.4}","source":"console","time":"2026-10-07T05:51:49Z"}
{"level":"info","msg":"{\"ev\":\"accepted\",\"id\":\"ea2997e7-4688-44c4-a07b-43a8aef21f03\",\"t\":1791352309266}","source":"console","time":"2026-10-07T05:51:49Z"}
{"level":"info","msg":"{\"ev\":\"req\",\"route\":\"history\",\"status\":200,\"t\":1791352309319,\"ms\":4.5}","source":"console","time":"2026-10-07T05:51:49Z"}
{"level":"info","msg":"{\"ev\":\"req\",\"route\":\"problem_list\",\"status\":200,\"t\":1791352309418,\"ms\":3.8}","source":"console","time":"2026-10-07T05:51:49Z"}
{"level":"info","msg":"{\"ev\":\"req\",\"route\":\"problem_detail\",\"status\":200,\"t\":1791352309519,\"ms\":4}","source":"console","time":"2026-10-07T05:51:49Z"}
{"level":"info","msg":"{\"ev\":\"req\",\"route\":\"history\",\"status\":200,\"t\":1791352309618,\"ms\":4.1}","source":"console","time":"2026-10-07T05:51:49Z"}
{"level":"info","msg":"{\"ev\":\"req\",\"route\":\"problem_list\",\"status\":200,\"t\":1791352309718,\"ms\":3.8}","source":"console","time":"2026-10-07T05:51:49Z"}
{"level":"info","msg":"{\"ev\":\"req\",\"route\":\"problem_detail\",\"status\":200,\"t\":1791352309819,\"ms\":3.6}","source":"console","time":"2026-10-07T05:51:49Z"}
{"level":"info","msg":"{\"ev\":\"req\",\"route\":\"history\",\"status\":200,\"t\":1791352309919,\"ms\":4.7}","source":"console","time":"2026-10-07T05:51:49Z"}
{"level":"info","msg":"{\"ev\":\"req\",\"route\":\"problem_list\",\"status\":200,\"t\":1791352310022,\"ms\":7.2}","source":"console","time":"2026-10-07T05:51:50Z"}
{"level":"info","msg":"{\"ev\":\"req\",\"route\":\"problem_detail\",\"status\":200,\"t\":1791352310119,\"ms\":3.9}","source":"console","time":"2026-10-07T05:51:50Z"}
{"level":"info","msg":"{\"ev\":\"req\",\"route\":\"history\",\"status\":200,\"t\":1791352310218,\"ms\":3.6}","source":"console","time":"2026-10-07T05:51:50Z"}
{"level":"info","msg":"{\"ev\":\"req\",\"route\":\"problem_list\",\"status\":200,\"t\":1791352310320,\"ms\":5.1}","source":"console","time":"2026-10-07T05:51:50Z"}
{"level":"info","msg":"{\"ev\":\"req\",\"route\":\"problem_detail\",\"status\":200,\"t\":1791352310422,\"ms\":7.5}","source":"console","time":"2026-10-07T05:51:50Z"}
{"level":"info","msg":"{\"ev\":\"req\",\"route\":\"history\",\"status\":200,\"t\":1791352310527,\"ms\":11.2}","source":"console","time":"2026-10-07T05:51:50Z"}
{"level":"info","msg":"{\"ev\":\"req\",\"route\":\"problem_list\",\"status\":200,\"t\":1791352310623,\"ms\":8.2}","source":"console","time":"2026-10-07T05:51:50Z"}
{"level":"info","msg":"{\"ev\":\"req\",\"route\":\"problem_detail\",\"status\":200,\"t\":1791352310723,\"ms\":7.5}","source":"console","time":"2026-10-07T05:51:50Z"}
{"level":"info","msg":"{\"ev\":\"req\",\"route\":\"history\",\"status\":200,\"t\":1791352310825,\"ms\":9.8}","source":"console","time":"2026-10-07T05:51:50Z"}
{"level":"info","msg":"{\"ev\":\"req\",\"route\":\"problem_list\",\"status\":200,\"t\":1791352310923,\"ms\":8.1}","source":"console","time":"2026-10-07T05:51:50Z"}
{"level":"info","msg":"{\"ev\":\"req\",\"route\":\"submit\",\"status\":200,\"t\":1791352310936,\"ms\":23.9}","source":"console","time":"2026-10-07T05:51:50Z"}
{"level":"info","msg":"{\"ev\":\"accepted\",\"id\":\"8b9050d2-862b-482f-845f-fcf15a4edc62\",\"t\":1791352310936}","source":"console","time":"2026-10-07T05:51:50Z"}
{"level":"info","msg":"{\"ev\":\"req\",\"route\":\"problem_detail\",\"status\":200,\"t\":1791352311024,\"ms\":9.1}","source":"console","time":"2026-10-07T05:51:51Z"}
{"level":"info","msg":"{\"ev\":\"req\",\"route\":\"history\",\"status\":200,\"t\":1791352311124,\"ms\":9}","source":"console","time":"2026-10-07T05:51:51Z"}
{"level":"info","msg":"{\"ev\":\"req\",\"route\":\"problem_list\",\"status\":200,\"t\":1791352311220,\"ms\":5.3}","source":"console","time":"2026-10-07T05:51:51Z"}
{"level":"info","msg":"{\"ev\":\"req\",\"route\":\"problem_detail\",\"status\":200,\"t\":1791352311319,\"ms\":4.4}","source":"console","time":"2026-10-07T05:51:51Z"}
{"level":"info","msg":"{\"ev\":\"req\",\"route\":\"history\",\"status\":200,\"t\":1791352311419,\"ms\":5.1}","source":"console","time":"2026-10-07T05:51:51Z"}
{"level":"info","msg":"{\"ev\":\"req\",\"route\":\"problem_list\",\"status\":200,\"t\":1791352311519,\"ms\":3.9}","source":"console","time":"2026-10-07T05:51:51Z"}
{"level":"info","msg":"{\"ev\":\"req\",\"route\":\"problem_detail\",\"status\":200,\"t\":1791352311619,\"ms\":3.9}","source":"console","time":"2026-10-07T05:51:51Z"}
{"level":"info","msg":"{\"ev\":\"req\",\"route\":\"history\",\"status\":200,\"t\":1791352311719,\"ms\":4.6}","source":"console","time":"2026-10-07T05:51:51Z"}
{"level":"info","msg":"{\"ev\":\"req\",\"route\":\"problem_list\",\"status\":200,\"t\":1791352311819,\"ms\":4.2}","source":"console","time":"2026-10-07T05:51:51Z"}
{"level":"info","msg":"{\"ev\":\"req\",\"route\":\"problem_detail\",\"status\":200,\"t\":1791352311918,\"ms\":3.3}","source":"console","time":"2026-10-07T05:51:51Z"}
{"level":"info","msg":"{\"ev\":\"req\",\"route\":\"history\",\"status\":200,\"t\":1791352312025,\"ms\":9.8}","source":"console","time":"2026-10-07T05:51:52Z"}
{"level":"info","msg":"{\"ev\":\"req\",\"route\":\"problem_list\",\"status\":200,\"t\":1791352312122,\"ms\":8}","source":"console","time":"2026-10-07T05:51:52Z"}
{"level":"info","msg":"{\"ev\":\"req\",\"route\":\"problem_detail\",\"status\":200,\"t\":1791352312222,\"ms\":6.9}","source":"console","time":"2026-10-07T05:51:52Z"}
{"level":"info","msg":"{\"ev\":\"req\",\"route\":\"history\",\"status\":200,\"t\":1791352312325,\"ms\":10}","source":"console","time":"2026-10-07T05:51:52Z"}
{"level":"info","msg":"{\"ev\":\"req\",\"route\":\"problem_list\",\"status\":200,\"t\":1791352312423,\"ms\":8.3}","source":"console","time":"2026-10-07T05:51:52Z"}
{"level":"info","msg":"{\"ev\":\"req\",\"route\":\"problem_detail\",\"status\":200,\"t\":1791352312523,\"ms\":8.1}","source":"console","time":"2026-10-07T05:51:52Z"}
{"level":"info","msg":"{\"ev\":\"req\",\"route\":\"submit\",\"status\":200,\"t\":1791352312602,\"ms\":22.9}","source":"console","time":"2026-10-07T05:51:52Z"}
{"level":"info","msg":"{\"ev\":\"accepted\",\"id\":\"39fa9d72-525f-43fc-9ceb-73100076b04b\",\"t\":1791352312602}","source":"console","time":"2026-10-07T05:51:52Z"}
{"level":"info","msg":"{\"ev\":\"req\",\"route\":\"history\",\"status\":200,\"t\":1791352312619,\"ms\":4.2}","source":"console","time":"2026-10-07T05:51:52Z"}
{"level":"info","msg":"{\"ev\":\"req\",\"route\":\"problem_list\",\"status\":200,\"t\":1791352312718,\"ms\":3.8}","source":"console","time":"2026-10-07T05:51:52Z"}
{"level":"info","msg":"{\"ev\":\"req\",\"route\":\"problem_detail\",\"status\":200,\"t\":1791352312818,\"ms\":3}","source":"console","time":"2026-10-07T05:51:52Z"}
{"level":"info","msg":"{\"ev\":\"req\",\"route\":\"history\",\"status\":200,\"t\":1791352312920,\"ms\":4.9}","source":"console","time":"2026-10-07T05:51:52Z"}
{"level":"info","msg":"{\"ev\":\"req\",\"route\":\"problem_list\",\"status\":200,\"t\":1791352313018,\"ms\":3.1}","source":"console","time":"2026-10-07T05:51:53Z"}
{"level":"info","msg":"{\"ev\":\"req\",\"route\":\"problem_detail\",\"status\":200,\"t\":1791352313118,\"ms\":3}","source":"console","time":"2026-10-07T05:51:53Z"}
{"level":"info","msg":"{\"ev\":\"req\",\"route\":\"history\",\"status\":200,\"t\":1791352313219,\"ms\":4.2}","source":"console","time":"2026-10-07T05:51:53Z"}
{"level":"info","msg":"{\"ev\":\"req\",\"route\":\"problem_list\",\"status\":200,\"t\":1791352313322,\"ms\":7.1}","source":"console","time":"2026-10-07T05:51:53Z"}
{"level":"info","msg":"{\"ev\":\"req\",\"route\":\"problem_detail\",\"status\":200,\"t\":1791352313418,\"ms\":2.9}","source":"console","time":"2026-10-07T05:51:53Z"}
{"level":"info","msg":"{\"ev\":\"req\",\"route\":\"history\",\"status\":200,\"t\":1791352313526,\"ms\":10.3}","source":"console","time":"2026-10-07T05:51:53Z"}
{"level":"info","msg":"{\"ev\":\"req\",\"route\":\"problem_list\",\"status\":200,\"t\":1791352313622,\"ms\":7.4}","source":"console","time":"2026-10-07T05:51:53Z"}
{"level":"info","msg":"{\"ev\":\"req\",\"route\":\"problem_detail\",\"status\":200,\"t\":1791352313722,\"ms\":7.4}","source":"console","time":"2026-10-07T05:51:53Z"}
{"level":"info","msg":"{\"ev\":\"req\",\"route\":\"history\",\"status\":200,\"t\":1791352313824,\"ms\":8.6}","source":"console","time":"2026-10-07T05:51:53Z"}
{"level":"info","msg":"{\"ev\":\"req\",\"route\":\"problem_list\",\"status\":200,\"t\":1791352313923,\"ms\":7.7}","source":"console","time":"2026-10-07T05:51:53Z"}
{"level":"info","msg":"{\"ev\":\"req\",\"route\":\"problem_detail\",\"status\":200,\"t\":1791352314022,\"ms\":6.8}","source":"console","time":"2026-10-07T05:51:54Z"}
{"level":"info","msg":"{\"ev\":\"req\",\"route\":\"history\",\"status\":200,\"t\":1791352314119,\"ms\":4.3}","source":"console","time":"2026-10-07T05:51:54Z"}
{"level":"info","msg":"{\"ev\":\"req\",\"route\":\"problem_list\",\"status\":200,\"t\":1791352314223,\"ms\":8}","source":"console","time":"2026-10-07T05:51:54Z"}
{"level":"info","msg":"{\"ev\":\"req\",\"route\":\"submit\",\"status\":200,\"t\":1791352314268,\"ms\":21.6}","source":"console","time":"2026-10-07T05:51:54Z"}
{"level":"info","msg":"{\"ev\":\"accepted\",\"id\":\"7b316f90-86a0-49cc-9029-a8386b0279b3\",\"t\":1791352314268}","source":"console","time":"2026-10-07T05:51:54Z"}
{"level":"info","msg":"{\"ev\":\"req\",\"route\":\"problem_detail\",\"status\":200,\"t\":1791352314318,\"ms\":3.9}","source":"console","time":"2026-10-07T05:51:54Z"}
{"level":"info","msg":"{\"ev\":\"req\",\"route\":\"history\",\"status\":200,\"t\":1791352314422,\"ms\":7}","source":"console","time":"2026-10-07T05:51:54Z"}
{"level":"info","msg":"{\"ev\":\"req\",\"route\":\"problem_list\",\"status\":200,\"t\":1791352314519,\"ms\":4.8}","source":"console","time":"2026-10-07T05:51:54Z"}
{"level":"info","msg":"{\"ev\":\"req\",\"route\":\"problem_detail\",\"status\":200,\"t\":1791352314619,\"ms\":4.1}","source":"console","time":"2026-10-07T05:51:54Z"}
{"level":"info","msg":"{\"ev\":\"req\",\"route\":\"history\",\"status\":200,\"t\":1791352314719,\"ms\":4.2}","source":"console","time":"2026-10-07T05:51:54Z"}
{"level":"info","msg":"{\"ev\":\"req\",\"route\":\"problem_list\",\"status\":200,\"t\":1791352314819,\"ms\":4}","source":"console","time":"2026-10-07T05:51:54Z"}
{"level":"info","msg":"{\"ev\":\"req\",\"route\":\"problem_detail\",\"status\":200,\"t\":1791352314922,\"ms\":7.4}","source":"console","time":"2026-10-07T05:51:54Z"}
{"level":"info","msg":"{\"ev\":\"req\",\"route\":\"history\",\"status\":200,\"t\":1791352315024,\"ms\":8.9}","source":"console","time":"2026-10-07T05:51:55Z"}
{"level":"info","msg":"{\"ev\":\"req\",\"route\":\"problem_list\",\"status\":200,\"t\":1791352315123,\"ms\":8.4}","source":"console","time":"2026-10-07T05:51:55Z"}
{"level":"info","msg":"{\"ev\":\"req\",\"route\":\"problem_detail\",\"status\":200,\"t\":1791352315223,\"ms\":7.3}","source":"console","time":"2026-10-07T05:51:55Z"}
{"level":"info","msg":"{\"ev\":\"req\",\"route\":\"history\",\"status\":200,\"t\":1791352315325,\"ms\":10.3}","source":"console","time":"2026-10-07T05:51:55Z"}
{"level":"info","msg":"{\"ev\":\"req\",\"route\":\"problem_list\",\"status\":200,\"t\":1791352315424,\"ms\":9.2}","source":"console","time":"2026-10-07T05:51:55Z"}
{"level":"info","msg":"{\"ev\":\"req\",\"route\":\"problem_detail\",\"status\":200,\"t\":1791352315523,\"ms\":7.5}","source":"console","time":"2026-10-07T05:51:55Z"}
{"level":"info","msg":"{\"ev\":\"req\",\"route\":\"history\",\"status\":200,\"t\":1791352315625,\"ms\":9.6}","source":"console","time":"2026-10-07T05:51:55Z"}
{"level":"info","msg":"{\"ev\":\"req\",\"route\":\"problem_list\",\"status\":200,\"t\":1791352315723,\"ms\":8}","source":"console","time":"2026-10-07T05:51:55Z"}
{"level":"info","msg":"{\"ev\":\"req\",\"route\":\"problem_detail\",\"status\":200,\"t\":1791352315823,\"ms\":7.6}","source":"console","time":"2026-10-07T05:51:55Z"}
{"level":"info","msg":"{\"ev\":\"req\",\"route\":\"history\",\"status\":200,\"t\":1791352315919,\"ms\":4.4}","source":"console","time":"2026-10-07T05:51:55Z"}
{"level":"info","msg":"{\"ev\":\"req\",\"route\":\"submit\",\"status\":200,\"t\":1791352315923,\"ms\":10.5}","source":"console","time":"2026-10-07T05:51:55Z"}
{"level":"info","msg":"{\"ev\":\"accepted\",\"id\":\"34ddbac6-cb3a-4655-9b92-e1f555616107\",\"t\":1791352315923}","source":"console","time":"2026-10-07T05:51:55Z"}
{"level":"info","msg":"{\"ev\":\"req\",\"route\":\"problem_list\",\"status\":200,\"t\":1791352316018,\"ms\":3.3}","source":"console","time":"2026-10-07T05:51:56Z"}
{"level":"info","msg":"{\"ev\":\"req\",\"route\":\"problem_detail\",\"status\":200,\"t\":1791352316118,\"ms\":3.3}","source":"console","time":"2026-10-07T05:51:56Z"}
{"level":"info","msg":"{\"ev\":\"req\",\"route\":\"history\",\"status\":200,\"t\":1791352316220,\"ms\":5.5}","source":"console","time":"2026-10-07T05:51:56Z"}
{"level":"info","msg":"{\"ev\":\"req\",\"route\":\"problem_list\",\"status\":200,\"t\":1791352316318,\"ms\":3.3}","source":"console","time":"2026-10-07T05:51:56Z"}
{"level":"info","msg":"{\"ev\":\"req\",\"route\":\"problem_detail\",\"status\":200,\"t\":1791352316418,\"ms\":3.4}","source":"console","time":"2026-10-07T05:51:56Z"}
{"level":"info","msg":"{\"ev\":\"req\",\"route\":\"history\",\"status\":200,\"t\":1791352316519,\"ms\":4.2}","source":"console","time":"2026-10-07T05:51:56Z"}
{"level":"info","msg":"{\"ev\":\"req\",\"route\":\"problem_list\",\"status\":200,\"t\":1791352316621,\"ms\":6.7}","source":"console","time":"2026-10-07T05:51:56Z"}
{"level":"info","msg":"{\"ev\":\"req\",\"route\":\"problem_detail\",\"status\":200,\"t\":1791352316727,\"ms\":12.8}","source":"console","time":"2026-10-07T05:51:56Z"}
{"level":"info","msg":"{\"ev\":\"req\",\"route\":\"history\",\"status\":200,\"t\":1791352316825,\"ms\":9.7}","source":"console","time":"2026-10-07T05:51:56Z"}
{"level":"info","msg":"{\"ev\":\"req\",\"route\":\"problem_list\",\"status\":200,\"t\":1791352316923,\"ms\":7.7}","source":"console","time":"2026-10-07T05:51:56Z"}
{"level":"info","msg":"{\"ev\":\"req\",\"route\":\"problem_detail\",\"status\":200,\"t\":1791352317024,\"ms\":8.3}","source":"console","time":"2026-10-07T05:51:57Z"}
{"level":"info","msg":"{\"ev\":\"req\",\"route\":\"history\",\"status\":200,\"t\":1791352317125,\"ms\":9.8}","source":"console","time":"2026-10-07T05:51:57Z"}
{"level":"info","msg":"{\"ev\":\"req\",\"route\":\"problem_list\",\"status\":200,\"t\":1791352317223,\"ms\":8.2}","source":"console","time":"2026-10-07T05:51:57Z"}
{"level":"info","msg":"{\"ev\":\"req\",\"route\":\"problem_detail\",\"status\":200,\"t\":1791352317323,\"ms\":8}","source":"console","time":"2026-10-07T05:51:57Z"}
{"level":"info","msg":"{\"ev\":\"req\",\"route\":\"history\",\"status\":200,\"t\":1791352317425,\"ms\":10}","source":"console","time":"2026-10-07T05:51:57Z"}
{"level":"info","msg":"{\"ev\":\"req\",\"route\":\"problem_list\",\"status\":200,\"t\":1791352317524,\"ms\":8.5}","source":"console","time":"2026-10-07T05:51:57Z"}
{"level":"info","msg":"{\"ev\":\"req\",\"route\":\"submit\",\"status\":200,\"t\":1791352317591,\"ms\":11.5}","source":"console","time":"2026-10-07T05:51:57Z"}
{"level":"info","msg":"{\"ev\":\"accepted\",\"id\":\"2f105f1a-2bb0-4c01-a036-b58de44a06ad\",\"t\":1791352317591}","source":"console","time":"2026-10-07T05:51:57Z"}
{"level":"info","msg":"{\"ev\":\"req\",\"route\":\"problem_detail\",\"status\":200,\"t\":1791352317618,\"ms\":3.4}","source":"console","time":"2026-10-07T05:51:57Z"}
{"level":"info","msg":"{\"ev\":\"req\",\"route\":\"history\",\"status\":200,\"t\":1791352317721,\"ms\":5.9}","source":"console","time":"2026-10-07T05:51:57Z"}
{"level":"info","msg":"{\"ev\":\"req\",\"route\":\"problem_list\",\"status\":200,\"t\":1791352317820,\"ms\":5.1}","source":"console","time":"2026-10-07T05:51:57Z"}
{"level":"info","msg":"{\"ev\":\"req\",\"route\":\"problem_detail\",\"status\":200,\"t\":1791352317926,\"ms\":10.6}","source":"console","time":"2026-10-07T05:51:57Z"}
{"level":"info","msg":"{\"ev\":\"req\",\"route\":\"history\",\"status\":200,\"t\":1791352318020,\"ms\":5.4}","source":"console","time":"2026-10-07T05:51:58Z"}
{"level":"info","msg":"{\"ev\":\"req\",\"route\":\"problem_list\",\"status\":200,\"t\":1791352318121,\"ms\":6}","source":"console","time":"2026-10-07T05:51:58Z"}
{"level":"info","msg":"{\"ev\":\"req\",\"route\":\"problem_detail\",\"status\":200,\"t\":1791352318223,\"ms\":8}","source":"console","time":"2026-10-07T05:51:58Z"}
{"level":"info","msg":"{\"ev\":\"req\",\"route\":\"history\",\"status\":200,\"t\":1791352318326,\"ms\":10.6}","source":"console","time":"2026-10-07T05:51:58Z"}
{"level":"info","msg":"{\"ev\":\"req\",\"route\":\"problem_list\",\"status\":200,\"t\":1791352318424,\"ms\":8.6}","source":"console","time":"2026-10-07T05:51:58Z"}
{"level":"info","msg":"{\"ev\":\"req\",\"route\":\"problem_detail\",\"status\":200,\"t\":1791352318523,\"ms\":8.2}","source":"console","time":"2026-10-07T05:51:58Z"}
{"level":"info","msg":"{\"ev\":\"req\",\"route\":\"history\",\"status\":200,\"t\":1791352318624,\"ms\":9.2}","source":"console","time":"2026-10-07T05:51:58Z"}
{"level":"info","msg":"{\"ev\":\"req\",\"route\":\"problem_list\",\"status\":200,\"t\":1791352318723,\"ms\":8.2}","source":"console","time":"2026-10-07T05:51:58Z"}
{"level":"info","msg":"{\"ev\":\"req\",\"route\":\"problem_detail\",\"status\":200,\"t\":1791352318823,\"ms\":8.5}","source":"console","time":"2026-10-07T05:51:58Z"}
{"level":"info","msg":"{\"ev\":\"req\",\"route\":\"history\",\"status\":200,\"t\":1791352318925,\"ms\":9.4}","source":"console","time":"2026-10-07T05:51:58Z"}
{"level":"info","msg":"{\"ev\":\"req\",\"route\":\"problem_list\",\"status\":200,\"t\":1791352319023,\"ms\":7.9}","source":"console","time":"2026-10-07T05:51:59Z"}
{"level":"info","msg":"{\"ev\":\"req\",\"route\":\"problem_detail\",\"status\":200,\"t\":1791352319124,\"ms\":8.6}","source":"console","time":"2026-10-07T05:51:59Z"}
{"level":"info","msg":"{\"ev\":\"req\",\"route\":\"history\",\"status\":200,\"t\":1791352319224,\"ms\":8.5}","source":"console","time":"2026-10-07T05:51:59Z"}
{"level":"info","msg":"{\"ev\":\"req\",\"route\":\"submit\",\"status\":200,\"t\":1791352319271,\"ms\":25.6}","source":"console","time":"2026-10-07T05:51:59Z"}
{"level":"info","msg":"{\"ev\":\"accepted\",\"id\":\"d4652141-5506-4c42-89a5-e0cec9a7fc56\",\"t\":1791352319272}","source":"console","time":"2026-10-07T05:51:59Z"}
{"level":"info","msg":"{\"ev\":\"req\",\"route\":\"problem_list\",\"status\":200,\"t\":1791352319318,\"ms\":3.5}","source":"console","time":"2026-10-07T05:51:59Z"}
{"level":"info","msg":"{\"ev\":\"req\",\"route\":\"problem_detail\",\"status\":200,\"t\":1791352319419,\"ms\":3.6}","source":"console","time":"2026-10-07T05:51:59Z"}
{"level":"info","msg":"{\"ev\":\"req\",\"route\":\"history\",\"status\":200,\"t\":1791352319518,\"ms\":3.8}","source":"console","time":"2026-10-07T05:51:59Z"}
{"level":"info","msg":"{\"ev\":\"req\",\"route\":\"problem_list\",\"status\":200,\"t\":1791352319618,\"ms\":3.2}","source":"console","time":"2026-10-07T05:51:59Z"}
{"level":"info","msg":"{\"ev\":\"req\",\"route\":\"problem_detail\",\"status\":200,\"t\":1791352319718,\"ms\":3}","source":"console","time":"2026-10-07T05:51:59Z"}
{"level":"info","msg":"{\"ev\":\"req\",\"route\":\"history\",\"status\":200,\"t\":1791352319819,\"ms\":4.2}","source":"console","time":"2026-10-07T05:51:59Z"}
{"level":"info","msg":"{\"ev\":\"req\",\"route\":\"problem_list\",\"status\":200,\"t\":1791352319918,\"ms\":3.5}","source":"console","time":"2026-10-07T05:51:59Z"}
{"level":"info","msg":"{\"ev\":\"req\",\"route\":\"problem_detail\",\"status\":200,\"t\":1791352320026,\"ms\":11}","source":"console","time":"2026-10-07T05:52:00Z"}
{"level":"info","msg":"{\"ev\":\"req\",\"route\":\"history\",\"status\":200,\"t\":1791352320119,\"ms\":3.9}","source":"console","time":"2026-10-07T05:52:00Z"}
{"level":"info","msg":"{\"ev\":\"req\",\"route\":\"problem_list\",\"status\":200,\"t\":1791352320222,\"ms\":7.6}","source":"console","time":"2026-10-07T05:52:00Z"}
{"level":"info","msg":"{\"ev\":\"req\",\"route\":\"problem_detail\",\"status\":200,\"t\":1791352320318,\"ms\":3.3}","source":"console","time":"2026-10-07T05:52:00Z"}
{"level":"info","msg":"{\"ev\":\"req\",\"route\":\"history\",\"status\":200,\"t\":1791352320425,\"ms\":10.5}","source":"console","time":"2026-10-07T05:52:00Z"}
{"level":"info","msg":"{\"ev\":\"req\",\"route\":\"problem_list\",\"status\":200,\"t\":1791352320523,\"ms\":7.9}","source":"console","time":"2026-10-07T05:52:00Z"}
{"level":"info","msg":"{\"ev\":\"req\",\"route\":\"problem_detail\",\"status\":200,\"t\":1791352320622,\"ms\":7.8}","source":"console","time":"2026-10-07T05:52:00Z"}
{"level":"info","msg":"{\"ev\":\"req\",\"route\":\"history\",\"status\":200,\"t\":1791352320724,\"ms\":8.8}","source":"console","time":"2026-10-07T05:52:00Z"}
{"level":"info","msg":"{\"ev\":\"req\",\"route\":\"problem_list\",\"status\":200,\"t\":1791352320823,\"ms\":7.8}","source":"console","time":"2026-10-07T05:52:00Z"}
{"level":"info","msg":"{\"ev\":\"req\",\"route\":\"problem_detail\",\"status\":200,\"t\":1791352320923,\"ms\":8.3}","source":"console","time":"2026-10-07T05:52:00Z"}
{"level":"info","msg":"{\"ev\":\"req\",\"route\":\"submit\",\"status\":200,\"t\":1791352320940,\"ms\":27.3}","source":"console","time":"2026-10-07T05:52:00Z"}
{"level":"info","msg":"{\"ev\":\"accepted\",\"id\":\"d447f236-8819-4e3a-bb2a-746dfc3a3ee9\",\"t\":1791352320940}","source":"console","time":"2026-10-07T05:52:00Z"}
{"level":"info","msg":"{\"ev\":\"req\",\"route\":\"history\",\"status\":200,\"t\":1791352321020,\"ms\":4.9}","source":"console","time":"2026-10-07T05:52:01Z"}
{"level":"info","msg":"{\"ev\":\"req\",\"route\":\"problem_list\",\"status\":200,\"t\":1791352321119,\"ms\":4.7}","source":"console","time":"2026-10-07T05:52:01Z"}
{"level":"info","msg":"{\"ev\":\"req\",\"route\":\"problem_detail\",\"status\":200,\"t\":1791352321219,\"ms\":4.2}","source":"console","time":"2026-10-07T05:52:01Z"}
{"level":"info","msg":"{\"ev\":\"req\",\"route\":\"history\",\"status\":200,\"t\":1791352321321,\"ms\":5.8}","source":"console","time":"2026-10-07T05:52:01Z"}
{"level":"info","msg":"{\"ev\":\"req\",\"route\":\"problem_list\",\"status\":200,\"t\":1791352321418,\"ms\":3.1}","source":"console","time":"2026-10-07T05:52:01Z"}
{"level":"info","msg":"{\"ev\":\"req\",\"route\":\"problem_detail\",\"status\":200,\"t\":1791352321522,\"ms\":6.9}","source":"console","time":"2026-10-07T05:52:01Z"}
{"level":"info","msg":"{\"ev\":\"req\",\"route\":\"history\",\"status\":200,\"t\":1791352321624,\"ms\":9.5}","source":"console","time":"2026-10-07T05:52:01Z"}
{"level":"info","msg":"{\"ev\":\"req\",\"route\":\"problem_list\",\"status\":200,\"t\":1791352321722,\"ms\":7.8}","source":"console","time":"2026-10-07T05:52:01Z"}
{"level":"info","msg":"{\"ev\":\"req\",\"route\":\"problem_detail\",\"status\":200,\"t\":1791352321823,\"ms\":8.1}","source":"console","time":"2026-10-07T05:52:01Z"}
{"level":"info","msg":"{\"ev\":\"req\",\"route\":\"history\",\"status\":200,\"t\":1791352321925,\"ms\":10}","source":"console","time":"2026-10-07T05:52:01Z"}
{"level":"info","msg":"{\"ev\":\"req\",\"route\":\"problem_list\",\"status\":200,\"t\":1791352322021,\"ms\":6.1}","source":"console","time":"2026-10-07T05:52:02Z"}
{"level":"info","msg":"{\"ev\":\"req\",\"route\":\"problem_detail\",\"status\":200,\"t\":1791352322120,\"ms\":5}","source":"console","time":"2026-10-07T05:52:02Z"}
{"level":"info","msg":"{\"ev\":\"req\",\"route\":\"history\",\"status\":200,\"t\":1791352322225,\"ms\":10}","source":"console","time":"2026-10-07T05:52:02Z"}
{"level":"info","msg":"{\"ev\":\"req\",\"route\":\"problem_list\",\"status\":200,\"t\":1791352322318,\"ms\":3.4}","source":"console","time":"2026-10-07T05:52:02Z"}
{"level":"info","msg":"{\"ev\":\"req\",\"route\":\"problem_detail\",\"status\":200,\"t\":1791352322418,\"ms\":3.5}","source":"console","time":"2026-10-07T05:52:02Z"}
{"level":"info","msg":"{\"ev\":\"req\",\"route\":\"history\",\"status\":200,\"t\":1791352322520,\"ms\":4.7}","source":"console","time":"2026-10-07T05:52:02Z"}
{"level":"info","msg":"{\"ev\":\"req\",\"route\":\"submit\",\"status\":200,\"t\":1791352322591,\"ms\":11.3}","source":"console","time":"2026-10-07T05:52:02Z"}
{"level":"info","msg":"{\"ev\":\"accepted\",\"id\":\"a481e4c4-4a50-4d88-8e8a-63c1b849d4ee\",\"t\":1791352322591}","source":"console","time":"2026-10-07T05:52:02Z"}
{"level":"info","msg":"{\"ev\":\"req\",\"route\":\"problem_list\",\"status\":200,\"t\":1791352322619,\"ms\":4.7}","source":"console","time":"2026-10-07T05:52:02Z"}
{"level":"info","msg":"{\"ev\":\"req\",\"route\":\"problem_detail\",\"status\":200,\"t\":1791352322719,\"ms\":4.5}","source":"console","time":"2026-10-07T05:52:02Z"}
{"level":"info","msg":"{\"ev\":\"req\",\"route\":\"history\",\"status\":200,\"t\":1791352322819,\"ms\":4.1}","source":"console","time":"2026-10-07T05:52:02Z"}
{"level":"info","msg":"{\"ev\":\"req\",\"route\":\"problem_list\",\"status\":200,\"t\":1791352322918,\"ms\":3.8}","source":"console","time":"2026-10-07T05:52:02Z"}
{"level":"info","msg":"{\"ev\":\"req\",\"route\":\"problem_detail\",\"status\":200,\"t\":1791352323018,\"ms\":3.2}","source":"console","time":"2026-10-07T05:52:03Z"}
{"level":"info","msg":"{\"ev\":\"req\",\"route\":\"history\",\"status\":200,\"t\":1791352323119,\"ms\":3.9}","source":"console","time":"2026-10-07T05:52:03Z"}
{"level":"info","msg":"{\"ev\":\"req\",\"route\":\"problem_list\",\"status\":200,\"t\":1791352323219,\"ms\":3.5}","source":"console","time":"2026-10-07T05:52:03Z"}
{"level":"info","msg":"{\"ev\":\"req\",\"route\":\"problem_detail\",\"status\":200,\"t\":1791352323317,\"ms\":3}","source":"console","time":"2026-10-07T05:52:03Z"}
{"level":"info","msg":"{\"ev\":\"req\",\"route\":\"history\",\"status\":200,\"t\":1791352323424,\"ms\":8.9}","source":"console","time":"2026-10-07T05:52:03Z"}
{"level":"info","msg":"{\"ev\":\"req\",\"route\":\"problem_list\",\"status\":200,\"t\":1791352323521,\"ms\":6.1}","source":"console","time":"2026-10-07T05:52:03Z"}
{"level":"info","msg":"{\"ev\":\"req\",\"route\":\"problem_detail\",\"status\":200,\"t\":1791352323623,\"ms\":8}","source":"console","time":"2026-10-07T05:52:03Z"}
{"level":"info","msg":"{\"ev\":\"req\",\"route\":\"history\",\"status\":200,\"t\":1791352323725,\"ms\":9.7}","source":"console","time":"2026-10-07T05:52:03Z"}
{"level":"info","msg":"{\"ev\":\"req\",\"route\":\"problem_list\",\"status\":200,\"t\":1791352323818,\"ms\":3.7}","source":"console","time":"2026-10-07T05:52:03Z"}
{"level":"info","msg":"{\"ev\":\"req\",\"route\":\"problem_detail\",\"status\":200,\"t\":1791352323923,\"ms\":7.3}","source":"console","time":"2026-10-07T05:52:03Z"}
{"level":"info","msg":"{\"ev\":\"req\",\"route\":\"history\",\"status\":200,\"t\":1791352324018,\"ms\":3.9}","source":"console","time":"2026-10-07T05:52:04Z"}
{"level":"info","msg":"{\"ev\":\"req\",\"route\":\"problem_list\",\"status\":200,\"t\":1791352324119,\"ms\":3.9}","source":"console","time":"2026-10-07T05:52:04Z"}
{"level":"info","msg":"{\"ev\":\"req\",\"route\":\"problem_detail\",\"status\":200,\"t\":1791352324217,\"ms\":2.8}","source":"console","time":"2026-10-07T05:52:04Z"}
{"level":"info","msg":"{\"ev\":\"req\",\"route\":\"submit\",\"status\":200,\"t\":1791352324265,\"ms\":18.5}","source":"console","time":"2026-10-07T05:52:04Z"}
{"level":"info","msg":"{\"ev\":\"accepted\",\"id\":\"d49dd3fd-7ee9-425a-8c70-83086502b5e4\",\"t\":1791352324265}","source":"console","time":"2026-10-07T05:52:04Z"}
{"level":"info","msg":"{\"ev\":\"req\",\"route\":\"history\",\"status\":200,\"t\":1791352324322,\"ms\":6.9}","source":"console","time":"2026-10-07T05:52:04Z"}
{"level":"info","msg":"{\"ev\":\"req\",\"route\":\"problem_list\",\"status\":200,\"t\":1791352324419,\"ms\":3.6}","source":"console","time":"2026-10-07T05:52:04Z"}
{"level":"info","msg":"{\"ev\":\"req\",\"route\":\"problem_detail\",\"status\":200,\"t\":1791352324519,\"ms\":4.8}","source":"console","time":"2026-10-07T05:52:04Z"}
{"level":"info","msg":"{\"ev\":\"req\",\"route\":\"history\",\"status\":200,\"t\":1791352324620,\"ms\":5.1}","source":"console","time":"2026-10-07T05:52:04Z"}
{"level":"info","msg":"{\"ev\":\"req\",\"route\":\"problem_list\",\"status\":200,\"t\":1791352324719,\"ms\":4}","source":"console","time":"2026-10-07T05:52:04Z"}
{"level":"info","msg":"{\"ev\":\"req\",\"route\":\"problem_detail\",\"status\":200,\"t\":1791352324818,\"ms\":3.7}","source":"console","time":"2026-10-07T05:52:04Z"}
{"level":"info","msg":"{\"ev\":\"req\",\"route\":\"history\",\"status\":200,\"t\":1791352324919,\"ms\":4.2}","source":"console","time":"2026-10-07T05:52:04Z"}
{"level":"info","msg":"{\"ev\":\"req\",\"route\":\"problem_list\",\"status\":200,\"t\":1791352325020,\"ms\":4.6}","source":"console","time":"2026-10-07T05:52:05Z"}
{"level":"info","msg":"{\"ev\":\"req\",\"route\":\"problem_detail\",\"status\":200,\"t\":1791352325123,\"ms\":8.1}","source":"console","time":"2026-10-07T05:52:05Z"}
{"level":"info","msg":"{\"ev\":\"req\",\"route\":\"history\",\"status\":200,\"t\":1791352325219,\"ms\":4}","source":"console","time":"2026-10-07T05:52:05Z"}
{"level":"info","msg":"{\"ev\":\"req\",\"route\":\"problem_list\",\"status\":200,\"t\":1791352325322,\"ms\":7}","source":"console","time":"2026-10-07T05:52:05Z"}
{"level":"info","msg":"{\"ev\":\"req\",\"route\":\"problem_detail\",\"status\":200,\"t\":1791352325423,\"ms\":7.6}","source":"console","time":"2026-10-07T05:52:05Z"}
{"level":"info","msg":"{\"ev\":\"req\",\"route\":\"history\",\"status\":200,\"t\":1791352325523,\"ms\":7.9}","source":"console","time":"2026-10-07T05:52:05Z"}
{"level":"info","msg":"{\"ev\":\"req\",\"route\":\"problem_list\",\"status\":200,\"t\":1791352325624,\"ms\":8.8}","source":"console","time":"2026-10-07T05:52:05Z"}
{"level":"info","msg":"{\"ev\":\"req\",\"route\":\"problem_detail\",\"status\":200,\"t\":1791352325722,\"ms\":7.2}","source":"console","time":"2026-10-07T05:52:05Z"}
{"level":"info","msg":"{\"ev\":\"req\",\"route\":\"history\",\"status\":200,\"t\":1791352325824,\"ms\":8.5}","source":"console","time":"2026-10-07T05:52:05Z"}
{"level":"info","msg":"{\"ev\":\"req\",\"route\":\"problem_list\",\"status\":200,\"t\":1791352325924,\"ms\":8.6}","source":"console","time":"2026-10-07T05:52:05Z"}
