{"level":"info","msg":"{\"ev\":\"setup-done\",\"t\":1791217164676}","source":"console","time":"2026-10-05T16:19:24Z"}
{"level":"info","msg":"{\"ev\":\"accepted\",\"id\":\"754560ea-0499-4457-a7ff-2ba4c92c6b09\",\"t\":1791217169178}","source":"console","time":"2026-10-05T16:19:29Z"}
{"level":"info","msg":"{\"ev\":\"accepted\",\"id\":\"c640d05d-eca8-428a-9229-4fc7684cdeb1\",\"t\":1791217171193}","source":"console","time":"2026-10-05T16:19:31Z"}
{"level":"info","msg":"{\"ev\":\"accepted\",\"id\":\"a8e06432-e9d6-4177-80a4-e6da45ace8d6\",\"t\":1791217173192}","source":"console","time":"2026-10-05T16:19:33Z"}
{"level":"info","msg":"{\"ev\":\"accepted\",\"id\":\"47f57173-2fa9-427a-a25a-12f5432c5785\",\"t\":1791217175189}","source":"console","time":"2026-10-05T16:19:35Z"}
{"level":"info","msg":"{\"ev\":\"accepted\",\"id\":\"d4c1f04c-8f45-4c4b-89c6-9168a946416d\",\"t\":1791217177188}","source":"console","time":"2026-10-05T16:19:37Z"}
{"level":"info","msg":"{\"ev\":\"accepted\",\"id\":\"d534b416-03dc-40ed-a4fe-f2f7433d73ae\",\"t\":1791217179192}","source":"console","time":"2026-10-05T16:19:39Z"}
{"level":"info","msg":"{\"ev\":\"accepted\",\"id\":\"2ca3c876-0bd4-499a-85fa-c744056da817\",\"t\":1791217181195}","source":"console","time":"2026-10-05T16:19:41Z"}
{"level":"info","msg":"{\"ev\":\"accepted\",\"id\":\"d6ec9bfa-2842-4b92-88bf-11ddbca2ff58\",\"t\":1791217183193}","source":"console","time":"2026-10-05T16:19:43Z"}
{"level":"info","msg":"{\"ev\":\"accepted\",\"id\":\"bc99ffcc-03fb-4211-938b-487d63f056a0\",\"t\":1791217185197}","source":"console","time":"2026-10-05T16:19:45Z"}
{"level":"info","msg":"{\"ev\":\"accepted\",\"id\":\"d1cb880d-c790-428d-96bd-d63d3d5fcf35\",\"t\":1791217187194}","source":"console","time":"2026-10-05T16:19:47Z"}
{"level":"info","msg":"{\"ev\":\"accepted\",\"id\":\"83d8979e-3e15-4ffb-ad0d-16ab8903e257\",\"t\":1791217189200}","source":"console","time":"2026-10-05T16:19:49Z"}
{"level":"info","msg":"{\"ev\":\"accepted\",\"id\":\"fa48098e-5ba4-4906-b1ce-074fadb97a9a\",\"t\":1791217191191}","source":"console","time":"2026-10-05T16:19:51Z"}
{"level":"info","msg":"{\"ev\":\"accepted\",\"id\":\"b9d97bb7-0e73-45c5-9fa1-3865d908e3d5\",\"t\":1791217193187}","source":"console","time":"2026-10-05T16:19:53Z"}
{"level":"info","msg":"{\"ev\":\"accepted\",\"id\":\"54f63b83-7bcb-4d9e-be48-bc39461d9376\",\"t\":1791217195186}","source":"console","time":"2026-10-05T16:19:55Z"}
{"level":"info","msg":"{\"ev\":\"accepted\",\"id\":\"d072d371-7a90-48ae-a8ba-867084d924f2\",\"t\":1791217197196}","source":"console","time":"2026-10-05T16:19:57Z"}
{"level":"info","msg":"{\"ev\":\"accepted\",\"id\":\"82a0ceb7-2ff3-4f66-a818-9da1d8146498\",\"t\":1791217199192}","source":"console","time":"2026-10-05T16:19:59Z"}
{"level":"info","msg":"{\"ev\":\"accepted\",\"id\":\"c11b5c79-1ac0-4705-9a99-fb3eeba3785a\",\"t\":1791217201189}","source":"console","time":"2026-10-05T16:20:01Z"}
{"level":"info","msg":"{\"ev\":\"accepted\",\"id\":\"1486981f-514a-4177-8516-6fe9f5f4d677\",\"t\":1791217203191}","source":"console","time":"2026-10-05T16:20:03Z"}
{"level":"info","msg":"{\"ev\":\"accepted\",\"id\":\"e885d18c-a9ff-48ab-acbb-2c47d0b05b07\",\"t\":1791217205195}","source":"console","time":"2026-10-05T16:20:05Z"}
{"level":"info","msg":"{\"ev\":\"accepted\",\"id\":\"8de54b64-bbfa-4812-aaa6-f483cdb38ec4\",\"t\":1791217207189}","source":"console","time":"2026-10-05T16:20:07Z"}
{"level":"info","msg":"{\"ev\":\"accepted\",\"id\":\"e18dd209-dc2f-4404-9a0f-e92d996a2e63\",\"t\":1791217209189}","source":"console","time":"2026-10-05T16:20:09Z"}
{"level":"info","msg":"{\"ev\":\"accepted\",\"id\":\"d0b3787a-2f49-440d-89f4-d6dd44cb37f9\",\"t\":1791217211194}","source":"console","time":"2026-10-05T16:20:11Z"}
{"level":"info","msg":"{\"ev\":\"accepted\",\"id\":\"3ab9d820-2493-4035-bc48-ec11d1af38ba\",\"t\":1791217213189}","source":"console","time":"2026-10-05T16:20:13Z"}
{"level":"info","msg":"{\"ev\":\"accepted\",\"id\":\"1a4232d7-e905-4b74-a972-8d7e3fbee8e1\",\"t\":1791217215191}","source":"console","time":"2026-10-05T16:20:15Z"}
{"level":"info","msg":"{\"ev\":\"accepted\",\"id\":\"45cf4451-2227-41fd-9b7d-f608b63466c1\",\"t\":1791217217198}","source":"console","time":"2026-10-05T16:20:17Z"}
{"level":"info","msg":"{\"ev\":\"accepted\",\"id\":\"42aac05a-3978-4bb9-9b0c-d6857cb39ba1\",\"t\":1791217219193}","source":"console","time":"2026-10-05T16:20:19Z"}
{"level":"info","msg":"{\"ev\":\"accepted\",\"id\":\"cd0dbf01-dc11-4c77-aa21-52c5073d1a62\",\"t\":1791217221191}","source":"console","time":"2026-10-05T16:20:21Z"}
{"level":"info","msg":"{\"ev\":\"accepted\",\"id\":\"41f48c20-4e69-4cff-bd7d-5d5bcab454a9\",\"t\":1791217223187}","source":"console","time":"2026-10-05T16:20:23Z"}
{"level":"info","msg":"{\"ev\":\"accepted\",\"id\":\"134f4f01-c49d-494f-bb8c-c25c36e790f9\",\"t\":1791217225191}","source":"console","time":"2026-10-05T16:20:25Z"}
{"level":"info","msg":"{\"ev\":\"accepted\",\"id\":\"9bae7333-8f0e-40cb-98df-d9fafb21fb40\",\"t\":1791217227191}","source":"console","time":"2026-10-05T16:20:27Z"}
{"level":"info","msg":"{\"ev\":\"accepted\",\"id\":\"5eaa82be-edca-4113-9b7b-e85ba054b79c\",\"t\":1791217229191}","source":"console","time":"2026-10-05T16:20:29Z"}
{"level":"info","msg":"{\"ev\":\"accepted\",\"id\":\"e506bd06-90ad-478b-a9ce-7e631f70870d\",\"t\":1791217231185}","source":"console","time":"2026-10-05T16:20:31Z"}
{"level":"info","msg":"{\"ev\":\"accepted\",\"id\":\"38c46847-9337-4ef0-8c39-a1753d52b5fc\",\"t\":1791217233189}","source":"console","time":"2026-10-05T16:20:33Z"}
{"level":"info","msg":"{\"ev\":\"accepted\",\"id\":\"007a08db-6beb-44a0-b665-c3b2307eb931\",\"t\":1791217235191}","source":"console","time":"2026-10-05T16:20:35Z"}
{"level":"info","msg":"{\"ev\":\"accepted\",\"id\":\"9f3e612c-76b6-4b0c-990c-51a2f39504e0\",\"t\":1791217237193}","source":"console","time":"2026-10-05T16:20:37Z"}
{"level":"info","msg":"{\"ev\":\"accepted\",\"id\":\"3258ef73-488c-41d8-a9c1-dcf989181d9b\",\"t\":1791217239185}","source":"console","time":"2026-10-05T16:20:39Z"}
{"level":"info","msg":"{\"ev\":\"accepted\",\"id\":\"540d5835-e368-42e6-a234-5e68347f34f6\",\"t\":1791217241194}","source":"console","time":"2026-10-05T16:20:41Z"}
{"level":"info","msg":"{\"ev\":\"accepted\",\"id\":\"bbd36f69-e860-4361-b87a-485babf472fe\",\"t\":1791217243190}","source":"console","time":"2026-10-05T16:20:43Z"}
{"level":"info","msg":"{\"ev\":\"accepted\",\"id\":\"b7df0e01-bdaf-4e6c-83d6-5039c29c46f2\",\"t\":1791217245189}","source":"console","time":"2026-10-05T16:20:45Z"}
{"level":"info","msg":"{\"ev\":\"accepted\",\"id\":\"91f36677-e6a8-4853-b5c0-003149e89ebb\",\"t\":1791217247218}","source":"console","time":"2026-10-05T16:20:47Z"}
{"level":"info","msg":"{\"ev\":\"accepted\",\"id\":\"5dfb80c0-eeb7-45b3-b3a2-647d0b7f1b42\",\"t\":1791217249188}","source":"console","time":"2026-10-05T16:20:49Z"}
{"level":"info","msg":"{\"ev\":\"accepted\",\"id\":\"84122f05-a132-4d72-b335-ee5e7b75621e\",\"t\":1791217251192}","source":"console","time":"2026-10-05T16:20:51Z"}
{"level":"info","msg":"{\"ev\":\"accepted\",\"id\":\"10cd206c-1164-45ea-9707-a4ffdfdbd29b\",\"t\":1791217253251}","source":"console","time":"2026-10-05T16:20:53Z"}
{"level":"info","msg":"{\"ev\":\"accepted\",\"id\":\"64cf5dc5-ab37-4a3a-90e3-d193e777b3bd\",\"t\":1791217255190}","source":"console","time":"2026-10-05T16:20:55Z"}
{"level":"info","msg":"{\"ev\":\"accepted\",\"id\":\"3cdd907c-4cc1-4e28-a5f6-8539df7cfc0b\",\"t\":1791217257195}","source":"console","time":"2026-10-05T16:20:57Z"}
{"level":"info","msg":"{\"ev\":\"accepted\",\"id\":\"9b4ed7df-2788-4427-975a-b6410052655f\",\"t\":1791217259187}","source":"console","time":"2026-10-05T16:20:59Z"}
{"level":"info","msg":"{\"ev\":\"accepted\",\"id\":\"42bb9a49-d451-41f5-9f4f-e578c9e2a41f\",\"t\":1791217261193}","source":"console","time":"2026-10-05T16:21:01Z"}
{"level":"info","msg":"{\"ev\":\"accepted\",\"id\":\"eddf195e-28b5-40ad-8292-e47dda57a5c4\",\"t\":1791217263195}","source":"console","time":"2026-10-05T16:21:03Z"}
{"level":"info","msg":"{\"ev\":\"accepted\",\"id\":\"a0233614-7546-4f74-baf5-826ab861d24d\",\"t\":1791217265190}","source":"console","time":"2026-10-05T16:21:05Z"}
{"level":"info","msg":"{\"ev\":\"accepted\",\"id\":\"f90213cd-8ace-4090-ad49-675c4501ff68\",\"t\":1791217267193}","source":"console","time":"2026-10-05T16:21:07Z"}
{"level":"info","msg":"{\"ev\":\"accepted\",\"id\":\"27ed3ac7-52a4-4c5e-bf8c-4f45d1c4841b\",\"t\":1791217269186}","source":"console","time":"2026-10-05T16:21:09Z"}
{"level":"info","msg":"{\"ev\":\"accepted\",\"id\":\"64a4cb63-c262-4a66-8059-7a54432395f7\",\"t\":1791217271194}","source":"console","time":"2026-10-05T16:21:11Z"}
{"level":"info","msg":"{\"ev\":\"accepted\",\"id\":\"8221498f-8e6d-42e6-949a-03416a10d795\",\"t\":1791217273195}","source":"console","time":"2026-10-05T16:21:13Z"}
{"level":"info","msg":"{\"ev\":\"accepted\",\"id\":\"56ad2ade-c11a-4305-9d25-76488726306b\",\"t\":1791217275195}","source":"console","time":"2026-10-05T16:21:15Z"}
{"level":"info","msg":"{\"ev\":\"accepted\",\"id\":\"3fd65aa5-e80e-46fb-a2e1-f216dad7129c\",\"t\":1791217277197}","source":"console","time":"2026-10-05T16:21:17Z"}
{"level":"info","msg":"{\"ev\":\"accepted\",\"id\":\"b4632f74-b4e2-455f-ad87-42f3973a84c0\",\"t\":1791217279186}","source":"console","time":"2026-10-05T16:21:19Z"}
{"level":"info","msg":"{\"ev\":\"accepted\",\"id\":\"4dc4e7b7-b9f6-4c91-9886-1418c82f8f51\",\"t\":1791217281186}","source":"console","time":"2026-10-05T16:21:21Z"}
{"level":"info","msg":"{\"ev\":\"accepted\",\"id\":\"1746b125-42bf-40e4-8d94-732814a31fe9\",\"t\":1791217283184}","source":"console","time":"2026-10-05T16:21:23Z"}
{"level":"info","msg":"{\"ev\":\"accepted\",\"id\":\"103aafdd-bf56-427d-8c8a-35270728996e\",\"t\":1791217285195}","source":"console","time":"2026-10-05T16:21:25Z"}
{"level":"info","msg":"{\"ev\":\"accepted\",\"id\":\"ed5bc1f8-ed01-48bd-bb33-e6dce1df4113\",\"t\":1791217287194}","source":"console","time":"2026-10-05T16:21:27Z"}
{"level":"info","msg":"{\"ev\":\"accepted\",\"id\":\"241dcda9-9ab7-4468-bf02-e81ab4a00c80\",\"t\":1791217289189}","source":"console","time":"2026-10-05T16:21:29Z"}
{"level":"info","msg":"{\"ev\":\"accepted\",\"id\":\"5a6ab4cc-d8b6-4ff6-a9ab-8b355e2efe69\",\"t\":1791217291184}","source":"console","time":"2026-10-05T16:21:31Z"}
{"level":"info","msg":"{\"ev\":\"accepted\",\"id\":\"e7efc34d-965a-4562-9e51-f8911c4b60d5\",\"t\":1791217293195}","source":"console","time":"2026-10-05T16:21:33Z"}
{"level":"info","msg":"{\"ev\":\"accepted\",\"id\":\"a67e8e90-a743-4550-80e1-ac55f28a3080\",\"t\":1791217295200}","source":"console","time":"2026-10-05T16:21:35Z"}
{"level":"info","msg":"{\"ev\":\"accepted\",\"id\":\"bdfd08de-629b-41a8-9a20-e8962fd7f2ee\",\"t\":1791217297192}","source":"console","time":"2026-10-05T16:21:37Z"}
{"level":"info","msg":"{\"ev\":\"accepted\",\"id\":\"eff4a2c9-4d06-4e83-9493-38d96883fecd\",\"t\":1791217299197}","source":"console","time":"2026-10-05T16:21:39Z"}
{"level":"info","msg":"{\"ev\":\"accepted\",\"id\":\"7699f685-13d0-46b6-948c-9481690fe5f6\",\"t\":1791217301194}","source":"console","time":"2026-10-05T16:21:41Z"}
{"level":"info","msg":"{\"ev\":\"accepted\",\"id\":\"a562e137-89bf-4702-986c-d397e0f951dd\",\"t\":1791217303186}","source":"console","time":"2026-10-05T16:21:43Z"}
{"level":"info","msg":"{\"ev\":\"accepted\",\"id\":\"80ce0083-c4a5-4226-b7ec-aa17a39097d7\",\"t\":1791217305193}","source":"console","time":"2026-10-05T16:21:45Z"}
{"level":"info","msg":"{\"ev\":\"accepted\",\"id\":\"81b50ae8-709b-4a5d-967d-8ea828775151\",\"t\":1791217307195}","source":"console","time":"2026-10-05T16:21:47Z"}
{"level":"info","msg":"{\"ev\":\"accepted\",\"id\":\"7a5e3f3e-7ec2-4a64-a381-3cbdd4e8e55a\",\"t\":1791217309195}","source":"console","time":"2026-10-05T16:21:49Z"}
{"level":"info","msg":"{\"ev\":\"accepted\",\"id\":\"c654b143-4b31-4869-9286-a16d4f505459\",\"t\":1791217311196}","source":"console","time":"2026-10-05T16:21:51Z"}
{"level":"info","msg":"{\"ev\":\"accepted\",\"id\":\"e9095d60-32d3-48b0-8fd5-fc60625483a2\",\"t\":1791217313195}","source":"console","time":"2026-10-05T16:21:53Z"}
{"level":"info","msg":"{\"ev\":\"accepted\",\"id\":\"5631272e-c30c-476e-ad08-24fdeabb3b97\",\"t\":1791217315186}","source":"console","time":"2026-10-05T16:21:55Z"}
{"level":"info","msg":"{\"ev\":\"accepted\",\"id\":\"7930b2b0-937a-4c57-a507-4dc9b87ba72f\",\"t\":1791217317185}","source":"console","time":"2026-10-05T16:21:57Z"}
{"level":"info","msg":"{\"ev\":\"accepted\",\"id\":\"9bee902d-f04f-4e7d-b06b-c0b6b9f8f7a0\",\"t\":1791217319191}","source":"console","time":"2026-10-05T16:21:59Z"}
{"level":"info","msg":"{\"ev\":\"accepted\",\"id\":\"f0c80bae-36cc-41b8-a612-d8e808fa2b42\",\"t\":1791217321192}","source":"console","time":"2026-10-05T16:22:01Z"}
{"level":"info","msg":"{\"ev\":\"accepted\",\"id\":\"1ab81a54-52ae-4488-9483-36e87107ead2\",\"t\":1791217323185}","source":"console","time":"2026-10-05T16:22:03Z"}
{"level":"info","msg":"{\"ev\":\"accepted\",\"id\":\"64e63d63-e2f5-4164-b6dc-fab8b4323972\",\"t\":1791217325186}","source":"console","time":"2026-10-05T16:22:05Z"}
{"level":"info","msg":"{\"ev\":\"accepted\",\"id\":\"127b524d-f70e-424c-bb27-8edab1f65771\",\"t\":1791217327191}","source":"console","time":"2026-10-05T16:22:07Z"}
{"level":"info","msg":"{\"ev\":\"accepted\",\"id\":\"34852545-34cf-47be-8f7a-c184ed3e7c05\",\"t\":1791217329191}","source":"console","time":"2026-10-05T16:22:09Z"}
{"level":"info","msg":"{\"ev\":\"accepted\",\"id\":\"111f7da9-0afa-4112-93c6-8e9a4c64b47e\",\"t\":1791217331187}","source":"console","time":"2026-10-05T16:22:11Z"}
{"level":"info","msg":"{\"ev\":\"accepted\",\"id\":\"3184f92e-f91b-455f-ac17-b3ee857d65e1\",\"t\":1791217333191}","source":"console","time":"2026-10-05T16:22:13Z"}
{"level":"info","msg":"{\"ev\":\"accepted\",\"id\":\"1d204741-0639-45ef-9fca-777c19a17a08\",\"t\":1791217335191}","source":"console","time":"2026-10-05T16:22:15Z"}
{"level":"info","msg":"{\"ev\":\"accepted\",\"id\":\"be10cb73-dcd0-42ad-82d0-4817e0a078a6\",\"t\":1791217337195}","source":"console","time":"2026-10-05T16:22:17Z"}
{"level":"info","msg":"{\"ev\":\"accepted\",\"id\":\"7eea6778-1667-4411-bef5-bec3760a246c\",\"t\":1791217339196}","source":"console","time":"2026-10-05T16:22:19Z"}
{"level":"info","msg":"{\"ev\":\"accepted\",\"id\":\"8196bd6b-26dd-4461-b4ba-740af89f11ea\",\"t\":1791217341187}","source":"console","time":"2026-10-05T16:22:21Z"}
{"level":"info","msg":"{\"ev\":\"accepted\",\"id\":\"7476cb23-fb02-4832-94f4-02318f166a44\",\"t\":1791217343193}","source":"console","time":"2026-10-05T16:22:23Z"}
{"level":"info","msg":"{\"ev\":\"accepted\",\"id\":\"c800525b-623b-4998-b2cf-f1c4bc20e0c1\",\"t\":1791217345193}","source":"console","time":"2026-10-05T16:22:25Z"}
{"level":"info","msg":"{\"ev\":\"accepted\",\"id\":\"d56bcb5d-ee83-4fcb-bda5-6597514c263d\",\"t\":1791217347186}","source":"console","time":"2026-10-05T16:22:27Z"}
{"level":"info","msg":"{\"ev\":\"accepted\",\"id\":\"e2e3e4ba-ce2a-4a3c-a436-142fa5bedb6c\",\"t\":1791217349193}","source":"console","time":"2026-10-05T16:22:29Z"}
{"level":"info","msg":"{\"ev\":\"accepted\",\"id\":\"b083df40-26fe-43c3-94ed-52203362618f\",\"t\":1791217351195}","source":"console","time":"2026-10-05T16:22:31Z"}
{"level":"info","msg":"{\"ev\":\"accepted\",\"id\":\"648e3ff1-64e4-4c6d-ac2b-db78b5d7a631\",\"t\":1791217353195}","source":"console","time":"2026-10-05T16:22:33Z"}
{"level":"info","msg":"{\"ev\":\"accepted\",\"id\":\"e0277ac5-b42a-47de-8548-787177ac14cf\",\"t\":1791217355196}","source":"console","time":"2026-10-05T16:22:35Z"}
{"level":"info","msg":"{\"ev\":\"accepted\",\"id\":\"fce0db64-6ed6-4829-a048-ec66d91c72aa\",\"t\":1791217357185}","source":"console","time":"2026-10-05T16:22:37Z"}
{"level":"info","msg":"{\"ev\":\"accepted\",\"id\":\"fdc5762b-f32c-4a9c-b220-7e879054db3d\",\"t\":1791217359185}","source":"console","time":"2026-10-05T16:22:39Z"}
{"level":"info","msg":"{\"ev\":\"accepted\",\"id\":\"a34795aa-4539-49d4-84e7-feb04a456e6b\",\"t\":1791217361194}","source":"console","time":"2026-10-05T16:22:41Z"}
{"level":"info","msg":"{\"ev\":\"accepted\",\"id\":\"ca4b3b06-f821-42ad-b1af-d131f1ab1bfe\",\"t\":1791217363190}","source":"console","time":"2026-10-05T16:22:43Z"}
{"level":"info","msg":"{\"ev\":\"accepted\",\"id\":\"a1f711ad-8c4b-491b-be15-d5a3fa5a80fe\",\"t\":1791217365192}","source":"console","time":"2026-10-05T16:22:45Z"}
{"level":"info","msg":"{\"ev\":\"accepted\",\"id\":\"b5bc65aa-2503-4900-a3be-0fedf4346299\",\"t\":1791217367193}","source":"console","time":"2026-10-05T16:22:47Z"}
{"level":"info","msg":"{\"ev\":\"accepted\",\"id\":\"f030b19f-3fcf-4f8d-8ed1-3b60b24368ac\",\"t\":1791217369197}","source":"console","time":"2026-10-05T16:22:49Z"}
{"level":"info","msg":"{\"ev\":\"accepted\",\"id\":\"496071a7-3d00-4503-99a7-0f7b46841f00\",\"t\":1791217371195}","source":"console","time":"2026-10-05T16:22:51Z"}
{"level":"info","msg":"{\"ev\":\"accepted\",\"id\":\"4153e983-d76a-4ccd-a122-76598ee3b4a8\",\"t\":1791217373187}","source":"console","time":"2026-10-05T16:22:53Z"}
{"level":"info","msg":"{\"ev\":\"accepted\",\"id\":\"a852bb27-443b-457b-956f-19364024faa2\",\"t\":1791217375194}","source":"console","time":"2026-10-05T16:22:55Z"}
{"level":"info","msg":"{\"ev\":\"accepted\",\"id\":\"38b8cd88-7e55-4110-8394-f57a6014be23\",\"t\":1791217377185}","source":"console","time":"2026-10-05T16:22:57Z"}
{"level":"info","msg":"{\"ev\":\"accepted\",\"id\":\"d247cf81-7b83-4c02-80c4-2ed49b50f0f6\",\"t\":1791217379191}","source":"console","time":"2026-10-05T16:22:59Z"}
{"level":"info","msg":"{\"ev\":\"accepted\",\"id\":\"13dc27a6-c293-4d64-9494-7695d1d542c0\",\"t\":1791217381186}","source":"console","time":"2026-10-05T16:23:01Z"}
{"level":"info","msg":"{\"ev\":\"accepted\",\"id\":\"336a50c9-e18b-4528-a550-718b281d84d7\",\"t\":1791217383185}","source":"console","time":"2026-10-05T16:23:03Z"}
{"level":"info","msg":"{\"ev\":\"accepted\",\"id\":\"0d54a440-9788-402e-88c3-247a18c540ed\",\"t\":1791217385194}","source":"console","time":"2026-10-05T16:23:05Z"}
{"level":"info","msg":"{\"ev\":\"accepted\",\"id\":\"e34fe8e2-4141-4d93-99a3-5efb8c9600b5\",\"t\":1791217387191}","source":"console","time":"2026-10-05T16:23:07Z"}
{"level":"info","msg":"{\"ev\":\"accepted\",\"id\":\"3f2e338b-b0d4-4526-8c2f-6bfe8a7216f3\",\"t\":1791217389193}","source":"console","time":"2026-10-05T16:23:09Z"}
{"level":"info","msg":"{\"ev\":\"accepted\",\"id\":\"289f8314-616a-43ff-b7ed-609664c330c6\",\"t\":1791217391192}","source":"console","time":"2026-10-05T16:23:11Z"}
{"level":"info","msg":"{\"ev\":\"accepted\",\"id\":\"4596ac10-12b3-4860-83ac-34aa3ff27c4d\",\"t\":1791217393197}","source":"console","time":"2026-10-05T16:23:13Z"}
{"level":"info","msg":"{\"ev\":\"accepted\",\"id\":\"310da786-c98e-4a82-97d8-0ab5b3effa5f\",\"t\":1791217395187}","source":"console","time":"2026-10-05T16:23:15Z"}
{"level":"info","msg":"{\"ev\":\"accepted\",\"id\":\"22f69686-3d23-462e-8c37-1ab703387139\",\"t\":1791217397194}","source":"console","time":"2026-10-05T16:23:17Z"}
{"level":"info","msg":"{\"ev\":\"accepted\",\"id\":\"21ee0bb4-4367-4159-b042-4839a7fe46e8\",\"t\":1791217399191}","source":"console","time":"2026-10-05T16:23:19Z"}
{"level":"info","msg":"{\"ev\":\"accepted\",\"id\":\"649118a5-2c2f-43ed-bf84-165ee308ead0\",\"t\":1791217401186}","source":"console","time":"2026-10-05T16:23:21Z"}
{"level":"info","msg":"{\"ev\":\"accepted\",\"id\":\"7a1a3dda-82df-41d5-bc27-9960485f14f2\",\"t\":1791217403203}","source":"console","time":"2026-10-05T16:23:23Z"}
{"level":"info","msg":"{\"ev\":\"accepted\",\"id\":\"4595988d-2649-493e-b3bb-438722b7d033\",\"t\":1791217405191}","source":"console","time":"2026-10-05T16:23:25Z"}
{"level":"info","msg":"{\"ev\":\"accepted\",\"id\":\"144a4b12-325e-4744-b161-0c4c7451ca0f\",\"t\":1791217407184}","source":"console","time":"2026-10-05T16:23:27Z"}
{"level":"info","msg":"{\"ev\":\"accepted\",\"id\":\"033720f5-798e-4d81-93e7-953f7d10d7e4\",\"t\":1791217409191}","source":"console","time":"2026-10-05T16:23:29Z"}
{"level":"info","msg":"{\"ev\":\"accepted\",\"id\":\"f6bffcea-c9f7-4cfd-ab94-75068eeec7e4\",\"t\":1791217411185}","source":"console","time":"2026-10-05T16:23:31Z"}
{"level":"info","msg":"{\"ev\":\"accepted\",\"id\":\"5eaa1e25-0819-4a97-9e7a-28a8ff421237\",\"t\":1791217413191}","source":"console","time":"2026-10-05T16:23:33Z"}
{"level":"info","msg":"{\"ev\":\"accepted\",\"id\":\"7d63855b-33de-409e-80d0-ec1066d5495a\",\"t\":1791217415181}","source":"console","time":"2026-10-05T16:23:35Z"}
{"level":"info","msg":"{\"ev\":\"accepted\",\"id\":\"a44e23e3-5a63-4d53-9a35-85e5dad6d855\",\"t\":1791217416900}","source":"console","time":"2026-10-05T16:23:36Z"}
{"level":"info","msg":"{\"ev\":\"accepted\",\"id\":\"1d606fb2-be29-4b7c-8bc3-5f7216e912f0\",\"t\":1791217418376}","source":"console","time":"2026-10-05T16:23:38Z"}
{"level":"info","msg":"{\"ev\":\"accepted\",\"id\":\"986035b5-fd14-43be-ab0c-1be7b6f2bd6d\",\"t\":1791217419684}","source":"console","time":"2026-10-05T16:23:39Z"}
{"level":"info","msg":"{\"ev\":\"accepted\",\"id\":\"15f02a8c-3c2d-471f-9fb3-965bddeaa4f8\",\"t\":1791217420935}","source":"console","time":"2026-10-05T16:23:40Z"}
{"level":"info","msg":"{\"ev\":\"accepted\",\"id\":\"ee6ee183-b0f7-4682-8cc6-bf9d0357d96f\",\"t\":1791217422185}","source":"console","time":"2026-10-05T16:23:42Z"}
{"level":"info","msg":"{\"ev\":\"accepted\",\"id\":\"eae4ad9c-7c78-482b-8cba-309b889bd159\",\"t\":1791217423440}","source":"console","time":"2026-10-05T16:23:43Z"}
{"level":"info","msg":"{\"ev\":\"accepted\",\"id\":\"b1980bfd-8e7a-4859-a888-9ca489232ca9\",\"t\":1791217424692}","source":"console","time":"2026-10-05T16:23:44Z"}
{"level":"info","msg":"{\"ev\":\"accepted\",\"id\":\"2cfba074-c82b-4a5b-a402-ffde6b3dafd9\",\"t\":1791217425935}","source":"console","time":"2026-10-05T16:23:45Z"}
{"level":"info","msg":"{\"ev\":\"accepted\",\"id\":\"51cbba5f-afdd-4242-86bb-95867a9158e8\",\"t\":1791217427195}","source":"console","time":"2026-10-05T16:23:47Z"}
{"level":"info","msg":"{\"ev\":\"accepted\",\"id\":\"a624a1a0-fc65-4480-8f94-c04daf9ae204\",\"t\":1791217428440}","source":"console","time":"2026-10-05T16:23:48Z"}
{"level":"info","msg":"{\"ev\":\"accepted\",\"id\":\"6aea4c0a-2e7a-431b-a811-06f0542207e4\",\"t\":1791217429694}","source":"console","time":"2026-10-05T16:23:49Z"}
{"level":"info","msg":"{\"ev\":\"accepted\",\"id\":\"f4dd125d-ff43-4458-b97e-0f95b14c735e\",\"t\":1791217430944}","source":"console","time":"2026-10-05T16:23:50Z"}
{"level":"info","msg":"{\"ev\":\"accepted\",\"id\":\"502c9835-5116-47ae-a5a7-af68c1eab029\",\"t\":1791217432194}","source":"console","time":"2026-10-05T16:23:52Z"}
{"level":"info","msg":"{\"ev\":\"accepted\",\"id\":\"2adfaac6-57c1-4ff9-8ed9-ccab7485bae0\",\"t\":1791217433445}","source":"console","time":"2026-10-05T16:23:53Z"}
{"level":"info","msg":"{\"ev\":\"accepted\",\"id\":\"e92c5438-c37c-4448-9410-788a4aeeb26a\",\"t\":1791217434696}","source":"console","time":"2026-10-05T16:23:54Z"}
{"level":"info","msg":"{\"ev\":\"accepted\",\"id\":\"12e4b9e0-b5ab-47f0-8e1d-62efd3a1d71e\",\"t\":1791217435941}","source":"console","time":"2026-10-05T16:23:55Z"}
{"level":"info","msg":"{\"ev\":\"accepted\",\"id\":\"a1b2b2bc-a4bf-48be-a726-6bc89ce9bc5c\",\"t\":1791217437186}","source":"console","time":"2026-10-05T16:23:57Z"}
{"level":"info","msg":"{\"ev\":\"accepted\",\"id\":\"8e691a89-e8ca-42a4-b059-d1eb86f388ff\",\"t\":1791217438444}","source":"console","time":"2026-10-05T16:23:58Z"}
{"level":"info","msg":"{\"ev\":\"accepted\",\"id\":\"a2cc340c-d8a3-43ad-a265-de1d44f65604\",\"t\":1791217439693}","source":"console","time":"2026-10-05T16:23:59Z"}
{"level":"info","msg":"{\"ev\":\"accepted\",\"id\":\"bd30943b-181d-49a1-9ddb-47b7cea7e2f1\",\"t\":1791217440943}","source":"console","time":"2026-10-05T16:24:00Z"}
{"level":"info","msg":"{\"ev\":\"accepted\",\"id\":\"c8e77a01-1afb-4853-9311-fb5d8965479a\",\"t\":1791217442194}","source":"console","time":"2026-10-05T16:24:02Z"}
{"level":"info","msg":"{\"ev\":\"accepted\",\"id\":\"556cdb3c-cee5-43dd-a6eb-a86b78580a3e\",\"t\":1791217443434}","source":"console","time":"2026-10-05T16:24:03Z"}
{"level":"info","msg":"{\"ev\":\"accepted\",\"id\":\"f1d537e4-a72c-41dd-b988-d783c9bfa0b9\",\"t\":1791217444692}","source":"console","time":"2026-10-05T16:24:04Z"}
{"level":"info","msg":"{\"ev\":\"accepted\",\"id\":\"cff09a7e-94c6-4cd4-bd48-6fa5b4acf446\",\"t\":1791217445944}","source":"console","time":"2026-10-05T16:24:05Z"}
{"level":"info","msg":"{\"ev\":\"accepted\",\"id\":\"5157c136-d319-4cdf-8a44-05c369036c9b\",\"t\":1791217447194}","source":"console","time":"2026-10-05T16:24:07Z"}
{"level":"info","msg":"{\"ev\":\"accepted\",\"id\":\"ff63fff6-2c61-4661-aaa7-1d9116847c38\",\"t\":1791217448435}","source":"console","time":"2026-10-05T16:24:08Z"}
{"level":"info","msg":"{\"ev\":\"accepted\",\"id\":\"ad77f843-98af-4969-b56f-181be221c07c\",\"t\":1791217449694}","source":"console","time":"2026-10-05T16:24:09Z"}
{"level":"info","msg":"{\"ev\":\"accepted\",\"id\":\"58499520-1d76-4d57-8aeb-a3b837a537e4\",\"t\":1791217450941}","source":"console","time":"2026-10-05T16:24:10Z"}
{"level":"info","msg":"{\"ev\":\"accepted\",\"id\":\"cbf36bec-8a39-45fe-bd5a-9eeb65f00d0e\",\"t\":1791217452193}","source":"console","time":"2026-10-05T16:24:12Z"}
{"level":"info","msg":"{\"ev\":\"accepted\",\"id\":\"48efccac-2a14-4e7b-89f1-ba2376c44807\",\"t\":1791217453440}","source":"console","time":"2026-10-05T16:24:13Z"}
{"level":"info","msg":"{\"ev\":\"accepted\",\"id\":\"3fd04453-5029-49d8-b5ff-d498df537656\",\"t\":1791217454692}","source":"console","time":"2026-10-05T16:24:14Z"}
{"level":"info","msg":"{\"ev\":\"accepted\",\"id\":\"3a62e34f-bd9e-441e-bc14-c6cea31741e1\",\"t\":1791217455934}","source":"console","time":"2026-10-05T16:24:15Z"}
{"level":"info","msg":"{\"ev\":\"accepted\",\"id\":\"27de172a-debb-4fc3-8237-0ec453b2e34c\",\"t\":1791217457192}","source":"console","time":"2026-10-05T16:24:17Z"}
{"level":"info","msg":"{\"ev\":\"accepted\",\"id\":\"20e3e905-1918-49fb-9cf4-746ae206821a\",\"t\":1791217458441}","source":"console","time":"2026-10-05T16:24:18Z"}
{"level":"info","msg":"{\"ev\":\"accepted\",\"id\":\"e5454b80-f3a3-4323-b23f-aafa28f4e260\",\"t\":1791217459696}","source":"console","time":"2026-10-05T16:24:19Z"}
{"level":"info","msg":"{\"ev\":\"accepted\",\"id\":\"eb64fd52-7c3b-45fc-ad53-874c31a71a20\",\"t\":1791217460941}","source":"console","time":"2026-10-05T16:24:20Z"}
{"level":"info","msg":"{\"ev\":\"accepted\",\"id\":\"01340d16-f45f-45e7-8f20-e6e5439c307a\",\"t\":1791217462184}","source":"console","time":"2026-10-05T16:24:22Z"}
{"level":"info","msg":"{\"ev\":\"accepted\",\"id\":\"2111a127-7339-40a3-8cfa-aea856f5d308\",\"t\":1791217463434}","source":"console","time":"2026-10-05T16:24:23Z"}
{"level":"info","msg":"{\"ev\":\"accepted\",\"id\":\"477e494a-ad54-4aac-85fc-fe23524e22e5\",\"t\":1791217464685}","source":"console","time":"2026-10-05T16:24:24Z"}
{"level":"info","msg":"{\"ev\":\"accepted\",\"id\":\"0c844151-8a96-4cfc-9fb3-e2e7e78d3c9f\",\"t\":1791217465943}","source":"console","time":"2026-10-05T16:24:25Z"}
{"level":"info","msg":"{\"ev\":\"accepted\",\"id\":\"4948404e-2cbb-4a7a-991f-0c908ad8aa21\",\"t\":1791217467195}","source":"console","time":"2026-10-05T16:24:27Z"}
{"level":"info","msg":"{\"ev\":\"accepted\",\"id\":\"0f92c81f-b38f-4682-b5fb-7bf51efff2ec\",\"t\":1791217468445}","source":"console","time":"2026-10-05T16:24:28Z"}
{"level":"info","msg":"{\"ev\":\"accepted\",\"id\":\"79e993af-59d0-46b6-8288-e73f721d5f66\",\"t\":1791217469693}","source":"console","time":"2026-10-05T16:24:29Z"}
{"level":"info","msg":"{\"ev\":\"accepted\",\"id\":\"262b0e36-1ce8-427d-bb50-e00379e30e76\",\"t\":1791217470937}","source":"console","time":"2026-10-05T16:24:30Z"}
{"level":"info","msg":"{\"ev\":\"accepted\",\"id\":\"ded80d67-30ae-4282-a3d9-a417d61f95ab\",\"t\":1791217472190}","source":"console","time":"2026-10-05T16:24:32Z"}
{"level":"info","msg":"{\"ev\":\"accepted\",\"id\":\"407ce456-7dcd-4311-84b5-b44e923b312a\",\"t\":1791217473441}","source":"console","time":"2026-10-05T16:24:33Z"}
{"level":"info","msg":"{\"ev\":\"accepted\",\"id\":\"43b8eab0-2370-424c-b23b-0ad188cd27df\",\"t\":1791217474696}","source":"console","time":"2026-10-05T16:24:34Z"}
{"level":"info","msg":"{\"ev\":\"accepted\",\"id\":\"cc41f455-39a5-4e64-ad8f-0c364d0070d5\",\"t\":1791217475934}","source":"console","time":"2026-10-05T16:24:35Z"}
{"level":"info","msg":"{\"ev\":\"accepted\",\"id\":\"c9c4df80-69b9-4aac-a3ec-1b2103c338a7\",\"t\":1791217477193}","source":"console","time":"2026-10-05T16:24:37Z"}
{"level":"info","msg":"{\"ev\":\"accepted\",\"id\":\"2da720b1-0996-4ff2-8225-c7a653ce80ba\",\"t\":1791217478440}","source":"console","time":"2026-10-05T16:24:38Z"}
{"level":"info","msg":"{\"ev\":\"accepted\",\"id\":\"014b94ff-f9f4-4abf-8369-6ca9d0fad2bd\",\"t\":1791217479685}","source":"console","time":"2026-10-05T16:24:39Z"}
{"level":"info","msg":"{\"ev\":\"accepted\",\"id\":\"0f620a7a-619b-47fd-bc13-683111bff4b4\",\"t\":1791217480936}","source":"console","time":"2026-10-05T16:24:40Z"}
{"level":"info","msg":"{\"ev\":\"accepted\",\"id\":\"abff3b8d-4bfd-4d33-acf7-8f3f98cc33be\",\"t\":1791217482185}","source":"console","time":"2026-10-05T16:24:42Z"}
{"level":"info","msg":"{\"ev\":\"accepted\",\"id\":\"a7ce6db8-518c-4f92-b84e-73ab11386f32\",\"t\":1791217483440}","source":"console","time":"2026-10-05T16:24:43Z"}
{"level":"info","msg":"{\"ev\":\"accepted\",\"id\":\"facaa578-29ee-415f-8d8a-73a896835f89\",\"t\":1791217484695}","source":"console","time":"2026-10-05T16:24:44Z"}
{"level":"info","msg":"{\"ev\":\"accepted\",\"id\":\"6a91de80-1c12-43c4-9076-11aa5aac3500\",\"t\":1791217485944}","source":"console","time":"2026-10-05T16:24:45Z"}
{"level":"info","msg":"{\"ev\":\"accepted\",\"id\":\"aafdd9fd-e486-49f7-8e02-746ae9ca83ce\",\"t\":1791217487195}","source":"console","time":"2026-10-05T16:24:47Z"}
{"level":"info","msg":"{\"ev\":\"accepted\",\"id\":\"5b803b38-e337-46a1-9d19-1c53a5bc89ac\",\"t\":1791217488444}","source":"console","time":"2026-10-05T16:24:48Z"}
{"level":"info","msg":"{\"ev\":\"accepted\",\"id\":\"38427ee6-1101-4f9e-896f-6085b32d1598\",\"t\":1791217489694}","source":"console","time":"2026-10-05T16:24:49Z"}
{"level":"info","msg":"{\"ev\":\"accepted\",\"id\":\"52fc3fd6-1c6b-46c0-9020-7737b149201e\",\"t\":1791217490942}","source":"console","time":"2026-10-05T16:24:50Z"}
{"level":"info","msg":"{\"ev\":\"accepted\",\"id\":\"e82c77e0-5309-4ff4-b1dc-8b9629c06d4d\",\"t\":1791217492186}","source":"console","time":"2026-10-05T16:24:52Z"}
{"level":"info","msg":"{\"ev\":\"accepted\",\"id\":\"d2686ea7-070c-42c3-829b-dba24a2cc32c\",\"t\":1791217493442}","source":"console","time":"2026-10-05T16:24:53Z"}
{"level":"info","msg":"{\"ev\":\"accepted\",\"id\":\"92c4b9f6-4053-4959-a582-cd8cf7e34217\",\"t\":1791217494694}","source":"console","time":"2026-10-05T16:24:54Z"}
{"level":"info","msg":"{\"ev\":\"accepted\",\"id\":\"0a211beb-7782-4e01-a660-c7125b61e46a\",\"t\":1791217495939}","source":"console","time":"2026-10-05T16:24:55Z"}
{"level":"info","msg":"{\"ev\":\"accepted\",\"id\":\"8dbd3e97-9a8e-4c48-a493-585b32aad171\",\"t\":1791217497194}","source":"console","time":"2026-10-05T16:24:57Z"}
{"level":"info","msg":"{\"ev\":\"accepted\",\"id\":\"1224ab38-a356-4e72-b2d8-8deb1cf0048a\",\"t\":1791217498438}","source":"console","time":"2026-10-05T16:24:58Z"}
{"level":"info","msg":"{\"ev\":\"accepted\",\"id\":\"eaa7ef9c-e0ae-4c89-a65f-7ee16417eda5\",\"t\":1791217499693}","source":"console","time":"2026-10-05T16:24:59Z"}
{"level":"info","msg":"{\"ev\":\"accepted\",\"id\":\"bc208eb0-5dc9-4870-9cca-37cde9f5d158\",\"t\":1791217500943}","source":"console","time":"2026-10-05T16:25:00Z"}
{"level":"info","msg":"{\"ev\":\"accepted\",\"id\":\"f24d3d9d-bcea-46f0-857a-02e34061f90c\",\"t\":1791217502192}","source":"console","time":"2026-10-05T16:25:02Z"}
{"level":"info","msg":"{\"ev\":\"accepted\",\"id\":\"3ca5fd9d-379e-42a5-badd-5a8d083273b9\",\"t\":1791217503435}","source":"console","time":"2026-10-05T16:25:03Z"}
{"level":"info","msg":"{\"ev\":\"accepted\",\"id\":\"e9828cbb-b524-4d1e-9ea8-8a8d25706375\",\"t\":1791217504693}","source":"console","time":"2026-10-05T16:25:04Z"}
{"level":"info","msg":"{\"ev\":\"accepted\",\"id\":\"b91fe49b-9a5d-4d0f-b8e2-9bce20064e7a\",\"t\":1791217505940}","source":"console","time":"2026-10-05T16:25:05Z"}
{"level":"info","msg":"{\"ev\":\"accepted\",\"id\":\"54a25000-5ffb-4de3-87c4-5e315ae6c542\",\"t\":1791217507196}","source":"console","time":"2026-10-05T16:25:07Z"}
{"level":"info","msg":"{\"ev\":\"accepted\",\"id\":\"8fbca930-a663-4ce3-8ca6-b1babb53d6c5\",\"t\":1791217508444}","source":"console","time":"2026-10-05T16:25:08Z"}
{"level":"info","msg":"{\"ev\":\"accepted\",\"id\":\"0951016d-55be-436a-ba60-4fa4845e9bc0\",\"t\":1791217509693}","source":"console","time":"2026-10-05T16:25:09Z"}
{"level":"info","msg":"{\"ev\":\"accepted\",\"id\":\"52041444-ef66-4955-901d-87d3d86b6c2c\",\"t\":1791217510934}","source":"console","time":"2026-10-05T16:25:10Z"}
{"level":"info","msg":"{\"ev\":\"accepted\",\"id\":\"6fde8fbd-44b4-454b-b243-c2d13c1b7357\",\"t\":1791217512197}","source":"console","time":"2026-10-05T16:25:12Z"}
{"level":"info","msg":"{\"ev\":\"accepted\",\"id\":\"6647f92a-b2e2-4ad1-b529-737d58a2ce3c\",\"t\":1791217513445}","source":"console","time":"2026-10-05T16:25:13Z"}
{"level":"info","msg":"{\"ev\":\"accepted\",\"id\":\"264cbda1-9366-4ee7-98cd-72ba188f4713\",\"t\":1791217514685}","source":"console","time":"2026-10-05T16:25:14Z"}
{"level":"info","msg":"{\"ev\":\"accepted\",\"id\":\"dda04f05-6195-4ae4-8c1c-ef8a3b3dd8b2\",\"t\":1791217515941}","source":"console","time":"2026-10-05T16:25:15Z"}
{"level":"info","msg":"{\"ev\":\"accepted\",\"id\":\"3dda3aed-2ed7-4c1b-a959-fba1eabb879a\",\"t\":1791217517194}","source":"console","time":"2026-10-05T16:25:17Z"}
{"level":"info","msg":"{\"ev\":\"accepted\",\"id\":\"67e1a292-f0f1-45f8-89c0-a6477bb57d7e\",\"t\":1791217518443}","source":"console","time":"2026-10-05T16:25:18Z"}
{"level":"info","msg":"{\"ev\":\"accepted\",\"id\":\"94965b40-f096-44ce-9b5c-8a9a4543fa6b\",\"t\":1791217519685}","source":"console","time":"2026-10-05T16:25:19Z"}
{"level":"info","msg":"{\"ev\":\"accepted\",\"id\":\"0a04f447-c8fc-41b0-a25d-7a004f580c1e\",\"t\":1791217520934}","source":"console","time":"2026-10-05T16:25:20Z"}
{"level":"info","msg":"{\"ev\":\"accepted\",\"id\":\"029738eb-028b-48b4-9fe0-e3723252d9b3\",\"t\":1791217522194}","source":"console","time":"2026-10-05T16:25:22Z"}
{"level":"info","msg":"{\"ev\":\"accepted\",\"id\":\"014bd618-63b5-4516-a924-b690fc6e6b7e\",\"t\":1791217523444}","source":"console","time":"2026-10-05T16:25:23Z"}
{"level":"info","msg":"{\"ev\":\"accepted\",\"id\":\"b592adbb-e7c0-4a29-811f-85cd5be4cce8\",\"t\":1791217524693}","source":"console","time":"2026-10-05T16:25:24Z"}
{"level":"info","msg":"{\"ev\":\"accepted\",\"id\":\"3bd23fef-37c5-4018-a19f-ab836ade1932\",\"t\":1791217525936}","source":"console","time":"2026-10-05T16:25:25Z"}
{"level":"info","msg":"{\"ev\":\"accepted\",\"id\":\"3652f2b3-1df6-4161-b6f9-317d164f2b7c\",\"t\":1791217527194}","source":"console","time":"2026-10-05T16:25:27Z"}
{"level":"info","msg":"{\"ev\":\"accepted\",\"id\":\"dec1a0cf-0c86-4a83-a588-f7810d6f75d4\",\"t\":1791217528445}","source":"console","time":"2026-10-05T16:25:28Z"}
{"level":"info","msg":"{\"ev\":\"accepted\",\"id\":\"8974885b-68fd-4886-88bc-42ad386e72a1\",\"t\":1791217529691}","source":"console","time":"2026-10-05T16:25:29Z"}
{"level":"info","msg":"{\"ev\":\"accepted\",\"id\":\"1fd61012-2678-433f-ac11-f20106b830ec\",\"t\":1791217530941}","source":"console","time":"2026-10-05T16:25:30Z"}
{"level":"info","msg":"{\"ev\":\"accepted\",\"id\":\"f1c0b686-5c5e-4e4f-9ead-d139a5001394\",\"t\":1791217532195}","source":"console","time":"2026-10-05T16:25:32Z"}
{"level":"info","msg":"{\"ev\":\"accepted\",\"id\":\"e6fa10fd-1505-46f4-bccd-1d15b2fc80a9\",\"t\":1791217533445}","source":"console","time":"2026-10-05T16:25:33Z"}
{"level":"info","msg":"{\"ev\":\"accepted\",\"id\":\"1b4a88e3-b2a0-4b88-b590-275c5c606279\",\"t\":1791217534694}","source":"console","time":"2026-10-05T16:25:34Z"}
{"level":"info","msg":"{\"ev\":\"accepted\",\"id\":\"c9d989d7-376d-4190-858a-1a539ed77d31\",\"t\":1791217535944}","source":"console","time":"2026-10-05T16:25:35Z"}
{"level":"info","msg":"{\"ev\":\"accepted\",\"id\":\"af6b8630-c655-42ae-96e1-0ed9deca435f\",\"t\":1791217537186}","source":"console","time":"2026-10-05T16:25:37Z"}
{"level":"info","msg":"{\"ev\":\"accepted\",\"id\":\"92fa5212-bb85-450f-949d-0e439938601a\",\"t\":1791217538443}","source":"console","time":"2026-10-05T16:25:38Z"}
{"level":"info","msg":"{\"ev\":\"accepted\",\"id\":\"3c7689e4-cc6f-42c9-9a7b-5e07a3811ca1\",\"t\":1791217539691}","source":"console","time":"2026-10-05T16:25:39Z"}
{"level":"info","msg":"{\"ev\":\"accepted\",\"id\":\"e338b797-c176-48ae-a49e-2e4a5c86a3b5\",\"t\":1791217540941}","source":"console","time":"2026-10-05T16:25:40Z"}
{"level":"info","msg":"{\"ev\":\"accepted\",\"id\":\"d4aad8b3-0834-49aa-a617-4290a757a965\",\"t\":1791217542192}","source":"console","time":"2026-10-05T16:25:42Z"}
{"level":"info","msg":"{\"ev\":\"accepted\",\"id\":\"29f2672b-cf50-4419-8764-bfa0bf654783\",\"t\":1791217543442}","source":"console","time":"2026-10-05T16:25:43Z"}
{"level":"info","msg":"{\"ev\":\"accepted\",\"id\":\"9dd88e50-c6ba-4676-9897-cdc8615dd45a\",\"t\":1791217544691}","source":"console","time":"2026-10-05T16:25:44Z"}
{"level":"info","msg":"{\"ev\":\"accepted\",\"id\":\"6e551485-eced-40a0-b580-90d5d09ba05d\",\"t\":1791217545942}","source":"console","time":"2026-10-05T16:25:45Z"}
{"level":"info","msg":"{\"ev\":\"accepted\",\"id\":\"d26a54ef-aebc-4bbe-b76c-d716e1b75c6f\",\"t\":1791217547193}","source":"console","time":"2026-10-05T16:25:47Z"}
{"level":"info","msg":"{\"ev\":\"accepted\",\"id\":\"56ae0e6f-6392-44c3-ae51-5adb753f34ec\",\"t\":1791217548435}","source":"console","time":"2026-10-05T16:25:48Z"}
{"level":"info","msg":"{\"ev\":\"accepted\",\"id\":\"b1f5bb4e-883b-4186-b4d4-d916a5aeb3cd\",\"t\":1791217549693}","source":"console","time":"2026-10-05T16:25:49Z"}
{"level":"info","msg":"{\"ev\":\"accepted\",\"id\":\"bdc8f15e-2600-4503-aab7-b58cfaf1ab0b\",\"t\":1791217550953}","source":"console","time":"2026-10-05T16:25:50Z"}
{"level":"info","msg":"{\"ev\":\"accepted\",\"id\":\"6aeb7cb2-402c-449a-897d-463327904356\",\"t\":1791217552187}","source":"console","time":"2026-10-05T16:25:52Z"}
{"level":"info","msg":"{\"ev\":\"accepted\",\"id\":\"9b1c3041-a808-4bcd-93c4-d11fcf8a9cc2\",\"t\":1791217553441}","source":"console","time":"2026-10-05T16:25:53Z"}
{"level":"info","msg":"{\"ev\":\"accepted\",\"id\":\"cc565f6d-bdee-4dd0-b19c-aeea9f3b0bf1\",\"t\":1791217554693}","source":"console","time":"2026-10-05T16:25:54Z"}
{"level":"info","msg":"{\"ev\":\"accepted\",\"id\":\"d0e8293e-fbb0-4887-adc3-7cb9cb1f28b1\",\"t\":1791217555942}","source":"console","time":"2026-10-05T16:25:55Z"}
{"level":"info","msg":"{\"ev\":\"accepted\",\"id\":\"d4aee329-2a24-4ce9-9c81-268f857f4558\",\"t\":1791217557193}","source":"console","time":"2026-10-05T16:25:57Z"}
{"level":"info","msg":"{\"ev\":\"accepted\",\"id\":\"0937f1cd-a08f-40b7-ba78-cd4eea49af2a\",\"t\":1791217558444}","source":"console","time":"2026-10-05T16:25:58Z"}
{"level":"info","msg":"{\"ev\":\"accepted\",\"id\":\"42bb7d90-24da-4400-b06e-d5ef8c9a350c\",\"t\":1791217559686}","source":"console","time":"2026-10-05T16:25:59Z"}
{"level":"info","msg":"{\"ev\":\"accepted\",\"id\":\"a6a113a1-7b56-4db7-aedf-a54213affd00\",\"t\":1791217560944}","source":"console","time":"2026-10-05T16:26:00Z"}
{"level":"info","msg":"{\"ev\":\"accepted\",\"id\":\"53593814-f034-4a54-a522-ba7f8a5850d5\",\"t\":1791217562193}","source":"console","time":"2026-10-05T16:26:02Z"}
{"level":"info","msg":"{\"ev\":\"accepted\",\"id\":\"be3bbf6d-972e-4c87-a97b-8713dc4a4be7\",\"t\":1791217563434}","source":"console","time":"2026-10-05T16:26:03Z"}
{"level":"info","msg":"{\"ev\":\"accepted\",\"id\":\"bd0fdd96-1bbb-4b13-941d-4b3bc7855277\",\"t\":1791217564691}","source":"console","time":"2026-10-05T16:26:04Z"}
{"level":"info","msg":"{\"ev\":\"accepted\",\"id\":\"0222e252-f384-43a0-82f9-d6913b8592d5\",\"t\":1791217565943}","source":"console","time":"2026-10-05T16:26:05Z"}
{"level":"info","msg":"{\"ev\":\"accepted\",\"id\":\"56598ec7-c907-499b-8da2-ffd58f3109eb\",\"t\":1791217567201}","source":"console","time":"2026-10-05T16:26:07Z"}
{"level":"info","msg":"{\"ev\":\"accepted\",\"id\":\"d8df958f-ed16-4def-bfc9-473cd6c913b2\",\"t\":1791217568435}","source":"console","time":"2026-10-05T16:26:08Z"}
{"level":"info","msg":"{\"ev\":\"accepted\",\"id\":\"aa157e57-1489-4bf0-9a2e-d306c9d33ef4\",\"t\":1791217569692}","source":"console","time":"2026-10-05T16:26:09Z"}
{"level":"info","msg":"{\"ev\":\"accepted\",\"id\":\"8e8014f1-6f07-49a5-8ad1-11085ba2f366\",\"t\":1791217570936}","source":"console","time":"2026-10-05T16:26:10Z"}
{"level":"info","msg":"{\"ev\":\"accepted\",\"id\":\"a13944eb-7812-4102-b70d-389927554184\",\"t\":1791217572193}","source":"console","time":"2026-10-05T16:26:12Z"}
{"level":"info","msg":"{\"ev\":\"accepted\",\"id\":\"a6ec3888-8713-4115-b800-e03adecd1971\",\"t\":1791217573442}","source":"console","time":"2026-10-05T16:26:13Z"}
{"level":"info","msg":"{\"ev\":\"accepted\",\"id\":\"a80e639e-63a8-420b-a8b8-efaa73160ad9\",\"t\":1791217574693}","source":"console","time":"2026-10-05T16:26:14Z"}
{"level":"info","msg":"{\"ev\":\"accepted\",\"id\":\"74aaf049-4f48-4706-825a-5ab2eb6ab4fe\",\"t\":1791217575946}","source":"console","time":"2026-10-05T16:26:15Z"}
{"level":"info","msg":"{\"ev\":\"accepted\",\"id\":\"ff65f30b-e372-4019-be1b-0ec59c07f33d\",\"t\":1791217577195}","source":"console","time":"2026-10-05T16:26:17Z"}
{"level":"info","msg":"{\"ev\":\"accepted\",\"id\":\"18bb47cd-a562-4ea9-92f7-f0d895f933a6\",\"t\":1791217578444}","source":"console","time":"2026-10-05T16:26:18Z"}
{"level":"info","msg":"{\"ev\":\"accepted\",\"id\":\"db0c50e6-9195-42a7-95ca-761b768c8ee6\",\"t\":1791217579687}","source":"console","time":"2026-10-05T16:26:19Z"}
{"level":"info","msg":"{\"ev\":\"accepted\",\"id\":\"5a636f7c-7783-4da7-bc17-d1574298edf8\",\"t\":1791217580942}","source":"console","time":"2026-10-05T16:26:20Z"}
{"level":"info","msg":"{\"ev\":\"accepted\",\"id\":\"86f46dc1-9ca8-4197-be75-1178f8d9fc01\",\"t\":1791217582192}","source":"console","time":"2026-10-05T16:26:22Z"}
{"level":"info","msg":"{\"ev\":\"accepted\",\"id\":\"9739954b-980c-4deb-88a3-9939289e27a3\",\"t\":1791217583434}","source":"console","time":"2026-10-05T16:26:23Z"}
{"level":"info","msg":"{\"ev\":\"accepted\",\"id\":\"c73233a9-fa5b-46c3-959e-31d6af79ca14\",\"t\":1791217584690}","source":"console","time":"2026-10-05T16:26:24Z"}
{"level":"info","msg":"{\"ev\":\"accepted\",\"id\":\"622f12c1-e66d-44cf-8a4e-aa5a2a4e1156\",\"t\":1791217585941}","source":"console","time":"2026-10-05T16:26:25Z"}
{"level":"info","msg":"{\"ev\":\"accepted\",\"id\":\"798b2623-8456-4761-bd98-882054250b04\",\"t\":1791217587193}","source":"console","time":"2026-10-05T16:26:27Z"}
{"level":"info","msg":"{\"ev\":\"accepted\",\"id\":\"97072276-ec58-4bf5-b254-d79990be282e\",\"t\":1791217588442}","source":"console","time":"2026-10-05T16:26:28Z"}
{"level":"info","msg":"{\"ev\":\"accepted\",\"id\":\"16ae2637-d4af-429a-8752-80b8e60fb7cd\",\"t\":1791217589688}","source":"console","time":"2026-10-05T16:26:29Z"}
{"level":"info","msg":"{\"ev\":\"accepted\",\"id\":\"f5e2686f-e202-42e6-9870-470bec2ba16a\",\"t\":1791217590944}","source":"console","time":"2026-10-05T16:26:30Z"}
{"level":"info","msg":"{\"ev\":\"accepted\",\"id\":\"9ff0296e-ac6a-4433-a68b-fc82bff385bf\",\"t\":1791217592193}","source":"console","time":"2026-10-05T16:26:32Z"}
{"level":"info","msg":"{\"ev\":\"accepted\",\"id\":\"0af9efac-96be-41d2-91de-ce13c964b173\",\"t\":1791217593441}","source":"console","time":"2026-10-05T16:26:33Z"}
{"level":"info","msg":"{\"ev\":\"accepted\",\"id\":\"c307ddce-f281-46df-9d48-90660b4034f9\",\"t\":1791217594694}","source":"console","time":"2026-10-05T16:26:34Z"}
{"level":"info","msg":"{\"ev\":\"accepted\",\"id\":\"1c2bf47d-b44d-4158-aed8-d4578ad29515\",\"t\":1791217595936}","source":"console","time":"2026-10-05T16:26:35Z"}
{"level":"info","msg":"{\"ev\":\"accepted\",\"id\":\"66243b39-04c4-42f7-95a1-5258b245013b\",\"t\":1791217597195}","source":"console","time":"2026-10-05T16:26:37Z"}
{"level":"info","msg":"{\"ev\":\"accepted\",\"id\":\"407a4c5d-b993-4bfb-b730-04c1b6147330\",\"t\":1791217598439}","source":"console","time":"2026-10-05T16:26:38Z"}
{"level":"info","msg":"{\"ev\":\"accepted\",\"id\":\"162b72b3-8b6e-4f4f-a674-81bae5d1c0a6\",\"t\":1791217599685}","source":"console","time":"2026-10-05T16:26:39Z"}
{"level":"info","msg":"{\"ev\":\"accepted\",\"id\":\"3af59c69-072f-4882-adc6-2276c80cf6c4\",\"t\":1791217600887}","source":"console","time":"2026-10-05T16:26:40Z"}
{"level":"info","msg":"{\"ev\":\"accepted\",\"id\":\"fbbddb9c-6b83-48d7-9e29-5d77ef350d12\",\"t\":1791217601986}","source":"console","time":"2026-10-05T16:26:41Z"}
{"level":"info","msg":"{\"ev\":\"accepted\",\"id\":\"06646553-f3b0-4e53-a6cc-7bbd7f6f26a8\",\"t\":1791217603024}","source":"console","time":"2026-10-05T16:26:43Z"}
{"level":"info","msg":"{\"ev\":\"accepted\",\"id\":\"d7cc5ad2-f730-48ce-bd3b-682be1ea9834\",\"t\":1791217603990}","source":"console","time":"2026-10-05T16:26:43Z"}
{"level":"info","msg":"{\"ev\":\"accepted\",\"id\":\"1c736043-9a33-4d9d-9e5c-0c80e2656d52\",\"t\":1791217604921}","source":"console","time":"2026-10-05T16:26:44Z"}
{"level":"info","msg":"{\"ev\":\"accepted\",\"id\":\"aed11f98-ec40-418b-b540-d2219e09a8c0\",\"t\":1791217605832}","source":"console","time":"2026-10-05T16:26:45Z"}
{"level":"info","msg":"{\"ev\":\"accepted\",\"id\":\"d1489e12-7f02-49f6-8c31-9b6fb70dc22d\",\"t\":1791217606739}","source":"console","time":"2026-10-05T16:26:46Z"}
{"level":"info","msg":"{\"ev\":\"accepted\",\"id\":\"dc883bf3-b931-4e3f-ab15-cc2c7b12cd9b\",\"t\":1791217607650}","source":"console","time":"2026-10-05T16:26:47Z"}
{"level":"info","msg":"{\"ev\":\"accepted\",\"id\":\"e90630b4-8343-45b2-9171-5b68d6e43b59\",\"t\":1791217608563}","source":"console","time":"2026-10-05T16:26:48Z"}
{"level":"info","msg":"{\"ev\":\"accepted\",\"id\":\"69976010-e76a-41ac-9a0b-f028a098d30e\",\"t\":1791217609466}","source":"console","time":"2026-10-05T16:26:49Z"}
{"level":"info","msg":"{\"ev\":\"accepted\",\"id\":\"acdcc8cf-a8ef-4b71-a587-302370d1fbf7\",\"t\":1791217610379}","source":"console","time":"2026-10-05T16:26:50Z"}
{"level":"info","msg":"{\"ev\":\"accepted\",\"id\":\"51b22578-dc3a-4728-a8b8-df6bc4ed23ea\",\"t\":1791217611285}","source":"console","time":"2026-10-05T16:26:51Z"}
{"level":"info","msg":"{\"ev\":\"accepted\",\"id\":\"60302401-612f-4582-a114-536c2697d83c\",\"t\":1791217612194}","source":"console","time":"2026-10-05T16:26:52Z"}
{"level":"info","msg":"{\"ev\":\"accepted\",\"id\":\"77b780e8-3e1b-46a0-bb56-7fb83703f8e6\",\"t\":1791217613098}","source":"console","time":"2026-10-05T16:26:53Z"}
{"level":"info","msg":"{\"ev\":\"accepted\",\"id\":\"f96bb858-13c9-4e4e-b894-bc964635d77f\",\"t\":1791217614016}","source":"console","time":"2026-10-05T16:26:54Z"}
{"level":"info","msg":"{\"ev\":\"accepted\",\"id\":\"2de1b0c3-38cc-4d69-8de4-13c96cd3f209\",\"t\":1791217614914}","source":"console","time":"2026-10-05T16:26:54Z"}
{"level":"info","msg":"{\"ev\":\"accepted\",\"id\":\"d4c41427-5844-458e-b1d9-b804b5b4e104\",\"t\":1791217615823}","source":"console","time":"2026-10-05T16:26:55Z"}
{"level":"info","msg":"{\"ev\":\"accepted\",\"id\":\"e51b8297-e2da-4e30-8e7c-079556d4068f\",\"t\":1791217616738}","source":"console","time":"2026-10-05T16:26:56Z"}
{"level":"info","msg":"{\"ev\":\"accepted\",\"id\":\"7e6a5b36-3b13-40c9-b936-c70ee18399df\",\"t\":1791217617647}","source":"console","time":"2026-10-05T16:26:57Z"}
{"level":"info","msg":"{\"ev\":\"accepted\",\"id\":\"63fecf98-1496-43d2-b608-17d9216fb764\",\"t\":1791217618555}","source":"console","time":"2026-10-05T16:26:58Z"}
{"level":"info","msg":"{\"ev\":\"accepted\",\"id\":\"c3f8fdb8-296d-4230-b3a4-a705d01e3eec\",\"t\":1791217619467}","source":"console","time":"2026-10-05T16:26:59Z"}
{"level":"info","msg":"{\"ev\":\"accepted\",\"id\":\"298338b1-7c23-40de-adfd-192e692bf072\",\"t\":1791217620373}","source":"console","time":"2026-10-05T16:27:00Z"}
{"level":"info","msg":"{\"ev\":\"accepted\",\"id\":\"56177e0c-aedf-4f87-bbc8-c35508a7b4c8\",\"t\":1791217621286}","source":"console","time":"2026-10-05T16:27:01Z"}
{"level":"info","msg":"{\"ev\":\"accepted\",\"id\":\"96ce9f2a-8e45-4291-bb2d-41c3f6ae2ae2\",\"t\":1791217622189}","source":"console","time":"2026-10-05T16:27:02Z"}
{"level":"info","msg":"{\"ev\":\"accepted\",\"id\":\"74caafcf-c720-4a20-92ec-4bb5b867bc45\",\"t\":1791217623104}","source":"console","time":"2026-10-05T16:27:03Z"}
{"level":"info","msg":"{\"ev\":\"accepted\",\"id\":\"8efdeee0-622f-4a23-b556-6b488ee44e04\",\"t\":1791217624013}","source":"console","time":"2026-10-05T16:27:04Z"}
{"level":"info","msg":"{\"ev\":\"accepted\",\"id\":\"5d1a64af-9873-40f4-a932-468b51b2f1e9\",\"t\":1791217624917}","source":"console","time":"2026-10-05T16:27:04Z"}
{"level":"info","msg":"{\"ev\":\"accepted\",\"id\":\"5d6a6678-ee6e-4b5d-b3d3-272529931c79\",\"t\":1791217625822}","source":"console","time":"2026-10-05T16:27:05Z"}
{"level":"info","msg":"{\"ev\":\"accepted\",\"id\":\"b0905b96-44d4-4e93-ba74-9b94edbdafdb\",\"t\":1791217626732}","source":"console","time":"2026-10-05T16:27:06Z"}
{"level":"info","msg":"{\"ev\":\"accepted\",\"id\":\"308b985c-5732-407c-9fe3-df3389051913\",\"t\":1791217627646}","source":"console","time":"2026-10-05T16:27:07Z"}
{"level":"info","msg":"{\"ev\":\"accepted\",\"id\":\"b801714a-d8c0-4987-bd12-365953c67dec\",\"t\":1791217628549}","source":"console","time":"2026-10-05T16:27:08Z"}
{"level":"info","msg":"{\"ev\":\"accepted\",\"id\":\"dabbac96-a3c2-4f9c-aa5e-ce6b151f96fe\",\"t\":1791217629465}","source":"console","time":"2026-10-05T16:27:09Z"}
{"level":"info","msg":"{\"ev\":\"accepted\",\"id\":\"197018b0-4a5b-41e7-a55b-4fa061f08322\",\"t\":1791217630367}","source":"console","time":"2026-10-05T16:27:10Z"}
{"level":"info","msg":"{\"ev\":\"accepted\",\"id\":\"f0567498-4b29-4744-8af0-bf4bcdc0d18d\",\"t\":1791217631286}","source":"console","time":"2026-10-05T16:27:11Z"}
{"level":"info","msg":"{\"ev\":\"accepted\",\"id\":\"a1c9c6db-2959-4deb-8dd8-cf4de9d7e8e0\",\"t\":1791217632195}","source":"console","time":"2026-10-05T16:27:12Z"}
{"level":"info","msg":"{\"ev\":\"accepted\",\"id\":\"5664a8da-2116-4904-8346-d394afb71e36\",\"t\":1791217633100}","source":"console","time":"2026-10-05T16:27:13Z"}
{"level":"info","msg":"{\"ev\":\"accepted\",\"id\":\"8e5f7ccd-31fc-4fa8-8623-681dd3e8adf4\",\"t\":1791217634003}","source":"console","time":"2026-10-05T16:27:14Z"}
{"level":"info","msg":"{\"ev\":\"accepted\",\"id\":\"44802e17-9d99-4557-9d0d-a34ac2dd066b\",\"t\":1791217634912}","source":"console","time":"2026-10-05T16:27:14Z"}
{"level":"info","msg":"{\"ev\":\"accepted\",\"id\":\"4dbcd821-22b1-4a8e-8727-7a1322f986de\",\"t\":1791217635834}","source":"console","time":"2026-10-05T16:27:15Z"}
{"level":"info","msg":"{\"ev\":\"accepted\",\"id\":\"8e4186aa-f8bf-41ad-8030-f8c23474bd9d\",\"t\":1791217636739}","source":"console","time":"2026-10-05T16:27:16Z"}
{"level":"info","msg":"{\"ev\":\"accepted\",\"id\":\"4275d397-dc1e-407c-a04a-fe91a92b290a\",\"t\":1791217637654}","source":"console","time":"2026-10-05T16:27:17Z"}
{"level":"info","msg":"{\"ev\":\"accepted\",\"id\":\"fbe6e9e1-39af-475e-9db0-f96336846091\",\"t\":1791217638561}","source":"console","time":"2026-10-05T16:27:18Z"}
{"level":"info","msg":"{\"ev\":\"accepted\",\"id\":\"215c5ee7-3bb3-4de5-b886-33bdfb99afd8\",\"t\":1791217639471}","source":"console","time":"2026-10-05T16:27:19Z"}
{"level":"info","msg":"{\"ev\":\"accepted\",\"id\":\"9ea192b0-b319-4fc8-b0bd-d5eb09151043\",\"t\":1791217640372}","source":"console","time":"2026-10-05T16:27:20Z"}
{"level":"info","msg":"{\"ev\":\"accepted\",\"id\":\"966d4aea-f82f-4c47-b2e7-0a2f1810a88e\",\"t\":1791217641286}","source":"console","time":"2026-10-05T16:27:21Z"}
{"level":"info","msg":"{\"ev\":\"accepted\",\"id\":\"14ba7d60-9131-4dbc-b3eb-cbba3382aea0\",\"t\":1791217642193}","source":"console","time":"2026-10-05T16:27:22Z"}
{"level":"info","msg":"{\"ev\":\"accepted\",\"id\":\"0170655a-2cd6-49c4-aee6-a38c5da96995\",\"t\":1791217643103}","source":"console","time":"2026-10-05T16:27:23Z"}
{"level":"info","msg":"{\"ev\":\"accepted\",\"id\":\"ec0e8f57-8862-45d1-ac9f-767c5bf81432\",\"t\":1791217644012}","source":"console","time":"2026-10-05T16:27:24Z"}
{"level":"info","msg":"{\"ev\":\"accepted\",\"id\":\"8874b87d-581a-488b-b66b-5fbf028ff66c\",\"t\":1791217644922}","source":"console","time":"2026-10-05T16:27:24Z"}
{"level":"info","msg":"{\"ev\":\"accepted\",\"id\":\"d7938c4e-6332-4f8f-941d-c42010a1ac75\",\"t\":1791217645822}","source":"console","time":"2026-10-05T16:27:25Z"}
{"level":"info","msg":"{\"ev\":\"accepted\",\"id\":\"d5aa00ee-2b92-4147-876e-b7ef91d361b1\",\"t\":1791217646739}","source":"console","time":"2026-10-05T16:27:26Z"}
{"level":"info","msg":"{\"ev\":\"accepted\",\"id\":\"a8263113-0ab6-4a6a-9eb7-93f9c14e4488\",\"t\":1791217647648}","source":"console","time":"2026-10-05T16:27:27Z"}
{"level":"info","msg":"{\"ev\":\"accepted\",\"id\":\"b70acf28-5646-4177-b9f6-748ca07b24d9\",\"t\":1791217648551}","source":"console","time":"2026-10-05T16:27:28Z"}
{"level":"info","msg":"{\"ev\":\"accepted\",\"id\":\"e4cd15ef-fb9e-4d4c-af33-d7a3afbb0e28\",\"t\":1791217649466}","source":"console","time":"2026-10-05T16:27:29Z"}
{"level":"info","msg":"{\"ev\":\"accepted\",\"id\":\"d84a9304-2664-42d5-a5bf-de4bcee8a960\",\"t\":1791217650376}","source":"console","time":"2026-10-05T16:27:30Z"}
{"level":"info","msg":"{\"ev\":\"accepted\",\"id\":\"75a97bad-9d84-4e30-bdb8-9e33c5c59265\",\"t\":1791217651283}","source":"console","time":"2026-10-05T16:27:31Z"}
{"level":"info","msg":"{\"ev\":\"accepted\",\"id\":\"06998761-9f9f-444e-b026-f249fe7e5e47\",\"t\":1791217652196}","source":"console","time":"2026-10-05T16:27:32Z"}
{"level":"info","msg":"{\"ev\":\"accepted\",\"id\":\"5e787d56-1ff9-465a-bec3-953f85274cd2\",\"t\":1791217653095}","source":"console","time":"2026-10-05T16:27:33Z"}
{"level":"info","msg":"{\"ev\":\"accepted\",\"id\":\"bbe44e5f-349d-4675-9998-6fdd6e5809f6\",\"t\":1791217654012}","source":"console","time":"2026-10-05T16:27:34Z"}
{"level":"info","msg":"{\"ev\":\"accepted\",\"id\":\"bb3b00d0-b13a-47ea-bd4a-754fd698c4d8\",\"t\":1791217654922}","source":"console","time":"2026-10-05T16:27:34Z"}
{"level":"info","msg":"{\"ev\":\"accepted\",\"id\":\"53144f04-1153-4509-921a-59aa3379b3ee\",\"t\":1791217655830}","source":"console","time":"2026-10-05T16:27:35Z"}
{"level":"info","msg":"{\"ev\":\"accepted\",\"id\":\"3b43f66f-d5e9-4de7-8b3c-3bcb863e4fc2\",\"t\":1791217656740}","source":"console","time":"2026-10-05T16:27:36Z"}
{"level":"info","msg":"{\"ev\":\"accepted\",\"id\":\"54a828a7-ca8a-4da7-9a49-441b941c0942\",\"t\":1791217657649}","source":"console","time":"2026-10-05T16:27:37Z"}
{"level":"info","msg":"{\"ev\":\"accepted\",\"id\":\"9d41c617-f8d3-4006-b539-5a8b655b7f3b\",\"t\":1791217658548}","source":"console","time":"2026-10-05T16:27:38Z"}
{"level":"info","msg":"{\"ev\":\"accepted\",\"id\":\"b0a77b2a-35e7-4d19-9572-d709785215d9\",\"t\":1791217659458}","source":"console","time":"2026-10-05T16:27:39Z"}
{"level":"info","msg":"{\"ev\":\"accepted\",\"id\":\"efe523c3-e311-4d43-b3a1-7e46df5e5f3b\",\"t\":1791217660374}","source":"console","time":"2026-10-05T16:27:40Z"}
{"level":"info","msg":"{\"ev\":\"accepted\",\"id\":\"7b78d579-d9df-4e7a-84a3-2002add1a678\",\"t\":1791217661283}","source":"console","time":"2026-10-05T16:27:41Z"}
{"level":"info","msg":"{\"ev\":\"accepted\",\"id\":\"3febf6f2-2d43-4803-9974-e90d0e113fbd\",\"t\":1791217662185}","source":"console","time":"2026-10-05T16:27:42Z"}
{"level":"info","msg":"{\"ev\":\"accepted\",\"id\":\"c378b7b5-306b-458f-a068-139266f3089f\",\"t\":1791217663095}","source":"console","time":"2026-10-05T16:27:43Z"}
{"level":"info","msg":"{\"ev\":\"accepted\",\"id\":\"e9404a9b-f607-4222-a1fe-993b566d0ef5\",\"t\":1791217664013}","source":"console","time":"2026-10-05T16:27:44Z"}
{"level":"info","msg":"{\"ev\":\"accepted\",\"id\":\"3f02957c-7cc8-4da6-afae-d25a0286c190\",\"t\":1791217664921}","source":"console","time":"2026-10-05T16:27:44Z"}
{"level":"info","msg":"{\"ev\":\"accepted\",\"id\":\"6279122e-2810-4dce-9923-0b58280ec8c1\",\"t\":1791217665831}","source":"console","time":"2026-10-05T16:27:45Z"}
{"level":"info","msg":"{\"ev\":\"accepted\",\"id\":\"c59973ee-95e8-4600-8f2e-68c643a59ee5\",\"t\":1791217666738}","source":"console","time":"2026-10-05T16:27:46Z"}
{"level":"info","msg":"{\"ev\":\"accepted\",\"id\":\"fc4617b6-f2fc-4b0e-8f95-a74eb9003825\",\"t\":1791217667649}","source":"console","time":"2026-10-05T16:27:47Z"}
{"level":"info","msg":"{\"ev\":\"accepted\",\"id\":\"289a830c-f7fa-4150-a76f-368d9cb60bf0\",\"t\":1791217668560}","source":"console","time":"2026-10-05T16:27:48Z"}
{"level":"info","msg":"{\"ev\":\"accepted\",\"id\":\"3429ae5b-60c5-4cd4-b372-7f0b4ec060a5\",\"t\":1791217669470}","source":"console","time":"2026-10-05T16:27:49Z"}
{"level":"info","msg":"{\"ev\":\"accepted\",\"id\":\"922aee8e-8bee-469c-8b50-064b3280a5ee\",\"t\":1791217670367}","source":"console","time":"2026-10-05T16:27:50Z"}
{"level":"info","msg":"{\"ev\":\"accepted\",\"id\":\"effd63db-4435-436d-80b7-d1dccbbead9b\",\"t\":1791217671282}","source":"console","time":"2026-10-05T16:27:51Z"}
{"level":"info","msg":"{\"ev\":\"accepted\",\"id\":\"9e13e5a2-6aa2-4781-a8f6-0534eb7621c9\",\"t\":1791217672189}","source":"console","time":"2026-10-05T16:27:52Z"}
{"level":"info","msg":"{\"ev\":\"accepted\",\"id\":\"069e0814-60be-4572-be7f-ff14549ee72f\",\"t\":1791217673102}","source":"console","time":"2026-10-05T16:27:53Z"}
{"level":"info","msg":"{\"ev\":\"accepted\",\"id\":\"388248e3-b4b2-4d03-9d9b-75a8a84d9af7\",\"t\":1791217674013}","source":"console","time":"2026-10-05T16:27:54Z"}
{"level":"info","msg":"{\"ev\":\"accepted\",\"id\":\"3057d759-8047-4713-8ce3-6cdf5a2926f2\",\"t\":1791217674921}","source":"console","time":"2026-10-05T16:27:54Z"}
{"level":"info","msg":"{\"ev\":\"accepted\",\"id\":\"20cc1feb-55b6-411e-87e1-280ae0bd1864\",\"t\":1791217675835}","source":"console","time":"2026-10-05T16:27:55Z"}
{"level":"info","msg":"{\"ev\":\"accepted\",\"id\":\"59fd9a72-dbc4-4c13-b38f-87faa6435f34\",\"t\":1791217676738}","source":"console","time":"2026-10-05T16:27:56Z"}
{"level":"info","msg":"{\"ev\":\"accepted\",\"id\":\"8746978e-3434-44b9-89a5-d62c1327d562\",\"t\":1791217677650}","source":"console","time":"2026-10-05T16:27:57Z"}
{"level":"info","msg":"{\"ev\":\"accepted\",\"id\":\"9102e713-6da9-4959-bb25-e1b5e027abf2\",\"t\":1791217678553}","source":"console","time":"2026-10-05T16:27:58Z"}
{"level":"info","msg":"{\"ev\":\"accepted\",\"id\":\"4f4d8e2a-99fd-4f74-b80d-fbd82d8b0e83\",\"t\":1791217679465}","source":"console","time":"2026-10-05T16:27:59Z"}
{"level":"info","msg":"{\"ev\":\"accepted\",\"id\":\"c52570e1-e8b7-4556-b292-e0d2b76e256e\",\"t\":1791217680371}","source":"console","time":"2026-10-05T16:28:00Z"}
{"level":"info","msg":"{\"ev\":\"accepted\",\"id\":\"960a97ed-45d8-4dca-977d-41edef658c22\",\"t\":1791217681285}","source":"console","time":"2026-10-05T16:28:01Z"}
{"level":"info","msg":"{\"ev\":\"accepted\",\"id\":\"f42c4a84-cb6a-4676-a3c8-776d3511b848\",\"t\":1791217682186}","source":"console","time":"2026-10-05T16:28:02Z"}
{"level":"info","msg":"{\"ev\":\"accepted\",\"id\":\"fa8ef4a7-77b0-49bb-bbb5-d1ec1baade0c\",\"t\":1791217683102}","source":"console","time":"2026-10-05T16:28:03Z"}
{"level":"info","msg":"{\"ev\":\"accepted\",\"id\":\"5b084270-d43f-4577-a33d-29b58dedbdf8\",\"t\":1791217684017}","source":"console","time":"2026-10-05T16:28:04Z"}
{"level":"info","msg":"{\"ev\":\"accepted\",\"id\":\"df55b028-4155-49df-b272-6839b436f2c0\",\"t\":1791217684921}","source":"console","time":"2026-10-05T16:28:04Z"}
{"level":"info","msg":"{\"ev\":\"accepted\",\"id\":\"c0a3cae8-8186-4e72-a6ca-254dfd547d7b\",\"t\":1791217685828}","source":"console","time":"2026-10-05T16:28:05Z"}
{"level":"info","msg":"{\"ev\":\"accepted\",\"id\":\"8ea76514-6b84-4803-9aba-4a6b386c6549\",\"t\":1791217686730}","source":"console","time":"2026-10-05T16:28:06Z"}
{"level":"info","msg":"{\"ev\":\"accepted\",\"id\":\"2d8e6daf-1b9d-449d-b2fc-2681b1d4d6e1\",\"t\":1791217687647}","source":"console","time":"2026-10-05T16:28:07Z"}
{"level":"info","msg":"{\"ev\":\"accepted\",\"id\":\"1d170bb3-0602-48db-88f8-73b9d15ea85d\",\"t\":1791217688560}","source":"console","time":"2026-10-05T16:28:08Z"}
{"level":"info","msg":"{\"ev\":\"accepted\",\"id\":\"e5949749-774b-4739-9409-dc729fde2896\",\"t\":1791217689464}","source":"console","time":"2026-10-05T16:28:09Z"}
{"level":"info","msg":"{\"ev\":\"accepted\",\"id\":\"c138a2a2-f14c-4b42-828d-aab8ffbc5e7b\",\"t\":1791217690374}","source":"console","time":"2026-10-05T16:28:10Z"}
{"level":"info","msg":"{\"ev\":\"accepted\",\"id\":\"c673c9c5-79b1-4d16-8bd4-448e57cee1fb\",\"t\":1791217691286}","source":"console","time":"2026-10-05T16:28:11Z"}
{"level":"info","msg":"{\"ev\":\"accepted\",\"id\":\"92ad73cc-dfe0-49d2-a305-41abb7f62395\",\"t\":1791217692191}","source":"console","time":"2026-10-05T16:28:12Z"}
{"level":"info","msg":"{\"ev\":\"accepted\",\"id\":\"d60e89f6-a6a2-4da6-8adf-34c9b6cabea8\",\"t\":1791217693095}","source":"console","time":"2026-10-05T16:28:13Z"}
{"level":"info","msg":"{\"ev\":\"accepted\",\"id\":\"7e911486-2284-40df-9854-838bfa1dcaa3\",\"t\":1791217694009}","source":"console","time":"2026-10-05T16:28:14Z"}
{"level":"info","msg":"{\"ev\":\"accepted\",\"id\":\"b1fbe90a-705c-4543-a409-645a095044ad\",\"t\":1791217694922}","source":"console","time":"2026-10-05T16:28:14Z"}
{"level":"info","msg":"{\"ev\":\"accepted\",\"id\":\"26627b82-4813-49e8-a052-583da116f764\",\"t\":1791217695829}","source":"console","time":"2026-10-05T16:28:15Z"}
{"level":"info","msg":"{\"ev\":\"accepted\",\"id\":\"8ca38cb0-a0d7-4f2d-833e-20872a8db490\",\"t\":1791217696736}","source":"console","time":"2026-10-05T16:28:16Z"}
{"level":"info","msg":"{\"ev\":\"accepted\",\"id\":\"52df3ac2-0643-48a9-9861-7e51ba429094\",\"t\":1791217697650}","source":"console","time":"2026-10-05T16:28:17Z"}
{"level":"info","msg":"{\"ev\":\"accepted\",\"id\":\"876bf892-c883-4a01-b01f-b007af0dcd39\",\"t\":1791217698563}","source":"console","time":"2026-10-05T16:28:18Z"}
{"level":"info","msg":"{\"ev\":\"accepted\",\"id\":\"9be31ca2-b95d-4a68-9cf6-d91f00d4e29d\",\"t\":1791217699467}","source":"console","time":"2026-10-05T16:28:19Z"}
{"level":"info","msg":"{\"ev\":\"accepted\",\"id\":\"dd9b3339-a1ed-4dcd-8d76-ebea8cda141d\",\"t\":1791217700380}","source":"console","time":"2026-10-05T16:28:20Z"}
{"level":"info","msg":"{\"ev\":\"accepted\",\"id\":\"df4d9d7b-139d-4218-acd7-9b07788dada2\",\"t\":1791217701285}","source":"console","time":"2026-10-05T16:28:21Z"}
{"level":"info","msg":"{\"ev\":\"accepted\",\"id\":\"882ecef1-dcf8-4018-99a6-f733ae13d13e\",\"t\":1791217702190}","source":"console","time":"2026-10-05T16:28:22Z"}
{"level":"info","msg":"{\"ev\":\"accepted\",\"id\":\"bd84d13c-ac98-4eac-8e38-c8b8a3895feb\",\"t\":1791217703100}","source":"console","time":"2026-10-05T16:28:23Z"}
{"level":"info","msg":"{\"ev\":\"accepted\",\"id\":\"23418d7c-5d5a-445c-998b-7797327df438\",\"t\":1791217704004}","source":"console","time":"2026-10-05T16:28:24Z"}
{"level":"info","msg":"{\"ev\":\"accepted\",\"id\":\"e0d302e5-7677-4423-9b81-0aa9de9d9a32\",\"t\":1791217704918}","source":"console","time":"2026-10-05T16:28:24Z"}
{"level":"info","msg":"{\"ev\":\"accepted\",\"id\":\"d2e49448-af06-4b7d-a6ae-fbb9a118de42\",\"t\":1791217705821}","source":"console","time":"2026-10-05T16:28:25Z"}
{"level":"info","msg":"{\"ev\":\"accepted\",\"id\":\"aaf20d03-232a-435e-a05b-8b3cf99718e7\",\"t\":1791217706742}","source":"console","time":"2026-10-05T16:28:26Z"}
{"level":"info","msg":"{\"ev\":\"accepted\",\"id\":\"cd33de94-9faf-4c45-8626-d87c6e3e34f3\",\"t\":1791217707649}","source":"console","time":"2026-10-05T16:28:27Z"}
{"level":"info","msg":"{\"ev\":\"accepted\",\"id\":\"d3c1c824-bd8b-4b75-986c-82777f6e051c\",\"t\":1791217708555}","source":"console","time":"2026-10-05T16:28:28Z"}
{"level":"info","msg":"{\"ev\":\"accepted\",\"id\":\"a1933acc-8c6e-4ef9-a27a-538d843b0663\",\"t\":1791217709467}","source":"console","time":"2026-10-05T16:28:29Z"}
{"level":"info","msg":"{\"ev\":\"accepted\",\"id\":\"35d5e3bb-90ae-466b-aa8f-45c419f8d2b1\",\"t\":1791217710376}","source":"console","time":"2026-10-05T16:28:30Z"}
{"level":"info","msg":"{\"ev\":\"accepted\",\"id\":\"0617b2c5-0305-4a96-b220-0e088c36308f\",\"t\":1791217711286}","source":"console","time":"2026-10-05T16:28:31Z"}
{"level":"info","msg":"{\"ev\":\"accepted\",\"id\":\"43838b36-4f2d-460c-ab3c-46a05689f6eb\",\"t\":1791217712184}","source":"console","time":"2026-10-05T16:28:32Z"}
{"level":"info","msg":"{\"ev\":\"accepted\",\"id\":\"658a96f9-74a5-4070-b89d-41fb861d28a1\",\"t\":1791217713102}","source":"console","time":"2026-10-05T16:28:33Z"}
{"level":"info","msg":"{\"ev\":\"accepted\",\"id\":\"9b3288ba-4996-403d-907f-d4f1174155e0\",\"t\":1791217714013}","source":"console","time":"2026-10-05T16:28:34Z"}
{"level":"info","msg":"{\"ev\":\"accepted\",\"id\":\"27653b53-57b4-41e9-90c9-7789fd198b80\",\"t\":1791217714912}","source":"console","time":"2026-10-05T16:28:34Z"}
{"level":"info","msg":"{\"ev\":\"accepted\",\"id\":\"232dcee1-df53-4dcd-abe2-f6fd3672c103\",\"t\":1791217715836}","source":"console","time":"2026-10-05T16:28:35Z"}
{"level":"info","msg":"{\"ev\":\"accepted\",\"id\":\"bb01b990-a022-41c3-a76a-cfefcb02a8aa\",\"t\":1791217716739}","source":"console","time":"2026-10-05T16:28:36Z"}
{"level":"info","msg":"{\"ev\":\"accepted\",\"id\":\"84af8a62-c71d-4ad5-a9fa-82efced18d33\",\"t\":1791217717645}","source":"console","time":"2026-10-05T16:28:37Z"}
{"level":"info","msg":"{\"ev\":\"accepted\",\"id\":\"c1b737b1-812a-4feb-b2ca-d4a7b528ee12\",\"t\":1791217718559}","source":"console","time":"2026-10-05T16:28:38Z"}
{"level":"info","msg":"{\"ev\":\"accepted\",\"id\":\"b6d29e02-0916-4fed-b283-71d3e7fbb52e\",\"t\":1791217719464}","source":"console","time":"2026-10-05T16:28:39Z"}
{"level":"info","msg":"{\"ev\":\"accepted\",\"id\":\"43b528c6-ba9b-460d-b122-63ab22fa920a\",\"t\":1791217720377}","source":"console","time":"2026-10-05T16:28:40Z"}
{"level":"info","msg":"{\"ev\":\"accepted\",\"id\":\"2122d584-837c-4d35-8e48-13b84b4a8c71\",\"t\":1791217721275}","source":"console","time":"2026-10-05T16:28:41Z"}
{"level":"info","msg":"{\"ev\":\"accepted\",\"id\":\"e4411e69-776f-4239-ae4a-f59e44cda428\",\"t\":1791217722185}","source":"console","time":"2026-10-05T16:28:42Z"}
{"level":"info","msg":"{\"ev\":\"accepted\",\"id\":\"75f4cbb1-ecbd-4468-b0e2-0ac0beec79f8\",\"t\":1791217723099}","source":"console","time":"2026-10-05T16:28:43Z"}
{"level":"info","msg":"{\"ev\":\"accepted\",\"id\":\"e81ed497-266d-4efa-b205-26cf8c786ffc\",\"t\":1791217724011}","source":"console","time":"2026-10-05T16:28:44Z"}
{"level":"info","msg":"{\"ev\":\"accepted\",\"id\":\"44c165cd-9260-4196-87d9-baa28767549b\",\"t\":1791217724920}","source":"console","time":"2026-10-05T16:28:44Z"}
{"level":"info","msg":"{\"ev\":\"accepted\",\"id\":\"ebfa7aed-9a83-4bc2-ad8f-02b1eee062c4\",\"t\":1791217725831}","source":"console","time":"2026-10-05T16:28:45Z"}
{"level":"info","msg":"{\"ev\":\"accepted\",\"id\":\"5226b06b-37f6-4e1d-903d-94757842a12a\",\"t\":1791217726731}","source":"console","time":"2026-10-05T16:28:46Z"}
{"level":"info","msg":"{\"ev\":\"accepted\",\"id\":\"f464b109-322d-4c98-b2a7-e9327cfe005b\",\"t\":1791217727653}","source":"console","time":"2026-10-05T16:28:47Z"}
{"level":"info","msg":"{\"ev\":\"accepted\",\"id\":\"9b1b3b10-94e6-4dd3-9662-ab2b7b62d49c\",\"t\":1791217728562}","source":"console","time":"2026-10-05T16:28:48Z"}
{"level":"info","msg":"{\"ev\":\"accepted\",\"id\":\"ad65b173-f10f-4c05-957a-cdf49e98050b\",\"t\":1791217729458}","source":"console","time":"2026-10-05T16:28:49Z"}
{"level":"info","msg":"{\"ev\":\"accepted\",\"id\":\"a3b0d9f2-bb69-4af8-9bfe-b24687d60704\",\"t\":1791217730373}","source":"console","time":"2026-10-05T16:28:50Z"}
{"level":"info","msg":"{\"ev\":\"accepted\",\"id\":\"4e225cd2-3274-412f-b607-3e00b9d0ba94\",\"t\":1791217731282}","source":"console","time":"2026-10-05T16:28:51Z"}
{"level":"info","msg":"{\"ev\":\"accepted\",\"id\":\"dd5ec89d-0707-464d-b304-c5d26d8c4c75\",\"t\":1791217732199}","source":"console","time":"2026-10-05T16:28:52Z"}
{"level":"info","msg":"{\"ev\":\"accepted\",\"id\":\"8dea12ab-93f7-4680-b4b3-0d5faae90d9f\",\"t\":1791217733099}","source":"console","time":"2026-10-05T16:28:53Z"}
{"level":"info","msg":"{\"ev\":\"accepted\",\"id\":\"552f0f42-ef50-4798-b7de-27c221c994e5\",\"t\":1791217734003}","source":"console","time":"2026-10-05T16:28:54Z"}
{"level":"info","msg":"{\"ev\":\"accepted\",\"id\":\"93a9fb04-d451-4341-9bdd-eacf2fafa319\",\"t\":1791217734922}","source":"console","time":"2026-10-05T16:28:54Z"}
{"level":"info","msg":"{\"ev\":\"accepted\",\"id\":\"80fe892d-e1c6-4c91-99d3-e57cf19c948d\",\"t\":1791217735827}","source":"console","time":"2026-10-05T16:28:55Z"}
{"level":"info","msg":"{\"ev\":\"accepted\",\"id\":\"e6e0ca5c-e98f-4c33-a76f-f429a839ce7f\",\"t\":1791217736739}","source":"console","time":"2026-10-05T16:28:56Z"}
{"level":"info","msg":"{\"ev\":\"accepted\",\"id\":\"db44f283-7303-4987-9325-7a34ec3366be\",\"t\":1791217737640}","source":"console","time":"2026-10-05T16:28:57Z"}
{"level":"info","msg":"{\"ev\":\"accepted\",\"id\":\"09e4dfba-4ab7-4b00-85d9-4391268a54ec\",\"t\":1791217738556}","source":"console","time":"2026-10-05T16:28:58Z"}
{"level":"info","msg":"{\"ev\":\"accepted\",\"id\":\"e7c0ce95-0a5f-4224-a903-8f9e7df28117\",\"t\":1791217739470}","source":"console","time":"2026-10-05T16:28:59Z"}
{"level":"info","msg":"{\"ev\":\"accepted\",\"id\":\"e844d6c6-8bea-4fc7-9c19-ff2d9e67d342\",\"t\":1791217740374}","source":"console","time":"2026-10-05T16:29:00Z"}
{"level":"info","msg":"{\"ev\":\"accepted\",\"id\":\"ee990b43-0728-499d-b4c6-d36911a55f30\",\"t\":1791217741286}","source":"console","time":"2026-10-05T16:29:01Z"}
{"level":"info","msg":"{\"ev\":\"accepted\",\"id\":\"4c1b54ca-7997-4f3f-9ffe-1063008ce188\",\"t\":1791217742195}","source":"console","time":"2026-10-05T16:29:02Z"}
{"level":"info","msg":"{\"ev\":\"accepted\",\"id\":\"619e3563-0efd-49e3-a835-0cd4a36d9ad7\",\"t\":1791217743103}","source":"console","time":"2026-10-05T16:29:03Z"}
{"level":"info","msg":"{\"ev\":\"accepted\",\"id\":\"a10cdf94-6581-4f2a-b45f-facc023f67e6\",\"t\":1791217744012}","source":"console","time":"2026-10-05T16:29:04Z"}
{"level":"info","msg":"{\"ev\":\"accepted\",\"id\":\"b5338305-368b-4174-b494-85271d4ab3b5\",\"t\":1791217744921}","source":"console","time":"2026-10-05T16:29:04Z"}
{"level":"info","msg":"{\"ev\":\"accepted\",\"id\":\"103134ce-5ed5-4e6e-9273-0e3f309c8bf3\",\"t\":1791217745828}","source":"console","time":"2026-10-05T16:29:05Z"}
{"level":"info","msg":"{\"ev\":\"accepted\",\"id\":\"67508b41-d1ce-439f-be3c-2c8082d77c15\",\"t\":1791217746738}","source":"console","time":"2026-10-05T16:29:06Z"}
{"level":"info","msg":"{\"ev\":\"accepted\",\"id\":\"809ef149-25fb-4ad5-8817-71de6d239c27\",\"t\":1791217747644}","source":"console","time":"2026-10-05T16:29:07Z"}
{"level":"info","msg":"{\"ev\":\"accepted\",\"id\":\"06bb1967-2edb-463d-97d1-57d539a3d24b\",\"t\":1791217748549}","source":"console","time":"2026-10-05T16:29:08Z"}
{"level":"info","msg":"{\"ev\":\"accepted\",\"id\":\"66eda62f-9297-4e1e-93c6-92093a0034a0\",\"t\":1791217749465}","source":"console","time":"2026-10-05T16:29:09Z"}
{"level":"info","msg":"{\"ev\":\"accepted\",\"id\":\"177d23c7-682d-47c0-981e-137b6e341859\",\"t\":1791217750374}","source":"console","time":"2026-10-05T16:29:10Z"}
{"level":"info","msg":"{\"ev\":\"accepted\",\"id\":\"e36f8472-f2ce-49eb-8dbf-9b0029395793\",\"t\":1791217751275}","source":"console","time":"2026-10-05T16:29:11Z"}
{"level":"info","msg":"{\"ev\":\"accepted\",\"id\":\"1642b05b-16f9-42a4-a8be-a0aea3133460\",\"t\":1791217752195}","source":"console","time":"2026-10-05T16:29:12Z"}
{"level":"info","msg":"{\"ev\":\"accepted\",\"id\":\"661beeb8-53ef-441f-b1a6-5b85134bd1f1\",\"t\":1791217753100}","source":"console","time":"2026-10-05T16:29:13Z"}
{"level":"info","msg":"{\"ev\":\"accepted\",\"id\":\"68df299c-0859-4550-a88b-e2869d4cde3b\",\"t\":1791217754019}","source":"console","time":"2026-10-05T16:29:14Z"}
{"level":"info","msg":"{\"ev\":\"accepted\",\"id\":\"ff23d4af-69be-4553-9dce-56507b3425c3\",\"t\":1791217754922}","source":"console","time":"2026-10-05T16:29:14Z"}
{"level":"info","msg":"{\"ev\":\"accepted\",\"id\":\"9548a318-3db0-49ac-9cc6-e30dbfa8104a\",\"t\":1791217755836}","source":"console","time":"2026-10-05T16:29:15Z"}
{"level":"info","msg":"{\"ev\":\"accepted\",\"id\":\"b7551861-c3bb-4148-b935-3e16f4bec312\",\"t\":1791217756737}","source":"console","time":"2026-10-05T16:29:16Z"}
{"level":"info","msg":"{\"ev\":\"accepted\",\"id\":\"935f744f-de92-4ec0-8ad4-a3d1ff0297a1\",\"t\":1791217757639}","source":"console","time":"2026-10-05T16:29:17Z"}
{"level":"info","msg":"{\"ev\":\"accepted\",\"id\":\"b5920cc3-5734-44aa-921b-b433645098c1\",\"t\":1791217758563}","source":"console","time":"2026-10-05T16:29:18Z"}
{"level":"info","msg":"{\"ev\":\"accepted\",\"id\":\"867ca3ac-d76a-4d81-8bc3-f45b60f14653\",\"t\":1791217759471}","source":"console","time":"2026-10-05T16:29:19Z"}
{"level":"info","msg":"{\"ev\":\"accepted\",\"id\":\"4fc21bae-33d1-43e1-9398-4358044833c8\",\"t\":1791217760368}","source":"console","time":"2026-10-05T16:29:20Z"}
{"level":"info","msg":"{\"ev\":\"accepted\",\"id\":\"e8c3650a-0389-4437-acdb-91ca94b7d225\",\"t\":1791217761286}","source":"console","time":"2026-10-05T16:29:21Z"}
{"level":"info","msg":"{\"ev\":\"accepted\",\"id\":\"2334a298-c4bf-4022-a8d7-74640b94e280\",\"t\":1791217762194}","source":"console","time":"2026-10-05T16:29:22Z"}
{"level":"info","msg":"{\"ev\":\"accepted\",\"id\":\"9e69b998-23d0-403c-820b-a4c36e22c61b\",\"t\":1791217763094}","source":"console","time":"2026-10-05T16:29:23Z"}
{"level":"info","msg":"{\"ev\":\"accepted\",\"id\":\"2e86d2d2-5153-45cb-b679-92ae6a2c32fb\",\"t\":1791217764013}","source":"console","time":"2026-10-05T16:29:24Z"}
{"level":"info","msg":"{\"ev\":\"accepted\",\"id\":\"59e6b005-f5a1-4e89-9f2e-bf5d134e2e23\",\"t\":1791217764917}","source":"console","time":"2026-10-05T16:29:24Z"}
{"level":"info","msg":"{\"ev\":\"accepted\",\"id\":\"12e0947b-820c-4c16-8ebc-1370b65e24f7\",\"t\":1791217765823}","source":"console","time":"2026-10-05T16:29:25Z"}
{"level":"info","msg":"{\"ev\":\"accepted\",\"id\":\"ce951555-2536-4575-a3c6-2f7c3d932c01\",\"t\":1791217766738}","source":"console","time":"2026-10-05T16:29:26Z"}
{"level":"info","msg":"{\"ev\":\"accepted\",\"id\":\"b0b3ad7e-dd56-4efc-a003-42bf20cc9ef0\",\"t\":1791217767649}","source":"console","time":"2026-10-05T16:29:27Z"}
{"level":"info","msg":"{\"ev\":\"accepted\",\"id\":\"74b7a10d-a526-4dba-af99-aa888977b7e1\",\"t\":1791217768559}","source":"console","time":"2026-10-05T16:29:28Z"}
{"level":"info","msg":"{\"ev\":\"accepted\",\"id\":\"e91ce831-9ff7-4264-b9c2-388488c2da01\",\"t\":1791217769466}","source":"console","time":"2026-10-05T16:29:29Z"}
{"level":"info","msg":"{\"ev\":\"accepted\",\"id\":\"414e1f15-d4b9-48e7-bb89-5d0e7ebff9f5\",\"t\":1791217770375}","source":"console","time":"2026-10-05T16:29:30Z"}
{"level":"info","msg":"{\"ev\":\"accepted\",\"id\":\"fd4f38c6-1dff-4f6a-928f-4cde2322ad63\",\"t\":1791217771276}","source":"console","time":"2026-10-05T16:29:31Z"}
{"level":"info","msg":"{\"ev\":\"accepted\",\"id\":\"70a9e04b-1804-4af6-a273-785943b70f5a\",\"t\":1791217772184}","source":"console","time":"2026-10-05T16:29:32Z"}
{"level":"info","msg":"{\"ev\":\"accepted\",\"id\":\"c52f8953-2435-4e46-9e9b-5cf81d8d28c1\",\"t\":1791217773106}","source":"console","time":"2026-10-05T16:29:33Z"}
{"level":"info","msg":"{\"ev\":\"accepted\",\"id\":\"6f95a267-25bd-4eac-b82f-b9290559f59f\",\"t\":1791217774011}","source":"console","time":"2026-10-05T16:29:34Z"}
{"level":"info","msg":"{\"ev\":\"accepted\",\"id\":\"2bc4147c-2665-4dba-b4c7-7503c9abb3e4\",\"t\":1791217774912}","source":"console","time":"2026-10-05T16:29:34Z"}
{"level":"info","msg":"{\"ev\":\"accepted\",\"id\":\"06395c76-1650-47f1-b3c8-236ba7d3d552\",\"t\":1791217775831}","source":"console","time":"2026-10-05T16:29:35Z"}
{"level":"info","msg":"{\"ev\":\"accepted\",\"id\":\"5fd94815-5670-44bd-8a5e-4fd60f73a50f\",\"t\":1791217776740}","source":"console","time":"2026-10-05T16:29:36Z"}
{"level":"info","msg":"{\"ev\":\"accepted\",\"id\":\"8922c0de-f40b-40cf-a300-c5c17ca5e65c\",\"t\":1791217777648}","source":"console","time":"2026-10-05T16:29:37Z"}
{"level":"info","msg":"{\"ev\":\"accepted\",\"id\":\"678a9c5f-b91a-45d7-8ff4-60a69edfdc1e\",\"t\":1791217778557}","source":"console","time":"2026-10-05T16:29:38Z"}
{"level":"info","msg":"{\"ev\":\"accepted\",\"id\":\"41b694d1-96bb-4ef5-9c95-900e245f07ae\",\"t\":1791217779467}","source":"console","time":"2026-10-05T16:29:39Z"}
{"level":"info","msg":"{\"ev\":\"accepted\",\"id\":\"4b11fe1e-b98e-43dc-9f7f-0b6781ad6ac6\",\"t\":1791217780372}","source":"console","time":"2026-10-05T16:29:40Z"}
{"level":"info","msg":"{\"ev\":\"accepted\",\"id\":\"f36484da-bef1-4b4f-af18-74269664a604\",\"t\":1791217781285}","source":"console","time":"2026-10-05T16:29:41Z"}
{"level":"info","msg":"{\"ev\":\"accepted\",\"id\":\"5e5449c2-15ea-4907-8795-8b9260254f96\",\"t\":1791217782186}","source":"console","time":"2026-10-05T16:29:42Z"}
{"level":"info","msg":"{\"ev\":\"accepted\",\"id\":\"99a3ba13-d1ae-44bd-b81c-592d11ed71a7\",\"t\":1791217783096}","source":"console","time":"2026-10-05T16:29:43Z"}
{"level":"info","msg":"{\"ev\":\"accepted\",\"id\":\"eb4cba2b-4f2d-41e3-b9eb-a1d7b39a2dcb\",\"t\":1791217784010}","source":"console","time":"2026-10-05T16:29:44Z"}
{"level":"info","msg":"{\"ev\":\"accepted\",\"id\":\"b56e6e20-793c-43af-ab52-355c8448017e\",\"t\":1791217784917}","source":"console","time":"2026-10-05T16:29:44Z"}
{"level":"info","msg":"{\"ev\":\"accepted\",\"id\":\"0472bd72-60a4-47f2-a69f-0fbddaad8beb\",\"t\":1791217785805}","source":"console","time":"2026-10-05T16:29:45Z"}
{"level":"info","msg":"{\"ev\":\"accepted\",\"id\":\"d1e14838-5aca-44fc-9181-3f1f9300aa82\",\"t\":1791217786667}","source":"console","time":"2026-10-05T16:29:46Z"}
{"level":"info","msg":"{\"ev\":\"accepted\",\"id\":\"8a7deb8a-bc8a-4374-a43b-fda55939ea41\",\"t\":1791217787496}","source":"console","time":"2026-10-05T16:29:47Z"}
{"level":"info","msg":"{\"ev\":\"accepted\",\"id\":\"66dced41-8b67-40c9-b3bb-e476253b30f4\",\"t\":1791217788319}","source":"console","time":"2026-10-05T16:29:48Z"}
{"level":"info","msg":"{\"ev\":\"accepted\",\"id\":\"89d7b0d1-f0a7-4e38-aea1-4b0bb062b5c0\",\"t\":1791217789108}","source":"console","time":"2026-10-05T16:29:49Z"}
{"level":"info","msg":"{\"ev\":\"accepted\",\"id\":\"e4c1bc6c-ecfc-48b3-9250-ab0aa84ab114\",\"t\":1791217789883}","source":"console","time":"2026-10-05T16:29:49Z"}
{"level":"info","msg":"{\"ev\":\"accepted\",\"id\":\"199b6100-cb5e-4d9e-94c1-a0a27ea6272f\",\"t\":1791217790654}","source":"console","time":"2026-10-05T16:29:50Z"}
{"level":"info","msg":"{\"ev\":\"accepted\",\"id\":\"0f17cd5f-cf5f-45f8-b82e-7458c46dc295\",\"t\":1791217791426}","source":"console","time":"2026-10-05T16:29:51Z"}
{"level":"info","msg":"{\"ev\":\"accepted\",\"id\":\"6670a550-2437-479d-9e66-16bbe19d6739\",\"t\":1791217792194}","source":"console","time":"2026-10-05T16:29:52Z"}
{"level":"info","msg":"{\"ev\":\"accepted\",\"id\":\"1d715a6a-b7c0-42ef-b26c-55089e347c3f\",\"t\":1791217792955}","source":"console","time":"2026-10-05T16:29:52Z"}
{"level":"info","msg":"{\"ev\":\"accepted\",\"id\":\"f2add929-011f-4d86-9158-c420b75f4db2\",\"t\":1791217793724}","source":"console","time":"2026-10-05T16:29:53Z"}
{"level":"info","msg":"{\"ev\":\"accepted\",\"id\":\"905f4f5c-1e8a-4c7c-babd-f60f1bc4f18f\",\"t\":1791217794498}","source":"console","time":"2026-10-05T16:29:54Z"}
{"level":"info","msg":"{\"ev\":\"accepted\",\"id\":\"62e7a42b-7509-42ab-acc9-3cf65b944553\",\"t\":1791217795277}","source":"console","time":"2026-10-05T16:29:55Z"}
{"level":"info","msg":"{\"ev\":\"accepted\",\"id\":\"dbb943e1-77e6-47b0-a738-71b59181e8be\",\"t\":1791217796038}","source":"console","time":"2026-10-05T16:29:56Z"}
{"level":"info","msg":"{\"ev\":\"accepted\",\"id\":\"83f69c69-4538-44bf-929a-5bb1067d277c\",\"t\":1791217796810}","source":"console","time":"2026-10-05T16:29:56Z"}
{"level":"info","msg":"{\"ev\":\"accepted\",\"id\":\"b84dab45-a5d4-4bf9-ba44-0fb6ad204019\",\"t\":1791217797581}","source":"console","time":"2026-10-05T16:29:57Z"}
{"level":"info","msg":"{\"ev\":\"accepted\",\"id\":\"8976848a-ca98-41a4-b8fc-4f367ec400cd\",\"t\":1791217798346}","source":"console","time":"2026-10-05T16:29:58Z"}
{"level":"info","msg":"{\"ev\":\"accepted\",\"id\":\"45060e3c-bd5e-41a1-b8e0-6c0211c7f94b\",\"t\":1791217799112}","source":"console","time":"2026-10-05T16:29:59Z"}
{"level":"info","msg":"{\"ev\":\"accepted\",\"id\":\"a9a942bf-b4fa-40fb-a6dd-bf0fb5053c3a\",\"t\":1791217799885}","source":"console","time":"2026-10-05T16:29:59Z"}
{"level":"info","msg":"{\"ev\":\"accepted\",\"id\":\"2ab7c4bc-8345-4390-a18b-16462ff42e08\",\"t\":1791217800658}","source":"console","time":"2026-10-05T16:30:00Z"}
{"level":"info","msg":"{\"ev\":\"accepted\",\"id\":\"4b13e066-2617-42ac-a174-33aeb4c54897\",\"t\":1791217801424}","source":"console","time":"2026-10-05T16:30:01Z"}
{"level":"info","msg":"{\"ev\":\"accepted\",\"id\":\"f8d47796-3b9d-423a-bdd5-78d6b4fc6870\",\"t\":1791217802198}","source":"console","time":"2026-10-05T16:30:02Z"}
{"level":"info","msg":"{\"ev\":\"accepted\",\"id\":\"6da545c4-3ce6-4a0c-ad32-d81c7abe120f\",\"t\":1791217802967}","source":"console","time":"2026-10-05T16:30:02Z"}
{"level":"info","msg":"{\"ev\":\"accepted\",\"id\":\"d021653f-abc0-43fb-9846-077872a050b8\",\"t\":1791217803729}","source":"console","time":"2026-10-05T16:30:03Z"}
{"level":"info","msg":"{\"ev\":\"accepted\",\"id\":\"f43a3dbd-ad74-4f78-9bbe-424e3ecf4c7c\",\"t\":1791217804495}","source":"console","time":"2026-10-05T16:30:04Z"}
{"level":"info","msg":"{\"ev\":\"accepted\",\"id\":\"aacd6542-6a93-4799-b122-3d540fb5647b\",\"t\":1791217805261}","source":"console","time":"2026-10-05T16:30:05Z"}
{"level":"info","msg":"{\"ev\":\"accepted\",\"id\":\"228910d3-029e-463a-b4e1-34ccd428edf9\",\"t\":1791217806046}","source":"console","time":"2026-10-05T16:30:06Z"}
{"level":"info","msg":"{\"ev\":\"accepted\",\"id\":\"157e896c-6f2d-479d-a8ec-03384c579ee2\",\"t\":1791217806808}","source":"console","time":"2026-10-05T16:30:06Z"}
{"level":"info","msg":"{\"ev\":\"accepted\",\"id\":\"7eee2f23-4281-4fa5-b54a-f701d97cc8e5\",\"t\":1791217807576}","source":"console","time":"2026-10-05T16:30:07Z"}
{"level":"info","msg":"{\"ev\":\"accepted\",\"id\":\"46a84374-aa1d-45ff-8adc-46578ebe19e9\",\"t\":1791217808344}","source":"console","time":"2026-10-05T16:30:08Z"}
{"level":"info","msg":"{\"ev\":\"accepted\",\"id\":\"2861d231-6f71-4635-85d8-4780ca15d0a4\",\"t\":1791217809114}","source":"console","time":"2026-10-05T16:30:09Z"}
{"level":"info","msg":"{\"ev\":\"accepted\",\"id\":\"10422572-f24a-459b-964f-8e1aafcad35e\",\"t\":1791217809883}","source":"console","time":"2026-10-05T16:30:09Z"}
{"level":"info","msg":"{\"ev\":\"accepted\",\"id\":\"49a34285-bc6d-4407-9eb4-c612eca354cf\",\"t\":1791217810653}","source":"console","time":"2026-10-05T16:30:10Z"}
{"level":"info","msg":"{\"ev\":\"accepted\",\"id\":\"cbf41baa-0d33-4566-8c49-799815dee973\",\"t\":1791217811416}","source":"console","time":"2026-10-05T16:30:11Z"}
{"level":"info","msg":"{\"ev\":\"accepted\",\"id\":\"29a60e79-8f47-4809-bcb5-753ad17b07f0\",\"t\":1791217812195}","source":"console","time":"2026-10-05T16:30:12Z"}
{"level":"info","msg":"{\"ev\":\"accepted\",\"id\":\"45d39f0f-3c78-49fe-ac46-c264368046ce\",\"t\":1791217812961}","source":"console","time":"2026-10-05T16:30:12Z"}
{"level":"info","msg":"{\"ev\":\"accepted\",\"id\":\"7cca6585-53f2-4426-94a2-fc0be14e90fa\",\"t\":1791217813730}","source":"console","time":"2026-10-05T16:30:13Z"}
{"level":"info","msg":"{\"ev\":\"accepted\",\"id\":\"59083eab-c6ee-4039-80d8-d08f5aac073d\",\"t\":1791217814493}","source":"console","time":"2026-10-05T16:30:14Z"}
{"level":"info","msg":"{\"ev\":\"accepted\",\"id\":\"4812d21f-ad61-4be6-9df0-8838598055a2\",\"t\":1791217815271}","source":"console","time":"2026-10-05T16:30:15Z"}
{"level":"info","msg":"{\"ev\":\"accepted\",\"id\":\"94a0d40f-6f8d-4bec-a88f-78edab0f39ce\",\"t\":1791217816033}","source":"console","time":"2026-10-05T16:30:16Z"}
{"level":"info","msg":"{\"ev\":\"accepted\",\"id\":\"c549f803-a83d-45d9-911e-8a4d30c4cf4a\",\"t\":1791217816811}","source":"console","time":"2026-10-05T16:30:16Z"}
{"level":"info","msg":"{\"ev\":\"accepted\",\"id\":\"e547e417-74de-4a22-bced-5e8aff93f857\",\"t\":1791217817579}","source":"console","time":"2026-10-05T16:30:17Z"}
{"level":"info","msg":"{\"ev\":\"accepted\",\"id\":\"fef9e42a-387f-4618-b29b-4a6046456649\",\"t\":1791217818348}","source":"console","time":"2026-10-05T16:30:18Z"}
{"level":"info","msg":"{\"ev\":\"accepted\",\"id\":\"c483de22-dfe4-4fa7-81f3-37e722303999\",\"t\":1791217819113}","source":"console","time":"2026-10-05T16:30:19Z"}
{"level":"info","msg":"{\"ev\":\"accepted\",\"id\":\"87866ae8-69b9-430c-b592-cc623e6141eb\",\"t\":1791217819887}","source":"console","time":"2026-10-05T16:30:19Z"}
{"level":"info","msg":"{\"ev\":\"accepted\",\"id\":\"2b43baf3-37fb-413b-8abd-448e5706812a\",\"t\":1791217820651}","source":"console","time":"2026-10-05T16:30:20Z"}
{"level":"info","msg":"{\"ev\":\"accepted\",\"id\":\"9b7b864e-0249-4c5e-b33c-1981a2f5bdd7\",\"t\":1791217821426}","source":"console","time":"2026-10-05T16:30:21Z"}
{"level":"info","msg":"{\"ev\":\"accepted\",\"id\":\"85bcd5e5-f40c-4d92-9248-54777f3083b9\",\"t\":1791217822197}","source":"console","time":"2026-10-05T16:30:22Z"}
{"level":"info","msg":"{\"ev\":\"accepted\",\"id\":\"0655eb60-88e7-4ac6-9ba7-4d670317341e\",\"t\":1791217822964}","source":"console","time":"2026-10-05T16:30:22Z"}
{"level":"info","msg":"{\"ev\":\"accepted\",\"id\":\"75fd1409-3e07-41a0-bc91-5ea1e3c4698d\",\"t\":1791217823733}","source":"console","time":"2026-10-05T16:30:23Z"}
{"level":"info","msg":"{\"ev\":\"accepted\",\"id\":\"0b0b5c85-d41d-4595-9b60-89bb9ce1c063\",\"t\":1791217824495}","source":"console","time":"2026-10-05T16:30:24Z"}
{"level":"info","msg":"{\"ev\":\"accepted\",\"id\":\"92cafb9c-0a11-42a8-bc75-088615935212\",\"t\":1791217825266}","source":"console","time":"2026-10-05T16:30:25Z"}
{"level":"info","msg":"{\"ev\":\"accepted\",\"id\":\"2e0a6df3-01ab-4676-ada8-6f3da1c051d4\",\"t\":1791217826037}","source":"console","time":"2026-10-05T16:30:26Z"}
{"level":"info","msg":"{\"ev\":\"accepted\",\"id\":\"8295354d-8b04-487b-9022-2c45f0bf167f\",\"t\":1791217826813}","source":"console","time":"2026-10-05T16:30:26Z"}
{"level":"info","msg":"{\"ev\":\"accepted\",\"id\":\"c07963e0-8faa-4699-84be-d542ac515df2\",\"t\":1791217827582}","source":"console","time":"2026-10-05T16:30:27Z"}
{"level":"info","msg":"{\"ev\":\"accepted\",\"id\":\"208bfccd-43cd-4d21-9edf-0fb764660b9d\",\"t\":1791217828340}","source":"console","time":"2026-10-05T16:30:28Z"}
{"level":"info","msg":"{\"ev\":\"accepted\",\"id\":\"d4975b90-933d-4bb5-aa91-263b516bd21c\",\"t\":1791217829109}","source":"console","time":"2026-10-05T16:30:29Z"}
{"level":"info","msg":"{\"ev\":\"accepted\",\"id\":\"9f7dac88-e87f-4829-a5de-a01c5693550c\",\"t\":1791217829879}","source":"console","time":"2026-10-05T16:30:29Z"}
{"level":"info","msg":"{\"ev\":\"accepted\",\"id\":\"daa61edd-f76d-48f2-8aba-6f7c49820b25\",\"t\":1791217830651}","source":"console","time":"2026-10-05T16:30:30Z"}
{"level":"info","msg":"{\"ev\":\"accepted\",\"id\":\"2f2c3ea9-8217-4b9e-b0c2-5130398309ee\",\"t\":1791217831417}","source":"console","time":"2026-10-05T16:30:31Z"}
{"level":"info","msg":"{\"ev\":\"accepted\",\"id\":\"ec6c3e08-cb6b-4952-ab1c-c44e99162de0\",\"t\":1791217832190}","source":"console","time":"2026-10-05T16:30:32Z"}
{"level":"info","msg":"{\"ev\":\"accepted\",\"id\":\"4c8f1c91-abb8-4cb1-8f5e-b676492c3063\",\"t\":1791217832956}","source":"console","time":"2026-10-05T16:30:32Z"}
{"level":"info","msg":"{\"ev\":\"accepted\",\"id\":\"8ec12d17-3a43-440e-9fa0-7d9af1572416\",\"t\":1791217833729}","source":"console","time":"2026-10-05T16:30:33Z"}
{"level":"info","msg":"{\"ev\":\"accepted\",\"id\":\"e3ee9c5c-0e37-4583-9fe3-e2d0b3e890f8\",\"t\":1791217834494}","source":"console","time":"2026-10-05T16:30:34Z"}
{"level":"info","msg":"{\"ev\":\"accepted\",\"id\":\"3f91c982-6367-471d-bcb3-380218b90961\",\"t\":1791217835266}","source":"console","time":"2026-10-05T16:30:35Z"}
{"level":"info","msg":"{\"ev\":\"accepted\",\"id\":\"e92625c0-a6fa-4bac-80c2-6054c77d966d\",\"t\":1791217836031}","source":"console","time":"2026-10-05T16:30:36Z"}
{"level":"info","msg":"{\"ev\":\"accepted\",\"id\":\"cad4bd03-7079-45c6-b4b1-7d3c11e4110d\",\"t\":1791217836805}","source":"console","time":"2026-10-05T16:30:36Z"}
{"level":"info","msg":"{\"ev\":\"accepted\",\"id\":\"f7f7067a-627a-4f1d-bee3-1aac9da4db26\",\"t\":1791217837571}","source":"console","time":"2026-10-05T16:30:37Z"}
{"level":"info","msg":"{\"ev\":\"accepted\",\"id\":\"cd5a72ae-2c36-4194-8481-d57df311cdd6\",\"t\":1791217838349}","source":"console","time":"2026-10-05T16:30:38Z"}
{"level":"info","msg":"{\"ev\":\"accepted\",\"id\":\"88f3c245-fe0d-4224-ba16-2d59b069e20b\",\"t\":1791217839110}","source":"console","time":"2026-10-05T16:30:39Z"}
{"level":"info","msg":"{\"ev\":\"accepted\",\"id\":\"c63d7c15-76d8-4061-a67e-5745413bd15e\",\"t\":1791217839879}","source":"console","time":"2026-10-05T16:30:39Z"}
{"level":"info","msg":"{\"ev\":\"accepted\",\"id\":\"0e51aa43-bdd2-4d08-894b-7e35af1947f7\",\"t\":1791217840647}","source":"console","time":"2026-10-05T16:30:40Z"}
{"level":"info","msg":"{\"ev\":\"accepted\",\"id\":\"9310f43c-e834-4bcb-904d-c12a39721547\",\"t\":1791217841417}","source":"console","time":"2026-10-05T16:30:41Z"}
{"level":"info","msg":"{\"ev\":\"accepted\",\"id\":\"bd5879b9-e9da-487c-b238-9ee716c3326a\",\"t\":1791217842187}","source":"console","time":"2026-10-05T16:30:42Z"}
{"level":"info","msg":"{\"ev\":\"accepted\",\"id\":\"07d0b344-214e-4624-bd3f-cc3440ce0e0f\",\"t\":1791217842954}","source":"console","time":"2026-10-05T16:30:42Z"}
{"level":"info","msg":"{\"ev\":\"accepted\",\"id\":\"6345b572-8fa0-453d-afb1-a4807f62564b\",\"t\":1791217843724}","source":"console","time":"2026-10-05T16:30:43Z"}
{"level":"info","msg":"{\"ev\":\"accepted\",\"id\":\"094d5914-736e-4052-aa97-89300fb9d1b7\",\"t\":1791217844494}","source":"console","time":"2026-10-05T16:30:44Z"}
{"level":"info","msg":"{\"ev\":\"accepted\",\"id\":\"8055612d-1668-4335-bda4-54cf9ef4e0e0\",\"t\":1791217845262}","source":"console","time":"2026-10-05T16:30:45Z"}
{"level":"info","msg":"{\"ev\":\"accepted\",\"id\":\"54d7d8bf-91b2-4707-ba33-db480b713375\",\"t\":1791217846033}","source":"console","time":"2026-10-05T16:30:46Z"}
{"level":"info","msg":"{\"ev\":\"accepted\",\"id\":\"e9d40762-19b5-4c2e-81b1-dbf930fdd039\",\"t\":1791217846801}","source":"console","time":"2026-10-05T16:30:46Z"}
{"level":"info","msg":"{\"ev\":\"accepted\",\"id\":\"909be121-0f2b-4b01-8e07-b37d1a702ce7\",\"t\":1791217847571}","source":"console","time":"2026-10-05T16:30:47Z"}
{"level":"info","msg":"{\"ev\":\"accepted\",\"id\":\"cd2be4c4-e9ca-498c-9b9b-ab2c9ad8844c\",\"t\":1791217848339}","source":"console","time":"2026-10-05T16:30:48Z"}
{"level":"info","msg":"{\"ev\":\"accepted\",\"id\":\"c76c506a-ac9b-4571-bcfe-2d679fa1b4e4\",\"t\":1791217849113}","source":"console","time":"2026-10-05T16:30:49Z"}
{"level":"info","msg":"{\"ev\":\"accepted\",\"id\":\"c590c2d7-0f33-44d0-8d7e-8df441c5bdc0\",\"t\":1791217849878}","source":"console","time":"2026-10-05T16:30:49Z"}
{"level":"info","msg":"{\"ev\":\"accepted\",\"id\":\"676e7c96-c270-4522-b713-fe5114c35465\",\"t\":1791217850653}","source":"console","time":"2026-10-05T16:30:50Z"}
{"level":"info","msg":"{\"ev\":\"accepted\",\"id\":\"407f936c-6269-4c66-9087-0df942b8f511\",\"t\":1791217851415}","source":"console","time":"2026-10-05T16:30:51Z"}
{"level":"info","msg":"{\"ev\":\"accepted\",\"id\":\"baee7670-9b6b-4c1a-9da1-5b3c25690ab7\",\"t\":1791217852186}","source":"console","time":"2026-10-05T16:30:52Z"}
{"level":"info","msg":"{\"ev\":\"accepted\",\"id\":\"e029071b-03dc-4567-ab2b-260f039e3ebb\",\"t\":1791217852955}","source":"console","time":"2026-10-05T16:30:52Z"}
{"level":"info","msg":"{\"ev\":\"accepted\",\"id\":\"835b6b35-dd44-4a87-b74e-0f3e1aaca036\",\"t\":1791217853724}","source":"console","time":"2026-10-05T16:30:53Z"}
{"level":"info","msg":"{\"ev\":\"accepted\",\"id\":\"9e2d3a2c-67b3-4440-bf0e-97731e1372c7\",\"t\":1791217854495}","source":"console","time":"2026-10-05T16:30:54Z"}
{"level":"info","msg":"{\"ev\":\"accepted\",\"id\":\"7523e2c2-e36d-465b-8900-e98252114c22\",\"t\":1791217855265}","source":"console","time":"2026-10-05T16:30:55Z"}
{"level":"info","msg":"{\"ev\":\"accepted\",\"id\":\"1b517dca-2521-4496-bcf7-21e34974ec22\",\"t\":1791217856032}","source":"console","time":"2026-10-05T16:30:56Z"}
{"level":"info","msg":"{\"ev\":\"accepted\",\"id\":\"5308e8dd-c6ff-45f0-b78c-1f5725b3024a\",\"t\":1791217856804}","source":"console","time":"2026-10-05T16:30:56Z"}
{"level":"info","msg":"{\"ev\":\"accepted\",\"id\":\"7cdff0b7-0485-40e0-bd6f-d2c12e24b80b\",\"t\":1791217857572}","source":"console","time":"2026-10-05T16:30:57Z"}
{"level":"info","msg":"{\"ev\":\"accepted\",\"id\":\"1bbc1369-5fe0-48a9-b8c6-35265711c87c\",\"t\":1791217858343}","source":"console","time":"2026-10-05T16:30:58Z"}
{"level":"info","msg":"{\"ev\":\"accepted\",\"id\":\"aee3f197-bb78-4231-9c15-d155018279f7\",\"t\":1791217859109}","source":"console","time":"2026-10-05T16:30:59Z"}
{"level":"info","msg":"{\"ev\":\"accepted\",\"id\":\"3aac3730-3d95-4a22-915d-4af7e8d008ab\",\"t\":1791217859882}","source":"console","time":"2026-10-05T16:30:59Z"}
{"level":"info","msg":"{\"ev\":\"accepted\",\"id\":\"d6ea258a-e5b1-4723-90d7-5d3998385899\",\"t\":1791217860646}","source":"console","time":"2026-10-05T16:31:00Z"}
{"level":"info","msg":"{\"ev\":\"accepted\",\"id\":\"7bcc586c-42fe-4811-8a60-6b58416bc359\",\"t\":1791217861441}","source":"console","time":"2026-10-05T16:31:01Z"}
{"level":"info","msg":"{\"ev\":\"accepted\",\"id\":\"f8d3d51f-a0dc-4fd1-9c7e-9a6e31c1ce20\",\"t\":1791217862187}","source":"console","time":"2026-10-05T16:31:02Z"}
{"level":"info","msg":"{\"ev\":\"accepted\",\"id\":\"61f2ac54-c029-4223-86b8-30e5aea35ed2\",\"t\":1791217862956}","source":"console","time":"2026-10-05T16:31:02Z"}
{"level":"info","msg":"{\"ev\":\"accepted\",\"id\":\"5289b229-3aa8-4155-93cd-f5bb1e766882\",\"t\":1791217863724}","source":"console","time":"2026-10-05T16:31:03Z"}
{"level":"info","msg":"{\"ev\":\"accepted\",\"id\":\"fcd54d32-9263-4e1b-9642-7e65680ebcce\",\"t\":1791217864493}","source":"console","time":"2026-10-05T16:31:04Z"}
{"level":"info","msg":"{\"ev\":\"accepted\",\"id\":\"6323729a-c3cd-4f4f-96cf-09780a66cf39\",\"t\":1791217865263}","source":"console","time":"2026-10-05T16:31:05Z"}
{"level":"info","msg":"{\"ev\":\"accepted\",\"id\":\"a8d16303-4b79-46b4-b64f-fb8a0ca31411\",\"t\":1791217866030}","source":"console","time":"2026-10-05T16:31:06Z"}
{"level":"info","msg":"{\"ev\":\"accepted\",\"id\":\"78b5ec8b-7334-489e-b726-b7c5774b94e5\",\"t\":1791217866800}","source":"console","time":"2026-10-05T16:31:06Z"}
{"level":"info","msg":"{\"ev\":\"accepted\",\"id\":\"44ceda4b-4515-4c5e-9d35-8a2b1c70a320\",\"t\":1791217867570}","source":"console","time":"2026-10-05T16:31:07Z"}
{"level":"info","msg":"{\"ev\":\"accepted\",\"id\":\"db43d999-a853-440b-80d7-89b33d749049\",\"t\":1791217868339}","source":"console","time":"2026-10-05T16:31:08Z"}
{"level":"info","msg":"{\"ev\":\"accepted\",\"id\":\"12fe186f-a33d-4756-86a6-e86b1fea0532\",\"t\":1791217869111}","source":"console","time":"2026-10-05T16:31:09Z"}
{"level":"info","msg":"{\"ev\":\"accepted\",\"id\":\"101b4bf0-64aa-4cc0-b061-f2f49f4cd149\",\"t\":1791217869882}","source":"console","time":"2026-10-05T16:31:09Z"}
{"level":"info","msg":"{\"ev\":\"accepted\",\"id\":\"19222d4c-1223-4443-bc46-86d04702272e\",\"t\":1791217870654}","source":"console","time":"2026-10-05T16:31:10Z"}
{"level":"info","msg":"{\"ev\":\"accepted\",\"id\":\"5e651499-1feb-432b-92b6-32f0fe634ea7\",\"t\":1791217871420}","source":"console","time":"2026-10-05T16:31:11Z"}
{"level":"info","msg":"{\"ev\":\"accepted\",\"id\":\"3f0d77ce-7919-4f89-842c-097c473fec14\",\"t\":1791217872189}","source":"console","time":"2026-10-05T16:31:12Z"}
{"level":"info","msg":"{\"ev\":\"accepted\",\"id\":\"e9572af6-3e27-4f3a-9aae-9e0853a0a1e7\",\"t\":1791217872956}","source":"console","time":"2026-10-05T16:31:12Z"}
{"level":"info","msg":"{\"ev\":\"accepted\",\"id\":\"68c219eb-d491-48f7-a64e-036cf80afa49\",\"t\":1791217873729}","source":"console","time":"2026-10-05T16:31:13Z"}
{"level":"info","msg":"{\"ev\":\"accepted\",\"id\":\"79cd4af0-9177-49e7-93a0-8f6822265a23\",\"t\":1791217874494}","source":"console","time":"2026-10-05T16:31:14Z"}
{"level":"info","msg":"{\"ev\":\"accepted\",\"id\":\"23b24b89-8418-44ae-a3b1-f68d6bb1208f\",\"t\":1791217875268}","source":"console","time":"2026-10-05T16:31:15Z"}
{"level":"info","msg":"{\"ev\":\"accepted\",\"id\":\"8e38e850-c973-413e-8301-2eb7c9bd9bc8\",\"t\":1791217876032}","source":"console","time":"2026-10-05T16:31:16Z"}
{"level":"info","msg":"{\"ev\":\"accepted\",\"id\":\"cc6c8c89-d864-4765-8881-53637cbfbb65\",\"t\":1791217876804}","source":"console","time":"2026-10-05T16:31:16Z"}
{"level":"info","msg":"{\"ev\":\"accepted\",\"id\":\"7111e442-3bbb-4baf-9718-3791384ec7a3\",\"t\":1791217877570}","source":"console","time":"2026-10-05T16:31:17Z"}
{"level":"info","msg":"{\"ev\":\"accepted\",\"id\":\"82850108-a17b-41ee-9fae-44dc671902f9\",\"t\":1791217878341}","source":"console","time":"2026-10-05T16:31:18Z"}
{"level":"info","msg":"{\"ev\":\"accepted\",\"id\":\"506976a3-f564-4fba-be11-904d8f8632f8\",\"t\":1791217879109}","source":"console","time":"2026-10-05T16:31:19Z"}
{"level":"info","msg":"{\"ev\":\"accepted\",\"id\":\"b80d82c8-1adc-4d78-af4d-cad871e26752\",\"t\":1791217879879}","source":"console","time":"2026-10-05T16:31:19Z"}
{"level":"info","msg":"{\"ev\":\"accepted\",\"id\":\"53c38387-8dc7-42b8-bfac-9c0c56a2a63c\",\"t\":1791217880648}","source":"console","time":"2026-10-05T16:31:20Z"}
{"level":"info","msg":"{\"ev\":\"accepted\",\"id\":\"67ff471f-2855-4b7d-bd2a-83c59262d85c\",\"t\":1791217881415}","source":"console","time":"2026-10-05T16:31:21Z"}
{"level":"info","msg":"{\"ev\":\"accepted\",\"id\":\"07fe5ba0-657b-43d0-a8e0-ca44ce64c36a\",\"t\":1791217882190}","source":"console","time":"2026-10-05T16:31:22Z"}
{"level":"info","msg":"{\"ev\":\"accepted\",\"id\":\"17350d24-aa21-4dbf-8d35-755ea5c768c7\",\"t\":1791217883054}","source":"console","time":"2026-10-05T16:31:23Z"}
{"level":"info","msg":"{\"ev\":\"accepted\",\"id\":\"682b8913-3800-40d1-b541-e79ef56851e5\",\"t\":1791217883804}","source":"console","time":"2026-10-05T16:31:23Z"}
{"level":"info","msg":"{\"ev\":\"accepted\",\"id\":\"9afbe77c-9b9e-4f3c-9fbb-dca09a6df38f\",\"t\":1791217884625}","source":"console","time":"2026-10-05T16:31:24Z"}
{"level":"info","msg":"{\"ev\":\"accepted\",\"id\":\"f4f09cf0-cb31-4eb2-a645-e9bc62bbb7a5\",\"t\":1791217885351}","source":"console","time":"2026-10-05T16:31:25Z"}
{"level":"info","msg":"{\"ev\":\"accepted\",\"id\":\"775574ad-0420-4076-afbb-3621b5b7f20c\",\"t\":1791217886149}","source":"console","time":"2026-10-05T16:31:26Z"}
{"level":"info","msg":"{\"ev\":\"accepted\",\"id\":\"a301e3ae-7528-4cb4-a2a6-a6bd1dce4692\",\"t\":1791217886885}","source":"console","time":"2026-10-05T16:31:26Z"}
{"level":"info","msg":"{\"ev\":\"accepted\",\"id\":\"2bbff631-c4b6-4eb8-b828-335f5addadb1\",\"t\":1791217887676}","source":"console","time":"2026-10-05T16:31:27Z"}
{"level":"info","msg":"{\"ev\":\"accepted\",\"id\":\"04886641-3b97-4f75-9497-ff76744d5955\",\"t\":1791217888421}","source":"console","time":"2026-10-05T16:31:28Z"}
{"level":"info","msg":"{\"ev\":\"accepted\",\"id\":\"4e26ffba-b0f0-4f5a-8301-d6d5514bca3d\",\"t\":1791217889219}","source":"console","time":"2026-10-05T16:31:29Z"}
{"level":"info","msg":"{\"ev\":\"accepted\",\"id\":\"95acefcd-d4f0-4074-b1ba-062b3b514959\",\"t\":1791217889960}","source":"console","time":"2026-10-05T16:31:29Z"}
{"level":"info","msg":"{\"ev\":\"accepted\",\"id\":\"1da44339-0718-4739-bc52-bcc9c2f1b43e\",\"t\":1791217890757}","source":"console","time":"2026-10-05T16:31:30Z"}
{"level":"info","msg":"{\"ev\":\"accepted\",\"id\":\"95250149-f26a-4eaa-921b-9a81627d8b92\",\"t\":1791217891508}","source":"console","time":"2026-10-05T16:31:31Z"}
{"level":"info","msg":"{\"ev\":\"accepted\",\"id\":\"49e2515e-da80-4ddf-97b0-6c0f0967cad4\",\"t\":1791217892294}","source":"console","time":"2026-10-05T16:31:32Z"}
{"level":"info","msg":"{\"ev\":\"accepted\",\"id\":\"1e2fe006-51f2-4fc7-8903-9a2e64d77a24\",\"t\":1791217893040}","source":"console","time":"2026-10-05T16:31:33Z"}
{"level":"info","msg":"{\"ev\":\"accepted\",\"id\":\"e117ff09-bf33-4555-96bf-2a4041af0da7\",\"t\":1791217893837}","source":"console","time":"2026-10-05T16:31:33Z"}
{"level":"info","msg":"{\"ev\":\"accepted\",\"id\":\"a6074193-40d1-4385-973b-41b9b4851c68\",\"t\":1791217894586}","source":"console","time":"2026-10-05T16:31:34Z"}
{"level":"info","msg":"{\"ev\":\"accepted\",\"id\":\"50af6dcb-3983-4ffc-89c1-ffe5c5a963af\",\"t\":1791217895358}","source":"console","time":"2026-10-05T16:31:35Z"}
{"level":"info","msg":"{\"ev\":\"accepted\",\"id\":\"1a11a9e1-87e4-4447-89a6-d5a4e7cc5459\",\"t\":1791217896157}","source":"console","time":"2026-10-05T16:31:36Z"}
{"level":"info","msg":"{\"ev\":\"accepted\",\"id\":\"0cd81f4f-3e44-45c2-a1f9-7e5b3d0c1bd2\",\"t\":1791217896892}","source":"console","time":"2026-10-05T16:31:36Z"}
{"level":"info","msg":"{\"ev\":\"accepted\",\"id\":\"3a324013-42aa-4eb0-ba10-7c9a6cacaac5\",\"t\":1791217897703}","source":"console","time":"2026-10-05T16:31:37Z"}
{"level":"info","msg":"{\"ev\":\"accepted\",\"id\":\"ae476e56-e878-4864-aa84-80abbea5ae51\",\"t\":1791217898449}","source":"console","time":"2026-10-05T16:31:38Z"}
{"level":"info","msg":"{\"ev\":\"accepted\",\"id\":\"28835c54-1bb8-4770-baa5-ee32a5f39fdc\",\"t\":1791217899192}","source":"console","time":"2026-10-05T16:31:39Z"}
{"level":"info","msg":"{\"ev\":\"accepted\",\"id\":\"977fe35d-b5ce-4496-9ede-2f7d456ea899\",\"t\":1791217899956}","source":"console","time":"2026-10-05T16:31:39Z"}
{"level":"info","msg":"{\"ev\":\"accepted\",\"id\":\"9812dc16-c5f0-4c98-a9a9-86da19cd26d7\",\"t\":1791217900781}","source":"console","time":"2026-10-05T16:31:40Z"}
{"level":"info","msg":"{\"ev\":\"accepted\",\"id\":\"58b64282-9df3-4c90-ba4d-784cc2247e1c\",\"t\":1791217901503}","source":"console","time":"2026-10-05T16:31:41Z"}
{"level":"info","msg":"{\"ev\":\"accepted\",\"id\":\"053fb89a-7273-4779-a02e-99cef7704d1c\",\"t\":1791217902314}","source":"console","time":"2026-10-05T16:31:42Z"}
{"level":"info","msg":"{\"ev\":\"accepted\",\"id\":\"549a4952-437a-4432-b25c-da26265b195d\",\"t\":1791217903041}","source":"console","time":"2026-10-05T16:31:43Z"}
{"level":"info","msg":"{\"ev\":\"accepted\",\"id\":\"afe6df24-9d1a-441c-abad-bdd0246fab24\",\"t\":1791217903855}","source":"console","time":"2026-10-05T16:31:43Z"}
{"level":"info","msg":"{\"ev\":\"accepted\",\"id\":\"8a8d0063-f034-4040-878f-277490c91b9d\",\"t\":1791217904616}","source":"console","time":"2026-10-05T16:31:44Z"}
{"level":"info","msg":"{\"ev\":\"accepted\",\"id\":\"60120f1d-8733-402a-a1f6-0bde9eb62772\",\"t\":1791217905345}","source":"console","time":"2026-10-05T16:31:45Z"}
{"level":"info","msg":"{\"ev\":\"accepted\",\"id\":\"261f9a95-93c4-4bff-ae56-8ee46495d314\",\"t\":1791217906111}","source":"console","time":"2026-10-05T16:31:46Z"}
{"level":"info","msg":"{\"ev\":\"accepted\",\"id\":\"eee47bdc-a22c-401e-abe9-476fa2e2681c\",\"t\":1791217906922}","source":"console","time":"2026-10-05T16:31:46Z"}
{"level":"info","msg":"{\"ev\":\"accepted\",\"id\":\"2ac181c8-fab2-43c4-87ca-acceb641c73e\",\"t\":1791217907694}","source":"console","time":"2026-10-05T16:31:47Z"}
{"level":"info","msg":"{\"ev\":\"accepted\",\"id\":\"e16e9c1a-6fb7-4b95-a9b0-6dd2fbbac3af\",\"t\":1791217908451}","source":"console","time":"2026-10-05T16:31:48Z"}
{"level":"info","msg":"{\"ev\":\"accepted\",\"id\":\"f14ee0a0-49f0-41cd-9d99-22c3e67429ab\",\"t\":1791217909188}","source":"console","time":"2026-10-05T16:31:49Z"}
{"level":"info","msg":"{\"ev\":\"accepted\",\"id\":\"c1f04e9a-4158-43ca-9e98-51681fa58637\",\"t\":1791217910000}","source":"console","time":"2026-10-05T16:31:50Z"}
{"level":"info","msg":"{\"ev\":\"accepted\",\"id\":\"e7cb0e45-7a5b-48c9-9985-7ff7c6d2e0c0\",\"t\":1791217910732}","source":"console","time":"2026-10-05T16:31:50Z"}
{"level":"info","msg":"{\"ev\":\"accepted\",\"id\":\"5232e5a2-9781-4349-a34f-9e0680720acb\",\"t\":1791217911518}","source":"console","time":"2026-10-05T16:31:51Z"}
{"level":"info","msg":"{\"ev\":\"accepted\",\"id\":\"3c2f6f54-5e6f-4440-9e4e-8fe561d42e70\",\"t\":1791217912289}","source":"console","time":"2026-10-05T16:31:52Z"}
{"level":"info","msg":"{\"ev\":\"accepted\",\"id\":\"4d2d2177-49aa-4b6a-b2eb-a72718345392\",\"t\":1791217913048}","source":"console","time":"2026-10-05T16:31:53Z"}
{"level":"info","msg":"{\"ev\":\"accepted\",\"id\":\"ccc32074-80ea-4929-8a0b-7f611b3ddab8\",\"t\":1791217913802}","source":"console","time":"2026-10-05T16:31:53Z"}
{"level":"info","msg":"{\"ev\":\"accepted\",\"id\":\"25b71319-1280-46c2-8c55-39be7ba6914e\",\"t\":1791217914574}","source":"console","time":"2026-10-05T16:31:54Z"}
{"level":"info","msg":"{\"ev\":\"accepted\",\"id\":\"520ed29d-dc0a-4b65-9c66-563c7db84b13\",\"t\":1791217915355}","source":"console","time":"2026-10-05T16:31:55Z"}
{"level":"info","msg":"{\"ev\":\"accepted\",\"id\":\"01ee70cb-07f6-490d-93fc-d6256a96a04f\",\"t\":1791217916130}","source":"console","time":"2026-10-05T16:31:56Z"}
{"level":"info","msg":"{\"ev\":\"accepted\",\"id\":\"f447bdc9-788b-4c97-9f16-55a06516364b\",\"t\":1791217916893}","source":"console","time":"2026-10-05T16:31:56Z"}
{"level":"info","msg":"{\"ev\":\"accepted\",\"id\":\"18bcdb8a-e184-4332-94a3-a02912a1e17b\",\"t\":1791217917670}","source":"console","time":"2026-10-05T16:31:57Z"}
{"level":"info","msg":"{\"ev\":\"accepted\",\"id\":\"80ab37ad-602f-481d-9c9d-3f8af66fcbfa\",\"t\":1791217918444}","source":"console","time":"2026-10-05T16:31:58Z"}
{"level":"info","msg":"{\"ev\":\"accepted\",\"id\":\"b8e6c926-8349-43b2-ae08-5bb65d442ffc\",\"t\":1791217919261}","source":"console","time":"2026-10-05T16:31:59Z"}
{"level":"info","msg":"{\"ev\":\"accepted\",\"id\":\"56fd3c5f-bd90-4a2a-92de-58ab6ec660b0\",\"t\":1791217919964}","source":"console","time":"2026-10-05T16:31:59Z"}
{"level":"info","msg":"{\"ev\":\"accepted\",\"id\":\"df315c38-d969-41ca-a2e2-60b799126da2\",\"t\":1791217920765}","source":"console","time":"2026-10-05T16:32:00Z"}
{"level":"info","msg":"{\"ev\":\"accepted\",\"id\":\"1dc6d85a-ef18-4e54-a57c-6fe691c1c426\",\"t\":1791217921493}","source":"console","time":"2026-10-05T16:32:01Z"}
{"level":"info","msg":"{\"ev\":\"accepted\",\"id\":\"11129e1c-507b-4d4f-930f-d0c4326f3081\",\"t\":1791217922272}","source":"console","time":"2026-10-05T16:32:02Z"}
{"level":"info","msg":"{\"ev\":\"accepted\",\"id\":\"09118556-00df-46c3-9e89-120d8844a22e\",\"t\":1791217923048}","source":"console","time":"2026-10-05T16:32:03Z"}
{"level":"info","msg":"{\"ev\":\"accepted\",\"id\":\"3c04fd6b-5a50-4c65-9842-1a824cdbf835\",\"t\":1791217923836}","source":"console","time":"2026-10-05T16:32:03Z"}
{"level":"info","msg":"{\"ev\":\"accepted\",\"id\":\"93819d3c-fdf6-43db-9e0c-213492382238\",\"t\":1791217924570}","source":"console","time":"2026-10-05T16:32:04Z"}
{"level":"info","msg":"{\"ev\":\"accepted\",\"id\":\"21a1cff3-7899-4ac3-8863-2f35e0a9bb09\",\"t\":1791217925340}","source":"console","time":"2026-10-05T16:32:05Z"}
{"level":"info","msg":"{\"ev\":\"accepted\",\"id\":\"be500765-e865-4dfc-893d-275389eaece0\",\"t\":1791217926116}","source":"console","time":"2026-10-05T16:32:06Z"}
{"level":"info","msg":"{\"ev\":\"accepted\",\"id\":\"2cb2a38f-e9c8-46f1-9fd4-9731cbd2fdec\",\"t\":1791217926896}","source":"console","time":"2026-10-05T16:32:06Z"}
{"level":"info","msg":"{\"ev\":\"accepted\",\"id\":\"15330e04-bc69-42c6-8744-1233727219a6\",\"t\":1791217927673}","source":"console","time":"2026-10-05T16:32:07Z"}
{"level":"info","msg":"{\"ev\":\"accepted\",\"id\":\"ea34acf9-1a32-48a9-9dde-674d0c501dfb\",\"t\":1791217928418}","source":"console","time":"2026-10-05T16:32:08Z"}
{"level":"info","msg":"{\"ev\":\"accepted\",\"id\":\"9dcbb96d-3085-41e3-b5d5-3d21309a359d\",\"t\":1791217929219}","source":"console","time":"2026-10-05T16:32:09Z"}
{"level":"info","msg":"{\"ev\":\"accepted\",\"id\":\"b1612e66-a66a-431f-bba9-78f6e0101bdc\",\"t\":1791217929960}","source":"console","time":"2026-10-05T16:32:09Z"}
{"level":"info","msg":"{\"ev\":\"accepted\",\"id\":\"b24a43dc-3dad-4722-a838-d859355b36c5\",\"t\":1791217930796}","source":"console","time":"2026-10-05T16:32:10Z"}
{"level":"info","msg":"{\"ev\":\"accepted\",\"id\":\"d1f88c4a-4e0a-43a3-88a9-024f4b41bffa\",\"t\":1791217931561}","source":"console","time":"2026-10-05T16:32:11Z"}
{"level":"info","msg":"{\"ev\":\"accepted\",\"id\":\"c8626d06-55f8-40e7-94b9-36c96622e129\",\"t\":1791217932271}","source":"console","time":"2026-10-05T16:32:12Z"}
{"level":"info","msg":"{\"ev\":\"accepted\",\"id\":\"9d4a34f2-9149-4c92-ab11-4cc837e37486\",\"t\":1791217933076}","source":"console","time":"2026-10-05T16:32:13Z"}
{"level":"info","msg":"{\"ev\":\"accepted\",\"id\":\"10558563-ecf5-4ec4-8d28-b7e750902892\",\"t\":1791217933808}","source":"console","time":"2026-10-05T16:32:13Z"}
{"level":"info","msg":"{\"ev\":\"accepted\",\"id\":\"057eb01d-a39e-45ec-80a8-8f5ed0bc929a\",\"t\":1791217934605}","source":"console","time":"2026-10-05T16:32:14Z"}
{"level":"info","msg":"{\"ev\":\"accepted\",\"id\":\"2cdef394-2f2a-4ed8-9c0d-f7b85ba92fc8\",\"t\":1791217935349}","source":"console","time":"2026-10-05T16:32:15Z"}
{"level":"info","msg":"{\"ev\":\"accepted\",\"id\":\"3a8257af-4477-480c-8d9f-450d1ef27d2e\",\"t\":1791217936111}","source":"console","time":"2026-10-05T16:32:16Z"}
{"level":"info","msg":"{\"ev\":\"accepted\",\"id\":\"560c4ef5-3586-4fe0-a6d7-8adeccb6f0d2\",\"t\":1791217936910}","source":"console","time":"2026-10-05T16:32:16Z"}
{"level":"info","msg":"{\"ev\":\"accepted\",\"id\":\"626f81c1-80ed-4d58-ada6-4c460a764456\",\"t\":1791217937661}","source":"console","time":"2026-10-05T16:32:17Z"}
{"level":"info","msg":"{\"ev\":\"accepted\",\"id\":\"f10d46d7-804a-4d67-a650-95e5ed8a4678\",\"t\":1791217938414}","source":"console","time":"2026-10-05T16:32:18Z"}
{"level":"info","msg":"{\"ev\":\"accepted\",\"id\":\"8554c6e5-3151-422b-b5ce-96d4bda12373\",\"t\":1791217939203}","source":"console","time":"2026-10-05T16:32:19Z"}
{"level":"info","msg":"{\"ev\":\"accepted\",\"id\":\"0c1a5f15-a16b-4481-b971-eb87aae82584\",\"t\":1791217939991}","source":"console","time":"2026-10-05T16:32:19Z"}
{"level":"info","msg":"{\"ev\":\"accepted\",\"id\":\"2ca6386d-bf2f-4a6e-8191-985c262ecada\",\"t\":1791217940733}","source":"console","time":"2026-10-05T16:32:20Z"}
{"level":"info","msg":"{\"ev\":\"accepted\",\"id\":\"e131f4f0-40ec-40e1-833e-c1aefd2f6d30\",\"t\":1791217941535}","source":"console","time":"2026-10-05T16:32:21Z"}
{"level":"info","msg":"{\"ev\":\"accepted\",\"id\":\"b66ded10-ab57-4bca-bd46-33a9ec17f01c\",\"t\":1791217942301}","source":"console","time":"2026-10-05T16:32:22Z"}
{"level":"info","msg":"{\"ev\":\"accepted\",\"id\":\"d185c7c7-e4ab-4abe-8d68-165bfa04047d\",\"t\":1791217943037}","source":"console","time":"2026-10-05T16:32:23Z"}
{"level":"info","msg":"{\"ev\":\"accepted\",\"id\":\"75594c65-f9f4-4c73-ab92-943951384ebb\",\"t\":1791217943819}","source":"console","time":"2026-10-05T16:32:23Z"}
{"level":"info","msg":"{\"ev\":\"accepted\",\"id\":\"35df2f3d-9bd9-4e32-b70d-b6e3a3d36538\",\"t\":1791217944578}","source":"console","time":"2026-10-05T16:32:24Z"}
{"level":"info","msg":"{\"ev\":\"accepted\",\"id\":\"8b2d1743-6942-449d-916f-7d23d016909b\",\"t\":1791217945352}","source":"console","time":"2026-10-05T16:32:25Z"}
{"level":"info","msg":"{\"ev\":\"accepted\",\"id\":\"b6436c9c-8ba6-4b24-b89c-f3027d556db7\",\"t\":1791217946138}","source":"console","time":"2026-10-05T16:32:26Z"}
{"level":"info","msg":"{\"ev\":\"accepted\",\"id\":\"d5604d44-8978-4106-8f1f-ef2c41d697b4\",\"t\":1791217946916}","source":"console","time":"2026-10-05T16:32:26Z"}
{"level":"info","msg":"{\"ev\":\"accepted\",\"id\":\"29f99ae6-6f92-4f81-91a1-65a2a3b666ea\",\"t\":1791217947655}","source":"console","time":"2026-10-05T16:32:27Z"}
{"level":"info","msg":"{\"ev\":\"accepted\",\"id\":\"d9b71054-060e-450f-97ce-c5b307c7ee72\",\"t\":1791217948418}","source":"console","time":"2026-10-05T16:32:28Z"}
{"level":"info","msg":"{\"ev\":\"accepted\",\"id\":\"d0436006-8fb9-493e-815d-df1ad404e61d\",\"t\":1791217949202}","source":"console","time":"2026-10-05T16:32:29Z"}
{"level":"info","msg":"{\"ev\":\"accepted\",\"id\":\"5a10ea6d-ef5d-4198-a98b-76ce02a5c461\",\"t\":1791217949962}","source":"console","time":"2026-10-05T16:32:29Z"}
{"level":"info","msg":"{\"ev\":\"accepted\",\"id\":\"8277f995-f714-49ae-9f98-b428228d2254\",\"t\":1791217950765}","source":"console","time":"2026-10-05T16:32:30Z"}
{"level":"info","msg":"{\"ev\":\"accepted\",\"id\":\"ad939153-5b68-47de-9744-1c578319bc92\",\"t\":1791217951501}","source":"console","time":"2026-10-05T16:32:31Z"}
{"level":"info","msg":"{\"ev\":\"accepted\",\"id\":\"498fb08a-23f5-421f-b1dd-1e70d290884b\",\"t\":1791217952260}","source":"console","time":"2026-10-05T16:32:32Z"}
{"level":"info","msg":"{\"ev\":\"accepted\",\"id\":\"58122147-c768-44b8-8ca2-645ab9357078\",\"t\":1791217953091}","source":"console","time":"2026-10-05T16:32:33Z"}
{"level":"info","msg":"{\"ev\":\"accepted\",\"id\":\"8260e326-1b0d-4504-8c00-afbe7197ab9d\",\"t\":1791217953857}","source":"console","time":"2026-10-05T16:32:33Z"}
{"level":"info","msg":"{\"ev\":\"accepted\",\"id\":\"dac49913-c0a4-4ce8-8fe6-13e2dc279232\",\"t\":1791217954576}","source":"console","time":"2026-10-05T16:32:34Z"}
{"level":"info","msg":"{\"ev\":\"accepted\",\"id\":\"46084168-e5af-4c7d-a68a-8b6a36aece06\",\"t\":1791217955375}","source":"console","time":"2026-10-05T16:32:35Z"}
{"level":"info","msg":"{\"ev\":\"accepted\",\"id\":\"c34289f3-bd6c-4825-bfba-3a5bef97f61b\",\"t\":1791217956119}","source":"console","time":"2026-10-05T16:32:36Z"}
{"level":"info","msg":"{\"ev\":\"accepted\",\"id\":\"f5cc2f23-0e43-4b6f-b175-5e44d69bd0fc\",\"t\":1791217956917}","source":"console","time":"2026-10-05T16:32:36Z"}
{"level":"info","msg":"{\"ev\":\"accepted\",\"id\":\"e33180bf-35ed-4969-ad9b-aa4a62eb79fc\",\"t\":1791217957697}","source":"console","time":"2026-10-05T16:32:37Z"}
{"level":"info","msg":"{\"ev\":\"accepted\",\"id\":\"02f690e3-109a-4d7d-a5a8-e806f3633347\",\"t\":1791217958420}","source":"console","time":"2026-10-05T16:32:38Z"}
{"level":"info","msg":"{\"ev\":\"accepted\",\"id\":\"e96e67f1-872c-4fda-809d-9ae526b98fab\",\"t\":1791217959190}","source":"console","time":"2026-10-05T16:32:39Z"}
{"level":"info","msg":"{\"ev\":\"accepted\",\"id\":\"da4093db-a9fb-4e25-abff-520095274aaf\",\"t\":1791217960001}","source":"console","time":"2026-10-05T16:32:40Z"}
{"level":"info","msg":"{\"ev\":\"accepted\",\"id\":\"1f482308-c8d0-446f-a632-fa8c2345e8df\",\"t\":1791217960766}","source":"console","time":"2026-10-05T16:32:40Z"}
{"level":"info","msg":"{\"ev\":\"accepted\",\"id\":\"d58ebbec-9aaf-45f9-b01c-ea855131dcf8\",\"t\":1791217961537}","source":"console","time":"2026-10-05T16:32:41Z"}
{"level":"info","msg":"{\"ev\":\"accepted\",\"id\":\"ef9a7df7-c5c1-4ab5-a1bf-ecd432436979\",\"t\":1791217962308}","source":"console","time":"2026-10-05T16:32:42Z"}
{"level":"info","msg":"{\"ev\":\"accepted\",\"id\":\"2e436b09-d961-44fa-a3ba-01e3c0409ed6\",\"t\":1791217963041}","source":"console","time":"2026-10-05T16:32:43Z"}
{"level":"info","msg":"{\"ev\":\"accepted\",\"id\":\"a0941339-fc2d-4fa3-9275-921e5a2065cc\",\"t\":1791217963800}","source":"console","time":"2026-10-05T16:32:43Z"}
{"level":"info","msg":"{\"ev\":\"accepted\",\"id\":\"53359dad-d5d2-40af-afd9-f340010aa6db\",\"t\":1791217964579}","source":"console","time":"2026-10-05T16:32:44Z"}
{"level":"info","msg":"{\"ev\":\"accepted\",\"id\":\"2354aa3d-a35e-41ed-8dd3-df3048acd9b8\",\"t\":1791217965394}","source":"console","time":"2026-10-05T16:32:45Z"}
{"level":"info","msg":"{\"ev\":\"accepted\",\"id\":\"5ee9fb28-3966-46eb-b6b6-4aaa26772201\",\"t\":1791217966113}","source":"console","time":"2026-10-05T16:32:46Z"}
{"level":"info","msg":"{\"ev\":\"accepted\",\"id\":\"33b5d17c-a307-4145-a449-8d9646867323\",\"t\":1791217966886}","source":"console","time":"2026-10-05T16:32:46Z"}
{"level":"info","msg":"{\"ev\":\"accepted\",\"id\":\"77310cad-bdf6-419a-be0e-b949fdac5b30\",\"t\":1791217967678}","source":"console","time":"2026-10-05T16:32:47Z"}
{"level":"info","msg":"{\"ev\":\"accepted\",\"id\":\"df887108-8f97-40d8-979c-3679ff0c9d13\",\"t\":1791217968451}","source":"console","time":"2026-10-05T16:32:48Z"}
{"level":"info","msg":"{\"ev\":\"accepted\",\"id\":\"8cd9c3a4-2a21-4d20-b4a9-9d0e0c4f3328\",\"t\":1791217969183}","source":"console","time":"2026-10-05T16:32:49Z"}
