{"level":"info","msg":"{\"ev\":\"setup-done\",\"t\":1791215456466}","source":"console","time":"2026-10-05T15:50:56Z"}
{"level":"info","msg":"{\"ev\":\"accepted\",\"id\":\"99169ac0-0c67-48b4-91f2-6471dc3a67a7\",\"t\":1791215460961}","source":"console","time":"2026-10-05T15:51:00Z"}
{"level":"info","msg":"{\"ev\":\"accepted\",\"id\":\"a06e6a3c-ad72-43e9-a154-85eeb5e48b06\",\"t\":1791215462989}","source":"console","time":"2026-10-05T15:51:02Z"}
{"level":"info","msg":"{\"ev\":\"accepted\",\"id\":\"1b12c6df-4f3b-4cd0-9b93-cdd2c655e7e9\",\"t\":1791215464982}","source":"console","time":"2026-10-05T15:51:04Z"}
{"level":"info","msg":"{\"ev\":\"accepted\",\"id\":\"6cbbf4b9-725d-417a-a663-1b7f4c920e52\",\"t\":1791215466992}","source":"console","time":"2026-10-05T15:51:06Z"}
{"level":"info","msg":"{\"ev\":\"accepted\",\"id\":\"4bdd59a4-e1c7-4b5b-a049-c1da8921bb53\",\"t\":1791215468992}","source":"console","time":"2026-10-05T15:51:08Z"}
{"level":"info","msg":"{\"ev\":\"accepted\",\"id\":\"9ddf5189-ab43-4b2c-a5ac-a10635fd80b6\",\"t\":1791215470991}","source":"console","time":"2026-10-05T15:51:10Z"}
{"level":"info","msg":"{\"ev\":\"accepted\",\"id\":\"c6bceea0-96a4-46fc-b957-9ad219bee177\",\"t\":1791215472991}","source":"console","time":"2026-10-05T15:51:12Z"}
{"level":"info","msg":"{\"ev\":\"accepted\",\"id\":\"b1659528-214f-46a5-a1f5-b151d9444398\",\"t\":1791215474989}","source":"console","time":"2026-10-05T15:51:14Z"}
{"level":"info","msg":"{\"ev\":\"accepted\",\"id\":\"5a68c59a-ac8c-4554-a0e5-e522cde44685\",\"t\":1791215476991}","source":"console","time":"2026-10-05T15:51:16Z"}
{"level":"info","msg":"{\"ev\":\"accepted\",\"id\":\"69418382-7393-4093-b7ba-2b529efed185\",\"t\":1791215478981}","source":"console","time":"2026-10-05T15:51:18Z"}
{"level":"info","msg":"{\"ev\":\"accepted\",\"id\":\"d80275dd-c37b-47f2-9e2f-8754399a77bf\",\"t\":1791215480991}","source":"console","time":"2026-10-05T15:51:20Z"}
{"level":"info","msg":"{\"ev\":\"accepted\",\"id\":\"f17af4ec-1858-4ba8-9a58-c58c93b5e8a7\",\"t\":1791215482990}","source":"console","time":"2026-10-05T15:51:22Z"}
{"level":"info","msg":"{\"ev\":\"accepted\",\"id\":\"e290a754-3533-468f-92c3-6b7b4b8f857b\",\"t\":1791215484982}","source":"console","time":"2026-10-05T15:51:24Z"}
{"level":"info","msg":"{\"ev\":\"accepted\",\"id\":\"875e846f-8880-40c0-98f1-37e984fa0746\",\"t\":1791215486982}","source":"console","time":"2026-10-05T15:51:26Z"}
{"level":"info","msg":"{\"ev\":\"accepted\",\"id\":\"59da954f-2a82-4985-b579-38f8a3c841d8\",\"t\":1791215488989}","source":"console","time":"2026-10-05T15:51:28Z"}
{"level":"info","msg":"{\"ev\":\"accepted\",\"id\":\"cbd4456a-1ad2-4e6d-ad9d-5e0fdfcac6d9\",\"t\":1791215490994}","source":"console","time":"2026-10-05T15:51:30Z"}
{"level":"info","msg":"{\"ev\":\"accepted\",\"id\":\"59bc2166-9129-4501-9cb1-b7a40ee6ff9a\",\"t\":1791215492988}","source":"console","time":"2026-10-05T15:51:32Z"}
{"level":"info","msg":"{\"ev\":\"accepted\",\"id\":\"3542b3f4-28ec-4f87-9c11-ac7dba20b7be\",\"t\":1791215494987}","source":"console","time":"2026-10-05T15:51:34Z"}
{"level":"info","msg":"{\"ev\":\"accepted\",\"id\":\"97719396-1605-4025-8c48-4f9dfcf51041\",\"t\":1791215496993}","source":"console","time":"2026-10-05T15:51:36Z"}
{"level":"info","msg":"{\"ev\":\"accepted\",\"id\":\"4105f9fb-30e7-430c-9218-0a8a8d95a823\",\"t\":1791215498991}","source":"console","time":"2026-10-05T15:51:38Z"}
{"level":"info","msg":"{\"ev\":\"accepted\",\"id\":\"85a5ab89-925a-4b51-9c42-2c5db754408d\",\"t\":1791215500991}","source":"console","time":"2026-10-05T15:51:40Z"}
{"level":"info","msg":"{\"ev\":\"accepted\",\"id\":\"e0a98cad-d155-49d2-85ef-597a0f286cd1\",\"t\":1791215502980}","source":"console","time":"2026-10-05T15:51:42Z"}
{"level":"info","msg":"{\"ev\":\"accepted\",\"id\":\"be597600-7570-4b83-8075-c2e49bb95c69\",\"t\":1791215504991}","source":"console","time":"2026-10-05T15:51:44Z"}
{"level":"info","msg":"{\"ev\":\"accepted\",\"id\":\"90534e8e-beed-4a7d-ab9a-d13f0a6cb747\",\"t\":1791215506990}","source":"console","time":"2026-10-05T15:51:46Z"}
{"level":"info","msg":"{\"ev\":\"accepted\",\"id\":\"e544ad52-270b-4742-af22-23c098c73e10\",\"t\":1791215508981}","source":"console","time":"2026-10-05T15:51:48Z"}
{"level":"info","msg":"{\"ev\":\"accepted\",\"id\":\"7e67e286-7c64-426b-8d7f-2d78576f4b4c\",\"t\":1791215510989}","source":"console","time":"2026-10-05T15:51:50Z"}
{"level":"info","msg":"{\"ev\":\"accepted\",\"id\":\"18ad9def-804f-41ec-afa1-50a25c96901e\",\"t\":1791215512979}","source":"console","time":"2026-10-05T15:51:52Z"}
{"level":"info","msg":"{\"ev\":\"accepted\",\"id\":\"307c3089-0c3f-4a9a-8f78-cc67b149a1e0\",\"t\":1791215514980}","source":"console","time":"2026-10-05T15:51:54Z"}
{"level":"info","msg":"{\"ev\":\"accepted\",\"id\":\"0b8cc15f-17b6-49f1-872f-1546276a5c67\",\"t\":1791215516990}","source":"console","time":"2026-10-05T15:51:56Z"}
{"level":"info","msg":"{\"ev\":\"accepted\",\"id\":\"757e6d8f-d08b-4049-b72e-de534891c338\",\"t\":1791215518979}","source":"console","time":"2026-10-05T15:51:58Z"}
{"level":"info","msg":"{\"ev\":\"accepted\",\"id\":\"ba97b68e-9698-4f54-afd1-beb1b794b550\",\"t\":1791215520990}","source":"console","time":"2026-10-05T15:52:00Z"}
{"level":"info","msg":"{\"ev\":\"accepted\",\"id\":\"3f64bd79-1a72-497d-98b7-bbf6b38a62f1\",\"t\":1791215522984}","source":"console","time":"2026-10-05T15:52:02Z"}
{"level":"info","msg":"{\"ev\":\"accepted\",\"id\":\"3eb1c30a-7eb0-4a07-9a08-243e5ab682d0\",\"t\":1791215524992}","source":"console","time":"2026-10-05T15:52:04Z"}
{"level":"info","msg":"{\"ev\":\"accepted\",\"id\":\"75b0d10e-aa0f-498b-bed8-0326b3b4e2c2\",\"t\":1791215526987}","source":"console","time":"2026-10-05T15:52:06Z"}
{"level":"info","msg":"{\"ev\":\"accepted\",\"id\":\"08dca4fe-19d7-4f46-b731-0cbf19f303e9\",\"t\":1791215528992}","source":"console","time":"2026-10-05T15:52:08Z"}
{"level":"info","msg":"{\"ev\":\"accepted\",\"id\":\"00960fde-a574-4250-b9c0-b055f9fb3cbe\",\"t\":1791215530987}","source":"console","time":"2026-10-05T15:52:10Z"}
{"level":"info","msg":"{\"ev\":\"accepted\",\"id\":\"c56e0070-da4f-4337-b601-42fbd4c9efa3\",\"t\":1791215532989}","source":"console","time":"2026-10-05T15:52:12Z"}
{"level":"info","msg":"{\"ev\":\"accepted\",\"id\":\"ed361270-82f6-4914-8969-5ca458ceece8\",\"t\":1791215534990}","source":"console","time":"2026-10-05T15:52:14Z"}
{"level":"info","msg":"{\"ev\":\"accepted\",\"id\":\"748d6eb4-2c72-420b-82a8-e1f06e927e61\",\"t\":1791215536987}","source":"console","time":"2026-10-05T15:52:16Z"}
{"level":"info","msg":"{\"ev\":\"accepted\",\"id\":\"cc5ccb16-a2c7-4cb4-8093-03901a97c0a9\",\"t\":1791215538990}","source":"console","time":"2026-10-05T15:52:18Z"}
{"level":"info","msg":"{\"ev\":\"accepted\",\"id\":\"f0b9fb64-3de3-4d3c-b990-22299f257f55\",\"t\":1791215540983}","source":"console","time":"2026-10-05T15:52:20Z"}
{"level":"info","msg":"{\"ev\":\"accepted\",\"id\":\"0495bc95-4634-47f3-8c52-be0360e031a6\",\"t\":1791215542985}","source":"console","time":"2026-10-05T15:52:22Z"}
{"level":"info","msg":"{\"ev\":\"accepted\",\"id\":\"96edcea2-c4cb-44b2-9422-ae4962f7af5f\",\"t\":1791215544992}","source":"console","time":"2026-10-05T15:52:24Z"}
{"level":"info","msg":"{\"ev\":\"accepted\",\"id\":\"0688228a-90db-416c-a5ae-3908cabc38ef\",\"t\":1791215546990}","source":"console","time":"2026-10-05T15:52:26Z"}
{"level":"info","msg":"{\"ev\":\"accepted\",\"id\":\"fc00ad93-a846-4939-8a03-dfdd17c1d1bc\",\"t\":1791215548977}","source":"console","time":"2026-10-05T15:52:28Z"}
{"level":"info","msg":"{\"ev\":\"accepted\",\"id\":\"7aa60354-618f-41df-aa55-47baf3ddfa0d\",\"t\":1791215550975}","source":"console","time":"2026-10-05T15:52:30Z"}
{"level":"info","msg":"{\"ev\":\"accepted\",\"id\":\"042b91ee-b0a6-4dd1-b23e-0099f5c086ba\",\"t\":1791215552987}","source":"console","time":"2026-10-05T15:52:32Z"}
{"level":"info","msg":"{\"ev\":\"accepted\",\"id\":\"55a77034-b886-4350-aa83-dc944352bb28\",\"t\":1791215554990}","source":"console","time":"2026-10-05T15:52:34Z"}
{"level":"info","msg":"{\"ev\":\"accepted\",\"id\":\"0771b0d8-0eb9-460f-8313-f3de0c34224a\",\"t\":1791215556991}","source":"console","time":"2026-10-05T15:52:36Z"}
{"level":"info","msg":"{\"ev\":\"accepted\",\"id\":\"30d807f8-5eee-4529-9ae6-941e52ef576d\",\"t\":1791215558991}","source":"console","time":"2026-10-05T15:52:38Z"}
{"level":"info","msg":"{\"ev\":\"accepted\",\"id\":\"b2a9ae4a-2829-4e45-a0d3-44d71cbb0bc1\",\"t\":1791215560985}","source":"console","time":"2026-10-05T15:52:40Z"}
{"level":"info","msg":"{\"ev\":\"accepted\",\"id\":\"2def4dcd-6f84-4b8f-b5ee-98a7e4739a67\",\"t\":1791215562989}","source":"console","time":"2026-10-05T15:52:42Z"}
{"level":"info","msg":"{\"ev\":\"accepted\",\"id\":\"69dc2805-462b-4d97-839b-e6fba2d42b6f\",\"t\":1791215564980}","source":"console","time":"2026-10-05T15:52:44Z"}
{"level":"info","msg":"{\"ev\":\"accepted\",\"id\":\"7a986db2-bd1f-4838-b40e-02b1256c2186\",\"t\":1791215566991}","source":"console","time":"2026-10-05T15:52:46Z"}
{"level":"info","msg":"{\"ev\":\"accepted\",\"id\":\"fdbb4b6c-c878-4bf9-8ce6-438642005c95\",\"t\":1791215568991}","source":"console","time":"2026-10-05T15:52:48Z"}
{"level":"info","msg":"{\"ev\":\"accepted\",\"id\":\"8027628e-1df1-422f-a7e0-496060bbad15\",\"t\":1791215570985}","source":"console","time":"2026-10-05T15:52:50Z"}
{"level":"info","msg":"{\"ev\":\"accepted\",\"id\":\"61362360-d33c-48a7-b99c-6f898a87a47b\",\"t\":1791215572986}","source":"console","time":"2026-10-05T15:52:52Z"}
{"level":"info","msg":"{\"ev\":\"accepted\",\"id\":\"ba3b674c-8ad2-48b3-97ff-0f243e4afb8b\",\"t\":1791215574990}","source":"console","time":"2026-10-05T15:52:54Z"}
{"level":"info","msg":"{\"ev\":\"accepted\",\"id\":\"09ce31ea-f216-4f0f-bc02-31d9ed961334\",\"t\":1791215576990}","source":"console","time":"2026-10-05T15:52:56Z"}
{"level":"info","msg":"{\"ev\":\"accepted\",\"id\":\"4cbf6b85-e584-4532-aad4-4ce5228719c0\",\"t\":1791215578980}","source":"console","time":"2026-10-05T15:52:58Z"}
{"level":"info","msg":"{\"ev\":\"accepted\",\"id\":\"515d5f26-fe4e-4c22-ab98-278c822ec8cb\",\"t\":1791215580981}","source":"console","time":"2026-10-05T15:53:00Z"}
{"level":"info","msg":"{\"ev\":\"accepted\",\"id\":\"c52e0da9-b3b8-4f7d-812e-7438a986dae0\",\"t\":1791215582986}","source":"console","time":"2026-10-05T15:53:02Z"}
{"level":"info","msg":"{\"ev\":\"accepted\",\"id\":\"f4a2a99b-ae15-4b2c-90ff-ef81bdc24ae7\",\"t\":1791215584984}","source":"console","time":"2026-10-05T15:53:04Z"}
{"level":"info","msg":"{\"ev\":\"accepted\",\"id\":\"d1d7b575-665f-41ae-9367-5f3d4ac8c58d\",\"t\":1791215586981}","source":"console","time":"2026-10-05T15:53:06Z"}
{"level":"info","msg":"{\"ev\":\"accepted\",\"id\":\"a0ca9029-8679-4920-8ebe-a28133668747\",\"t\":1791215588990}","source":"console","time":"2026-10-05T15:53:08Z"}
{"level":"info","msg":"{\"ev\":\"accepted\",\"id\":\"4700030c-feef-41ef-a7f2-11c140903104\",\"t\":1791215590989}","source":"console","time":"2026-10-05T15:53:10Z"}
{"level":"info","msg":"{\"ev\":\"accepted\",\"id\":\"7bf5d961-2b13-4ed9-92bc-ff307a6a6e7c\",\"t\":1791215592990}","source":"console","time":"2026-10-05T15:53:12Z"}
{"level":"info","msg":"{\"ev\":\"accepted\",\"id\":\"24efd90d-5b57-4cb7-8cd5-1f887d956156\",\"t\":1791215594980}","source":"console","time":"2026-10-05T15:53:14Z"}
{"level":"info","msg":"{\"ev\":\"accepted\",\"id\":\"43d472d2-8e7f-4a42-a83a-3a8c5bc3880c\",\"t\":1791215596989}","source":"console","time":"2026-10-05T15:53:16Z"}
{"level":"info","msg":"{\"ev\":\"accepted\",\"id\":\"56cdf922-3f03-4dca-a822-93010bde1875\",\"t\":1791215598992}","source":"console","time":"2026-10-05T15:53:18Z"}
{"level":"info","msg":"{\"ev\":\"accepted\",\"id\":\"45894709-ba22-4cf4-93bb-63e1f05ad178\",\"t\":1791215600975}","source":"console","time":"2026-10-05T15:53:20Z"}
{"level":"info","msg":"{\"ev\":\"accepted\",\"id\":\"63f6a7a7-a0ac-416f-9040-ea12ecc187d3\",\"t\":1791215602986}","source":"console","time":"2026-10-05T15:53:22Z"}
{"level":"info","msg":"{\"ev\":\"accepted\",\"id\":\"dccf3aa9-168c-4273-833e-565b9db8acba\",\"t\":1791215604983}","source":"console","time":"2026-10-05T15:53:24Z"}
{"level":"info","msg":"{\"ev\":\"accepted\",\"id\":\"af84c6bf-13f6-48b1-9353-4f4ae360bdf3\",\"t\":1791215606976}","source":"console","time":"2026-10-05T15:53:26Z"}
{"level":"info","msg":"{\"ev\":\"accepted\",\"id\":\"821f3506-f6f7-4c0d-86df-56640cc37987\",\"t\":1791215608979}","source":"console","time":"2026-10-05T15:53:28Z"}
{"level":"info","msg":"{\"ev\":\"accepted\",\"id\":\"70243db2-2473-45e8-a1a1-7d320579d5f4\",\"t\":1791215610990}","source":"console","time":"2026-10-05T15:53:30Z"}
{"level":"info","msg":"{\"ev\":\"accepted\",\"id\":\"90ca281c-30a7-4a13-b1ec-2004faad061f\",\"t\":1791215612987}","source":"console","time":"2026-10-05T15:53:32Z"}
{"level":"info","msg":"{\"ev\":\"accepted\",\"id\":\"3a990947-5fff-46c9-ab30-6b06d51a7586\",\"t\":1791215614990}","source":"console","time":"2026-10-05T15:53:34Z"}
{"level":"info","msg":"{\"ev\":\"accepted\",\"id\":\"ebf3a8d9-d8ff-4f94-8c80-d26b7cfe81dc\",\"t\":1791215616990}","source":"console","time":"2026-10-05T15:53:36Z"}
{"level":"info","msg":"{\"ev\":\"accepted\",\"id\":\"a9e1515c-0366-4017-92b4-032db00ddb73\",\"t\":1791215618991}","source":"console","time":"2026-10-05T15:53:38Z"}
{"level":"info","msg":"{\"ev\":\"accepted\",\"id\":\"08a210cb-22de-4812-b9f5-fc2f507bb2d0\",\"t\":1791215620989}","source":"console","time":"2026-10-05T15:53:40Z"}
{"level":"info","msg":"{\"ev\":\"accepted\",\"id\":\"dfbc3a85-05ec-488c-a25a-97ee8fc55314\",\"t\":1791215622983}","source":"console","time":"2026-10-05T15:53:42Z"}
{"level":"info","msg":"{\"ev\":\"accepted\",\"id\":\"c2e7fe2d-efa8-4d8f-9a32-1a5f9707b3be\",\"t\":1791215624985}","source":"console","time":"2026-10-05T15:53:44Z"}
{"level":"info","msg":"{\"ev\":\"accepted\",\"id\":\"8bf82c79-a2ff-4e59-84c5-cf69d59b21f6\",\"t\":1791215626980}","source":"console","time":"2026-10-05T15:53:46Z"}
{"level":"info","msg":"{\"ev\":\"accepted\",\"id\":\"7cdb3881-38ad-4487-a876-5e14bd8cd199\",\"t\":1791215628988}","source":"console","time":"2026-10-05T15:53:48Z"}
{"level":"info","msg":"{\"ev\":\"accepted\",\"id\":\"1700c1ae-9cdc-4569-a100-47219be9051b\",\"t\":1791215630981}","source":"console","time":"2026-10-05T15:53:50Z"}
{"level":"info","msg":"{\"ev\":\"accepted\",\"id\":\"e5deacce-319b-4c13-8988-d87c9d859b40\",\"t\":1791215632990}","source":"console","time":"2026-10-05T15:53:52Z"}
{"level":"info","msg":"{\"ev\":\"accepted\",\"id\":\"6338d245-168f-45ab-a8c4-dbfcd5c0073e\",\"t\":1791215634990}","source":"console","time":"2026-10-05T15:53:54Z"}
{"level":"info","msg":"{\"ev\":\"accepted\",\"id\":\"01613409-46bd-4095-a8e4-edfb6ffe7dbf\",\"t\":1791215636981}","source":"console","time":"2026-10-05T15:53:56Z"}
{"level":"info","msg":"{\"ev\":\"accepted\",\"id\":\"89f97eb4-d79e-4cbc-b4e5-aba977dc4744\",\"t\":1791215638987}","source":"console","time":"2026-10-05T15:53:58Z"}
{"level":"info","msg":"{\"ev\":\"accepted\",\"id\":\"3a115d7a-90aa-4fe5-b7f3-f2affe31dd12\",\"t\":1791215640985}","source":"console","time":"2026-10-05T15:54:00Z"}
{"level":"info","msg":"{\"ev\":\"accepted\",\"id\":\"a5a51596-de85-43fd-93aa-0f36a3017c72\",\"t\":1791215642989}","source":"console","time":"2026-10-05T15:54:02Z"}
{"level":"info","msg":"{\"ev\":\"accepted\",\"id\":\"501b291c-f1f9-418b-b8c7-74c5c16484dc\",\"t\":1791215644990}","source":"console","time":"2026-10-05T15:54:04Z"}
{"level":"info","msg":"{\"ev\":\"accepted\",\"id\":\"8feed926-03d6-40af-bd62-d099af87bf5d\",\"t\":1791215646985}","source":"console","time":"2026-10-05T15:54:06Z"}
{"level":"info","msg":"{\"ev\":\"accepted\",\"id\":\"0c205531-83fe-4253-a50a-ce046cc9390b\",\"t\":1791215648989}","source":"console","time":"2026-10-05T15:54:08Z"}
{"level":"info","msg":"{\"ev\":\"accepted\",\"id\":\"c77701aa-2079-4de7-be11-27c739ed3d25\",\"t\":1791215650990}","source":"console","time":"2026-10-05T15:54:10Z"}
{"level":"info","msg":"{\"ev\":\"accepted\",\"id\":\"e833c173-cff9-4b87-b03a-059f5792aff4\",\"t\":1791215652985}","source":"console","time":"2026-10-05T15:54:12Z"}
{"level":"info","msg":"{\"ev\":\"accepted\",\"id\":\"2d1ed49f-2a8a-49ab-b7d4-fab12b5d06c4\",\"t\":1791215654991}","source":"console","time":"2026-10-05T15:54:14Z"}
{"level":"info","msg":"{\"ev\":\"accepted\",\"id\":\"e63cb7ff-aaa1-4a00-9c39-4d4a5484e3e2\",\"t\":1791215656986}","source":"console","time":"2026-10-05T15:54:16Z"}
{"level":"info","msg":"{\"ev\":\"accepted\",\"id\":\"c8931404-7193-435a-965b-9a9543b5bacb\",\"t\":1791215658990}","source":"console","time":"2026-10-05T15:54:18Z"}
{"level":"info","msg":"{\"ev\":\"accepted\",\"id\":\"99d560de-8cc8-49f5-b439-8d9fdbf56bb1\",\"t\":1791215660975}","source":"console","time":"2026-10-05T15:54:20Z"}
{"level":"info","msg":"{\"ev\":\"accepted\",\"id\":\"db41417a-94f6-438d-9fda-e1ba78d79439\",\"t\":1791215662989}","source":"console","time":"2026-10-05T15:54:22Z"}
{"level":"info","msg":"{\"ev\":\"accepted\",\"id\":\"8b73a048-00f0-457c-b9f6-1836ba3b4145\",\"t\":1791215664981}","source":"console","time":"2026-10-05T15:54:24Z"}
{"level":"info","msg":"{\"ev\":\"accepted\",\"id\":\"047246eb-979b-441f-ab24-100bb3345617\",\"t\":1791215666991}","source":"console","time":"2026-10-05T15:54:26Z"}
{"level":"info","msg":"{\"ev\":\"accepted\",\"id\":\"2e0350ec-cae6-48d7-bb05-a233181b355f\",\"t\":1791215668991}","source":"console","time":"2026-10-05T15:54:28Z"}
{"level":"info","msg":"{\"ev\":\"accepted\",\"id\":\"f4c70b98-4959-4f0d-b729-fc69af20f82f\",\"t\":1791215670978}","source":"console","time":"2026-10-05T15:54:30Z"}
{"level":"info","msg":"{\"ev\":\"accepted\",\"id\":\"f86d2c49-c640-4980-b0b8-f0d01b097e13\",\"t\":1791215672981}","source":"console","time":"2026-10-05T15:54:32Z"}
{"level":"info","msg":"{\"ev\":\"accepted\",\"id\":\"655edc16-0ee1-4c8c-baa8-0392341f9476\",\"t\":1791215674981}","source":"console","time":"2026-10-05T15:54:34Z"}
{"level":"info","msg":"{\"ev\":\"accepted\",\"id\":\"12e8f962-8503-4c0c-9757-92deb0f089a5\",\"t\":1791215676980}","source":"console","time":"2026-10-05T15:54:36Z"}
{"level":"info","msg":"{\"ev\":\"accepted\",\"id\":\"47eb5840-d6cc-4fb3-acfb-535f151d5e2f\",\"t\":1791215678990}","source":"console","time":"2026-10-05T15:54:38Z"}
{"level":"info","msg":"{\"ev\":\"accepted\",\"id\":\"285df087-550f-4acc-8242-b2df8fa5ec76\",\"t\":1791215680986}","source":"console","time":"2026-10-05T15:54:40Z"}
{"level":"info","msg":"{\"ev\":\"accepted\",\"id\":\"54ae44bf-e760-4c58-a97e-9da1e260e1ff\",\"t\":1791215682976}","source":"console","time":"2026-10-05T15:54:42Z"}
{"level":"info","msg":"{\"ev\":\"accepted\",\"id\":\"9daf8494-722e-4b4b-b6cf-9e3be6abb31f\",\"t\":1791215684988}","source":"console","time":"2026-10-05T15:54:44Z"}
{"level":"info","msg":"{\"ev\":\"accepted\",\"id\":\"820ec4cc-13be-44b3-96c5-85980f9287f0\",\"t\":1791215686975}","source":"console","time":"2026-10-05T15:54:46Z"}
{"level":"info","msg":"{\"ev\":\"accepted\",\"id\":\"acb56b0c-dd22-4164-9752-f3da313ee397\",\"t\":1791215688986}","source":"console","time":"2026-10-05T15:54:48Z"}
{"level":"info","msg":"{\"ev\":\"accepted\",\"id\":\"f2c45fc7-13d6-4276-93d4-4e7a4b855641\",\"t\":1791215690989}","source":"console","time":"2026-10-05T15:54:50Z"}
{"level":"info","msg":"{\"ev\":\"accepted\",\"id\":\"dd36cc2b-cde3-43a2-b76b-9f7597acd86a\",\"t\":1791215692989}","source":"console","time":"2026-10-05T15:54:52Z"}
{"level":"info","msg":"{\"ev\":\"accepted\",\"id\":\"768c5679-d641-40cd-9490-d8ea6dfb7638\",\"t\":1791215694985}","source":"console","time":"2026-10-05T15:54:54Z"}
{"level":"info","msg":"{\"ev\":\"accepted\",\"id\":\"27ab9d03-cd17-4400-ad72-8ea89082de46\",\"t\":1791215696990}","source":"console","time":"2026-10-05T15:54:56Z"}
{"level":"info","msg":"{\"ev\":\"accepted\",\"id\":\"ca1531cf-f6f2-4111-b006-526da2f86579\",\"t\":1791215698990}","source":"console","time":"2026-10-05T15:54:58Z"}
{"level":"info","msg":"{\"ev\":\"accepted\",\"id\":\"ebeb4dc1-65a0-4970-b0ff-e62cf9bb9eda\",\"t\":1791215700983}","source":"console","time":"2026-10-05T15:55:00Z"}
{"level":"info","msg":"{\"ev\":\"accepted\",\"id\":\"0db1a965-5b88-42a8-acd0-63331c9b7655\",\"t\":1791215702990}","source":"console","time":"2026-10-05T15:55:02Z"}
{"level":"info","msg":"{\"ev\":\"accepted\",\"id\":\"d5728695-95bd-4c09-be1f-0eedcda67010\",\"t\":1791215704989}","source":"console","time":"2026-10-05T15:55:04Z"}
{"level":"info","msg":"{\"ev\":\"accepted\",\"id\":\"2c82dd64-ec58-4fb1-9b64-369366277aa1\",\"t\":1791215706975}","source":"console","time":"2026-10-05T15:55:06Z"}
{"level":"info","msg":"{\"ev\":\"accepted\",\"id\":\"b9d95665-1506-4e56-8652-b4000f9e4773\",\"t\":1791215708685}","source":"console","time":"2026-10-05T15:55:08Z"}
{"level":"info","msg":"{\"ev\":\"accepted\",\"id\":\"b4f6598f-2419-4a47-bfc2-79c48d593260\",\"t\":1791215710170}","source":"console","time":"2026-10-05T15:55:10Z"}
{"level":"info","msg":"{\"ev\":\"accepted\",\"id\":\"efca5a06-76be-4996-a334-ff3377c3eb51\",\"t\":1791215711490}","source":"console","time":"2026-10-05T15:55:11Z"}
{"level":"info","msg":"{\"ev\":\"accepted\",\"id\":\"67f5bca0-8d24-4bf5-ad0c-3e08940a3e2c\",\"t\":1791215712731}","source":"console","time":"2026-10-05T15:55:12Z"}
{"level":"info","msg":"{\"ev\":\"accepted\",\"id\":\"a6b2ca4b-631a-4a3a-a68f-b797d6fec865\",\"t\":1791215713990}","source":"console","time":"2026-10-05T15:55:13Z"}
{"level":"info","msg":"{\"ev\":\"accepted\",\"id\":\"5a31891c-a7b9-4356-98f7-40990634f433\",\"t\":1791215715235}","source":"console","time":"2026-10-05T15:55:15Z"}
{"level":"info","msg":"{\"ev\":\"accepted\",\"id\":\"5cde3143-8d13-4f10-9cdf-d3f565a08ede\",\"t\":1791215716490}","source":"console","time":"2026-10-05T15:55:16Z"}
{"level":"info","msg":"{\"ev\":\"accepted\",\"id\":\"4e4a61ee-1115-48d9-878b-8ce546b67aaa\",\"t\":1791215717731}","source":"console","time":"2026-10-05T15:55:17Z"}
{"level":"info","msg":"{\"ev\":\"accepted\",\"id\":\"4d836691-8045-4b2e-b6ef-b894a5c89b28\",\"t\":1791215718989}","source":"console","time":"2026-10-05T15:55:18Z"}
{"level":"info","msg":"{\"ev\":\"accepted\",\"id\":\"a28848f4-bc8b-46b0-9722-415bc5679115\",\"t\":1791215720232}","source":"console","time":"2026-10-05T15:55:20Z"}
{"level":"info","msg":"{\"ev\":\"accepted\",\"id\":\"1e06ee4f-5d29-444e-8f64-4175adaafc51\",\"t\":1791215721489}","source":"console","time":"2026-10-05T15:55:21Z"}
{"level":"info","msg":"{\"ev\":\"accepted\",\"id\":\"a0fd7ec8-1584-42a5-b035-2641ba77d593\",\"t\":1791215722738}","source":"console","time":"2026-10-05T15:55:22Z"}
{"level":"info","msg":"{\"ev\":\"accepted\",\"id\":\"6e7b8d3e-4a5a-4a5d-8ff5-0dca026f59c2\",\"t\":1791215723993}","source":"console","time":"2026-10-05T15:55:23Z"}
{"level":"info","msg":"{\"ev\":\"accepted\",\"id\":\"e57034cf-e1fc-45f7-8ab2-c98d923cab71\",\"t\":1791215725240}","source":"console","time":"2026-10-05T15:55:25Z"}
{"level":"info","msg":"{\"ev\":\"accepted\",\"id\":\"0ffe1fc3-6164-4494-a637-18c27fed8de4\",\"t\":1791215726482}","source":"console","time":"2026-10-05T15:55:26Z"}
{"level":"info","msg":"{\"ev\":\"accepted\",\"id\":\"66e8428a-d24f-40b6-b949-20ea6150a504\",\"t\":1791215727735}","source":"console","time":"2026-10-05T15:55:27Z"}
{"level":"info","msg":"{\"ev\":\"accepted\",\"id\":\"e85e9224-60f3-4481-9378-7a0fe40fa29a\",\"t\":1791215728975}","source":"console","time":"2026-10-05T15:55:28Z"}
{"level":"info","msg":"{\"ev\":\"accepted\",\"id\":\"6f84d714-8985-4a77-8905-265c3730c219\",\"t\":1791215730236}","source":"console","time":"2026-10-05T15:55:30Z"}
{"level":"info","msg":"{\"ev\":\"accepted\",\"id\":\"26caa9d1-cfae-4c11-a433-591a6182bd81\",\"t\":1791215731475}","source":"console","time":"2026-10-05T15:55:31Z"}
{"level":"info","msg":"{\"ev\":\"accepted\",\"id\":\"f3cacfc2-bdd9-4569-9675-110a7a245676\",\"t\":1791215732735}","source":"console","time":"2026-10-05T15:55:32Z"}
{"level":"info","msg":"{\"ev\":\"accepted\",\"id\":\"3bf413e0-d930-49e9-99bc-3a098da65e5c\",\"t\":1791215733990}","source":"console","time":"2026-10-05T15:55:33Z"}
{"level":"info","msg":"{\"ev\":\"accepted\",\"id\":\"a3418568-7b6e-424a-9c50-787ef313e5fd\",\"t\":1791215735237}","source":"console","time":"2026-10-05T15:55:35Z"}
{"level":"info","msg":"{\"ev\":\"accepted\",\"id\":\"42b69d16-5cab-4eef-837b-d00229563d06\",\"t\":1791215736489}","source":"console","time":"2026-10-05T15:55:36Z"}
{"level":"info","msg":"{\"ev\":\"accepted\",\"id\":\"92e12561-416b-4b6c-aca3-f5864f6ac06f\",\"t\":1791215737740}","source":"console","time":"2026-10-05T15:55:37Z"}
{"level":"info","msg":"{\"ev\":\"accepted\",\"id\":\"7fae2cfb-ad68-4a42-9bd3-5cb15afd71c9\",\"t\":1791215738990}","source":"console","time":"2026-10-05T15:55:38Z"}
{"level":"info","msg":"{\"ev\":\"accepted\",\"id\":\"1ac4e1e7-0d8c-4f05-9695-8a92c883a42c\",\"t\":1791215740235}","source":"console","time":"2026-10-05T15:55:40Z"}
{"level":"info","msg":"{\"ev\":\"accepted\",\"id\":\"09f62fa1-6d6d-408e-8aaf-86e6d939fd1a\",\"t\":1791215741475}","source":"console","time":"2026-10-05T15:55:41Z"}
{"level":"info","msg":"{\"ev\":\"accepted\",\"id\":\"c9e17e2d-3b2a-4c38-b6cc-df2bdd9a4abb\",\"t\":1791215742740}","source":"console","time":"2026-10-05T15:55:42Z"}
{"level":"info","msg":"{\"ev\":\"accepted\",\"id\":\"b4dd875f-a0bc-4330-b0f5-aef30d1281dd\",\"t\":1791215743986}","source":"console","time":"2026-10-05T15:55:43Z"}
{"level":"info","msg":"{\"ev\":\"accepted\",\"id\":\"e04800a6-4b95-4fc8-ace3-db7aaf078160\",\"t\":1791215745239}","source":"console","time":"2026-10-05T15:55:45Z"}
{"level":"info","msg":"{\"ev\":\"accepted\",\"id\":\"dc7dc14a-d768-4340-8db2-8c9fc4d22118\",\"t\":1791215746481}","source":"console","time":"2026-10-05T15:55:46Z"}
{"level":"info","msg":"{\"ev\":\"accepted\",\"id\":\"75c69823-2c2b-4301-a0c3-e465d8ef4e63\",\"t\":1791215747740}","source":"console","time":"2026-10-05T15:55:47Z"}
{"level":"info","msg":"{\"ev\":\"accepted\",\"id\":\"72c595fc-588b-49f7-b984-1f6fe898490f\",\"t\":1791215748990}","source":"console","time":"2026-10-05T15:55:48Z"}
{"level":"info","msg":"{\"ev\":\"accepted\",\"id\":\"07e3b724-8883-4fb3-9467-c0e21ec7d385\",\"t\":1791215750240}","source":"console","time":"2026-10-05T15:55:50Z"}
{"level":"info","msg":"{\"ev\":\"accepted\",\"id\":\"a7fab427-d498-49cd-bdd9-d7d3abc3e198\",\"t\":1791215751478}","source":"console","time":"2026-10-05T15:55:51Z"}
{"level":"info","msg":"{\"ev\":\"accepted\",\"id\":\"69126d8a-bc79-429f-91e7-62751de4a115\",\"t\":1791215752730}","source":"console","time":"2026-10-05T15:55:52Z"}
{"level":"info","msg":"{\"ev\":\"accepted\",\"id\":\"253ff6a1-ce8b-468f-a02c-2c6e1d8320c4\",\"t\":1791215753990}","source":"console","time":"2026-10-05T15:55:53Z"}
{"level":"info","msg":"{\"ev\":\"accepted\",\"id\":\"f5cdd3af-3a3f-46f6-8f8b-eb66d1d549a1\",\"t\":1791215755234}","source":"console","time":"2026-10-05T15:55:55Z"}
{"level":"info","msg":"{\"ev\":\"accepted\",\"id\":\"4ad583fc-b874-4f98-bdec-5dd8870c6a03\",\"t\":1791215756475}","source":"console","time":"2026-10-05T15:55:56Z"}
{"level":"info","msg":"{\"ev\":\"accepted\",\"id\":\"db88e2e3-4099-453a-b002-9639ead9f41f\",\"t\":1791215757734}","source":"console","time":"2026-10-05T15:55:57Z"}
{"level":"info","msg":"{\"ev\":\"accepted\",\"id\":\"ac99abeb-781c-4f2d-a744-f9f3db32c7b8\",\"t\":1791215758982}","source":"console","time":"2026-10-05T15:55:58Z"}
{"level":"info","msg":"{\"ev\":\"accepted\",\"id\":\"5745a5e6-fff0-4d78-9be9-f2b9197328bf\",\"t\":1791215760239}","source":"console","time":"2026-10-05T15:56:00Z"}
{"level":"info","msg":"{\"ev\":\"accepted\",\"id\":\"c9ffbdd1-8c96-461e-966c-5c5562a29225\",\"t\":1791215761489}","source":"console","time":"2026-10-05T15:56:01Z"}
{"level":"info","msg":"{\"ev\":\"accepted\",\"id\":\"3021d952-950b-4b66-93e8-d1046dc8173a\",\"t\":1791215762739}","source":"console","time":"2026-10-05T15:56:02Z"}
{"level":"info","msg":"{\"ev\":\"accepted\",\"id\":\"fd9d7bfb-eff9-41c5-bb51-0f8cf7c96022\",\"t\":1791215763981}","source":"console","time":"2026-10-05T15:56:03Z"}
{"level":"info","msg":"{\"ev\":\"accepted\",\"id\":\"12f6b2e7-c2fe-4559-afc8-ce21b065fcf6\",\"t\":1791215765240}","source":"console","time":"2026-10-05T15:56:05Z"}
{"level":"info","msg":"{\"ev\":\"accepted\",\"id\":\"13546793-f2c4-4d82-91ce-8b90c6b5ad4f\",\"t\":1791215766486}","source":"console","time":"2026-10-05T15:56:06Z"}
{"level":"info","msg":"{\"ev\":\"accepted\",\"id\":\"1ae5e1f3-3733-4709-96cb-9fa9ad8c6c25\",\"t\":1791215767725}","source":"console","time":"2026-10-05T15:56:07Z"}
{"level":"info","msg":"{\"ev\":\"accepted\",\"id\":\"663fefd0-5dd8-4466-a566-c918f46a276c\",\"t\":1791215768988}","source":"console","time":"2026-10-05T15:56:08Z"}
{"level":"info","msg":"{\"ev\":\"accepted\",\"id\":\"d0c2d683-4673-47ec-8203-c1de7ea600fd\",\"t\":1791215770230}","source":"console","time":"2026-10-05T15:56:10Z"}
{"level":"info","msg":"{\"ev\":\"accepted\",\"id\":\"e8a5aa0d-4a30-490c-aee7-19c5c1744812\",\"t\":1791215771489}","source":"console","time":"2026-10-05T15:56:11Z"}
{"level":"info","msg":"{\"ev\":\"accepted\",\"id\":\"567665c1-7593-4d05-ad3d-e33fca81c3ff\",\"t\":1791215772729}","source":"console","time":"2026-10-05T15:56:12Z"}
{"level":"info","msg":"{\"ev\":\"accepted\",\"id\":\"12ef4fd9-d5e3-49ee-bf65-8cf232f96e40\",\"t\":1791215773992}","source":"console","time":"2026-10-05T15:56:13Z"}
{"level":"info","msg":"{\"ev\":\"accepted\",\"id\":\"5feb528e-e97e-47d8-aa47-0a4a98ef2e7e\",\"t\":1791215775226}","source":"console","time":"2026-10-05T15:56:15Z"}
{"level":"info","msg":"{\"ev\":\"accepted\",\"id\":\"efa4fa81-788a-4980-a9bb-27e1bd17438e\",\"t\":1791215776486}","source":"console","time":"2026-10-05T15:56:16Z"}
{"level":"info","msg":"{\"ev\":\"accepted\",\"id\":\"f66514d8-adc4-49c1-be30-4fa646100d87\",\"t\":1791215777734}","source":"console","time":"2026-10-05T15:56:17Z"}
{"level":"info","msg":"{\"ev\":\"accepted\",\"id\":\"1dbce46e-10e2-4e18-8ceb-99c908dfd5bd\",\"t\":1791215778990}","source":"console","time":"2026-10-05T15:56:18Z"}
{"level":"info","msg":"{\"ev\":\"accepted\",\"id\":\"13065434-1379-4273-aa57-71c0587d001c\",\"t\":1791215780235}","source":"console","time":"2026-10-05T15:56:20Z"}
{"level":"info","msg":"{\"ev\":\"accepted\",\"id\":\"8c2ade95-90a8-4a38-83c5-46e731b2f1c7\",\"t\":1791215781488}","source":"console","time":"2026-10-05T15:56:21Z"}
{"level":"info","msg":"{\"ev\":\"accepted\",\"id\":\"cac15bab-c94c-4d08-a224-39fe62356fe3\",\"t\":1791215782734}","source":"console","time":"2026-10-05T15:56:22Z"}
{"level":"info","msg":"{\"ev\":\"accepted\",\"id\":\"e7d0f455-31e9-4a81-91d1-a65b9854ef5c\",\"t\":1791215783983}","source":"console","time":"2026-10-05T15:56:23Z"}
{"level":"info","msg":"{\"ev\":\"accepted\",\"id\":\"9472356d-ba13-43e3-b2e7-d7439d02ae5c\",\"t\":1791215785237}","source":"console","time":"2026-10-05T15:56:25Z"}
{"level":"info","msg":"{\"ev\":\"accepted\",\"id\":\"e5b418a1-33f4-4dbf-b2f2-7dc080716d93\",\"t\":1791215786477}","source":"console","time":"2026-10-05T15:56:26Z"}
{"level":"info","msg":"{\"ev\":\"accepted\",\"id\":\"ebe2211b-705d-4dc0-94a6-bbcd27bf466e\",\"t\":1791215787735}","source":"console","time":"2026-10-05T15:56:27Z"}
{"level":"info","msg":"{\"ev\":\"accepted\",\"id\":\"5563c2c9-4a72-45be-94fd-24195cc1035c\",\"t\":1791215788990}","source":"console","time":"2026-10-05T15:56:28Z"}
{"level":"info","msg":"{\"ev\":\"accepted\",\"id\":\"3b406866-a734-493e-971f-a8449a2747a7\",\"t\":1791215790225}","source":"console","time":"2026-10-05T15:56:30Z"}
{"level":"info","msg":"{\"ev\":\"accepted\",\"id\":\"375e2816-4347-4bf9-8b20-8c617c2b5671\",\"t\":1791215791489}","source":"console","time":"2026-10-05T15:56:31Z"}
{"level":"info","msg":"{\"ev\":\"accepted\",\"id\":\"400215eb-9611-4ae3-abb6-3f3f74795ec2\",\"t\":1791215792735}","source":"console","time":"2026-10-05T15:56:32Z"}
{"level":"info","msg":"{\"ev\":\"accepted\",\"id\":\"eb59335a-2857-4443-9e25-fcaad1e81d30\",\"t\":1791215793985}","source":"console","time":"2026-10-05T15:56:33Z"}
{"level":"info","msg":"{\"ev\":\"accepted\",\"id\":\"9a6a389c-5864-4088-ae1b-0e9f6fc3b0a9\",\"t\":1791215795233}","source":"console","time":"2026-10-05T15:56:35Z"}
{"level":"info","msg":"{\"ev\":\"accepted\",\"id\":\"9ee29ac8-f250-47b4-bf4e-11cd2009f27e\",\"t\":1791215796478}","source":"console","time":"2026-10-05T15:56:36Z"}
{"level":"info","msg":"{\"ev\":\"accepted\",\"id\":\"bf746c5a-bfac-4bf4-aa5d-51b082443a88\",\"t\":1791215797735}","source":"console","time":"2026-10-05T15:56:37Z"}
{"level":"info","msg":"{\"ev\":\"accepted\",\"id\":\"4e483b58-b0f0-4d5b-8f0a-1fb7dac628b6\",\"t\":1791215798989}","source":"console","time":"2026-10-05T15:56:38Z"}
{"level":"info","msg":"{\"ev\":\"accepted\",\"id\":\"3f40d5d0-5570-4a90-bade-4ad8bbf5b619\",\"t\":1791215800236}","source":"console","time":"2026-10-05T15:56:40Z"}
{"level":"info","msg":"{\"ev\":\"accepted\",\"id\":\"f2b5a190-1591-407e-812b-859fb1d54594\",\"t\":1791215801488}","source":"console","time":"2026-10-05T15:56:41Z"}
{"level":"info","msg":"{\"ev\":\"accepted\",\"id\":\"a5db972e-8933-4a76-80d4-228dd7423167\",\"t\":1791215802736}","source":"console","time":"2026-10-05T15:56:42Z"}
{"level":"info","msg":"{\"ev\":\"accepted\",\"id\":\"b8c47a27-8274-430c-85d5-7adc7b77ece4\",\"t\":1791215803990}","source":"console","time":"2026-10-05T15:56:43Z"}
{"level":"info","msg":"{\"ev\":\"accepted\",\"id\":\"2ae85584-7023-499f-b793-3f4f5868c229\",\"t\":1791215805233}","source":"console","time":"2026-10-05T15:56:45Z"}
{"level":"info","msg":"{\"ev\":\"accepted\",\"id\":\"11745c6c-c276-41fd-8f6f-dd655a0704fd\",\"t\":1791215806479}","source":"console","time":"2026-10-05T15:56:46Z"}
{"level":"info","msg":"{\"ev\":\"accepted\",\"id\":\"1e319d5f-8c3c-4993-af76-8b319bc71031\",\"t\":1791215807725}","source":"console","time":"2026-10-05T15:56:47Z"}
{"level":"info","msg":"{\"ev\":\"accepted\",\"id\":\"a3465e51-f3c9-4275-93cc-7221b862bc28\",\"t\":1791215808981}","source":"console","time":"2026-10-05T15:56:48Z"}
{"level":"info","msg":"{\"ev\":\"accepted\",\"id\":\"01bc1fc4-de47-45c6-bd7f-520dbb5ea40d\",\"t\":1791215810236}","source":"console","time":"2026-10-05T15:56:50Z"}
{"level":"info","msg":"{\"ev\":\"accepted\",\"id\":\"7f3261c3-3496-4ed6-9003-bddd6095458d\",\"t\":1791215811479}","source":"console","time":"2026-10-05T15:56:51Z"}
{"level":"info","msg":"{\"ev\":\"accepted\",\"id\":\"1ad5ef51-035e-4d5b-8111-0ab8b49b64fb\",\"t\":1791215812736}","source":"console","time":"2026-10-05T15:56:52Z"}
{"level":"info","msg":"{\"ev\":\"accepted\",\"id\":\"c615b3d5-0850-4102-9bf9-97a197b46ba9\",\"t\":1791215813989}","source":"console","time":"2026-10-05T15:56:53Z"}
{"level":"info","msg":"{\"ev\":\"accepted\",\"id\":\"b3512939-c312-4ad0-99e5-37d2b6bb3595\",\"t\":1791215815236}","source":"console","time":"2026-10-05T15:56:55Z"}
{"level":"info","msg":"{\"ev\":\"accepted\",\"id\":\"29ca02af-1422-4b8f-916f-84c4b23d9296\",\"t\":1791215816480}","source":"console","time":"2026-10-05T15:56:56Z"}
{"level":"info","msg":"{\"ev\":\"accepted\",\"id\":\"1c03b42d-cf2c-413d-bcbd-f99516685461\",\"t\":1791215817735}","source":"console","time":"2026-10-05T15:56:57Z"}
{"level":"info","msg":"{\"ev\":\"accepted\",\"id\":\"ee119858-9598-4856-bd00-b62e2a25d74c\",\"t\":1791215818991}","source":"console","time":"2026-10-05T15:56:58Z"}
{"level":"info","msg":"{\"ev\":\"accepted\",\"id\":\"2affb044-4e5e-4501-ba03-d64431650711\",\"t\":1791215820235}","source":"console","time":"2026-10-05T15:57:00Z"}
{"level":"info","msg":"{\"ev\":\"accepted\",\"id\":\"77fbf725-7ade-427f-9bdd-0951c3a35672\",\"t\":1791215821485}","source":"console","time":"2026-10-05T15:57:01Z"}
{"level":"info","msg":"{\"ev\":\"accepted\",\"id\":\"0051765a-f916-4d0b-bfec-9145f0e3a5b4\",\"t\":1791215822736}","source":"console","time":"2026-10-05T15:57:02Z"}
{"level":"info","msg":"{\"ev\":\"accepted\",\"id\":\"12776c06-7013-4775-8909-49e4b0199989\",\"t\":1791215823986}","source":"console","time":"2026-10-05T15:57:03Z"}
{"level":"info","msg":"{\"ev\":\"accepted\",\"id\":\"7335decd-8ffe-427f-9efd-f5e5a929c1ed\",\"t\":1791215825228}","source":"console","time":"2026-10-05T15:57:05Z"}
{"level":"info","msg":"{\"ev\":\"accepted\",\"id\":\"31d91457-4043-4e15-ba4c-5a3743e55255\",\"t\":1791215826489}","source":"console","time":"2026-10-05T15:57:06Z"}
{"level":"info","msg":"{\"ev\":\"accepted\",\"id\":\"8682f5e3-3051-415a-aa84-6f0fe8a3cef2\",\"t\":1791215827735}","source":"console","time":"2026-10-05T15:57:07Z"}
{"level":"info","msg":"{\"ev\":\"accepted\",\"id\":\"89242e57-19ca-4993-af79-5b21c4dace5b\",\"t\":1791215828990}","source":"console","time":"2026-10-05T15:57:08Z"}
{"level":"info","msg":"{\"ev\":\"accepted\",\"id\":\"fcd64fb2-f6a0-495a-8894-61366629aaa1\",\"t\":1791215830234}","source":"console","time":"2026-10-05T15:57:10Z"}
{"level":"info","msg":"{\"ev\":\"accepted\",\"id\":\"f6f030ec-b978-4fbc-a081-10d15ce02103\",\"t\":1791215831489}","source":"console","time":"2026-10-05T15:57:11Z"}
{"level":"info","msg":"{\"ev\":\"accepted\",\"id\":\"4ba25f57-bb2f-435f-98b7-90110b9a9326\",\"t\":1791215832725}","source":"console","time":"2026-10-05T15:57:12Z"}
{"level":"info","msg":"{\"ev\":\"accepted\",\"id\":\"02d237cd-e612-410e-ae77-8a8e524a96f1\",\"t\":1791215833978}","source":"console","time":"2026-10-05T15:57:13Z"}
{"level":"info","msg":"{\"ev\":\"accepted\",\"id\":\"5c929893-c9ee-4914-a03d-45034abd2832\",\"t\":1791215835234}","source":"console","time":"2026-10-05T15:57:15Z"}
{"level":"info","msg":"{\"ev\":\"accepted\",\"id\":\"46b323cf-2cc4-4f14-a53c-1ad2c8c77d4d\",\"t\":1791215836489}","source":"console","time":"2026-10-05T15:57:16Z"}
{"level":"info","msg":"{\"ev\":\"accepted\",\"id\":\"1e9ed2df-00b2-4e73-8bae-dafe00a55693\",\"t\":1791215837735}","source":"console","time":"2026-10-05T15:57:17Z"}
{"level":"info","msg":"{\"ev\":\"accepted\",\"id\":\"7612fb48-1924-4099-a6d5-a1ca7bed2545\",\"t\":1791215838989}","source":"console","time":"2026-10-05T15:57:18Z"}
{"level":"info","msg":"{\"ev\":\"accepted\",\"id\":\"41981eda-9304-4af8-8db0-dfb59ec42464\",\"t\":1791215840236}","source":"console","time":"2026-10-05T15:57:20Z"}
{"level":"info","msg":"{\"ev\":\"accepted\",\"id\":\"89b1e9ac-b9f2-4c74-b6d3-52a5af2034e9\",\"t\":1791215841485}","source":"console","time":"2026-10-05T15:57:21Z"}
{"level":"info","msg":"{\"ev\":\"accepted\",\"id\":\"f344facf-3268-46e0-a6a6-bdbb94a18aca\",\"t\":1791215842726}","source":"console","time":"2026-10-05T15:57:22Z"}
{"level":"info","msg":"{\"ev\":\"accepted\",\"id\":\"6b984dff-1aa8-41e2-8ec9-8d9de635fd01\",\"t\":1791215843983}","source":"console","time":"2026-10-05T15:57:23Z"}
{"level":"info","msg":"{\"ev\":\"accepted\",\"id\":\"05c9e5eb-10f2-4977-95db-4190724e1a3d\",\"t\":1791215845234}","source":"console","time":"2026-10-05T15:57:25Z"}
{"level":"info","msg":"{\"ev\":\"accepted\",\"id\":\"c3b5ec91-5e16-4052-abf9-490e1fd6c555\",\"t\":1791215846488}","source":"console","time":"2026-10-05T15:57:26Z"}
{"level":"info","msg":"{\"ev\":\"accepted\",\"id\":\"f0894a22-f9ed-4909-af2e-ac79332b71dd\",\"t\":1791215847735}","source":"console","time":"2026-10-05T15:57:27Z"}
{"level":"info","msg":"{\"ev\":\"accepted\",\"id\":\"2b00c044-2efc-449e-bfae-a04e88efe7ab\",\"t\":1791215848990}","source":"console","time":"2026-10-05T15:57:28Z"}
{"level":"info","msg":"{\"ev\":\"accepted\",\"id\":\"a00852d8-e029-4242-922a-ce6676b683a5\",\"t\":1791215850235}","source":"console","time":"2026-10-05T15:57:30Z"}
{"level":"info","msg":"{\"ev\":\"accepted\",\"id\":\"48a96a56-d61d-4d26-9162-46ec251bc4d7\",\"t\":1791215851488}","source":"console","time":"2026-10-05T15:57:31Z"}
{"level":"info","msg":"{\"ev\":\"accepted\",\"id\":\"378e5d50-128e-4352-82d8-c5e52d83c3e5\",\"t\":1791215852730}","source":"console","time":"2026-10-05T15:57:32Z"}
{"level":"info","msg":"{\"ev\":\"accepted\",\"id\":\"8da4d386-f269-4600-b889-2067eb39976d\",\"t\":1791215853988}","source":"console","time":"2026-10-05T15:57:33Z"}
{"level":"info","msg":"{\"ev\":\"accepted\",\"id\":\"6150568b-1f34-4bc0-a2db-4853dfd51da2\",\"t\":1791215855236}","source":"console","time":"2026-10-05T15:57:35Z"}
{"level":"info","msg":"{\"ev\":\"accepted\",\"id\":\"fdc37de1-aa91-4706-b4f9-224c007bcda5\",\"t\":1791215856489}","source":"console","time":"2026-10-05T15:57:36Z"}
{"level":"info","msg":"{\"ev\":\"accepted\",\"id\":\"696f7572-0927-4501-bba7-1a9c689e0637\",\"t\":1791215857734}","source":"console","time":"2026-10-05T15:57:37Z"}
{"level":"info","msg":"{\"ev\":\"accepted\",\"id\":\"5c7fe43b-e9d9-4d57-b619-52d921bda6ca\",\"t\":1791215858985}","source":"console","time":"2026-10-05T15:57:38Z"}
{"level":"info","msg":"{\"ev\":\"accepted\",\"id\":\"60130606-7c06-42b4-8df0-94b7a6b4dff3\",\"t\":1791215860225}","source":"console","time":"2026-10-05T15:57:40Z"}
{"level":"info","msg":"{\"ev\":\"accepted\",\"id\":\"b0875103-c858-467e-a7f9-ee48432c24ed\",\"t\":1791215861488}","source":"console","time":"2026-10-05T15:57:41Z"}
{"level":"info","msg":"{\"ev\":\"accepted\",\"id\":\"7c693d7c-7dcb-4edd-abfd-d0b3c87f3bb6\",\"t\":1791215862734}","source":"console","time":"2026-10-05T15:57:42Z"}
{"level":"info","msg":"{\"ev\":\"accepted\",\"id\":\"f6d1c5cd-bc30-4037-a73b-832eacf14e5a\",\"t\":1791215863990}","source":"console","time":"2026-10-05T15:57:43Z"}
{"level":"info","msg":"{\"ev\":\"accepted\",\"id\":\"4f66cc0e-b70f-47da-8065-8338ffd48343\",\"t\":1791215865235}","source":"console","time":"2026-10-05T15:57:45Z"}
{"level":"info","msg":"{\"ev\":\"accepted\",\"id\":\"2030e629-9be6-4c1d-9de9-8b38cb5e45e9\",\"t\":1791215866489}","source":"console","time":"2026-10-05T15:57:46Z"}
{"level":"info","msg":"{\"ev\":\"accepted\",\"id\":\"9775ee8b-8ec9-431f-9329-73be18114c13\",\"t\":1791215867736}","source":"console","time":"2026-10-05T15:57:47Z"}
{"level":"info","msg":"{\"ev\":\"accepted\",\"id\":\"5be87849-4f15-45e5-877b-8345b39c7213\",\"t\":1791215868990}","source":"console","time":"2026-10-05T15:57:48Z"}
{"level":"info","msg":"{\"ev\":\"accepted\",\"id\":\"6b768785-fe7e-4242-9b03-6b75dd6b88e0\",\"t\":1791215870236}","source":"console","time":"2026-10-05T15:57:50Z"}
{"level":"info","msg":"{\"ev\":\"accepted\",\"id\":\"23f1febd-da61-4dd4-a828-0ba6907308ad\",\"t\":1791215871490}","source":"console","time":"2026-10-05T15:57:51Z"}
{"level":"info","msg":"{\"ev\":\"accepted\",\"id\":\"f7daa7b6-7065-41c7-9d91-543f76fbb8e7\",\"t\":1791215872735}","source":"console","time":"2026-10-05T15:57:52Z"}
{"level":"info","msg":"{\"ev\":\"accepted\",\"id\":\"fe316a20-ad22-46c1-82a3-08849b945a5f\",\"t\":1791215873985}","source":"console","time":"2026-10-05T15:57:53Z"}
{"level":"info","msg":"{\"ev\":\"accepted\",\"id\":\"15251d10-a95d-4bc1-afab-15d3b9184b1f\",\"t\":1791215875226}","source":"console","time":"2026-10-05T15:57:55Z"}
{"level":"info","msg":"{\"ev\":\"accepted\",\"id\":\"28d594b4-faea-4df3-b5df-f26c927156f9\",\"t\":1791215876485}","source":"console","time":"2026-10-05T15:57:56Z"}
{"level":"info","msg":"{\"ev\":\"accepted\",\"id\":\"e0ad2fa7-3181-4521-a086-165b451d3625\",\"t\":1791215877736}","source":"console","time":"2026-10-05T15:57:57Z"}
{"level":"info","msg":"{\"ev\":\"accepted\",\"id\":\"95018325-5f88-4c82-acbc-621cf3ed72f6\",\"t\":1791215878988}","source":"console","time":"2026-10-05T15:57:58Z"}
{"level":"info","msg":"{\"ev\":\"accepted\",\"id\":\"be6fb225-5533-4fe5-bbe3-dd8311a3a9f8\",\"t\":1791215880235}","source":"console","time":"2026-10-05T15:58:00Z"}
{"level":"info","msg":"{\"ev\":\"accepted\",\"id\":\"40eeb893-5952-47cd-8577-60ce521640a6\",\"t\":1791215881491}","source":"console","time":"2026-10-05T15:58:01Z"}
{"level":"info","msg":"{\"ev\":\"accepted\",\"id\":\"76d44c36-f36c-4e65-a9d0-9b856986c917\",\"t\":1791215882736}","source":"console","time":"2026-10-05T15:58:02Z"}
{"level":"info","msg":"{\"ev\":\"accepted\",\"id\":\"2dd627cd-8ca2-433f-a3c4-495438b08e2b\",\"t\":1791215883980}","source":"console","time":"2026-10-05T15:58:03Z"}
{"level":"info","msg":"{\"ev\":\"accepted\",\"id\":\"349b9dea-6c67-47c2-8f48-b698aca70fc5\",\"t\":1791215885233}","source":"console","time":"2026-10-05T15:58:05Z"}
{"level":"info","msg":"{\"ev\":\"accepted\",\"id\":\"278a14d6-f98d-43e2-8a7b-ed16e90b56b3\",\"t\":1791215886480}","source":"console","time":"2026-10-05T15:58:06Z"}
{"level":"info","msg":"{\"ev\":\"accepted\",\"id\":\"7b43660f-b5bf-4dae-94b0-1ab379c68f45\",\"t\":1791215887733}","source":"console","time":"2026-10-05T15:58:07Z"}
{"level":"info","msg":"{\"ev\":\"accepted\",\"id\":\"b4aac7f0-0a84-4994-a26f-f45819ccfb5b\",\"t\":1791215888989}","source":"console","time":"2026-10-05T15:58:08Z"}
{"level":"info","msg":"{\"ev\":\"accepted\",\"id\":\"0a1e687e-6520-4190-a949-d6aad6342866\",\"t\":1791215890244}","source":"console","time":"2026-10-05T15:58:10Z"}
{"level":"info","msg":"{\"ev\":\"accepted\",\"id\":\"40dd91df-e253-4ee4-b158-fc1acccd2d33\",\"t\":1791215891491}","source":"console","time":"2026-10-05T15:58:11Z"}
{"level":"info","msg":"{\"ev\":\"accepted\",\"id\":\"b0fef940-3bfe-4e16-b388-2f376a073e81\",\"t\":1791215892678}","source":"console","time":"2026-10-05T15:58:12Z"}
{"level":"info","msg":"{\"ev\":\"accepted\",\"id\":\"3b40e56b-65c1-4bec-86e6-1112601e93af\",\"t\":1791215893781}","source":"console","time":"2026-10-05T15:58:13Z"}
{"level":"info","msg":"{\"ev\":\"accepted\",\"id\":\"4b1f9233-72c7-4091-abc1-faeac3cbe494\",\"t\":1791215894823}","source":"console","time":"2026-10-05T15:58:14Z"}
{"level":"info","msg":"{\"ev\":\"accepted\",\"id\":\"1efe592c-d1d1-40de-85dd-ab78f6d6dc11\",\"t\":1791215895785}","source":"console","time":"2026-10-05T15:58:15Z"}
{"level":"info","msg":"{\"ev\":\"accepted\",\"id\":\"5cc2bcc7-2eb6-49f2-9373-46cf38529e14\",\"t\":1791215896704}","source":"console","time":"2026-10-05T15:58:16Z"}
{"level":"info","msg":"{\"ev\":\"accepted\",\"id\":\"bacbfcf3-028b-4e19-9b16-ed2a98acb17a\",\"t\":1791215897617}","source":"console","time":"2026-10-05T15:58:17Z"}
{"level":"info","msg":"{\"ev\":\"accepted\",\"id\":\"ad09f668-dc40-4dca-8f78-1be2fd0b34ef\",\"t\":1791215898521}","source":"console","time":"2026-10-05T15:58:18Z"}
{"level":"info","msg":"{\"ev\":\"accepted\",\"id\":\"0ff9abde-deb6-4d30-8867-ff47a51ce6d1\",\"t\":1791215899444}","source":"console","time":"2026-10-05T15:58:19Z"}
{"level":"info","msg":"{\"ev\":\"accepted\",\"id\":\"f18126b3-a9d7-43c2-aa6c-139c9d6a4e58\",\"t\":1791215900353}","source":"console","time":"2026-10-05T15:58:20Z"}
{"level":"info","msg":"{\"ev\":\"accepted\",\"id\":\"0f44a559-bafa-4939-90ae-01dff8007c66\",\"t\":1791215901259}","source":"console","time":"2026-10-05T15:58:21Z"}
{"level":"info","msg":"{\"ev\":\"accepted\",\"id\":\"ee1cd872-be21-4cba-9326-d78669248b5d\",\"t\":1791215902156}","source":"console","time":"2026-10-05T15:58:22Z"}
{"level":"info","msg":"{\"ev\":\"accepted\",\"id\":\"b92db2b5-a254-4cb9-8519-63ebe337a255\",\"t\":1791215903076}","source":"console","time":"2026-10-05T15:58:23Z"}
{"level":"info","msg":"{\"ev\":\"accepted\",\"id\":\"9544e2f5-fa13-4df9-8f32-23ca9e973c19\",\"t\":1791215903988}","source":"console","time":"2026-10-05T15:58:23Z"}
{"level":"info","msg":"{\"ev\":\"accepted\",\"id\":\"76d66d4c-d2ed-4e2b-8dbd-b35a22a0c94d\",\"t\":1791215904899}","source":"console","time":"2026-10-05T15:58:24Z"}
{"level":"info","msg":"{\"ev\":\"accepted\",\"id\":\"d563422a-b8d3-47b7-afc7-4116e4d99491\",\"t\":1791215905807}","source":"console","time":"2026-10-05T15:58:25Z"}
{"level":"info","msg":"{\"ev\":\"accepted\",\"id\":\"b7b8f4c5-4f67-4760-85b1-ed35f0081df7\",\"t\":1791215906713}","source":"console","time":"2026-10-05T15:58:26Z"}
{"level":"info","msg":"{\"ev\":\"accepted\",\"id\":\"ae553778-ea81-46dd-a06b-6005393704bb\",\"t\":1791215907626}","source":"console","time":"2026-10-05T15:58:27Z"}
{"level":"info","msg":"{\"ev\":\"accepted\",\"id\":\"6dd4e3ef-1bf1-4da0-b40b-785609e4d7fa\",\"t\":1791215908531}","source":"console","time":"2026-10-05T15:58:28Z"}
{"level":"info","msg":"{\"ev\":\"accepted\",\"id\":\"5adc48cc-6aab-4e83-8162-d49017be6bab\",\"t\":1791215909444}","source":"console","time":"2026-10-05T15:58:29Z"}
{"level":"info","msg":"{\"ev\":\"accepted\",\"id\":\"2fc99fee-ce8c-4c03-9ba1-8fce0e84c1e4\",\"t\":1791215910354}","source":"console","time":"2026-10-05T15:58:30Z"}
{"level":"info","msg":"{\"ev\":\"accepted\",\"id\":\"d3c9b22b-ba2a-4261-a0ff-8a9f55a272e6\",\"t\":1791215911258}","source":"console","time":"2026-10-05T15:58:31Z"}
{"level":"info","msg":"{\"ev\":\"accepted\",\"id\":\"7154caa2-4da8-4713-afff-1146851f6015\",\"t\":1791215912162}","source":"console","time":"2026-10-05T15:58:32Z"}
{"level":"info","msg":"{\"ev\":\"accepted\",\"id\":\"df9cbbd6-f7f9-4c3e-a59c-0cddb14542c8\",\"t\":1791215913081}","source":"console","time":"2026-10-05T15:58:33Z"}
{"level":"info","msg":"{\"ev\":\"accepted\",\"id\":\"5a8767f5-5b73-4c06-ae4a-24df40c85bcf\",\"t\":1791215913989}","source":"console","time":"2026-10-05T15:58:33Z"}
{"level":"info","msg":"{\"ev\":\"accepted\",\"id\":\"a91d6977-ffcf-4205-ab26-559918c081e9\",\"t\":1791215914895}","source":"console","time":"2026-10-05T15:58:34Z"}
{"level":"info","msg":"{\"ev\":\"accepted\",\"id\":\"1ef5e672-23b0-444a-8723-3c436b32f2e2\",\"t\":1791215915803}","source":"console","time":"2026-10-05T15:58:35Z"}
{"level":"info","msg":"{\"ev\":\"accepted\",\"id\":\"e3b15b9a-39b8-48c6-a441-be19f5925524\",\"t\":1791215916712}","source":"console","time":"2026-10-05T15:58:36Z"}
{"level":"info","msg":"{\"ev\":\"accepted\",\"id\":\"0381783e-c104-4e80-9289-1f0eff5c85b8\",\"t\":1791215917612}","source":"console","time":"2026-10-05T15:58:37Z"}
{"level":"info","msg":"{\"ev\":\"accepted\",\"id\":\"57dd7354-f2bd-4c6c-b8b5-c1de60ae29ab\",\"t\":1791215918528}","source":"console","time":"2026-10-05T15:58:38Z"}
{"level":"info","msg":"{\"ev\":\"accepted\",\"id\":\"cab7ab2b-5d0e-4ece-9974-32b37f5cdc9b\",\"t\":1791215919445}","source":"console","time":"2026-10-05T15:58:39Z"}
{"level":"info","msg":"{\"ev\":\"accepted\",\"id\":\"4de5ddb2-1842-427e-8d54-a9f0fd6f2270\",\"t\":1791215920345}","source":"console","time":"2026-10-05T15:58:40Z"}
{"level":"info","msg":"{\"ev\":\"accepted\",\"id\":\"f544cefa-8155-4a12-ad76-67cfa45b338e\",\"t\":1791215921251}","source":"console","time":"2026-10-05T15:58:41Z"}
{"level":"info","msg":"{\"ev\":\"accepted\",\"id\":\"2af2552c-92b6-42cc-b8b8-b083b0ffc9f3\",\"t\":1791215922170}","source":"console","time":"2026-10-05T15:58:42Z"}
{"level":"info","msg":"{\"ev\":\"accepted\",\"id\":\"cad97567-a2b0-4c4d-bf93-4e5d5569173e\",\"t\":1791215923074}","source":"console","time":"2026-10-05T15:58:43Z"}
{"level":"info","msg":"{\"ev\":\"accepted\",\"id\":\"d6a2009c-9ada-4e24-b6f8-0541abf01dc7\",\"t\":1791215923990}","source":"console","time":"2026-10-05T15:58:43Z"}
{"level":"info","msg":"{\"ev\":\"accepted\",\"id\":\"5ed408ea-fd47-4391-88b7-03d54d45f989\",\"t\":1791215924899}","source":"console","time":"2026-10-05T15:58:44Z"}
{"level":"info","msg":"{\"ev\":\"accepted\",\"id\":\"ea552329-ec62-4676-a667-e868d4313022\",\"t\":1791215925807}","source":"console","time":"2026-10-05T15:58:45Z"}
{"level":"info","msg":"{\"ev\":\"accepted\",\"id\":\"70490ae5-7a49-455c-8058-37a88af5fbcc\",\"t\":1791215926711}","source":"console","time":"2026-10-05T15:58:46Z"}
{"level":"info","msg":"{\"ev\":\"accepted\",\"id\":\"29633f2d-2200-4a54-8810-a6f85e0f5d38\",\"t\":1791215927626}","source":"console","time":"2026-10-05T15:58:47Z"}
{"level":"info","msg":"{\"ev\":\"accepted\",\"id\":\"1c4f264f-5248-4616-b8c5-68b16ea2de33\",\"t\":1791215928529}","source":"console","time":"2026-10-05T15:58:48Z"}
{"level":"info","msg":"{\"ev\":\"accepted\",\"id\":\"3c38da0d-352d-48ff-b5e1-9ee8bfa19c9d\",\"t\":1791215929445}","source":"console","time":"2026-10-05T15:58:49Z"}
{"level":"info","msg":"{\"ev\":\"accepted\",\"id\":\"c392fd3d-9334-4b17-8c5e-76b50e207e53\",\"t\":1791215930355}","source":"console","time":"2026-10-05T15:58:50Z"}
{"level":"info","msg":"{\"ev\":\"accepted\",\"id\":\"7d5c7d71-deb3-4d4c-b0c3-0c7410bccd88\",\"t\":1791215931252}","source":"console","time":"2026-10-05T15:58:51Z"}
{"level":"info","msg":"{\"ev\":\"accepted\",\"id\":\"3f0c726e-84f3-4481-b0f2-97223f3dfab2\",\"t\":1791215932167}","source":"console","time":"2026-10-05T15:58:52Z"}
{"level":"info","msg":"{\"ev\":\"accepted\",\"id\":\"a121d472-fab6-4a4f-9d79-8f010a4b78b8\",\"t\":1791215933079}","source":"console","time":"2026-10-05T15:58:53Z"}
{"level":"info","msg":"{\"ev\":\"accepted\",\"id\":\"15ec4ce0-7d52-438a-9a6d-90b5538d527b\",\"t\":1791215933990}","source":"console","time":"2026-10-05T15:58:53Z"}
{"level":"info","msg":"{\"ev\":\"accepted\",\"id\":\"9f8f3e69-4326-43b8-94d9-f49bc43c8e79\",\"t\":1791215934894}","source":"console","time":"2026-10-05T15:58:54Z"}
{"level":"info","msg":"{\"ev\":\"accepted\",\"id\":\"0692dc4c-3477-473d-9515-cbfd8b5da239\",\"t\":1791215935808}","source":"console","time":"2026-10-05T15:58:55Z"}
{"level":"info","msg":"{\"ev\":\"accepted\",\"id\":\"53e77423-71cd-4d0d-bfeb-cafc375c6b5c\",\"t\":1791215936712}","source":"console","time":"2026-10-05T15:58:56Z"}
{"level":"info","msg":"{\"ev\":\"accepted\",\"id\":\"f4e53df6-ec72-4e1e-9519-d7d9c3508aa8\",\"t\":1791215937627}","source":"console","time":"2026-10-05T15:58:57Z"}
{"level":"info","msg":"{\"ev\":\"accepted\",\"id\":\"b2e521f5-7325-49a1-9055-8e6473b7ff14\",\"t\":1791215938535}","source":"console","time":"2026-10-05T15:58:58Z"}
{"level":"info","msg":"{\"ev\":\"accepted\",\"id\":\"4548ec50-a772-4de6-a820-482f0b600077\",\"t\":1791215939445}","source":"console","time":"2026-10-05T15:58:59Z"}
{"level":"info","msg":"{\"ev\":\"accepted\",\"id\":\"1e05fefa-ce75-4623-881d-1482864cda0b\",\"t\":1791215940353}","source":"console","time":"2026-10-05T15:59:00Z"}
{"level":"info","msg":"{\"ev\":\"accepted\",\"id\":\"655f3e0f-f3d8-4ef8-8ccf-c661bead9d90\",\"t\":1791215941255}","source":"console","time":"2026-10-05T15:59:01Z"}
{"level":"info","msg":"{\"ev\":\"accepted\",\"id\":\"20536ad7-d35f-4aab-9bcd-2b4270ee113b\",\"t\":1791215942161}","source":"console","time":"2026-10-05T15:59:02Z"}
{"level":"info","msg":"{\"ev\":\"accepted\",\"id\":\"50c931c6-beec-4aaa-bd13-4670fdbc5a22\",\"t\":1791215943079}","source":"console","time":"2026-10-05T15:59:03Z"}
{"level":"info","msg":"{\"ev\":\"accepted\",\"id\":\"dd4a9efc-5e6d-4168-b757-949c95b3ef9e\",\"t\":1791215943989}","source":"console","time":"2026-10-05T15:59:03Z"}
{"level":"info","msg":"{\"ev\":\"accepted\",\"id\":\"56162150-fb80-472c-b2cb-5f34ef8ebff9\",\"t\":1791215944899}","source":"console","time":"2026-10-05T15:59:04Z"}
{"level":"info","msg":"{\"ev\":\"accepted\",\"id\":\"6b608aee-b843-4202-a231-60502833d424\",\"t\":1791215945803}","source":"console","time":"2026-10-05T15:59:05Z"}
{"level":"info","msg":"{\"ev\":\"accepted\",\"id\":\"742bbbb6-179f-44cc-a831-d5b06f844087\",\"t\":1791215946702}","source":"console","time":"2026-10-05T15:59:06Z"}
{"level":"info","msg":"{\"ev\":\"accepted\",\"id\":\"0fded00f-a6ee-4aaa-b64e-f73004fa7b1a\",\"t\":1791215947622}","source":"console","time":"2026-10-05T15:59:07Z"}
{"level":"info","msg":"{\"ev\":\"accepted\",\"id\":\"7756e66f-f0ea-43b5-b93e-c28dea05ff5b\",\"t\":1791215948532}","source":"console","time":"2026-10-05T15:59:08Z"}
{"level":"info","msg":"{\"ev\":\"accepted\",\"id\":\"a584f0ef-aded-4899-9e2b-fd48ace07535\",\"t\":1791215949444}","source":"console","time":"2026-10-05T15:59:09Z"}
{"level":"info","msg":"{\"ev\":\"accepted\",\"id\":\"a6abad3f-f16a-4d77-bdde-b4eb56638c9f\",\"t\":1791215950353}","source":"console","time":"2026-10-05T15:59:10Z"}
{"level":"info","msg":"{\"ev\":\"accepted\",\"id\":\"be63356e-f2d1-4021-827b-ab4be4209b32\",\"t\":1791215951255}","source":"console","time":"2026-10-05T15:59:11Z"}
{"level":"info","msg":"{\"ev\":\"accepted\",\"id\":\"624a26e3-942f-460a-b9b8-ef7cdcb49076\",\"t\":1791215952169}","source":"console","time":"2026-10-05T15:59:12Z"}
{"level":"info","msg":"{\"ev\":\"accepted\",\"id\":\"8882bc60-2dfd-486b-87d0-ea75dcc959d5\",\"t\":1791215953075}","source":"console","time":"2026-10-05T15:59:13Z"}
{"level":"info","msg":"{\"ev\":\"accepted\",\"id\":\"9a917b75-c116-4280-862d-dca026120c41\",\"t\":1791215953980}","source":"console","time":"2026-10-05T15:59:13Z"}
{"level":"info","msg":"{\"ev\":\"accepted\",\"id\":\"35741106-054f-4c2c-bcf6-fa3f7a6e5ccd\",\"t\":1791215954889}","source":"console","time":"2026-10-05T15:59:14Z"}
{"level":"info","msg":"{\"ev\":\"accepted\",\"id\":\"08542484-5087-414b-8fff-e49dd2b441fe\",\"t\":1791215955809}","source":"console","time":"2026-10-05T15:59:15Z"}
{"level":"info","msg":"{\"ev\":\"accepted\",\"id\":\"77057d46-5694-461b-90c2-1b74ef05093b\",\"t\":1791215956711}","source":"console","time":"2026-10-05T15:59:16Z"}
{"level":"info","msg":"{\"ev\":\"accepted\",\"id\":\"2d154c69-13d5-4583-9c57-ddea4c4db75f\",\"t\":1791215957615}","source":"console","time":"2026-10-05T15:59:17Z"}
{"level":"info","msg":"{\"ev\":\"accepted\",\"id\":\"fde17d4f-a86a-4a87-bebc-a43b7f431508\",\"t\":1791215958533}","source":"console","time":"2026-10-05T15:59:18Z"}
{"level":"info","msg":"{\"ev\":\"accepted\",\"id\":\"ce212020-6a56-4851-99c9-dbe6b56cc2b2\",\"t\":1791215959431}","source":"console","time":"2026-10-05T15:59:19Z"}
{"level":"info","msg":"{\"ev\":\"accepted\",\"id\":\"20561ee7-b79e-4c7f-93aa-aa744c10ed69\",\"t\":1791215960343}","source":"console","time":"2026-10-05T15:59:20Z"}
{"level":"info","msg":"{\"ev\":\"accepted\",\"id\":\"c2322068-6fc9-42b7-8ea5-4ab68e0385cd\",\"t\":1791215961258}","source":"console","time":"2026-10-05T15:59:21Z"}
{"level":"info","msg":"{\"ev\":\"accepted\",\"id\":\"be9adb67-a2c6-441a-b1b0-fdd916ab8706\",\"t\":1791215962168}","source":"console","time":"2026-10-05T15:59:22Z"}
{"level":"info","msg":"{\"ev\":\"accepted\",\"id\":\"96c80f15-c23b-45f2-b3e7-7ee36ee01bcc\",\"t\":1791215963078}","source":"console","time":"2026-10-05T15:59:23Z"}
{"level":"info","msg":"{\"ev\":\"accepted\",\"id\":\"ea5ba70e-f724-49c6-8c48-3eb750ac4514\",\"t\":1791215963988}","source":"console","time":"2026-10-05T15:59:23Z"}
{"level":"info","msg":"{\"ev\":\"accepted\",\"id\":\"844ed9e3-7d59-4c21-9b8d-3f6be7e2f6eb\",\"t\":1791215964890}","source":"console","time":"2026-10-05T15:59:24Z"}
{"level":"info","msg":"{\"ev\":\"accepted\",\"id\":\"33c5bbb0-9ec3-4434-a711-63d6225427dc\",\"t\":1791215965803}","source":"console","time":"2026-10-05T15:59:25Z"}
{"level":"info","msg":"{\"ev\":\"accepted\",\"id\":\"4baaa9df-adfc-4a71-9764-59ea4c25a8cf\",\"t\":1791215966711}","source":"console","time":"2026-10-05T15:59:26Z"}
{"level":"info","msg":"{\"ev\":\"accepted\",\"id\":\"2a759d10-a6ef-4012-be05-eee5e8dff146\",\"t\":1791215967621}","source":"console","time":"2026-10-05T15:59:27Z"}
{"level":"info","msg":"{\"ev\":\"accepted\",\"id\":\"279a0b41-9df0-4225-accd-1a4f770d31ee\",\"t\":1791215968535}","source":"console","time":"2026-10-05T15:59:28Z"}
{"level":"info","msg":"{\"ev\":\"accepted\",\"id\":\"1597561e-c733-454d-91a3-ba73f631620e\",\"t\":1791215969434}","source":"console","time":"2026-10-05T15:59:29Z"}
{"level":"info","msg":"{\"ev\":\"accepted\",\"id\":\"52c43d3f-e750-4e65-bcdf-5d94d69583fa\",\"t\":1791215970354}","source":"console","time":"2026-10-05T15:59:30Z"}
{"level":"info","msg":"{\"ev\":\"accepted\",\"id\":\"03bb56d9-a78f-4423-a759-85be5c40431a\",\"t\":1791215971254}","source":"console","time":"2026-10-05T15:59:31Z"}
{"level":"info","msg":"{\"ev\":\"accepted\",\"id\":\"da3dceae-941e-4f0b-ad41-c35a79c34f66\",\"t\":1791215972171}","source":"console","time":"2026-10-05T15:59:32Z"}
{"level":"info","msg":"{\"ev\":\"accepted\",\"id\":\"28d2e89f-7279-4462-a60f-bf7c7cbcd21b\",\"t\":1791215973079}","source":"console","time":"2026-10-05T15:59:33Z"}
{"level":"info","msg":"{\"ev\":\"accepted\",\"id\":\"e8907cf5-4f95-4a8f-aa9a-360120bde710\",\"t\":1791215973989}","source":"console","time":"2026-10-05T15:59:33Z"}
{"level":"info","msg":"{\"ev\":\"accepted\",\"id\":\"d89dcfde-d26b-4116-87c3-db63eaa89c2a\",\"t\":1791215974895}","source":"console","time":"2026-10-05T15:59:34Z"}
{"level":"info","msg":"{\"ev\":\"accepted\",\"id\":\"b70b2389-b672-4e93-876d-664e85a3fe24\",\"t\":1791215975798}","source":"console","time":"2026-10-05T15:59:35Z"}
{"level":"info","msg":"{\"ev\":\"accepted\",\"id\":\"4f9b8567-05bc-4b2b-b339-424bb4946f4a\",\"t\":1791215976709}","source":"console","time":"2026-10-05T15:59:36Z"}
{"level":"info","msg":"{\"ev\":\"accepted\",\"id\":\"b04b73b0-c839-429e-a2c2-991166f1a52c\",\"t\":1791215977625}","source":"console","time":"2026-10-05T15:59:37Z"}
{"level":"info","msg":"{\"ev\":\"accepted\",\"id\":\"22ad1fb1-cc1b-4aad-81fe-204aa8b3f352\",\"t\":1791215978533}","source":"console","time":"2026-10-05T15:59:38Z"}
{"level":"info","msg":"{\"ev\":\"accepted\",\"id\":\"1b308eba-f647-48c3-a106-58372aed8ca1\",\"t\":1791215979444}","source":"console","time":"2026-10-05T15:59:39Z"}
{"level":"info","msg":"{\"ev\":\"accepted\",\"id\":\"7a0ecfc8-a417-4a77-a198-795c8ecc9bc7\",\"t\":1791215980349}","source":"console","time":"2026-10-05T15:59:40Z"}
{"level":"info","msg":"{\"ev\":\"accepted\",\"id\":\"edd9d82a-6e43-43f6-8884-74680218967b\",\"t\":1791215981257}","source":"console","time":"2026-10-05T15:59:41Z"}
{"level":"info","msg":"{\"ev\":\"accepted\",\"id\":\"7a2f9c9d-f0ad-4581-9f5c-8f591c881b95\",\"t\":1791215982172}","source":"console","time":"2026-10-05T15:59:42Z"}
{"level":"info","msg":"{\"ev\":\"accepted\",\"id\":\"44085243-6a77-4e84-8e7b-4f5f725fcff2\",\"t\":1791215983075}","source":"console","time":"2026-10-05T15:59:43Z"}
{"level":"info","msg":"{\"ev\":\"accepted\",\"id\":\"c97105de-edaf-465b-8ebf-cb6e6153d160\",\"t\":1791215983978}","source":"console","time":"2026-10-05T15:59:43Z"}
{"level":"info","msg":"{\"ev\":\"accepted\",\"id\":\"3361eb87-454c-4452-a737-e997c6b6790c\",\"t\":1791215984899}","source":"console","time":"2026-10-05T15:59:44Z"}
{"level":"info","msg":"{\"ev\":\"accepted\",\"id\":\"a9df3fcc-65ca-4f8f-b464-cb0d20d3c244\",\"t\":1791215985806}","source":"console","time":"2026-10-05T15:59:45Z"}
{"level":"info","msg":"{\"ev\":\"accepted\",\"id\":\"78ce9304-d937-4209-bed6-81439f7881e4\",\"t\":1791215986703}","source":"console","time":"2026-10-05T15:59:46Z"}
{"level":"info","msg":"{\"ev\":\"accepted\",\"id\":\"ecf0ebac-3a99-4130-bc9e-62644e588c54\",\"t\":1791215987611}","source":"console","time":"2026-10-05T15:59:47Z"}
{"level":"info","msg":"{\"ev\":\"accepted\",\"id\":\"60bf0511-91f3-480c-99c9-637c720870dd\",\"t\":1791215988526}","source":"console","time":"2026-10-05T15:59:48Z"}
{"level":"info","msg":"{\"ev\":\"accepted\",\"id\":\"995129b3-b2d4-4408-8c95-c0438f8e658c\",\"t\":1791215989445}","source":"console","time":"2026-10-05T15:59:49Z"}
{"level":"info","msg":"{\"ev\":\"accepted\",\"id\":\"57c45115-35ce-47d9-83f8-685d8f8c0fe5\",\"t\":1791215990353}","source":"console","time":"2026-10-05T15:59:50Z"}
{"level":"info","msg":"{\"ev\":\"accepted\",\"id\":\"ee1f343f-0e3e-40fe-a395-333b72bbd8ce\",\"t\":1791215991254}","source":"console","time":"2026-10-05T15:59:51Z"}
{"level":"info","msg":"{\"ev\":\"accepted\",\"id\":\"f1326c5a-60f7-47d3-a449-3b6e1d5248bb\",\"t\":1791215992168}","source":"console","time":"2026-10-05T15:59:52Z"}
{"level":"info","msg":"{\"ev\":\"accepted\",\"id\":\"bbb056ef-faf2-43b1-8d25-a38b1f13fffb\",\"t\":1791215993076}","source":"console","time":"2026-10-05T15:59:53Z"}
{"level":"info","msg":"{\"ev\":\"accepted\",\"id\":\"06fe83a3-64d3-4803-bff6-dbc3a4c6af9f\",\"t\":1791215993989}","source":"console","time":"2026-10-05T15:59:53Z"}
{"level":"info","msg":"{\"ev\":\"accepted\",\"id\":\"60ed46b4-3c38-4640-bd15-cb0142bd05ec\",\"t\":1791215994899}","source":"console","time":"2026-10-05T15:59:54Z"}
{"level":"info","msg":"{\"ev\":\"accepted\",\"id\":\"8473719e-5941-4ca3-8142-443c817472df\",\"t\":1791215995805}","source":"console","time":"2026-10-05T15:59:55Z"}
{"level":"info","msg":"{\"ev\":\"accepted\",\"id\":\"bacd870a-4884-45a8-9e78-e30ec389d638\",\"t\":1791215996713}","source":"console","time":"2026-10-05T15:59:56Z"}
{"level":"info","msg":"{\"ev\":\"accepted\",\"id\":\"76c907c9-2cf8-4038-8896-7c53ead0272d\",\"t\":1791215997621}","source":"console","time":"2026-10-05T15:59:57Z"}
{"level":"info","msg":"{\"ev\":\"accepted\",\"id\":\"b78b683a-c497-4030-bbc7-79df41aad9b3\",\"t\":1791215998522}","source":"console","time":"2026-10-05T15:59:58Z"}
{"level":"info","msg":"{\"ev\":\"accepted\",\"id\":\"55f2c247-dcf7-44e6-8c2d-c36294de2656\",\"t\":1791215999444}","source":"console","time":"2026-10-05T15:59:59Z"}
{"level":"info","msg":"{\"ev\":\"accepted\",\"id\":\"3a7fa0a9-99ec-4bc2-aded-296adf3b1fe3\",\"t\":1791216000354}","source":"console","time":"2026-10-05T16:00:00Z"}
{"level":"info","msg":"{\"ev\":\"accepted\",\"id\":\"785a35d5-2f55-4785-b49e-afa01819e16e\",\"t\":1791216001257}","source":"console","time":"2026-10-05T16:00:01Z"}
{"level":"info","msg":"{\"ev\":\"accepted\",\"id\":\"7138b5f2-3f36-430d-afeb-45c5fa4e38c4\",\"t\":1791216002173}","source":"console","time":"2026-10-05T16:00:02Z"}
{"level":"info","msg":"{\"ev\":\"accepted\",\"id\":\"2ce8182c-f618-482f-9b16-e4db41af4b1e\",\"t\":1791216003078}","source":"console","time":"2026-10-05T16:00:03Z"}
{"level":"info","msg":"{\"ev\":\"accepted\",\"id\":\"877b55cd-187b-497c-846d-95a584b0b21c\",\"t\":1791216003990}","source":"console","time":"2026-10-05T16:00:03Z"}
{"level":"info","msg":"{\"ev\":\"accepted\",\"id\":\"4d0da86d-558d-45ff-83cf-94eef55708a1\",\"t\":1791216004895}","source":"console","time":"2026-10-05T16:00:04Z"}
{"level":"info","msg":"{\"ev\":\"accepted\",\"id\":\"f35ddc4b-c87a-4380-a023-870b57e3eacf\",\"t\":1791216005805}","source":"console","time":"2026-10-05T16:00:05Z"}
{"level":"info","msg":"{\"ev\":\"accepted\",\"id\":\"fe2d31c3-fd6d-41d1-8fc3-f1658e579033\",\"t\":1791216006710}","source":"console","time":"2026-10-05T16:00:06Z"}
{"level":"info","msg":"{\"ev\":\"accepted\",\"id\":\"187642d2-05d5-4ad3-8c69-ad244cc8e9f5\",\"t\":1791216007623}","source":"console","time":"2026-10-05T16:00:07Z"}
{"level":"info","msg":"{\"ev\":\"accepted\",\"id\":\"97ce8990-4dfe-4e88-ab6b-71514dbbfe2d\",\"t\":1791216008533}","source":"console","time":"2026-10-05T16:00:08Z"}
{"level":"info","msg":"{\"ev\":\"accepted\",\"id\":\"2369ca7b-b833-454e-b90a-7195dca2e366\",\"t\":1791216009431}","source":"console","time":"2026-10-05T16:00:09Z"}
{"level":"info","msg":"{\"ev\":\"accepted\",\"id\":\"fc2d1bd5-11f0-414f-881a-549926460968\",\"t\":1791216010356}","source":"console","time":"2026-10-05T16:00:10Z"}
{"level":"info","msg":"{\"ev\":\"accepted\",\"id\":\"e65f6029-e98d-4513-bae5-2a879aef0f1c\",\"t\":1791216011258}","source":"console","time":"2026-10-05T16:00:11Z"}
{"level":"info","msg":"{\"ev\":\"accepted\",\"id\":\"df528673-6c37-40c2-bb1f-111c4e605aab\",\"t\":1791216012170}","source":"console","time":"2026-10-05T16:00:12Z"}
{"level":"info","msg":"{\"ev\":\"accepted\",\"id\":\"b76ace3e-830d-418f-a8b8-1c80facb9e10\",\"t\":1791216013075}","source":"console","time":"2026-10-05T16:00:13Z"}
{"level":"info","msg":"{\"ev\":\"accepted\",\"id\":\"34ae2934-5ab7-4c3b-a983-1ee30c8b0c5c\",\"t\":1791216013990}","source":"console","time":"2026-10-05T16:00:13Z"}
{"level":"info","msg":"{\"ev\":\"accepted\",\"id\":\"31c63bdc-5718-453d-9823-d65ed36776cd\",\"t\":1791216014899}","source":"console","time":"2026-10-05T16:00:14Z"}
{"level":"info","msg":"{\"ev\":\"accepted\",\"id\":\"a92d549a-1d36-4870-ab4a-cea565964a22\",\"t\":1791216015804}","source":"console","time":"2026-10-05T16:00:15Z"}
{"level":"info","msg":"{\"ev\":\"accepted\",\"id\":\"15295431-e2e5-40b2-ba9f-04dd375caa08\",\"t\":1791216016711}","source":"console","time":"2026-10-05T16:00:16Z"}
{"level":"info","msg":"{\"ev\":\"accepted\",\"id\":\"4e6aca3d-9199-4b1b-b06c-c706db9ff70a\",\"t\":1791216017623}","source":"console","time":"2026-10-05T16:00:17Z"}
{"level":"info","msg":"{\"ev\":\"accepted\",\"id\":\"68a2f860-08a0-484a-ad0b-0b0364517baa\",\"t\":1791216018534}","source":"console","time":"2026-10-05T16:00:18Z"}
{"level":"info","msg":"{\"ev\":\"accepted\",\"id\":\"fcd43353-c908-438c-a524-a77182f0af8e\",\"t\":1791216019444}","source":"console","time":"2026-10-05T16:00:19Z"}
{"level":"info","msg":"{\"ev\":\"accepted\",\"id\":\"df18f64b-9ad2-4bb1-b579-1b483aef0911\",\"t\":1791216020344}","source":"console","time":"2026-10-05T16:00:20Z"}
{"level":"info","msg":"{\"ev\":\"accepted\",\"id\":\"5c8f2150-0f05-485e-ba07-fa2726503070\",\"t\":1791216021258}","source":"console","time":"2026-10-05T16:00:21Z"}
{"level":"info","msg":"{\"ev\":\"accepted\",\"id\":\"229666fa-dc3c-4e30-a38f-a54bf5e2e385\",\"t\":1791216022165}","source":"console","time":"2026-10-05T16:00:22Z"}
{"level":"info","msg":"{\"ev\":\"accepted\",\"id\":\"6df9f9e3-253e-47a2-808d-533977b61f7a\",\"t\":1791216023073}","source":"console","time":"2026-10-05T16:00:23Z"}
{"level":"info","msg":"{\"ev\":\"accepted\",\"id\":\"3c2612b6-36c8-4c0a-b80e-46793fe223d4\",\"t\":1791216023985}","source":"console","time":"2026-10-05T16:00:23Z"}
{"level":"info","msg":"{\"ev\":\"accepted\",\"id\":\"af504309-e571-45e2-8e42-642feb1fc4a5\",\"t\":1791216024899}","source":"console","time":"2026-10-05T16:00:24Z"}
{"level":"info","msg":"{\"ev\":\"accepted\",\"id\":\"c15ec6fe-f532-48a2-8b69-683105458d5e\",\"t\":1791216025805}","source":"console","time":"2026-10-05T16:00:25Z"}
{"level":"info","msg":"{\"ev\":\"accepted\",\"id\":\"826a807d-7858-4ede-b587-2bcc2966b098\",\"t\":1791216026710}","source":"console","time":"2026-10-05T16:00:26Z"}
{"level":"info","msg":"{\"ev\":\"accepted\",\"id\":\"75beae20-5c2f-48f5-8bcc-c11d4314a79f\",\"t\":1791216027612}","source":"console","time":"2026-10-05T16:00:27Z"}
{"level":"info","msg":"{\"ev\":\"accepted\",\"id\":\"a55c986a-4626-454f-967b-5c2487c5010e\",\"t\":1791216028534}","source":"console","time":"2026-10-05T16:00:28Z"}
{"level":"info","msg":"{\"ev\":\"accepted\",\"id\":\"0b8887f6-d75d-43cd-ad07-6c7f08c1babc\",\"t\":1791216029444}","source":"console","time":"2026-10-05T16:00:29Z"}
{"level":"info","msg":"{\"ev\":\"accepted\",\"id\":\"b0b3c1bf-4fb5-46c0-a58e-db9235ad2da7\",\"t\":1791216030352}","source":"console","time":"2026-10-05T16:00:30Z"}
{"level":"info","msg":"{\"ev\":\"accepted\",\"id\":\"3892a6c6-b46e-4ece-81c4-faf043650506\",\"t\":1791216031249}","source":"console","time":"2026-10-05T16:00:31Z"}
{"level":"info","msg":"{\"ev\":\"accepted\",\"id\":\"c7c9e701-6a21-4c5b-8222-03ed8bf5d539\",\"t\":1791216032159}","source":"console","time":"2026-10-05T16:00:32Z"}
{"level":"info","msg":"{\"ev\":\"accepted\",\"id\":\"f1194f44-eef4-47e5-9e3f-9466de6c9994\",\"t\":1791216033066}","source":"console","time":"2026-10-05T16:00:33Z"}
{"level":"info","msg":"{\"ev\":\"accepted\",\"id\":\"de7f6dfd-a348-4202-a18d-e89d21bd730b\",\"t\":1791216033991}","source":"console","time":"2026-10-05T16:00:33Z"}
{"level":"info","msg":"{\"ev\":\"accepted\",\"id\":\"1d20dc37-da06-4ae3-a486-ca7df163d9eb\",\"t\":1791216034894}","source":"console","time":"2026-10-05T16:00:34Z"}
{"level":"info","msg":"{\"ev\":\"accepted\",\"id\":\"25053623-8c7f-4119-8701-b60c53baa4dc\",\"t\":1791216035804}","source":"console","time":"2026-10-05T16:00:35Z"}
{"level":"info","msg":"{\"ev\":\"accepted\",\"id\":\"89eda8e5-3f0c-49d3-8ad1-e1d104a25b08\",\"t\":1791216036711}","source":"console","time":"2026-10-05T16:00:36Z"}
{"level":"info","msg":"{\"ev\":\"accepted\",\"id\":\"7d935dd7-e291-49d9-a928-57152e983e4a\",\"t\":1791216037623}","source":"console","time":"2026-10-05T16:00:37Z"}
{"level":"info","msg":"{\"ev\":\"accepted\",\"id\":\"f4020fa0-ae7c-454e-8b87-5257bd7f4755\",\"t\":1791216038536}","source":"console","time":"2026-10-05T16:00:38Z"}
{"level":"info","msg":"{\"ev\":\"accepted\",\"id\":\"71e89cb1-fbc1-4482-9b62-b5bb33840037\",\"t\":1791216039445}","source":"console","time":"2026-10-05T16:00:39Z"}
{"level":"info","msg":"{\"ev\":\"accepted\",\"id\":\"005fc612-7d07-4b24-a3ed-0a7426449c70\",\"t\":1791216040348}","source":"console","time":"2026-10-05T16:00:40Z"}
{"level":"info","msg":"{\"ev\":\"accepted\",\"id\":\"c4ae4a8f-16b1-4132-92e5-fef495e152f5\",\"t\":1791216041257}","source":"console","time":"2026-10-05T16:00:41Z"}
{"level":"info","msg":"{\"ev\":\"accepted\",\"id\":\"9c0ec3a7-a78d-463a-979b-8ad889e398a6\",\"t\":1791216042169}","source":"console","time":"2026-10-05T16:00:42Z"}
{"level":"info","msg":"{\"ev\":\"accepted\",\"id\":\"9e97a1d1-fbe3-48af-9a3d-e03b96ef48d1\",\"t\":1791216043067}","source":"console","time":"2026-10-05T16:00:43Z"}
{"level":"info","msg":"{\"ev\":\"accepted\",\"id\":\"309d1754-d529-4eee-aa99-65d75df5bdf5\",\"t\":1791216043986}","source":"console","time":"2026-10-05T16:00:43Z"}
{"level":"info","msg":"{\"ev\":\"accepted\",\"id\":\"93f92ebf-e2f5-4de9-9045-ea190f09004f\",\"t\":1791216044891}","source":"console","time":"2026-10-05T16:00:44Z"}
{"level":"info","msg":"{\"ev\":\"accepted\",\"id\":\"00689625-4cbe-4feb-b506-61d299bda1b2\",\"t\":1791216045793}","source":"console","time":"2026-10-05T16:00:45Z"}
{"level":"info","msg":"{\"ev\":\"accepted\",\"id\":\"363198e4-c351-4d26-a9e3-cf9ac09277cd\",\"t\":1791216046710}","source":"console","time":"2026-10-05T16:00:46Z"}
{"level":"info","msg":"{\"ev\":\"accepted\",\"id\":\"f352d34d-7031-4620-9e89-767665275969\",\"t\":1791216047623}","source":"console","time":"2026-10-05T16:00:47Z"}
{"level":"info","msg":"{\"ev\":\"accepted\",\"id\":\"d8fadd0d-db1e-4029-9b24-2e3d88e74f0c\",\"t\":1791216048535}","source":"console","time":"2026-10-05T16:00:48Z"}
{"level":"info","msg":"{\"ev\":\"accepted\",\"id\":\"49cd82cf-39ae-4a6f-bdb9-1e281e95f0a7\",\"t\":1791216049444}","source":"console","time":"2026-10-05T16:00:49Z"}
{"level":"info","msg":"{\"ev\":\"accepted\",\"id\":\"01b6dc57-9519-4850-872a-0eafefe075b9\",\"t\":1791216050354}","source":"console","time":"2026-10-05T16:00:50Z"}
{"level":"info","msg":"{\"ev\":\"accepted\",\"id\":\"06339c89-c8f5-4d8b-ad1d-45772dec6ec7\",\"t\":1791216051259}","source":"console","time":"2026-10-05T16:00:51Z"}
{"level":"info","msg":"{\"ev\":\"accepted\",\"id\":\"5b09e45f-6ca7-48ef-973b-3bbe4b19569a\",\"t\":1791216052168}","source":"console","time":"2026-10-05T16:00:52Z"}
{"level":"info","msg":"{\"ev\":\"accepted\",\"id\":\"39ac74ec-4e29-4e2f-bfe7-cbf83a29b177\",\"t\":1791216053067}","source":"console","time":"2026-10-05T16:00:53Z"}
{"level":"info","msg":"{\"ev\":\"accepted\",\"id\":\"ac3e23fd-587e-4b35-81a1-c24b95164c7e\",\"t\":1791216053980}","source":"console","time":"2026-10-05T16:00:53Z"}
{"level":"info","msg":"{\"ev\":\"accepted\",\"id\":\"ee73c35f-9c89-4513-a0c3-626da2fbc50f\",\"t\":1791216054884}","source":"console","time":"2026-10-05T16:00:54Z"}
{"level":"info","msg":"{\"ev\":\"accepted\",\"id\":\"c9252b1b-adb7-4bba-97be-209d3f70e1ed\",\"t\":1791216055802}","source":"console","time":"2026-10-05T16:00:55Z"}
{"level":"info","msg":"{\"ev\":\"accepted\",\"id\":\"27ebe27c-99b8-48b5-a172-fdbad3c49d30\",\"t\":1791216056711}","source":"console","time":"2026-10-05T16:00:56Z"}
{"level":"info","msg":"{\"ev\":\"accepted\",\"id\":\"fb0cd638-62f4-4f48-9680-8ee1cbd7c432\",\"t\":1791216057623}","source":"console","time":"2026-10-05T16:00:57Z"}
{"level":"info","msg":"{\"ev\":\"accepted\",\"id\":\"f181e4a9-9dd2-499a-b817-eaba1cf682c0\",\"t\":1791216058528}","source":"console","time":"2026-10-05T16:00:58Z"}
{"level":"info","msg":"{\"ev\":\"accepted\",\"id\":\"93752caa-f29b-4748-965c-f686e862ebd3\",\"t\":1791216059445}","source":"console","time":"2026-10-05T16:00:59Z"}
{"level":"info","msg":"{\"ev\":\"accepted\",\"id\":\"0f44a281-6b60-419d-9762-5a63be65cb6c\",\"t\":1791216060339}","source":"console","time":"2026-10-05T16:01:00Z"}
{"level":"info","msg":"{\"ev\":\"accepted\",\"id\":\"c007a60c-15c1-4826-b27c-2aad14c97e15\",\"t\":1791216061257}","source":"console","time":"2026-10-05T16:01:01Z"}
{"level":"info","msg":"{\"ev\":\"accepted\",\"id\":\"0fb79aba-3f22-4648-8efc-c09582096d07\",\"t\":1791216062168}","source":"console","time":"2026-10-05T16:01:02Z"}
{"level":"info","msg":"{\"ev\":\"accepted\",\"id\":\"5c5f27a6-53ac-43da-8850-8e181fefc356\",\"t\":1791216063079}","source":"console","time":"2026-10-05T16:01:03Z"}
{"level":"info","msg":"{\"ev\":\"accepted\",\"id\":\"5fd37592-7eb9-4e6f-a0c3-b8b3b81defd4\",\"t\":1791216063975}","source":"console","time":"2026-10-05T16:01:03Z"}
{"level":"info","msg":"{\"ev\":\"accepted\",\"id\":\"c9ff0f5b-9bc9-43b5-a470-a634ace6da55\",\"t\":1791216064890}","source":"console","time":"2026-10-05T16:01:04Z"}
{"level":"info","msg":"{\"ev\":\"accepted\",\"id\":\"48baef1d-8b5b-4272-aa32-f827c8097fde\",\"t\":1791216065800}","source":"console","time":"2026-10-05T16:01:05Z"}
{"level":"info","msg":"{\"ev\":\"accepted\",\"id\":\"feccff78-1a2c-44df-9e77-27fd19ca0da6\",\"t\":1791216066704}","source":"console","time":"2026-10-05T16:01:06Z"}
{"level":"info","msg":"{\"ev\":\"accepted\",\"id\":\"782c888d-d790-4a80-abff-6251f32abca2\",\"t\":1791216067625}","source":"console","time":"2026-10-05T16:01:07Z"}
{"level":"info","msg":"{\"ev\":\"accepted\",\"id\":\"63a932fd-bd8d-4083-a2f4-7c8ed6805a03\",\"t\":1791216068528}","source":"console","time":"2026-10-05T16:01:08Z"}
{"level":"info","msg":"{\"ev\":\"accepted\",\"id\":\"7dda8209-0ad2-49ca-a37e-99846a83aa54\",\"t\":1791216069444}","source":"console","time":"2026-10-05T16:01:09Z"}
{"level":"info","msg":"{\"ev\":\"accepted\",\"id\":\"5f5baf71-9000-4bb9-91e0-1716358a4412\",\"t\":1791216070353}","source":"console","time":"2026-10-05T16:01:10Z"}
{"level":"info","msg":"{\"ev\":\"accepted\",\"id\":\"8707c03e-98c0-4912-8a23-334a41fb0456\",\"t\":1791216071259}","source":"console","time":"2026-10-05T16:01:11Z"}
{"level":"info","msg":"{\"ev\":\"accepted\",\"id\":\"4bb2fcdb-c37c-4715-8f09-393b21649a86\",\"t\":1791216072166}","source":"console","time":"2026-10-05T16:01:12Z"}
{"level":"info","msg":"{\"ev\":\"accepted\",\"id\":\"ff57c4e8-bc25-4075-8a9f-94176be5427c\",\"t\":1791216073077}","source":"console","time":"2026-10-05T16:01:13Z"}
{"level":"info","msg":"{\"ev\":\"accepted\",\"id\":\"00684f35-d601-4ebe-9109-925884bbd921\",\"t\":1791216073990}","source":"console","time":"2026-10-05T16:01:13Z"}
{"level":"info","msg":"{\"ev\":\"accepted\",\"id\":\"9aa35435-8380-4f3d-89d6-f6f87a6c8c13\",\"t\":1791216074884}","source":"console","time":"2026-10-05T16:01:14Z"}
{"level":"info","msg":"{\"ev\":\"accepted\",\"id\":\"eb692a3b-56f7-4153-a991-0d4c08546e40\",\"t\":1791216075804}","source":"console","time":"2026-10-05T16:01:15Z"}
{"level":"info","msg":"{\"ev\":\"accepted\",\"id\":\"48052f21-bdc6-42f5-8a78-9bf3b737f943\",\"t\":1791216076705}","source":"console","time":"2026-10-05T16:01:16Z"}
{"level":"info","msg":"{\"ev\":\"accepted\",\"id\":\"8914a2d0-7752-4481-84e6-449db9514689\",\"t\":1791216077599}","source":"console","time":"2026-10-05T16:01:17Z"}
{"level":"info","msg":"{\"ev\":\"accepted\",\"id\":\"d0698282-df27-460d-b26b-fc70ee0fb7ec\",\"t\":1791216078459}","source":"console","time":"2026-10-05T16:01:18Z"}
{"level":"info","msg":"{\"ev\":\"accepted\",\"id\":\"d71cb9cd-d2c1-43b9-ad9f-839a0a272796\",\"t\":1791216079296}","source":"console","time":"2026-10-05T16:01:19Z"}
{"level":"info","msg":"{\"ev\":\"accepted\",\"id\":\"f03d308e-a98e-4b0a-b5fa-a6faff38ffbb\",\"t\":1791216080106}","source":"console","time":"2026-10-05T16:01:20Z"}
{"level":"info","msg":"{\"ev\":\"accepted\",\"id\":\"28ff12b1-8e4f-4e03-b60b-475932c5649b\",\"t\":1791216080903}","source":"console","time":"2026-10-05T16:01:20Z"}
{"level":"info","msg":"{\"ev\":\"accepted\",\"id\":\"4ae87fdd-4d80-4e62-8616-187b1b70adf2\",\"t\":1791216081684}","source":"console","time":"2026-10-05T16:01:21Z"}
{"level":"info","msg":"{\"ev\":\"accepted\",\"id\":\"9c9d2095-a7c2-4491-aa7a-1c2f9fbb222b\",\"t\":1791216082442}","source":"console","time":"2026-10-05T16:01:22Z"}
{"level":"info","msg":"{\"ev\":\"accepted\",\"id\":\"b9b038f2-7fb0-4761-a803-00bdbbb9d179\",\"t\":1791216083211}","source":"console","time":"2026-10-05T16:01:23Z"}
{"level":"info","msg":"{\"ev\":\"accepted\",\"id\":\"6f8fc52f-4157-4818-ace7-c9f5f88f00c1\",\"t\":1791216083991}","source":"console","time":"2026-10-05T16:01:23Z"}
{"level":"info","msg":"{\"ev\":\"accepted\",\"id\":\"ba954d0c-714c-4a18-a30f-76542416f0c4\",\"t\":1791216084744}","source":"console","time":"2026-10-05T16:01:24Z"}
{"level":"info","msg":"{\"ev\":\"accepted\",\"id\":\"c989e889-b240-4a54-ab50-d320e16fd684\",\"t\":1791216085520}","source":"console","time":"2026-10-05T16:01:25Z"}
{"level":"info","msg":"{\"ev\":\"accepted\",\"id\":\"2f74e68f-57bb-42d7-a2de-20744c8bf27a\",\"t\":1791216086284}","source":"console","time":"2026-10-05T16:01:26Z"}
{"level":"info","msg":"{\"ev\":\"accepted\",\"id\":\"b97e1cf7-8faa-4a9e-9b2b-1425746411e3\",\"t\":1791216087056}","source":"console","time":"2026-10-05T16:01:27Z"}
{"level":"info","msg":"{\"ev\":\"accepted\",\"id\":\"aea512a3-91d1-41ad-87a9-6a77f80c5808\",\"t\":1791216087827}","source":"console","time":"2026-10-05T16:01:27Z"}
{"level":"info","msg":"{\"ev\":\"accepted\",\"id\":\"b24c039c-48db-475b-a9ac-7e80d8f308bf\",\"t\":1791216088594}","source":"console","time":"2026-10-05T16:01:28Z"}
{"level":"info","msg":"{\"ev\":\"accepted\",\"id\":\"dd1e4d4f-5fed-4b25-b8a5-8491396975bb\",\"t\":1791216089367}","source":"console","time":"2026-10-05T16:01:29Z"}
{"level":"info","msg":"{\"ev\":\"accepted\",\"id\":\"3656b7ef-2b2a-44d2-a394-cbebd90dde83\",\"t\":1791216090136}","source":"console","time":"2026-10-05T16:01:30Z"}
{"level":"info","msg":"{\"ev\":\"accepted\",\"id\":\"dfb5e0ff-17e8-4921-b245-1e416a21e135\",\"t\":1791216090904}","source":"console","time":"2026-10-05T16:01:30Z"}
{"level":"info","msg":"{\"ev\":\"accepted\",\"id\":\"a6e6fcdf-81ea-4105-a5ec-2e3c7e8fcbdd\",\"t\":1791216091680}","source":"console","time":"2026-10-05T16:01:31Z"}
{"level":"info","msg":"{\"ev\":\"accepted\",\"id\":\"3417a0d2-06ac-4b58-9ac3-7387787eaf1d\",\"t\":1791216092442}","source":"console","time":"2026-10-05T16:01:32Z"}
{"level":"info","msg":"{\"ev\":\"accepted\",\"id\":\"039ff1f5-cdb3-45fd-b421-e9f6f824fa54\",\"t\":1791216093213}","source":"console","time":"2026-10-05T16:01:33Z"}
{"level":"info","msg":"{\"ev\":\"accepted\",\"id\":\"a347e73f-debb-4138-bfaa-8fdf594d06f5\",\"t\":1791216093980}","source":"console","time":"2026-10-05T16:01:33Z"}
{"level":"info","msg":"{\"ev\":\"accepted\",\"id\":\"8240b103-b4cc-4330-a15b-86365b7c2503\",\"t\":1791216094744}","source":"console","time":"2026-10-05T16:01:34Z"}
{"level":"info","msg":"{\"ev\":\"accepted\",\"id\":\"2e46bd6d-d4ca-43bb-8e4b-638211e5e579\",\"t\":1791216095520}","source":"console","time":"2026-10-05T16:01:35Z"}
{"level":"info","msg":"{\"ev\":\"accepted\",\"id\":\"627add37-643c-4097-a834-5dd341c4bd5e\",\"t\":1791216096293}","source":"console","time":"2026-10-05T16:01:36Z"}
{"level":"info","msg":"{\"ev\":\"accepted\",\"id\":\"0368fdf2-6e77-4b9f-ab8b-850559945f97\",\"t\":1791216097072}","source":"console","time":"2026-10-05T16:01:37Z"}
{"level":"info","msg":"{\"ev\":\"accepted\",\"id\":\"962bcc35-8b2c-4607-9d9f-6267ff59abf1\",\"t\":1791216097837}","source":"console","time":"2026-10-05T16:01:37Z"}
{"level":"info","msg":"{\"ev\":\"accepted\",\"id\":\"ac327f03-fd2f-4e67-be84-c05f455e05d2\",\"t\":1791216098592}","source":"console","time":"2026-10-05T16:01:38Z"}
{"level":"info","msg":"{\"ev\":\"accepted\",\"id\":\"ee762796-68d3-4adc-aef1-266026b8b2c6\",\"t\":1791216099366}","source":"console","time":"2026-10-05T16:01:39Z"}
{"level":"info","msg":"{\"ev\":\"accepted\",\"id\":\"9ece3835-bc32-4ab0-844e-ceb0d56d545a\",\"t\":1791216100134}","source":"console","time":"2026-10-05T16:01:40Z"}
{"level":"info","msg":"{\"ev\":\"accepted\",\"id\":\"d3b1d25a-efdf-45f7-bf86-ab79823e425b\",\"t\":1791216100905}","source":"console","time":"2026-10-05T16:01:40Z"}
{"level":"info","msg":"{\"ev\":\"accepted\",\"id\":\"49713b3c-3f2d-4424-944c-a5f868655fa9\",\"t\":1791216101669}","source":"console","time":"2026-10-05T16:01:41Z"}
{"level":"info","msg":"{\"ev\":\"accepted\",\"id\":\"ba0c1859-b1ae-4ab9-b7e3-71d13a97b985\",\"t\":1791216102446}","source":"console","time":"2026-10-05T16:01:42Z"}
{"level":"info","msg":"{\"ev\":\"accepted\",\"id\":\"fb412e93-f0a0-43b5-b5c0-cfd3cd2d37a7\",\"t\":1791216103212}","source":"console","time":"2026-10-05T16:01:43Z"}
{"level":"info","msg":"{\"ev\":\"accepted\",\"id\":\"4508722a-f294-4f2c-a015-62dd29503a67\",\"t\":1791216103989}","source":"console","time":"2026-10-05T16:01:43Z"}
{"level":"info","msg":"{\"ev\":\"accepted\",\"id\":\"7a94ba3e-378a-412b-a196-02878d446b12\",\"t\":1791216104748}","source":"console","time":"2026-10-05T16:01:44Z"}
{"level":"info","msg":"{\"ev\":\"accepted\",\"id\":\"2d8b7def-2abc-4d16-a25e-5c4ab426fec5\",\"t\":1791216105520}","source":"console","time":"2026-10-05T16:01:45Z"}
{"level":"info","msg":"{\"ev\":\"accepted\",\"id\":\"bcb95364-7ff2-47b6-9254-374f947c5605\",\"t\":1791216106292}","source":"console","time":"2026-10-05T16:01:46Z"}
{"level":"info","msg":"{\"ev\":\"accepted\",\"id\":\"92f7afd3-37b2-4c6f-abef-ae0507df335a\",\"t\":1791216107067}","source":"console","time":"2026-10-05T16:01:47Z"}
{"level":"info","msg":"{\"ev\":\"accepted\",\"id\":\"dcec7f39-3b8a-4c5d-ba95-79bad910a68e\",\"t\":1791216107833}","source":"console","time":"2026-10-05T16:01:47Z"}
{"level":"info","msg":"{\"ev\":\"accepted\",\"id\":\"4e145b8f-be79-44ef-888f-569fc91b158e\",\"t\":1791216108602}","source":"console","time":"2026-10-05T16:01:48Z"}
{"level":"info","msg":"{\"ev\":\"accepted\",\"id\":\"281980f1-57d2-4105-a1c8-313654d157c4\",\"t\":1791216109374}","source":"console","time":"2026-10-05T16:01:49Z"}
{"level":"info","msg":"{\"ev\":\"accepted\",\"id\":\"ea137e5b-2981-4514-bf01-06a262ec9926\",\"t\":1791216110135}","source":"console","time":"2026-10-05T16:01:50Z"}
{"level":"info","msg":"{\"ev\":\"accepted\",\"id\":\"7cfbe3d5-c1ca-4cb4-bf3a-826d7a0228bd\",\"t\":1791216110906}","source":"console","time":"2026-10-05T16:01:50Z"}
{"level":"info","msg":"{\"ev\":\"accepted\",\"id\":\"a969b75d-ce52-4d3d-b82f-dd3f917f5269\",\"t\":1791216111677}","source":"console","time":"2026-10-05T16:01:51Z"}
{"level":"info","msg":"{\"ev\":\"accepted\",\"id\":\"efba4d6d-7ba1-467a-b79f-2214a4a8186a\",\"t\":1791216112443}","source":"console","time":"2026-10-05T16:01:52Z"}
{"level":"info","msg":"{\"ev\":\"accepted\",\"id\":\"e699620b-6a97-4fea-9cae-82c29a04c208\",\"t\":1791216113221}","source":"console","time":"2026-10-05T16:01:53Z"}
{"level":"info","msg":"{\"ev\":\"accepted\",\"id\":\"6facca8b-2863-416b-8006-65b1baf34191\",\"t\":1791216113987}","source":"console","time":"2026-10-05T16:01:53Z"}
{"level":"info","msg":"{\"ev\":\"accepted\",\"id\":\"68c85dd8-7ee6-4a21-bfea-2e55ddb6ebb0\",\"t\":1791216114751}","source":"console","time":"2026-10-05T16:01:54Z"}
{"level":"info","msg":"{\"ev\":\"accepted\",\"id\":\"27871923-3a56-41fe-9749-ac9cc6aed058\",\"t\":1791216115535}","source":"console","time":"2026-10-05T16:01:55Z"}
{"level":"info","msg":"{\"ev\":\"accepted\",\"id\":\"71cb97c1-5520-4484-b692-7cf569480d2c\",\"t\":1791216116293}","source":"console","time":"2026-10-05T16:01:56Z"}
{"level":"info","msg":"{\"ev\":\"accepted\",\"id\":\"85e48d09-52ba-414b-b8ba-3a5c9f6a9e27\",\"t\":1791216117060}","source":"console","time":"2026-10-05T16:01:57Z"}
{"level":"info","msg":"{\"ev\":\"accepted\",\"id\":\"09444888-7398-4864-9bca-36d85c747a67\",\"t\":1791216117827}","source":"console","time":"2026-10-05T16:01:57Z"}
{"level":"info","msg":"{\"ev\":\"accepted\",\"id\":\"c0851c1d-049a-424f-8d38-adb9f6208bf9\",\"t\":1791216118599}","source":"console","time":"2026-10-05T16:01:58Z"}
{"level":"info","msg":"{\"ev\":\"accepted\",\"id\":\"cf1953af-ffad-4fae-af28-fb88ce75a16a\",\"t\":1791216119370}","source":"console","time":"2026-10-05T16:01:59Z"}
{"level":"info","msg":"{\"ev\":\"accepted\",\"id\":\"f3e011b3-8685-4131-a42c-bcb910685bc9\",\"t\":1791216120134}","source":"console","time":"2026-10-05T16:02:00Z"}
{"level":"info","msg":"{\"ev\":\"accepted\",\"id\":\"2d67921a-1124-430a-b842-aa2ec198552c\",\"t\":1791216120899}","source":"console","time":"2026-10-05T16:02:00Z"}
{"level":"info","msg":"{\"ev\":\"accepted\",\"id\":\"d8a46530-0656-4aa4-927a-51b37eeb20cb\",\"t\":1791216121673}","source":"console","time":"2026-10-05T16:02:01Z"}
{"level":"info","msg":"{\"ev\":\"accepted\",\"id\":\"9723f8a8-2db5-40c8-935d-0aca5fdacbfa\",\"t\":1791216122451}","source":"console","time":"2026-10-05T16:02:02Z"}
{"level":"info","msg":"{\"ev\":\"accepted\",\"id\":\"74e6b662-61c7-4146-a1b9-8f3d038e1a83\",\"t\":1791216123219}","source":"console","time":"2026-10-05T16:02:03Z"}
{"level":"info","msg":"{\"ev\":\"accepted\",\"id\":\"509e2c80-790d-4bca-825e-ccc1ac6dcd50\",\"t\":1791216123990}","source":"console","time":"2026-10-05T16:02:03Z"}
{"level":"info","msg":"{\"ev\":\"accepted\",\"id\":\"87cac690-d7e2-49d2-8434-359a7dd34456\",\"t\":1791216124751}","source":"console","time":"2026-10-05T16:02:04Z"}
{"level":"info","msg":"{\"ev\":\"accepted\",\"id\":\"60c8f1cb-8b31-4615-bc87-ace4784963dc\",\"t\":1791216125520}","source":"console","time":"2026-10-05T16:02:05Z"}
{"level":"info","msg":"{\"ev\":\"accepted\",\"id\":\"3fa51d09-e945-42e6-b059-ed58866ff70a\",\"t\":1791216126284}","source":"console","time":"2026-10-05T16:02:06Z"}
{"level":"info","msg":"{\"ev\":\"accepted\",\"id\":\"e7ba2b0d-95d6-4731-98c3-97635d902d7e\",\"t\":1791216127057}","source":"console","time":"2026-10-05T16:02:07Z"}
{"level":"info","msg":"{\"ev\":\"accepted\",\"id\":\"edb47220-1a33-42e6-83eb-0301226351ca\",\"t\":1791216127821}","source":"console","time":"2026-10-05T16:02:07Z"}
{"level":"info","msg":"{\"ev\":\"accepted\",\"id\":\"78ae69bc-3970-4980-899c-9c4310f7bcf7\",\"t\":1791216128591}","source":"console","time":"2026-10-05T16:02:08Z"}
{"level":"info","msg":"{\"ev\":\"accepted\",\"id\":\"2cac8cbb-ea2b-4205-8dc1-693ff961625f\",\"t\":1791216129372}","source":"console","time":"2026-10-05T16:02:09Z"}
{"level":"info","msg":"{\"ev\":\"accepted\",\"id\":\"e168361d-071f-4d56-bd3d-b01dc834f58a\",\"t\":1791216130143}","source":"console","time":"2026-10-05T16:02:10Z"}
{"level":"info","msg":"{\"ev\":\"accepted\",\"id\":\"50342759-10c4-4b48-91d7-ce6c38b868f3\",\"t\":1791216130909}","source":"console","time":"2026-10-05T16:02:10Z"}
{"level":"info","msg":"{\"ev\":\"accepted\",\"id\":\"5aa83929-8aa7-4ecd-af55-63e072af1232\",\"t\":1791216131669}","source":"console","time":"2026-10-05T16:02:11Z"}
{"level":"info","msg":"{\"ev\":\"accepted\",\"id\":\"01a7c44a-1e9a-4cdb-af4b-a70d31301023\",\"t\":1791216132443}","source":"console","time":"2026-10-05T16:02:12Z"}
{"level":"info","msg":"{\"ev\":\"accepted\",\"id\":\"65dc8e3c-0c18-48d6-b7a2-69355bac8b83\",\"t\":1791216133211}","source":"console","time":"2026-10-05T16:02:13Z"}
{"level":"info","msg":"{\"ev\":\"accepted\",\"id\":\"97bea2ea-f5f6-46ba-9055-b53f04b5c2c8\",\"t\":1791216133981}","source":"console","time":"2026-10-05T16:02:13Z"}
{"level":"info","msg":"{\"ev\":\"accepted\",\"id\":\"69359b3e-7e32-4dd8-8472-da32fb732800\",\"t\":1791216134748}","source":"console","time":"2026-10-05T16:02:14Z"}
{"level":"info","msg":"{\"ev\":\"accepted\",\"id\":\"2983041f-d669-4e9a-bce6-7b076a6ee0e2\",\"t\":1791216135520}","source":"console","time":"2026-10-05T16:02:15Z"}
{"level":"info","msg":"{\"ev\":\"accepted\",\"id\":\"fce71023-d61f-47aa-82f2-4452bc24eee1\",\"t\":1791216136289}","source":"console","time":"2026-10-05T16:02:16Z"}
{"level":"info","msg":"{\"ev\":\"accepted\",\"id\":\"340ece21-3cce-4b03-b0fe-89862bf410d8\",\"t\":1791216137053}","source":"console","time":"2026-10-05T16:02:17Z"}
{"level":"info","msg":"{\"ev\":\"accepted\",\"id\":\"eb06455a-82ef-4ba2-99f0-6f0a49dc1a8e\",\"t\":1791216137836}","source":"console","time":"2026-10-05T16:02:17Z"}
{"level":"info","msg":"{\"ev\":\"accepted\",\"id\":\"9c539771-04cd-4f19-a6a8-9bdb681331fc\",\"t\":1791216138598}","source":"console","time":"2026-10-05T16:02:18Z"}
{"level":"info","msg":"{\"ev\":\"accepted\",\"id\":\"b1f126db-7eb3-4680-83ed-497cb2ca080d\",\"t\":1791216139375}","source":"console","time":"2026-10-05T16:02:19Z"}
{"level":"info","msg":"{\"ev\":\"accepted\",\"id\":\"2cc987e2-6c75-4557-8227-6bdbd0fbeab5\",\"t\":1791216140143}","source":"console","time":"2026-10-05T16:02:20Z"}
{"level":"info","msg":"{\"ev\":\"accepted\",\"id\":\"53434145-164e-401a-b775-afca13fd3b18\",\"t\":1791216140904}","source":"console","time":"2026-10-05T16:02:20Z"}
{"level":"info","msg":"{\"ev\":\"accepted\",\"id\":\"62e5c474-8fdc-4fa7-98d0-f7a14941d12e\",\"t\":1791216141678}","source":"console","time":"2026-10-05T16:02:21Z"}
{"level":"info","msg":"{\"ev\":\"accepted\",\"id\":\"8ac24b7f-2d9f-440b-884e-473c33fb3f58\",\"t\":1791216142452}","source":"console","time":"2026-10-05T16:02:22Z"}
{"level":"info","msg":"{\"ev\":\"accepted\",\"id\":\"a7a5554d-8a8d-4649-afec-c2e7826d06cd\",\"t\":1791216143206}","source":"console","time":"2026-10-05T16:02:23Z"}
{"level":"info","msg":"{\"ev\":\"accepted\",\"id\":\"2bc703d4-49e3-47ec-bed9-23053f1855a0\",\"t\":1791216143982}","source":"console","time":"2026-10-05T16:02:23Z"}
{"level":"info","msg":"{\"ev\":\"accepted\",\"id\":\"1d06ab09-8975-4da4-a878-b680c5f14670\",\"t\":1791216144745}","source":"console","time":"2026-10-05T16:02:24Z"}
{"level":"info","msg":"{\"ev\":\"accepted\",\"id\":\"e3ed05ad-8e46-47ee-8504-5d02f8a66743\",\"t\":1791216145515}","source":"console","time":"2026-10-05T16:02:25Z"}
{"level":"info","msg":"{\"ev\":\"accepted\",\"id\":\"ef13f240-c3cf-4583-96b3-48e87907cdd6\",\"t\":1791216146291}","source":"console","time":"2026-10-05T16:02:26Z"}
{"level":"info","msg":"{\"ev\":\"accepted\",\"id\":\"6b702c3a-e8e1-45fb-a03a-82fa128039d5\",\"t\":1791216147059}","source":"console","time":"2026-10-05T16:02:27Z"}
{"level":"info","msg":"{\"ev\":\"accepted\",\"id\":\"c9091dc2-c509-40ff-b778-06cfbca51725\",\"t\":1791216147831}","source":"console","time":"2026-10-05T16:02:27Z"}
{"level":"info","msg":"{\"ev\":\"accepted\",\"id\":\"39222e53-c765-4098-be23-9103ce752ae6\",\"t\":1791216148601}","source":"console","time":"2026-10-05T16:02:28Z"}
{"level":"info","msg":"{\"ev\":\"accepted\",\"id\":\"021fe9a2-8707-4cd9-b169-1bcef8d7388b\",\"t\":1791216149367}","source":"console","time":"2026-10-05T16:02:29Z"}
{"level":"info","msg":"{\"ev\":\"accepted\",\"id\":\"fd77c137-b935-4f93-9cbb-2b97001b7c88\",\"t\":1791216150142}","source":"console","time":"2026-10-05T16:02:30Z"}
{"level":"info","msg":"{\"ev\":\"accepted\",\"id\":\"295df0d8-4250-45bf-8d2e-8fe1c0e694d3\",\"t\":1791216150909}","source":"console","time":"2026-10-05T16:02:30Z"}
{"level":"info","msg":"{\"ev\":\"accepted\",\"id\":\"f55133d8-888e-496f-a82e-0a3cdec1d458\",\"t\":1791216151674}","source":"console","time":"2026-10-05T16:02:31Z"}
{"level":"info","msg":"{\"ev\":\"accepted\",\"id\":\"a89e04c4-9cd4-47f6-b8a7-13eb4755727c\",\"t\":1791216152454}","source":"console","time":"2026-10-05T16:02:32Z"}
{"level":"info","msg":"{\"ev\":\"accepted\",\"id\":\"49546aef-7003-429f-b242-dd6c0ab3c65c\",\"t\":1791216153217}","source":"console","time":"2026-10-05T16:02:33Z"}
{"level":"info","msg":"{\"ev\":\"accepted\",\"id\":\"1bf9f95b-9b3a-4b45-8e0a-1d7a645b0c4b\",\"t\":1791216153986}","source":"console","time":"2026-10-05T16:02:33Z"}
{"level":"info","msg":"{\"ev\":\"accepted\",\"id\":\"4989b25e-cfa2-4bff-b382-b1fb80afed00\",\"t\":1791216154746}","source":"console","time":"2026-10-05T16:02:34Z"}
{"level":"info","msg":"{\"ev\":\"accepted\",\"id\":\"13dd0cde-90ed-4a42-a307-3d49384723d2\",\"t\":1791216155516}","source":"console","time":"2026-10-05T16:02:35Z"}
{"level":"info","msg":"{\"ev\":\"accepted\",\"id\":\"07131726-37b0-48bb-b26b-041703eff419\",\"t\":1791216156291}","source":"console","time":"2026-10-05T16:02:36Z"}
{"level":"info","msg":"{\"ev\":\"accepted\",\"id\":\"93c01681-6dce-4c34-b631-6f9882c59f68\",\"t\":1791216157058}","source":"console","time":"2026-10-05T16:02:37Z"}
{"level":"info","msg":"{\"ev\":\"accepted\",\"id\":\"71189397-c753-4073-a635-8b0362b5423b\",\"t\":1791216157830}","source":"console","time":"2026-10-05T16:02:37Z"}
{"level":"info","msg":"{\"ev\":\"accepted\",\"id\":\"04a7eb1f-ff28-4f51-8637-7aee65c8134c\",\"t\":1791216158595}","source":"console","time":"2026-10-05T16:02:38Z"}
{"level":"info","msg":"{\"ev\":\"accepted\",\"id\":\"59952ac6-76fe-48a3-8530-de93a55f481a\",\"t\":1791216159368}","source":"console","time":"2026-10-05T16:02:39Z"}
{"level":"info","msg":"{\"ev\":\"accepted\",\"id\":\"4a17eea5-eda0-42d8-a77b-3ffd07ce6722\",\"t\":1791216160139}","source":"console","time":"2026-10-05T16:02:40Z"}
{"level":"info","msg":"{\"ev\":\"accepted\",\"id\":\"69525ee5-d8ef-4852-aeae-938a44a87879\",\"t\":1791216160909}","source":"console","time":"2026-10-05T16:02:40Z"}
{"level":"info","msg":"{\"ev\":\"accepted\",\"id\":\"e48e2400-6031-4c7c-86fc-5021e3211d5e\",\"t\":1791216161674}","source":"console","time":"2026-10-05T16:02:41Z"}
{"level":"info","msg":"{\"ev\":\"accepted\",\"id\":\"848c897d-cdbd-47e5-9eec-23b4c34484d4\",\"t\":1791216162451}","source":"console","time":"2026-10-05T16:02:42Z"}
{"level":"info","msg":"{\"ev\":\"accepted\",\"id\":\"6ecee425-5bfe-466e-98cd-07b8ad1e36f8\",\"t\":1791216163220}","source":"console","time":"2026-10-05T16:02:43Z"}
{"level":"info","msg":"{\"ev\":\"accepted\",\"id\":\"5b130de4-8960-4c7f-b79c-59e1608bb5fb\",\"t\":1791216163989}","source":"console","time":"2026-10-05T16:02:43Z"}
{"level":"info","msg":"{\"ev\":\"accepted\",\"id\":\"0614d3bd-e150-45ce-b3b1-6c53c02d8204\",\"t\":1791216164746}","source":"console","time":"2026-10-05T16:02:44Z"}
{"level":"info","msg":"{\"ev\":\"accepted\",\"id\":\"cb80b27d-608a-4be6-8b1f-022d41ee3cda\",\"t\":1791216165519}","source":"console","time":"2026-10-05T16:02:45Z"}
{"level":"info","msg":"{\"ev\":\"accepted\",\"id\":\"db969405-2028-498c-9a91-c3fbfbd81e86\",\"t\":1791216166285}","source":"console","time":"2026-10-05T16:02:46Z"}
{"level":"info","msg":"{\"ev\":\"accepted\",\"id\":\"1840e253-83c6-494b-9466-c54b29bc9838\",\"t\":1791216167058}","source":"console","time":"2026-10-05T16:02:47Z"}
{"level":"info","msg":"{\"ev\":\"accepted\",\"id\":\"21d7785c-a36a-4ce3-b431-2a273efc94d3\",\"t\":1791216167824}","source":"console","time":"2026-10-05T16:02:47Z"}
{"level":"info","msg":"{\"ev\":\"accepted\",\"id\":\"d987949e-af15-48c5-807a-2a91761a3ec1\",\"t\":1791216168595}","source":"console","time":"2026-10-05T16:02:48Z"}
{"level":"info","msg":"{\"ev\":\"accepted\",\"id\":\"4cd45994-3e50-44ff-9827-b312e9958369\",\"t\":1791216169364}","source":"console","time":"2026-10-05T16:02:49Z"}
{"level":"info","msg":"{\"ev\":\"accepted\",\"id\":\"4841256f-d806-4c13-a44b-3d6aa8a6c962\",\"t\":1791216170138}","source":"console","time":"2026-10-05T16:02:50Z"}
{"level":"info","msg":"{\"ev\":\"accepted\",\"id\":\"469391b6-d7b0-4689-b50f-251aa821da06\",\"t\":1791216170912}","source":"console","time":"2026-10-05T16:02:50Z"}
{"level":"info","msg":"{\"ev\":\"accepted\",\"id\":\"1de99d2b-e607-4dcc-9aae-309450a0b04e\",\"t\":1791216171675}","source":"console","time":"2026-10-05T16:02:51Z"}
{"level":"info","msg":"{\"ev\":\"accepted\",\"id\":\"3ca0d3a6-6cfa-45df-a3c5-c241f45162d5\",\"t\":1791216172446}","source":"console","time":"2026-10-05T16:02:52Z"}
{"level":"info","msg":"{\"ev\":\"accepted\",\"id\":\"e93498a6-b706-4c3b-a07f-9a313e931f48\",\"t\":1791216173205}","source":"console","time":"2026-10-05T16:02:53Z"}
{"level":"info","msg":"{\"ev\":\"accepted\",\"id\":\"66440bd9-adbd-4d74-a99a-3ff57442880a\",\"t\":1791216173975}","source":"console","time":"2026-10-05T16:02:53Z"}
{"level":"info","msg":"{\"ev\":\"accepted\",\"id\":\"a90a3ddb-499e-41a8-b1db-2d950a2ab9b0\",\"t\":1791216174838}","source":"console","time":"2026-10-05T16:02:54Z"}
{"level":"info","msg":"{\"ev\":\"accepted\",\"id\":\"8dfe087b-f8ec-4c68-9586-4c59d2026d39\",\"t\":1791216175593}","source":"console","time":"2026-10-05T16:02:55Z"}
{"level":"info","msg":"{\"ev\":\"accepted\",\"id\":\"3ca54963-bfe7-4584-968f-b9c5fccc1ce2\",\"t\":1791216176359}","source":"console","time":"2026-10-05T16:02:56Z"}
{"level":"info","msg":"{\"ev\":\"accepted\",\"id\":\"c6f43bfe-534b-4de0-9ac2-b1bcd99cfd06\",\"t\":1791216177152}","source":"console","time":"2026-10-05T16:02:57Z"}
{"level":"info","msg":"{\"ev\":\"accepted\",\"id\":\"bc92903b-e72c-4118-bfba-17c0c9e92df8\",\"t\":1791216177906}","source":"console","time":"2026-10-05T16:02:57Z"}
{"level":"info","msg":"{\"ev\":\"accepted\",\"id\":\"ecd40298-4bad-4fd4-9771-481cc7c8274e\",\"t\":1791216178667}","source":"console","time":"2026-10-05T16:02:58Z"}
{"level":"info","msg":"{\"ev\":\"accepted\",\"id\":\"b49c2ec2-88c4-4a34-91aa-77d20c21220e\",\"t\":1791216179432}","source":"console","time":"2026-10-05T16:02:59Z"}
{"level":"info","msg":"{\"ev\":\"accepted\",\"id\":\"6e61288f-e432-4669-8d18-992ea42fa569\",\"t\":1791216180211}","source":"console","time":"2026-10-05T16:03:00Z"}
{"level":"info","msg":"{\"ev\":\"accepted\",\"id\":\"ddee02b1-53aa-45b2-9438-786a316930b1\",\"t\":1791216180973}","source":"console","time":"2026-10-05T16:03:00Z"}
{"level":"info","msg":"{\"ev\":\"accepted\",\"id\":\"37b6c94b-0f74-4912-a92c-1ae9c4a6cc8b\",\"t\":1791216181746}","source":"console","time":"2026-10-05T16:03:01Z"}
{"level":"info","msg":"{\"ev\":\"accepted\",\"id\":\"d04116a1-e969-4195-8f7b-94f1a6350ec4\",\"t\":1791216182520}","source":"console","time":"2026-10-05T16:03:02Z"}
{"level":"info","msg":"{\"ev\":\"accepted\",\"id\":\"b855b4ec-4183-4a52-bab0-73caa5c70dd0\",\"t\":1791216183299}","source":"console","time":"2026-10-05T16:03:03Z"}
{"level":"info","msg":"{\"ev\":\"accepted\",\"id\":\"f8551fd9-0672-4007-860a-7285f26570e6\",\"t\":1791216184053}","source":"console","time":"2026-10-05T16:03:04Z"}
{"level":"info","msg":"{\"ev\":\"accepted\",\"id\":\"66eab17a-294c-4c92-9f6a-085a047dd226\",\"t\":1791216184827}","source":"console","time":"2026-10-05T16:03:04Z"}
{"level":"info","msg":"{\"ev\":\"accepted\",\"id\":\"ef9848b6-fc56-40ed-9e32-4afa7d1b7964\",\"t\":1791216185601}","source":"console","time":"2026-10-05T16:03:05Z"}
{"level":"info","msg":"{\"ev\":\"accepted\",\"id\":\"5d60772c-38d0-4a40-bec8-9b958a6f4926\",\"t\":1791216186363}","source":"console","time":"2026-10-05T16:03:06Z"}
{"level":"info","msg":"{\"ev\":\"accepted\",\"id\":\"ab315773-e821-4d1e-899e-961a9216b77f\",\"t\":1791216187141}","source":"console","time":"2026-10-05T16:03:07Z"}
{"level":"info","msg":"{\"ev\":\"accepted\",\"id\":\"f3100ab8-9776-444c-b728-02076a34cb85\",\"t\":1791216187908}","source":"console","time":"2026-10-05T16:03:07Z"}
{"level":"info","msg":"{\"ev\":\"accepted\",\"id\":\"1c5bfecb-7cbe-4c98-8244-c563096e4627\",\"t\":1791216188706}","source":"console","time":"2026-10-05T16:03:08Z"}
{"level":"info","msg":"{\"ev\":\"accepted\",\"id\":\"0027a0c5-ba26-4818-8067-c2f75cb6037c\",\"t\":1791216189445}","source":"console","time":"2026-10-05T16:03:09Z"}
{"level":"info","msg":"{\"ev\":\"accepted\",\"id\":\"71617208-5424-4e2c-8886-63129c857153\",\"t\":1791216190226}","source":"console","time":"2026-10-05T16:03:10Z"}
{"level":"info","msg":"{\"ev\":\"accepted\",\"id\":\"460d23df-2751-4821-a27a-684a286b473b\",\"t\":1791216190983}","source":"console","time":"2026-10-05T16:03:10Z"}
{"level":"info","msg":"{\"ev\":\"accepted\",\"id\":\"107ed1d9-0eca-4e31-adca-d3a8715913eb\",\"t\":1791216191763}","source":"console","time":"2026-10-05T16:03:11Z"}
{"level":"info","msg":"{\"ev\":\"accepted\",\"id\":\"e5b66920-5ccc-4dc1-8d45-5a6a22d6c4a6\",\"t\":1791216192515}","source":"console","time":"2026-10-05T16:03:12Z"}
{"level":"info","msg":"{\"ev\":\"accepted\",\"id\":\"d34191eb-2996-4cd5-94b9-2255151af0a2\",\"t\":1791216193276}","source":"console","time":"2026-10-05T16:03:13Z"}
{"level":"info","msg":"{\"ev\":\"accepted\",\"id\":\"be356e07-adf2-47a3-9005-c5ed85f8320e\",\"t\":1791216194060}","source":"console","time":"2026-10-05T16:03:14Z"}
{"level":"info","msg":"{\"ev\":\"accepted\",\"id\":\"b441073a-5b87-470a-ad93-d111658f136b\",\"t\":1791216194837}","source":"console","time":"2026-10-05T16:03:14Z"}
{"level":"info","msg":"{\"ev\":\"accepted\",\"id\":\"d1eeff60-5ffa-4b66-92e4-a32b79048927\",\"t\":1791216195602}","source":"console","time":"2026-10-05T16:03:15Z"}
{"level":"info","msg":"{\"ev\":\"accepted\",\"id\":\"d58d0c31-69e8-4ab3-8796-69af74f040e7\",\"t\":1791216196406}","source":"console","time":"2026-10-05T16:03:16Z"}
{"level":"info","msg":"{\"ev\":\"accepted\",\"id\":\"ae036be2-e772-4656-8dfa-fa63fba7e1f5\",\"t\":1791216197139}","source":"console","time":"2026-10-05T16:03:17Z"}
{"level":"info","msg":"{\"ev\":\"accepted\",\"id\":\"fc047368-be06-4716-bd05-9399de683ebc\",\"t\":1791216197931}","source":"console","time":"2026-10-05T16:03:17Z"}
{"level":"info","msg":"{\"ev\":\"accepted\",\"id\":\"0ad4c69a-439a-4d0e-aa2f-01e55d2f2b96\",\"t\":1791216198676}","source":"console","time":"2026-10-05T16:03:18Z"}
{"level":"info","msg":"{\"ev\":\"accepted\",\"id\":\"daa4b2ca-c898-4a8d-a77e-3ff726996494\",\"t\":1791216199478}","source":"console","time":"2026-10-05T16:03:19Z"}
{"level":"info","msg":"{\"ev\":\"accepted\",\"id\":\"5e91bff0-d5ef-4754-ab68-2a9b368a106f\",\"t\":1791216200250}","source":"console","time":"2026-10-05T16:03:20Z"}
{"level":"info","msg":"{\"ev\":\"accepted\",\"id\":\"3a0758a4-1fd3-4d36-9592-c6163cc9e205\",\"t\":1791216201013}","source":"console","time":"2026-10-05T16:03:21Z"}
{"level":"info","msg":"{\"ev\":\"accepted\",\"id\":\"5443824a-2bdc-435e-b5c1-365494241d18\",\"t\":1791216201755}","source":"console","time":"2026-10-05T16:03:21Z"}
{"level":"info","msg":"{\"ev\":\"accepted\",\"id\":\"338f9b4e-e831-47c3-a385-609a685831b4\",\"t\":1791216202563}","source":"console","time":"2026-10-05T16:03:22Z"}
{"level":"info","msg":"{\"ev\":\"accepted\",\"id\":\"9d2ad9cf-b0b2-4fd3-87a3-25b8fe58d032\",\"t\":1791216203290}","source":"console","time":"2026-10-05T16:03:23Z"}
{"level":"info","msg":"{\"ev\":\"accepted\",\"id\":\"39f5768c-8a09-4c93-8933-a0be763a251b\",\"t\":1791216204076}","source":"console","time":"2026-10-05T16:03:24Z"}
{"level":"info","msg":"{\"ev\":\"accepted\",\"id\":\"66ab6507-2231-4875-abdd-132321606879\",\"t\":1791216204824}","source":"console","time":"2026-10-05T16:03:24Z"}
{"level":"info","msg":"{\"ev\":\"accepted\",\"id\":\"0ed7e468-9786-4fa9-b097-5bbb7385b20e\",\"t\":1791216205631}","source":"console","time":"2026-10-05T16:03:25Z"}
{"level":"info","msg":"{\"ev\":\"accepted\",\"id\":\"bdd7863c-8d0b-41eb-9609-1bf61490df06\",\"t\":1791216206368}","source":"console","time":"2026-10-05T16:03:26Z"}
{"level":"info","msg":"{\"ev\":\"accepted\",\"id\":\"75f9dbf6-4a1b-41c6-ace9-c80220b9938f\",\"t\":1791216207176}","source":"console","time":"2026-10-05T16:03:27Z"}
{"level":"info","msg":"{\"ev\":\"accepted\",\"id\":\"bd3f7883-9f57-41da-8d56-5e042aa08317\",\"t\":1791216207914}","source":"console","time":"2026-10-05T16:03:27Z"}
{"level":"info","msg":"{\"ev\":\"accepted\",\"id\":\"1e824993-3f21-4f2f-956b-72462fac8964\",\"t\":1791216208685}","source":"console","time":"2026-10-05T16:03:28Z"}
{"level":"info","msg":"{\"ev\":\"accepted\",\"id\":\"4c155590-f816-4e79-bad3-a2da7b26ddde\",\"t\":1791216209447}","source":"console","time":"2026-10-05T16:03:29Z"}
{"level":"info","msg":"{\"ev\":\"accepted\",\"id\":\"fd3d713a-0a4b-4c2c-b31f-2ac74be0694b\",\"t\":1791216210246}","source":"console","time":"2026-10-05T16:03:30Z"}
{"level":"info","msg":"{\"ev\":\"accepted\",\"id\":\"cccfcb92-a1b0-48b4-ab1c-594fd85b1c75\",\"t\":1791216211002}","source":"console","time":"2026-10-05T16:03:31Z"}
{"level":"info","msg":"{\"ev\":\"accepted\",\"id\":\"1d81dc4e-8253-4fe6-a5f1-d54d5817d6ad\",\"t\":1791216211765}","source":"console","time":"2026-10-05T16:03:31Z"}
{"level":"info","msg":"{\"ev\":\"accepted\",\"id\":\"b3e0bd6e-232e-4d94-bd91-311c0ebf0267\",\"t\":1791216212523}","source":"console","time":"2026-10-05T16:03:32Z"}
{"level":"info","msg":"{\"ev\":\"accepted\",\"id\":\"7e096bad-c4da-4606-a57d-8764f2c2c971\",\"t\":1791216213293}","source":"console","time":"2026-10-05T16:03:33Z"}
{"level":"info","msg":"{\"ev\":\"accepted\",\"id\":\"34192fb2-b0ff-4ac9-8056-da5673f885ca\",\"t\":1791216214063}","source":"console","time":"2026-10-05T16:03:34Z"}
{"level":"info","msg":"{\"ev\":\"accepted\",\"id\":\"5bf90299-6748-4da1-854c-4fde66de85fd\",\"t\":1791216214862}","source":"console","time":"2026-10-05T16:03:34Z"}
{"level":"info","msg":"{\"ev\":\"accepted\",\"id\":\"9094e27c-3d90-4aaf-b041-d75aca61c355\",\"t\":1791216215597}","source":"console","time":"2026-10-05T16:03:35Z"}
{"level":"info","msg":"{\"ev\":\"accepted\",\"id\":\"b250e1f3-710e-48d5-8be1-74e7a910f92e\",\"t\":1791216216411}","source":"console","time":"2026-10-05T16:03:36Z"}
{"level":"info","msg":"{\"ev\":\"accepted\",\"id\":\"24b0411c-396c-4371-81ef-e1e3c9723011\",\"t\":1791216217145}","source":"console","time":"2026-10-05T16:03:37Z"}
{"level":"info","msg":"{\"ev\":\"accepted\",\"id\":\"a2b2edea-efb2-4f55-982e-8efc535f26f0\",\"t\":1791216217937}","source":"console","time":"2026-10-05T16:03:37Z"}
{"level":"info","msg":"{\"ev\":\"accepted\",\"id\":\"084deab5-0e53-404e-a2ba-bce435b93dc9\",\"t\":1791216218674}","source":"console","time":"2026-10-05T16:03:38Z"}
{"level":"info","msg":"{\"ev\":\"accepted\",\"id\":\"0009f2b4-e68b-4bfa-a52b-f0b779b10df2\",\"t\":1791216219473}","source":"console","time":"2026-10-05T16:03:39Z"}
{"level":"info","msg":"{\"ev\":\"accepted\",\"id\":\"8a02622d-34e9-4253-93be-7bd28c7bb9d3\",\"t\":1791216220216}","source":"console","time":"2026-10-05T16:03:40Z"}
{"level":"info","msg":"{\"ev\":\"accepted\",\"id\":\"8ed32130-ee6b-41a8-b0c7-5a39a54e5a12\",\"t\":1791216221020}","source":"console","time":"2026-10-05T16:03:41Z"}
{"level":"info","msg":"{\"ev\":\"accepted\",\"id\":\"7a988dcb-1dee-4e70-816e-9882cb131fc0\",\"t\":1791216221755}","source":"console","time":"2026-10-05T16:03:41Z"}
{"level":"info","msg":"{\"ev\":\"accepted\",\"id\":\"4a373dc5-21bf-497d-8034-73dd4fad4bb8\",\"t\":1791216222580}","source":"console","time":"2026-10-05T16:03:42Z"}
{"level":"info","msg":"{\"ev\":\"accepted\",\"id\":\"af1623b1-6ad3-4737-b032-2cc1ebf8e2e5\",\"t\":1791216223295}","source":"console","time":"2026-10-05T16:03:43Z"}
{"level":"info","msg":"{\"ev\":\"accepted\",\"id\":\"6d3b26c3-a516-4f73-bb18-80a5818878e7\",\"t\":1791216224064}","source":"console","time":"2026-10-05T16:03:44Z"}
{"level":"info","msg":"{\"ev\":\"accepted\",\"id\":\"86d2a06f-8497-4aea-aba5-9643c4d29859\",\"t\":1791216224824}","source":"console","time":"2026-10-05T16:03:44Z"}
{"level":"info","msg":"{\"ev\":\"accepted\",\"id\":\"54fa586d-e257-4c88-855e-9fe7d365afb0\",\"t\":1791216225610}","source":"console","time":"2026-10-05T16:03:45Z"}
{"level":"info","msg":"{\"ev\":\"accepted\",\"id\":\"77ce0b84-6e1f-45c2-91a8-bdd643b3fe1c\",\"t\":1791216226377}","source":"console","time":"2026-10-05T16:03:46Z"}
{"level":"info","msg":"{\"ev\":\"accepted\",\"id\":\"96a3ee2a-ad05-4e0d-bdaa-743a4cc06a24\",\"t\":1791216227139}","source":"console","time":"2026-10-05T16:03:47Z"}
{"level":"info","msg":"{\"ev\":\"accepted\",\"id\":\"2e8121dc-86a3-427f-9aa3-321d0398ba6a\",\"t\":1791216227919}","source":"console","time":"2026-10-05T16:03:47Z"}
{"level":"info","msg":"{\"ev\":\"accepted\",\"id\":\"5aaf0904-921f-48be-a991-225eb0a0746c\",\"t\":1791216228687}","source":"console","time":"2026-10-05T16:03:48Z"}
{"level":"info","msg":"{\"ev\":\"accepted\",\"id\":\"365390dc-4e6e-4b2f-bb16-799b471f6881\",\"t\":1791216229448}","source":"console","time":"2026-10-05T16:03:49Z"}
{"level":"info","msg":"{\"ev\":\"accepted\",\"id\":\"bbe4b478-32b7-40be-9da9-b8949f457c8a\",\"t\":1791216230245}","source":"console","time":"2026-10-05T16:03:50Z"}
{"level":"info","msg":"{\"ev\":\"accepted\",\"id\":\"7a0da67e-a81f-4a94-8943-731e5a4a8d0b\",\"t\":1791216230982}","source":"console","time":"2026-10-05T16:03:50Z"}
{"level":"info","msg":"{\"ev\":\"accepted\",\"id\":\"b3c53093-1fb2-4543-9794-f4223847adbc\",\"t\":1791216231765}","source":"console","time":"2026-10-05T16:03:51Z"}
{"level":"info","msg":"{\"ev\":\"accepted\",\"id\":\"7329a48f-2465-43bd-b545-427b0f4f01eb\",\"t\":1791216232517}","source":"console","time":"2026-10-05T16:03:52Z"}
{"level":"info","msg":"{\"ev\":\"accepted\",\"id\":\"ec4decc0-fc01-460d-9a73-931d036ecef0\",\"t\":1791216233315}","source":"console","time":"2026-10-05T16:03:53Z"}
{"level":"info","msg":"{\"ev\":\"accepted\",\"id\":\"1bb100a3-6a15-4f29-bd15-f08f5ea74e26\",\"t\":1791216234101}","source":"console","time":"2026-10-05T16:03:54Z"}
{"level":"info","msg":"{\"ev\":\"accepted\",\"id\":\"5b778dad-d8f0-4e23-8d31-910dcefcf421\",\"t\":1791216234873}","source":"console","time":"2026-10-05T16:03:54Z"}
{"level":"info","msg":"{\"ev\":\"accepted\",\"id\":\"4dfb8f77-4457-4902-bbca-d66a9a23d078\",\"t\":1791216235601}","source":"console","time":"2026-10-05T16:03:55Z"}
{"level":"info","msg":"{\"ev\":\"accepted\",\"id\":\"05b63bf1-b55f-4fd3-a69d-799ab3ce65e0\",\"t\":1791216236409}","source":"console","time":"2026-10-05T16:03:56Z"}
{"level":"info","msg":"{\"ev\":\"accepted\",\"id\":\"1521d1bb-9c7c-45d9-a064-236ac7d3368a\",\"t\":1791216237137}","source":"console","time":"2026-10-05T16:03:57Z"}
{"level":"info","msg":"{\"ev\":\"accepted\",\"id\":\"526694ec-98f2-4a47-bcba-1a0f8a84e736\",\"t\":1791216237941}","source":"console","time":"2026-10-05T16:03:57Z"}
{"level":"info","msg":"{\"ev\":\"accepted\",\"id\":\"91eea529-87bb-4ae9-aaf8-c4d6931a3904\",\"t\":1791216238673}","source":"console","time":"2026-10-05T16:03:58Z"}
{"level":"info","msg":"{\"ev\":\"accepted\",\"id\":\"a60aa5b3-8440-491a-b13c-034569ed6134\",\"t\":1791216239479}","source":"console","time":"2026-10-05T16:03:59Z"}
{"level":"info","msg":"{\"ev\":\"accepted\",\"id\":\"3ebc3d61-3df7-4ff7-a823-f6594c7b7ee1\",\"t\":1791216240212}","source":"console","time":"2026-10-05T16:04:00Z"}
{"level":"info","msg":"{\"ev\":\"accepted\",\"id\":\"c3e11375-bfe3-466e-9a74-cc1709bf6458\",\"t\":1791216241015}","source":"console","time":"2026-10-05T16:04:01Z"}
{"level":"info","msg":"{\"ev\":\"accepted\",\"id\":\"eb7c4493-b849-409d-9297-30cbce77db5a\",\"t\":1791216241755}","source":"console","time":"2026-10-05T16:04:01Z"}
{"level":"info","msg":"{\"ev\":\"accepted\",\"id\":\"e2de4e1a-27ef-4cd4-bc70-eb88cfff9a3d\",\"t\":1791216242549}","source":"console","time":"2026-10-05T16:04:02Z"}
{"level":"info","msg":"{\"ev\":\"accepted\",\"id\":\"3e3e9677-983c-4715-889f-d762e0357557\",\"t\":1791216243282}","source":"console","time":"2026-10-05T16:04:03Z"}
{"level":"info","msg":"{\"ev\":\"accepted\",\"id\":\"018e339a-3322-4b8c-804c-f3d87f2aaf53\",\"t\":1791216244071}","source":"console","time":"2026-10-05T16:04:04Z"}
{"level":"info","msg":"{\"ev\":\"accepted\",\"id\":\"b20e231f-b614-47b7-870a-99414988e5cf\",\"t\":1791216244846}","source":"console","time":"2026-10-05T16:04:04Z"}
{"level":"info","msg":"{\"ev\":\"accepted\",\"id\":\"68dc38df-b06b-43ff-9c21-59997b6dbbaf\",\"t\":1791216245647}","source":"console","time":"2026-10-05T16:04:05Z"}
{"level":"info","msg":"{\"ev\":\"accepted\",\"id\":\"aa19cd3e-d5ee-4ca3-91a7-f03b3ab3dcd7\",\"t\":1791216246364}","source":"console","time":"2026-10-05T16:04:06Z"}
{"level":"info","msg":"{\"ev\":\"accepted\",\"id\":\"6352222e-bf5f-4f6c-9a07-2a241792f939\",\"t\":1791216247170}","source":"console","time":"2026-10-05T16:04:07Z"}
{"level":"info","msg":"{\"ev\":\"accepted\",\"id\":\"94647a3e-77f3-49d8-a553-0b7f9c9e7534\",\"t\":1791216247906}","source":"console","time":"2026-10-05T16:04:07Z"}
{"level":"info","msg":"{\"ev\":\"accepted\",\"id\":\"7aadf902-dca0-42d3-8cdc-28a658582209\",\"t\":1791216248710}","source":"console","time":"2026-10-05T16:04:08Z"}
{"level":"info","msg":"{\"ev\":\"accepted\",\"id\":\"ca94523d-52e6-4dcd-b139-dedd0a9b7db1\",\"t\":1791216249443}","source":"console","time":"2026-10-05T16:04:09Z"}
{"level":"info","msg":"{\"ev\":\"accepted\",\"id\":\"b19d7991-3543-4b59-8550-148272456543\",\"t\":1791216250228}","source":"console","time":"2026-10-05T16:04:10Z"}
{"level":"info","msg":"{\"ev\":\"accepted\",\"id\":\"449e02ca-a70e-4c4d-923c-6895b5a40458\",\"t\":1791216250982}","source":"console","time":"2026-10-05T16:04:10Z"}
{"level":"info","msg":"{\"ev\":\"accepted\",\"id\":\"90b66c6a-d513-45a3-b0d0-0b9d2ce8b230\",\"t\":1791216251752}","source":"console","time":"2026-10-05T16:04:11Z"}
{"level":"info","msg":"{\"ev\":\"accepted\",\"id\":\"20cabd59-a704-4c31-974b-6db524b998f2\",\"t\":1791216252518}","source":"console","time":"2026-10-05T16:04:12Z"}
{"level":"info","msg":"{\"ev\":\"accepted\",\"id\":\"79eb4d46-48f9-4265-8ae7-3abe7b4d11e2\",\"t\":1791216253289}","source":"console","time":"2026-10-05T16:04:13Z"}
{"level":"info","msg":"{\"ev\":\"accepted\",\"id\":\"181d202a-8c15-49a7-b31a-616f849ee076\",\"t\":1791216254052}","source":"console","time":"2026-10-05T16:04:14Z"}
{"level":"info","msg":"{\"ev\":\"accepted\",\"id\":\"591ddf49-4d48-4572-995e-816e2d152d57\",\"t\":1791216254838}","source":"console","time":"2026-10-05T16:04:14Z"}
{"level":"info","msg":"{\"ev\":\"accepted\",\"id\":\"cf846a2d-d1aa-4c36-b3f6-ff54e09b7596\",\"t\":1791216255595}","source":"console","time":"2026-10-05T16:04:15Z"}
{"level":"info","msg":"{\"ev\":\"accepted\",\"id\":\"15239571-2741-4930-99c7-1b5ca6d05d2e\",\"t\":1791216256384}","source":"console","time":"2026-10-05T16:04:16Z"}
{"level":"info","msg":"{\"ev\":\"accepted\",\"id\":\"c7d97304-ab59-4333-bde3-66dec37f4cfd\",\"t\":1791216257174}","source":"console","time":"2026-10-05T16:04:17Z"}
{"level":"info","msg":"{\"ev\":\"accepted\",\"id\":\"21bf5ad0-c18c-480a-8584-60dc860e2893\",\"t\":1791216257947}","source":"console","time":"2026-10-05T16:04:17Z"}
{"level":"info","msg":"{\"ev\":\"accepted\",\"id\":\"86867cfd-3241-4fa6-b14a-f1c9cec8d6f8\",\"t\":1791216258677}","source":"console","time":"2026-10-05T16:04:18Z"}
{"level":"info","msg":"{\"ev\":\"accepted\",\"id\":\"cfc6d62e-3fdf-4af2-8411-7460e41275c0\",\"t\":1791216259470}","source":"console","time":"2026-10-05T16:04:19Z"}
{"level":"info","msg":"{\"ev\":\"accepted\",\"id\":\"7e8cde66-6d10-426d-bbee-21e84553cdd9\",\"t\":1791216260217}","source":"console","time":"2026-10-05T16:04:20Z"}
{"level":"info","msg":"{\"ev\":\"accepted\",\"id\":\"e2288f34-86b9-4072-b27f-7221c875c9f5\",\"t\":1791216261026}","source":"console","time":"2026-10-05T16:04:21Z"}
